BM,BTG,BWQ,CLJ,CT,DMZ,FSB,GGS,GTQ,HK,HLS,HMS,JJQ,LJG,LK,NJG,PS,QJDQ,QXC,SJY,SMZ,SPY,SWB,SXC,WC,WHK,XH,XJX,YJ,YLJK,YSG,YYL,ZT
0.0149232142857142,0.0146571428571428,0.0158821428571428,0.0171017857142857,0.0151125,0.0161375,0.0159982142857142,0.0157232142857142,0.0098374999999999,0.01555,0.0142767857142857,0.0178053571428571,0.0105392857142857,0.0152285714285714,0.015775,0.0139678571428571,0.0149874999999999,0.0153,0.0166214285714285,0.0139714285714285,0.0152285714285714,0.0150375,0.0163696428571428,0.0138660714285714,0.0141678571428571,0.0167714285714285,0.0164,0.0160714285714285,0.0162625,0.0146732142857142,0.0156178571428571,0.0171517857142857,0.0160107142857142
0.0185589285714285,0.0177535714285714,0.0195107142857142,0.0214625,0.0180589285714285,0.0202910714285714,0.0191357142857142,0.0199839285714285,0.0096714285714285,0.0188232142857142,0.0166017857142857,0.0212482142857142,0.0116982142857142,0.0200803571428571,0.0208321428571428,0.017125,0.0174964285714285,0.0202749999999999,0.0195964285714285,0.0167535714285714,0.0200803571428571,0.0180214285714285,0.0187017857142857,0.0171946428571428,0.0172642857142857,0.0194607142857142,0.0208339285714285,0.0198178571428571,0.0195928571428571,0.0169821428571428,0.0188964285714285,0.0215910714285714,0.0196053571428571
0.0185517857142857,0.0200107142857142,0.0193375,0.0231196428571428,0.0182714285714285,0.0195339285714285,0.0193428571428571,0.0192410714285714,0.0093696428571428,0.0206660714285714,0.0175196428571428,0.0222232142857142,0.0120607142857142,0.0191803571428571,0.0202874999999999,0.0179821428571428,0.0181892857142857,0.0196196428571428,0.0201803571428571,0.0189732142857142,0.0191803571428571,0.0179214285714285,0.0186767857142857,0.0197857142857142,0.0205714285714285,0.0208892857142857,0.0212053571428571,0.0194232142857142,0.0207803571428571,0.0172482142857142,0.0202803571428571,0.0229946428571428,0.0195553571428571
0.0187714285714285,0.0198017857142857,0.0208875,0.01985,0.0197339285714285,0.0216464285714285,0.0207071428571428,0.0217964285714285,0.0094607142857142,0.0206267857142857,0.0190357142857142,0.0218910714285714,0.0109928571428571,0.0217357142857142,0.0224232142857142,0.0207017857142857,0.02015,0.0214482142857142,0.0208642857142857,0.0193535714285714,0.0217357142857142,0.0191035714285714,0.0199732142857142,0.0199053571428571,0.0203410714285714,0.0204821428571428,0.0211446428571428,0.0214946428571428,0.0213285714285714,0.0165214285714285,0.0192517857142857,0.0202214285714285,0.0211392857142857
0.0183053571428571,0.0188803571428571,0.0200017857142857,0.0210553571428571,0.01905,0.0204642857142857,0.0196285714285714,0.0206125,0.0091607142857142,0.0199232142857142,0.0190964285714285,0.0210107142857142,0.0110125,0.0208125,0.0218535714285714,0.0196732142857142,0.0196875,0.0207303571428571,0.0200982142857142,0.0191589285714285,0.0208125,0.0187017857142857,0.0194160714285714,0.0200410714285714,0.0195625,0.0199482142857142,0.0213571428571428,0.0202089285714285,0.0201589285714285,0.0163875,0.0193964285714285,0.0213660714285714,0.0198142857142857
0.0170607142857142,0.0193125,0.0197321428571428,0.0213946428571428,0.0183482142857142,0.0198178571428571,0.0191946428571428,0.0197785714285714,0.0083196428571428,0.0171767857142857,0.0176142857142857,0.0207660714285714,0.0117071428571428,0.0201678571428571,0.0206732142857142,0.0191696428571428,0.0181928571428571,0.0201892857142857,0.0194196428571428,0.0196625,0.0201678571428571,0.0180678571428571,0.0182392857142857,0.0200321428571428,0.0209071428571428,0.0198875,0.0191803571428571,0.0198625,0.0192232142857142,0.0164107142857142,0.0185428571428571,0.0216803571428571,0.0192
0.016225,0.0200803571428571,0.0186589285714285,0.0223857142857142,0.0170946428571428,0.0176035714285714,0.01775,0.0173982142857142,0.0075535714285714,0.0192910714285714,0.0173571428571428,0.0214142857142857,0.01295,0.0170642857142857,0.0222696428571428,0.0194535714285714,0.0185357142857142,0.0201107142857142,0.0194178571428571,0.0199160714285714,0.0170642857142857,0.0171857142857142,0.0189107142857142,0.0201910714285714,0.0209875,0.0208589285714285,0.0209035714285714,0.0186607142857142,0.0201678571428571,0.0160375,0.0198196428571428,0.0227857142857142,0.0181035714285714
0.0188321428571428,0.0193410714285714,0.0205732142857142,0.022625,0.0197446428571428,0.0202660714285714,0.0207589285714285,0.0195464285714285,0.0093428571428571,0.0198625,0.0182660714285714,0.0216285714285714,0.0132482142857142,0.0198839285714285,0.0213,0.0191696428571428,0.0191232142857142,0.0206714285714285,0.0207964285714285,0.01955,0.0198839285714285,0.0191303571428571,0.0193982142857142,0.0199714285714285,0.0199410714285714,0.0209482142857142,0.0206214285714285,0.0209482142857142,0.0204482142857142,0.0170875,0.019425,0.0227089285714285,0.0201946428571428
0.0176982142857142,0.0179964285714285,0.0191535714285714,0.0212357142857142,0.0179464285714285,0.0197517857142857,0.0193732142857142,0.0196821428571428,0.0105428571428571,0.0183696428571428,0.0174589285714285,0.0200464285714285,0.0145071428571428,0.0197785714285714,0.0197678571428571,0.0178375,0.0181160714285714,0.0192857142857142,0.0193482142857142,0.0178071428571428,0.0197785714285714,0.0182464285714285,0.0181696428571428,0.0184732142857142,0.0190249999999999,0.0188482142857142,0.0196839285714285,0.0201553571428571,0.0191714285714285,0.0177017857142857,0.0183125,0.0212142857142857,0.0197339285714285
0.0173446428571428,0.0191517857142857,0.0196625,0.0216660714285714,0.0183,0.0205428571428571,0.0192928571428571,0.0207732142857142,0.0099089285714285,0.0198267857142857,0.0182821428571428,0.0214660714285714,0.0138767857142857,0.0206089285714285,0.0210142857142857,0.0189357142857142,0.0190857142857142,0.0204,0.0188285714285714,0.0187357142857142,0.0206089285714285,0.0180017857142857,0.0191196428571428,0.0193928571428571,0.0202428571428571,0.0206357142857142,0.0212232142857142,0.0203303571428571,0.0201,0.0175607142857142,0.01935,0.0219160714285714,0.0195160714285714
0.0157928571428571,0.0195178571428571,0.0171142857142857,0.0196142857142857,0.0161785714285714,0.0167982142857142,0.0172607142857142,0.0169160714285714,0.0089589285714285,0.0196267857142857,0.0165482142857142,0.0208053571428571,0.0133339285714285,0.0168160714285714,0.0186196428571428,0.0173107142857142,0.0171821428571428,0.0183714285714285,0.0174125,0.0190428571428571,0.0168160714285714,0.0160214285714285,0.0171732142857142,0.0194446428571428,0.0207678571428571,0.0198339285714285,0.0189142857142857,0.0174017857142857,0.0190821428571428,0.0165553571428571,0.0177517857142857,0.0198285714285714,0.0169464285714285
0.01615,0.0177142857142857,0.0179857142857142,0.0195464285714285,0.0167285714285714,0.0182107142857142,0.0176178571428571,0.0183803571428571,0.0085464285714285,0.0183089285714285,0.0173125,0.0199125,0.0137446428571428,0.0179964285714285,0.0179607142857142,0.0170535714285714,0.0179839285714285,0.0178678571428571,0.0177517857142857,0.0172392857142857,0.0179964285714285,0.0168696428571428,0.0182321428571428,0.0176732142857142,0.0183857142857142,0.0185892857142857,0.0182696428571428,0.0182053571428571,0.0182857142857142,0.0159232142857142,0.0166214285714285,0.0198071428571428,0.0179124999999999
0.0149142857142857,0.0166660714285714,0.0170267857142857,0.0178714285714285,0.0156678571428571,0.0183214285714285,0.0168875,0.0181678571428571,0.0077321428571428,0.0159339285714285,0.0120089285714285,0.0173946428571428,0.0126946428571428,0.0181285714285714,0.0158875,0.0131071428571428,0.0129196428571428,0.0148428571428571,0.0165178571428571,0.017025,0.0181285714285714,0.0169017857142857,0.0160410714285714,0.0170160714285714,0.0183535714285714,0.0171,0.0154821428571428,0.0187053571428571,0.0157535714285714,0.0160357142857142,0.0154321428571428,0.0182767857142857,0.0178678571428571
0.0144875,0.0145964285714285,0.0162446428571428,0.0155249999999999,0.0151446428571428,0.0162267857142857,0.0157642857142857,0.0164071428571428,0.0064160714285714,0.0152232142857142,0.0143410714285714,0.0156178571428571,0.0121571428571428,0.0162910714285714,0.0162446428571428,0.0150392857142857,0.0150660714285714,0.0155339285714285,0.0160071428571428,0.0147303571428571,0.0162910714285714,0.0151714285714285,0.0164857142857142,0.0147053571428571,0.0153107142857142,0.0146017857142857,0.0154660714285714,0.0164589285714285,0.0152874999999999,0.0149392857142857,0.0151428571428571,0.0158232142857142,0.0160553571428571
0.0145732142857142,0.0155053571428571,0.0161446428571428,0.0176196428571428,0.0148803571428571,0.0177464285714285,0.0160375,0.0181857142857142,0.0069178571428571,0.0175410714285714,0.0159982142857142,0.0183482142857142,0.0116089285714285,0.0183107142857142,0.0169607142857142,0.0162857142857142,0.0168285714285714,0.0160517857142857,0.0159892857142857,0.0154303571428571,0.0183107142857142,0.0163375,0.0171321428571428,0.0148982142857142,0.0158660714285714,0.0169178571428571,0.0165392857142857,0.0176464285714285,0.0174892857142857,0.0143464285714285,0.0168089285714285,0.0177089285714285,0.0171321428571428
0.0139,0.0152642857142857,0.0149053571428571,0.0157125,0.0143660714285714,0.0164678571428571,0.0154196428571428,0.0170232142857142,0.0063375,0.015475,0.0141196428571428,0.0158107142857142,0.0114553571428571,0.0174357142857142,0.0149357142857142,0.0145125,0.0150517857142857,0.0141749999999999,0.0154785714285714,0.0150928571428571,0.0174357142857142,0.0150464285714285,0.0158035714285714,0.0156125,0.0157125,0.0152196428571428,0.0146714285714285,0.0161964285714285,0.0147678571428571,0.0143875,0.0147553571428571,0.0158267857142857,0.0155857142857142
0.0123178571428571,0.0129267857142857,0.0128785714285714,0.0098857142857142,0.0123392857142857,0.0127392857142857,0.0130714285714285,0.0121535714285714,0.0060071428571428,0.0109267857142857,0.0089964285714285,0.0128035714285714,0.0112160714285714,0.0126446428571428,0.0084,0.0092375,0.0101196428571428,0.0089428571428571,0.0133196428571428,0.0142428571428571,0.0126446428571428,0.0119875,0.0125482142857142,0.0138785714285714,0.0154660714285714,0.0117767857142857,0.0093035714285714,0.0130303571428571,0.0106857142857142,0.0150428571428571,0.0096910714285714,0.0097892857142857,0.0126767857142857
0.0095910714285714,0.0092053571428571,0.0105803571428571,0.0093142857142857,0.010025,0.0105142857142857,0.0104964285714285,0.0106696428571428,0.00565,0.008525,0.0079982142857142,0.0097303571428571,0.0106875,0.0108928571428571,0.0082625,0.0082714285714285,0.0085517857142857,0.0085482142857142,0.0109607142857142,0.0090964285714285,0.0108928571428571,0.0101857142857142,0.0097607142857142,0.0092339285714285,0.0098,0.0090642857142857,0.0085821428571428,0.0108053571428571,0.0088482142857142,0.0133035714285714,0.0089892857142857,0.0093160714285714,0.0106321428571428
0.0083678571428571,0.007875,0.0098928571428571,0.0083375,0.0089678571428571,0.0096892857142857,0.0096535714285714,0.010675,0.0051178571428571,0.0076410714285714,0.0074053571428571,0.0084696428571428,0.0085071428571428,0.0105875,0.0084178571428571,0.0077678571428571,0.0078196428571428,0.0079107142857142,0.009875,0.0075857142857142,0.0105875,0.0098857142857142,0.0093875,0.0077160714285714,0.0076303571428571,0.007725,0.0078803571428571,0.0095375,0.0079392857142857,0.0112160714285714,0.0078875,0.0084017857142857,0.0097803571428571
0.0094928571428571,0.0088071428571428,0.0108875,0.0106303571428571,0.0101517857142857,0.0110857142857142,0.0108946428571428,0.0110196428571428,0.0039928571428571,0.0086678571428571,0.0092589285714285,0.0090696428571428,0.0068821428571428,0.0110392857142857,0.0096053571428571,0.0092249999999999,0.0096589285714285,0.0099,0.0109910714285714,0.0080875,0.0110392857142857,0.0108982142857142,0.0103232142857142,0.0082982142857142,0.0083553571428571,0.0083589285714285,0.0096035714285714,0.010725,0.0094267857142857,0.0103285714285714,0.0098714285714285,0.0107517857142857,0.0106214285714285
0.0075928571428571,0.0075178571428571,0.0078696428571428,0.008,0.0072803571428571,0.0076660714285714,0.0077589285714285,0.0082875,0.0021482142857142,0.0075803571428571,0.0073875,0.0083160714285714,0.0049714285714285,0.0079071428571428,0.0078339285714285,0.0073285714285714,0.0073767857142857,0.0080767857142857,0.0085910714285714,0.0068857142857142,0.0079071428571428,0.0079875,0.0080535714285714,0.0072982142857142,0.0075535714285714,0.0077821428571428,0.0077803571428571,0.0079428571428571,0.0077285714285714,0.0077428571428571,0.0078767857142857,0.0081571428571428,0.007775
0.0067607142857142,0.0058571428571428,0.0071678571428571,0.0069142857142857,0.0067982142857142,0.0071,0.0072571428571428,0.0073999999999999,0.0016803571428571,0.0062785714285714,0.0062553571428571,0.0061196428571428,0.0055267857142857,0.0072553571428571,0.0064267857142857,0.006375,0.0066589285714285,0.0064160714285714,0.0076,0.0054714285714285,0.0072553571428571,0.0071839285714285,0.0075357142857142,0.0054875,0.0055571428571428,0.0055535714285714,0.0062267857142857,0.0071,0.0060624999999999,0.0080160714285714,0.0064,0.0070517857142857,0.0070553571428571
0.0071732142857142,0.0061589285714285,0.0074339285714285,0.0059160714285714,0.0070660714285714,0.0073839285714285,0.0075910714285714,0.0077125,0.0017446428571428,0.0063053571428571,0.0062875,0.0066499999999999,0.0052035714285714,0.0074410714285714,0.0060267857142857,0.0061107142857142,0.0066607142857142,0.0062446428571428,0.0079035714285714,0.0055571428571428,0.0074410714285714,0.0073928571428571,0.0074053571428571,0.0057964285714285,0.0059410714285714,0.0061410714285714,0.0054196428571428,0.0073303571428571,0.0055,0.0072803571428571,0.0055589285714285,0.0060446428571428,0.0073607142857142
0.0062267857142857,0.0053446428571428,0.0071678571428571,0.0055982142857142,0.0067857142857142,0.0075517857142857,0.0072535714285714,0.0077839285714285,0.0021214285714285,0.0053124999999999,0.0050053571428571,0.0053553571428571,0.0050339285714285,0.007475,0.0050517857142857,0.0048071428571428,0.0054053571428571,0.0048482142857142,0.0074803571428571,0.0050446428571428,0.007475,0.0074678571428571,0.0068232142857142,0.0049035714285714,0.0054303571428571,0.0049892857142857,0.0048267857142857,0.007325,0.0046857142857142,0.0073607142857142,0.0049339285714285,0.0056732142857142,0.0073839285714285
0.0059196428571428,0.0045714285714285,0.0069767857142857,0.0052767857142857,0.0064821428571428,0.0076285714285714,0.0071678571428571,0.0080535714285714,0.0021249999999999,0.0048214285714285,0.0047392857142857,0.0047392857142857,0.0063160714285714,0.0075946428571428,0.0047482142857142,0.0048053571428571,0.0049999999999999,0.0048232142857142,0.0068053571428571,0.0043732142857142,0.0075946428571428,0.0077464285714285,0.0069946428571428,0.0042017857142857,0.0045803571428571,0.0042428571428571,0.0043892857142857,0.0076071428571428,0.0043339285714285,0.0086214285714285,0.0044303571428571,0.0052946428571428,0.0077285714285714
0.0067232142857142,0.0058214285714285,0.0072964285714285,0.0066589285714285,0.0067714285714285,0.0072196428571428,0.0074285714285714,0.0076571428571428,0.0015642857142857,0.0060660714285714,0.0060821428571428,0.0066107142857142,0.0044428571428571,0.0076,0.0063660714285714,0.0058857142857142,0.0065428571428571,0.0064821428571428,0.0077910714285714,0.0051339285714285,0.0076,0.0075625,0.0077714285714285,0.0052857142857142,0.0054607142857142,0.0062375,0.0060892857142857,0.0074535714285714,0.0061107142857142,0.0071285714285714,0.0060035714285714,0.0067714285714285,0.0075267857142857
0.0058428571428571,0.0042446428571428,0.0062160714285714,0.0046785714285714,0.0058446428571428,0.0059410714285714,0.006175,0.0059982142857142,0.0010607142857142,0.0047660714285714,0.0048178571428571,0.0048232142857142,0.0038321428571428,0.0055642857142857,0.0044428571428571,0.0045214285714285,0.0053285714285714,0.0047321428571428,0.0068428571428571,0.0036,0.0055642857142857,0.0059785714285714,0.0065410714285714,0.0036428571428571,0.0037678571428571,0.0039767857142857,0.0041071428571428,0.0061232142857142,0.003975,0.0061392857142857,0.0040714285714285,0.0047303571428571,0.0059857142857142
0.0045535714285714,0.0030946428571428,0.0055196428571428,0.0038767857142857,0.0052196428571428,0.0058285714285714,0.0057285714285714,0.0059678571428571,0.0012071428571428,0.0033892857142857,0.0039464285714285,0.0036214285714285,0.0044410714285714,0.0057624999999999,0.0035446428571428,0.0036446428571428,0.0043071428571428,0.0037357142857142,0.0056446428571428,0.0026214285714285,0.0057624999999999,0.0059089285714285,0.0052375,0.0026214285714285,0.00275,0.0031125,0.0030946428571428,0.0058339285714285,0.0032392857142857,0.0060232142857142,0.0030517857142857,0.0039053571428571,0.0058803571428571
0.0052035714285714,0.0039642857142857,0.0055375,0.0047178571428571,0.0052160714285714,0.0056035714285714,0.0058339285714285,0.0057535714285714,0.0011571428571428,0.0041428571428571,0.0045,0.0042910714285714,0.0041321428571428,0.0053553571428571,0.0045875,0.0046107142857142,0.0049357142857142,0.0046732142857142,0.0060910714285714,0.0035107142857142,0.0053553571428571,0.0057071428571428,0.0056285714285714,0.0035571428571428,0.0040232142857142,0.0037285714285714,0.0039446428571428,0.0056357142857142,0.0039267857142857,0.0056142857142857,0.0040482142857142,0.0048125,0.0057107142857142
0.0055482142857142,0.0043321428571428,0.0063107142857142,0.0051267857142857,0.0059571428571428,0.0064553571428571,0.00645,0.0070357142857142,0.0016214285714285,0.0042035714285714,0.0048928571428571,0.0048892857142857,0.004175,0.0068464285714285,0.0050642857142857,0.0045160714285714,0.0053357142857142,0.0051285714285714,0.0066625,0.0033785714285714,0.0068464285714285,0.0067142857142857,0.0059107142857142,0.0037267857142857,0.0035892857142857,0.0045857142857142,0.0046392857142857,0.0065910714285714,0.0046625,0.0056035714285714,0.0043,0.0052178571428571,0.0066928571428571
0.0049392857142857,0.0042660714285714,0.0057464285714285,0.0051964285714285,0.0054214285714285,0.0062910714285714,0.0058,0.0067035714285714,0.0012303571428571,0.0044625,0.0044375,0.0046357142857142,0.0041910714285714,0.0064160714285714,0.0047178571428571,0.0045196428571428,0.0048357142857142,0.0047374999999999,0.0059660714285714,0.0034482142857142,0.0064160714285714,0.0063785714285714,0.0056035714285714,0.0036928571428571,0.0038303571428571,0.0043749999999999,0.0044946428571428,0.0061375,0.0044196428571428,0.0058071428571428,0.0044,0.0052964285714285,0.0062071428571428
0.0057785714285714,0.0050410714285714,0.0068892857142857,0.0048892857142857,0.0063982142857142,0.0072196428571428,0.0070035714285714,0.0073999999999999,0.0012839285714285,0.0050017857142857,0.0048696428571428,0.0055749999999999,0.0043178571428571,0.0072946428571428,0.0045625,0.0046053571428571,0.0052928571428571,0.0047482142857142,0.0071982142857142,0.0041910714285714,0.0072946428571428,0.0073357142857142,0.0060821428571428,0.0045071428571428,0.0047321428571428,0.0052178571428571,0.0047678571428571,0.0071625,0.0052303571428571,0.0057767857142857,0.0049089285714285,0.0049357142857142,0.0073214285714285
0.0047017857142857,0.0037660714285714,0.0055339285714285,0.0040857142857142,0.0051357142857142,0.0053803571428571,0.0055714285714285,0.0056660714285714,0.0010625,0.0038035714285714,0.0036946428571428,0.0041160714285714,0.0040428571428571,0.0055982142857142,0.0038375,0.0036535714285714,0.0040428571428571,0.0039660714285714,0.0056821428571428,0.0031089285714285,0.0055982142857142,0.0056035714285714,0.0046339285714285,0.0033321428571428,0.0034589285714285,0.0039214285714285,0.0039392857142857,0.0056142857142857,0.0041446428571428,0.0054017857142857,0.0041446428571428,0.0041589285714285,0.0056696428571428
0.0042017857142857,0.0037892857142857,0.0052071428571428,0.00395,0.0048125,0.0050517857142857,0.0052482142857142,0.00585,0.0013196428571428,0.0037821428571428,0.0034196428571428,0.004025,0.0039339285714285,0.0057089285714285,0.0037803571428571,0.0035696428571428,0.0037571428571428,0.0037267857142857,0.0050196428571428,0.0030160714285714,0.0057089285714285,0.0054928571428571,0.0044357142857142,0.0033089285714285,0.0034464285714285,0.0039357142857142,0.0037785714285714,0.0053732142857142,0.0038821428571428,0.0052035714285714,0.0038607142857142,0.0040142857142857,0.0053589285714285
0.005025,0.0047660714285714,0.0056946428571428,0.0047785714285714,0.0052964285714285,0.0057678571428571,0.0057875,0.0060660714285714,0.0012107142857142,0.0045839285714285,0.0041982142857142,0.0050946428571428,0.0034107142857142,0.0061089285714285,0.0047607142857142,0.0044821428571428,0.0046053571428571,0.0047571428571428,0.0057607142857142,0.0038607142857142,0.0061089285714285,0.0059089285714285,0.0051964285714285,0.0042017857142857,0.0042499999999999,0.0049267857142857,0.0047285714285714,0.0060196428571428,0.0048196428571428,0.0039642857142857,0.0047625,0.0048839285714285,0.0058589285714285
0.0039714285714285,0.0032803571428571,0.0048482142857142,0.0038107142857142,0.0044946428571428,0.0050446428571428,0.0048285714285714,0.0058660714285714,0.0015107142857142,0.0034535714285714,0.0031214285714285,0.0036125,0.0036999999999999,0.0057624999999999,0.0036214285714285,0.0033214285714285,0.0034785714285714,0.0033464285714285,0.0048446428571428,0.0027857142857142,0.0057624999999999,0.0054017857142857,0.0044982142857142,0.0028232142857142,0.0027625,0.0033892857142857,0.0036910714285714,0.0051571428571428,0.0036517857142857,0.0042892857142857,0.0037357142857142,0.003875,0.0050285714285714
0.0053589285714285,0.0049839285714285,0.0058392857142857,0.0054589285714285,0.0052946428571428,0.0062017857142857,0.0056696428571428,0.0059767857142857,0.0015732142857142,0.0052285714285714,0.0048107142857142,0.0054857142857142,0.0041732142857142,0.0057607142857142,0.0052214285714285,0.0047946428571428,0.0051375,0.0047446428571428,0.0058982142857142,0.0042875,0.0057607142857142,0.0059696428571428,0.0056160714285714,0.0043035714285714,0.0043428571428571,0.0049696428571428,0.0051249999999999,0.0060339285714285,0.0049785714285714,0.0053625,0.0051071428571428,0.0055321428571428,0.005975
0.0071767857142857,0.0057303571428571,0.0075982142857142,0.0075607142857142,0.0071410714285714,0.0082303571428571,0.0076625,0.0081714285714285,0.0014892857142857,0.0065107142857142,0.0066875,0.0068232142857142,0.0036374999999999,0.0076160714285714,0.0076785714285714,0.0067714285714285,0.00725,0.0069696428571428,0.0081,0.0047160714285714,0.0076160714285714,0.0077624999999999,0.0075607142857142,0.0045821428571428,0.0047446428571428,0.0063178571428571,0.0068125,0.0078303571428571,0.00665,0.0045125,0.0068214285714285,0.0077410714285714,0.0077303571428571
0.0105535714285714,0.0099857142857142,0.0118428571428571,0.0114464285714285,0.0112125,0.0126607142857142,0.0120267857142857,0.0124803571428571,0.0017410714285714,0.0109232142857142,0.0087446428571428,0.0116160714285714,0.0040821428571428,0.0113017857142857,0.0118892857142857,0.0096732142857142,0.0096892857142857,0.0110625,0.0113375,0.0086892857142857,0.0113017857142857,0.0120517857142857,0.0106982142857142,0.0088339285714285,0.0089267857142857,0.0103428571428571,0.0112785714285714,0.0121196428571428,0.0109660714285714,0.0049732142857142,0.0113,0.0116875,0.01215
0.0087857142857142,0.0059660714285714,0.0105839285714285,0.0062642857142857,0.010025,0.0106678571428571,0.0109392857142857,0.0108624999999999,0.0023589285714285,0.0062464285714285,0.0064571428571428,0.00695,0.0052946428571428,0.0106125,0.0062142857142857,0.0063357142857142,0.0072392857142857,0.0062303571428571,0.0100946428571428,0.0053571428571428,0.0106125,0.0107035714285714,0.0085678571428571,0.0053910714285714,0.0055285714285714,0.0064089285714285,0.0061142857142857,0.0108517857142857,0.0064589285714285,0.0062053571428571,0.0061553571428571,0.0063625,0.0106357142857142
0.0081642857142857,0.00805,0.0091607142857142,0.0083946428571428,0.0086642857142857,0.0085375,0.0093767857142857,0.0088571428571428,0.0032607142857142,0.0084946428571428,0.0078375,0.0088964285714285,0.0067428571428571,0.0089267857142857,0.0087910714285714,0.008,0.0082928571428571,0.0082053571428571,0.0094642857142857,0.0066464285714285,0.0089267857142857,0.009125,0.0085839285714285,0.007075,0.0068339285714285,0.0083767857142857,0.0082517857142857,0.009275,0.0081232142857142,0.0080946428571428,0.0080660714285714,0.0086339285714285,0.0091964285714285
0.0077678571428571,0.0059767857142857,0.0084875,0.0077678571428571,0.0082982142857142,0.0088178571428571,0.0089089285714285,0.0089321428571428,0.0041696428571428,0.0063482142857142,0.0070892857142857,0.0066089285714285,0.0069839285714285,0.0089321428571428,0.0084196428571428,0.0077357142857142,0.007475,0.0075714285714285,0.0090553571428571,0.0052375,0.0089321428571428,0.008775,0.0084928571428571,0.0051982142857142,0.0052035714285714,0.0061625,0.0073785714285714,0.0086964285714285,0.0070089285714285,0.0075071428571428,0.0073017857142857,0.0079160714285714,0.0088035714285714
0.0097357142857142,0.0096125,0.0108357142857142,0.0090714285714285,0.0105392857142857,0.0116089285714285,0.0111464285714285,0.0115410714285714,0.0034839285714285,0.0094,0.0082214285714285,0.0097107142857142,0.0069142857142857,0.0110267857142857,0.0104178571428571,0.0096982142857142,0.00885,0.0093803571428571,0.011375,0.0084767857142857,0.0110267857142857,0.0113339285714285,0.0101196428571428,0.0084714285714285,0.0086857142857142,0.00895,0.0097642857142857,0.0112839285714285,0.0095517857142857,0.0078071428571428,0.0099607142857142,0.0093107142857142,0.0111714285714285
0.0080267857142857,0.0071071428571428,0.0089625,0.0079732142857142,0.0086214285714285,0.0097232142857142,0.0092660714285714,0.0095767857142857,0.0041839285714285,0.00775,0.0074160714285714,0.0081178571428571,0.0073839285714285,0.0094071428571428,0.0084642857142857,0.0079125,0.0076214285714285,0.0082660714285714,0.0093178571428571,0.0066678571428571,0.0094071428571428,0.0097410714285714,0.0084392857142857,0.0065875,0.0064321428571428,0.0076749999999999,0.0079357142857142,0.0096178571428571,0.007825,0.0078196428571428,0.0078089285714285,0.0082035714285714,0.0094678571428571
0.0128178571428571,0.0126071428571428,0.0129232142857142,0.0137392857142857,0.0122839285714285,0.0129982142857142,0.0130678571428571,0.012775,0.0044464285714285,0.0131910714285714,0.0125107142857142,0.0143142857142857,0.006275,0.0124642857142857,0.0141089285714285,0.013825,0.0131071428571428,0.0143821428571428,0.0137803571428571,0.0109035714285714,0.0124642857142857,0.0128803571428571,0.0129232142857142,0.0113303571428571,0.0114839285714285,0.0136910714285714,0.014125,0.0131125,0.0136910714285714,0.0077303571428571,0.0135714285714285,0.0142517857142857,0.0129303571428571
0.0094392857142857,0.0084803571428571,0.0098196428571428,0.0082857142857142,0.0093446428571428,0.0102178571428571,0.0098714285714285,0.0102732142857142,0.0029053571428571,0.0083178571428571,0.0084178571428571,0.0089321428571428,0.0071857142857142,0.0090839285714285,0.0083678571428571,0.00865,0.0088714285714285,0.0083607142857142,0.0110285714285714,0.0074892857142857,0.0090839285714285,0.0098910714285714,0.0099071428571428,0.0075607142857142,0.0074642857142857,0.0085196428571428,0.0087160714285714,0.0098553571428571,0.0086910714285714,0.0078535714285714,0.0083696428571428,0.0085875,0.0099428571428571
0.0125089285714285,0.0107089285714285,0.0130785714285714,0.0109982142857142,0.0124589285714285,0.0141607142857142,0.0134910714285714,0.0145321428571428,0.0042035714285714,0.0112607142857142,0.0102178571428571,0.0118785714285714,0.0083696428571428,0.0140642857142857,0.0110803571428571,0.0113339285714285,0.0112625,0.0116035714285714,0.0134267857142857,0.0096910714285714,0.0140642857142857,0.0137321428571428,0.0121964285714285,0.0098749999999999,0.0101589285714285,0.0114875,0.0113107142857142,0.0137928571428571,0.0113160714285714,0.0116678571428571,0.0106071428571428,0.0113517857142857,0.01385
0.0105857142857142,0.0089160714285714,0.0116178571428571,0.0100071428571428,0.0111392857142857,0.0114732142857142,0.0115535714285714,0.0121571428571428,0.0056017857142857,0.0096357142857142,0.0088964285714285,0.0104339285714285,0.0095392857142857,0.0117357142857142,0.0093874999999999,0.0093964285714285,0.0095946428571428,0.0095178571428571,0.0119303571428571,0.00765,0.0117357142857142,0.0115482142857142,0.0110196428571428,0.0077535714285714,0.0072678571428571,0.0098446428571428,0.0100214285714285,0.0112535714285714,0.0105517857142857,0.0122553571428571,0.0096464285714285,0.0102035714285714,0.0114910714285714
0.0124125,0.0118410714285714,0.0139035714285714,0.0126107142857142,0.0133892857142857,0.0140482142857142,0.01385,0.0143964285714285,0.0062660714285714,0.0126446428571428,0.0117535714285714,0.0131857142857142,0.0101267857142857,0.0139982142857142,0.0128553571428571,0.0120767857142857,0.0125928571428571,0.0126303571428571,0.0145321428571428,0.0106196428571428,0.0139982142857142,0.0139142857142857,0.0137142857142857,0.0107892857142857,0.0102214285714285,0.0122321428571428,0.0133303571428571,0.0135482142857142,0.0128017857142857,0.0129607142857142,0.0124910714285714,0.0130374999999999,0.0138875
0.01485,0.0149,0.0152517857142857,0.0160732142857142,0.0149714285714285,0.0158517857142857,0.0156053571428571,0.0163410714285714,0.0076732142857142,0.0159607142857142,0.0141071428571428,0.0167982142857142,0.0103946428571428,0.0161,0.0168964285714285,0.0148303571428571,0.0150285714285714,0.0157392857142857,0.0167517857142857,0.0127035714285714,0.0161,0.0157178571428571,0.0158767857142857,0.0127410714285714,0.0120160714285714,0.0161696428571428,0.0167875,0.0154053571428571,0.016175,0.0145767857142857,0.0153464285714285,0.0165267857142857,0.0157232142857142
0.0160446428571428,0.0163142857142857,0.016275,0.0174410714285714,0.0158875,0.0164071428571428,0.016825,0.0176160714285714,0.0083946428571428,0.0174035714285714,0.0147589285714285,0.0180785714285714,0.0109482142857142,0.0159196428571428,0.0178214285714285,0.0162714285714285,0.0158071428571428,0.0172535714285714,0.0186160714285714,0.0144017857142857,0.0159196428571428,0.0164607142857142,0.0184464285714285,0.0146571428571428,0.0140875,0.0172303571428571,0.0179482142857142,0.0160714285714285,0.01785,0.0140017857142857,0.0168214285714285,0.0177892857142857,0.0167053571428571
0.0149625,0.0144214285714285,0.0162714285714285,0.0160767857142857,0.0158017857142857,0.0164535714285714,0.0165678571428571,0.0173089285714285,0.0084428571428571,0.0154339285714285,0.0129142857142857,0.0162107142857142,0.0124571428571428,0.0162160714285714,0.0165125,0.0155232142857142,0.0137375,0.0158946428571428,0.0174535714285714,0.0124964285714285,0.0162160714285714,0.0163410714285714,0.0163821428571428,0.012475,0.0124107142857142,0.0153696428571428,0.0160821428571428,0.0163107142857142,0.0156678571428571,0.0146214285714285,0.0157035714285714,0.0162964285714285,0.0165767857142857
0.0174999999999999,0.0181125,0.0181375,0.0183017857142857,0.0172875,0.0186303571428571,0.0184053571428571,0.0195982142857142,0.0093089285714285,0.017575,0.0153625,0.0190964285714285,0.0113125,0.0185535714285714,0.0191642857142857,0.0179053571428571,0.0169017857142857,0.0186696428571428,0.0197357142857142,0.0168339285714285,0.0185535714285714,0.0183357142857142,0.0185732142857142,0.0167875,0.0164678571428571,0.0186,0.0192196428571428,0.0179714285714285,0.0185357142857142,0.0148678571428571,0.0167214285714285,0.0188607142857142,0.0182357142857142
0.0183446428571428,0.0196357142857142,0.0191160714285714,0.0190249999999999,0.0184160714285714,0.0197446428571428,0.0188232142857142,0.0201428571428571,0.0091642857142857,0.019425,0.0175821428571428,0.0204,0.0136125,0.0189089285714285,0.0207857142857142,0.0195464285714285,0.0188285714285714,0.0198017857142857,0.0205071428571428,0.0187982142857142,0.0189089285714285,0.0191607142857142,0.0201839285714285,0.0192928571428571,0.0189696428571428,0.0203267857142857,0.0207767857142857,0.0185892857142857,0.020125,0.0169107142857142,0.0191339285714285,0.0194428571428571,0.0193071428571428
0.0187678571428571,0.0201089285714285,0.0190232142857142,0.0197053571428571,0.0183660714285714,0.0193071428571428,0.0190160714285714,0.0190589285714285,0.0068,0.0195160714285714,0.0174035714285714,0.0210785714285714,0.0126428571428571,0.0179178571428571,0.021075,0.0192625,0.0186375,0.0204571428571428,0.02085,0.0192839285714285,0.0179178571428571,0.0183803571428571,0.0188910714285714,0.0193785714285714,0.0189964285714285,0.0210196428571428,0.0209642857142857,0.0182553571428571,0.0201660714285714,0.0152803571428571,0.0192785714285714,0.0201339285714285,0.0187517857142857
0.0168303571428571,0.0210571428571428,0.0173535714285714,0.0196767857142857,0.0165642857142857,0.0190803571428571,0.0177875,0.0197589285714285,0.008875,0.0213625,0.0168857142857142,0.0219321428571428,0.0111607142857142,0.0186196428571428,0.0215160714285714,0.0212142857142857,0.0182875,0.0206357142857142,0.0186178571428571,0.0216767857142857,0.0186196428571428,0.0177125,0.0189553571428571,0.021375,0.0196964285714285,0.0216178571428571,0.0212910714285714,0.0176464285714285,0.0215267857142857,0.0143053571428571,0.0197696428571428,0.0199821428571428,0.0175017857142857
0.0184607142857142,0.0206053571428571,0.0175625,0.0196071428571428,0.0174821428571428,0.0184232142857142,0.0184625,0.0203017857142857,0.0085428571428571,0.0212160714285714,0.0179928571428571,0.0219875,0.0117553571428571,0.0198767857142857,0.0214535714285714,0.0208446428571428,0.0194642857142857,0.0208214285714285,0.0201857142857142,0.0212892857142857,0.0198767857142857,0.0186678571428571,0.0199589285714285,0.0211857142857142,0.0197178571428571,0.0210803571428571,0.0215553571428571,0.0187,0.0212499999999999,0.0155535714285714,0.0201982142857142,0.0201607142857142,0.0181107142857142
0.0178178571428571,0.0198142857142857,0.0173196428571428,0.0199285714285714,0.0170714285714285,0.0178196428571428,0.0182178571428571,0.0187946428571428,0.0069446428571428,0.0212125,0.0181946428571428,0.0220821428571428,0.0137375,0.0177553571428571,0.0202785714285714,0.0203464285714285,0.0194285714285714,0.0201178571428571,0.0191964285714285,0.0197874999999999,0.0177553571428571,0.0178696428571428,0.0185196428571428,0.0189499999999999,0.0182232142857142,0.0206125,0.0211892857142857,0.0181107142857142,0.0196375,0.0162035714285714,0.0200571428571428,0.0201571428571428,0.0176875
0.0156303571428571,0.0208142857142857,0.0167321428571428,0.0186214285714285,0.0162482142857142,0.0190071428571428,0.0172625,0.0195714285714285,0.0086464285714285,0.0198428571428571,0.0169892857142857,0.0206071428571428,0.0136339285714285,0.0182321428571428,0.0203089285714285,0.0191535714285714,0.018525,0.0193410714285714,0.017025,0.0214125,0.0182321428571428,0.0179857142857142,0.0176928571428571,0.0208053571428571,0.0195839285714285,0.0204875,0.0203303571428571,0.0179589285714285,0.0193,0.0166232142857142,0.0199071428571428,0.0190410714285714,0.0171767857142857
0.0156803571428571,0.0206678571428571,0.0168732142857142,0.0179821428571428,0.0161321428571428,0.0199357142857142,0.0174732142857142,0.0210625,0.0084732142857142,0.0196357142857142,0.017725,0.0201910714285714,0.0140410714285714,0.0194910714285714,0.0200267857142857,0.0206464285714285,0.0190875,0.0191125,0.0169714285714285,0.0215767857142857,0.0194910714285714,0.0179785714285714,0.0180553571428571,0.0196803571428571,0.0193071428571428,0.0205803571428571,0.0200178571428571,0.0181142857142857,0.0195803571428571,0.0166017857142857,0.0197642857142857,0.01825,0.0174482142857142
0.0145982142857142,0.0199053571428571,0.0151964285714285,0.0180625,0.0148982142857142,0.0174357142857142,0.0159946428571428,0.0181678571428571,0.0092357142857142,0.0194821428571428,0.0174642857142857,0.0201089285714285,0.0131339285714285,0.0174178571428571,0.0204875,0.0201982142857142,0.0185642857142857,0.0196535714285714,0.0155803571428571,0.0216839285714285,0.0174178571428571,0.0159482142857142,0.0169482142857142,0.0193267857142857,0.0189642857142857,0.019925,0.0196321428571428,0.0164803571428571,0.0191803571428571,0.0162553571428571,0.0201089285714285,0.0184214285714285,0.0153
0.014375,0.0198392857142857,0.0147214285714285,0.0182553571428571,0.0146357142857142,0.0170107142857142,0.0154857142857142,0.0168089285714285,0.0090375,0.0186642857142857,0.0158589285714285,0.0197321428571428,0.0129375,0.0173892857142857,0.0186839285714285,0.0185321428571428,0.0179749999999999,0.0174607142857142,0.0150321428571428,0.0202714285714285,0.0173892857142857,0.0159375,0.0162482142857142,0.0193678571428571,0.0189321428571428,0.0196857142857142,0.01945,0.0162214285714285,0.0196285714285714,0.01655,0.0193571428571428,0.0184107142857142,0.0150517857142857
0.0147339285714285,0.0172214285714285,0.0144767857142857,0.0159375,0.0144,0.0144303571428571,0.0154339285714285,0.0167,0.0106357142857142,0.0172910714285714,0.0130357142857142,0.0188142857142857,0.0120678571428571,0.0176392857142857,0.0147178571428571,0.0149660714285714,0.0158196428571428,0.0146178571428571,0.0155767857142857,0.0168642857142857,0.0176392857142857,0.0150196428571428,0.0159803571428571,0.0165410714285714,0.0161553571428571,0.0179696428571428,0.0159714285714285,0.01525,0.0169267857142857,0.0159589285714285,0.0159267857142857,0.0159446428571428,0.0139589285714285
0.0118785714285714,0.0142,0.0134178571428571,0.0136678571428571,0.0127982142857142,0.0135607142857142,0.0133267857142857,0.0129339285714285,0.0086214285714285,0.0112625,0.0096160714285714,0.012075,0.012075,0.0127482142857142,0.0119214285714285,0.0105785714285714,0.0110696428571428,0.0103464285714285,0.0137660714285714,0.0156821428571428,0.0127482142857142,0.0128017857142857,0.013625,0.0148178571428571,0.0150285714285714,0.0124982142857142,0.0131982142857142,0.0128660714285714,0.0121,0.0127267857142857,0.0132053571428571,0.013725,0.0123821428571428
0.0134267857142857,0.0143589285714285,0.0145267857142857,0.0137285714285714,0.013975,0.0149785714285714,0.0146410714285714,0.0161910714285714,0.006875,0.0127017857142857,0.0118678571428571,0.0132178571428571,0.011975,0.0158392857142857,0.0131267857142857,0.0133,0.0136499999999999,0.0130071428571428,0.0144160714285714,0.0149464285714285,0.0158392857142857,0.0149285714285714,0.0137910714285714,0.0143732142857142,0.014375,0.0139910714285714,0.0121428571428571,0.0145946428571428,0.012725,0.0142964285714285,0.0126535714285714,0.0138142857142857,0.0138160714285714
0.0139732142857142,0.0132017857142857,0.01655,0.0122678571428571,0.0160357142857142,0.0153017857142857,0.0170339285714285,0.0171785714285714,0.0088142857142857,0.0117267857142857,0.0130053571428571,0.0121410714285714,0.0132482142857142,0.0170446428571428,0.0122910714285714,0.0129303571428571,0.0142625,0.0117982142857142,0.0152089285714285,0.0136928571428571,0.0170446428571428,0.0162142857142857,0.0146839285714285,0.0130303571428571,0.0131375,0.0127035714285714,0.0114160714285714,0.016525,0.0117214285714285,0.0162464285714285,0.0119607142857142,0.0123267857142857,0.0139285714285714
0.0124392857142857,0.0113357142857142,0.0132910714285714,0.0105553571428571,0.012675,0.0138482142857142,0.0136017857142857,0.0139,0.0080178571428571,0.0107482142857142,0.0119392857142857,0.0112410714285714,0.01235,0.0139017857142857,0.0106053571428571,0.0117357142857142,0.0126732142857142,0.0114785714285714,0.0143464285714285,0.0110392857142857,0.0139017857142857,0.0135357142857142,0.0134857142857142,0.0102964285714285,0.0109946428571428,0.0115553571428571,0.0098142857142857,0.0136410714285714,0.0106982142857142,0.0133767857142857,0.0102892857142857,0.0105785714285714,0.0127482142857142
0.0132767857142857,0.0143660714285714,0.0140767857142857,0.0124839285714285,0.0133642857142857,0.0142607142857142,0.0144982142857142,0.0146875,0.0077446428571428,0.0132625,0.0120928571428571,0.0140464285714285,0.0116732142857142,0.0148464285714285,0.0119089285714285,0.0123125,0.01465,0.0112392857142857,0.0148446428571428,0.0138714285714285,0.0148464285714285,0.0142875,0.0153232142857142,0.0132160714285714,0.0143339285714285,0.0138285714285714,0.0128214285714285,0.0148178571428571,0.0132071428571428,0.0149553571428571,0.0132214285714285,0.0125267857142857,0.0133642857142857
0.0087696428571428,0.0074375,0.0096,0.0071178571428571,0.0089089285714285,0.0100071428571428,0.0097446428571428,0.0107321428571428,0.0076410714285714,0.0072767857142857,0.0074553571428571,0.0075964285714285,0.0097267857142857,0.0106803571428571,0.0068125,0.0073017857142857,0.0079357142857142,0.0071446428571428,0.0101357142857142,0.0072214285714285,0.0106803571428571,0.0103892857142857,0.0093178571428571,0.0067392857142857,0.0071803571428571,0.0073892857142857,0.0073607142857142,0.0107303571428571,0.00745,0.0121339285714285,0.0074875,0.0071071428571428,0.0087625
0.00765,0.0077785714285714,0.0098303571428571,0.0077892857142857,0.0092464285714285,0.0095946428571428,0.0096178571428571,0.0100803571428571,0.0058696428571428,0.0072607142857142,0.0071857142857142,0.0073857142857142,0.0093875,0.0099553571428571,0.0070946428571428,0.0077339285714285,0.0083553571428571,0.0068571428571428,0.0097857142857142,0.0076410714285714,0.0099553571428571,0.0095839285714285,0.0099178571428571,0.0071821428571428,0.0075571428571428,0.007675,0.0075339285714285,0.0097303571428571,0.0073535714285714,0.0101910714285714,0.0075642857142857,0.0077892857142857,0.0095946428571428
0.0081714285714285,0.0085482142857142,0.0097892857142857,0.0084053571428571,0.0089517857142857,0.0105910714285714,0.0096785714285714,0.0111017857142857,0.0044357142857142,0.0076357142857142,0.0082714285714285,0.0075392857142857,0.0097482142857142,0.0112392857142857,0.0085660714285714,0.0087428571428571,0.0087696428571428,0.0081803571428571,0.01015,0.0085732142857142,0.0112392857142857,0.0104178571428571,0.0095482142857142,0.0079946428571428,0.0086071428571428,0.0078089285714285,0.00835,0.0109767857142857,0.0076178571428571,0.0125267857142857,0.0082839285714285,0.0084999999999999,0.0089482142857142
0.0089803571428571,0.0090089285714285,0.0101232142857142,0.0087285714285714,0.0096767857142857,0.0104178571428571,0.0106357142857142,0.0117696428571428,0.0034553571428571,0.0083,0.00845,0.0093035714285714,0.0069892857142857,0.0118071428571428,0.0087642857142857,0.0092392857142857,0.0099178571428571,0.0090107142857142,0.0109214285714285,0.0084767857142857,0.0118071428571428,0.0107982142857142,0.009875,0.0081696428571428,0.0084178571428571,0.0093446428571428,0.0086285714285714,0.0108392857142857,0.0086589285714285,0.0102928571428571,0.0088535714285714,0.0088892857142857,0.0094071428571428
0.0088375,0.0078785714285714,0.0108053571428571,0.0086642857142857,0.0100107142857142,0.0110625,0.0110178571428571,0.0123053571428571,0.0026267857142857,0.0076625,0.0084392857142857,0.0080196428571428,0.0062125,0.0121982142857142,0.0084892857142857,0.0082482142857142,0.0092732142857142,0.0080714285714285,0.0110375,0.0075803571428571,0.0121982142857142,0.0113660714285714,0.0102428571428571,0.0073428571428571,0.0075571428571428,0.0074892857142857,0.0082482142857142,0.0111446428571428,0.0073339285714285,0.0090642857142857,0.0081482142857142,0.0087339285714285,0.0105696428571428
0.0089892857142857,0.008975,0.0091035714285714,0.0084571428571428,0.0088928571428571,0.0088321428571428,0.009575,0.0089464285714285,0.0021696428571428,0.0080714285714285,0.0088910714285714,0.0089339285714285,0.0048482142857142,0.009275,0.0078214285714285,0.0083714285714285,0.0095321428571428,0.0079982142857142,0.0105339285714285,0.0084785714285714,0.009275,0.0088339285714285,0.0100321428571428,0.0083,0.0087017857142857,0.0089607142857142,0.0083928571428571,0.0092232142857142,0.0083285714285714,0.0079767857142857,0.0082410714285714,0.0085357142857142,0.0086982142857142
0.0093446428571428,0.0094428571428571,0.0093392857142857,0.0089303571428571,0.0092375,0.0091928571428571,0.0097839285714285,0.0089071428571428,0.00215,0.0087553571428571,0.0082767857142857,0.0096892857142857,0.0040357142857142,0.0091875,0.0085803571428571,0.0081785714285714,0.0088607142857142,0.0083660714285714,0.0108535714285714,0.0094749999999999,0.0091875,0.0091607142857142,0.0101910714285714,0.0092178571428571,0.0096732142857142,0.0096267857142857,0.0087267857142857,0.0095874999999999,0.0088517857142857,0.0063642857142857,0.0083714285714285,0.0089892857142857,0.0089232142857142
0.0083660714285714,0.0079196428571428,0.0091857142857142,0.0081625,0.0091446428571428,0.0094732142857142,0.0099214285714285,0.0093446428571428,0.0014589285714285,0.0079982142857142,0.0074642857142857,0.0087803571428571,0.0039589285714285,0.0095107142857142,0.0077071428571428,0.0075267857142857,0.0081035714285714,0.0076035714285714,0.0098071428571428,0.0074607142857142,0.0095107142857142,0.0095428571428571,0.0090732142857142,0.0071017857142857,0.0077107142857142,0.0084053571428571,0.0076089285714285,0.0098142857142857,0.0079392857142857,0.0067678571428571,0.0074089285714285,0.0082232142857142,0.0091196428571428
0.0049892857142857,0.0043107142857142,0.0060071428571428,0.0040125,0.0056482142857142,0.0061517857142857,0.0061928571428571,0.0060553571428571,0.0014410714285714,0.0039589285714285,0.0036910714285714,0.0047482142857142,0.0040053571428571,0.0061571428571428,0.0035232142857142,0.0036035714285714,0.0043142857142857,0.0033892857142857,0.0061642857142857,0.0037321428571428,0.0061571428571428,0.0062964285714285,0.0054357142857142,0.0034267857142857,0.0039125,0.0044517857142857,0.0040160714285714,0.0064214285714285,0.0042410714285714,0.0062035714285714,0.0039839285714285,0.0039375,0.0052678571428571
0.0053892857142857,0.0044535714285714,0.0063875,0.0041660714285714,0.0060696428571428,0.0065821428571428,0.0067107142857142,0.0070732142857142,0.0010285714285714,0.0042053571428571,0.0040964285714285,0.0043660714285714,0.0041571428571428,0.0071214285714285,0.0035124999999999,0.0035642857142857,0.0044482142857142,0.0035321428571428,0.0069517857142857,0.004475,0.0071214285714285,0.0069785714285714,0.0064017857142857,0.0040928571428571,0.00445,0.0042267857142857,0.0037767857142857,0.0071410714285714,0.0040767857142857,0.0060053571428571,0.0038553571428571,0.0041517857142857,0.0061571428571428
0.0040892857142857,0.0029714285714285,0.0049910714285714,0.0030625,0.0047928571428571,0.005425,0.005425,0.0056107142857142,0.0008589285714285,0.0029178571428571,0.0032964285714285,0.0029267857142857,0.0041714285714285,0.0058160714285714,0.0029357142857142,0.0030875,0.0035732142857142,0.0028714285714285,0.0055303571428571,0.0027125,0.0058160714285714,0.0055107142857142,0.0047857142857142,0.0024482142857142,0.0027,0.0028374999999999,0.0028732142857142,0.0057303571428571,0.0028714285714285,0.0056089285714285,0.0029625,0.0030732142857142,0.0052446428571428
0.0047482142857142,0.0026178571428571,0.0057607142857142,0.0034946428571428,0.0055499999999999,0.0060357142857142,0.0060625,0.0059017857142857,0.0017089285714285,0.0027053571428571,0.0038160714285714,0.0027696428571428,0.0045375,0.0060482142857142,0.0032089285714285,0.0035125,0.0043017857142857,0.0032839285714285,0.0059517857142857,0.0024053571428571,0.0060482142857142,0.0061053571428571,0.005275,0.0021214285714285,0.0022964285714285,0.00245,0.0027785714285714,0.0062339285714285,0.0028607142857142,0.0062892857142857,0.0028178571428571,0.0035124999999999,0.0058303571428571
0.0050535714285714,0.0036714285714285,0.0061732142857142,0.0045357142857142,0.0057767857142857,0.0063035714285714,0.0063053571428571,0.0063517857142857,0.0015285714285714,0.0041660714285714,0.0041446428571428,0.0044142857142857,0.0042714285714285,0.0064089285714285,0.0039803571428571,0.0038803571428571,0.0045535714285714,0.0039071428571428,0.0062982142857142,0.0031482142857142,0.0064089285714285,0.006325,0.0056999999999999,0.0029535714285714,0.0031428571428571,0.0040839285714285,0.0035339285714285,0.0064357142857142,0.0042017857142857,0.0066910714285714,0.0037625,0.0044785714285714,0.0057303571428571
0.0058589285714285,0.0048821428571428,0.0061803571428571,0.0053660714285714,0.0061875,0.0066178571428571,0.0065089285714285,0.0066589285714285,0.0009071428571428,0.0052285714285714,0.0047803571428571,0.0053946428571428,0.0041464285714285,0.0068178571428571,0.0049142857142857,0.0045982142857142,0.0053642857142857,0.0045232142857142,0.0066696428571428,0.0044,0.0068178571428571,0.0065321428571428,0.0065089285714285,0.0041660714285714,0.0045625,0.0050660714285714,0.0048446428571428,0.0065857142857142,0.0049607142857142,0.0052660714285714,0.0045785714285714,0.0053964285714285,0.0064071428571428
0.0048017857142857,0.0047392857142857,0.0049482142857142,0.0045053571428571,0.0048928571428571,0.0047464285714285,0.005125,0.0045089285714285,0.0011732142857142,0.0047607142857142,0.0040125,0.0053232142857142,0.0033732142857142,0.0047,0.0041446428571428,0.0043857142857142,0.0046982142857142,0.0040821428571428,0.0058035714285714,0.0043803571428571,0.0047,0.0047410714285714,0.0055821428571428,0.0042214285714285,0.0044714285714285,0.0049642857142857,0.0042964285714285,0.005075,0.0045607142857142,0.0047625,0.0035928571428571,0.004475,0.0046607142857142
0.0039839285714285,0.0035803571428571,0.0043821428571428,0.00345,0.0043232142857142,0.0044946428571428,0.0047160714285714,0.0042732142857142,0.0008892857142857,0.0036053571428571,0.00275,0.0038,0.0031446428571428,0.0044285714285714,0.0031464285714285,0.0029285714285714,0.0032892857142857,0.0029785714285714,0.00515,0.0030589285714285,0.0044285714285714,0.0045321428571428,0.0046142857142857,0.0029982142857142,0.0031571428571428,0.0035464285714285,0.0030464285714285,0.0047357142857142,0.0033892857142857,0.0042571428571428,0.0031071428571428,0.0034053571428571,0.0046660714285714
0.0040160714285714,0.0027910714285714,0.0047517857142857,0.00275,0.0046285714285714,0.0047964285714285,0.0047517857142857,0.0045107142857142,0.0010142857142857,0.0029285714285714,0.0029946428571428,0.0028267857142857,0.0043464285714285,0.0045982142857142,0.0029214285714285,0.0029571428571428,0.0032928571428571,0.0028571428571428,0.0049892857142857,0.0024053571428571,0.0045982142857142,0.0047071428571428,0.0042535714285714,0.0021732142857142,0.0023392857142857,0.0025571428571428,0.0026428571428571,0.0050071428571428,0.0026732142857142,0.0056107142857142,0.0027892857142857,0.0027535714285714,0.0048517857142857
0.0052142857142857,0.0050553571428571,0.0064857142857142,0.0051214285714285,0.0061232142857142,0.0067392857142857,0.0065196428571428,0.0067785714285714,0.0013910714285714,0.0051625,0.0039875,0.0057642857142857,0.0037303571428571,0.0070535714285714,0.0044732142857142,0.0042321428571428,0.0044767857142857,0.0043142857142857,0.0063982142857142,0.0043625,0.0070535714285714,0.0067446428571428,0.005425,0.0043642857142857,0.0044982142857142,0.0055232142857142,0.0048339285714285,0.0070303571428571,0.0053196428571428,0.0046214285714285,0.0043857142857142,0.00505,0.0066535714285714
0.0059196428571428,0.0050839285714285,0.0067714285714285,0.0048589285714285,0.0065375,0.0069303571428571,0.0070303571428571,0.0072892857142857,0.0015624999999999,0.0048303571428571,0.0044142857142857,0.0055321428571428,0.0038410714285714,0.0074160714285714,0.0046571428571428,0.0047446428571428,0.0052321428571428,0.0046732142857142,0.0073535714285714,0.004625,0.0074160714285714,0.0072124999999999,0.0061071428571428,0.0045303571428571,0.0047517857142857,0.0052982142857142,0.0048785714285714,0.0073589285714285,0.0052589285714285,0.0050375,0.0039160714285714,0.0048446428571428,0.0067232142857142
0.0055696428571428,0.0045446428571428,0.0064125,0.0048928571428571,0.0061607142857142,0.0068249999999999,0.0066160714285714,0.0067839285714285,0.0022428571428571,0.0045357142857142,0.0050214285714285,0.0048375,0.0044696428571428,0.0069089285714285,0.0045946428571428,0.0044607142857142,0.0055089285714285,0.0044571428571428,0.0070553571428571,0.0040375,0.0069089285714285,0.0068464285714285,0.0062571428571428,0.0037928571428571,0.0039821428571428,0.0044874999999999,0.0043964285714285,0.006975,0.004725,0.0060285714285714,0.0045535714285714,0.0048821428571428,0.0066910714285714
0.0053071428571428,0.0043607142857142,0.00615,0.0051785714285714,0.0058803571428571,0.0062714285714285,0.0061910714285714,0.0062196428571428,0.0026357142857142,0.0045178571428571,0.0051196428571428,0.0047374999999999,0.0046446428571428,0.0063642857142857,0.0051982142857142,0.0052053571428571,0.0058160714285714,0.0051857142857142,0.0067910714285714,0.003925,0.0063642857142857,0.0061303571428571,0.0062178571428571,0.0037357142857142,0.0039714285714285,0.0045285714285714,0.0046392857142857,0.0063946428571428,0.0047125,0.006225,0.0043017857142857,0.0051910714285714,0.0062589285714285
0.0070875,0.00575,0.0079821428571428,0.0070660714285714,0.0077303571428571,0.0086321428571428,0.0082892857142857,0.0084446428571428,0.0027642857142857,0.0058625,0.0061035714285714,0.0057357142857142,0.0035803571428571,0.0085767857142857,0.0077928571428571,0.0070089285714285,0.0068053571428571,0.0069517857142857,0.0083446428571428,0.0048125,0.0085767857142857,0.0085446428571428,0.0076160714285714,0.0047553571428571,0.0048303571428571,0.0055499999999999,0.0068678571428571,0.0085732142857142,0.0056625,0.0056178571428571,0.0060339285714285,0.0072232142857142,0.0084535714285714
0.0076321428571428,0.0066928571428571,0.0080517857142857,0.0069571428571428,0.0078517857142857,0.0084607142857142,0.0082482142857142,0.0080660714285714,0.0020232142857142,0.0068428571428571,0.0057624999999999,0.0071107142857142,0.0043339285714285,0.0084089285714285,0.0067232142857142,0.0058785714285714,0.0066,0.0059428571428571,0.0089214285714285,0.0049767857142857,0.0084089285714285,0.0084535714285714,0.0077892857142857,0.0050875,0.0052267857142857,0.0066375,0.0065053571428571,0.0086160714285714,0.0067178571428571,0.0059910714285714,0.0062017857142857,0.0071339285714285,0.0083982142857142
0.0076910714285714,0.0069482142857142,0.0087089285714285,0.0066214285714285,0.0085017857142857,0.0090196428571428,0.0090017857142857,0.0093696428571428,0.0030803571428571,0.0069160714285714,0.0057875,0.0075767857142857,0.0051142857142857,0.0097446428571428,0.0063589285714285,0.0062678571428571,0.0068107142857142,0.0062678571428571,0.0095571428571428,0.0062535714285714,0.0097446428571428,0.0090178571428571,0.0080392857142857,0.0061517857142857,0.0064,0.0075446428571428,0.0070267857142857,0.0092107142857142,0.0075214285714285,0.0064625,0.0045035714285714,0.0066428571428571,0.0088232142857142
0.0078125,0.0054482142857142,0.0089035714285714,0.0069053571428571,0.0086910714285714,0.0092017857142857,0.0091964285714285,0.0090285714285714,0.0034767857142857,0.0057392857142857,0.0056464285714285,0.0062017857142857,0.0048214285714285,0.0091089285714285,0.0062339285714285,0.0057392857142857,0.0062428571428571,0.0062053571428571,0.0091714285714285,0.0045857142857142,0.0091089285714285,0.0092089285714285,0.0075946428571428,0.0044642857142857,0.0047392857142857,0.0057267857142857,0.0064428571428571,0.0092482142857142,0.0064571428571428,0.0059732142857142,0.0057535714285714,0.00685,0.0085410714285714
0.0094142857142857,0.0081910714285714,0.0095410714285714,0.0093553571428571,0.0095232142857142,0.0096732142857142,0.0102714285714285,0.0090178571428571,0.0029625,0.0091517857142857,0.0077410714285714,0.0100142857142857,0.0051089285714285,0.0093267857142857,0.0092089285714285,0.0089482142857142,0.0087446428571428,0.0088732142857142,0.0107160714285714,0.0071107142857142,0.0093267857142857,0.0097535714285714,0.0098714285714285,0.0071678571428571,0.00735,0.0092053571428571,0.0093375,0.0104696428571428,0.0093071428571428,0.0061357142857142,0.0079714285714285,0.0093232142857142,0.0098607142857142
0.0087178571428571,0.0071571428571428,0.0095285714285714,0.0088125,0.0090696428571428,0.0096267857142857,0.0098232142857142,0.0091767857142857,0.0035178571428571,0.0083803571428571,0.00695,0.0089553571428571,0.0042928571428571,0.0094839285714285,0.0084660714285714,0.0074303571428571,0.0075499999999999,0.00805,0.0102982142857142,0.0058678571428571,0.0094839285714285,0.0096089285714285,0.0091946428571428,0.0058285714285714,0.0060303571428571,0.0077214285714285,0.0085446428571428,0.0102821428571428,0.0086,0.0053482142857142,0.0079410714285714,0.0087214285714285,0.0099839285714285
0.0119321428571428,0.0120892857142857,0.0129910714285714,0.0124589285714285,0.0123875,0.0133821428571428,0.0130821428571428,0.0124767857142857,0.0029142857142857,0.0127267857142857,0.0105053571428571,0.0134875,0.0057071428571428,0.0134964285714285,0.012475,0.0124928571428571,0.0113375,0.0127321428571428,0.0135732142857142,0.0091821428571428,0.0134964285714285,0.0133660714285714,0.0125696428571428,0.0096267857142857,0.0097875,0.0122982142857142,0.0128464285714285,0.0137875,0.0128821428571428,0.0072267857142857,0.0115821428571428,0.0125374999999999,0.0131678571428571
0.0102607142857142,0.0084107142857142,0.0109839285714285,0.0091660714285714,0.0104375,0.0103267857142857,0.0111428571428571,0.0107625,0.0040357142857142,0.0087571428571428,0.0073767857142857,0.0097357142857142,0.0058642857142857,0.0111071428571428,0.0081821428571428,0.0085392857142857,0.0083107142857142,0.0086232142857142,0.0121285714285714,0.0070732142857142,0.0111071428571428,0.0106410714285714,0.0097428571428571,0.0071732142857142,0.0073214285714285,0.0089482142857142,0.0090303571428571,0.0113678571428571,0.0092107142857142,0.0071357142857142,0.0082910714285714,0.0090982142857142,0.0099785714285714
0.0099571428571428,0.0096142857142857,0.0109803571428571,0.0094696428571428,0.0103196428571428,0.0102696428571428,0.0110232142857142,0.0096732142857142,0.0050232142857142,0.0100446428571428,0.0083339285714285,0.0103482142857142,0.006275,0.0100714285714285,0.0098857142857142,0.0095660714285714,0.0090035714285714,0.0098392857142857,0.0115482142857142,0.0081892857142857,0.0100714285714285,0.0102660714285714,0.0102607142857142,0.0083107142857142,0.0082714285714285,0.0093089285714285,0.0103357142857142,0.0113535714285714,0.0093482142857142,0.0076553571428571,0.007925,0.0094446428571428,0.0106125
0.0119785714285714,0.0104535714285714,0.012975,0.0111964285714285,0.0125642857142857,0.0127178571428571,0.0133071428571428,0.0125892857142857,0.0045178571428571,0.0105267857142857,0.0096803571428571,0.0116589285714285,0.0059732142857142,0.012925,0.0102428571428571,0.0109732142857142,0.0110803571428571,0.0110642857142857,0.0138464285714285,0.0095589285714285,0.012925,0.0131053571428571,0.0123732142857142,0.0096321428571428,0.009675,0.0108446428571428,0.01095,0.0134714285714285,0.0113714285714285,0.0072607142857142,0.0101017857142857,0.0111660714285714,0.0119821428571428
0.0112125,0.0118946428571428,0.012525,0.0123410714285714,0.0118196428571428,0.0123125,0.0125821428571428,0.0117607142857142,0.0042553571428571,0.0126303571428571,0.0103053571428571,0.0130553571428571,0.0085589285714285,0.0122589285714285,0.0126785714285714,0.0117303571428571,0.01075,0.0113964285714285,0.0131339285714285,0.0096660714285714,0.0122589285714285,0.0123321428571428,0.0125232142857142,0.0098714285714285,0.0098642857142857,0.0114035714285714,0.012975,0.0129857142857142,0.0128482142857142,0.0104910714285714,0.0120553571428571,0.0124660714285714,0.0122392857142857
0.0128589285714285,0.0119964285714285,0.0130982142857142,0.0133928571428571,0.0127232142857142,0.0132714285714285,0.0134232142857142,0.0136071428571428,0.0057517857142857,0.0135,0.0113267857142857,0.0144732142857142,0.0074053571428571,0.0138107142857142,0.012425,0.0124303571428571,0.0127696428571428,0.0124892857142857,0.0149589285714285,0.0098982142857142,0.0138107142857142,0.0133142857142857,0.0138357142857142,0.0099535714285714,0.0102107142857142,0.0131107142857142,0.0139303571428571,0.0137428571428571,0.0139285714285714,0.0092303571428571,0.0116964285714285,0.0132678571428571,0.012825
0.0167142857142857,0.0171642857142857,0.0173214285714285,0.0172089285714285,0.0167410714285714,0.0155107142857142,0.0173607142857142,0.0146249999999999,0.0043392857142857,0.017775,0.0149142857142857,0.0192875,0.0086321428571428,0.0155,0.0153464285714285,0.0157642857142857,0.0162571428571428,0.015425,0.0183339285714285,0.0151482142857142,0.0155,0.0159892857142857,0.0179767857142857,0.0158178571428571,0.0157196428571428,0.0177303571428571,0.0176732142857142,0.0168178571428571,0.0191535714285714,0.0098696428571428,0.0151607142857142,0.0171446428571428,0.0163946428571428
0.0145410714285714,0.0140660714285714,0.0153875,0.0139928571428571,0.0146982142857142,0.0146107142857142,0.0152660714285714,0.0143053571428571,0.004975,0.0147482142857142,0.0127267857142857,0.0162625,0.0101,0.0143321428571428,0.0132357142857142,0.0132553571428571,0.0140857142857142,0.0136499999999999,0.0159874999999999,0.0118892857142857,0.0143321428571428,0.0143839285714285,0.0153196428571428,0.0121357142857142,0.0126214285714285,0.0142732142857142,0.0142107142857142,0.0147732142857142,0.0148392857142857,0.0125875,0.0124821428571428,0.0138892857142857,0.0148410714285714
0.0137392857142857,0.0159696428571428,0.0153535714285714,0.0162696428571428,0.0141410714285714,0.0141196428571428,0.0148071428571428,0.0138,0.007725,0.0169464285714285,0.0134785714285714,0.0173839285714285,0.0116964285714285,0.0138553571428571,0.0160892857142857,0.0153446428571428,0.0149142857142857,0.0153196428571428,0.0163160714285714,0.0134339285714285,0.0138553571428571,0.0140464285714285,0.0164767857142857,0.0131660714285714,0.0141696428571428,0.0160410714285714,0.0176535714285714,0.0146232142857142,0.0168821428571428,0.0125214285714285,0.0156071428571428,0.0163589285714285,0.0144321428571428
0.0143535714285714,0.0177642857142857,0.0168017857142857,0.0184196428571428,0.0155214285714285,0.0166357142857142,0.0162464285714285,0.0163017857142857,0.0082964285714285,0.0180142857142857,0.0146357142857142,0.0194267857142857,0.0123839285714285,0.0163625,0.0168857142857142,0.015975,0.0158482142857142,0.016425,0.0165482142857142,0.0157910714285714,0.0163625,0.0160803571428571,0.0170732142857142,0.0165125,0.0163660714285714,0.0184267857142857,0.0191464285714285,0.0158214285714285,0.0186803571428571,0.0154357142857142,0.0161642857142857,0.0187446428571428,0.0161375
0.0153321428571428,0.0182214285714285,0.0171696428571428,0.0170482142857142,0.0160589285714285,0.0172357142857142,0.0170767857142857,0.0168732142857142,0.0070928571428571,0.0177214285714285,0.0146446428571428,0.0190107142857142,0.0122196428571428,0.0171196428571428,0.0173017857142857,0.0167446428571428,0.0165178571428571,0.0165910714285714,0.0177410714285714,0.0164982142857142,0.0171196428571428,0.0164178571428571,0.0168178571428571,0.0167946428571428,0.0174196428571428,0.0178053571428571,0.0173517857142857,0.0167339285714285,0.017875,0.0146607142857142,0.0158589285714285,0.0173875,0.0167982142857142
0.0185053571428571,0.0208,0.0190767857142857,0.0197071428571428,0.0180982142857142,0.0182732142857142,0.0188410714285714,0.0182928571428571,0.0097410714285714,0.0214339285714285,0.0166964285714285,0.0228392857142857,0.0123464285714285,0.0183410714285714,0.0193607142857142,0.0174035714285714,0.0180303571428571,0.0189517857142857,0.0205660714285714,0.0193285714285714,0.0183410714285714,0.0182428571428571,0.019725,0.0198982142857142,0.0205392857142857,0.021825,0.0209928571428571,0.0182928571428571,0.0213410714285714,0.0156607142857142,0.0176696428571428,0.0200017857142857,0.0179267857142857
0.0202714285714285,0.0215285714285714,0.0203267857142857,0.0192321428571428,0.0190928571428571,0.0186589285714285,0.0192875,0.0186517857142857,0.0103910714285714,0.0210785714285714,0.0183053571428571,0.0219553571428571,0.0127589285714285,0.0188,0.0208035714285714,0.020075,0.0196749999999999,0.0208964285714285,0.0219767857142857,0.0203285714285714,0.0188,0.0190482142857142,0.0206946428571428,0.0210839285714285,0.0212660714285714,0.0212,0.0210357142857142,0.0202428571428571,0.0216303571428571,0.0163642857142857,0.0202964285714285,0.0193321428571428,0.0196285714285714
0.0157142857142857,0.0205928571428571,0.0175696428571428,0.0195428571428571,0.0164,0.01545,0.0167446428571428,0.0156625,0.0092678571428571,0.0199482142857142,0.0156392857142857,0.0210464285714285,0.0097214285714285,0.0161125,0.0179071428571428,0.0169982142857142,0.0162267857142857,0.0181196428571428,0.0181214285714285,0.0195642857142857,0.0161125,0.0158071428571428,0.0172946428571428,0.0197982142857142,0.0208482142857142,0.0201303571428571,0.0201017857142857,0.0164535714285714,0.0215607142857142,0.0131964285714285,0.0183642857142857,0.0195857142857142,0.0166839285714285
0.0189464285714285,0.0215321428571428,0.0210946428571428,0.0209339285714285,0.0195607142857142,0.0209267857142857,0.0205982142857142,0.0191607142857142,0.0083553571428571,0.0210964285714285,0.0173446428571428,0.0218,0.0129964285714285,0.0195571428571428,0.0206821428571428,0.0192482142857142,0.0185803571428571,0.0211607142857142,0.0214732142857142,0.0203089285714285,0.0195571428571428,0.0205875,0.0196785714285714,0.0208589285714285,0.0215321428571428,0.0213142857142857,0.0227803571428571,0.0201714285714285,0.0227714285714285,0.0165160714285714,0.0185910714285714,0.02135,0.0207767857142857
0.0191767857142857,0.0210625,0.0211321428571428,0.0207910714285714,0.0197732142857142,0.0203107142857142,0.0200089285714285,0.0202160714285714,0.0093821428571428,0.0205035714285714,0.0176392857142857,0.0217767857142857,0.0139517857142857,0.0202982142857142,0.0206232142857142,0.0191857142857142,0.0188321428571428,0.0207089285714285,0.0213232142857142,0.0199946428571428,0.0202982142857142,0.0200767857142857,0.0200714285714285,0.0203857142857142,0.0212714285714285,0.0215803571428571,0.0226339285714285,0.0197178571428571,0.0217928571428571,0.0178178571428571,0.0193535714285714,0.0210392857142857,0.0198392857142857
0.0198696428571428,0.0213928571428571,0.0215232142857142,0.0213339285714285,0.0198857142857142,0.0210196428571428,0.0203982142857142,0.0212910714285714,0.0098285714285714,0.0218,0.0180571428571428,0.0225160714285714,0.0150785714285714,0.0219053571428571,0.0211696428571428,0.0200892857142857,0.0195482142857142,0.0215142857142857,0.0217732142857142,0.0204071428571428,0.0219053571428571,0.0210517857142857,0.0203732142857142,0.0201357142857142,0.0210517857142857,0.0218410714285714,0.0219875,0.020575,0.0224285714285714,0.0185714285714285,0.0204803571428571,0.0215732142857142,0.0198160714285714
0.0182696428571428,0.0207803571428571,0.019575,0.0190857142857142,0.0179535714285714,0.0202107142857142,0.0190107142857142,0.0194892857142857,0.0106357142857142,0.0208607142857142,0.0149857142857142,0.02145,0.0153964285714285,0.0198785714285714,0.0186625,0.0173749999999999,0.0158803571428571,0.0185732142857142,0.0191964285714285,0.0200339285714285,0.0198785714285714,0.0194696428571428,0.0176410714285714,0.0200214285714285,0.0204625,0.0210642857142857,0.0185392857142857,0.0195089285714285,0.0205142857142857,0.0183589285714285,0.019375,0.0192142857142857,0.0191285714285714
0.0177357142857142,0.0196428571428571,0.0198339285714285,0.0186535714285714,0.0183339285714285,0.0200160714285714,0.0195071428571428,0.0183464285714285,0.0095232142857142,0.0191071428571428,0.0157160714285714,0.0198660714285714,0.0145553571428571,0.0187964285714285,0.0191017857142857,0.0182624999999999,0.0171267857142857,0.0183696428571428,0.0188910714285714,0.0190410714285714,0.0187964285714285,0.0200982142857142,0.0186232142857142,0.0189178571428571,0.0195517857142857,0.0197928571428571,0.0185392857142857,0.0200517857142857,0.0189857142857142,0.0174928571428571,0.0173732142857142,0.0189982142857142,0.0194625
0.0158285714285714,0.0175875,0.0178589285714285,0.0162375,0.0165785714285714,0.0171375,0.0172714285714285,0.0163214285714285,0.00965,0.0168821428571428,0.0132482142857142,0.0182,0.0136196428571428,0.0160035714285714,0.0155,0.0148607142857142,0.0146482142857142,0.0152125,0.0173839285714285,0.0168357142857142,0.0160035714285714,0.0171196428571428,0.0156517857142857,0.0165410714285714,0.0175892857142857,0.0178946428571428,0.016275,0.0171446428571428,0.0170892857142857,0.0162482142857142,0.0160017857142857,0.0164482142857142,0.0172303571428571
0.0128946428571428,0.0170410714285714,0.0162839285714285,0.0161732142857142,0.0142714285714285,0.0156410714285714,0.0146142857142857,0.0155392857142857,0.0074107142857142,0.0160178571428571,0.0112803571428571,0.0170785714285714,0.0120928571428571,0.0151339285714285,0.0142160714285714,0.013975,0.0116125,0.0139303571428571,0.0144196428571428,0.0166589285714285,0.0151339285714285,0.0150160714285714,0.0130214285714285,0.0162928571428571,0.0169696428571428,0.0172499999999999,0.0150732142857142,0.0153678571428571,0.0165,0.0145625,0.0159035714285714,0.016375,0.0153142857142857
0.0153625,0.0172214285714285,0.0172142857142857,0.0178017857142857,0.0156571428571428,0.0166446428571428,0.0164785714285714,0.0163053571428571,0.007925,0.0178517857142857,0.014775,0.0184678571428571,0.0132107142857142,0.0166196428571428,0.0169107142857142,0.0163982142857142,0.0160071428571428,0.0168571428571428,0.0165625,0.0160589285714285,0.0166196428571428,0.0166625,0.0163214285714285,0.0159392857142857,0.0169803571428571,0.0181875,0.0178446428571428,0.0172499999999999,0.0183714285714285,0.0163160714285714,0.0169607142857142,0.01795,0.0165821428571428
0.0149089285714285,0.01805,0.0175428571428571,0.0163267857142857,0.015875,0.0157410714285714,0.0166642857142857,0.0164642857142857,0.00775,0.0179357142857142,0.0143517857142857,0.0190089285714285,0.01295,0.0168589285714285,0.0164178571428571,0.0155928571428571,0.0153678571428571,0.0160446428571428,0.0167035714285714,0.0171589285714285,0.0168589285714285,0.0162357142857142,0.0158196428571428,0.0172839285714285,0.0181875,0.0183428571428571,0.0165482142857142,0.0173517857142857,0.0178875,0.0140625,0.0169660714285714,0.0166107142857142,0.0161160714285714
0.0140910714285714,0.0150964285714285,0.0155553571428571,0.0139160714285714,0.0144142857142857,0.0131571428571428,0.0153642857142857,0.0145232142857142,0.0082446428571428,0.015,0.0118964285714285,0.0158607142857142,0.0125214285714285,0.0146089285714285,0.0126232142857142,0.0127482142857142,0.0130267857142857,0.0127,0.0157125,0.0144392857142857,0.0146089285714285,0.0143017857142857,0.0149035714285714,0.0144928571428571,0.0154124999999999,0.0165874999999999,0.0140124999999999,0.0154124999999999,0.0158910714285714,0.0155,0.0139553571428571,0.0141410714285714,0.0149071428571428
0.0151357142857142,0.0140714285714285,0.0160125,0.013675,0.0149321428571428,0.016175,0.0159607142857142,0.015,0.0073982142857142,0.0142446428571428,0.0120714285714285,0.0152035714285714,0.0126214285714285,0.0153267857142857,0.01285,0.0131535714285714,0.0134375,0.0129464285714285,0.0161089285714285,0.0132142857142857,0.0153267857142857,0.0160785714285714,0.0151375,0.0131125,0.0136142857142857,0.0148928571428571,0.0141125,0.0161767857142857,0.0156767857142857,0.0149696428571428,0.0137017857142857,0.0138482142857142,0.0151821428571428
0.0112839285714285,0.0107214285714285,0.0133482142857142,0.0107678571428571,0.0122589285714285,0.0130339285714285,0.0131428571428571,0.0123732142857142,0.0068196428571428,0.0102946428571428,0.0093821428571428,0.0113642857142857,0.0117339285714285,0.0123946428571428,0.0107589285714285,0.0102375,0.0102964285714285,0.0105232142857142,0.0130875,0.0100821428571428,0.0123946428571428,0.0129803571428571,0.0119160714285714,0.0099535714285714,0.0097767857142857,0.0111410714285714,0.0103964285714285,0.013275,0.0110035714285714,0.0133410714285714,0.0107839285714285,0.0108375,0.0122232142857142
0.0109071428571428,0.0104375,0.0129607142857142,0.0102035714285714,0.0119107142857142,0.0133517857142857,0.0128,0.0126142857142857,0.0042089285714285,0.0107392857142857,0.0100214285714285,0.0109160714285714,0.0099375,0.0125482142857142,0.0103928571428571,0.0103178571428571,0.0108446428571428,0.010275,0.012275,0.01025,0.0125482142857142,0.0132660714285714,0.0114732142857142,0.0095946428571428,0.0097946428571428,0.0101696428571428,0.0104642857142857,0.0133625,0.0104089285714285,0.0127410714285714,0.0102785714285714,0.0102839285714285,0.0124339285714285
0.0101428571428571,0.0091017857142857,0.0115249999999999,0.0091089285714285,0.0102089285714285,0.0113714285714285,0.0108946428571428,0.0107285714285714,0.0038785714285714,0.0091107142857142,0.0100607142857142,0.0093089285714285,0.0084053571428571,0.0105571428571428,0.0096374999999999,0.0097410714285714,0.0106642857142857,0.0099714285714285,0.0114785714285714,0.0090928571428571,0.0105571428571428,0.0112428571428571,0.0111928571428571,0.0084232142857142,0.0091392857142857,0.0085857142857142,0.0090303571428571,0.0113946428571428,0.0086428571428571,0.0112,0.0089053571428571,0.0091946428571428,0.0110285714285714
0.0105696428571428,0.0106178571428571,0.0118607142857142,0.0107571428571428,0.0110946428571428,0.0119107142857142,0.0116625,0.0115142857142857,0.0033928571428571,0.0116553571428571,0.0097232142857142,0.0114982142857142,0.0072053571428571,0.0114142857142857,0.0110642857142857,0.0106946428571428,0.0104714285714285,0.0104035714285714,0.0118767857142857,0.0096892857142857,0.0114142857142857,0.0118589285714285,0.0116482142857142,0.0094375,0.00965,0.0109964285714285,0.0107803571428571,0.0118464285714285,0.0116375,0.010425,0.0116642857142857,0.0107446428571428,0.0115410714285714
0.0108285714285714,0.010275,0.0120232142857142,0.0095303571428571,0.0109589285714285,0.0121821428571428,0.0119946428571428,0.0112946428571428,0.0024857142857142,0.0102178571428571,0.0098375,0.0104625,0.0052339285714285,0.0113892857142857,0.0097035714285714,0.0096482142857142,0.0109214285714285,0.0098178571428571,0.0122892857142857,0.0096839285714285,0.0113892857142857,0.0122428571428571,0.0114446428571428,0.0094964285714285,0.0097178571428571,0.0097785714285714,0.0092803571428571,0.0122285714285714,0.0090696428571428,0.0088553571428571,0.0090982142857142,0.0096482142857142,0.0119071428571428
0.0080196428571428,0.0064678571428571,0.0094946428571428,0.0068357142857142,0.0086785714285714,0.0097107142857142,0.009575,0.0094464285714285,0.0022964285714285,0.0063446428571428,0.0069571428571428,0.0069589285714285,0.0050178571428571,0.009325,0.0058375,0.0065267857142857,0.0082660714285714,0.0062392857142857,0.0093553571428571,0.0055696428571428,0.009325,0.0099107142857142,0.0084625,0.0055375,0.0057875,0.0064732142857142,0.0058821428571428,0.0096428571428571,0.0068696428571428,0.0081589285714285,0.0057392857142857,0.0066053571428571,0.0094160714285714
0.0068321428571428,0.0057125,0.0075375,0.0064696428571428,0.0070642857142857,0.0078571428571428,0.0075178571428571,0.0077839285714285,0.0018982142857142,0.0065589285714285,0.0064375,0.00655,0.0065017857142857,0.0079946428571428,0.0077017857142857,0.0071732142857142,0.0072482142857142,0.0075875,0.0077607142857142,0.0052142857142857,0.0079946428571428,0.0079678571428571,0.0078017857142857,0.0049428571428571,0.0049017857142857,0.0056767857142857,0.0064607142857142,0.0082464285714285,0.0061446428571428,0.0085553571428571,0.00615,0.0066339285714285,0.0078464285714285
0.0080178571428571,0.0053339285714285,0.0091089285714285,0.0058339285714285,0.0087857142857142,0.0101982142857142,0.0097035714285714,0.0092089285714285,0.0013017857142857,0.0055857142857142,0.0059803571428571,0.0058571428571428,0.0052607142857142,0.0093303571428571,0.0055178571428571,0.0055107142857142,0.0074464285714285,0.005575,0.0095767857142857,0.0048571428571428,0.0093303571428571,0.0100732142857142,0.0085642857142857,0.0045839285714285,0.0050892857142857,0.0049482142857142,0.00485,0.0100660714285714,0.0050678571428571,0.0080410714285714,0.0047964285714285,0.0059375,0.0098517857142857
0.0064071428571428,0.0039053571428571,0.0074482142857142,0.0044857142857142,0.0071892857142857,0.0083107142857142,0.008,0.0076267857142857,0.0023678571428571,0.0047803571428571,0.0056446428571428,0.0048857142857142,0.0052017857142857,0.0077446428571428,0.0054,0.0051285714285714,0.0061696428571428,0.0057642857142857,0.0077857142857142,0.0036357142857142,0.0077446428571428,0.0083,0.0071982142857142,0.0031178571428571,0.0034232142857142,0.0041196428571428,0.0041964285714285,0.0083357142857142,0.0040196428571428,0.0082785714285714,0.0043160714285714,0.0046339285714285,0.0078392857142857
0.0080410714285714,0.005975,0.0085678571428571,0.0060303571428571,0.0082142857142857,0.009,0.0091785714285714,0.0082803571428571,0.0017178571428571,0.0067892857142857,0.0062196428571428,0.0072749999999999,0.0057607142857142,0.0083821428571428,0.0059803571428571,0.0059499999999999,0.0068910714285714,0.0060464285714285,0.0091124999999999,0.0053946428571428,0.0083821428571428,0.0089821428571428,0.0084874999999999,0.0052089285714285,0.0056910714285714,0.0062446428571428,0.0058160714285714,0.0093517857142857,0.0061071428571428,0.0075267857142857,0.0059607142857142,0.0060982142857142,0.0087357142857142
0.0049125,0.0033321428571428,0.0046821428571428,0.0033714285714285,0.0045267857142857,0.0046964285714285,0.0051857142857142,0.0041482142857142,0.0012375,0.0036910714285714,0.0035,0.0040678571428571,0.0040910714285714,0.0042339285714285,0.0031196428571428,0.0035607142857142,0.0039785714285714,0.0034124999999999,0.0053946428571428,0.0032714285714285,0.0042339285714285,0.0049857142857142,0.0053321428571428,0.0030910714285714,0.0034124999999999,0.0035232142857142,0.0029446428571428,0.0054125,0.0032035714285714,0.0058857142857142,0.0030482142857142,0.0033482142857142,0.0049696428571428
0.0044839285714285,0.0027607142857142,0.0049875,0.0032142857142857,0.0047625,0.0053339285714285,0.0053017857142857,0.0049410714285714,0.0011375,0.0028678571428571,0.0038178571428571,0.0028285714285714,0.0052499999999999,0.0050767857142857,0.0031767857142857,0.0034321428571428,0.0042446428571428,0.0035875,0.0051821428571428,0.0024732142857142,0.0050767857142857,0.0053339285714285,0.0053357142857142,0.0023339285714285,0.0024821428571428,0.002375,0.0026714285714285,0.0055071428571428,0.0026642857142857,0.0068660714285714,0.0027196428571428,0.003225,0.0052499999999999
0.0065142857142857,0.0047107142857142,0.0067857142857142,0.0054464285714285,0.0065535714285714,0.0070535714285714,0.0071874999999999,0.0067375,0.0011714285714285,0.0049625,0.0055875,0.005075,0.0039375,0.0067107142857142,0.00505,0.0050660714285714,0.0060392857142857,0.0052964285714285,0.0074285714285714,0.0045017857142857,0.0067107142857142,0.0070071428571428,0.0072017857142857,0.0043053571428571,0.0045875,0.0049053571428571,0.0045892857142857,0.0071339285714285,0.0048339285714285,0.0056660714285714,0.0045053571428571,0.0054232142857142,0.0068107142857142
0.0063196428571428,0.0044875,0.0072946428571428,0.0054160714285714,0.0068571428571428,0.0078535714285714,0.0077214285714285,0.0074464285714285,0.0008892857142857,0.0050535714285714,0.0054232142857142,0.0051232142857142,0.0035089285714285,0.0074892857142857,0.0052375,0.0052678571428571,0.0057946428571428,0.0056107142857142,0.0074732142857142,0.0038232142857142,0.0074892857142857,0.0078642857142857,0.0067339285714285,0.0038321428571428,0.0038089285714285,0.0047053571428571,0.004525,0.0079839285714285,0.0044446428571428,0.0046642857142857,0.0044803571428571,0.0055053571428571,0.0072035714285714
0.0067821428571428,0.0047464285714285,0.0078303571428571,0.0057535714285714,0.0074696428571428,0.008,0.0081839285714285,0.0074589285714285,0.0012625,0.0050392857142857,0.0052964285714285,0.0053607142857142,0.0039607142857142,0.0078017857142857,0.0054017857142857,0.0050875,0.0058285714285714,0.0051249999999999,0.0077624999999999,0.0043821428571428,0.0078017857142857,0.0080660714285714,0.0072053571428571,0.0042196428571428,0.0042589285714285,0.0047517857142857,0.0048321428571428,0.0085089285714285,0.0049,0.0051767857142857,0.0048160714285714,0.0058428571428571,0.0077607142857142
0.0046714285714285,0.0033410714285714,0.0058071428571428,0.0031678571428571,0.005375,0.0062357142857142,0.0060589285714285,0.0058517857142857,0.0013303571428571,0.0032,0.0034214285714285,0.0035821428571428,0.0034178571428571,0.0059303571428571,0.0030160714285714,0.0034285714285714,0.0038232142857142,0.0030910714285714,0.0058732142857142,0.0031339285714285,0.0059303571428571,0.0063232142857142,0.00485,0.0030767857142857,0.0030678571428571,0.0032178571428571,0.0028357142857142,0.0063946428571428,0.0031214285714285,0.0046178571428571,0.0028875,0.0031035714285714,0.0055285714285714
0.0045821428571428,0.0040321428571428,0.0050624999999999,0.0043,0.0046982142857142,0.0052678571428571,0.0052982142857142,0.0048125,0.0013446428571428,0.004275,0.0041964285714285,0.0044964285714285,0.0033125,0.0049285714285714,0.0041482142857142,0.0039125,0.0045714285714285,0.0040214285714285,0.0053321428571428,0.0037625,0.0049285714285714,0.0052660714285714,0.0053428571428571,0.0035517857142857,0.0038035714285714,0.0039446428571428,0.0039303571428571,0.0055589285714285,0.0039017857142857,0.0045821428571428,0.0038214285714285,0.0043285714285714,0.0049482142857142
0.0047196428571428,0.0037125,0.0060125,0.0036428571428571,0.0056553571428571,0.0064107142857142,0.0063660714285714,0.0059071428571428,0.0014017857142857,0.0037178571428571,0.0035964285714285,0.0040553571428571,0.0038142857142857,0.0059892857142857,0.0030696428571428,0.0034214285714285,0.0046357142857142,0.0032803571428571,0.0060964285714285,0.0034946428571428,0.0059892857142857,0.0064178571428571,0.0049821428571428,0.0032607142857142,0.0034428571428571,0.0037660714285714,0.0032214285714285,0.0066535714285714,0.0035232142857142,0.0045821428571428,0.0030375,0.0036017857142857,0.0061321428571428
0.0053214285714285,0.0047535714285714,0.0059160714285714,0.0054625,0.0058017857142857,0.0061714285714285,0.0063214285714285,0.0059142857142857,0.0011053571428571,0.0052089285714285,0.0050553571428571,0.0054946428571428,0.0038178571428571,0.0061660714285714,0.0057464285714285,0.0052767857142857,0.0058839285714285,0.0056321428571428,0.0062482142857142,0.0045071428571428,0.0061660714285714,0.00615,0.0056232142857142,0.004225,0.0043464285714285,0.0049178571428571,0.0049178571428571,0.0063928571428571,0.0047946428571428,0.0044714285714285,0.0047196428571428,0.0055321428571428,0.0061446428571428
0.0068910714285714,0.0072214285714285,0.0065749999999999,0.0067428571428571,0.0066785714285714,0.0067767857142857,0.0073964285714285,0.0062089285714285,0.0018589285714285,0.0057142857142857,0.0049160714285714,0.0061821428571428,0.0038232142857142,0.006375,0.0055285714285714,0.0049196428571428,0.0070874999999999,0.0051553571428571,0.0080678571428571,0.0054285714285714,0.006375,0.0068910714285714,0.0069125,0.0056589285714285,0.0055749999999999,0.0065875,0.0057017857142857,0.0072553571428571,0.0061446428571428,0.0041910714285714,0.0054839285714285,0.0067214285714285,0.0069357142857142
0.0035839285714285,0.0052928571428571,0.0050696428571428,0.0035285714285714,0.0045821428571428,0.0055375,0.0052839285714285,0.0050517857142857,0.002275,0.0020964285714285,0.0028892857142857,0.0020964285714285,0.0042089285714285,0.0053303571428571,0.0031767857142857,0.0030410714285714,0.0044714285714285,0.0030696428571428,0.0047125,0.0038339285714285,0.0053303571428571,0.0056214285714285,0.0040446428571428,0.0042625,0.0040089285714285,0.0033660714285714,0.0031017857142857,0.0057410714285714,0.0030892857142857,0.0048017857142857,0.0030714285714285,0.0035285714285714,0.0055178571428571
0.0055642857142857,0.0048821428571428,0.0060910714285714,0.0054303571428571,0.0058339285714285,0.0064446428571428,0.0065142857142857,0.0059946428571428,0.0022321428571428,0.0048839285714285,0.0045428571428571,0.0054089285714285,0.0040482142857142,0.0061375,0.0049321428571428,0.0046892857142857,0.0052571428571428,0.0048303571428571,0.0065375,0.0044321428571428,0.0061375,0.0066321428571428,0.0056678571428571,0.0042499999999999,0.0043482142857142,0.0050946428571428,0.0049464285714285,0.00705,0.0050964285714285,0.0041196428571428,0.0050464285714285,0.0054660714285714,0.0061321428571428
0.0062857142857142,0.0050732142857142,0.0075625,0.0063785714285714,0.0069857142857142,0.0075821428571428,0.0074732142857142,0.0072035714285714,0.0024464285714285,0.0056821428571428,0.0056999999999999,0.0058125,0.0037339285714285,0.0074321428571428,0.0058767857142857,0.0051017857142857,0.0061035714285714,0.0055285714285714,0.0075428571428571,0.0043535714285714,0.0074321428571428,0.0078428571428571,0.0066160714285714,0.0041267857142857,0.0041089285714285,0.0051946428571428,0.0051821428571428,0.0081607142857142,0.0054392857142857,0.0037678571428571,0.0053642857142857,0.0065071428571428,0.0074553571428571
0.0075071428571428,0.0063714285714285,0.0082125,0.0085375,0.0080017857142857,0.0085928571428571,0.0086589285714285,0.0081785714285714,0.0027803571428571,0.0074053571428571,0.0066339285714285,0.007825,0.0046982142857142,0.0085535714285714,0.0077017857142857,0.0068249999999999,0.0070357142857142,0.0070875,0.0087946428571428,0.0055357142857142,0.0085535714285714,0.0088821428571428,0.0077553571428571,0.0051160714285714,0.0054589285714285,0.0071678571428571,0.0074232142857142,0.0094678571428571,0.0073232142857142,0.0047160714285714,0.0075535714285714,0.0085607142857142,0.0084821428571428
0.0083839285714285,0.0086839285714285,0.0092464285714285,0.0099303571428571,0.0090089285714285,0.0094571428571428,0.009675,0.0088321428571428,0.0025678571428571,0.0092410714285714,0.0086357142857142,0.0100803571428571,0.0051821428571428,0.0091892857142857,0.0093053571428571,0.0084803571428571,0.0094,0.0089357142857142,0.0099767857142857,0.0075928571428571,0.0091892857142857,0.0094571428571428,0.0099017857142857,0.0075482142857142,0.0074767857142857,0.0093857142857142,0.0088446428571428,0.0100053571428571,0.0087303571428571,0.0056,0.0083125,0.0099785714285714,0.0095
0.0105089285714285,0.0104660714285714,0.0112857142857142,0.0119642857142857,0.0108160714285714,0.0117571428571428,0.0118821428571428,0.0108964285714285,0.0038321428571428,0.0111785714285714,0.0097303571428571,0.0117017857142857,0.0058142857142857,0.0109946428571428,0.0114196428571428,0.0101303571428571,0.0105803571428571,0.0105196428571428,0.0121178571428571,0.0087732142857142,0.0109946428571428,0.0116089285714285,0.0109410714285714,0.0089107142857142,0.0088160714285714,0.0108464285714285,0.0111142857142857,0.0120732142857142,0.0108946428571428,0.0059196428571428,0.0102946428571428,0.0120607142857142,0.0116785714285714
0.0099321428571428,0.0077607142857142,0.0112,0.010675,0.0107803571428571,0.0118446428571428,0.0117053571428571,0.011125,0.0044767857142857,0.0080339285714285,0.0085482142857142,0.0094321428571428,0.0056464285714285,0.0110785714285714,0.0095714285714285,0.0084482142857142,0.0099678571428571,0.0090303571428571,0.0123589285714285,0.0067017857142857,0.0110785714285714,0.0119232142857142,0.0104625,0.0066232142857142,0.0066267857142857,0.008475,0.0087589285714285,0.0118089285714285,0.0088803571428571,0.0056821428571428,0.0086339285714285,0.0106928571428571,0.0115428571428571
0.0132142857142857,0.0124839285714285,0.0135821428571428,0.0152142857142857,0.0132964285714285,0.0143107142857142,0.0146178571428571,0.013125,0.0033267857142857,0.0133125,0.0118446428571428,0.0143892857142857,0.0053571428571428,0.0133982142857142,0.0128982142857142,0.0115035714285714,0.0138714285714285,0.0127321428571428,0.0153982142857142,0.0107107142857142,0.0133982142857142,0.0140571428571428,0.0133642857142857,0.0108803571428571,0.0108142857142857,0.0136482142857142,0.0127303571428571,0.0144232142857142,0.0129875,0.0055553571428571,0.0117607142857142,0.0152607142857142,0.0140357142857142
0.0118392857142857,0.0100910714285714,0.0129142857142857,0.0142321428571428,0.0124267857142857,0.0133982142857142,0.0135053571428571,0.012475,0.004875,0.0114678571428571,0.0111696428571428,0.012725,0.0062232142857142,0.0122160714285714,0.0114482142857142,0.0108696428571428,0.0124232142857142,0.01135,0.0140196428571428,0.0088928571428571,0.0122160714285714,0.0134839285714285,0.0128482142857142,0.0087392857142857,0.00835,0.0118535714285714,0.0113107142857142,0.0134410714285714,0.0112714285714285,0.0077928571428571,0.0106017857142857,0.0142553571428571,0.0128571428571428
0.0120017857142857,0.0112839285714285,0.0121178571428571,0.0145142857142857,0.0118678571428571,0.0128767857142857,0.0127,0.0125285714285714,0.0046607142857142,0.0124482142857142,0.0096660714285714,0.0137446428571428,0.0052499999999999,0.0125071428571428,0.0118660714285714,0.0103375,0.0117107142857142,0.0110857142857142,0.0138892857142857,0.009175,0.0125071428571428,0.0128089285714285,0.0126535714285714,0.009425,0.0090232142857142,0.0128892857142857,0.0124589285714285,0.0129589285714285,0.0125660714285714,0.0058017857142857,0.0116625,0.0145142857142857,0.0125232142857142
0.0107678571428571,0.0108642857142857,0.0124589285714285,0.012825,0.0117035714285714,0.0133642857142857,0.0127446428571428,0.0128214285714285,0.0046428571428571,0.0106767857142857,0.0106678571428571,0.0112696428571428,0.0069285714285714,0.012325,0.0122160714285714,0.0113160714285714,0.0117142857142857,0.0119982142857142,0.0134071428571428,0.0097642857142857,0.012325,0.0132553571428571,0.0120928571428571,0.0095178571428571,0.0093267857142857,0.0113499999999999,0.011175,0.0131410714285714,0.0109607142857142,0.0082089285714285,0.0105214285714285,0.0128428571428571,0.0128946428571428
0.0124285714285714,0.0108624999999999,0.0129678571428571,0.0125946428571428,0.0123232142857142,0.0136982142857142,0.0135517857142857,0.0132660714285714,0.0055464285714285,0.0113999999999999,0.0112535714285714,0.0115357142857142,0.008,0.0132339285714285,0.0120607142857142,0.0120964285714285,0.0128482142857142,0.0116499999999999,0.0149732142857142,0.0093339285714285,0.0132339285714285,0.0133285714285714,0.0136446428571428,0.0093392857142857,0.0087892857142857,0.0109267857142857,0.0110678571428571,0.0137125,0.0106428571428571,0.0098035714285714,0.0107214285714285,0.0128053571428571,0.0133035714285714
0.0140535714285714,0.0122946428571428,0.0147375,0.017425,0.0139928571428571,0.0153607142857142,0.0152821428571428,0.0146392857142857,0.0055375,0.0147607142857142,0.0129446428571428,0.0152928571428571,0.0086910714285714,0.014525,0.0147696428571428,0.0136946428571428,0.01475,0.0141553571428571,0.0166214285714285,0.011575,0.014525,0.0149964285714285,0.0138625,0.0113267857142857,0.0111714285714285,0.0147625,0.0147910714285714,0.0152821428571428,0.0143428571428571,0.0107785714285714,0.0142303571428571,0.0174714285714285,0.0151517857142857
0.0147071428571428,0.0130928571428571,0.0157517857142857,0.0165196428571428,0.0151107142857142,0.0168107142857142,0.0166071428571428,0.0163071428571428,0.0076553571428571,0.0150624999999999,0.0136232142857142,0.016475,0.0106517857142857,0.0162375,0.0145,0.0149321428571428,0.0155535714285714,0.0146660714285714,0.017075,0.0122089285714285,0.0162375,0.0168214285714285,0.0144946428571428,0.0121035714285714,0.0116732142857142,0.0152375,0.0143660714285714,0.016575,0.0145464285714285,0.0130232142857142,0.0142107142857142,0.0166910714285714,0.0163125
0.0127267857142857,0.0114446428571428,0.0141839285714285,0.0154892857142857,0.0134875,0.0146428571428571,0.0145857142857142,0.0141625,0.0077571428571428,0.0132428571428571,0.0118696428571428,0.0139767857142857,0.0102892857142857,0.0140767857142857,0.0126125,0.0125482142857142,0.0127267857142857,0.0126607142857142,0.0152053571428571,0.0113285714285714,0.0140767857142857,0.0146875,0.0136482142857142,0.0108446428571428,0.0108214285714285,0.0133625,0.0127125,0.0150839285714285,0.0125464285714285,0.0126178571428571,0.0123285714285714,0.0155589285714285,0.0141446428571428
0.0146767857142857,0.0146178571428571,0.0159303571428571,0.0191535714285714,0.0152357142857142,0.0169553571428571,0.0164071428571428,0.0162982142857142,0.0078017857142857,0.015875,0.0136946428571428,0.0172392857142857,0.0125017857142857,0.0159125,0.0163089285714285,0.0152553571428571,0.0146160714285714,0.0159375,0.0166125,0.0136482142857142,0.0159125,0.0168267857142857,0.0162392857142857,0.0135107142857142,0.0135124999999999,0.0173892857142857,0.0160071428571428,0.016925,0.0155232142857142,0.0160678571428571,0.0141928571428571,0.0192142857142857,0.0160375
0.016625,0.0160464285714285,0.0179089285714285,0.0230321428571428,0.01695,0.0190464285714285,0.0186285714285714,0.0183839285714285,0.0089857142857142,0.0189785714285714,0.0156196428571428,0.0200839285714285,0.0121357142857142,0.0175571428571428,0.0185214285714285,0.0171339285714285,0.0164517857142857,0.0175267857142857,0.0187946428571428,0.0151464285714285,0.0175571428571428,0.0192607142857142,0.01775,0.0147875,0.0147910714285714,0.0190178571428571,0.0181571428571428,0.0190678571428571,0.0178142857142857,0.016575,0.0168607142857142,0.0229946428571428,0.0175232142857142
0.0169392857142857,0.0177982142857142,0.0179678571428571,0.0210982142857142,0.0171660714285714,0.0175214285714285,0.0184839285714285,0.0172142857142857,0.0096035714285714,0.0179410714285714,0.0173232142857142,0.0194017857142857,0.0112142857142857,0.0168517857142857,0.0183767857142857,0.0188803571428571,0.0179160714285714,0.0181071428571428,0.0192035714285714,0.0179928571428571,0.0168517857142857,0.018,0.0190392857142857,0.0177553571428571,0.0175321428571428,0.0190910714285714,0.0197053571428571,0.0187089285714285,0.0180124999999999,0.0149375,0.0153071428571428,0.0211803571428571,0.0171267857142857
0.0160089285714285,0.0188535714285714,0.0172839285714285,0.0207482142857142,0.0167803571428571,0.0179571428571428,0.0179178571428571,0.0176660714285714,0.0084678571428571,0.0193732142857142,0.0159607142857142,0.0205625,0.0117517857142857,0.0176517857142857,0.0175857142857142,0.01845,0.0166071428571428,0.0177357142857142,0.0186767857142857,0.0192767857142857,0.0176517857142857,0.0180946428571428,0.017525,0.0188625,0.0187553571428571,0.0201035714285714,0.0189160714285714,0.0184660714285714,0.0186089285714285,0.017675,0.0159660714285714,0.0206303571428571,0.0175660714285714
0.0180375,0.0192714285714285,0.0205571428571428,0.0211303571428571,0.0199732142857142,0.0209392857142857,0.0216589285714285,0.0203428571428571,0.0108214285714285,0.0202071428571428,0.0196303571428571,0.0216142857142857,0.0117267857142857,0.0201232142857142,0.0199464285714285,0.0200607142857142,0.0209589285714285,0.0192357142857142,0.0213535714285714,0.0196875,0.0201232142857142,0.0220214285714285,0.0210553571428571,0.0193821428571428,0.0192482142857142,0.0228892857142857,0.0196267857142857,0.0225714285714285,0.0208732142857142,0.0172321428571428,0.0182196428571428,0.0212607142857142,0.0208035714285714
0.0183892857142857,0.0201267857142857,0.0199303571428571,0.0221285714285714,0.0192374999999999,0.0201482142857142,0.0202517857142857,0.0209053571428571,0.0115839285714285,0.0211892857142857,0.0198303571428571,0.0225196428571428,0.0101964285714285,0.0209035714285714,0.0211303571428571,0.0210892857142857,0.0209982142857142,0.0198,0.0215107142857142,0.0206160714285714,0.0209035714285714,0.0213142857142857,0.021075,0.0199821428571428,0.0197589285714285,0.0222249999999999,0.0222607142857142,0.021625,0.0213178571428571,0.018625,0.0169267857142857,0.0225464285714285,0.0206482142857142
0.0160732142857142,0.0203464285714285,0.0191767857142857,0.0197392857142857,0.0180625,0.0202892857142857,0.0190339285714285,0.0217125,0.0116178571428571,0.0215160714285714,0.0200035714285714,0.02225,0.0127821428571428,0.0222857142857142,0.021025,0.0208107142857142,0.0212071428571428,0.0194053571428571,0.0194303571428571,0.0210482142857142,0.0222857142857142,0.0214928571428571,0.0203875,0.0205607142857142,0.0205660714285714,0.0228875,0.0198875,0.0207571428571428,0.0211071428571428,0.0179910714285714,0.020125,0.0200428571428571,0.020075
0.0189910714285714,0.0203232142857142,0.0199339285714285,0.0201125,0.0190964285714285,0.0184678571428571,0.0202982142857142,0.0183785714285714,0.0094857142857142,0.01965,0.0197196428571428,0.0226446428571428,0.0132839285714285,0.0191303571428571,0.0208071428571428,0.0203607142857142,0.0206839285714285,0.0198607142857142,0.0214875,0.0207589285714285,0.0191303571428571,0.0197946428571428,0.0206392857142857,0.0202910714285714,0.0200446428571428,0.0227857142857142,0.0214464285714285,0.0202875,0.0205071428571428,0.0178339285714285,0.0189607142857142,0.0210767857142857,0.0190910714285714
0.0184232142857142,0.0199392857142857,0.0195446428571428,0.0194660714285714,0.0187875,0.0190107142857142,0.0198535714285714,0.0190071428571428,0.0086982142857142,0.0219053571428571,0.0196232142857142,0.0231285714285714,0.0128821428571428,0.0200089285714285,0.0209767857142857,0.0209571428571428,0.0205946428571428,0.0198892857142857,0.0212535714285714,0.0220714285714285,0.0200089285714285,0.0192875,0.0202214285714285,0.020775,0.0203321428571428,0.0218660714285714,0.0204660714285714,0.0201821428571428,0.0216785714285714,0.0168482142857142,0.020325,0.0205017857142857,0.0192428571428571
0.0164625,0.0200017857142857,0.0176392857142857,0.0197607142857142,0.0169928571428571,0.0180375,0.017575,0.0179553571428571,0.0078142857142857,0.0205160714285714,0.0169285714285714,0.0225232142857142,0.0112625,0.0182714285714285,0.0199839285714285,0.0180392857142857,0.01805,0.0183107142857142,0.0187678571428571,0.0219642857142857,0.0182714285714285,0.0174321428571428,0.0191089285714285,0.0201017857142857,0.0202035714285714,0.0218,0.0193714285714285,0.0173232142857142,0.0204517857142857,0.0149339285714285,0.0197071428571428,0.0205142857142857,0.0169892857142857
0.0154160714285714,0.0197374999999999,0.0173464285714285,0.0196535714285714,0.0167892857142857,0.0185589285714285,0.0172142857142857,0.0176125,0.0061839285714285,0.0195589285714285,0.0163428571428571,0.0217375,0.0122660714285714,0.0184071428571428,0.019375,0.0180321428571428,0.0168232142857142,0.0183857142857142,0.0171607142857142,0.0212232142857142,0.0184071428571428,0.0178107142857142,0.0172196428571428,0.0199624999999999,0.0198821428571428,0.0219732142857142,0.0198196428571428,0.0175035714285714,0.0200232142857142,0.0163589285714285,0.0188839285714285,0.0192214285714285,0.0171428571428571
0.0148089285714285,0.0200946428571428,0.0162357142857142,0.0187160714285714,0.0160678571428571,0.0181892857142857,0.0165089285714285,0.0185625,0.0073196428571428,0.0199910714285714,0.0178535714285714,0.0223553571428571,0.0120875,0.0194964285714285,0.0200196428571428,0.0195642857142857,0.0189035714285714,0.0193535714285714,0.0166785714285714,0.0214339285714285,0.0194964285714285,0.0163964285714285,0.0177053571428571,0.0201571428571428,0.0197017857142857,0.0218107142857142,0.0197535714285714,0.0167821428571428,0.0191732142857142,0.0161125,0.0189678571428571,0.0192357142857142,0.0163464285714285
0.0146892857142857,0.0206107142857142,0.0163410714285714,0.0201321428571428,0.0161071428571428,0.0186267857142857,0.01705,0.0184696428571428,0.0092875,0.0206946428571428,0.0168446428571428,0.0224053571428571,0.0114517857142857,0.0196339285714285,0.0199375,0.0188428571428571,0.0196732142857142,0.0188517857142857,0.016625,0.0204964285714285,0.0196339285714285,0.0178892857142857,0.0164089285714285,0.0198553571428571,0.0187714285714285,0.0229285714285714,0.0206375,0.0180535714285714,0.020325,0.0167089285714285,0.0193928571428571,0.0200982142857142,0.0170178571428571
0.0151910714285714,0.0191785714285714,0.0175071428571428,0.0186410714285714,0.0170803571428571,0.0180267857142857,0.0180767857142857,0.017675,0.0094839285714285,0.0179017857142857,0.0165732142857142,0.0206696428571428,0.0124339285714285,0.0185625,0.0190035714285714,0.0188821428571428,0.0210678571428571,0.0180124999999999,0.0180964285714285,0.0211053571428571,0.0185625,0.0181285714285714,0.0165178571428571,0.0199410714285714,0.0196071428571428,0.0206678571428571,0.0184321428571428,0.0182785714285714,0.019,0.0163482142857142,0.0181696428571428,0.0191964285714285,0.0172178571428571
0.0132053571428571,0.0203714285714285,0.015475,0.0178678571428571,0.0145482142857142,0.0178517857142857,0.0159017857142857,0.0179,0.0093571428571428,0.0168982142857142,0.0146125,0.0192125,0.0114892857142857,0.0189946428571428,0.0165053571428571,0.0176321428571428,0.0193767857142857,0.0163125,0.0158785714285714,0.0210696428571428,0.0189946428571428,0.0171375,0.0147607142857142,0.0203785714285714,0.0203464285714285,0.0205071428571428,0.0171910714285714,0.0166410714285714,0.0178803571428571,0.0159142857142857,0.0160357142857142,0.0173821428571428,0.0158910714285714
0.0146357142857142,0.0140375,0.0147482142857142,0.0134321428571428,0.0146392857142857,0.0163803571428571,0.0158017857142857,0.0160107142857142,0.0087714285714285,0.0134178571428571,0.0106553571428571,0.0155535714285714,0.0105196428571428,0.0166214285714285,0.0117357142857142,0.0116214285714285,0.0143517857142857,0.0111875,0.01665,0.0153535714285714,0.0166214285714285,0.0163910714285714,0.0136392857142857,0.0141142857142857,0.0142982142857142,0.0154785714285714,0.0121892857142857,0.0165178571428571,0.0131303571428571,0.0140517857142857,0.0122517857142857,0.0131428571428571,0.0153232142857142
0.0125517857142857,0.0133678571428571,0.0129875,0.012775,0.0128875,0.0138178571428571,0.0138232142857142,0.014025,0.0080642857142857,0.0127874999999999,0.0108982142857142,0.0141035714285714,0.0106464285714285,0.0146071428571428,0.0116821428571428,0.0114375,0.0134303571428571,0.01125,0.0141285714285714,0.0142535714285714,0.0146071428571428,0.0139517857142857,0.0128214285714285,0.0132660714285714,0.0129232142857142,0.0141053571428571,0.0112589285714285,0.0142357142857142,0.0119589285714285,0.0152875,0.0115482142857142,0.0127589285714285,0.0134446428571428
0.0087767857142857,0.0097214285714285,0.0103732142857142,0.0093392857142857,0.0097,0.0107482142857142,0.0103857142857142,0.0113428571428571,0.0077553571428571,0.0095446428571428,0.0085303571428571,0.0105321428571428,0.0102196428571428,0.0114803571428571,0.0079928571428571,0.0083,0.0093321428571428,0.0081125,0.0101267857142857,0.0103357142857142,0.0114803571428571,0.0116910714285714,0.0104392857142857,0.0094642857142857,0.0092928571428571,0.0104785714285714,0.0084035714285714,0.0116964285714285,0.0090375,0.0135285714285714,0.0086785714285714,0.0093160714285714,0.0102589285714285
0.0113767857142857,0.0122517857142857,0.0123982142857142,0.0124285714285714,0.0119839285714285,0.0128714285714285,0.0129696428571428,0.0124714285714285,0.0058410714285714,0.0118857142857142,0.0116928571428571,0.0124696428571428,0.0094803571428571,0.0126357142857142,0.0114160714285714,0.0117410714285714,0.0121928571428571,0.0115053571428571,0.0131535714285714,0.0127571428571428,0.0126357142857142,0.0130303571428571,0.0124285714285714,0.0119392857142857,0.0116374999999999,0.0122732142857142,0.0113946428571428,0.0134303571428571,0.0117928571428571,0.0131767857142857,0.0114607142857142,0.0123410714285714,0.0127160714285714
0.0110553571428571,0.0102982142857142,0.0119767857142857,0.0105857142857142,0.0118660714285714,0.01245,0.0127946428571428,0.0122392857142857,0.0047517857142857,0.0098642857142857,0.0100428571428571,0.0115660714285714,0.0087803571428571,0.0126303571428571,0.0097321428571428,0.0098392857142857,0.0108482142857142,0.0094892857142857,0.0128553571428571,0.0105892857142857,0.0126303571428571,0.0131321428571428,0.0118535714285714,0.0099017857142857,0.010075,0.0112821428571428,0.0094964285714285,0.0134821428571428,0.0101660714285714,0.0127678571428571,0.0095428571428571,0.0104017857142857,0.01195
0.009175,0.0095535714285714,0.0110285714285714,0.0090732142857142,0.0103767857142857,0.0106785714285714,0.0113875,0.0111267857142857,0.0045535714285714,0.0091160714285714,0.0087071428571428,0.0096625,0.009075,0.0112071428571428,0.0086678571428571,0.0086339285714285,0.0092464285714285,0.0085875,0.0112714285714285,0.0097714285714285,0.0112071428571428,0.0114892857142857,0.0100107142857142,0.0090375,0.0091410714285714,0.0098660714285714,0.0087267857142857,0.0116035714285714,0.0095660714285714,0.0130464285714285,0.0088071428571428,0.0090714285714285,0.0110625
0.0104053571428571,0.0085910714285714,0.0111607142857142,0.0086267857142857,0.0106410714285714,0.0113375,0.0117,0.0112571428571428,0.0038375,0.0085910714285714,0.0077875,0.0091375,0.0083357142857142,0.0112339285714285,0.0075928571428571,0.007575,0.0093517857142857,0.0075660714285714,0.0121321428571428,0.0088857142857142,0.0112339285714285,0.0117410714285714,0.0109625,0.0080446428571428,0.0082714285714285,0.0088732142857142,0.0077339285714285,0.0119928571428571,0.0082517857142857,0.0122428571428571,0.0078339285714285,0.0085517857142857,0.0113803571428571
0.010225,0.0088642857142857,0.0113232142857142,0.0100142857142857,0.0108357142857142,0.0107321428571428,0.011925,0.0113321428571428,0.0027428571428571,0.0090928571428571,0.0090160714285714,0.0093982142857142,0.0070875,0.0117732142857142,0.0089839285714285,0.0086857142857142,0.0101625,0.0086696428571428,0.0119803571428571,0.0091392857142857,0.0117732142857142,0.0115857142857142,0.0106071428571428,0.0085785714285714,0.0084196428571428,0.0099517857142857,0.0087464285714285,0.012225,0.0089964285714285,0.0104767857142857,0.0087589285714285,0.0100392857142857,0.0111767857142857
0.0099375,0.0090625,0.0097732142857142,0.0101125,0.0094375,0.0078785714285714,0.0103821428571428,0.0092303571428571,0.0025232142857142,0.0091946428571428,0.0083464285714285,0.0102499999999999,0.0056732142857142,0.0093946428571428,0.0083892857142857,0.0089874999999999,0.0091410714285714,0.0084035714285714,0.0111392857142857,0.0085303571428571,0.0093946428571428,0.0087196428571428,0.0098214285714285,0.0081464285714285,0.0081375,0.0102589285714285,0.0085482142857142,0.0103714285714285,0.0092678571428571,0.0091910714285714,0.0086053571428571,0.0100571428571428,0.0094482142857142
0.0071214285714285,0.0052071428571428,0.0075732142857142,0.0065517857142857,0.0072589285714285,0.0071928571428571,0.0079946428571428,0.0074821428571428,0.0024410714285714,0.0056392857142857,0.00585,0.0060375,0.0048482142857142,0.0077339285714285,0.0060964285714285,0.0063553571428571,0.0062857142857142,0.0064857142857142,0.0083910714285714,0.0052732142857142,0.0077339285714285,0.0076928571428571,0.007575,0.0047696428571428,0.0048089285714285,0.0058267857142857,0.0058142857142857,0.0082178571428571,0.0059267857142857,0.0080785714285714,0.006,0.0065321428571428,0.0072392857142857
0.0066857142857142,0.0048678571428571,0.0070535714285714,0.0058214285714285,0.0068089285714285,0.0071357142857142,0.0074125,0.0071803571428571,0.0016071428571428,0.0052464285714285,0.0058874999999999,0.0053321428571428,0.0045196428571428,0.007375,0.0058249999999999,0.0055625,0.0065142857142857,0.0056875,0.0078214285714285,0.0048714285714285,0.007375,0.0074196428571428,0.0075625,0.0044107142857142,0.0044732142857142,0.0050321428571428,0.0051160714285714,0.007725,0.0050160714285714,0.00725,0.0050714285714285,0.0057678571428571,0.0073428571428571
0.0053214285714285,0.0044089285714285,0.0061982142857142,0.0047660714285714,0.0059553571428571,0.0061607142857142,0.0065303571428571,0.0064285714285714,0.0015142857142857,0.0045178571428571,0.0039732142857142,0.0049589285714285,0.0042035714285714,0.0065285714285714,0.0042035714285714,0.0040232142857142,0.0048125,0.00425,0.0065035714285714,0.0041767857142857,0.0065285714285714,0.0067428571428571,0.0059696428571428,0.0038660714285714,0.0039910714285714,0.0043910714285714,0.0037928571428571,0.0069839285714285,0.0041839285714285,0.0069017857142857,0.0040321428571428,0.0046696428571428,0.0062267857142857
0.0047428571428571,0.0032339285714285,0.0053839285714285,0.0033696428571428,0.0052017857142857,0.005375,0.0056392857142857,0.0054053571428571,0.0010875,0.0032535714285714,0.0035035714285714,0.0032553571428571,0.004075,0.0055142857142857,0.0032946428571428,0.0033285714285714,0.0042142857142857,0.0033946428571428,0.0057482142857142,0.0032803571428571,0.0055142857142857,0.0056321428571428,0.0052553571428571,0.0029428571428571,0.0030428571428571,0.0030678571428571,0.0027339285714285,0.0058803571428571,0.0029071428571428,0.0064482142857142,0.0028910714285714,0.0033214285714285,0.0055571428571428
0.0040767857142857,0.0031285714285714,0.0052571428571428,0.0031303571428571,0.0048535714285714,0.0058089285714285,0.0053517857142857,0.0060053571428571,0.0011803571428571,0.0030892857142857,0.0032339285714285,0.0030482142857142,0.0040017857142857,0.0061928571428571,0.0027482142857142,0.0025553571428571,0.0038446428571428,0.0026946428571428,0.0051392857142857,0.003225,0.0061928571428571,0.0061303571428571,0.0047642857142857,0.0027678571428571,0.0030982142857142,0.0030285714285714,0.0027285714285714,0.0062142857142857,0.0030285714285714,0.0063375,0.0029678571428571,0.0030392857142857,0.0055749999999999
0.0053083333333333,0.0025125,0.0052541666666666,0.0031583333333333,0.0051583333333333,0.0054208333333333,0.0057916666666666,0.0055,0.0009458333333333,0.0031083333333333,0.0037375,0.0028708333333333,0.0045208333333333,0.0056916666666666,0.0031958333333333,0.0031708333333333,0.005,0.003075,0.0061625,0.0025791666666666,0.0056916666666666,0.0058541666666666,0.0054791666666666,0.0021958333333333,0.0024583333333333,0.0026875,0.0027791666666666,0.0063625,0.0030833333333333,0.0067083333333333,0.0029166666666666,0.0031,0.0057374999999999
