BM,BTG,BWQ,CLJ,CT,DMZ,FSB,GGS,GTQ,HK,HLS,HMS,JJQ,LJG,LK,NJG,PS,QJDQ,QXC,SJY,SMZ,SPY,SWB,SXC,WC,WHK,XH,XJX,YJ,YLJK,YSG,YYL,ZT
92960.19642857143,100390.58928571428,97814.35714285714,100159.39285714286,95968.35714285714,97512.33928571428,97810.35714285714,96014.60714285714,67868.58928571429,99299.67857142857,94405.39285714286,100299.66071428572,81044.80357142857,95891.21428571428,100075.69642857143,98611.94642857143,94875.44642857143,99303.14285714286,98432.07142857143,100479.53571428572,95891.21428571428,96854.28571428572,96867.32142857143,100101.67857142857,100600.85714285714,100351.94642857143,100197.41071428572,97553.33928571428,100175.55357142857,87571.91071428571,100112.44642857143,100166.39285714286,97649.26785714286
92741.16071428572,100238.19642857143,97572.35714285714,99886.33928571428,95730.78571428572,97286.35714285714,97561.625,95800.75,68058.80357142857,99146.01785714286,94159.21428571428,100144.41071428572,80949.01785714286,95679.25,99771.375,98325.5,94628.89285714286,99007.19642857143,98160.60714285714,100404.21428571428,95679.25,96625.30357142857,96616.28571428572,99992.23214285714,100517.83928571428,100194.57142857143,99927.66071428572,97314.19642857143,99951.89285714286,87508.25,99853.03571428572,99889.83928571428,97406.92857142857
92865.26785714286,100323.5,97689.625,100031.46428571428,95858.17857142857,97391.875,97691.83928571428,95897.01785714286,68130.98214285714,99285.75,94295.67857142857,100288.96428571428,81075.32142857143,95773.71428571428,99937.25,98480.23214285714,94779.92857142857,99170.55357142857,98321.17857142857,100427.55357142857,95773.71428571428,96736.41071428572,96778.66071428572,100040.60714285714,100542.0,100320.73214285714,100075.67857142857,97431.21428571428,100093.66071428572,87674.26785714286,99998.625,100036.67857142857,97523.89285714286
92826.03571428572,100414.53571428572,97521.16071428572,100091.10714285714,95711.19642857143,97200.875,97513.33928571428,95727.55357142857,68228.10714285714,99430.23214285714,94237.94642857143,100429.01785714286,81312.85714285714,95606.98214285714,99811.82142857143,98316.21428571428,94737.51785714286,98993.01785714286,98182.375,100495.39285714286,95606.98214285714,96545.03571428572,96712.78571428572,100111.67857142857,100649.375,100444.51785714286,100062.42857142857,97220.14285714286,100163.53571428572,87863.16071428571,100016.83928571428,100091.03571428572,97327.23214285714
92942.67857142857,100534.23214285714,97699.26785714286,100128.42857142857,95876.44642857143,97391.58928571428,97695.625,95912.80357142857,68229.23214285714,99405.03571428572,94355.5,100401.5,81199.78571428571,95792.75,99988.98214285714,98536.42857142857,94824.03571428572,99212.66071428572,98321.58928571428,100742.07142857143,95792.75,96735.96428571428,96791.32142857143,100314.92857142857,100856.89285714286,100461.55357142857,100159.35714285714,97422.83928571428,100209.64285714286,87789.5,100091.94642857143,100131.03571428572,97532.03571428572
92722.89285714286,99673.21428571428,97437.55357142857,99721.76785714286,95632.42857142857,97136.78571428572,97436.48214285714,95676.48214285714,68060.21428571429,98754.32142857143,94109.46428571428,99756.23214285714,81015.64285714286,95559.48214285714,99673.42857142857,98252.10714285714,94578.10714285714,98925.16071428572,98069.57142857143,99805.33928571428,95559.48214285714,96488.5,96561.64285714286,99414.51785714286,99866.10714285714,99768.94642857143,99749.48214285714,97178.58928571428,99692.0,87631.82142857143,99656.41071428572,99730.375,97278.07142857143
92650.28571428572,99889.08928571428,97311.32142857143,99610.28571428572,95526.26785714286,97019.46428571428,97314.42857142857,95557.03571428572,68170.53571428571,98815.16071428572,93981.96428571428,99806.05357142857,81136.94642857143,95441.73214285714,99513.71428571428,98082.35714285714,94449.85714285714,98752.39285714286,97940.66071428572,100026.08928571428,95441.73214285714,96377.21428571428,96425.69642857143,99638.32142857143,100137.625,99854.83928571428,99650.85714285714,97062.21428571428,99659.89285714286,87710.58928571429,99572.01785714286,99616.71428571428,97164.98214285714
92822.76785714286,100266.10714285714,97582.67857142857,99958.08928571428,95766.03571428572,97308.67857142857,97587.85714285714,95844.0,68073.875,99145.35714285714,94300.19642857143,100139.80357142857,81152.35714285714,95730.53571428572,99898.30357142857,98463.35714285714,94773.28571428572,99145.71428571428,98204.96428571428,100418.98214285714,95730.53571428572,96647.39285714286,96700.46428571428,100026.92857142857,100526.875,100213.30357142857,100004.33928571428,97326.03571428572,100008.80357142857,87695.83928571429,99917.21428571428,99965.64285714286,97431.10714285714
93132.17857142857,100740.42857142857,97879.23214285714,100468.76785714286,96055.58928571428,97593.69642857143,97887.94642857143,96111.48214285714,68189.64285714286,99644.375,94682.44642857143,100651.89285714286,81279.55357142857,95996.30357142857,100401.66071428572,98949.69642857143,95143.0,99642.42857142857,98513.30357142857,100853.82142857143,95996.30357142857,96927.28571428572,97024.42857142857,100481.85714285714,100953.92857142857,100705.76785714286,100527.55357142857,97608.375,100522.21428571428,87923.83928571429,100444.51785714286,100475.35714285714,97724.625
92932.98214285714,100422.10714285714,97678.44642857143,100186.17857142857,95852.82142857143,97401.125,97669.64285714286,95932.08928571428,68259.26785714286,99405.85714285714,94374.10714285714,100410.19642857143,81251.51785714286,95815.23214285714,100044.26785714286,98579.85714285714,94843.19642857143,99260.39285714286,98298.375,100499.58928571428,95815.23214285714,96731.89285714286,96803.35714285714,100128.21428571428,100622.89285714286,100439.53571428572,100215.82142857143,97406.08928571428,100237.44642857143,87838.35714285714,100140.85714285714,100188.91071428572,97515.92857142857
93455.76785714286,101016.98214285714,98365.75,100769.41071428572,96488.64285714286,98080.41071428572,98350.91071428572,96566.41071428572,68332.57142857143,99969.57142857143,94897.625,100972.125,81511.92857142857,96445.25,100649.26785714286,99159.80357142857,95376.82142857143,99848.625,98953.42857142857,101117.28571428572,96445.25,97402.30357142857,97380.75,100745.17857142857,101222.44642857143,101017.16071428572,100815.375,98089.51785714286,100820.51785714286,88151.26785714286,100735.375,100773.69642857143,98206.58928571428
93437.05357142857,100974.03571428572,98277.28571428572,100718.19642857143,96432.875,98000.48214285714,98269.91071428572,96505.80357142857,68484.875,99888.55357142857,94866.26785714286,100889.78571428572,81557.51785714286,96389.28571428572,100619.42857142857,99131.19642857143,95346.53571428572,99829.28571428572,98885.67857142857,101061.32142857143,96389.28571428572,97327.32142857143,97333.39285714286,100684.03571428572,101167.76785714286,100948.83928571428,100767.26785714286,98006.64285714286,100751.57142857143,88246.60714285714,100682.26785714286,100725.5,98123.69642857143
93548.19642857143,100964.07142857143,98316.80357142857,100704.85714285714,96482.0,98008.94642857143,98317.89285714286,96508.23214285714,68431.67857142857,99883.82142857143,94998.69642857143,100893.58928571428,81598.0,96386.46428571428,100626.92857142857,99181.89285714286,95473.55357142857,99861.375,98963.80357142857,101061.76785714286,96386.46428571428,97333.75,97454.625,100702.69642857143,101144.5,100950.92857142857,100765.25,98011.75,100768.10714285714,88270.92857142857,100680.98214285714,100711.10714285714,98136.76785714286
93421.35714285714,100926.69642857143,98258.10714285714,100635.94642857143,96408.01785714286,97977.78571428572,98262.35714285714,96464.92857142857,68443.125,99905.53571428572,94826.33928571428,100909.21428571428,81550.07142857143,96346.32142857143,100480.08928571428,98997.33928571428,95318.32142857143,99682.76785714286,98890.94642857143,101019.64285714286,96346.32142857143,97307.51785714286,97305.875,100636.23214285714,101149.96428571428,100921.51785714286,100680.94642857143,97996.35714285714,100725.66071428572,88189.125,100613.14285714286,100639.71428571428,98111.625
93455.78571428572,101149.82142857143,98240.28571428572,100791.33928571428,96400.39285714286,97961.875,98226.05357142857,96465.17857142857,68549.51785714286,100027.64285714286,94917.375,101027.55357142857,81688.5,96347.17857142857,100650.28571428572,99143.96428571428,95392.125,99843.26785714286,98844.73214285714,101322.07142857143,96347.17857142857,97282.375,97327.03571428572,100908.19642857143,101438.60714285714,101080.96428571428,100843.30357142857,97955.71428571428,100861.01785714286,88330.10714285714,100766.28571428572,100795.53571428572,98080.41071428572
93296.21428571428,101155.58928571428,98069.625,100804.92857142857,96224.78571428572,97768.07142857143,98048.85714285714,96280.48214285714,68306.14285714286,100076.07142857143,94869.85714285714,101076.73214285714,81506.71428571429,96163.21428571428,100681.66071428572,99156.60714285714,95330.0,99869.39285714286,98654.71428571428,101299.0,96163.21428571428,97094.25,97178.30357142857,100885.71428571428,101432.21428571428,101133.33928571428,100889.73214285714,97774.30357142857,100926.92857142857,88103.5,100789.96428571428,100808.82142857143,97895.35714285714
94073.57142857143,101773.66071428572,99110.71428571428,101580.30357142857,97186.82142857143,98831.73214285714,99089.08928571428,97284.42857142857,68240.07142857143,100578.91071428572,95651.10714285714,101596.76785714286,81537.32142857143,97157.30357142857,101609.14285714286,100094.46428571428,96114.91071428572,100836.76785714286,99691.60714285714,101833.17857142857,97157.30357142857,98134.71428571428,98073.71428571428,101480.5,101912.03571428572,101732.28571428572,101683.44642857143,98835.64285714286,101593.28571428572,88279.69642857143,101546.76785714286,101590.375,98957.05357142857
94525.33928571428,102329.01785714286,99624.89285714286,102127.60714285714,97678.92857142857,99338.875,99613.64285714286,97762.25,68255.23214285714,101152.60714285714,96095.19642857143,102204.19642857143,81866.42857142857,97635.48214285714,102121.94642857143,100580.5,96585.21428571428,101325.64285714286,100250.98214285714,102395.25,97635.48214285714,98633.78571428572,98625.94642857143,102032.69642857143,102487.125,102290.19642857143,102217.05357142857,99349.48214285714,102161.60714285714,88660.53571428571,102087.32142857143,102137.35714285714,99474.41071428572
94572.96428571428,102338.69642857143,99630.19642857143,102105.71428571428,97693.42857142857,99315.16071428572,99620.28571428572,97727.60714285714,68338.42857142857,101214.60714285714,96038.25,102270.625,81758.91071428571,97608.64285714286,102008.03571428572,100464.21428571428,96533.80357142857,101190.39285714286,100275.17857142857,102450.32142857143,97608.64285714286,98612.69642857143,98627.67857142857,102051.66071428572,102560.19642857143,102314.41071428572,102151.75,99327.875,102161.85714285714,88645.26785714286,102040.69642857143,102111.78571428572,99460.46428571428
94457.44642857143,102182.85714285714,99497.21428571428,101894.57142857143,97568.69642857143,99186.48214285714,99490.125,97599.16071428572,68451.48214285714,101046.875,95908.64285714286,102087.53571428572,81799.21428571429,97481.64285714286,101801.21428571428,100275.94642857143,96417.51785714286,100994.33928571428,100163.48214285714,102335.83928571428,97481.64285714286,98479.89285714286,98517.92857142857,101923.75,102446.42857142857,102126.94642857143,101937.03571428572,99193.25,101946.375,88507.64285714286,101841.03571428572,101900.05357142857,99324.96428571428
94304.82142857143,101855.19642857143,99496.08928571428,101780.64285714286,97524.85714285714,99178.35714285714,99464.66071428572,97566.16071428572,68253.91071428571,100794.21428571428,95706.875,101852.44642857143,81567.75,97439.75,101665.10714285714,100099.98214285714,96234.57142857143,100833.5,100119.42857142857,101875.82142857143,97439.75,98462.96428571428,98433.42857142857,101512.30357142857,101994.73214285714,101887.0,101793.69642857143,99174.25,101765.25,88387.64285714286,101702.46428571428,101782.69642857143,99315.75
94533.17857142857,102078.91071428572,99737.83928571428,101886.39285714286,97761.01785714286,99399.26785714286,99729.32142857143,97764.35714285714,68220.25,101003.82142857143,95888.69642857143,102053.98214285714,81526.5,97633.07142857143,101765.14285714286,100220.78571428572,96424.39285714286,100940.41071428572,100393.80357142857,102150.55357142857,97633.07142857143,98688.80357142857,98671.51785714286,101765.42857142857,102285.125,102071.44642857143,101900.46428571428,99422.16071428572,101904.53571428572,88414.17857142857,101819.28571428572,101887.41071428572,99559.82142857143
94315.76785714286,102019.78571428572,99522.71428571428,101832.64285714286,97541.73214285714,99228.28571428572,99509.625,97602.16071428572,68093.73214285714,100962.78571428572,95716.60714285714,102020.375,81434.05357142857,97475.01785714286,101687.44642857143,100117.51785714286,96230.25,100849.60714285714,100145.33928571428,102091.76785714286,97475.01785714286,98511.83928571428,98454.19642857143,101699.78571428572,102216.46428571428,102049.08928571428,101875.03571428572,99234.41071428572,101880.33928571428,88432.83928571429,101795.19642857143,101832.67857142857,99370.26785714286
94768.46428571428,102603.75,99942.69642857143,102369.89285714286,97964.41071428572,99631.60714285714,99926.94642857143,98005.5,68494.05357142857,101460.26785714286,96222.30357142857,102525.41071428572,81909.10714285714,97879.46428571428,102278.16071428572,100701.14285714286,96725.26785714286,101441.16071428572,100599.125,102697.19642857143,97879.46428571428,98912.89285714286,99561.76785714286,102301.07142857143,102809.25,102568.08928571428,102427.01785714286,99637.30357142857,102414.92857142857,88886.46428571429,102332.89285714286,102371.08928571428,99777.5
94665.16071428572,102598.94642857143,99776.07142857143,102356.01785714286,97806.71428571428,99467.10714285714,99754.94642857143,97842.25,68458.98214285714,101473.41071428572,96170.23214285714,102541.30357142857,81891.78571428571,97715.625,102245.57142857143,100660.10714285714,96670.73214285714,101402.625,100455.30357142857,102710.48214285714,97715.625,98752.03571428572,102169.19642857143,102298.98214285714,102832.125,102576.96428571428,102403.5,99472.69642857143,102418.05357142857,88781.92857142857,102292.07142857143,102357.82142857143,99605.375
94491.78571428572,102485.76785714286,99627.17857142857,102220.17857142857,97652.46428571428,99323.07142857143,99610.30357142857,97706.39285714286,68268.16071428571,101322.05357142857,95975.19642857143,102373.875,81721.71428571429,97582.96428571428,102123.51785714286,100525.89285714286,96460.98214285714,101281.14285714286,100290.94642857143,102609.76785714286,97582.96428571428,98603.58928571428,101952.42857142857,102196.91071428572,102722.69642857143,102428.73214285714,102271.42857142857,99322.39285714286,102266.98214285714,88545.44642857143,102154.25,102221.76785714286,99455.98214285714
94646.125,102406.625,99869.28571428572,102239.875,97867.71428571428,99543.375,99847.82142857143,97902.19642857143,68019.17857142857,101335.42857142857,96086.5,102407.19642857143,81647.05357142857,97772.25,102095.875,100509.14285714286,96596.85714285714,101245.98214285714,100522.33928571428,102478.125,97772.25,98824.41071428572,102184.07142857143,102080.42857142857,102608.98214285714,102423.71428571428,102276.55357142857,99559.55357142857,102285.125,88587.875,102166.82142857143,102240.55357142857,99694.73214285714
94856.66071428572,103102.0,100055.85714285714,102868.83928571428,98044.10714285714,99718.94642857143,100036.73214285714,98068.28571428572,68096.625,101896.35714285714,96449.44642857143,102985.55357142857,81786.96428571429,97935.39285714286,102775.5,101112.85714285714,96942.82142857143,101902.01785714286,100746.21428571428,103189.75,97935.39285714286,98986.58928571428,102496.96428571428,102790.39285714286,103296.19642857143,103063.78571428572,102932.57142857143,99716.69642857143,102894.96428571428,88662.69642857143,102809.0,102870.78571428572,99862.71428571428
94613.875,102649.73214285714,99834.67857142857,102381.26785714286,97831.30357142857,99509.76785714286,99823.83928571428,97853.125,68255.625,101487.23214285714,96098.91071428572,102555.80357142857,81776.67857142857,97722.32142857143,102270.875,100651.92857142857,96607.51785714286,101418.66071428572,100487.94642857143,102824.96428571428,97722.32142857143,98788.94642857143,99593.67857142857,102388.875,102935.01785714286,102594.21428571428,102426.16071428572,99525.41071428572,102417.35714285714,88571.44642857143,102336.66071428572,102382.51785714286,99666.69642857143
94489.875,102606.07142857143,99638.98214285714,102382.625,97656.60714285714,99318.35714285714,99628.82142857143,97688.66071428572,68098.42857142857,101448.16071428572,96013.41071428572,102532.64285714286,81503.23214285714,97562.25,102274.69642857143,100642.51785714286,96505.60714285714,101411.67857142857,100299.25,102713.73214285714,97562.25,98598.16071428572,98651.375,102302.44642857143,102832.30357142857,102582.91071428572,102433.91071428572,99330.125,102407.14285714286,88277.625,102342.75,102384.71428571428,99458.125
94419.17857142857,102543.42857142857,99588.07142857143,102252.82142857143,97599.96428571428,99254.01785714286,99570.125,97616.48214285714,68240.05357142857,101366.21428571428,95937.01785714286,102438.35714285714,81708.66071428571,97487.14285714286,102132.44642857143,100505.07142857143,96438.71428571428,101269.17857142857,100264.76785714286,102703.26785714286,97487.14285714286,98533.33928571428,98624.23214285714,102267.33928571428,102823.82142857143,102486.21428571428,102300.73214285714,99264.71428571428,102289.25,88557.30357142857,102215.69642857143,102253.78571428572,99395.92857142857
93828.10714285714,102226.26785714286,98928.48214285714,101913.57142857143,96954.21428571428,98594.78571428572,98909.44642857143,96982.55357142857,67502.64285714286,100969.19642857143,95551.67857142857,102023.85714285714,81235.64285714286,96859.80357142857,101892.64285714286,100250.33928571428,96018.19642857143,101044.01785714286,99578.125,102444.51785714286,96859.80357142857,97878.35714285714,98002.30357142857,102009.33928571428,102539.66071428572,102113.69642857143,101984.91071428572,98594.17857142857,101918.94642857143,87987.39285714286,101882.44642857143,101919.51785714286,98731.625
94407.39285714286,102713.80357142857,99627.05357142857,102446.83928571428,97615.67857142857,99296.08928571428,99604.48214285714,97650.96428571428,67560.48214285714,101462.125,96050.91071428572,102555.73214285714,81251.19642857143,97521.125,102369.96428571428,100734.35714285714,96537.71428571428,101517.33928571428,100289.69642857143,102818.30357142857,97521.125,98564.51785714286,98658.46428571428,102410.10714285714,102936.71428571428,102639.82142857143,102496.82142857143,99292.85714285714,102461.89285714286,88075.53571428571,102403.64285714286,102451.39285714286,99427.10714285714
94431.19642857143,102782.69642857143,99627.03571428572,102488.39285714286,97616.08928571428,99271.82142857143,99596.25,97629.64285714286,67590.57142857143,101576.30357142857,96064.26785714286,102666.91071428572,81392.82142857143,97504.33928571428,102390.53571428572,100738.07142857143,96547.57142857143,101525.89285714286,100286.66071428572,102917.21428571428,97504.33928571428,98544.83928571428,98665.39285714286,102499.48214285714,103027.33928571428,102728.75,102546.85714285714,99270.85714285714,102526.94642857143,88198.91071428571,102459.58928571428,102488.16071428572,99411.33928571428
94024.78571428572,102293.41071428572,99127.41071428572,101979.01785714286,97153.42857142857,98761.21428571428,99091.07142857143,97139.01785714286,67727.85714285714,101083.89285714286,95633.51785714286,102159.0,81279.125,97011.94642857143,101879.51785714286,100258.0,96115.94642857143,101025.03571428572,99814.21428571428,102479.25,97011.94642857143,98050.76785714286,98210.35714285714,102044.14285714286,102591.28571428572,102226.28571428572,102041.28571428572,98777.82142857143,102027.60714285714,87947.75,101955.39285714286,101979.48214285714,98914.96428571428
94742.01785714286,103039.73214285714,99963.67857142857,102767.21428571428,97949.26785714286,99610.875,99916.08928571428,97966.32142857143,67642.46428571429,101808.71428571428,96315.32142857143,102905.14285714286,81361.17857142857,97838.96428571428,102672.96428571428,101010.41071428572,96800.82142857143,101802.30357142857,100613.16071428572,103177.21428571428,97838.96428571428,98879.89285714286,98952.10714285714,102752.69642857143,103292.32142857143,102975.25,102816.23214285714,99611.05357142857,102787.57142857143,88413.01785714286,102724.42857142857,102769.91071428572,99751.66071428572
94312.42857142857,102169.10714285714,99438.03571428572,101955.17857142857,97468.98214285714,99099.26785714286,99407.48214285714,97485.76785714286,68020.01785714286,101085.875,95763.08928571428,102150.07142857143,81695.375,97363.92857142857,101786.96428571428,100201.60714285714,96271.53571428572,100932.53571428572,100113.17857142857,102286.16071428572,97363.92857142857,98386.35714285714,98474.08928571428,101868.33928571428,102420.91071428572,102156.0,101973.53571428572,99108.19642857143,101987.51785714286,88402.60714285714,101896.55357142857,101955.03571428572,99244.96428571428
93779.08928571428,101742.19642857143,98757.71428571428,101399.28571428572,96834.39285714286,98425.57142857143,98722.48214285714,96842.21428571428,68301.875,100610.66071428572,95332.44642857143,101650.875,81480.55357142857,96725.89285714286,101265.19642857143,99710.0,95821.92857142857,100430.01785714286,99433.5,101897.92857142857,96725.89285714286,97731.44642857143,97875.73214285714,101472.83928571428,102031.80357142857,101694.625,101436.32142857143,98431.51785714286,101467.60714285714,88092.69642857143,101364.60714285714,101401.08928571428,98570.21428571428
93204.91071428572,101035.48214285714,97971.07142857143,100664.14285714286,96121.03571428572,97645.19642857143,97948.125,96112.82142857143,68270.28571428571,99938.19642857143,94691.92857142857,100954.01785714286,81265.60714285714,95999.375,100516.14285714286,99003.10714285714,95150.96428571428,99706.5,98634.03571428572,101247.26785714286,95999.375,96974.64285714286,97136.57142857143,100801.53571428572,101365.92857142857,100978.28571428572,100710.19642857143,97659.96428571428,100736.82142857143,87788.44642857143,100638.03571428572,100663.33928571428,97786.98214285714
93347.08928571428,101707.39285714286,98216.51785714286,101404.98214285714,96311.78571428572,97880.55357142857,98168.21428571428,96329.55357142857,67904.41071428571,100464.60714285714,95107.07142857143,101501.94642857143,81143.23214285714,96212.69642857143,101356.42857142857,99732.58928571428,95552.07142857143,100513.03571428572,98878.60714285714,101893.67857142857,96212.69642857143,97187.73214285714,97415.69642857143,101468.89285714286,101986.25,101605.5,101478.30357142857,97875.05357142857,101418.17857142857,87618.625,101375.46428571428,101409.91071428572,98009.94642857143
93700.98214285714,101575.91071428572,98713.64285714286,101328.89285714286,96777.83928571428,98413.28571428572,98679.57142857143,96842.14285714286,67833.48214285714,100491.23214285714,95223.03571428572,101528.17857142857,81339.16071428571,96729.05357142857,101177.42857142857,99631.60714285714,95703.05357142857,100343.46428571428,99340.66071428572,101729.91071428572,96729.05357142857,97714.44642857143,97781.19642857143,101307.91071428572,101854.73214285714,101563.69642857143,101359.91071428572,98415.33928571428,101355.78571428572,87929.55357142857,101277.92857142857,101329.89285714286,98541.625
94801.08928571428,102481.89285714286,99922.28571428572,102193.32142857143,97957.5,99605.08928571428,99883.60714285714,98007.21428571428,68537.85714285714,101346.55357142857,96149.91071428572,102404.71428571428,82126.69642857143,97887.32142857143,102050.125,100481.14285714286,96662.89285714286,101208.30357142857,100562.32142857143,102626.73214285714,97887.32142857143,98891.44642857143,98936.41071428572,102207.69642857143,102752.89285714286,102436.23214285714,102228.85714285714,99607.875,102241.94642857143,89189.80357142857,102151.48214285714,102194.55357142857,99729.80357142857
93371.94642857143,101047.16071428572,98264.83928571428,100734.33928571428,96369.41071428572,97942.33928571428,98226.55357142857,96397.10714285714,68216.0,99974.625,94802.17857142857,100995.14285714286,81381.64285714286,96281.48214285714,100564.55357142857,99040.96428571428,95273.08928571428,99741.75,98880.05357142857,101175.46428571428,96281.48214285714,97259.26785714286,97335.60714285714,100773.26785714286,101304.83928571428,101031.75,100770.46428571428,97945.71428571428,100790.35714285714,88030.67857142857,100692.64285714286,100734.51785714286,98071.94642857143
94011.85714285714,101757.625,99044.41071428572,101570.66071428572,97099.08928571428,98691.60714285714,99003.53571428572,97109.76785714286,68093.53571428571,100682.0,95553.91071428572,101739.375,81354.375,96994.42857142857,101471.58928571428,99944.16071428572,96042.125,100667.82142857143,99686.91071428572,101853.94642857143,96994.42857142857,97987.19642857143,98136.92857142857,101462.58928571428,101972.71428571428,101760.41071428572,101591.07142857143,98694.94642857143,101590.57142857143,88045.21428571429,101504.30357142857,101571.64285714286,98830.96428571428
92995.16071428572,100752.42857142857,97816.85714285714,100370.96428571428,95943.82142857143,97511.16071428572,97782.08928571428,95987.39285714286,68113.5,99646.76785714286,94471.625,100664.16071428572,81159.73214285714,95880.64285714286,100209.82142857143,98725.55357142857,94924.91071428572,99415.75,98420.30357142857,100923.58928571428,95880.64285714286,96832.125,96912.91071428572,100510.0,101051.875,100694.44642857143,100418.125,97507.76785714286,100452.28571428572,87592.67857142857,100341.91071428572,100368.5,97636.64285714286
94058.16071428572,101673.07142857143,99072.57142857143,101497.44642857143,97137.83928571428,98779.01785714286,99035.94642857143,97207.89285714286,68320.32142857143,100602.625,95482.30357142857,101645.26785714286,81714.28571428571,97092.875,101369.76785714286,99816.55357142857,95968.28571428572,100546.26785714286,99666.60714285714,101758.98214285714,97092.875,98080.78571428572,98070.53571428572,101369.71428571428,101883.125,101676.42857142857,101520.67857142857,98784.73214285714,101499.92857142857,88440.01785714286,101428.07142857143,101498.80357142857,98904.28571428572
93349.28571428572,101248.07142857143,98142.30357142857,100860.16071428572,96273.91071428572,97803.625,98110.14285714286,96268.44642857143,68188.875,100090.33928571428,94858.33928571428,101109.39285714286,81296.96428571429,96153.44642857143,100756.41071428572,99227.08928571428,95307.75,99960.76785714286,98774.44642857143,101475.92857142857,96153.44642857143,97131.30357142857,97270.08928571428,101040.96428571428,101580.51785714286,101172.55357142857,100938.10714285714,97815.53571428572,100941.08928571428,87961.76785714286,100850.125,100859.94642857143,97943.35714285714
93733.07142857143,101360.53571428572,98678.92857142857,101179.67857142857,96764.33928571428,98368.73214285714,98650.17857142857,96812.10714285714,68155.21428571429,100283.28571428572,95224.01785714286,101322.75,81249.85714285714,96697.83928571428,101073.78571428572,99549.17857142857,95703.60714285714,100270.89285714286,99313.01785714286,101447.05357142857,96697.83928571428,97677.96428571428,97770.85714285714,101064.25,101583.33928571428,101349.75,101211.30357142857,98382.78571428572,101181.5,88006.66071428571,101123.64285714286,101179.98214285714,98496.73214285714
93382.78571428572,100937.875,98297.25,100719.17857142857,96402.07142857143,97999.44642857143,98266.75,96457.39285714286,67992.625,99893.25,94766.25,100919.46428571428,81072.60714285714,96342.58928571428,100588.25,99075.0,95235.41071428572,99785.57142857143,98899.07142857143,101071.14285714286,96342.58928571428,97318.53571428572,97344.83928571428,100669.39285714286,101199.91071428572,100931.17857142857,100741.39285714286,98013.60714285714,100754.71428571428,87784.85714285714,100661.55357142857,100719.26785714286,98130.625
92984.17857142857,100353.16071428572,97864.16071428572,100155.125,95990.08928571428,97571.07142857143,97850.51785714286,96037.48214285714,67819.08928571429,99348.23214285714,94339.89285714286,100364.94642857143,80889.58928571429,95922.41071428572,100006.375,98526.16071428572,94822.07142857143,99225.08928571428,98472.51785714286,100459.60714285714,95922.41071428572,96895.625,96909.94642857143,100072.30357142857,100585.33928571428,100365.82142857143,100164.16071428572,97585.71428571428,100177.07142857143,87465.48214285714,100086.76785714286,100155.375,97699.69642857143
92923.57142857143,100247.07142857143,97799.03571428572,99949.26785714286,95936.67857142857,97514.58928571428,97788.14285714286,95987.14285714286,67949.51785714286,99201.23214285714,94239.57142857143,100209.26785714286,81015.75,95873.66071428572,99821.80357142857,98385.85714285714,94709.28571428572,99065.26785714286,98379.89285714286,100398.5,95873.66071428572,96850.33928571428,96779.16071428572,100000.48214285714,100523.375,100227.71428571428,99981.14285714286,97541.375,100006.32142857143,87626.94642857143,99904.60714285714,99948.23214285714,97648.44642857143
93221.89285714286,100598.0,98084.69642857143,100281.875,96216.53571428572,97796.41071428572,98070.10714285714,96269.46428571428,68159.66071428571,99527.16071428572,94529.01785714286,100538.17857142857,81220.41071428571,96158.85714285714,100140.44642857143,98681.01785714286,95006.44642857143,99364.25,98686.98214285714,100735.48214285714,96158.85714285714,97126.71428571428,97101.30357142857,100332.85714285714,100863.0,100547.41071428572,100312.16071428572,97815.76785714286,100346.375,87981.03571428571,100239.01785714286,100281.21428571428,97925.03571428572
92632.03571428572,100185.23214285714,97367.32142857143,99894.89285714286,95539.92857142857,97074.42857142857,97360.39285714286,95569.69642857143,67859.75,99223.44642857143,94004.85714285714,100231.53571428572,80911.58928571429,95458.30357142857,99674.125,98199.28571428572,94454.69642857143,98883.625,97976.83928571428,100290.58928571428,95458.30357142857,96416.71428571428,96446.41071428572,99894.80357142857,100418.875,100238.0,99911.625,97097.33928571428,99968.55357142857,87390.92857142857,99845.35714285714,99889.80357142857,97210.26785714286
92716.32142857143,100082.5,97454.33928571428,99840.69642857143,95625.125,97188.5,97443.5,95690.82142857143,68184.03571428571,99165.64285714286,94025.60714285714,100173.76785714286,81192.75,95578.60714285714,99578.64285714286,98097.78571428572,94509.35714285714,98779.85714285714,98051.82142857143,100135.69642857143,95578.60714285714,96523.28571428572,96536.30357142857,99764.5,100292.67857142857,100154.66071428572,99819.89285714286,97198.625,99895.48214285714,87799.17857142857,99760.94642857143,99834.66071428572,97308.42857142857
92805.51785714286,100202.25,97589.67857142857,99860.96428571428,95753.85714285714,97318.625,97575.39285714286,95819.08928571428,68334.33928571429,99150.5,94156.92857142857,100150.53571428572,81129.94642857143,95708.96428571428,99748.76785714286,98312.98214285714,94626.10714285714,99000.55357142857,98173.98214285714,100369.08928571428,95708.96428571428,96659.125,96661.0,99956.05357142857,100500.75,100175.21428571428,99895.85714285714,97336.83928571428,99924.80357142857,87694.625,99813.57142857143,99860.78571428572,97445.67857142857
92651.82142857143,100205.25,97201.82142857143,99966.14285714286,95426.17857142857,96847.125,97188.67857142857,95380.69642857143,67990.5,99261.08928571428,94059.28571428572,100263.35714285714,81127.78571428571,95273.21428571428,99683.85714285714,98181.64285714286,94519.625,98859.69642857143,97854.80357142857,100276.17857142857,95273.21428571428,96203.01785714286,96438.67857142857,99905.80357142857,100403.48214285714,100256.33928571428,99947.125,96875.26785714286,100015.73214285714,87634.48214285714,99889.39285714286,99960.35714285714,96999.10714285714
92760.69642857143,100051.94642857143,97464.875,99889.14285714286,95647.05357142857,97184.60714285714,97451.94642857143,95699.94642857143,68104.44642857143,99112.60714285714,94075.44642857143,100115.98214285714,81094.82142857143,95593.60714285714,99687.82142857143,98222.375,94536.82142857143,98899.30357142857,98063.26785714286,100121.67857142857,95593.60714285714,96524.08928571428,96558.23214285714,99756.05357142857,100245.71428571428,100105.17857142857,99881.32142857143,97196.32142857143,99912.125,87654.96428571429,99809.46428571428,99884.76785714286,97306.39285714286
93060.875,100477.01785714286,97814.33928571428,100216.71428571428,95978.5,97528.91071428572,97797.96428571428,96030.75,68530.51785714286,99455.14285714286,94436.94642857143,100456.375,81530.92857142857,95922.91071428572,100045.21428571428,98581.89285714286,94912.14285714286,99260.08928571428,98396.35714285714,100572.83928571428,95922.91071428572,96860.67857142857,96917.0,100198.80357142857,100689.75,100474.125,100242.55357142857,97527.07142857143,100272.17857142857,88126.39285714286,100170.55357142857,100215.28571428572,97652.85714285714
92984.25,100396.19642857143,97632.07142857143,100199.39285714286,95829.89285714286,97351.32142857143,97620.44642857143,95870.125,68220.75,99383.83928571428,94425.98214285714,100388.17857142857,81329.73214285714,95767.58928571428,100061.83928571428,98607.32142857143,94872.71428571428,99286.375,98242.26785714286,100525.125,95767.58928571428,96691.26785714286,96816.83928571428,100149.78571428572,100633.01785714286,100408.375,100225.21428571428,97351.92857142857,100221.08928571428,87946.41071428571,100142.71428571428,100198.85714285714,97478.60714285714
92914.01785714286,100392.55357142857,97549.46428571428,100127.67857142857,95753.10714285714,97271.16071428572,97546.48214285714,95785.98214285714,68218.08928571429,99448.78571428572,94277.23214285714,100445.85714285714,81289.66071428571,95681.32142857143,99889.08928571428,98396.16071428572,94727.41071428572,99069.23214285714,98131.48214285714,100466.96428571428,95681.32142857143,96615.39285714286,96671.69642857143,100099.19642857143,100601.625,100447.14285714286,100123.85714285714,97283.10714285714,100180.05357142857,87877.10714285714,100058.17857142857,100124.83928571428,97406.53571428572
92795.42857142857,100310.44642857143,97351.73214285714,100039.66071428572,95581.375,97025.67857142857,97343.76785714286,95544.0,68196.75,99332.25,94226.39285714286,100326.48214285714,81255.58928571429,95440.0,99812.69642857143,98339.42857142857,94674.53571428572,99005.01785714286,97966.98214285714,100389.85714285714,95440.0,96387.46428571428,96552.625,100022.64285714286,100516.875,100338.75,100052.32142857143,97056.5,100088.94642857143,87806.80357142857,99983.39285714286,100036.67857142857,97182.39285714286
92812.44642857143,100380.69642857143,97359.78571428572,100107.07142857143,95592.42857142857,97024.125,97342.19642857143,95548.98214285714,68234.96428571429,99357.76785714286,94286.55357142857,100347.46428571428,81312.57142857143,95442.30357142857,99922.17857142857,98443.19642857143,94726.91071428572,99125.16071428572,97979.80357142857,100505.19642857143,95442.30357142857,96386.28571428572,96567.41071428572,100121.98214285714,100615.60714285714,100381.5,100138.64285714286,97052.46428571428,100143.82142857143,87834.85714285714,100062.19642857143,100105.125,97179.375
93213.44642857143,100938.94642857143,97988.14285714286,100680.76785714286,96146.94642857143,97703.83928571428,97961.66071428572,96209.58928571428,68228.66071428571,99809.57142857143,94790.375,100808.64285714286,81367.375,96107.08928571428,100628.10714285714,99128.64285714286,95223.91071428572,99847.05357142857,98554.23214285714,101058.39285714286,96107.08928571428,97035.375,97063.17857142857,100686.76785714286,101162.125,100879.83928571428,100737.41071428572,97698.92857142857,100693.67857142857,87976.80357142857,100641.33928571428,100683.21428571428,97825.48214285714
93798.625,100975.19642857143,98724.53571428572,100828.35714285714,96835.67857142857,98434.0,98690.66071428572,96905.71428571428,68511.57142857143,99931.07142857143,95166.42857142857,100943.08928571428,81717.83928571429,96797.80357142857,100753.51785714286,99309.75,95649.78571428572,99990.28571428572,99304.55357142857,101039.17857142857,96797.80357142857,97751.625,97744.44642857143,100698.28571428572,101131.98214285714,100985.42857142857,100868.64285714286,98439.28571428572,100833.83928571428,88558.76785714286,100779.78571428572,100830.67857142857,98563.85714285714
93758.73214285714,101174.96428571428,98636.05357142857,100943.60714285714,96761.78571428572,98353.91071428572,98608.51785714286,96837.33928571428,68651.17857142857,100088.17857142857,95224.48214285714,101098.66071428572,81732.23214285714,96722.07142857143,100880.82142857143,99435.28571428572,95697.16071428572,100121.64285714286,99200.98214285714,101277.78571428572,96722.07142857143,97672.01785714286,97722.75,100917.0,101364.83928571428,101148.76785714286,100999.80357142857,98348.44642857143,100961.05357142857,88435.67857142857,100907.16071428572,100945.19642857143,98475.48214285714
93348.73214285714,100936.625,98245.875,100699.51785714286,96354.10714285714,97987.94642857143,98202.26785714286,96475.26785714286,68206.83928571429,99832.78571428572,94946.57142857143,100848.26785714286,81369.42857142857,96368.01785714286,100635.21428571428,99175.92857142857,95414.41071428572,99864.92857142857,98778.57142857143,100999.5,96368.01785714286,97303.16071428572,97337.71428571428,100656.16071428572,101107.28571428572,100905.10714285714,100762.57142857143,97969.73214285714,100723.75,88014.10714285714,100672.05357142857,100701.82142857143,98095.89285714286
93981.67857142857,101408.58928571428,98967.69642857143,101191.53571428572,97049.71428571428,98671.98214285714,98942.73214285714,97108.30357142857,68369.67857142857,100271.28571428572,95369.75,101289.78571428572,81539.83928571429,97013.75,101104.10714285714,99623.32142857143,95862.91071428572,100319.69642857143,99582.08928571428,101568.98214285714,97013.75,97974.69642857143,97990.46428571428,101167.14285714286,101680.05357142857,101336.21428571428,101219.91071428572,98671.39285714286,101180.35714285714,88328.07142857143,101127.33928571428,101194.67857142857,98797.19642857143
93479.94642857143,101387.80357142857,98354.80357142857,101066.375,96478.35714285714,98077.30357142857,98284.69642857143,96547.07142857143,68408.16071428571,100246.98214285714,95101.64285714286,101253.55357142857,81614.5,96463.625,100938.07142857143,99397.14285714286,95552.26785714286,100124.42857142857,98883.05357142857,101545.14285714286,96463.625,97387.41071428572,97412.16071428572,101148.5,101657.625,101313.21428571428,101118.76785714286,98056.01785714286,101091.92857142857,88286.75,101029.82142857143,101066.625,98190.35714285714
94539.55357142857,102362.125,99650.25,102174.64285714286,97700.73214285714,99350.82142857143,99577.23214285714,97759.16071428572,68407.21428571429,101219.03571428572,96051.46428571428,102273.57142857143,81743.30357142857,97669.57142857143,102088.58928571428,100523.48214285714,96552.35714285714,101265.33928571428,100176.83928571428,102456.01785714286,97669.57142857143,98637.66071428572,98630.625,102076.875,102570.625,102321.78571428572,102218.35714285714,99350.19642857143,102168.03571428572,88647.92857142857,102116.78571428572,102178.08928571428,99482.16071428572
94479.91071428572,102169.26785714286,99504.78571428572,101842.5,97593.0,99186.30357142857,99445.01785714286,97599.17857142857,68494.80357142857,100977.0,95908.35714285714,102014.08928571428,81902.33928571429,97509.57142857143,101779.32142857143,100275.78571428572,96406.28571428572,100987.80357142857,100054.5,102317.625,97509.57142857143,98489.5,98510.08928571428,101924.32142857143,102423.57142857143,102083.94642857143,101918.44642857143,99210.92857142857,101882.10714285714,88864.48214285714,101821.66071428572,101843.89285714286,99338.94642857143
94241.51785714286,102165.53571428572,99255.17857142857,101777.32142857143,97352.10714285714,98925.26785714286,99185.53571428572,97342.80357142857,68629.80357142857,100971.07142857143,95841.14285714286,101996.58928571428,81905.57142857143,97250.76785714286,101714.05357142857,100217.76785714286,96337.76785714286,100922.41071428572,99833.26785714286,102343.375,97250.76785714286,98231.03571428572,98343.875,101929.08928571428,102461.32142857143,102061.5,101860.75,98938.71428571428,101853.33928571428,88728.30357142857,101773.48214285714,101778.33928571428,99073.19642857143
94317.08928571428,102179.51785714286,99337.91071428572,101865.30357142857,97419.125,99001.39285714286,99277.125,97418.03571428572,68646.17857142857,100957.76785714286,95868.5,102004.85714285714,81762.66071428571,97324.69642857143,101813.14285714286,100299.01785714286,96360.23214285714,101023.78571428572,99919.57142857143,102360.75,97324.69642857143,98298.25,98398.125,101951.60714285714,102461.42857142857,102086.25,101922.14285714286,99013.33928571428,101887.71428571428,88552.30357142857,101823.19642857143,101867.76785714286,99147.23214285714
94151.82142857143,102168.05357142857,99161.5,101783.76785714286,97227.53571428572,98861.66071428572,99119.875,97287.57142857143,68593.0,100986.39285714286,95739.66071428572,102028.78571428572,81819.28571428571,97196.23214285714,101691.35714285714,100156.82142857143,96208.83928571428,100885.01785714286,99759.14285714286,102339.73214285714,97196.23214285714,98155.82142857143,98227.51785714286,101924.30357142857,102454.32142857143,102093.42857142857,101855.71428571428,98852.82142857143,101854.73214285714,88600.78571428571,101768.41071428572,101784.75,98990.58928571428
93999.66071428572,101913.33928571428,99108.57142857143,101631.05357142857,97150.5,98787.64285714286,99060.91071428572,97194.42857142857,68136.30357142857,100769.75,95571.96428571428,101801.42857142857,81661.16071428571,97090.92857142857,101558.78571428572,100011.0,96041.73214285714,100745.05357142857,99693.625,102055.76785714286,97090.92857142857,98085.80357142857,98089.80357142857,101657.375,102166.03571428572,101846.21428571428,101706.46428571428,98790.375,101674.5,88381.80357142857,101613.80357142857,101632.375,98929.41071428572
93987.66071428572,101836.80357142857,99030.55357142857,101617.07142857143,97088.46428571428,98696.91071428572,98994.64285714286,97113.55357142857,68226.69642857143,100750.21428571428,95514.01785714286,101791.66071428572,81593.48214285714,96996.125,101532.89285714286,99978.55357142857,95995.16071428572,100714.91071428572,99662.78571428572,101949.80357142857,96996.125,97996.5,98066.53571428572,101565.33928571428,102056.78571428572,101829.67857142857,101689.375,98706.55357142857,101662.39285714286,88387.91071428571,101598.85714285714,101618.125,98847.48214285714
93777.96428571428,101919.23214285714,98817.89285714286,101603.39285714286,96862.48214285714,98505.42857142857,98766.51785714286,96928.42857142857,68182.23214285714,100735.71428571428,95463.91071428572,101793.57142857143,81518.80357142857,96810.92857142857,101553.0,99985.44642857143,95932.32142857143,100742.76785714286,99416.73214285714,102040.92857142857,96810.92857142857,97794.875,97888.89285714286,101646.89285714286,102146.42857142857,101871.73214285714,101707.57142857143,98500.69642857143,101667.55357142857,88247.03571428571,101614.30357142857,101604.60714285714,98636.26785714286
94632.96428571428,102807.05357142857,99863.78571428572,102594.73214285714,97849.25,99527.60714285714,99817.125,97888.03571428572,68065.28571428571,101632.58928571428,96181.53571428572,102719.75,81491.03571428571,97765.91071428572,102480.03571428572,100833.83928571428,96670.44642857143,101607.94642857143,100517.14285714286,102918.55357142857,97765.91071428572,98799.23214285714,98837.10714285714,102516.55357142857,103029.25,102773.73214285714,102634.44642857143,99531.67857142857,102606.71428571428,88281.78571428571,102549.01785714286,102596.82142857143,99676.32142857143
94495.71428571428,102511.75,99678.33928571428,102310.82142857143,97682.82142857143,99355.33928571428,99636.94642857143,97731.28571428572,68018.32142857143,101376.92857142857,95994.82142857143,102461.60714285714,81422.91071428571,97612.14285714286,102209.14285714286,100587.07142857143,96490.73214285714,101351.60714285714,100324.07142857143,102577.875,97612.14285714286,98627.85714285714,98661.66071428572,102195.44642857143,102695.92857142857,102509.67857142857,102370.17857142857,99353.39285714286,102341.85714285714,88363.375,102285.53571428572,102310.46428571428,99496.21428571428
94719.67857142857,102585.39285714286,99990.42857142857,102430.35714285714,97962.30357142857,99657.66071428572,99947.19642857143,98006.73214285714,68149.51785714286,101504.94642857143,96133.55357142857,102595.23214285714,81605.91071428571,97884.80357142857,102285.96428571428,100669.98214285714,96656.26785714286,101427.26785714286,100632.10714285714,102646.14285714286,97884.80357142857,98927.53571428572,98917.21428571428,102259.21428571428,102771.82142857143,102619.21428571428,102472.85714285714,99672.33928571428,102458.53571428572,88663.76785714286,102390.28571428572,102430.23214285714,99812.32142857143
94562.01785714286,102858.69642857143,99774.83928571428,102509.94642857143,97757.51785714286,99459.35714285714,99728.08928571428,97821.66071428572,67890.64285714286,101670.10714285714,96166.73214285714,102752.375,81517.42857142857,97701.25,102437.55357142857,100812.41071428572,96659.32142857143,101579.44642857143,100409.71428571428,102934.17857142857,97701.25,98731.98214285714,98776.10714285714,102545.51785714286,103050.75,102820.16071428572,102604.94642857143,99470.10714285714,102594.48214285714,88462.69642857143,102519.44642857143,102511.16071428572,99604.85714285714
95003.28571428572,103143.375,100246.19642857143,102865.67857142857,98220.73214285714,99915.5,100205.10714285714,98260.05357142857,68139.42857142857,101974.83928571428,96508.53571428572,103063.125,81772.875,98136.67857142857,102744.80357142857,101122.51785714286,97006.07142857143,101888.16071428572,100876.0,103292.35714285714,98136.67857142857,99181.94642857143,99186.35714285714,102862.48214285714,103415.83928571428,103100.625,102911.21428571428,99921.42857142857,102914.57142857143,88847.44642857143,102827.23214285714,102866.33928571428,100063.33928571428
94436.67857142857,102324.75,99637.35714285714,102039.16071428572,97634.5,99305.16071428572,99585.55357142857,97673.73214285714,68724.16071428571,101230.14285714286,95898.16071428572,102288.33928571428,81688.23214285714,97551.64285714286,101909.875,100321.58928571428,96415.05357142857,101064.92857142857,100301.28571428572,102471.57142857143,97551.64285714286,98581.44642857143,98631.32142857143,102038.5,102598.625,102313.17857142857,102096.67857142857,99313.80357142857,102095.42857142857,88788.375,102011.23214285714,102039.66071428572,99451.5
94304.08928571428,102338.01785714286,99649.96428571428,102169.23214285714,97610.07142857143,99322.26785714286,99592.19642857143,97663.16071428572,67346.98214285714,101185.85714285714,95825.39285714286,102272.73214285714,81082.60714285714,97537.26785714286,102104.82142857143,100454.10714285714,96329.03571428572,101249.32142857143,100251.94642857143,102415.44642857143,97537.26785714286,98587.57142857143,98539.73214285714,102018.67857142857,102527.98214285714,102336.46428571428,102234.35714285714,99331.96428571428,102139.10714285714,87982.41071428571,102132.23214285714,102170.73214285714,99461.39285714286
94558.07142857143,102743.64285714286,99803.71428571428,102453.64285714286,97784.375,99450.14285714286,99755.07142857143,97790.48214285714,67604.375,101556.46428571428,96083.875,102647.07142857143,81219.375,97665.92857142857,102357.46428571428,100718.10714285714,96585.94642857143,101497.16071428572,100468.71428571428,102880.375,97665.92857142857,98720.91071428572,98802.35714285714,102456.78571428572,102993.33928571428,102701.07142857143,102531.55357142857,99468.375,102483.83928571428,88202.08928571429,102439.85714285714,102454.48214285714,99602.39285714286
94351.10714285714,102416.25,99553.78571428572,102152.35714285714,97547.5,99211.44642857143,99498.23214285714,97570.67857142857,67969.05357142857,101304.08928571428,95864.625,102388.39285714286,81297.60714285714,97454.32142857143,102022.60714285714,100410.75,96374.44642857143,101177.125,100178.57142857143,102506.42857142857,97454.32142857143,98493.91071428572,98526.89285714286,102099.80357142857,102634.78571428572,102418.71428571428,102216.03571428572,99238.33928571428,102189.85714285714,88429.85714285714,102130.85714285714,102152.58928571428,99367.35714285714
93976.23214285714,102225.39285714286,99053.0,101903.42857142857,97081.26785714286,98694.53571428572,99001.55357142857,97085.82142857143,67834.55357142857,101020.125,95584.10714285714,102080.875,81164.375,96967.75,101819.28571428572,100193.44642857143,96065.875,100975.67857142857,99717.78571428572,102434.83928571428,96967.75,97985.01785714286,98111.21428571428,101984.71428571428,102549.30357142857,102132.28571428572,101960.85714285714,98710.35714285714,101909.125,87961.375,101868.80357142857,101905.53571428572,98842.66071428572
94091.14285714286,102269.69642857143,99214.58928571428,102087.76785714286,97228.32142857143,98881.73214285714,99158.60714285714,97278.35714285714,67647.19642857143,101114.80357142857,95741.75,102182.53571428572,81201.14285714286,97156.03571428572,102037.875,100402.32142857143,96217.53571428572,101191.03571428572,99851.83928571428,102416.32142857143,97156.03571428572,98168.07142857143,98251.0,101995.83928571428,102520.39285714286,102245.28571428572,102146.60714285714,98891.58928571428,102055.35714285714,87996.55357142857,102040.375,102091.85714285714,99022.58928571428
94510.16071428572,102644.875,99654.375,102263.66071428572,97667.57142857143,99280.05357142857,99602.42857142857,97669.21428571428,68048.5,101429.35714285714,96044.85714285714,102493.66071428572,81405.19642857143,97546.26785714286,102193.46428571428,100583.96428571428,96551.125,101352.73214285714,100332.16071428572,102820.91071428572,97546.26785714286,98569.28571428572,98707.89285714286,102384.66071428572,102936.42857142857,102560.42857142857,102364.42857142857,99303.69642857143,102310.42857142857,88220.91071428571,102274.64285714286,102265.5,99438.51785714286
94841.73214285714,102965.80357142857,99969.83928571428,102651.66071428572,97988.53571428572,99596.33928571428,99912.5,97988.25,68322.17857142857,101801.60714285714,96377.875,102877.07142857143,81742.35714285714,97862.42857142857,102549.05357142857,100931.55357142857,96872.08928571428,101699.26785714286,100624.10714285714,103110.14285714286,97862.42857142857,98895.60714285714,99002.08928571428,102681.17857142857,103234.125,102923.75,102722.39285714286,99630.21428571428,102676.64285714286,88783.10714285714,102634.32142857143,102652.46428571428,99758.69642857143
94523.32142857143,102176.57142857143,99629.94642857143,101929.98214285714,97657.58928571428,99268.39285714286,99574.51785714286,97671.60714285714,68520.44642857143,101153.33928571428,95873.44642857143,102212.16071428572,81631.375,97544.67857142857,101736.625,100164.80357142857,96401.375,100889.75,100258.35714285714,102292.41071428572,97544.67857142857,98571.60714285714,98621.92857142857,101861.05357142857,102440.21428571428,102198.01785714286,101954.26785714286,99303.08928571428,101957.23214285714,88489.875,101879.35714285714,101929.96428571428,99428.375
94088.01785714286,101862.60714285714,99166.48214285714,101585.83928571428,97209.16071428572,98824.625,99102.35714285714,97254.80357142857,68340.71428571429,100794.48214285714,95557.35714285714,101839.25,81421.30357142857,97134.78571428572,101439.71428571428,99859.39285714286,96056.75,100596.41071428572,99785.30357142857,101995.46428571428,97134.78571428572,98126.82142857143,98193.625,101572.14285714286,102123.85714285714,101867.10714285714,101650.91071428572,98840.92857142857,101615.83928571428,88288.64285714286,101569.26785714286,101586.39285714286,98967.71428571428
93405.42857142857,101493.30357142857,98407.82142857143,101295.30357142857,96452.60714285714,98037.51785714286,98327.23214285714,96483.44642857143,67727.10714285714,100355.05357142857,95045.21428571428,101392.94642857143,81128.26785714286,96364.67857142857,101224.69642857143,99618.91071428572,95503.08928571428,100388.83928571428,99027.14285714286,101673.48214285714,96364.67857142857,97342.85714285714,97470.23214285714,101240.35714285714,101779.44642857143,101445.0,101335.60714285714,98037.46428571428,101236.51785714286,87778.58928571429,101233.73214285714,101298.41071428572,98174.92857142857
93959.98214285714,101927.51785714286,99068.23214285714,101607.57142857143,97087.625,98717.60714285714,99012.82142857143,97129.25,67807.23214285714,100741.16071428572,95534.07142857143,101800.05357142857,81126.98214285714,97008.91071428572,101541.80357142857,99980.14285714286,96009.25,100724.80357142857,99672.66071428572,102092.10714285714,97008.91071428572,98017.69642857143,98064.53571428572,101656.75,102213.5,101835.26785714286,101658.16071428572,98738.25,101602.98214285714,87805.33928571429,101566.96428571428,101610.80357142857,98864.98214285714
93101.21428571428,101207.05357142857,98055.58928571428,100764.01785714286,96131.125,97689.55357142857,97984.5,96156.32142857143,67657.96428571429,100033.23214285714,94693.41071428572,101062.48214285714,81005.21428571429,96039.26785714286,100677.91071428572,99123.78571428572,95140.58928571428,99854.58928571428,98626.78571428572,101408.26785714286,96039.26785714286,97001.17857142857,97111.66071428572,100955.69642857143,101531.55357142857,101095.07142857143,100848.58928571428,97691.01785714286,100820.875,87611.42857142857,100768.21428571428,100763.46428571428,97824.91071428572
93813.17857142857,101592.76785714286,98789.60714285714,101285.21428571428,96869.125,98418.05357142857,98742.42857142857,96850.375,68251.58928571429,100518.83928571428,95229.57142857143,101550.83928571428,81279.30357142857,96727.76785714286,101126.89285714286,99575.30357142857,95708.60714285714,100304.33928571428,99388.44642857143,101732.5,96727.76785714286,97738.76785714286,97820.21428571428,101300.48214285714,101863.41071428572,101570.80357142857,101325.44642857143,98452.44642857143,101316.66071428572,87873.44642857143,101249.58928571428,101285.625,98576.41071428572
93103.53571428572,100640.71428571428,97920.14285714286,100415.375,96059.35714285714,97570.98214285714,97880.25,96054.26785714286,68313.42857142857,99653.5,94534.58928571428,100664.58928571428,81085.01785714286,95941.46428571428,100246.39285714286,98743.76785714286,95005.82142857143,99442.5,98542.94642857143,100807.30357142857,95941.46428571428,96906.85714285714,97032.96428571428,100369.19642857143,100933.69642857143,100666.32142857143,100438.53571428572,97596.64285714286,100428.41071428572,87685.55357142857,100361.73214285714,100415.28571428572,97713.57142857143
93519.58928571428,101539.07142857143,98517.125,101222.73214285714,96580.07142857143,98163.35714285714,98444.67857142857,96618.78571428572,67880.48214285714,100359.21428571428,95173.28571428572,101388.76785714286,81116.28571428571,96493.26785714286,101196.41071428572,99627.25,95623.875,100387.16071428572,99077.48214285714,101759.82142857143,96493.26785714286,97472.5,97574.44642857143,101317.91071428572,101865.80357142857,101447.60714285714,101293.23214285714,98170.01785714286,101217.28571428572,87694.71428571429,101195.28571428572,101228.08928571428,98292.19642857143
93363.51785714286,101186.60714285714,98253.91071428572,100846.875,96357.5,97909.75,98190.32142857143,96391.30357142857,68069.73214285714,100171.375,94844.5,101189.07142857143,81214.69642857143,96279.16071428572,100672.92857142857,99138.375,95311.10714285714,99852.69642857143,98845.05357142857,101325.83928571428,96279.16071428572,97227.33928571428,97343.17857142857,100896.26785714286,101464.25,101205.32142857143,100904.92857142857,97914.30357142857,100928.78571428572,87860.96428571429,100831.67857142857,100845.44642857143,98036.125
93337.78571428572,101065.94642857143,98280.73214285714,100823.35714285714,96374.23214285714,97925.41071428572,98222.89285714286,96402.35714285714,67867.91071428571,99949.28571428572,94968.98214285714,100967.10714285714,80990.71428571429,96311.25,100815.76785714286,99331.16071428572,95434.75,100052.91071428572,98875.16071428572,101193.14285714286,96311.25,97243.125,97400.69642857143,100789.32142857143,101305.14285714286,101037.01785714286,100912.51785714286,97940.21428571428,100824.64285714286,87471.91071428571,100810.41071428572,100828.75,98054.51785714286
93522.0,100868.53571428572,98412.73214285714,100692.67857142857,96534.64285714286,98077.25,98375.89285714286,96551.39285714286,68425.89285714286,99911.53571428572,94821.0,100928.58928571428,81371.16071428571,96459.875,100493.125,98984.58928571428,95320.67857142857,99679.71428571428,99021.625,100943.01785714286,96459.875,97406.66071428572,97461.98214285714,100542.875,101082.21428571428,100923.46428571428,100690.78571428572,98111.26785714286,100697.32142857143,88188.64285714286,100621.01785714286,100692.32142857143,98219.42857142857
93359.64285714286,100954.25,98309.60714285714,100713.58928571428,96403.08928571428,97939.5,98250.375,96411.28571428572,68196.46428571429,99877.98214285714,94813.28571428572,100889.28571428572,81044.32142857143,96312.625,100607.875,99091.17857142857,95297.03571428572,99802.23214285714,98899.76785714286,101096.14285714286,96312.625,97263.67857142857,97353.42857142857,100684.19642857143,101213.53571428572,100926.53571428572,100753.96428571428,97956.875,100703.375,87576.01785714286,100666.92857142857,100715.01785714286,98082.73214285714
93025.30357142857,100797.48214285714,97894.10714285714,100452.08928571428,96026.125,97546.94642857143,97847.83928571428,96050.60714285714,67846.67857142857,99704.08928571428,94582.66071428572,100698.03571428572,81027.53571428571,95962.41071428572,100406.21428571428,98919.98214285714,95031.5,99624.66071428572,98460.96428571428,100947.71428571428,95962.41071428572,96883.51785714286,96954.875,100532.44642857143,101062.25,100772.17857142857,100536.41071428572,97568.46428571428,100499.05357142857,87548.05357142857,100446.82142857143,100455.32142857143,97684.57142857143
93315.23214285714,100728.94642857143,98267.32142857143,100567.35714285714,96381.42857142857,97953.96428571428,98194.80357142857,96425.46428571428,67838.41071428571,99687.55357142857,94792.80357142857,100685.41071428572,80800.75,96330.94642857143,100507.75,99034.5,95305.53571428572,99722.75,98762.94642857143,100858.19642857143,96330.94642857143,97286.08928571428,97297.39285714286,100448.58928571428,100966.19642857143,100732.35714285714,100619.85714285714,97969.41071428572,100547.26785714286,87503.53571428571,100520.91071428572,100571.48214285714,98087.76785714286
93202.75,100265.55357142857,98068.78571428572,100107.32142857143,96217.26785714286,97748.625,98004.91071428572,96216.60714285714,68225.05357142857,99299.46428571428,94437.94642857143,100296.39285714286,81153.42857142857,96117.51785714286,99964.21428571428,98518.23214285714,94966.58928571428,99180.46428571428,98586.25,100370.82142857143,96117.51785714286,97093.78571428572,97074.75,99967.32142857143,100495.21428571428,100302.73214285714,100115.375,97790.30357142857,100103.10714285714,88177.0,100042.55357142857,100108.58928571428,97895.64285714286
93026.07142857143,100459.98214285714,97921.60714285714,100162.21428571428,96055.35714285714,97589.05357142857,97845.10714285714,96070.42857142857,68030.92857142857,99433.28571428572,94398.83928571428,100432.42857142857,80787.19642857143,95977.60714285714,100072.26785714286,98608.46428571428,94915.69642857143,99290.92857142857,98444.35714285714,100611.03571428572,95977.60714285714,96923.53571428572,96955.25,100188.26785714286,100733.78571428572,100469.375,100217.23214285714,97605.375,100220.07142857143,87611.94642857143,100142.55357142857,100163.94642857143,97724.17857142857
93041.26785714286,100532.125,97816.92857142857,100293.32142857143,95982.71428571428,97446.375,97737.17857142857,95943.07142857143,68244.08928571429,99557.30357142857,94431.21428571428,100562.21428571428,80987.26785714286,95848.67857142857,100110.35714285714,98620.23214285714,94945.92857142857,99297.94642857143,98360.28571428572,100648.58928571428,95848.67857142857,96795.64285714286,96945.75,100241.80357142857,100786.78571428572,100563.16071428572,100311.25,97474.48214285714,100319.58928571428,87806.55357142857,100240.03571428572,100293.39285714286,97596.23214285714
92736.69642857143,100132.46428571428,97583.64285714286,99912.26785714286,95724.55357142857,97259.26785714286,97528.78571428572,95759.85714285714,68040.0,99183.08928571428,94135.10714285714,100182.48214285714,80788.91071428571,95670.75,99746.10714285714,98269.82142857143,94616.39285714286,98947.28571428572,98106.80357142857,100210.16071428572,95670.75,96600.60714285714,96610.28571428572,99821.98214285714,100342.25,100184.98214285714,99935.44642857143,97280.53571428572,99941.0,87492.32142857143,99861.16071428572,99911.80357142857,97392.10714285714
92651.25,100106.30357142857,97336.42857142857,99844.71428571428,95527.41071428572,96988.42857142857,97300.5,95501.71428571428,68073.39285714286,99197.58928571428,93992.75,100193.26785714286,80920.75,95414.30357142857,99568.51785714286,98063.16071428572,94483.05357142857,98739.35714285714,97951.19642857143,100196.73214285714,95414.30357142857,96338.53571428572,96500.125,99793.17857142857,100341.01785714286,100187.5,99833.83928571428,97015.41071428572,99905.32142857143,87665.35714285714,99778.375,99839.98214285714,97128.83928571428
93209.01785714286,100400.73214285714,98042.125,100189.5,96188.71428571428,97728.17857142857,98004.78571428572,96220.55357142857,68475.76785714286,99385.73214285714,94549.83928571428,100383.32142857143,81045.46428571429,96131.17857142857,100105.28571428572,98663.875,95037.08928571428,99336.35714285714,98618.98214285714,100508.125,96131.17857142857,97065.10714285714,97110.75,100112.58928571428,100630.17857142857,100419.69642857143,100238.625,97752.28571428572,100209.71428571428,87920.0,100150.91071428572,100191.125,97858.91071428572
93130.55357142857,100556.60714285714,97914.625,100265.17857142857,96069.33928571428,97586.08928571428,97878.71428571428,96077.91071428572,68451.41071428571,99561.73214285714,94514.41071428572,100562.125,81179.17857142857,95985.76785714286,100115.73214285714,98638.58928571428,95001.53571428572,99325.10714285714,98514.32142857143,100685.48214285714,95985.76785714286,96922.01785714286,97022.53571428572,100271.01785714286,100814.375,100594.91071428572,100311.25,97602.25,100338.0,88017.42857142857,100239.5,100263.83928571428,97717.39285714286
92856.55357142857,100352.98214285714,97638.23214285714,99946.32142857143,95795.41071428572,97312.98214285714,97606.17857142857,95818.41071428572,68190.23214285714,99221.78571428572,94206.875,100216.35714285714,80860.69642857143,95730.03571428572,99833.98214285714,98375.625,94675.75,99057.16071428572,98201.46428571428,100630.625,95730.03571428572,96655.67857142857,96708.78571428572,100164.625,100751.375,100268.05357142857,99990.01785714286,97344.19642857143,99994.0,87712.16071428571,99910.32142857143,99946.60714285714,97457.05357142857
92816.16071428572,100060.10714285714,97547.125,99833.33928571428,95720.83928571428,97224.25,97517.16071428572,95735.60714285714,68131.625,99037.76785714286,94158.32142857143,100026.66071428572,80856.80357142857,95644.60714285714,99733.16071428572,98287.26785714286,94628.57142857143,98959.10714285714,98132.07142857143,100187.26785714286,95644.60714285714,96568.25,96638.73214285714,99794.03571428572,100284.57142857143,100060.21428571428,99878.21428571428,97248.71428571428,99841.58928571428,87678.0,99791.0,99834.60714285714,97365.41071428572
92943.67857142857,100225.55357142857,97667.78571428572,100053.10714285714,95840.17857142857,97338.21428571428,97617.89285714286,95859.01785714286,68193.69642857143,99241.39285714286,94338.0,100239.32142857143,80977.25,95771.78571428572,99951.41071428572,98500.14285714286,94797.51785714286,99174.83928571428,98239.14285714286,100321.55357142857,95771.78571428572,96682.07142857143,96786.39285714286,99935.76785714286,100435.53571428572,100262.375,100083.69642857143,97356.17857142857,100051.44642857143,87796.125,99996.67857142857,100055.08928571428,97474.33928571428
93111.58928571428,100407.55357142857,97900.67857142857,100176.32142857143,96058.41071428572,97629.55357142857,97863.89285714286,96146.03571428572,68386.28571428571,99385.21428571428,94475.91071428572,100382.66071428572,81127.125,96056.39285714286,100063.71428571428,98619.01785714286,94950.28571428572,99286.32142857143,98447.58928571428,100559.46428571428,96056.39285714286,96960.98214285714,96966.73214285714,100146.94642857143,100671.125,100418.46428571428,100207.07142857143,97633.94642857143,100186.75,87992.46428571429,100124.08928571428,100177.94642857143,97745.69642857143
93227.01785714286,100602.23214285714,98097.14285714286,100386.44642857143,96227.16071428572,97808.55357142857,98060.75,96293.91071428572,68155.5,99549.85714285714,94649.71428571428,100554.14285714286,81051.66071428571,96192.96428571428,100343.55357142857,98878.32142857143,95121.91071428572,99569.5,98661.75,100725.91071428572,96192.96428571428,97129.60714285714,97154.83928571428,100324.46428571428,100839.0,100601.05357142857,100448.32142857143,97819.14285714286,100389.16071428572,87991.03571428571,100355.60714285714,100390.125,97930.30357142857
93497.53571428572,100998.82142857143,98300.75,100672.05357142857,96445.64285714286,97972.60714285714,98247.32142857143,96457.92857142857,68533.16071428571,99850.53571428572,94958.82142857143,100855.83928571428,81309.25,96355.21428571428,100632.14285714286,99179.0,95417.66071428572,99862.67857142857,98860.94642857143,101157.5,96355.21428571428,97306.64285714286,97388.5,100752.03571428572,101258.44642857143,100938.71428571428,100760.17857142857,97992.82142857143,100722.125,88246.94642857143,100672.375,100676.33928571428,98112.21428571428
93341.67857142857,100807.69642857143,98145.80357142857,100513.0,96289.80357142857,97850.26785714286,98102.98214285714,96343.64285714286,68495.32142857143,99716.98214285714,94814.17857142857,100717.71428571428,81201.94642857143,96245.35714285714,100471.75,99030.41071428572,95283.33928571428,99705.41071428572,98713.71428571428,100990.60714285714,96245.35714285714,97184.10714285714,97256.48214285714,100575.57142857143,101092.51785714286,100773.92857142857,100588.91071428572,97853.55357142857,100546.33928571428,88124.42857142857,100497.125,100516.30357142857,97968.32142857143
93346.69642857143,100991.69642857143,98166.91071428572,100712.53571428572,96302.96428571428,97855.05357142857,98108.78571428572,96347.25,68422.76785714286,99947.25,94868.58928571428,100955.46428571428,81263.5,96246.57142857143,100586.57142857143,99108.78571428572,95332.78571428572,99794.125,98720.80357142857,101112.17857142857,96246.57142857143,97185.41071428572,97278.625,100713.16071428572,101231.39285714286,100992.80357142857,100747.42857142857,97852.03571428572,100748.60714285714,88113.55357142857,100688.10714285714,100713.28571428572,97970.60714285714
93677.01785714286,101420.98214285714,98693.01785714286,101184.375,96783.58928571428,98386.76785714286,98647.25,96827.03571428572,68210.19642857143,100310.875,95234.60714285714,101310.05357142857,81227.98214285714,96722.96428571428,101132.32142857143,99624.48214285714,95700.96428571428,100338.14285714286,99270.71428571428,101546.78571428572,96722.96428571428,97706.25,97724.91071428572,101149.51785714286,101659.14285714286,101352.30357142857,101231.32142857143,98390.23214285714,101176.625,88035.625,101156.58928571428,101189.69642857143,98509.07142857143
93657.14285714286,101449.30357142857,98664.67857142857,101196.83928571428,96757.92857142857,98346.69642857143,98613.48214285714,96800.44642857143,68302.51785714286,100318.58928571428,95292.19642857143,101330.03571428572,81347.98214285714,96699.25,101180.23214285714,99679.23214285714,95754.55357142857,100395.16071428572,99240.5,101593.69642857143,96699.25,97667.30357142857,97712.67857142857,101186.19642857143,101699.25,101397.30357142857,101256.16071428572,98347.69642857143,101193.73214285714,88177.42857142857,101180.55357142857,101203.08928571428,98469.64285714286
94270.01785714286,102073.85714285714,99306.83928571428,101777.42857142857,97369.08928571428,98998.21428571428,99255.89285714286,97427.69642857143,68507.16071428571,100905.17857142857,95866.66071428572,101939.67857142857,81485.28571428571,97322.125,101756.01785714286,100253.82142857143,96345.0,100962.55357142857,99906.19642857143,102212.58928571428,97322.125,98299.0,98372.125,101809.08928571428,102317.14285714286,102018.35714285714,101858.57142857143,98990.44642857143,101798.66071428572,88556.25,101779.625,101782.60714285714,99114.26785714286
94055.82142857143,101696.16071428572,99063.19642857143,101489.66071428572,97127.69642857143,98756.67857142857,99009.64285714286,97198.23214285714,68528.58928571429,100671.125,95537.375,101702.10714285714,81515.30357142857,97093.83928571428,101363.19642857143,99851.96428571428,96022.92857142857,100551.51785714286,99624.21428571428,101802.78571428572,97093.83928571428,98065.21428571428,98093.30357142857,101391.23214285714,101935.80357142857,101717.0,101518.28571428572,98753.375,101508.32142857143,88540.33928571429,101456.01785714286,101491.26785714286,98876.76785714286
94382.75,101990.25,99474.98214285714,101780.83928571428,97522.71428571428,99152.51785714286,99430.19642857143,97562.14285714286,68615.03571428571,100929.98214285714,95773.5,101963.0,81646.05357142857,97453.89285714286,101685.82142857143,100151.85714285714,96273.44642857143,100870.89285714286,100059.21428571428,102080.94642857143,97453.89285714286,98464.375,98450.51785714286,101682.14285714286,102200.30357142857,101995.375,101822.03571428572,99167.57142857143,101785.35714285714,88678.44642857143,101754.41071428572,101783.41071428572,99292.25
94284.17857142857,101766.91071428572,99343.0,101537.91071428572,97396.91071428572,99007.14285714286,99290.10714285714,97427.07142857143,68817.23214285714,100708.69642857143,95641.96428571428,101736.92857142857,81649.89285714286,97313.05357142857,101387.83928571428,99881.39285714286,96172.30357142857,100567.80357142857,99957.19642857143,101910.25,97313.05357142857,98318.32142857143,98370.19642857143,101478.73214285714,102044.66071428572,101747.91071428572,101542.85714285714,99020.57142857143,101535.39285714286,88648.35714285714,101483.78571428572,101538.21428571428,99144.35714285714
93810.80357142857,101559.91071428572,98827.71428571428,101322.98214285714,96908.26785714286,98500.83928571428,98749.64285714286,96934.89285714286,68520.14285714286,100528.51785714286,95306.03571428572,101554.26785714286,81418.83928571429,96823.64285714286,101215.51785714286,99686.76785714286,95827.48214285714,100394.75,99366.30357142857,101646.89285714286,96823.64285714286,97821.75,97859.0,101232.82142857143,101776.71428571428,101575.07142857143,101376.92857142857,98499.17857142857,101359.25,88360.66071428571,101312.0,101327.08928571428,98638.42857142857
94658.44642857143,102783.66071428572,99760.32142857143,102505.83928571428,97797.42857142857,99413.39285714286,99667.66071428572,97811.0,68699.66071428571,101593.05357142857,96261.32142857143,102646.83928571428,81687.33928571429,97696.60714285714,102498.23214285714,100887.17857142857,96788.14285714286,101657.23214285714,100313.10714285714,102900.33928571428,97696.60714285714,98708.53571428572,98834.42857142857,102492.01785714286,103003.23214285714,102727.73214285714,102605.625,99395.30357142857,102518.125,88691.91071428571,102513.375,102513.35714285714,99543.46428571428
94547.32142857143,102143.19642857143,99747.14285714286,101930.42857142857,97765.42857142857,99396.57142857143,99647.91071428572,97784.94642857143,68839.85714285714,101142.82142857143,95888.53571428572,102194.96428571428,81857.51785714286,97670.375,101781.375,100221.53571428572,96458.28571428572,100937.03571428572,100281.125,102194.91071428572,97670.375,98697.85714285714,98706.08928571428,101789.46428571428,102337.125,102185.28571428572,101968.23214285714,99397.08928571428,101972.23214285714,89071.67857142857,101907.01785714286,101932.55357142857,99544.19642857143
94272.375,102425.64285714286,99330.76785714286,102080.08928571428,97384.01785714286,98993.625,99245.71428571428,97402.53571428572,68743.55357142857,101265.625,95910.41071428572,102307.53571428572,81677.67857142857,97291.01785714286,102038.21428571428,100445.5,96415.14285714286,101196.60714285714,99900.10714285714,102542.55357142857,97291.01785714286,98303.98214285714,98409.17857142857,102124.39285714286,102658.05357142857,102361.71428571428,102196.96428571428,98994.73214285714,102140.23214285714,88765.39285714286,102114.64285714286,102085.16071428572,99136.30357142857
94605.53571428572,102399.89285714286,99796.875,102217.28571428572,97802.23214285714,99441.625,99738.96428571428,97813.5,68616.78571428571,101360.64285714286,96029.48214285714,102421.03571428572,81585.96428571429,97694.39285714286,102089.35714285714,100479.39285714286,96596.10714285714,101227.375,100414.125,102466.85714285714,97694.39285714286,98733.32142857143,98800.33928571428,102050.21428571428,102604.78571428572,102412.32142857143,102245.51785714286,99451.55357142857,102227.30357142857,88623.39285714286,102180.58928571428,102221.19642857143,99588.67857142857
93596.91071428572,101808.01785714286,98683.01785714286,101462.42857142857,96717.01785714286,98350.53571428572,98630.76785714286,96750.25,68075.96428571429,100704.28571428572,95211.01785714286,101733.125,81330.16071428571,96634.66071428572,101365.26785714286,99756.75,95720.53571428572,100517.10714285714,99281.75,101918.39285714286,96634.66071428572,97653.89285714286,97685.23214285714,101504.64285714286,102040.10714285714,101786.30357142857,101549.94642857143,98349.5,101527.82142857143,88363.17857142857,101481.48214285714,101465.83928571428,98488.10714285714
94750.73214285714,103169.67857142857,100109.14285714286,102939.10714285714,98063.73214285714,99771.28571428572,100034.67857142857,98108.19642857143,68031.5,101962.07142857143,96375.57142857143,103042.96428571428,81447.01785714286,97984.67857142857,102885.57142857143,101175.44642857143,96897.26785714286,101994.28571428572,100719.83928571428,103205.51785714286,97984.67857142857,99047.76785714286,99013.23214285714,102815.92857142857,103310.28571428572,103129.60714285714,103046.92857142857,99777.16071428572,102953.78571428572,88448.875,102957.98214285714,102945.25,99914.83928571428
95125.73214285714,103440.125,100421.30357142857,103116.33928571428,98382.73214285714,100067.0,100354.78571428572,98404.01785714286,68684.92857142857,102275.875,96643.67857142857,103367.35714285714,81771.625,98284.375,103008.10714285714,101341.46428571428,97187.32142857143,102120.05357142857,101042.14285714286,103524.08928571428,98284.375,99344.33928571428,99377.96428571428,103094.35714285714,103656.75,103404.82142857143,103195.78571428572,100078.58928571428,103177.375,89010.85714285714,103121.33928571428,103120.58928571428,100220.19642857143
94423.98214285714,102458.73214285714,99656.08928571428,102179.625,97647.01785714286,99306.625,99595.53571428572,97663.51785714286,68464.91071428571,101320.23214285714,95895.16071428572,102371.75,81495.57142857143,97542.91071428572,102113.08928571428,100480.16071428572,96424.53571428572,101242.57142857143,100271.28571428572,102574.05357142857,97542.91071428572,98596.30357142857,98599.17857142857,102145.05357142857,102680.28571428572,102415.25,102266.19642857143,99324.60714285714,102231.07142857143,88610.0,102189.0,102186.55357142857,99457.94642857143
94286.17857142857,102367.625,99468.78571428572,102016.76785714286,97468.875,99121.375,99400.19642857143,97496.69642857143,68277.16071428571,101242.08928571428,95788.08928571428,102297.53571428572,81384.75,97378.69642857143,101943.73214285714,100336.57142857143,96300.51785714286,101087.73214285714,100091.35714285714,102488.82142857143,97378.69642857143,98412.35714285714,98456.89285714286,102051.73214285714,102572.96428571428,102340.82142857143,102115.53571428572,99128.03571428572,102102.35714285714,88484.17857142857,102045.66071428572,102022.58928571428,99264.28571428572
94071.625,102313.73214285714,99220.69642857143,101968.875,97232.60714285714,98872.91071428572,99149.69642857143,97261.66071428572,68253.25,101174.57142857143,95695.14285714286,102206.98214285714,81429.58928571429,97145.44642857143,101906.82142857143,100288.51785714286,96188.125,101054.94642857143,99807.17857142857,102468.23214285714,97145.44642857143,98173.42857142857,98215.07142857143,102019.85714285714,102554.46428571428,102264.08928571428,102063.98214285714,98880.98214285714,102028.98214285714,88506.19642857143,101985.92857142857,101976.32142857143,99018.32142857143
94751.64285714286,103181.39285714286,99980.83928571428,102989.75,97949.89285714286,99594.48214285714,99903.55357142857,97956.48214285714,67975.64285714286,101983.30357142857,96464.46428571428,103069.41071428572,81299.19642857143,97840.73214285714,102968.39285714286,101290.125,96950.55357142857,102097.42857142857,100623.0,103240.125,97840.73214285714,98870.42857142857,98993.30357142857,102839.375,103312.875,103152.82142857143,103075.64285714286,99595.82142857143,102959.89285714286,88441.08928571429,102975.80357142857,102999.5,99742.08928571428
94619.76785714286,102720.67857142857,99935.94642857143,102437.0,97897.64285714286,99576.17857142857,99865.66071428572,97916.83928571428,67976.53571428571,101597.53571428572,96075.92857142857,102662.19642857143,81453.51785714286,97794.16071428572,102327.41071428572,100683.07142857143,96594.83928571428,101446.76785714286,100554.03571428572,102843.76785714286,97794.16071428572,98854.66071428572,98854.92857142857,102402.91071428572,102932.51785714286,102696.82142857143,102501.375,99587.10714285714,102481.39285714286,88491.01785714286,102431.42857142857,102442.03571428572,99725.98214285714
94268.83928571428,102763.82142857143,99474.53571428572,102533.01785714286,97474.73214285714,99124.64285714286,99364.82142857143,97490.57142857143,67613.16071428571,101513.55357142857,96013.26785714286,102585.64285714286,81273.91071428571,97372.75,102527.08928571428,100849.48214285714,96508.42857142857,101652.5,100042.57142857143,102874.78571428572,97372.75,98402.91071428572,98513.35714285714,102469.71428571428,102934.75,102680.19642857143,102620.875,99101.5,102516.25,88226.92857142857,102504.07142857143,102544.42857142857,99247.57142857143
94401.51785714286,102356.14285714286,99596.23214285714,102095.60714285714,97610.64285714286,99260.89285714286,99496.32142857143,97630.75,68459.55357142857,101336.96428571428,95868.80357142857,102402.41071428572,81601.67857142857,97513.19642857143,101933.94642857143,100318.35714285714,96421.5,101056.35714285714,100142.94642857143,102441.16071428572,97513.19642857143,98554.375,98565.92857142857,102016.69642857143,102552.08928571428,102390.35714285714,102149.39285714286,99265.98214285714,102169.07142857143,88670.625,102073.35714285714,102099.625,99400.14285714286
93329.25,101691.32142857143,98403.57142857143,101396.5,96438.85714285714,98071.32142857143,98281.41071428572,96473.125,67800.55357142857,100612.375,95128.25,101662.73214285714,81174.69642857143,96359.42857142857,101354.96428571428,99734.21428571428,95614.94642857143,100499.46428571428,98890.94642857143,101954.5,96359.42857142857,97370.01785714286,97450.39285714286,101485.64285714286,102039.98214285714,101722.19642857143,101506.98214285714,98050.51785714286,101464.32142857143,88015.89285714286,101407.375,101403.67857142857,98192.58928571428
94575.21428571428,102702.82142857143,99830.39285714286,102727.67857142857,97809.26785714286,99475.67857142857,99721.57142857143,97822.76785714286,67644.19642857143,101771.73214285714,96205.60714285714,102878.94642857143,81248.16071428571,97700.83928571428,102654.17857142857,100984.73214285714,96729.33928571428,101775.44642857143,100385.58928571428,102937.58928571428,97700.83928571428,98755.05357142857,98832.71428571428,102477.07142857143,103041.16071428572,102880.625,102780.76785714286,99465.26785714286,102753.53571428572,88036.375,102677.48214285714,102735.57142857143,99612.35714285714
93938.67857142857,102001.0,99103.78571428572,101783.82142857143,97109.35714285714,98752.96428571428,99029.16071428572,97139.58928571428,67733.64285714286,100896.78571428572,95471.875,101960.98214285714,81043.64285714286,97023.94642857143,101685.14285714286,100066.08928571428,95975.73214285714,100829.83928571428,99721.80357142857,102096.89285714286,97023.94642857143,98044.41071428572,98110.60714285714,101676.64285714286,102184.80357142857,102006.46428571428,101844.08928571428,98756.32142857143,101792.17857142857,87774.85714285714,101766.69642857143,101790.83928571428,98882.01785714286
94202.35714285714,102170.26785714286,99348.35714285714,101866.05357142857,97366.80357142857,98991.35714285714,99284.71428571428,97381.875,68080.75,101065.98214285714,95719.82142857143,102113.83928571428,81223.85714285714,97269.44642857143,101753.64285714286,100175.375,96236.17857142857,100908.46428571428,99982.0,102317.25,97269.44642857143,98299.33928571428,98379.375,101873.05357142857,102415.23214285714,102122.69642857143,101922.83928571428,99006.80357142857,101913.375,88067.89285714286,101856.44642857143,101872.17857142857,99131.76785714286
94161.01785714286,102115.875,99241.5,101809.46428571428,97291.30357142857,98909.67857142857,99184.14285714286,97322.08928571428,68142.46428571429,100989.01785714286,95682.03571428572,102033.98214285714,81385.78571428571,97210.44642857143,101720.28571428572,100149.35714285714,96172.125,100883.98214285714,99854.10714285714,102269.82142857143,97210.44642857143,98217.76785714286,98267.73214285714,101833.01785714286,102354.125,102076.66071428572,101854.33928571428,98920.66071428572,101835.21428571428,88207.71428571429,101783.98214285714,101817.375,99043.58928571428
93258.89285714286,101262.07142857143,98243.82142857143,100915.94642857143,96331.26785714286,97919.55357142857,98181.21428571428,96364.80357142857,67954.42857142857,100176.60714285714,94784.33928571428,101202.23214285714,81199.26785714286,96259.73214285714,100814.53571428572,99236.48214285714,95261.58928571428,99969.69642857143,98820.71428571428,101399.85714285714,96259.73214285714,97240.71428571428,97286.08928571428,100967.98214285714,101487.60714285714,101237.35714285714,100986.75,97925.05357142857,100990.5,87968.94642857143,100923.26785714286,100921.67857142857,98049.46428571428
93137.96428571428,100804.375,98070.98214285714,100518.875,96180.58928571428,97738.92857142857,97995.10714285714,96187.67857142857,68093.80357142857,99783.44642857143,94585.66071428572,100804.17857142857,81084.5,96077.67857142857,100404.64285714286,98867.16071428572,95095.76785714286,99574.875,98647.57142857143,100942.01785714286,96077.67857142857,97063.85714285714,97166.46428571428,100517.51785714286,101038.07142857143,100816.80357142857,100571.92857142857,97726.875,100569.625,87793.26785714286,100500.55357142857,100524.30357142857,97862.60714285714
93829.75,101736.5,98870.35714285714,101409.39285714286,96951.73214285714,98533.25,98775.625,96960.42857142857,68167.73214285714,100566.76785714286,95324.25,101605.28571428572,81231.35714285714,96849.5,101340.21428571428,99786.51785714286,95839.14285714286,100515.94642857143,99391.39285714286,101922.42857142857,96849.5,97848.25,97889.5,101479.5,102013.03571428572,101647.41071428572,101481.21428571428,98531.0,101436.80357142857,87890.5,101389.28571428572,101414.91071428572,98659.60714285714
93250.30357142857,101099.14285714286,98157.875,100726.39285714286,96290.96428571428,97806.55357142857,98075.375,96262.71428571428,68311.32142857143,99992.30357142857,94760.55357142857,101014.71428571428,81318.39285714286,96152.16071428572,100651.10714285714,99138.82142857143,95259.57142857143,99846.66071428572,98692.69642857143,101283.94642857143,96152.16071428572,97144.23214285714,97244.53571428572,100845.89285714286,101368.375,101055.19642857143,100804.78571428572,97812.0,100800.21428571428,87925.30357142857,100727.58928571428,100731.80357142857,97945.94642857143
93225.44642857143,100834.625,98218.28571428572,100542.76785714286,96330.91071428572,97908.48214285714,98148.17857142857,96360.625,67993.26785714286,99735.64285714286,94643.42857142857,100754.35714285714,80907.07142857143,96253.875,100442.14285714286,98945.17857142857,95165.71428571428,99645.66071428572,98755.94642857143,100992.80357142857,96253.875,97232.35714285714,97241.71428571428,100563.39285714286,101086.82142857143,100783.96428571428,100592.08928571428,97908.19642857143,100577.42857142857,87525.85714285714,100518.30357142857,100548.96428571428,98025.71428571428
93094.91071428572,100825.57142857143,98078.07142857143,100460.28571428572,96190.98214285714,97746.07142857143,98004.17857142857,96181.89285714286,67948.91071428571,99655.80357142857,94570.30357142857,100673.98214285714,80946.91071428571,96068.53571428572,100415.64285714286,98935.5,95076.78571428572,99636.94642857143,98623.35714285714,101015.33928571428,96068.53571428572,97077.375,97078.91071428572,100578.14285714286,101092.96428571428,100734.08928571428,100550.0,97753.69642857143,100505.35714285714,87484.96428571429,100462.03571428572,100465.03571428572,97883.46428571428
93634.05357142857,101332.76785714286,98620.92857142857,101036.39285714286,96730.41071428572,98299.35714285714,98549.10714285714,96739.17857142857,68186.41071428571,100266.44642857143,95076.98214285714,101290.875,81291.08928571429,96629.92857142857,100925.03571428572,99424.80357142857,95598.53571428572,100127.78571428572,99160.69642857143,101481.78571428572,96629.92857142857,97621.78571428572,97632.85714285714,101058.21428571428,101574.75,101313.41071428572,101106.55357142857,98301.16071428572,101102.625,88066.30357142857,101029.73214285714,101041.05357142857,98426.25
93767.42857142857,101383.96428571428,98747.75,101050.03571428572,96863.55357142857,98417.35714285714,98674.32142857143,96864.91071428572,68457.53571428571,100322.5,95124.83928571428,101340.58928571428,81423.67857142857,96758.28571428572,100894.48214285714,99394.55357142857,95654.01785714286,100084.55357142857,99270.58928571428,101506.05357142857,96758.28571428572,97746.82142857143,97769.80357142857,101094.82142857143,101604.71428571428,101372.14285714286,101103.625,98427.35714285714,101117.89285714286,88270.73214285714,101035.83928571428,101054.69642857143,98551.17857142857
93417.14285714286,100992.57142857143,98323.625,100685.76785714286,96463.53571428572,97987.53571428572,98253.94642857143,96443.73214285714,68506.51785714286,99941.08928571428,94836.51785714286,100953.66071428572,81261.33928571429,96340.58928571428,100547.51785714286,99069.92857142857,95365.42857142857,99752.89285714286,98846.01785714286,101198.32142857143,96340.58928571428,97329.51785714286,97372.07142857143,100754.48214285714,101293.0,100960.78571428572,100715.55357142857,98007.73214285714,100728.83928571428,88021.64285714286,100648.03571428572,100690.58928571428,98128.05357142857
92962.58928571428,100680.78571428572,97768.75,100272.35714285714,95936.42857142857,97413.07142857143,97700.05357142857,95892.53571428572,68027.80357142857,99561.60714285714,94470.17857142857,100563.14285714286,80986.08928571429,95791.75,100180.58928571428,98707.75,94975.83928571428,99411.42857142857,98295.53571428572,100872.23214285714,95791.75,96753.85714285714,96893.21428571428,100438.80357142857,100956.80357142857,100617.17857142857,100351.5,97420.26785714286,100346.57142857143,87618.625,100278.60714285714,100277.58928571428,97548.08928571428
93559.05357142857,101127.33928571428,98516.80357142857,100824.83928571428,96626.98214285714,98181.60714285714,98462.0,96629.5,68030.69642857143,100030.71428571428,94970.21428571428,101045.07142857143,81039.0,96527.0,100747.85714285714,99246.78571428572,95465.5,99967.33928571428,99100.96428571428,101267.51785714286,96527.0,97508.19642857143,97558.94642857143,100855.57142857143,101354.48214285714,101079.92857142857,100893.17857142857,98194.125,100875.625,87885.80357142857,100822.25,100830.92857142857,98312.375
93239.91071428572,100617.98214285714,98146.28571428572,100394.82142857143,96274.10714285714,97848.14285714286,98114.64285714286,96310.07142857143,68083.5,99607.875,94517.67857142857,100621.33928571428,80910.5,96209.30357142857,100238.21428571428,98722.42857142857,95004.96428571428,99438.58928571428,98720.39285714286,100748.75,96209.30357142857,97171.64285714286,97131.96428571428,100333.73214285714,100851.19642857143,100624.10714285714,100411.0,97851.58928571428,100414.57142857143,87744.42857142857,100348.66071428572,100399.17857142857,97963.19642857143
92819.875,100229.69642857143,97666.14285714286,99885.48214285714,95819.30357142857,97351.46428571428,97630.58928571428,95834.32142857143,68073.83928571429,99189.78571428572,94196.42857142857,100185.41071428572,80823.23214285714,95736.80357142857,99784.17857142857,98330.39285714286,94679.44642857143,99023.91071428572,98262.08928571428,100424.55357142857,95736.80357142857,96690.48214285714,96736.10714285714,99993.30357142857,100508.16071428572,100188.375,99949.44642857143,97365.375,99961.89285714286,87547.07142857143,99882.82142857143,99891.30357142857,97474.69642857143
93098.0,100421.625,97981.875,100236.03571428572,96122.30357142857,97680.66071428572,97955.14285714286,96149.10714285714,68176.91071428571,99478.17857142857,94395.98214285714,100492.39285714286,81002.17857142857,96050.60714285714,100073.80357142857,98579.94642857143,94887.57142857143,99281.58928571428,98565.48214285714,100493.53571428572,96050.60714285714,97012.07142857143,96994.92857142857,100100.08928571428,100596.78571428572,100487.35714285714,100248.94642857143,97695.73214285714,100271.875,87804.42857142857,100191.23214285714,100239.78571428572,97807.39285714286
92781.41071428572,100240.91071428572,97628.76785714286,99978.94642857143,95777.66071428572,97322.51785714286,97591.92857142857,95803.08928571428,68186.64285714286,99263.64285714286,94103.5,100272.41071428572,80975.89285714286,95699.5,99822.10714285714,98310.58928571428,94595.89285714286,99019.67857142857,98222.69642857143,100315.94642857143,95699.5,96661.66071428572,96697.73214285714,99916.78571428572,100434.28571428572,100255.51785714286,100011.41071428572,97333.32142857143,100025.44642857143,87665.67857142857,99953.46428571428,99982.67857142857,97450.67857142857
92588.375,100249.05357142857,97316.89285714286,99975.75,95495.94642857143,97029.39285714286,97284.76785714286,95554.25,68059.28571428571,99324.25,94081.89285714286,100317.58928571428,80968.58928571429,95443.66071428572,99747.60714285714,98226.64285714286,94562.42857142857,98935.60714285714,97928.05357142857,100314.48214285714,95443.66071428572,96367.98214285714,96506.55357142857,99927.19642857143,100428.44642857143,100302.98214285714,99980.125,97019.32142857143,100014.25,87617.42857142857,99924.14285714286,99976.19642857143,97136.17857142857
92682.92857142857,100368.60714285714,97370.48214285714,99977.48214285714,95562.07142857143,97059.46428571428,97341.5,95581.07142857143,68033.26785714286,99332.82142857143,94142.28571428572,100330.30357142857,80900.94642857143,95472.625,99796.60714285714,98315.67857142857,94622.94642857143,99011.35714285714,98002.82142857143,100457.64285714286,95472.625,96400.89285714286,96567.875,100061.82142857143,100562.16071428572,100365.33928571428,100028.5,97059.0,100072.5,87630.875,99971.92857142857,99978.51785714286,97180.375
92570.67857142857,100137.32142857143,97196.94642857143,99821.19642857143,95404.44642857143,96879.78571428572,97152.71428571428,95430.75,68021.92857142857,99154.55357142857,93990.19642857143,100143.25,80847.76785714286,95324.10714285714,99575.23214285714,98059.96428571428,94469.25,98757.76785714286,97811.44642857143,100255.28571428572,95324.10714285714,96215.94642857143,96413.33928571428,99848.42857142857,100361.32142857143,100152.0,99826.14285714286,96873.51785714286,99874.48214285714,87547.66071428571,99778.33928571428,99822.05357142857,96995.85714285714
92696.42857142857,100053.10714285714,97528.58928571428,99643.39285714286,95699.55357142857,97262.41071428572,97513.64285714286,95781.92857142857,68306.0,98971.58928571428,94018.875,99960.07142857143,80876.03571428571,95675.78571428572,99559.08928571428,98132.23214285714,94496.98214285714,98806.69642857143,98101.625,100261.83928571428,95675.78571428572,96609.57142857143,96536.94642857143,99818.94642857143,100362.66071428572,100017.66071428572,99710.17857142857,97289.03571428572,99716.98214285714,87595.94642857143,99636.53571428572,99649.73214285714,97390.35714285714
92850.64285714286,100333.60714285714,97528.67857142857,100059.85714285714,95721.875,97196.89285714286,97491.23214285714,95722.94642857143,68228.625,99357.60714285714,94231.625,100350.0,81064.91071428571,95611.125,99840.76785714286,98356.91071428572,94709.46428571428,99035.125,98153.33928571428,100433.69642857143,95611.125,96546.07142857143,96704.16071428572,100037.78571428572,100525.98214285714,100361.875,100084.16071428572,97218.92857142857,100108.08928571428,87798.23214285714,100028.41071428572,100063.01785714286,97340.64285714286
92903.85714285714,100157.08928571428,97652.26785714286,99932.46428571428,95833.51785714286,97370.58928571428,97622.64285714286,95892.32142857143,68431.05357142857,99165.58928571428,94247.07142857143,100160.57142857143,81117.25,95785.30357142857,99789.92857142857,98342.55357142857,94722.69642857143,99023.07142857143,98236.76785714286,100258.16071428572,95785.30357142857,96715.35714285714,96759.60714285714,99866.82142857143,100348.69642857143,100178.66071428572,99952.75,97389.375,99945.64285714286,87859.19642857143,99882.21428571428,99938.14285714286,97494.53571428572
93144.19642857143,100457.28571428572,97902.5,100195.64285714286,96074.76785714286,97586.82142857143,97860.57142857143,96103.71428571428,68591.0,99400.53571428572,94515.89285714286,100397.64285714286,81346.375,95992.94642857143,100114.46428571428,98663.80357142857,94979.98214285714,99356.21428571428,98487.51785714286,100589.42857142857,95992.94642857143,96929.19642857143,96988.57142857143,100193.28571428572,100671.76785714286,100441.21428571428,100255.19642857143,97606.17857142857,100228.67857142857,88116.71428571429,100180.17857142857,100200.91071428572,97719.98214285714
93070.125,100482.91071428572,97675.66071428572,100288.32142857143,95888.30357142857,97321.0,97635.78571428572,95857.17857142857,68399.73214285714,99491.05357142857,94499.48214285714,100493.625,81302.69642857143,95748.51785714286,100138.66071428572,98672.69642857143,94959.46428571428,99364.25,98297.03571428572,100588.5,95748.51785714286,96678.42857142857,96873.67857142857,100193.41071428572,100679.92857142857,100505.80357142857,100326.71428571428,97351.46428571428,100301.82142857143,88006.89285714286,100252.76785714286,100291.75,97472.30357142857
93132.0,100639.23214285714,97778.60714285714,100347.14285714286,95987.73214285714,97459.89285714286,97724.30357142857,95995.28571428572,68404.89285714286,99573.82142857143,94586.01785714286,100569.91071428572,81336.25,95889.14285714286,100241.96428571428,98773.17857142857,95069.44642857143,99471.16071428572,98344.26785714286,100798.44642857143,95889.14285714286,96810.35714285714,96952.71428571428,100392.60714285714,100874.01785714286,100608.17857142857,100402.75,97478.41071428572,100381.26785714286,88127.64285714286,100328.73214285714,100352.55357142857,97592.91071428572
93364.42857142857,100862.26785714286,98115.48214285714,100519.51785714286,96301.14285714286,97810.92857142857,98054.53571428572,96318.96428571428,68334.125,99732.67857142857,94854.51785714286,100730.76785714286,81338.67857142857,96201.21428571428,100492.07142857143,99054.67857142857,95364.71428571428,99752.03571428572,98612.33928571428,101055.16071428572,96201.21428571428,97163.10714285714,97231.66071428572,100640.42857142857,101122.96428571428,100781.60714285714,100636.75,97841.375,100585.35714285714,88101.71428571429,100546.32142857143,100526.26785714286,97953.69642857143
93247.80357142857,100696.44642857143,97945.83928571428,100534.71428571428,96146.66071428572,97637.0,97879.375,96165.51785714286,68331.10714285714,99632.41071428572,94725.60714285714,100628.07142857143,81287.25,96059.57142857143,100488.53571428572,99004.41071428572,95219.32142857143,99726.66071428572,98466.16071428572,100797.875,96059.57142857143,96979.57142857143,97073.83928571428,100388.64285714286,100859.35714285714,100676.0,100598.17857142857,97647.92857142857,100533.57142857143,88069.39285714286,100506.05357142857,100541.83928571428,97765.14285714286
93597.69642857143,101163.21428571428,98418.41071428572,100948.10714285714,96583.32142857143,98118.57142857143,98351.51785714286,96621.07142857143,68731.57142857143,100063.73214285714,95093.875,101075.16071428572,81477.48214285714,96509.66071428572,100910.35714285714,99417.30357142857,95578.46428571428,100141.39285714286,98930.89285714286,101229.08928571428,96509.66071428572,97462.125,97476.98214285714,100869.57142857143,101288.39285714286,101143.03571428572,101024.51785714286,98139.53571428572,100942.80357142857,88280.55357142857,100925.94642857143,100955.23214285714,98254.41071428572
93727.625,101454.33928571428,98599.80357142857,101087.60714285714,96725.625,98284.55357142857,98531.85714285714,96763.32142857143,68398.58928571429,100287.66071428572,95236.60714285714,101298.76785714286,81422.19642857143,96648.23214285714,101052.33928571428,99557.71428571428,95728.89285714286,100274.875,99141.80357142857,101606.53571428572,96648.23214285714,97607.46428571428,97677.10714285714,101203.07142857143,101670.375,101374.17857142857,101193.39285714286,98293.64285714286,101149.92857142857,88308.55357142857,101115.91071428572,101094.71428571428,98415.98214285714
94442.01785714286,102008.21428571428,99490.25,101710.92857142857,97555.35714285714,99161.69642857143,99444.55357142857,97586.85714285714,68555.125,100862.03571428572,95797.01785714286,101895.83928571428,81605.44642857143,97465.91071428572,101647.19642857143,100127.80357142857,96299.71428571428,100853.44642857143,100099.73214285714,102116.17857142857,97465.91071428572,98467.78571428572,98479.125,101717.875,102189.41071428572,101959.60714285714,101776.39285714286,99176.51785714286,101741.89285714286,88611.69642857143,101703.625,101718.64285714286,99302.51785714286
94043.23214285714,101723.21428571428,98996.85714285714,101370.10714285714,97089.75,98654.57142857143,98951.0,97103.85714285714,68534.96428571429,100585.21428571428,95473.83928571428,101604.21428571428,81476.23214285714,96986.80357142857,101296.39285714286,99788.5,95967.89285714286,100503.33928571428,99634.0,101886.375,96986.80357142857,97966.46428571428,98069.69642857143,101463.375,101968.875,101655.16071428572,101434.73214285714,98672.07142857143,101423.78571428572,88415.48214285714,101368.67857142857,101377.23214285714,98796.67857142857
94158.48214285714,102020.51785714286,99122.16071428572,101768.26785714286,97210.41071428572,98776.01785714286,99079.625,97219.25,68741.51785714286,100889.85714285714,95670.89285714286,101923.53571428572,81735.76785714286,97101.58928571428,101709.01785714286,100143.83928571428,96159.51785714286,100898.07142857143,99755.35714285714,102115.32142857143,97101.58928571428,98087.16071428572,98198.92857142857,101732.05357142857,102192.14285714286,101991.69642857143,101851.08928571428,98785.125,101789.58928571428,88634.42857142857,101768.48214285714,101774.83928571428,98917.67857142857
94055.01785714286,101841.19642857143,99046.80357142857,101498.53571428572,97124.16071428572,98738.66071428572,98996.42857142857,97191.76785714286,68392.89285714286,100669.14285714286,95527.53571428572,101695.03571428572,81440.35714285714,97077.92857142857,101434.875,99915.55357142857,96003.19642857143,100641.71428571428,99636.98214285714,101982.39285714286,97077.92857142857,98050.28571428572,98050.125,101576.80357142857,102042.80357142857,101774.17857142857,101575.89285714286,98751.64285714286,101551.44642857143,88374.32142857143,101503.57142857143,101503.44642857143,98872.94642857143
94552.01785714286,102247.48214285714,99630.125,101982.17857142857,97692.35714285714,99306.125,99591.375,97729.10714285714,68721.875,101099.48214285714,95974.25,102141.94642857143,81808.55357142857,97609.91071428572,101924.625,100381.125,96472.83928571428,101125.69642857143,100244.625,102365.0,97609.91071428572,98616.44642857143,98638.41071428572,101968.03571428572,102431.44642857143,102210.19642857143,102048.26785714286,99335.44642857143,101994.23214285714,88868.30357142857,101966.05357142857,101987.05357142857,99454.07142857143
94146.60714285714,102060.76785714286,99160.75,101646.98214285714,97228.875,98830.55357142857,99120.625,97257.42857142857,68424.53571428571,100894.25,95634.28571428572,101914.42857142857,81759.125,97135.55357142857,101571.57142857143,100039.42857142857,96126.73214285714,100766.94642857143,99778.75,102290.08928571428,97135.55357142857,98141.80357142857,98194.21428571428,101839.67857142857,102366.48214285714,101965.44642857143,101723.60714285714,98846.71428571428,101728.66071428572,88750.125,101656.41071428572,101651.91071428572,98978.64285714286
94290.35714285714,102269.375,99433.05357142857,101992.44642857143,97462.07142857143,99120.21428571428,99378.0,97529.25,68123.92857142857,101071.08928571428,95897.67857142857,102118.48214285714,81557.35714285714,97407.94642857143,101991.96428571428,100434.73214285714,96378.16071428572,101193.76785714286,100026.91071428572,102426.10714285714,97407.94642857143,98429.57142857143,98418.08928571428,102014.64285714286,102495.14285714286,102157.92857142857,102074.01785714286,99129.96428571428,101985.0,88534.80357142857,101980.73214285714,102000.625,99255.69642857143
94667.875,102474.76785714286,99869.14285714286,102324.69642857143,97873.625,99527.46428571428,99817.125,97911.98214285714,68301.57142857143,101395.55357142857,96125.76785714286,102462.48214285714,81582.57142857143,97783.0,102220.375,100628.26785714286,96639.78571428572,101385.30357142857,100475.83928571428,102545.89285714286,97783.0,98821.17857142857,98822.17857142857,102147.01785714286,102641.89285714286,102466.21428571428,102353.44642857143,99543.46428571428,102319.01785714286,88578.75,102277.73214285714,102329.48214285714,99678.78571428572
94247.71428571428,101961.66071428572,99441.92857142857,101756.91071428572,97453.58928571428,99097.26785714286,99387.03571428572,97482.0,68206.66071428571,100905.35714285714,95677.16071428572,101960.98214285714,81349.71428571429,97353.91071428572,101651.07142857143,100076.75,96203.64285714286,100819.71428571428,100065.05357142857,102048.78571428572,97353.91071428572,98394.96428571428,98389.08928571428,101643.05357142857,102146.375,101961.78571428572,101804.32142857143,99120.46428571428,101779.39285714286,88412.44642857143,101731.28571428572,101760.71428571428,99251.10714285714
94489.21428571428,102570.75,99653.80357142857,102315.60714285714,97654.55357142857,99301.48214285714,99610.17857142857,97679.375,67594.33928571429,101403.875,96028.375,102475.75,81251.125,97552.28571428572,102243.28571428572,100637.21428571428,96524.60714285714,101411.01785714286,100305.41071428572,102682.60714285714,97552.28571428572,98589.92857142857,98667.76785714286,102271.0,102762.83928571428,102538.5,102373.03571428572,99327.85714285714,102326.33928571428,88176.78571428571,102284.91071428572,102322.16071428572,99454.58928571428
94946.75,102904.73214285714,100245.46428571428,102746.66071428572,98201.42857142857,99879.55357142857,100188.66071428572,98235.07142857143,68047.73214285714,101816.19642857143,96422.28571428572,102911.42857142857,81436.23214285714,98102.375,102643.85714285714,101012.05357142857,96947.85714285714,101788.58928571428,100888.85714285714,102945.17857142857,98102.375,99155.17857142857,99189.39285714286,102550.19642857143,103035.39285714286,102942.44642857143,102788.82142857143,99899.19642857143,102751.41071428572,88580.60714285714,102702.21428571428,102751.875,100027.66071428572
94679.08928571428,102862.76785714286,99891.125,102631.73214285714,97864.0,99530.91071428572,99835.91071428572,97890.125,67850.39285714286,101723.08928571428,96236.625,102805.21428571428,81388.42857142857,97761.125,102543.08928571428,100900.23214285714,96737.73214285714,101686.71428571428,100544.21428571428,102974.125,97761.125,98810.07142857143,98891.17857142857,102553.5,103058.375,102848.98214285714,102693.78571428572,99548.71428571428,102655.85714285714,88402.69642857143,102606.10714285714,102638.125,99675.98214285714
95102.625,103160.875,100370.95833333331,102963.70833333331,98332.875,100019.58333333331,100308.375,98377.29166666669,68558.0,102006.29166666669,96603.375,103097.0,81779.83333333333,98246.58333333331,102863.66666666669,101221.04166666669,97133.29166666669,102002.20833333331,101009.83333333331,103240.29166666669,98246.58333333331,99297.45833333331,99357.20833333331,102829.79166666669,103325.0,103141.04166666669,103012.66666666669,100035.875,102969.29166666669,88844.125,102929.33333333331,102968.875,100158.70833333331
