BM,BTG,BWQ,CLJ,CT,DMZ,FSB,GGS,GTQ,HK,HLS,HMS,JJQ,LJG,LK,NJG,PS,QJDQ,QXC,SJY,SMZ,SPY,SWB,SXC,WC,WHK,XH,XJX,YJ,YLJK,YSG,YYL,ZT
1991.982142857143,35622.21428571428,1542.5357142857142,20637.29910714286,10623.375,66.79910714285714,9156.879464285714,8783.85267857143,791.59375,33095.69196428572,12813.982142857143,7756.455357142857,1634.459821428571,3779.558035714286,13020.205357142857,12836.982142857143,12799.63392857143,269.3928571428572,12560.66517857143,1129.084821428571,4953.241071428572,8859.95982142857,12550.973214285714,38607.86607142857,41312.39732142857,33571.42857142857,2556.303571428572,310.3080357142857,24923.723214285717,2571.022321428572,21590.160714285717,12871.9375,9099.910714285714
1564.09375,32512.77232142857,2032.8973214285716,20194.683035714286,13073.700892857143,68.81696428571429,11047.20982142857,10882.732142857143,1733.852678571429,31225.77232142857,15186.86607142857,5018.361607142857,2707.147321428572,4010.21875,15661.67857142857,15241.86607142857,15164.71875,329.5267857142857,14692.10267857143,1421.205357142857,6838.767857142857,10906.5,14823.044642857143,34580.02232142857,36695.236607142855,31482.816964285717,4245.589285714285,210.40625,25781.526785714286,3420.816964285714,20656.696428571428,15549.44642857143,11017.044642857143
4531.696428571428,37690.100450000005,2645.3258928571427,26510.98884142857,19328.479912857143,66.47544642857143,16687.252235714284,15119.61384142857,1812.8816964285716,37555.07366142857,23871.727680000004,5268.308035714285,3515.8616071428573,4066.991071428572,23247.84152142857,23707.23661,23898.823662857143,395.9263392857143,23785.28125142857,2502.0133928571427,10806.133929285714,15553.078127142857,23507.46652,39592.145091428574,40143.18973428571,36876.194200000005,4783.589285714285,1072.866071428571,31436.69419857143,4666.513392857143,25722.73214428572,21106.85714571429,16441.446431428572
4041.555803571429,69139.65178857143,3819.993303571429,48550.77455571429,22938.678572857145,53.296875,19169.81473428572,17748.575895714286,1671.7388392857142,68240.04910999999,30674.671877142857,10021.66741357143,4007.366071428572,4128.276785714285,31562.578127142857,30886.98214571429,30518.07589571429,768.1540178571429,27446.78571571429,3213.8147321428573,13481.58928857143,18024.897324285717,27899.75446714286,73367.70759142857,78390.09375428571,67870.33705428572,5790.207589285715,758.0959821428571,57370.95982428572,5894.654017857143,49068.22098571429,30969.77455714286,18755.055805714284
1923.0736607142856,67351.1942,10969.995537142857,45105.84598285714,30540.814735714288,1363.595982142857,19557.95089428572,17056.468751428572,1597.350446428571,64009.70982285715,34633.035717142855,6459.116071428572,4169.591517857143,5190.964285714285,35555.49777,34857.48661,34499.29911,957.3415178571428,32792.74777,6636.082589285715,11676.51785857143,18616.59375142857,32835.30357428572,70566.2321442857,79470.54464571427,64752.06250285714,8422.642857857143,764.34375,56585.35044714285,5276.857142857143,46078.27678857144,34627.00223571429,19259.718752857145
3310.120535714286,62460.72544857143,8004.475447142858,43821.09152142857,27793.76786,1233.0267857142858,19615.691968571427,16092.901787142857,1370.216517857143,59721.11160857143,34384.99777,3654.763392857143,3827.006696428572,4945.895089285715,36785.97098285714,34864.718752857145,34213.37723428571,899.1875,31993.462055714284,9011.819197142857,10765.339287142857,17871.323664285715,32717.79464571429,64036.72991428572,73498.90848428571,60396.84598571429,7785.886160714285,1100.991071428571,55431.54911000001,4130.540178571428,45233.95982428572,38140.10937714286,19059.14286142857
1900.7767857142856,48125.910715714286,3825.651785714286,31504.899555714284,22079.27901857143,934.2991071428572,18161.08705714286,15958.131698571427,1317.5111607142858,43183.83705571429,25537.08035857143,2376.131696428572,3700.883928571429,4652.941964285715,26848.47321714286,25789.25000142857,25451.712055714284,472.79017857142856,24380.87500142857,12808.80803857143,10973.834824285716,17282.928572857145,24756.17411,53854.76562714286,71743.59152142856,44290.61830714286,5825.080357142857,559.4977678571429,39809.843752857145,3668.544642857143,32627.689732857143,27819.69196714286,17901.209822857145
924.5602678571428,32640.25893142857,1441.642857142857,22668.79018142857,14916.928575714284,252.921875,13399.671877142857,12134.428574285716,1119.767857142857,29784.908485714288,17695.676342857147,1662.502232142857,3194.4241071428573,3218.8415178571427,18519.33259142857,17828.107144285714,17640.511162857143,244.59598214285717,16223.78571714286,13523.185271428572,8774.819197142857,12681.401787142857,16687.08036,35330.70312857143,51300.87053857144,30651.76785857143,2277.459821428572,248.27455357142856,27254.17187857143,2964.375,23987.96428857143,19948.39062857143,13114.368305714286
2695.5491071428573,32318.410718571427,3623.582589285714,25189.587055714284,18418.62053714286,302.66517857142856,14729.671877142857,12525.34152,1284.674107142857,34359.082591428574,24740.252235714288,1390.475446428571,3253.035714285714,3552.098214285714,25107.61161,24846.57589571429,24657.52902142857,909.1741071428572,21959.56696714286,8303.29464357143,8880.738840714286,12931.087057142857,22555.5067,33248.354914285715,39957.881700000005,33294.39285857143,6649.689732142857,1256.7142857142858,33586.72991285714,3048.901785714286,24320.801342857147,22641.79464714285,14035.475448571427
3688.491071428572,52738.73437857143,2968.5334821428573,35614.82143,22883.10045,798.7700892857143,19905.25893142857,17855.792414285715,1395.1205357142858,50398.17187857143,28759.63393142857,3066.4375,4511.872767857143,5156.988839285715,30885.734377142857,29054.20536,28669.89062857143,1276.424107142857,27040.354914285715,5005.883928571428,12493.053574285716,18841.31919857143,27587.77455714286,56207.14509285714,62473.66518285714,50786.42187714286,7204.462054285715,770.875,46377.98214571429,3838.015625,36382.24330571429,31101.03794857143,19501.64509142857
3180.719866142857,59051.351565714285,8197.631696571429,44219.08370857143,31023.751117142856,1335.0424108571428,22810.55469,20286.07589428572,1369.732142857143,60645.69084857143,37779.18638571428,4571.3214287142855,5397.517857285714,6350.8995537142855,39658.12835,38227.88393,37570.14397428571,1672.8950892857142,34774.22879571428,5227.818080571428,13726.967635714287,21916.74442,35044.83593857143,60325.77790428572,65027.89062571428,59714.13392857143,11597.787948571427,650.5178571428571,56702.11161000001,4996.598214428572,43644.14509,37746.33482285715,22443.21875
2164.670759285714,76084.23772142858,9330.824777142858,50930.51451,33806.72767857143,1011.0011160714286,24453.112724285715,22187.21651857143,1363.241071714286,74767.9821442857,39773.05469,3661.295759285714,5542.503348571429,6687.952009285715,42478.35156285715,40316.40959857143,39584.88169714286,1221.5234376428573,36718.11495428572,7113.209821714286,15307.090402857142,23582.453127142857,37334.06361428572,77394.22991142857,84487.03683142856,75260.90513571429,16485.79464285714,443.28125,70421.89732428572,5684.481027,52456.88281285715,43729.43303571428,24080.313618571432
1267.8281254285714,65503.98102857143,11684.541295857143,45813.35156428571,35932.172991428575,1063.3761161428572,24038.67968857143,21778.368305714284,1326.5189732857143,63890.84375,39947.63616,2418.6886162857145,5408.933035857143,6755.756696857143,41322.09598428571,40210.25446428572,39850.34375142857,647.3392857142857,37900.48660857143,8512.062500285714,14829.68527,23255.72098428572,38383.01897285715,66626.92410857142,75743.47544857142,64479.25669714285,13356.139508285714,250.27455357142856,60801.52343857143,5532.199777285714,46442.30692142857,41735.66294571429,23645.421877142857
2226.479911,45756.35937714286,7603.357143,34876.38951,29492.98102857143,1224.7455359285716,21845.91183142857,18887.01339285714,1226.5223215714286,42373.57031142857,33300.176341428574,1622.9676341428572,4644.560268142857,5940.896205571428,32987.59263571429,33202.00334857143,33316.829241428575,269.25,32740.82477714286,7448.388393,12686.087055714286,20595.666295714287,32658.41852857143,47892.809152857146,58110.06473285714,43370.90178571428,4020.1227682857134,545.3381696428571,39921.656251428576,4705.412946857143,35115.21652,32236.44419857143,21124.62165428572
2952.4497771428573,53529.11495714285,8169.583705857142,40583.27902,28226.602680000004,971.0234375714286,19905.23660714286,16874.093751428572,1154.322545,54921.73437571428,34864.12611857143,1244.866071714286,3818.8593752857146,5205.353795000001,36696.97209857143,35223.30022142857,34748.20312571429,425.2176339285714,32476.32589428572,4110.436384428572,11427.762278,18403.44977857143,33340.31585,53020.55357285715,55936.536832857135,54566.65178714286,12049.90625,647.5736607142857,53872.16294714285,4217.816964571429,41426.07812571428,38308.41852857143,19266.43526857143
1073.9720983571428,46726.91741142858,11160.485492857144,33218.43303571428,27265.06027,1056.2287948571427,16027.284598571428,14180.206474285716,1096.4888395714286,46503.83594,29804.021207142858,1005.4352680714284,3326.511161,5250.179687714285,30555.041295714287,29987.94308142857,29747.505582857146,280.20982142857144,28774.141744285716,3232.6964285714284,8797.436384142857,15496.077008571428,29079.0,47045.37835,50747.19977714286,46582.22991,11168.396206857142,207.81138392857144,45255.934152857146,3526.566964714286,33573.25223285714,30815.058035714286,15809.695312857144
752.9319196428571,39177.52009285714,11696.822545428571,28717.506697142857,25230.28571714286,881.4542411428572,13555.544642857143,12248.59375,1043.3180807142858,38162.527902857146,26389.377232857143,838.8325892857143,2725.040178857143,5023.599330428572,26594.94531428572,26413.30134142857,26379.30469,211.10044642857144,26037.63504714286,4032.220982428572,7160.357143142857,13234.254465714286,26035.91964714285,40113.61272428571,45661.22991142857,38396.46428857143,7408.351562857143,169.28013392857142,36980.99107142857,2989.202009142857,29183.81250142857,26615.19866142857,13433.08259142857
1299.6328125714283,38218.25,6956.978794857142,25985.690850000003,18893.646205714285,393.9363839285714,11801.794644285716,10500.296874714286,963.6104911428572,35681.98437714286,21897.83705428572,731.3125,2410.0212057142858,3636.3493307142858,22876.12500142857,22093.436385714285,21833.54352857143,232.5,20729.438618571432,3585.5011162857145,6753.025669857142,11135.959821857145,21234.01674142857,39333.11607285715,43899.232142857145,36602.76451,6314.203125142857,275.1640625,34217.99553571428,2749.977678857143,26905.292412857143,23982.617191428573,11540.21094
1486.6428574285717,29590.09933142857,3472.4575894285717,19885.21651857143,13528.243304285714,207.22879464285717,9981.438617285716,9160.127232428573,913.859375,27790.539065714285,16185.694195714284,701.9933035714286,2426.0491074285715,2924.0636162857145,16998.907365714284,16324.887277142858,16137.075892857143,343.859375,15377.620535714286,3377.1718752857146,6137.286830571428,9487.283482142857,15707.5346,31098.10156428572,36015.42187428572,28271.015627142857,4906.950893142857,313.140625,26559.38058142857,2476.518973428572,20770.597100000003,17671.33928714286,9789.001116857142
1026.5100447142856,24469.427457142858,1843.1250002857143,17021.72433142857,11442.41517857143,155.19196428571428,9542.487722571428,8656.464286,839.2466517857143,22899.021207142858,13413.92634,750.7232142857143,2280.6015625714285,2630.680803857143,14122.63169714286,13545.420758571428,13373.647322857145,214.875,12751.464287142857,3091.2354914285715,5909.718750285714,9017.040179428572,13047.03348285714,25517.84152,29477.79241,23434.88839428572,3256.425223571429,228.44977678571428,21610.43080428572,2242.9598217142857,17642.424108571427,14755.537948571427,9344.405134714283
1228.2421876428573,19109.65067,1514.9229912857145,14142.098215714286,9903.972098285714,173.34598214285714,8356.679687714286,7463.702009142857,731.3024553571429,18031.13951,11694.794642857143,737.8683035714286,1798.1272324285717,2506.4765625714285,11999.82478,11745.407368571428,11674.156251428572,213.2377232142857,11299.04018,2324.5747771428573,4830.946428857143,7843.003348428571,11425.646205714287,19940.08928714286,22967.83259,18363.694197142857,2136.837054,275.35825892857144,16996.24776857143,1834.9520091428567,14440.841518571428,12091.690848571428,8185.878348285715
1468.5290180714287,18826.94754714286,1466.0245537142855,14734.797992857144,8244.751116428572,147.40736607142858,6736.642857428572,5974.547991142857,640.609375,18955.565848571427,10855.478797285714,742.7645089285714,1499.7388394285715,2202.092634285714,11619.547990714284,10997.070312142856,10808.59486757143,296.16294642857144,10003.568079857145,1663.745536,3686.4743305714287,6289.808036,10342.758927571427,19124.063617142856,20943.24218857143,18943.532367142856,2625.206473428572,194.26450892857144,18080.666297142856,1438.6272325714283,15043.496652857142,12042.631698571427,6564.174107428572
827.1618303571429,17654.852678571428,999.0011161428572,12373.17410857143,6509.237723428571,91.56138392857144,5480.679687714285,4961.771205714286,545.1383928571429,16344.732144285716,7921.733259285715,907.6618303571428,1300.2366074285717,1697.7991072857144,8405.492188,7999.090402142858,7896.940848428571,207.375,7511.041294714286,1412.350446714286,3214.167410857143,5157.806919714286,7665.322544857142,18358.37165142857,20344.27232142857,16822.352678571428,1421.1417412857145,156.80915178571428,14968.291295714283,1254.5825895714286,12988.75446714286,8903.431920714285,5358.358259142857
1357.0770091428572,14460.036832857144,1022.261160857143,11250.304687142856,6470.145089571429,83.91629464285714,5425.936384142857,4780.766741285714,456.7232142857143,13975.5,8450.337053857143,892.1495535714286,1193.697544857143,1590.059152,8708.478794857143,8488.998884285715,8433.814732285715,223.42075892857144,8044.162946571429,1409.633928857143,3123.8783482857143,4974.814732285714,8208.325893142857,15002.541295714283,16810.42969,14114.22991142857,1468.8727681428572,276.09263392857144,12965.558037142857,1221.290178571429,11304.732142857143,8531.089285857142,5259.157366285714
755.5580357142857,14283.799110000002,852.4464285714286,10640.555807142857,5734.473214285715,76.43526785714286,4863.689732142857,4351.174107142857,379.5803571428572,13765.118305714286,7009.078125,868.7098214285714,1032.5111607142858,1483.9107142857142,7453.837053571428,7081.890625,6985.220982142857,206.64508928571428,6640.410714285715,1181.71875,2811.1383928571427,4538.142857142857,6779.421875,14580.837055714286,15842.493305714286,14018.06027,1132.712053571429,166.15178571428572,12628.069198571427,1112.319196428571,11089.446431428572,7835.450892857143,4746.654017857143
730.703125,12356.399555714286,875.5111607142857,8963.247767857143,5155.060267857143,74.61830357142857,4273.787946428572,3857.354910714286,308.44642857142856,11707.982147142857,6267.212053571428,788.8080357142857,907.7589285714286,1324.205357142857,6592.196428571428,6315.930803571428,6249.022321428572,206.97321428571428,5990.319196428572,966.4776785714286,2485.848214285714,4007.149553571429,6069.705357142857,12738.377235714286,14025.877234285714,11967.40402,1010.0580357142856,154.96205357142858,10681.167412142857,1025.881696428571,9313.104910714286,6754.763392857143,4178.154017857143
923.3549107142856,11045.828127142857,945.375,8585.495535714286,5114.162946428572,80.84375,4152.53125,3674.515625,246.64508928571428,10964.033484285714,6498.325892857143,677.2410714285714,806.0334821428571,1268.2232142857142,6792.165178571428,6545.790178571428,6479.537946428572,209.546875,6171.060267857143,805.2098214285714,2348.787946428572,3844.850446428572,6285.830357142857,11259.56027,12214.772325714284,11009.102681428572,1411.3950892857142,178.87723214285714,10257.515625,946.8772321428572,8667.424107142857,6739.529017857143,4045.368303571429
776.3727678571429,11091.48884142857,819.5892857142857,8036.515625,4542.767857142857,71.04910714285714,3709.160714285714,3287.866071428572,190.50446428571428,10577.171877142857,5726.727678571428,593.46875,706.1741071428571,1171.897321428571,6093.964285714285,5782.566964285715,5707.348214285715,206.8883928571429,5437.339285714285,692.2991071428571,2069.238839285714,3431.941964285714,5531.752232142857,11338.607145714286,12119.970985714286,10805.631698571427,1098.265625,155.64285714285714,9762.622769285716,844.0267857142857,8319.439732142857,6307.229910714285,3606.095982142857
852.7991071428571,9854.6875,848.59375,7754.417410714285,4760.991071428572,104.14955357142856,3903.899553571429,3408.390625,143.56026785714286,9598.138392857143,5943.100446428572,544.6897321428571,623.6986607142857,1227.446428571429,6175.234375,5975.783482142857,5929.620535714285,206.2321428571429,5712.691964285715,623.2566964285714,2112.4821428571427,3616.214285714286,5783.696428571428,10080.662947142857,10888.73660857143,9705.457589285714,1004.2901785714286,171.26785714285714,8979.689732142857,836.3504464285714,7789.310267857143,6051.683035714285,3803.546875
1004.7388392857144,10085.810267857143,772.4776785714286,7723.6875,4188.348214285715,67.19419642857143,3403.8683035714284,2954.256696428572,104.640625,10034.323660714286,5513.390625,530.8303571428571,552.5870535714286,1111.290178571429,5790.591517857143,5550.091517857143,5499.040178571428,206.66517857142856,5296.183035714285,624.9464285714286,1799.040178571429,3097.3772321428573,5349.892857142857,10263.33482142857,11027.609377142857,10098.07366142857,1004.859375,177.80133928571428,9369.890625,741.3816964285714,8015.455357142857,5932.993303571428,3295.756696428572
887.9866071428571,10079.343750714284,758.328125,7739.294642857143,3956.587053571429,66.21205357142857,3189.6383928571427,2810.037946428572,79.49107142857143,9886.67857142857,5287.573660714285,529.4196428571429,500.8125,1114.689732142857,5676.091517857143,5351.071428571428,5265.868303571428,205.484375,4955.814732142857,606.171875,1649.008928571429,2938.926339285714,5081.044642857143,10309.10491142857,11170.232144285716,9971.622768571428,1112.600446428571,153.94866071428572,9263.361607142857,685.7767857142857,7921.600446428572,5812.064732142857,3101.520089285714
887.5647321428571,9669.44642857143,741.8928571428571,7139.633928571428,3948.991071428572,56.379464285714285,3202.006696428572,2847.504464285714,65.92857142857143,9280.52455357143,5071.185267857143,514.0803571428571,469.0803571428572,1086.314732142857,5276.625,5090.814732142857,5061.839285714285,207.16071428571428,4916.453125,636.6205357142857,1721.9955357142858,2955.223214285714,4937.863839285715,9927.21428642857,10721.752234285714,9438.66517857143,966.2991071428572,168.79464285714286,8584.917410714286,691.9799107142857,7325.473214285715,5266.883928571428,3121.1540178571427
1444.375,11518.404020714286,822.5848214285714,8578.901785714286,4242.410714285715,68.98214285714286,3417.140625,2960.910714285714,59.473214285714285,11400.828127857145,5965.441964285715,611.6540178571429,447.5379464285714,1215.453125,6176.881696428572,5986.274553571428,5953.696428571428,214.8236607142857,5768.209821428572,737.7522321428571,1677.381696428571,3104.3772321428573,5811.772321428572,12085.383930714286,12544.488842857145,11260.185269285716,1244.439732142857,213.7455357142857,10581.263394285716,699.2165178571429,8852.511161428572,5978.049107142857,3301.8526785714284
1009.1205357142856,14349.950894285716,776.375,9777.763393571428,4430.816964285715,82.77455357142857,3644.216517857143,3233.660714285714,57.890625,13651.53348285714,5822.125,968.2723214285714,437.7455357142857,1252.5669642857142,6190.140625,5874.412946428572,5803.205357142857,208.765625,5537.877232142857,762.4910714285714,1900.6205357142856,3390.522321428572,5638.522321428572,15150.38616142857,15998.149557142857,13853.736610000002,1486.524553571429,168.82589285714286,12279.944198571427,738.8303571428571,10300.857146428572,6363.674107142857,3554.037946428572
1073.78125,13998.61384142857,795.5602678571429,9534.82142857143,4665.004464285715,94.9375,3856.310267857143,3323.819196428572,55.85714285714285,13011.026787142857,6066.631696428572,1177.59375,427.89955357142856,1239.265625,6289.319196428572,6092.857142857143,6053.428571428572,208.9486607142857,5857.816964285715,943.1964285714286,1993.919642857143,3530.479910714286,5916.037946428572,15034.845984285714,16233.022324285716,13233.68527,1215.194196428571,191.58258928571428,11448.091521428572,730.1294642857143,9827.296875714284,6161.712053571428,3742.200892857143
1506.3125,13849.109375714284,736.7901785714286,9891.68080357143,4286.660714285715,69.22321428571429,3550.566964285714,3135.754464285714,53.96428571428572,13345.944197142857,6013.886160714285,1490.334821428571,406.8973214285714,1246.790178571429,6258.493303571428,6040.158482142857,6002.738839285715,211.67633928571428,5855.220982142857,979.6540178571428,1828.5379464285716,3258.0870535714284,5885.203125,14609.685268571428,15798.935268571428,13468.656251428572,1167.6361607142858,218.9821428571429,11582.71428857143,662.6830357142857,10146.662948571427,6313.957589285715,3461.1540178571427
1069.040178571429,14618.90625,826.8035714285714,11316.57142857143,4426.401785714285,99.87946428571428,3584.21875,3087.96875,51.174107142857146,14773.058035714286,5961.598214285715,2165.9464285714284,414.7410714285714,1306.705357142857,6352.571428571428,6028.584821428572,5938.647321428572,206.59821428571428,5619.049107142857,894.5758928571429,1698.446428571429,3277.6875,5756.767857142857,15034.066964285714,15868.11607142857,14680.169642857143,1242.950892857143,182.8571428571429,12571.4375,642.6964285714286,11238.017857142857,6464.59375,3483.15625
1047.3080357142858,16350.763392857143,728.8035714285714,10599.986607142857,4072.116071428572,63.07589285714285,3336.566964285714,2940.84375,48.16964285714285,15871.33482142857,5469.901785714285,2862.370535714286,380.34375,1209.892857142857,5775.415178571428,5531.919642857143,5446.53125,217.5580357142857,5210.196428571428,758.6026785714286,1684.8392857142858,3069.566964285714,5285.84375,16740.464285714286,17431.401785714286,16067.79017857143,1343.9330357142858,161.04464285714286,12754.473214285714,639.5758928571429,11077.20982142857,5804.330357142857,3246.316964285714
889.6383928571429,14725.620535714286,870.9866071428571,9639.169642857143,3986.888392857143,52.660714285714285,3126.0803571428573,2838.495535714286,44.96428571428572,14173.63392857143,5196.25,2202.2321428571427,361.90625,1314.200892857143,5545.227678571428,5257.982142857143,5172.669642857143,215.04017857142856,4932.5,584.09375,1490.513392857143,2924.3214285714284,5000.0625,15293.754464285714,16020.950892857143,14347.950892857143,1679.3080357142858,141.66964285714286,11802.44642857143,615.4776785714286,9883.285714285714,5671.696428571428,3057.5446428571427
1262.446428571429,16109.629464285714,1265.330357142857,9361.95982142857,4983.433035714285,74.3125,3718.799107142857,3316.410714285714,42.566964285714285,15606.94642857143,6425.241071428572,1715.169642857143,375.0267857142857,1681.75,6293.973214285715,6372.080357142857,6422.821428571428,222.5,6279.776785714285,456.3794642857143,1592.241071428571,3417.941964285714,6233.758928571428,16494.01785714286,16182.700892857143,15496.294642857143,2685.71875,189.1071428571429,13965.450892857143,614.75,9812.16517857143,5792.116071428572,3574.339285714286
1745.6919642857142,26661.821428571428,1785.299107142857,14082.85267857143,5539.316964285715,70.14732142857143,3730.65625,3253.4776785714284,49.27678571428572,25691.92857142857,9029.339285714286,1568.459821428571,428.5580357142857,1672.366071428571,9928.013392857143,9278.120535714286,8923.464285714286,378.2723214285714,7617.866071428572,959.1473214285714,1532.361607142857,3368.026785714286,7894.866071428572,29194.51339285714,30416.151785714286,25270.946428571428,5641.15625,196.54017857142856,23504.321428571428,615.2366071428571,14789.254464285714,9678.04017857143,3566.3526785714284
1859.9732142857144,28045.883928571428,972.2142857142856,15100.450892857143,4845.03125,1.0625,3848.049107142857,3286.1026785714284,43.361607142857146,26066.129464285717,7570.401785714285,3400.772321428572,491.6696428571428,1444.59375,8248.691964285714,7673.691964285715,7529.71875,497.13392857142856,7017.825892857143,3845.477678571429,1781.2767857142858,3315.1071428571427,7139.236607142857,30243.696428571428,35315.44642857143,26486.633928571428,3656.026785714286,368.6071428571428,21501.821428571428,608.5223214285714,16213.200892857143,8491.0625,3612.107142857143
1558.861607142857,22542.370535714286,695.3616071428571,14331.299107142857,4898.754464285715,0.34375,4171.34375,3616.21875,38.35267857142857,21873.02232142857,7455.325892857143,4324.995535714285,626.4151785714286,1382.834821428571,8309.330357142857,7594.732142857143,7410.102678571428,365.35267857142856,6755.754464285715,3674.308035714286,2171.0625,3663.964285714286,7074.767857142857,23535.17857142857,27748.008928571428,22066.96875,2234.491071428572,331.30357142857144,17305.647321428572,691.2410714285714,14632.919642857143,8628.299107142857,3969.044642857143
2016.674107142857,18491.915178571428,1270.727678571429,11228.89732142857,5854.308035714285,42.94642857142857,4651.910714285715,4243.424107142857,36.375,17164.285714285714,8801.20982142857,2434.647321428572,565.2008928571429,1814.6294642857144,8883.74107142857,8785.558035714286,8790.67857142857,530.7098214285714,8003.790178571428,2098.160714285714,2293.65625,4377.558035714285,8023.339285714285,20053.651785714286,22792.28125,17298.83035714286,2209.0714285714284,303.4017857142857,14691.17857142857,755.5223214285714,11732.004464285714,7736.089285714285,4536.741071428572
2285.3571428571427,22463.04910714286,2077.6741071428573,17751.526785714286,7750.147321428572,143.10714285714286,5592.223214285715,4600.5625,35.30357142857143,22824.602678571428,11807.700892857143,1651.366071428571,573.2232142857143,2037.477678571429,13284.15625,12053.419642857143,11730.13392857143,646.5580357142857,10520.625,1232.892857142857,2429.558035714286,4980.223214285715,11020.589285714286,23035.321428571428,23468.401785714286,22565.70982142857,3085.6875,298.0,21274.92410714286,826.4375,17788.98214285714,13661.91517857143,5354.133928571428
2318.8616071428573,27363.36607142857,3230.1875,18305.441964285717,8390.107142857143,95.12946428571428,5139.120535714285,4140.696428571428,31.741071428571427,26410.58482142857,11186.299107142857,2428.5401785714284,523.5580357142857,2156.25,11487.65625,11172.74107142857,11187.375,637.4151785714286,10969.5625,1058.290178571429,1927.0044642857144,4379.933035714285,10858.473214285714,29577.42410714286,31266.95982142857,26212.32589285714,3913.325892857143,341.38839285714283,23829.691964285717,778.3660714285714,18981.17410714286,10875.455357142857,4688.227678571428
2122.6383928571427,38849.638392857145,2425.3883928571427,26428.535714285717,8246.200892857143,123.83928571428572,5692.955357142857,4445.464285714285,30.799107142857142,39369.95982142857,12202.03125,6259.549107142857,622.9375,2319.691964285714,13749.285714285714,12449.611607142857,12128.879464285714,563.7008928571429,10974.14732142857,1116.65625,2050.9464285714284,4782.174107142857,11558.566964285714,39347.325892857145,39859.33928571428,39214.767857142855,4582.75,390.8883928571428,32736.977678571428,816.0669642857143,27248.066964285717,14709.464285714286,5250.053571428572
2701.7633928571427,30163.558035714286,1681.5267857142858,20446.133928571428,9915.455357142857,525.1517857142857,8291.71875,7394.366071428572,104.94642857142856,28237.964285714286,12015.191964285714,5382.803571428572,843.2767857142857,4208.933035714285,11667.86607142857,11873.674107142857,12052.058035714286,300.67857142857144,12509.888392857143,1469.142857142857,3080.089285714286,7983.138392857143,12168.5,31620.09375,34660.77678571428,28692.51339285714,1730.8482142857142,437.96875,22454.25,1154.169642857143,20427.790178571428,10913.513392857143,8126.696428571428
2391.2991071428573,35091.39732142857,2999.9241071428573,28715.785714285717,14278.13392857143,737.7723214285714,11184.660714285714,9012.816964285714,162.98214285714286,37364.52232142857,17649.82589285714,6991.642857142857,1498.294642857143,4170.080357142857,17900.40625,17684.821428571428,17633.6875,291.60714285714283,17146.459821428572,1069.352678571429,4692.486607142857,10136.0,17414.98214285714,34303.16071428572,33820.75,36738.450892857145,2043.7455357142856,518.2098214285714,30649.290178571428,1697.508928571429,28631.883928571428,17350.73660714286,10742.388392857143
2699.459821428572,33923.361607142855,1339.1294642857142,23337.64285714286,11391.20982142857,198.35267857142856,10014.575892857143,9033.1875,171.4375,32009.76339285714,14795.61607142857,5639.28125,1774.8392857142858,3196.4553571428573,15083.142857142857,14813.151785714286,14784.986607142857,312.59375,14367.075892857143,669.5803571428571,5749.71875,9365.080357142857,14502.808035714286,34845.44642857143,36490.392857142855,32625.26785714286,1298.794642857143,428.2366071428572,25782.258928571428,2219.6339285714284,23913.15625,15253.848214285714,9760.245535714286
4929.790178571428,39706.82142857143,1387.928571428571,32865.59821428572,13275.19642857143,77.18303571428571,11895.11607142857,11114.160714285714,363.54017857142856,42800.60267857143,18858.26785714286,10260.86607142857,2068.8125,3573.9375,18899.276785714286,18783.526785714286,18873.33035714286,474.6517857142857,18404.90625,416.4196428571428,7471.901785714285,11214.839285714286,18530.727678571428,39222.049107142855,37498.625,41717.66517857143,1425.375,491.4330357142857,32986.30803571428,3143.223214285714,31877.660714285717,17917.522321428572,11600.16517857143
4473.754464285715,66583.58035714286,1292.4017857142858,44725.75446428572,15391.776785714286,340.71875,14105.504464285714,13252.776785714286,796.9196428571429,66695.1875,20893.91964285714,18295.38839285714,2842.973214285714,4148.165178571428,21666.160714285717,20962.191964285717,20872.04464285714,465.82142857142856,20038.34375,326.4955357142857,9066.267857142857,13566.120535714286,20419.08482142857,67869.0625,67432.65178571429,66501.97321428571,1896.3169642857144,479.9107142857143,48114.81696428572,3815.34375,45625.14732142857,22033.098214285717,13911.566964285714
2980.678571428572,60674.65625,903.4464285714286,36643.04017857143,18009.035714285714,121.79017857142856,17095.901785714286,16275.55357142857,943.6964285714286,59343.19642857143,21505.066964285717,19397.83035714286,3844.241071428572,4047.080357142857,21791.96875,21537.040178571428,21492.165178571428,237.09821428571428,21139.5625,236.4642857142857,12159.08482142857,16498.102678571428,21296.870535714286,61957.299107142855,63157.12946428572,59834.40178571428,1636.4017857142858,403.5803571428572,39395.68303571428,4422.642857142857,37251.08482142857,21604.84375,16899.26785714286
3475.9196428571427,65204.982142857145,1252.296875,38237.66741142857,17762.45759,348.13169642857144,16582.15625,15742.87276857143,1067.8392857142858,64254.044642857145,21408.758928571428,23398.910714285717,3615.504464285714,4627.96875,21518.21205428572,21371.696428571428,21411.43526857143,371.546875,21207.88616142857,189.1674107142857,10993.15848285714,16216.71651857143,21209.18526857143,65713.78571428571,65073.669642857145,64372.39062571428,1466.475446428571,412.14955357142856,40387.33928571428,4252.908482142857,38357.80357142857,21066.095982857143,16489.805804285716
2291.660714285714,68028.48884142857,5167.232142857143,44018.54018142858,24986.41294857143,505.6607142857143,19763.29018142857,17792.729912857143,1199.466517857143,65902.40178714287,29543.386162857143,16393.544645714286,4261.116071428572,5488.584821428572,30666.41741142857,29831.32589571429,29419.698662857143,571.6294642857143,27755.62277,300.41294642857144,12015.359377142857,18800.540180000004,28186.011162857143,69992.12500285714,71478.09375285714,66372.96205714285,3474.881696428572,480.2544642857143,49272.67634285714,4315.466517857143,44602.379465714286,30219.69196714286,19381.22321714286
1306.787946428571,59564.44643,1882.1361607142856,39099.05357428572,17630.198662857143,99.24553571428572,15643.131698571427,14433.229912857145,958.9330357142856,57273.05803857144,20887.113844285715,10371.625000714284,3921.261160714286,3809.388392857143,22653.27902,21144.76786,20809.457592857147,478.02455357142856,19505.524555714284,830.3392857142857,10500.363840714286,14843.16295,20105.83482571429,61068.39062857143,63305.32366285714,57727.84152142857,3564.051339285714,281.74776785714283,45982.32366428572,3538.332589285714,40330.54687857143,24130.633930000004,15307.564734285714
707.0424107142857,48597.10044857143,1302.149553571429,29627.875002857145,12263.401787142857,52.205357142857146,10995.540181428572,10657.68303857143,1086.162946428571,44729.39062714286,13324.564734285714,8319.892857142857,2962.4665178571427,3657.879464285714,14044.732145714286,13408.042414285714,13302.008931428572,232.97321428571428,13018.62277,4186.629464285715,6957.924107142857,10760.73884,13106.05803857143,50342.36384,56524.037950000005,46022.332591428574,1763.4107142857142,152.77232142857142,35012.17411,2514.453125,31721.06473428572,15102.582592857145,10912.200894285716
2408.921875,33546.57366285714,2466.832589285714,24275.16518285714,15283.116074285716,149.45535714285714,12842.24777,12182.562502857145,1224.640625,32730.21875142857,17741.015627142857,5047.234375,2980.8616071428573,3944.033482142857,17693.05803857143,17703.22768,17755.542412857143,341.63169642857144,17689.136162857143,5868.662946428572,8214.310267857143,12306.58929,17590.69419857143,34540.294644285714,41782.07366285714,32831.098215714286,2404.0625,575.2745535714286,27638.88839571429,2606.323660714286,24323.97321571429,16279.448662857145,12783.49777
1893.46875,35146.29017857143,2072.3928571428573,24583.805805714284,14132.388395714286,146.50892857142858,11992.511165714286,11095.209822857145,934.3169642857144,34254.67410857143,17129.837055714284,3402.823660714286,2841.5625,3222.0870535714284,18253.63169857143,17322.366072857145,17072.993305714284,435.1629464285714,16304.850448571427,4852.604910714285,7811.551339285715,11393.674110000002,16617.10045,35891.30803857143,41618.17187571428,34544.68080428572,3597.4933035714284,331.63392857142856,30397.64286,2514.0446428571427,25645.48214571429,19096.87723428572,11814.167412857145
1031.959821428571,27181.36384142857,1057.970982142857,18400.74553857143,13515.841521428572,105.57366071428572,12472.863842857145,12389.410715714286,826.3995535714286,25125.43303857143,14669.325895714286,2218.0290178571427,3138.238839285714,3115.4084821428573,15061.281252857145,14746.390627142857,14654.321432857145,260.9799107142857,14526.437501428572,4938.691964285715,9236.448661428572,12428.388395714286,14523.296877142857,28273.18973428572,34652.899555714284,25765.34375142857,2467.6651785714284,198.47321428571428,22253.43527142857,2799.1071428571427,18962.22321714286,15223.694198571427,12495.078127142857
811.6674107142857,21528.6942,835.4910714285714,18021.337055714284,13269.229912857145,133.00223214285714,12388.714287142857,11453.39509214286,772.1227678571429,21558.26339571429,14887.07366142857,1548.671875,2787.3125,2587.5245535714284,15455.638397142857,15005.006698571427,14854.042414285714,206.29017857142856,14349.83259142857,4173.671875,8774.16964357143,11837.558037857145,14604.546877142857,21769.87946714286,26254.125002857145,21545.11161,1566.555803571429,171.25892857142858,19967.979912857143,2474.823660714286,18177.67634142857,15749.68303857143,12175.734377142857
660.1941964285714,19127.68080428572,708.7366071428571,14192.660715714286,9956.14509,96.32142857142856,9235.43080357143,8799.765625,861.7946428571429,18001.084824285714,11095.93973285714,1207.2299107142858,2438.410714285714,2228.285714285714,11616.531252857145,11187.046875714284,11070.305807142857,205.42633928571428,10746.625001428572,2335.366071428572,6531.955357142857,8966.796875,10880.921875714284,19648.93973428572,22660.640627142857,18404.890627142857,1074.857142857143,143.796875,16368.16071714286,2115.796875,14805.77232142857,12195.531252857145,9135.816964285714
679.40625,15508.495537142857,823.2756697142858,12790.791295714283,10028.33035857143,68.1640625,9233.845982142857,8997.650669714287,907.3247767857144,15235.043528571428,10789.2567,996.9196428571428,2327.792410714286,2539.666294714286,10972.257814285716,10804.351564285716,10783.130581428572,205.71763392857144,10715.92634,1423.537946428571,6425.789062571429,9082.385044714289,10701.159598571428,15813.084824285716,17594.62611857143,15300.61719,1056.837053571429,138.21763392857142,14150.253351428571,2011.637276857143,12879.371652857142,10928.320315714283,9189.754464285714
699.3816964285714,16044.385047142858,3156.977678857143,15157.702011428571,14710.958707142858,337.1060267857143,11618.286832857144,11416.015626142858,1102.0435269285715,16883.743304285712,15026.323661428572,855.0948660714286,2636.920759285714,3634.4129467142857,14643.256697142857,14934.337055714286,15046.735492857144,206.3359375,15262.186387142856,1149.5959824285717,7772.880580571428,11657.239957857144,15052.399555714286,16279.79576,17513.219867142856,16486.756697142857,2370.216518142857,139.84375,16473.73549142857,2805.322545,14386.183037142857,13388.291295714283,11657.194197142857
684.8805803571429,22148.965402857146,1652.3359377142858,18565.98884142857,14406.93526857143,149.22767857142858,12699.357142857143,12179.745535714286,1147.4676341428572,22610.552458571427,15738.780135714287,765.6104910714286,3666.8102682857134,3143.136160857143,16312.66071714286,15837.848215714286,15708.643972857142,204.64732142857144,15287.073662857145,1243.352678857143,8993.535714428572,12418.43973285714,15484.737722857142,22094.76785714286,22849.547992857144,22542.896205714285,2650.534598428572,137.01450892857142,21762.206474285715,3206.508928857143,18760.58593857143,16774.08259,12595.305805714286
674.5078125,19833.95535857143,1054.6919645,16279.033482857143,13972.734377142857,160.35267857142858,12941.67076,12695.862724285716,992.0859375714286,19100.866074285717,14587.829241428572,707.1417410714286,3497.920759285714,2926.4654018571428,14653.851562857144,14577.220984285714,14587.464287142857,204.84486607142856,14613.473214285714,1581.574777,9740.386161857145,12852.476564285713,14541.266741428572,20676.597100000003,23995.34375,19334.88951,1440.3314735714284,137.43861607142858,18174.39286,2915.2667412857145,16449.25223142857,14546.95201,12929.264511428571
682.8292410714286,19549.616074285717,3480.0546877142856,19388.36384,18360.093752857145,229.5033482142857,14908.808035714286,14694.181921428572,1108.072545,20705.196430000004,18901.780135714285,660.2779017857143,3406.6171877142856,3552.703125428572,18699.31250142857,18854.099332857146,18910.203125714288,205.5580357142857,18971.145088571426,1277.3270092857142,11107.215403285712,14877.052455714283,18834.91294857143,19680.22321571429,21306.17634,20254.311387142858,2294.7812502857146,144.94419642857142,20544.23214428572,3206.018973428572,18631.908482857143,17731.368302857143,14908.866074285716
658.8069196428571,25867.18973142857,2153.5122771428573,22168.329242857144,18178.35156428572,209.14508928571428,15963.973215714286,15146.303572857145,1092.1294647142856,26244.73102857143,19614.623884285716,611.5558035714286,3761.607143,3904.637277,20135.07812857143,19711.253348571427,19584.594865714287,204.03794642857144,19081.146205714285,925.5602679285714,11157.408483285715,15546.327011428571,19312.16852857143,25710.559152857146,26211.12723428572,26227.13281285714,2769.0792412857145,144.98995535714286,25516.065850000003,3867.9709822857135,22422.48102857143,20475.970982857143,15806.837055714286
645.8839285714286,25101.537947142857,6255.276785857143,21197.686384285716,19419.09152142857,216.45758928571428,13232.944198571427,12730.743304285714,1019.3537948571428,26700.30803857143,20453.968752857145,566.7075892857143,3322.921875428572,3607.9229912857145,20344.147322857145,20432.184152857146,20447.658485714288,206.48325892857144,20001.000002857145,784.4910714285714,9076.715401857144,13001.948662857145,19905.03683142857,25258.25669428572,26517.65178714286,26007.49776714286,6651.112723571429,129.43526785714286,26865.26004714286,3503.6640627142856,20726.75223428572,19596.760045714287,13143.386162857145
639.359375,33590.59375142857,3698.560268,22644.141742857144,17094.24219,162.90848214285714,13286.143975714283,12665.09152,1001.065848357143,31808.083708571427,19016.59152,555.2064732142857,3254.264509142857,3578.753348428572,19917.321428571428,19195.056922857144,18960.34040428572,204.05133928571428,18072.37388428572,1038.544643,9008.607143142855,12963.539065714283,18422.775672857144,34361.575892857145,35672.35268142857,32506.34375,5859.603794857142,136.64955357142858,30418.265625714288,3623.8950894285713,23452.069195714284,20966.540180000004,13170.47433
607.296875,23046.92969,1259.7444197857144,16411.215404285715,11691.079241428572,79.40959821428571,10364.112724142858,9717.032365142855,854.3303571428571,21080.92410857143,13162.013394285716,540.078125,2787.437500142857,2772.5948662857145,13901.15401857143,13293.376117142858,13122.728795714283,203.03013392857144,12563.473215714286,2350.9899555714287,6884.470982428572,9964.761162428573,12841.638394285716,24042.829242857144,27546.501117142856,21735.82589285714,1931.7187502857143,117.43191964285714,19877.75000142857,2826.7399555714287,17239.095982857143,14807.016744285716,10206.084821857145
624.8147321428571,16536.44308142857,884.8169643571429,12593.416297142858,9445.275669857145,62.54799107142857,8562.359375285714,8261.385044857143,753.328125,15452.181921428572,10406.459822857145,509.8470982142857,2381.7879467142857,2466.982143142857,10763.261161428572,10456.99777,10388.62277,203.7477678571429,10141.33928642857,1991.918527,5756.960937714285,8368.568080571427,10209.347099714289,17161.104912857143,19895.32478,15806.401785714286,1208.9977681428572,119.69977678571428,14598.162945714284,2253.276786,13059.739958571428,11094.44978,8495.901786
602.9397321428571,14873.388394285716,946.2790178571428,11931.614957142858,8657.063616142857,101.82366071428572,7683.257812857143,7182.805803857143,675.7377232142857,14893.27009,9786.119421142856,487.59486607142856,1916.2801341428567,2344.3872771428573,10234.91517857143,9860.290179285716,9762.138392571427,202.6796875,9415.61607157143,1370.8783484285716,4782.107143142857,7392.026785857143,9572.450893571428,15030.22991142857,16495.172994285713,14901.89509,1993.8694197142856,115.59375,14336.49777,1796.3526787142855,12094.35491142857,10477.401787571427,7572.665179
578.2555803571429,13543.27455285714,1006.1819196428572,10484.334822857145,7547.667410857143,96.06138392857144,6529.829241285714,6027.787946714286,615.4441964285714,12911.819197142857,8581.622768142857,472.0814732142857,1567.168527142857,2052.6785717142857,8902.045759142857,8627.996652,8562.308036,202.5424107142857,8245.15067,986.5625,3915.7979912857145,6241.964286,8361.199777,13916.208707142858,15287.456472857142,13124.657368571428,1222.2042412857145,110.06584821428572,12227.59152,1466.2645092857142,10740.158484285714,9086.573661,6419.893973428571
608.8671875,12975.677457142858,1766.4241074285717,10046.966520142858,7174.939732428572,70.47098214285714,5394.580357428572,4986.175223428571,565.5133928571429,13247.213171428572,8335.220982428571,465.59375,1353.935268,1757.7857145714286,8676.751116428572,8398.593750285714,8307.984375,202.6986607142857,7897.242187857143,797.8147321428571,3183.3147321428573,5144.088170000001,8002.322544857142,13042.507812857144,13798.533485714286,13145.22768,2677.5223217142857,107.85714285714286,12850.901787142857,1147.9453125714283,10128.588170714283,8709.529018,5301.199777
612.9910714285714,13710.186384285716,977.155134,9017.988839571428,5709.426339571429,52.353794642857146,4712.473214428572,4416.130580714286,516.2611607142857,12972.07701,6755.2276787142855,491.2801339285714,1218.7421877142858,1576.6127234285716,7189.2377237142855,6821.418527142858,6732.254464571429,203.63169642857144,6429.546875285714,746.140625,2803.7354914285715,4521.378348571428,6536.402902142858,14302.777904285716,15535.251115714284,13178.052457142858,2357.388393,107.44642857142856,12221.1317,977.9207590714286,9466.598214428572,7598.183036142857,4645.7901787142855
612.7321428571429,13209.180804285714,906.9229910714286,8398.465402,5326.632812857143,47.32589285714285,4409.7823662857145,4090.716518142857,466.359375,12158.272322857145,6318.940848571429,589.0982142857143,1112.485491428571,1478.758928857143,6610.858259142857,6355.921875285714,6302.731027,204.49107142857144,6028.219866285714,840.75,2571.4598215714286,4201.835937857143,6108.172991285714,14188.474331428572,15364.43526857143,12366.421875714284,1973.96317,107.765625,11227.055804285714,878.0111607142857,8738.229911,6706.750000285714,4334.790178857143
560.2098214285714,12082.013394285716,758.5055803571429,8096.777902142858,4720.869419857142,39.856026785714285,3942.389509142857,3652.810268,421.4944196428572,11303.223215714286,5682.666294857142,970.8805805,1021.3616072857144,1248.777902142857,6066.851562857143,5739.371652142858,5663.266741285714,201.37723214285717,5391.455357428572,1050.146205785714,2366.857143142857,3748.901786,5503.841518142857,12892.99330285714,14395.75893142857,11487.56585,1319.631696714286,100.30580357142856,10086.747768428571,806.8392857142857,8409.904018142857,6283.856027142858,3873.0937502857146
540.3214285714286,10407.10937542857,653.9162946428571,7008.228794857142,4371.4308040000005,37.885044642857146,3712.107143,3478.1718752857146,379.6897321428572,9742.136161714285,5141.9776787142855,1008.4843752857142,943.9676339285714,1179.0000002857143,5411.879464571429,5172.482143142857,5129.947544714286,200.81473214285717,4968.393973428571,1091.0033484285714,2250.2042414285715,3560.319196857143,5018.638393142857,10921.274554285714,12412.17634,9946.862725285711,988.4140625,102.80245535714286,8528.978795142857,764.703125,7258.915178857143,5507.700893285714,3663.369419857143
529.5200892857143,9107.495536,625.6796875,6570.670759142857,4213.452009285715,35.651785714285715,3578.4854912857145,3306.8292412857145,341.54799107142856,8732.89397342857,4999.931920000001,843.1372767857143,876.3147321428571,1121.5703127142856,5268.588170000001,5031.371652,4987.493303857143,200.4017857142857,4812.416294857142,940.2232143571428,2144.2410715714286,3397.2879465714286,4873.802455714286,9504.340402,10667.684152857142,8851.359375285714,867.0022321428571,101.20647321428572,7775.498884142857,749.1227678571429,6702.185268,5313.893973428571,3517.1160717142857
548.9006696428571,8424.783482428571,672.7176339285714,6257.437500285714,4210.569196714286,34.7890625,3528.388393,3293.372768142857,305.14955357142856,8188.014509142857,4970.645089571429,680.8883928571429,813.1551339285714,1131.6819197142856,5171.065848428571,4987.257812714285,4961.908482285714,200.20982142857144,4814.261161,766.6037946428571,2115.6930807142858,3371.573660857143,4853.319196714286,8668.962053857143,9566.002232428573,8277.600446571429,867.3370535714286,107.1484375,7410.434152,759.84375,6368.271205571428,5138.897321714286,3474.9397325714285
517.2578125,8153.660714285715,603.7008928571429,6252.895089285715,4088.262276857143,35.838169642857146,3478.030134,3216.853794714286,272.97433035714283,8095.875,4857.583705428572,573.375,746.0535714285714,1091.2745537142855,5129.456473285715,4889.3683037142855,4845.088169714286,197.27455357142856,4670.917410857143,634.0569196428571,2078.0669644285717,3307.265625,4732.856026857144,8290.301339428572,8947.478794714287,8137.085937571429,924.2321428571428,100.15513392857144,7452.036830428572,740.9720982142857,6357.0770090000005,5184.502232285714,3421.979910714286
517.0066964285714,8097.716517857143,576.4419642857143,5911.591517857143,3796.441964285714,27.933035714285715,3214.5558035714284,3010.625,242.8861607142857,7844.379464285715,4582.535714285715,507.9955357142857,683.9665178571429,1077.149553571429,4812.609375,4604.165178571428,4570.910714285715,193.76785714285717,4367.299107142857,550.1428571428571,1902.794642857143,3068.160714285714,4429.714285714285,8342.316964285714,8858.29017857143,7962.71875,878.171875,95.27901785714286,7189.924107142857,667.2924107142857,6081.700892857143,4890.600446428572,3166.526785714286
587.234375,8296.924107142857,695.4397321428571,6000.482142857143,3832.9375,27.642857142857142,3132.285714285714,2897.881696428572,216.79910714285717,8068.540178571428,4782.642857142857,504.0669642857143,627.6741071428571,1111.024553571429,5037.616071428572,4816.171875,4768.5,191.46875,4494.017857142857,511.9040178571428,1751.174107142857,2971.917410714286,4589.540178571428,8983.107142857143,9763.765625714284,8083.412946428572,1333.265625,91.20758928571428,7520.272321428572,628.7165178571429,6044.430803571428,4979.542410714285,3077.8683035714284
481.9598214285714,8448.339285714286,543.796875,5654.225446428572,3447.2745535714284,24.058035714285715,2897.9933035714284,2693.8058035714284,196.65625,7927.703125,4171.0625,572.9977678571429,579.1160714285714,1047.383928571429,4458.763392857143,4204.444196428572,4158.339285714285,187.61383928571428,3987.366071428572,508.1272321428572,1607.390625,2754.9553571428573,4048.575892857143,8854.292410714286,9494.765625,8111.372767857143,946.5580357142856,89.78794642857143,7137.852678571428,576.0580357142857,5893.511160714285,4639.200892857143,2852.058035714286
458.5625,7280.381696428572,510.6383928571428,5159.926339285715,3282.582589285714,18.794642857142858,2770.3571428571427,2602.350446428572,176.49553571428572,6957.354910714285,3927.618303571429,558.2366071428571,547.2142857142857,1035.783482142857,4161.712053571428,3950.899553571429,3917.667410714286,183.33482142857144,3782.618303571429,569.5424107142857,1538.127232142857,2644.9084821428573,3823.620535714286,7600.091517857143,8430.729910714286,7062.035714285715,787.7276785714286,87.92410714285714,6279.142857142857,557.3549107142857,5298.546875,4224.167410714285,2732.1026785714284
594.0446428571429,7067.580357142857,534.8035714285714,5086.205357142857,3357.125,22.165178571428573,2828.417410714286,2664.4665178571427,159.74553571428572,6907.78125,4039.868303571429,513.5915178571429,523.0491071428571,1149.1361607142858,4185.024553571428,4045.359375,4034.696428571429,181.69642857142856,3966.004464285714,606.2075892857143,1484.642857142857,2702.522321428572,3964.892857142857,7385.848214285715,7950.493303571428,6952.049107142857,888.3727678571429,98.52008928571428,6277.703125,544.4598214285714,5213.247767857143,4126.089285714285,2791.375
565.3616071428571,8855.551339285714,647.6674107142857,5911.957589285715,3587.183035714286,62.27901785714285,2935.551339285714,2696.488839285714,144.92410714285714,8516.160714285714,4396.741071428572,742.8794642857143,497.015625,1218.580357142857,4609.069196428572,4419.131696428572,4386.267857142857,178.49776785714286,4211.816964285715,674.7566964285714,1436.6049107142858,2791.15625,4269.544642857143,9757.25892857143,10834.745537142857,8470.723214285714,1544.169642857143,90.08928571428572,7672.095982142857,521.1316964285714,6025.796875,4532.839285714285,2884.484375
539.0334821428571,9373.296875,621.2254464285714,5792.3125,3423.395089285714,51.57589285714285,2798.9196428571427,2558.3058035714284,126.66071428571428,8826.00669642857,4187.772321428572,1124.665178571429,464.22767857142856,1167.404017857143,4402.725446428572,4207.647321428572,4177.765625,174.609375,4012.573660714286,688.7924107142857,1351.4799107142858,2649.011160714286,4055.573660714286,9815.50892857143,10713.066964285714,9007.83705357143,1228.578125,90.37723214285714,7492.540178571428,515.9642857142857,5996.256696428572,4460.700892857143,2744.7633928571427
473.1696428571428,8400.714285714286,551.8705357142857,5382.392857142857,3216.620535714286,40.96875,2653.316964285714,2442.7053571428573,110.58035714285714,8070.125,3932.633928571429,951.5803571428572,427.7232142857143,1116.919642857143,4189.441964285715,3962.508928571429,3920.65625,170.92857142857142,3748.9375,794.0535714285714,1294.8125,2516.285714285714,3813.486607142857,8753.441964285714,9764.089285714286,8174.665178571428,1252.357142857143,86.13839285714286,7012.816964285715,522.8258928571429,5548.933035714285,4299.65625,2606.8839285714284
650.8303571428571,7378.008928571428,551.5267857142857,5010.776785714285,3187.9151785714284,24.754464285714285,2633.754464285714,2497.535714285714,97.94196428571428,7137.017857142857,4063.330357142857,721.7544642857143,407.0357142857143,1181.678571428571,4192.334821428572,4070.65625,4055.348214285714,169.52232142857142,3879.241071428572,667.0714285714286,1292.1830357142858,2512.9776785714284,3905.973214285714,7635.424107142857,8447.392857142857,7217.959821428572,1028.267857142857,101.80803571428572,6279.334821428572,509.3973214285714,5115.544642857143,4090.227678571429,2588.0
1079.8125,7314.6875,811.9955357142857,5636.071428571428,4283.46875,37.8125,3467.5,3093.3526785714284,85.76785714285714,7445.339285714285,5349.334821428572,573.4598214285714,400.9196428571428,1466.9107142857142,5242.004464285715,5307.504464285715,5354.151785714285,167.37053571428572,5380.160714285715,391.3125,1552.1875,3201.223214285714,5305.116071428572,7399.357142857143,7407.299107142857,7359.799107142857,1245.169642857143,177.78125,6855.09375,524.8839285714286,5515.241071428572,4778.34375,3369.8616071428573
1385.5,9065.799107142857,826.3660714285714,7055.321428571428,3783.517857142857,25.133928571428573,2942.459821428572,2735.147321428572,73.68303571428571,8995.94642857143,5654.366071428572,526.125,388.5848214285714,1375.9419642857142,5899.450892857143,5700.464285714285,5630.607142857143,167.04464285714286,5273.258928571428,363.5580357142857,1318.517857142857,2772.3214285714284,5388.40625,9570.67857142857,9833.879464285714,8962.504464285714,1496.3482142857142,110.95982142857144,8447.549107142857,481.7991071428572,6953.370535714285,5882.763392857143,2873.1026785714284
859.6607142857143,8423.65625,690.7053571428571,7293.995535714285,3474.4553571428573,0.0178571428571428,2773.7633928571427,2622.558035714286,62.86607142857143,9500.71875,4791.78125,1418.8169642857142,369.2098214285714,1310.5044642857142,5133.982142857143,4846.620535714285,4771.053571428572,163.06696428571428,4427.861607142857,249.61607142857144,1267.1875,2639.6964285714284,4560.223214285715,8456.00892857143,8807.575892857143,9056.955357142857,1511.294642857143,114.75892857142856,8296.91517857143,446.0580357142857,6911.508928571428,5253.754464285715,2731.7901785714284
1333.272321428571,13940.77232142857,818.3928571428571,8524.138392857143,3253.598214285714,0.0,2483.03125,2462.223214285714,52.5,14394.080357142857,5273.973214285715,2268.191964285714,353.6428571428572,1293.6875,5233.272321428572,5262.464285714285,5253.294642857143,194.41071428571428,4659.897321428572,370.7232142857143,1145.861607142857,2430.0446428571427,4815.142857142857,13837.107142857143,13684.098214285714,13912.66517857143,1875.75,103.94196428571428,11832.75,416.1830357142857,8856.78125,4861.544642857143,2470.4241071428573
963.03125,16406.08035714286,509.9732142857143,9279.67857142857,2986.629464285714,0.03125,2445.3258928571427,2365.65625,43.42857142857143,15663.611607142857,4451.982142857143,2666.1741071428573,336.05357142857144,1287.142857142857,4872.066964285715,4509.799107142857,4427.794642857143,186.08482142857144,4058.558035714286,544.2455357142857,1057.732142857143,2349.334821428572,4204.883928571428,16491.991071428572,16802.36160714286,15891.892857142857,1799.1919642857142,86.58928571428571,12433.964285714286,408.07142857142856,9956.36607142857,5280.866071428572,2394.839285714286
1595.013392857143,13953.049107142857,1323.553571428571,7662.508928571428,4755.825892857143,45.24107142857143,3549.647321428572,3370.8303571428573,39.53125,12786.11607142857,5515.263392857143,2458.1964285714284,349.26339285714283,2070.7366071428573,5118.446428571428,5391.674107142857,5541.776785714285,191.1830357142857,5999.549107142857,1068.830357142857,1248.9330357142858,3389.959821428572,5596.785714285715,14748.34375,16332.732142857143,13005.348214285714,987.9866071428572,261.07589285714283,9754.86607142857,456.13392857142856,8090.107142857143,4548.870535714285,3493.5446428571427
2460.7901785714284,18609.58482142857,3164.4553571428573,17798.01339285714,7904.584821428572,165.69196428571428,4640.611607142857,3574.8303571428573,51.16964285714285,21675.55357142857,11602.950892857143,3863.995535714286,396.13392857142856,2163.34375,11775.379464285714,11677.41517857143,11560.6875,200.97767857142856,10777.79017857143,989.2544642857144,1337.5580357142858,3878.700892857143,11155.924107142857,17994.23214285714,17671.08035714286,20494.29910714286,2606.022321428572,388.5892857142857,18632.67857142857,528.2901785714286,16488.660714285714,10842.642857142857,4340.691964285715
2252.1651785714284,27836.14732142857,1110.022321428571,17284.10714285714,4712.205357142857,10.035714285714286,3596.9375,3291.151785714286,38.95982142857143,26564.61160714286,7746.455357142857,3679.200892857143,370.7366071428572,1990.013392857143,8017.504464285715,7773.919642857143,7719.785714285715,219.42857142857144,7125.732142857143,910.1428571428572,1267.96875,3323.5089285714284,7250.46875,28492.11607142857,29724.473214285717,26919.852678571428,2064.2053571428573,162.71428571428572,22311.040178571428,493.9598214285714,18679.13839285714,8503.41517857143,3475.6026785714284
2325.4866071428573,27982.040178571428,1536.2455357142858,19128.683035714286,5644.982142857143,1.0044642857142858,4133.625,3926.790178571429,35.24107142857143,27819.933035714286,9096.955357142857,4311.125,356.9732142857143,2642.875,9510.20982142857,9187.16517857143,9054.35267857143,223.28125,8125.473214285715,1260.40625,1236.7767857142858,3931.379464285714,8405.825892857143,28656.40625,30554.20535714286,27705.776785714286,3041.147321428572,184.4508928571429,23316.73214285714,478.7410714285714,19460.36160714286,9262.075892857143,4060.267857142857
1144.330357142857,27206.133928571428,839.2589285714286,15262.53125,4679.660714285715,0.1428571428571428,3805.852678571429,3617.526785714286,30.803571428571427,24939.433035714286,6411.383928571428,4197.919642857143,427.5491071428572,2177.125,6987.495535714285,6492.799107142857,6382.549107142857,206.99107142857144,5950.995535714285,1838.6160714285716,1412.3392857142858,3629.361607142857,6112.629464285715,28267.71875,30632.28125,25675.49107142857,2024.044642857143,120.79910714285714,19877.58482142857,535.2901785714286,16773.29910714286,7722.272321428572,3728.758928571429
2346.4196428571427,22904.1875,663.28125,12964.080357142857,4990.776785714285,0.0580357142857142,4329.803571428572,3888.616071428572,44.785714285714285,22476.20982142857,8057.383928571428,4004.495535714286,423.0223214285714,2382.745535714286,7991.428571428572,8049.142857142857,8034.089285714285,239.46875,7499.272321428572,1507.9732142857142,1471.455357142857,3927.160714285714,7623.214285714285,24133.39285714286,26115.316964285717,22345.4375,2331.8571428571427,228.21875,18166.946428571428,623.4107142857143,13727.986607142857,7444.0625,4148.120535714285
2321.129464285714,26511.01785714286,2948.7946428571427,15578.549107142857,7892.46875,6.477678571428571,4984.482142857143,4171.946428571428,137.34375,25614.946428571428,10662.473214285714,4039.982142857143,442.8705357142857,2341.709821428572,10634.848214285714,10565.607142857143,10661.691964285714,550.9017857142857,10266.71875,1257.272321428571,1675.7455357142858,4274.419642857143,10142.52232142857,27861.633928571428,30214.495535714286,25751.160714285717,3431.473214285714,625.3392857142857,21182.57589285714,631.3080357142857,16093.33482142857,9837.263392857143,4823.049107142857
3415.5133928571427,26726.379464285717,3953.741071428572,19569.477678571428,9565.30357142857,2.7455357142857144,5505.116071428572,4441.348214285715,501.2946428571428,27599.352678571428,15379.29017857143,2580.2008928571427,812.9107142857143,2348.709821428572,16362.07142857143,15519.361607142857,15307.924107142857,614.4955357142857,13667.379464285714,1387.303571428571,2018.982142857143,4513.142857142857,14261.08482142857,27163.285714285717,28835.008928571428,27289.0,5594.9375,663.875,25241.91964285714,877.8080357142857,19363.129464285717,16167.254464285714,5180.165178571428
1843.59375,23787.43527142857,1382.247767857143,13148.741074285716,6966.0,0.0892857142857142,5552.169642857143,5141.986607142857,642.2477678571429,21582.140627142857,10158.093750714284,2503.026785714286,1470.6450892857142,1980.0535714285716,10216.872768571428,10138.29910857143,10136.410715714286,332.9888392857143,9063.53348357143,1747.671875,3125.004464285714,5135.683035714285,9219.285714285714,25203.680805714284,28221.53571714286,22242.04687857143,2902.7433035714284,403.6785714285714,18194.988842857143,1158.7544642857142,14335.044645714286,10582.23884214286,5461.845982142857
4394.122767857143,28382.859377142857,1317.997767857143,20099.74553857143,9007.56919642857,0.53125,7568.044642857143,6833.287946428572,741.3660714285714,29473.47768285714,16119.683037142857,2779.879464285714,1904.107142857143,2108.491071428572,17143.848215714286,16269.553572857145,16042.015627142857,880.7232142857143,14147.377235714286,2007.236607142857,4699.4375,6763.848214285715,14655.368305714286,29860.95536,32194.18303857143,28698.883930000004,5095.200892857143,610.2879464285714,26646.37053857143,1616.796875,20183.587055714284,16257.649554285716,7250.446428571428
1995.5379464285716,45589.93973571429,1284.700892857143,28343.03571571429,8732.857142857143,0.2209821428571428,7427.776785714285,6831.988839285715,930.4330357142856,46064.85491285714,12310.073662857145,11798.747769285716,1916.796875,2338.276785714286,13325.39285857143,12458.10268,12252.397322857145,440.9553571428572,11057.154020714286,2669.113839285714,4454.575892857143,6906.997767857143,11381.83035785714,48722.000001428576,50842.18527142857,45394.98884285714,2639.026785714286,264.41294642857144,33911.14955714286,1616.412946428571,29646.479914285715,14628.571431428572,7210.508928571428
1813.8549107142856,50925.48661000001,5008.839285714285,26990.53571714286,14525.075895714286,22.450892857142858,9401.982144285716,8624.080357142857,1710.5580357142858,48661.54687714286,18742.69196714286,10029.475447857145,2676.2276785714284,3143.1875,18906.81696714286,18767.198662857143,18690.21428714286,610.2901785714286,16996.031252857145,3487.553571428572,5433.0,8693.970982142857,17159.841519999998,54207.29687714286,60429.60714714286,48954.61160857143,7464.96875,552.6049107142857,37854.05803714286,1991.2299107142856,28219.584824285717,17543.303572857145,9112.61607142857
1901.9174107142856,43309.39286142857,1875.625,24086.16295,14638.31027,122.59598214285714,12705.20759142857,12225.727679285714,1948.7879464285716,38168.531251428576,17774.428574285714,5345.022321428572,3233.5178571428573,5510.571428571428,19092.29464428572,17906.229912857143,17697.834824285714,1100.2388392857142,16736.015627142857,6340.90625,6698.872767857143,12232.029020714286,16939.17411,47123.475451428574,56478.74777142857,39410.794644285714,4007.200892857143,458.64955357142856,31148.88839571429,2374.589285714286,25166.27902,19246.979912857143,12505.042414285714
1456.763392857143,32914.312501428576,1226.716517857143,21296.27902,13524.145092857145,117.45089285714286,12187.450895714286,11123.962057142857,1704.944196428571,30094.296875714288,16299.991074285716,3055.464285714286,3403.6227678571427,4358.272321428572,17211.794645714286,16436.033484285716,16236.660715714286,547.8973214285714,15376.468751428572,6122.060267857143,6703.154017857143,11437.709824285716,15687.671877142857,35842.80580714286,44006.968752857145,30771.10937857143,2910.9665178571427,283.81026785714283,26292.703127142857,2303.125,22075.33259142857,17661.43303857143,11839.65179
2893.2209821428573,28688.32589571429,3278.265625,22029.667414285715,17945.618305714284,1481.296875,14699.08259142857,11645.325895,1444.095982142857,27759.09598428572,20680.37946714286,3106.6964285714284,3114.770089285714,4291.674107142857,20858.616074285717,20692.09821714286,20697.48214571429,694.8504464285714,20874.77902,4760.59375,7285.390625,13348.06919714286,20623.397324285717,31047.477680000004,37443.75669857143,27692.03125142857,2023.5267857142856,1189.962053571429,24384.04018285714,2354.1071428571427,21643.243305714284,19017.593754285717,14383.868305714286
4003.060267857143,37975.131700000005,2908.339285714286,29627.11161,19493.613844285715,933.8995535714286,16486.53794857143,13170.399555714286,1343.537946428571,37621.68973571429,24781.00446571429,3269.1852678571427,3405.573660714286,3940.191964285714,26161.97098428572,25047.147324285717,24726.63393142857,557.3125,23935.53125142857,3861.877232142857,9110.254464285714,14613.522322857145,24246.020092857147,39250.51785857143,42975.08705571429,37546.42857285715,3409.629464285714,1226.8169642857142,34284.531251428576,2701.988839285714,30188.93527,26723.533482857143,15864.79911142857
2631.2622770000003,35428.61607285715,2047.5022322857144,27150.51339571429,20363.940850000003,1010.3828125714286,18310.511162857143,16007.36830285714,1358.761161,34655.270091428574,23556.88169857143,2760.2243307142858,3913.0669644285713,4605.305803857143,24218.946430000004,23719.40625142857,23483.86830428572,438.4587053571428,23104.975447142857,3766.167410857143,11233.37723285714,17400.631697142857,23149.534598571427,36594.36049142857,41111.44866,34821.69642857143,3830.2857144285713,675.4162946428571,31693.82031428572,3032.7310270000003,27524.57701,24315.23660857143,17972.421877142857
1395.9832591428572,34440.34598285714,1466.8225447857144,26598.34598428572,19279.873885714285,648.8058035714286,17746.81361857143,16166.17299142857,1569.0334824285717,33476.70089571429,21817.930805714284,2055.2678575714285,4085.967634142857,4777.502232428572,22901.378348571427,22062.791295714287,21720.15178714286,348.51674107142856,20978.808035714286,3071.4341521428573,11274.47098285714,17128.908482857143,21315.45759142857,35331.23102857143,38869.12835,33781.482144285714,3248.7154020000003,280.85267857142856,31020.73102714285,3158.0491072857144,27242.50446571429,23723.54018142857,17515.041297142856
1001.5703125714286,29546.39509142857,1744.8180805,23889.12276857143,21281.453127142857,468.3671875,19646.066964285717,18779.59821571429,1537.9765625714283,28531.90178714286,22350.927457142858,2064.3794644285717,4723.583705571428,5150.4229914285725,22772.41518142857,22566.601565714285,22287.975447142857,584.7031250714286,22048.084824285717,2143.791294857143,13485.803572857145,19443.22433142857,21795.171875714288,31280.539062857144,34486.54018,28643.928572857145,2668.2075894285717,298.97433035714283,26450.6317,3728.2354912857145,23592.73214428572,21225.07589428572,19621.313618571432
1691.5167414285715,43919.59933142857,3106.456473428572,33314.73772428571,22954.228795714287,461.9575892857143,19741.927457142858,18298.552457142858,1439.0178572857144,44369.43080428572,26536.93973428572,2474.327009285714,5338.351562714285,4913.523437714285,29176.337055714284,27022.65178714286,26404.23660857143,998.5178572857144,25029.60602714285,2079.1406252857146,13225.329242857144,19104.30803714286,25465.051338571426,45182.30022428571,46566.98214571428,43975.09598285714,7643.841518857143,299.17745535714283,42075.441967142855,4204.177455571428,33647.29910857143,30126.202011428573,19530.228795714287
679.0703125,35661.01339571429,964.8024555,23936.92968714286,15905.572545714283,126.93638392857144,14873.070314285716,14096.273437142856,1305.4631697142856,32575.31808142857,17674.33370857143,2763.6919644285717,4486.879464571429,3966.196429,18762.879464285717,17871.95424,17616.83928714286,247.46205357142856,16887.493305714284,5157.708705571428,10063.643972714286,14411.37946714286,17236.879464285714,37823.59263714286,44798.63058285714,33518.12388428572,2539.308036,124.84933035714286,28861.27343857143,3368.0982144285717,25296.178572857145,20115.10826,14686.532365714284
784.6194196428571,27785.161832857146,2665.203125142857,21315.126117142856,18268.06361857143,553.3113839285714,15626.908482857143,14612.03683,1255.954241428571,27538.555804285712,19540.72433142857,3367.2935268571428,4022.1830361428574,5126.376116285714,19665.546877142857,19595.408485714288,19513.04352714285,352.6796875,19190.868305714284,4133.527902142857,9388.876116285714,15362.601564285716,19232.27678714286,29425.189732857143,34717.396205714285,27235.92969,3301.916295,175.82366071428572,24542.74218857143,3090.697544714286,20944.98884,18634.583707142858,15557.295761428571
1793.5943079714286,36330.76116285714,4534.409040428572,24571.631697142857,18187.52455428572,318.08537948571427,13632.87332714286,12569.643415714285,1176.931361857143,37462.36328,22613.89118428572,4732.997768142857,3245.750558142857,4646.699218857143,22596.73549142857,22617.23493428572,22558.023997142856,473.7438616285714,20418.83035857143,2844.4453127142856,7833.373326,13049.44866142857,20862.696987142856,37485.25502428571,40363.77455571429,36873.79743285714,8260.532365285715,359.8325893,33195.95145,2957.9213171428573,24316.4827,21524.718752857145,13403.117185714284
2112.505580428572,47228.31919714286,4564.126674285714,29999.018415714287,18239.81306,167.33035715714286,13599.031251428572,12137.344308571428,1278.4687501428573,45828.95870428572,24601.427455714285,4047.747210000001,3025.7349332857143,4123.681919714286,26090.84933142857,24908.623325714285,24452.57087,735.9877232285714,21184.837055714284,4673.551339571429,7921.092634,12503.011159999998,21984.06473142857,48717.78292571429,53660.61439857143,46274.21707714286,9501.218751142858,585.3621652,41338.67187571428,3233.4648438571426,30693.305804285712,26785.96093857143,13172.305245714286
2244.420759142857,40702.01618285714,4817.968192142857,26668.867747142856,17382.782922857143,128.1808036,12501.482142857143,11137.045201428573,1272.1953125714283,40115.15625,23151.523995714288,2508.916852714286,2764.186942285715,3539.978794714286,24404.10212,23388.95368428572,23033.30580428572,974.7271206857142,20284.92522285714,6188.563058285714,7518.111607142857,11399.677455714287,20740.49777,41723.52399571429,48652.42132,40242.02120714285,9848.666852714288,697.9012276857144,37544.02343857143,3196.494419714286,26982.41015428572,24272.20535714286,12073.57980142857
1954.956473428572,38053.40848428571,3473.952009142857,26875.359374285712,18925.55134,239.99888394285716,15369.19866142857,13876.620535714286,1205.150669857143,36553.39843857143,23020.21875142857,1666.7862724285717,3122.0931921428573,4038.065290428571,24268.62276857143,23236.17969,22931.20256714286,660.9603795571428,21370.59654,4382.535714571429,9701.540737428571,14349.92913,21786.23828142857,39097.54408428572,44353.16127285714,37078.33761142857,6230.556361285714,746.9017857428571,34329.544644285714,3551.662388571429,27220.72265714285,24797.294084285717,15066.352122857144
952.2293527714286,29117.55803857143,2338.357701,21439.123884285716,15254.85826,171.03348215714286,12856.00892857143,11534.555246142858,966.1780134,27316.912947142857,17884.83091714286,1207.982701,2514.7154020000003,3434.542411,18759.95703142857,18062.511164285715,17818.55691857143,291.95145092857143,16609.676897142857,2879.511160857143,7972.256696571429,12038.810825714289,17018.105468571426,30140.083147142857,34047.610491428575,27920.23549142857,2779.7120535714284,315.1177455714286,25556.97712,2833.903459857143,22233.86049142857,19561.662947142857,12561.70703142857
1229.2890625857142,24098.069752857144,1705.3582591428572,16612.861051428572,10697.797433999998,110.46819197857144,8895.588728,8033.318638428572,825.5864955428572,23081.78125,13267.047432857142,992.2427456285716,1967.9397322857144,2757.295201,14154.746652857142,13411.004464285714,13217.803572857145,399.9765625142857,12314.986048571427,1882.0,5218.7550225714285,8306.46149557143,12660.654577142855,24697.540737142856,27118.0625,23450.26785714286,3835.4358258571424,241.7466518142857,21678.14118428572,2086.6774555714287,17243.354354285715,14822.524554285714,8641.116629714286
1084.3939733,19165.84096142857,891.6891742,14379.172434285716,8435.878906285714,68.79185267857143,7478.227120714286,6802.695870714286,734.1763393,18293.76116,10869.303013571429,962.5602678571428,1647.7098215714286,2448.057477857143,11565.142298571427,10991.015624285716,10813.241631571427,448.0122768428572,9846.167968428572,1328.9492188571428,4302.638393,7011.192522428572,10185.862723,19689.850447142857,21560.81306,18601.38002142857,1620.7661831428572,169.1819196857143,17005.865515714286,1712.122768,14904.33817142857,11988.130581428572,7266.353236714285
1626.7226562857145,18790.237722857142,975.6277901571428,14076.446987142856,7355.482701142857,59.46484375,6352.559151714285,5839.339285857143,659.2684152142857,18961.06919857143,10490.60770257143,922.6908482428572,1389.8537945714286,2377.845424,11755.310827142855,10674.632814285713,10414.696988,818.9843751285715,9286.561942142858,1103.386719,3419.962053714286,5974.200893,9606.862166,19009.246094285714,20036.53069142857,18865.46261142857,2964.186384142857,200.73995538571427,18011.709821428572,1298.0954242857144,14356.664621428572,11902.521204285717,6197.463169714286
1720.681361857143,18564.26395,1104.9207590857145,13403.33203142857,7435.986607142857,189.78459824285716,6310.688616285714,5562.490513571429,589.4017857285714,17497.669084285713,9987.089285142856,1033.3660715857145,1258.2304687142855,2503.954241142857,10694.256697857145,10091.047433714286,9946.667410285716,403.5485491285714,9348.063058571428,1095.4202010142858,2988.7656252857146,5880.190848142856,9576.552455,19416.219308571428,21222.77846,17779.128347142858,2059.637834857143,232.04743307142857,16180.172434285716,1057.396763571429,13603.972098571428,10909.568638571429,6159.259486857142
684.0122768,16276.061384285716,699.4363839428571,10770.54185257143,5778.637276857144,68.74497767857143,5054.595424142857,4640.385044857143,523.1534598571428,15054.027344285714,7056.210937571429,1228.8197545714286,1214.8136161428572,1807.8158482857143,7615.744977857144,7147.756138714286,7027.370535857143,203.65625002857143,6615.075893,1387.950334857143,2790.745535857143,4793.304687714285,6788.932478000001,16842.14509142857,18637.05803714286,15509.763951428573,1243.4771205714285,119.84207591428572,13335.672991428572,980.7137276714284,11516.873324857144,8295.33482142857,4956.191964428572
667.6930803857142,12264.551897142856,729.1886160857142,8587.487723285714,5096.436942,37.93080357142857,4354.251674142857,3993.275111857143,456.0736607428571,11555.339842857142,6208.613839571429,1059.6802456428572,1034.4084823285714,1547.5965402857144,6537.477120714286,6259.191406428572,6190.469866285714,202.1506696714286,5896.378348428571,1246.402901857143,2403.6897322857144,4107.087053571428,5999.759486428571,12737.690291428573,14504.731584285715,11785.703681428571,1101.4827008285715,125.7321428857143,10296.580359428572,836.2566964571428,8895.795200999999,6682.003348285715,4263.435268
593.5228794857143,10777.88392857143,631.8258928857142,7700.223214428572,4614.384486857142,31.93359375,3969.5502234285714,3663.7053572857135,395.0641741285714,10360.934711428572,5588.426339428572,863.4001116285715,940.7505580571428,1441.9213172857142,5929.242187428571,5639.368861857142,5570.484933142857,202.01953127142855,5312.272321571429,975.4157367571428,2185.031808142857,3755.121651857143,5404.073102714286,11030.250558571428,12192.399554285714,10532.880021428571,1070.598772357143,118.64453127142858,9316.540178714286,780.7650669857143,7950.111607285714,6097.385044857142,3893.026227857143
1181.3828125714283,10521.195314285716,717.4285714285714,7580.724330571428,4436.3995537142855,26.678571428571427,3725.589285857143,3434.1462055714287,335.265625,10874.592635,6227.921875142857,751.5736607142857,858.7946428571429,1362.8169644285715,6425.391741285714,6247.349330428572,6201.303571714286,378.4720982142857,5696.148437857143,873.3738839285714,2038.227679,3513.041295,5764.842634142857,10663.585938571428,11779.899554285714,10643.228795428571,1858.8727679285716,115.75223214285714,10220.104910857144,715.8392857142857,7857.498884142857,5992.946428857143,3643.7868305714287
991.8080357857144,14321.921877142857,816.0334821428571,9496.871652285714,4240.619419857143,23.829241071428573,3401.5167412857145,3093.5948662857145,280.69642857142856,14029.19866142857,6130.358259142857,744.2254464285714,764.9375,1209.2991074285717,7038.687500285714,6251.858259142857,6084.742187714285,425.11830357142856,5388.834821714286,969.4609376428572,1849.430803857143,3178.917410857143,5643.233259285715,14484.98660857143,15369.18192,14173.613840000002,2555.2042412857145,111.859375,12986.03348142857,656.3861607142857,9751.64620657143,7480.014509285715,3316.9732144285717
597.1696428571429,11897.345984285714,579.8638392857143,7291.536830571428,3677.198660857143,22.169642857142858,3087.2946432857143,2833.556919857143,238.9040178571429,10541.638395,4643.054687857143,741.0725446428571,693.7410714285714,1071.7488841428572,5015.751116285714,4696.373884285715,4624.467634142858,202.63504464285717,4362.087053857143,1467.9095985714284,1730.700893285714,2901.341518142857,4451.122768142857,12644.391742857142,14819.640627142857,10980.418526857144,1100.9542413571428,107.66071428571428,9385.275669857145,635.9877232142857,7797.426339714286,5334.984375142857,3021.334821857143
721.21875,9240.28459842857,570.7712053571429,6427.226562714285,3546.289062857143,19.660714285714285,2969.620536,2725.4441965714286,206.59821428571428,8796.457589571428,4590.145089428572,681.1104910714286,626.7790178571429,1058.8191967142857,4844.319196714286,4626.405134,4575.937500285714,206.29799107142856,4349.370535857143,1441.606027142857,1637.5837055714287,2782.8459824285715,4414.312500285714,9703.956473857144,11562.055804285714,8928.717634285715,1101.4687501428573,112.48214285714286,7978.154018,619.8080357142857,6606.433036,4808.083705571428,2900.889509285714
656.5613839285714,8810.261160714286,541.2064732142857,6213.943080428572,3396.004464285714,18.534598214285715,2847.313616142857,2610.297991142857,180.4118303571429,8506.292410714286,4357.680803571428,620.7477678571429,569.53125,1061.0502232857143,4648.764509,4396.833705428571,4342.755580428571,201.5602678571429,4128.857142857143,1144.825892857143,1519.4888392857142,2669.8772321428573,4196.353794714286,9073.387276857144,10365.388397142857,8629.849330428571,1086.959821428571,105.27678571428572,7750.223214285715,571.9118303571429,6392.368303571428,4744.776785714285,2784.860491142857
1785.185267857143,8669.299107142857,738.2767857142857,6595.154017857143,3650.821428571429,18.607142857142858,2917.1875,2557.792410714286,161.00669642857142,8857.678572142857,5866.533482142857,592.5580357142857,519.7991071428571,1090.9174107142858,5746.4375,5815.350446428572,5861.348214285715,314.06026785714283,5552.111607142857,998.3258928571428,1434.071428571429,2607.2433035714284,5572.553571428572,8913.05580357143,10087.437500714284,8699.49776857143,1233.6607142857142,199.89955357142856,8247.8125,536.5602678571429,6618.877232142857,4995.886160714285,2799.910714285714
1746.314732142857,12738.004465714286,808.4933035714286,10086.997768571428,4146.783482142857,65.19642857142857,3321.881696428572,2853.1026785714284,147.68526785714286,13185.502235714286,6682.299107142857,614.8571428571429,487.8169642857143,1282.9174107142858,7423.160714285715,6777.321428571428,6645.433035714285,387.0178571428572,6066.149553571428,924.7879464285714,1496.774553571429,2999.0334821428573,6316.9375,12853.779021428572,13474.930807142857,13032.986610000002,1976.15625,213.9174107142857,12535.267860000002,548.078125,10179.138394285716,7671.59375,3213.761160714286
1078.3794642857142,13256.424110000002,528.3258928571429,8294.174107142857,3411.28125,39.546875,2873.104910714286,2577.7522321428573,135.16071428571428,11994.564735714286,4781.997767857143,730.71875,459.7834821428572,1110.174107142857,5191.832589285715,4832.020089285715,4762.975446428572,263.5736607142857,4569.915178571428,1035.2299107142858,1425.6830357142858,2662.957589285714,4600.366071428572,14033.147322857145,15340.223218571427,12339.830360000002,1086.258928571429,118.16294642857144,10660.506698571427,525.8571428571429,9010.25669642857,5676.183035714285,2793.6897321428573
1365.279017857143,12650.109377142857,537.4330357142857,8618.064732142857,3477.3370535714284,35.716517857142854,2934.0446428571427,2560.975446428572,123.64955357142856,11858.642860000002,5303.881696428572,1089.2142857142858,439.6763392857143,1155.4263392857142,5744.564732142857,5360.142857142857,5282.680803571428,293.1875,4940.955357142857,1095.421875,1345.149553571429,2672.0870535714284,5087.080357142857,13673.850448571427,15311.816965714286,11966.93527,1292.78125,159.24107142857142,10385.404018571428,501.80580357142856,8795.22767857143,5666.207589285715,2838.441964285714
1111.794642857143,13897.65178857143,483.3883928571428,8777.66294642857,3129.4464285714284,25.65625,2641.194196428572,2390.9620535714284,113.50446428571428,13941.716521428572,4609.810267857143,1966.7388392857144,419.4040178571428,1099.4330357142858,5024.647321428572,4658.549107142857,4588.049107142857,298.3125,4323.504464285715,1058.435267857143,1261.0200892857142,2453.125,4408.602678571428,14210.901787142857,15404.133931428572,13883.497771428572,1343.033482142857,108.44196428571428,11804.986610000002,482.5066964285714,9522.14955357143,5165.696428571428,2569.011160714286
1259.5982142857142,19224.91964571429,691.0022321428571,10633.212054285714,3276.4709821428573,18.136160714285715,2594.323660714286,2367.6116071428573,100.79464285714286,18287.31027142857,5470.475446428572,1958.008928571429,409.9352678571428,1145.4575892857142,6067.194196428572,5565.361607142857,5420.203125,537.0825892857143,4600.395089285715,1307.330357142857,1189.1763392857142,2420.7790178571427,4731.178571428572,20128.593754285717,21138.149555714284,18190.46428857143,2257.0558035714284,111.02232142857144,15828.595984285714,469.4821428571428,11563.303574285716,5732.21875,2533.457589285714
810.7723214285714,21559.08928857143,630.6071428571429,11776.832592857145,3172.9375,21.988839285714285,2526.504464285714,2299.053571428572,88.85491071428571,19953.12946714286,4629.033482142857,3287.75,407.3258928571428,1110.517857142857,5366.511160714285,4723.941964285715,4592.258928571428,345.99776785714283,4091.747767857143,2153.194196428572,1149.553571428571,2357.636160714286,4242.212053571428,23052.533485714288,26026.727680000004,20367.22321714286,1993.1629464285716,107.890625,15890.37277,460.96205357142856,12719.941965714286,5964.517857142857,2469.5625
623.6584821428571,17391.113842857143,489.0446428571428,8920.638392857143,2933.7477678571427,22.886160714285715,2439.526785714286,2217.910714285714,79.47767857142857,15477.294647142857,3923.636160714286,3197.756696428572,372.1696428571428,1096.970982142857,4263.169642857143,3971.026785714286,3903.636160714286,211.36607142857144,3631.044642857143,2694.6026785714284,1083.8861607142858,2274.7678571428573,3719.979910714286,18951.783485714288,22544.18080714286,16055.604912857145,1411.571428571429,104.25669642857144,11597.649555714286,429.4441964285714,9623.107143571428,4439.459821428572,2383.6495535714284
690.15625,13291.43527,564.171875,7280.316964285715,2998.4464285714284,20.529017857142858,2430.8727678571427,2214.3147321428573,71.62053571428571,12312.607145714286,3905.334821428572,2703.3683035714284,352.1138392857143,1145.569196428571,4093.821428571429,3923.986607142857,3895.604910714286,202.6361607142857,3739.180803571429,1873.075892857143,1038.017857142857,2259.4308035714284,3766.383928571429,14132.18527,16408.968751428572,12628.450897142857,1316.5982142857142,119.84598214285714,9337.205357142857,410.6450892857143,7685.535714285715,4058.453125,2376.058035714286
833.7165178571429,11643.95759,699.7433035714286,7321.738839285715,3194.7946428571427,21.466517857142858,2489.9151785714284,2275.569196428572,63.234375,11631.500001428572,4408.238839285715,1964.203125,342.5647321428572,1218.506696428571,4616.09375,4437.495535714285,4394.116071428572,232.33035714285717,4097.854910714285,1196.3392857142858,1022.203125,2323.8839285714284,4175.158482142857,12186.140627142857,13374.00893,11561.24777,1898.9575892857144,115.76339285714286,9643.97544642857,396.2142857142857,7538.15625,4456.926339285715,2433.613839285714
1499.060267857143,15700.738842857145,832.4352678571429,9352.138394285716,3074.6741071428573,0.0245535714285714,2271.7901785714284,2233.285714285714,54.44866071428572,16037.455360000002,5226.763392857143,1620.241071428571,334.16294642857144,1259.084821428571,5736.368303571428,5257.879464285715,5206.004464285715,532.7723214285714,4621.375,1026.4575892857142,956.3058035714286,2206.796875,4726.120535714285,16114.455360000002,17299.55803714286,15665.42411142857,2742.004464285714,104.77455357142856,14015.00893,346.046875,10017.107144285716,5355.272321428572,2257.589285714286
2114.379464285714,22523.866074285717,722.2008928571429,16356.901787142857,3307.4464285714284,0.140625,2591.7477678571427,2521.1071428571427,47.32142857142857,22409.73437857143,6406.276785714285,2565.287946428572,337.0513392857143,1478.9799107142858,6871.261160714285,6437.674107142857,6369.5,579.671875,5608.823660714285,1452.149553571429,1023.7834821428572,2453.683035714286,5789.006696428572,23426.58035857143,24477.13839428572,22078.508930000004,2278.0,192.03125,19293.17411,352.61830357142856,16367.812502857145,6483.553571428572,2527.140625
1709.037946428571,32128.053572857145,773.6763392857143,21245.35268142857,4030.232142857143,0.1540178571428571,3249.625,2767.698660714286,38.4375,32407.223218571427,6653.962053571428,7108.941964285715,359.3616071428572,1585.3236607142858,7353.544642857143,6724.066964285715,6618.729910714285,463.9486607142857,5970.0,2056.491071428572,1122.314732142857,2833.0089285714284,6177.814732142857,32698.734377142857,34302.91071428572,32308.76786,2017.935267857143,222.5625,24804.35714428572,366.2053571428572,22059.866074285717,7646.6875,3058.359375
2844.973214285714,30844.390625714288,1300.0111607142858,20211.29911,4943.698660714285,61.238839285714285,3645.595982142857,3054.098214285714,31.618303571428573,30184.658485714288,9125.095982857143,7740.808035714285,336.3616071428572,1862.0424107142856,9428.93973285714,9108.439732142857,9125.32143,655.1540178571429,8007.024553571428,1902.189732142857,1139.767857142857,3142.366071428572,8247.843750714286,32346.542412857143,34580.263394285714,30076.16964428572,1813.158482142857,311.5959821428572,22071.68973428572,385.6517857142857,20070.54910857143,8389.390625714286,3348.412946428572
2736.191964285714,44042.27455714286,1791.4330357142858,30130.52455428572,7085.073660714285,216.31919642857144,5226.526785714285,3905.252232142857,29.127232142857142,45039.36161000001,11311.89286142857,11656.283484285714,379.4397321428572,2349.366071428572,12218.116074285716,11397.305805714286,11279.419645714286,601.2388392857143,10233.441965,1435.524553571429,1470.6919642857142,4321.247767857143,10629.187502857145,44461.54018142858,45186.81027142857,44646.125002857145,2299.671875,532.2120535714286,33178.43527,524.71875,30417.02455714286,12290.97545,4843.651785714285
3676.834821428572,49430.62053857144,2608.2946428571427,29903.72768142857,8330.529017857143,191.38169642857144,5685.734375,4254.020089285715,24.102678571428573,49339.013394285714,13478.48884142857,15061.76785857143,380.7700892857143,2800.229910714286,13766.60267857143,13461.149555714286,13467.573662857145,559.4129464285714,12528.85491142857,1172.2142857142858,1376.4955357142858,4752.477678571428,12810.852681428572,50828.263394285714,51646.926341428574,49115.78348428571,2303.4933035714284,481.2879464285714,33814.89062714286,505.78125,30605.993305714284,13202.63393,5245.46875
3223.848214285714,58761.56473571429,1457.578125,32560.36830714286,7113.417410714285,131.609375,5622.107142857143,4396.022321428572,21.796875,56619.85268,11368.21652,17319.16964714286,392.6316964285714,2682.1227678571427,12254.216521428572,11462.493304285714,11329.517860000002,472.6473214285714,10602.90848357143,1006.6763392857144,1642.078125,4717.524553571428,10871.328127857145,60227.16518142858,61575.19866428572,57323.97544857143,2588.5178571428573,687.0758928571429,38241.17857428572,573.0758928571429,34240.08928714286,13131.910718571427,5371.667410714285
3957.573660714286,42710.15848571429,769.4866071428571,24896.665180000004,6774.305803571428,55.10714285714285,5958.354910714285,4908.790178571428,26.816964285714285,39977.12723428571,11681.805807142857,11216.660715714286,449.3482142857143,2871.912946428572,12092.73660857143,11721.26785857143,11661.40178857143,381.2299107142857,10955.792412857145,778.3861607142857,1964.821428571429,5089.830357142857,11229.274557142857,44640.52009,47057.10491428572,40779.08705857144,1559.837053571429,646.8169642857143,28124.60044857143,785.9486607142857,25710.906252857145,11957.189735714286,5730.145089285715
3161.848214285714,31837.71428857143,533.9620535714286,21057.84152142857,6528.75,1.3861607142857142,5991.529017857143,5375.792410714285,95.39955357142856,30222.071430000004,11194.06027,6442.410714285715,676.7544642857143,2727.207589285714,12626.20535857143,11395.600447142857,11123.482145714286,806.9821428571429,9891.59598357143,548.8102678571429,2511.7834821428573,5443.073660714285,10296.502232142857,32710.28571714286,34035.430805714284,30686.167414285715,1261.587053571429,537.6830357142857,23460.334824285717,1000.0669642857144,21658.22768142857,12710.886162857145,5872.232142857143
3292.1116071428573,28521.45312857143,1092.758928571429,18110.316965714286,9444.261162857145,80.08705357142857,8402.529017857143,7421.946428571428,685.1540178571429,25690.73884142857,12597.868305714286,4728.0,1374.772321428571,3538.9620535714284,12593.616074285716,12514.388395714286,12612.919645,584.2924107142857,12701.223215,391.796875,3703.051339285714,7592.647321428572,12528.14509214286,30771.453125714288,31332.46428857143,26010.234377142857,1580.002232142857,855.0200892857143,20495.553572857145,1682.649553571429,18287.962055714284,11598.04018,8330.075892857143
3154.901785714286,30105.93080428572,1001.8928571428572,22785.88169857143,11474.332592857145,57.72767857142857,10465.866072857145,9766.53348285714,1155.8169642857142,30396.062504285717,14973.758931428572,5543.205357142857,2226.6964285714284,3857.247767857143,15455.439735714286,15017.803572857145,14957.667412857145,344.8482142857143,14686.325892857143,271.94419642857144,5819.084821428572,9868.066965,14772.504465714286,30879.04018142857,30901.524555714284,30148.00446714286,1520.1049107142858,557.1696428571429,24756.69196714286,2523.0245535714284,23020.28571714286,15632.928574285716,10341.515626428572
3079.046875,32402.89955714286,606.2209821428571,23553.45535714286,12125.01785857143,9.267857142857142,11520.482145714286,10825.96652,1229.765625,32679.618305714284,15574.645092857145,7217.582589285715,2267.848214285714,3590.734375,15901.024557142857,15617.09821714286,15557.830360000002,236.51785714285717,15265.819198571427,166.22098214285714,7177.944196428572,10880.022322857145,15378.29687857143,32832.06027,32762.27009142857,32500.36384142857,1244.5580357142858,554.4866071428571,25189.774555714284,3063.542410714286,23753.49107571429,15887.779021428572,11382.011162857145
4158.020089285715,47299.90402142857,591.6830357142857,33847.22544857143,14892.676342857145,4.566964285714286,14279.30134142857,12746.638394285716,1593.7299107142858,52313.270091428574,19481.82589571429,16668.551344285715,2855.703125,3814.111607142857,19320.25893142857,19362.265627142857,19499.61384142857,448.6540178571428,19280.11830714286,143.21428571428572,8859.30357142857,12849.781252857145,19243.87053857143,47146.35491571429,44035.87277,50214.91964571429,2056.256696428572,1109.205357142857,35945.113841428574,3827.446428571429,33020.88393,17868.17411,13891.99777
7487.549107142857,98840.05803714284,676.5223214285714,60280.05803857144,17741.87946714286,15.6875,16993.700895714286,14907.004465714286,1829.0825892857144,98447.33258285714,26494.47545142857,24649.97544857143,3575.339285714286,4011.600446428572,27539.354912857143,26459.36161,26494.95089571429,1072.852678571429,25865.48214571429,436.0,10804.689735714286,15066.15402,26128.38393285714,102658.06250428571,100703.25447285714,98217.30358,2950.7276785714284,1215.140625,70228.09152,4377.189732142857,63167.48437857143,26947.234377142857,16231.09821714286
7092.482142857143,127628.86162857142,1135.267857142857,77023.69196714285,19892.125002857145,31.799107142857142,18804.691968571427,16722.729912857143,1781.111607142857,119416.0603,29051.671877142857,24740.323664285715,4043.089285714286,4154.580357142857,31555.386162857143,29248.02902,28963.27902,1359.258928571429,27378.68973428572,766.6361607142857,12241.176342857145,17001.263394285714,27952.30134142857,134249.20982857145,137430.14288571427,121671.13394285717,2891.421875,1276.0424107142858,90458.27678714284,4659.966517857143,82080.41294857142,32739.084822857145,18288.77009142857
3157.6428571428573,92531.35268142856,11439.439735000002,59946.43527142857,32419.578127142857,1243.272321428571,21102.71652142857,19203.595982857143,1929.482142857143,88601.69643142856,37797.45536000001,14048.888394285716,4228.064732142857,6508.040178571428,38957.02902142857,38110.63839571429,37632.04687857143,1197.734375,35731.38169857143,5267.482142857143,12342.781252857145,20587.533482857143,35751.48214571429,98590.82367285714,109578.33482857145,89156.05803857141,8700.687500714286,714.1116071428571,73790.82143,4687.8125,61724.93303857143,36745.843751428576,21007.83928857143
1919.0669642857144,91775.10714571428,15523.785715714286,59805.44196714286,40997.80357428572,1909.8504464285716,25478.87053714286,22284.43973428572,2026.9017857142856,88992.49330714285,45790.629465714286,6800.506696428572,5135.785714285715,7355.604910714285,48833.125002857145,46456.63393142858,45576.61830571429,1292.232142857143,43354.79241428572,13593.781252857145,14480.627235714286,24682.12723428572,43815.79911142857,96181.30582285716,112765.63841428571,89581.52009142857,16430.767861428572,519.7700892857143,81318.91964571427,5748.104910714285,61194.81919857143,49222.50223428571,25216.636162857143
753.3549107142857,69233.45982428572,10821.638394285716,46704.381700000005,37336.76785857143,1223.9419642857142,26416.16964571429,24904.59151857143,2043.3973214285716,64102.366075714286,39388.816965714286,3751.65625,5377.370535714285,10392.671876428572,40668.69419857143,39653.72098571429,39295.843751428576,476.0625,38366.32366428572,19961.921877142857,14343.57812857143,26215.178572857145,38650.59152,72702.45312714286,95529.28125428571,65869.01339571428,9219.933037142857,173.24330357142858,58972.77232428571,6259.162946428572,47955.52455571429,41577.65848571429,26353.555805714284
3108.4866074285715,59934.06138428572,4758.066964285715,50230.78348428571,29977.890627142857,507.7332589285714,25086.74553714286,23694.83036,1871.2020092857144,61128.41852714286,36841.325894285714,4908.909598428571,5695.141741285714,7862.277902,38193.86719,37111.35937714286,36751.41183142857,492.2254464285714,33721.65736857143,11116.603795428571,15702.217634285716,24467.41741142857,34810.98995714286,60363.94643,71234.71986714285,60687.232142857145,5933.902901857144,169.11495535714286,56448.36942142857,6267.175223571429,50013.05580571429,39038.700894285714,24785.987725714287
1565.1428574285717,55182.361607142855,3054.7421877142856,37104.66629428572,23228.287947142857,495.5691964285714,20176.905135714285,19093.76786,1550.397321714286,50795.49330428572,26056.74776857143,4617.764509285715,4583.728795,6048.601562714285,26961.97321714286,26199.684151428573,26007.84152,343.2834821428572,24984.146207142858,6089.974330714286,12737.208707142858,19897.546875714288,25310.684152857146,57363.396205714285,66006.40401857143,52302.13504571428,4266.660714428572,145.36941964285714,44838.77343857143,4686.223214571429,39075.297991428575,28107.36607142857,20062.98325857143
862.7198661428572,39127.01227571429,2312.075893,27717.80803714286,19427.504465714283,406.6395089285714,17017.854912857143,15689.823659999998,1292.696429,36203.75669714286,21638.385045714287,2723.5066967142857,4089.684152142857,5047.333705571428,22588.506695714284,21825.717634285716,21582.99442,223.96205357142856,20683.35491142857,4397.9229912857145,10406.737725142855,16470.267858571427,21138.337055714284,40756.56585,46246.016741428575,37067.01897428571,3143.4598217142857,140.0,32718.713170000003,3764.265625142857,28740.04352714285,23536.764511428573,16794.402904285715
674.7332589285714,29376.36384,1167.2712055,21680.768972857142,14454.000001428572,118.23772321428572,13225.688618571428,12368.429688571428,1036.0837054285714,27801.57031428572,16067.319198571427,2147.9598217142857,3427.3973217142857,3873.025669857143,16751.55468857143,16208.516741428572,16023.88393,204.6071428571429,15411.808035714286,3777.464286,8395.232143,12728.975448571427,15708.200894285716,31129.47098428572,36542.89844,28222.966517142857,2555.716518142857,129.73102678571428,25275.78125142857,3098.9062502857146,22131.77901857143,17393.53683142857,13029.466518571428
626.3537946428571,25908.47321571429,709.8537946428571,17154.20759,10178.47879557143,73.33928571428571,9442.239956,8995.279018142857,945.2678571428572,24183.536832857146,11464.45201,2889.832589571429,2589.7053574285715,2728.776786,12108.09375,11590.522322857145,11421.390624285714,204.5345982142857,10977.539062857144,2739.280134285714,6220.864955571428,9157.71093757143,11170.579241428572,26941.748884285716,30577.35826,24830.65401857143,1793.4698665714284,116.359375,20668.140625714288,2274.305803714286,18087.058035714286,12847.479914285714,9329.246651714286
638.3024553571429,19551.30580428572,695.1004464285714,14322.28348285714,11823.948662857145,139.14174107142858,11172.159599714283,11206.373884,911.5613839285714,18510.96652,12134.54018,2557.8303575714285,2641.310268,3056.618303857143,11986.612725714283,12079.709822857145,12145.78571714286,204.859375,12327.421875714284,1981.3203127142856,8091.920759142857,11260.981028571428,12150.669644285716,20232.571430000004,22948.771207142858,18871.47433142857,1144.2343752857143,121.8125,15773.19642857143,2504.443080857143,14336.11942,11446.082588571428,11236.600448571427
682.8694196428571,19703.92969,1006.1272322857144,17247.15625,14732.831474285716,242.3337053571429,13754.016742857144,13415.103795714283,1039.5256699285717,19807.953125714288,15449.38392857143,1858.618303857143,2786.604910857143,4159.676339714286,15485.011164285714,15442.099331428572,15446.850448571427,204.0390625,15402.268972857142,1481.094866428571,9097.170759142857,13663.051342857145,15367.443081428572,21126.35156428572,22382.38616,19677.996652857146,1293.9375004285714,127.39397321428572,18190.732144285717,2794.821428857143,16887.280134285713,14925.10268,13733.691964285714
620.2120535714286,22450.78125142857,1388.3024555714287,19690.296877142857,16098.46652,454.1473214285714,14695.7221,13811.058035714286,1134.8270091428572,22448.087055714284,17114.169644285714,1406.290178857143,2715.0122768571428,5574.296875142857,17415.502232857143,17161.26897714286,17096.779019999998,203.4095982142857,16836.717632857144,1538.4408484285716,8056.641741285714,14413.031251428572,16937.562501428572,24570.099332857146,27348.70759142857,22417.537947142857,1548.715402,113.45089285714286,21187.63504857143,2566.1060270000003,19530.84375142857,17358.29352857143,14593.97767857143
613.8482142857143,22280.32589428572,963.6651786428572,17107.820314285716,12238.469867142858,173.09821428571428,11250.464285714286,10831.339287142857,1065.7622769285715,21162.29241142857,13368.872771428572,1270.524553857143,2713.733259142857,3918.405134285714,13911.260045714283,13456.537948571427,13341.274555714286,202.7299107142857,12978.383927142855,3935.3281252857146,6791.311384142857,11067.295758571428,13132.97098285714,23246.787947142857,27707.735492857144,21632.989957142858,1074.9352680714285,120.30133928571428,19452.302457142858,2492.660714571429,17829.851562857144,14628.255582857144,11180.318081428572
931.3984376428572,19151.680805714284,2559.7678572857144,18752.670761428573,16475.333707142858,461.9821428571428,13918.572545714283,12515.584822857145,964.7008929285714,20240.38951,17526.50111857143,1318.4899557142855,2646.700893142857,4079.995536,17405.098214285714,17508.188615714284,17526.300225714287,206.21205357142856,17428.809152857142,4456.583705571428,7962.861607428572,13417.981028571428,17433.33817142857,19446.284598571427,24414.050222857142,19799.722100000003,2002.1116072857144,381.4564732142857,19528.555805714284,2523.3281252857146,17948.39509,16419.51674142857,13821.061385714287
681.2254464285714,24800.79576,1221.4375002142858,18061.69977857143,13855.6596,190.59375,12598.866072857145,12206.779018571428,981.3683037142856,23556.870535714286,14909.50558,1171.0870537142855,3157.472098428572,3574.554687857143,15349.318084285716,14974.39732142857,14888.482144285716,203.2767857142857,14619.445314285713,2900.6941967142857,8500.347098285714,12450.98102857143,14709.441964285714,25344.347100000003,28481.97098428572,24139.04352714285,2315.1372771428573,163.37946428571428,21817.991072857145,3095.554687857143,18797.055805714284,15925.405135714287,12565.574777142858
1279.9112725714288,21427.11607142857,870.3504464428571,17792.90067,14206.125,175.7315848285714,13310.814734285714,12534.527345714288,855.6289062714286,20865.10268142857,15808.110491428572,1004.3945314428572,2867.571428714286,3152.465960142857,15979.734934285714,15830.500001428572,15797.791854285711,210.5122768,15599.762834285715,2294.152344142857,9260.410714285714,12890.48660857143,15657.472097142858,22516.665178571428,25218.11663,20994.206475714287,1690.573661,242.44363842857143,19781.54576,3171.301339571429,17849.955358571427,15774.86830285714,13173.12946714286
1887.7661831428568,23342.810825714285,1572.8186382857143,18997.71093857143,13022.583147142856,218.5530134142857,11414.311384285713,10312.804130142858,760.1808035857142,23112.57366,15880.837612857144,979.2890625142855,2317.167410857143,3111.1897322857144,16457.552454285713,15994.354354285711,15842.9375,213.8147321857143,15199.38337,1974.7131697142856,7061.487165428572,10758.889509571429,15518.404575714289,23966.21037857143,26446.29855142857,23196.882254285712,2534.166294857143,289.75223217142855,22077.256137142856,2559.030134,19188.18303428572,16716.301895714285,11157.82254657143
698.6540178714286,21312.85323857143,853.6422991857143,15128.560825714289,9746.663505142858,85.59933035714286,8855.155692142858,8278.140067285714,705.1595982428571,19517.97712,11183.941406285714,1006.3024555,2028.1568081428568,2610.833147285714,11874.21596,11303.928013285711,11147.367746142858,204.5546875142857,10645.962612571428,2129.337053857143,5580.392857285714,8511.613281285714,10890.082590428572,22515.83482285714,25734.773995714288,20165.85547,1323.106585,122.26618305714284,17933.410155714286,2238.463727857143,15951.62276857143,12740.269532857144,8720.72656242857
591.6277902,16181.893415714285,746.5742187714286,12104.747767142857,9344.909040285716,67.10435267857143,8616.42968742857,8567.135602857143,655.5574777142857,15233.666854285711,9888.597655857142,930.1143973428572,1984.490513571429,2288.719308142857,10016.302455714287,9883.741072857145,9886.67913042857,201.9101562857143,9881.294083857145,1883.983259,6231.660156571429,8599.788504,9822.382813,17185.56026857143,20019.36328142857,15575.902901428572,1342.2829241428572,137.88895091428572,14062.73326,2276.8303571428573,12399.366072857145,10045.572543714285,8636.554129142856
773.3314732714286,14878.52064857143,671.6155134285715,12806.319755714285,9042.247209714284,83.21930803571429,8308.913503857142,7452.782924142857,601.0887277,14931.251115714284,10608.132254285712,843.6244419857143,1696.327567142857,1942.0691964285716,10976.265625714284,10677.291295142855,10581.415178857143,203.1975446714286,10074.569195571428,1357.5329242857144,5408.730469,7768.238281428572,10310.679688142858,15139.600447142857,16599.63615857143,14976.14565,1143.203683,159.4760044857143,14106.896764285715,1840.7349331428568,12826.127792857142,11005.023995714288,8091.429687571429
1375.529017857143,15843.310824285714,1255.9419644285715,12070.499442857144,7688.248326,82.09207589285714,6416.236049428572,5701.896205714286,552.1774553857143,15885.079241428572,9963.27567057143,819.0039062714286,1352.227678571429,1828.6489957142855,10344.323661571429,10049.397321571429,9926.362724571429,207.61551342857143,9273.739955428571,1015.500000114286,3790.510602857143,5897.810268,9519.77399557143,16113.571987142856,17076.344308571428,15909.66964142857,2820.5039062857145,272.6065848428572,15114.189175714286,1394.7974331428572,12205.737165714285,10383.630024285714,6211.084263571429
1089.8219865142858,16354.01172,873.4843750857143,11165.307478571429,7113.459263714286,86.4765625,6211.6612725714285,5493.985491142857,497.5697544857143,15651.319754285714,8786.852678857143,880.7639509142857,1184.043526857143,1808.1199778571429,9189.366629714286,8854.49721,8762.710379714286,202.8939732428572,8365.296316857142,927.2667411,3591.026228,5717.136719,8537.420759142857,16719.28738857143,17815.078125714284,15959.503347142858,2576.183593714285,267.0245536,14487.24163,1317.6668527142858,11476.41797,9436.911271714283,6022.023437571429
947.8699776857144,14135.335938571428,610.9564732142857,9517.827009285716,5608.377790428572,49.770089285714285,4976.384486857142,4437.721540285714,430.64787947142855,13169.320314285713,7067.428013714286,857.3063616142857,1042.1032367142857,1487.9776787142855,7442.482143,7122.77846,7045.972098571429,203.94977678571428,6705.808593857143,972.9933035714286,2889.3493307142858,4578.873884285715,6837.087611714285,14558.70759,15888.626118571428,13575.716517142857,1436.1389511428572,211.1953125,11938.943082857144,1114.7645091428572,10000.892298714289,7830.946428857143,4822.465402
971.4319197857144,11833.071431428572,645.6774553571429,8937.127232285715,5457.674107428572,60.40178571428572,4793.733259142857,4192.388393142857,362.4888392857143,11406.42634142857,6901.620536,784.7433035714286,930.9486607142856,1451.6718751428573,7273.381696714286,6962.457589571429,6880.284598428571,201.47544642857144,6551.031250285714,928.1015625,2634.8660717142857,4372.224330571428,6695.446428857143,12245.465404285716,13413.864957142856,11559.510045714283,1230.5625002857143,262.30580357142856,10519.960938571428,982.1808036428572,9045.835937714286,7369.863839428572,4655.4620537142855
602.1551339285714,11095.14174142857,516.3939732142857,7922.716518,4586.687500285714,47.9765625,4050.180803714286,3612.243303714286,298.73549107142856,10471.921875,5654.147321714286,721.2745535714286,835.6953125,1237.620536,6074.041295000001,5720.3370537142855,5631.779018142857,200.84821428571428,5317.758928857143,816.7299107142857,2299.609375428572,3761.6417412857145,5456.829241285714,11509.036831428572,12577.733258571428,10727.364957142858,954.6908482857144,139.79575892857142,9535.492187285714,851.0479910714286,8255.274553857143,6400.389509142857,3947.415178714286
572.828125,10016.231771666666,506.5286458333333,6957.671875333333,4220.968750333333,39.989583333333336,3713.825521,3449.901042,256.1979166666667,9379.473958666667,5045.377604666667,682.3697916666666,772.6197916666666,1245.429688,5333.046875333333,5081.033854333334,5031.562500333333,200.515625,4850.414062666667,733.5208333333334,2142.5260416666665,3537.994792,4907.960937666667,10351.91667,11343.44271,9658.617187666669,850.3567708333334,115.51822916666669,8454.312500333333,796.1692708333334,7274.768229333334,5505.023437666667,3657.1015626666663
