BM,BTG,BWQ,CLJ,CT,DMZ,FSB,GGS,GTQ,HK,HLS,HMS,JJQ,LJG,LK,NJG,PS,QJDQ,QXC,SJY,SMZ,SPY,SWB,SXC,WC,WHK,XH,XJX,YJ,YLJK,YSG,YYL,ZT
1.7711414125714289,8.965778457142857,11.433388914714286,1.722373432857143,0.1899266042857143,4.757859730571428,0.4094616978571428,3.205156287285714,3.356825425,3.5172501804285714,5.162448756428572,2.222711855857143,1.3766430431428571,4.999171770714286,5.500400243142857,9.139624556714285,9.651158142857144,5.981464959714286,1.3078419777142858,5.734806974714286,1.4467205225714286,3.821376325142857,3.704917373428572,13.608336414857144,5.080014313714286,4.901019382428572,8.841056805142857,1.583402051142857,5.194157937857143,3.590332279857143,2.3393377377142857,1.0201654035714285,2.046438185571428
2.532094868142857,10.707330237285714,2.434310654,0.4973722305714286,0.5659563082857143,4.368545743285714,0.7415685095714285,2.194731031714286,3.5218746677142856,5.967311048,5.179424025142858,4.651041038714285,4.038377838571429,4.717454359571429,2.1890708261428573,4.038001082571429,3.4402332847142856,4.130758619857143,1.3855687544285715,0.281840704,4.1022506587142855,2.2281663725714287,4.977114350857143,4.838511675142857,0.7808629494285715,4.934000779857144,1.0546267927142858,1.0671591335714286,3.0553572898571426,6.484118821285714,1.759521236857143,2.2651404950000003,0.7415767078571428
15.163459371857144,22.10788317757143,7.043127711857143,18.536458101857143,9.696211462714286,3.782693037428571,6.538762139571429,12.706372309571426,3.248691990571429,17.395531107714287,2.7407349512857144,19.630032813142854,7.292412169285714,4.106460243142857,7.6094491991428574,5.502689617857143,6.086418326428571,6.923790451571429,13.762529814714286,1.476512167857143,8.69568988657143,9.324779766714284,7.591631281428571,11.509442735000002,2.4712917300000004,19.083186485571428,5.827247916714286,10.03657193085714,10.903219423,6.303588677571428,21.89659670057143,14.263055893,8.590522185
6.894926044999999,17.24617132957143,3.2503234635714287,3.888575108857143,7.962221159285713,4.457736114428571,7.417561799714286,2.6904967212857143,3.8625988135714286,9.78128734257143,16.49000400942857,2.5701723451428573,5.382915723142857,4.774972905428571,10.302166941,12.262802742,16.04279155842857,16.348549088285715,12.155618058428573,26.105784463142857,8.458444298,5.049400393142858,9.825934592142858,17.742614395,15.985315460857144,9.326150498714286,5.725856471571428,9.628396037571427,9.164504216142856,6.865098825,6.446882602,4.943091545285713,6.3122523901428575
1.6037509774285714,0.7354132048571429,17.31438037957143,1.147212532714286,13.154580401,13.218953176142858,4.3346351347142855,2.709168066285714,2.1873628565714283,0.8078106455714286,5.442823639428572,0.5006603932857142,3.226111872428572,6.895270221285714,5.331942968857143,8.482684981714286,8.226213578571429,11.794984917714286,9.365265954,8.523626832142858,1.2618494711428572,6.376645701571428,8.010645702285714,1.7525304874285712,5.723496661285714,0.0639218128571428,7.530536661857143,1.6950018455714289,4.187404619142857,3.810059584,1.2119418195714289,0.4687237961428572,6.127429892428572
9.767574889857142,10.246584372142856,3.393309559,4.620286798,5.070453012285713,4.687897975714286,8.036903063,7.053720242,3.649118518142857,5.855156846714285,6.000081542285715,5.065848458285714,2.0848936135714284,2.504522494142857,7.752083469,14.497892555714284,3.550683983142857,10.365172064571428,5.922857007571428,3.965471334857143,5.557381226571429,4.912706825,3.8798425685714286,6.264728619857143,8.447569747857143,7.624667135428572,8.013616269571429,10.424521807857143,8.213607725000001,1.2428169701428573,7.603398065571429,4.448629868,1.4925843635714284
2.5589608892857143,9.623533118142856,3.656928316285714,0.6414101614285714,0.4934285904285714,3.283996682428572,1.1285689081428572,8.129801695714287,2.042172651857143,0.892612192,2.9335112638571426,2.6226101868571425,5.8292280821428575,4.272295215714285,2.8270056080000003,2.753018447285714,2.471691660714286,3.3627883694285714,2.2286310877142856,39.62960725428571,7.260348705857142,2.445272843142857,1.809764650857143,18.566785733142854,29.81346084,1.6161002674285714,1.9821478605714289,4.0184753057142855,0.6454176554285714,4.086174716142858,1.59693311,1.9691874885714284,2.476827674142857
0.3112873917142857,0.8313543887142857,1.141080808,0.5319098314285714,0.0913669271428571,3.403870567571429,0.6169318540000001,0.0804255062857142,3.210897227428572,1.443670502,0.3261025244285714,3.2834293281428577,0.9284653512857144,2.759165035428571,0.1101848365714285,0.0522718155714285,1.8696116225714288,0.4784601845714286,0.2778229294285714,0.4536168924285714,3.308190416857143,0.168917466,1.3335040614285716,0.781053293,0.5300149851428572,0.3792563157142857,1.499246457857143,0.4190092112857143,0.2955844211428571,2.493817915,1.161711166,2.724288523571428,0.0485267325714285
12.194454537285711,18.98794770085714,9.306056938857145,7.196827909571428,10.464213758,6.867364829285714,12.858434909714283,7.157057539857143,3.7863029088571434,21.20905622414286,17.79797735114286,7.382984192428572,6.336898923428572,5.946425862857143,12.286145840857143,13.944162722857143,18.400172451142858,18.755018589,23.13210037514286,3.547592547428572,7.322096971,8.031347489,22.855619998428573,14.567281721714284,6.911416925285715,21.318993684285715,15.616533027857145,15.441911896571428,23.14257726814285,7.466526904,11.286847631,8.301212438142857,7.370370703285714
4.3992589262857145,5.381284714857143,5.426871259571429,5.557126510857144,3.311360332,11.361148703142858,2.8027739027142857,13.085528896,1.8783284315714288,6.6300964631428565,3.134108701,9.92499454814286,7.984110953428571,7.311117082428572,5.917819677285714,11.358020799,1.3912440408571427,6.672273739,1.6495788457142857,2.2719913152857143,7.505619521,5.970507731857143,1.2288469965714288,6.840287940857143,4.351341622857142,7.30599779,3.773333402428572,3.0360502635714286,5.620978048571429,5.598129483714286,6.330120188285714,6.823493085,2.004350406714286
8.572548713999998,9.35103695157143,11.339166975285712,17.98349094914286,16.10868884557143,12.29004163642857,11.499037493714283,5.452953027142857,2.3623481254285714,9.164153291999998,18.384149502285712,4.280545079285714,7.535519591000001,9.529030975285716,8.500751082571428,13.23489832685714,21.057733955,14.624206005857143,19.007834569857145,1.280461358142857,5.38508577642857,7.570013562571428,25.305578898,8.118980742714285,5.048980802571428,6.4783392992857145,11.315096760857145,9.826783367714286,7.731665500142857,8.045995000714285,14.09530044285714,6.890574549428571,6.191000679571429
0.255202848,1.1746716107142858,9.39241281042857,0.0555180767142857,6.308971788714286,5.757300969428572,2.253091676142857,2.7078998171428568,4.189676884428572,1.6485811815714284,1.7606683241428571,1.2819081812857145,3.1711978378571426,4.922551787285714,0.9639491772857144,1.0667714824285714,11.102228359714289,1.540897596142857,7.2788814835714275,3.882914705,2.323934275714286,4.8647680515714296,5.1481707430000005,1.0031304225714286,1.6210115105714284,2.567338439428572,12.148949310428572,0.5875844362857142,0.6847046055714285,4.443030679428571,0.6811505179999999,0.7615383427142858,4.695515952714286
2.018505435,0.6088535375714287,8.140494301285715,0.0026493497142857,12.309221669714285,6.729698562,2.862120437,9.370392300142855,0.9496609562857145,0.7393524495714286,4.129839374142857,1.852026167,5.471169837428572,4.819679470857143,0.4545923645714285,1.6193433947142857,8.918199177142856,2.714052099285714,8.029193457571429,2.106971819142857,4.990986190285715,8.234300192000001,6.939520519571429,0.1649125494285714,0.4089735461428571,0.3519052605714285,7.207266544571429,1.9338731677142855,0.5812977878571427,6.0973233072857145,0.468847221,1.2941833749999998,4.4370535072857145
9.53737397542857,0.4782774714285714,8.222860616285715,0.0066905231428571,15.524998931142855,13.628222221857142,13.756780226428573,4.803016372142857,2.5384711078571427,0.0117101902857142,1.0875615584285714,0.1785361125714285,1.9498332622857144,5.130089424,0.0355520988571428,0.3854597371428571,3.2087583765714283,0.9329493332857144,10.36666028557143,0.5281625722857143,2.900778377714286,6.419278635714286,6.331447042857143,1.4691910334285716,0.5356302717142858,0.008307505,3.384932411142857,9.760166076857145,0.0121610384285714,3.5351311702857138,0.0005148855714285,1.3350725835714286,7.733659575
3.6577625297142857,2.4467913665714285,7.000599886000001,5.065317361428571,6.930560626999999,4.840171618857142,5.840374135285715,3.5729981022857147,1.246061795142857,5.448314572857143,6.726952084714286,1.0706250204285714,1.5417866965714284,3.1508384525714286,3.001244893285714,4.873431418285715,7.755690849571429,5.658353817285714,7.460641764857144,1.6088685332857142,3.044770258428571,2.8419217455714283,5.065388392142857,2.2023993797142856,1.694247254142857,2.045171319285714,11.148909073857142,5.135146348428571,6.3775662411428575,2.0141092447142857,7.003781245571427,2.712469915571429,2.453168910857143
0.4082046724285714,3.594979592428571,9.754192039285714,2.5314778834285714,0.3245899777142857,5.6266810992857135,0.2478458787142857,0.8837615731428572,1.2369474048571427,3.360810236428571,3.6645892832857134,0.6864336084285715,1.4235448292857142,4.338595531571428,4.512668136285714,6.273740441857143,1.6644262864285717,2.146633352142857,0.5254909245714285,4.055879378428571,1.252562158428571,1.3222806082857144,0.6861532257142857,2.7058433588571424,3.336307770285714,2.894913480857143,8.476233727714286,0.066917195,1.6252042228571428,1.7672278667142858,1.7063931172857143,1.3199394722857145,0.8223965238571428
0.3866547669999999,0.0960798985714285,12.204673218857142,0.0073096602857142,1.3933788745714286,4.711443282857142,0.6031591851428572,0.7078010007142856,1.907801360857143,0.0959998037142857,0.4664649991428571,0.0797458328571428,0.3591787485714285,2.802725555571429,0.0607831891428571,0.2460953891428571,5.41472532157143,0.2534866247142857,3.704687713857143,1.1424380237142857,1.2445202811428573,0.5223649434285714,3.4181117210000003,0.1285072628571428,0.8681920475714285,0.0246109281428571,5.318507026857143,0.3477834254285714,0.0152633898571428,1.8904021107142857,0.0270178418571428,0.0559447294285714,0.1078389668571428
6.164611692857143,2.680952593,2.751610456142857,1.4050180002857142,4.177173048999999,1.0947121382857143,5.303907813714285,4.689152758142858,0.453836722,2.456498826285714,2.0448016022857143,1.0865270252857144,0.5718908352857143,1.3497930834285714,2.0054456317142857,1.557635077142857,5.08400202,3.2464457494285712,5.758814586285715,7.872726698714286,1.590218559142857,5.495680160285715,6.654193037,5.511249972714286,7.244007389571428,1.3122891689999998,3.8068776767142856,6.331366490857143,2.9771107860000003,1.2879991255714285,1.7975292382857142,4.874930752857144,6.623277867285714
3.899321265428572,6.587640313,2.3040010415714285,5.517645819428572,6.647813357714285,2.194568643,6.096392665285714,3.626511722428571,1.5708436557142855,5.340923975142857,3.084588408857143,3.910647955714286,2.4530777495714284,2.2314652054285715,3.048310906285714,2.8505771657142858,2.402089516571429,3.6496964864285713,6.152869120428571,2.1141471497142854,3.501255256142857,4.549301118571429,4.784512391,7.278477589857142,4.183736955571428,5.619183507428572,3.182787103714286,4.3484860435714285,4.247739185714286,2.482452466428572,6.069962530285714,4.764030744857143,5.174074888
1.1612460265714286,0.0021115652857142,1.4563615667142855,0.0065043171428571,0.648937937,0.9178545645714286,0.5441254881428571,1.3888057795714286,0.1958004688571428,0.0008045937142857,0.2625577637142857,0.4226744938571429,0.1012040665714285,1.4514744535714286,0.0650371455714285,0.2120854935714285,0.6063347001428571,0.4560359217142857,0.4676163002857142,0.0,0.4624994885714285,1.4645047901428572,0.3718343819999999,0.0216074857142857,0.0013183705714285,0.0031657829999999,0.4453905515714286,0.8277684370000001,0.011360718,0.4641745201428571,0.0093296238571428,2.415635565857143,1.1500045357142856
1.9663699075714285,0.8875974701428572,0.9715780847142856,1.8424592671428568,3.1952694131428574,2.130175201857143,2.7470525594285715,1.809572862571429,0.1085719144285714,1.7596717451428572,0.5592502245714286,5.788497155428572,0.1969385274285714,1.2696281704285717,0.3390664704285714,0.8250391630000001,0.60980439,0.907176330857143,2.421419871428572,1.313071624285714,0.2445317385714285,3.179327699857143,1.385907043,1.3983788424285717,2.1783146948571432,1.6680040358571429,0.1564014869999999,2.2075441075714286,0.4588306851428571,0.4326930465714285,2.032193509857143,6.928134313,3.0417561507142854
1.0179975722857144,2.269232743714286,0.3899835134285714,3.893414283428572,0.2171198418571429,0.2665357294285714,0.8141597895714286,1.2134598118571431,0.0027849091428571,3.796482264857143,3.310914584714286,3.611883405,2.812014285714286e-05,0.7886706665714286,2.822292446714286,2.909782429,3.767562327142857,3.536881275,1.0697633264285715,2.2430580312857145,0.219189457,0.5742069537142857,2.8360190448571427,1.90464824,1.6314014044285714,3.339481903428572,1.3367387785714284,0.3909703217142857,1.8684016611428569,0.0117596382857142,3.184950082285714,3.3231399044285714,0.1145405965714285
0.6527305834285714,0.0,0.2125214592857142,0.0057289099999999,0.1324547027142857,0.1423208691428571,0.2456793894285714,0.0032431621428571,0.0024927204285714,0.0033593744285714,0.1139462224285714,1.3572718698571429,0.0034428558571428,0.218084945,0.0036665932857142,0.0327482001428571,0.3612863167142857,0.1325150094285714,0.7682156859999999,0.0036331184285714,0.3549314085714286,0.0359589152857142,0.9373029227142858,0.0007364848571428,0.0,0.0,0.0731140755714285,0.2462064107142857,0.0001924945714285,0.0148341738571428,0.0015977784285714,2.4314258737142858,0.0641516665714285
2.3807001847142857,2.4932483334285718,0.6572596674285714,0.1937507212857143,3.895778943571429,0.952123988,4.565702219714286,2.129388118857143,0.0095094582857142,2.084659297142857,0.7790934179999999,3.1889116197142857,0.7227514857142857,0.5250071742857143,0.0189761298571428,0.2076135551428571,1.7503931225714289,1.2263107955714287,3.5347060774285715,0.60653286,0.9583830188571428,2.885586719714286,3.009726791428572,2.094746579,1.018651643,3.838045722857143,0.1537624982857142,2.534524575142857,0.1613257622857142,0.7447550717142857,0.5296433387142857,2.865405654285714,3.68038507
0.2515264925714285,0.0035871731428571,0.1946143355714285,0.0,0.3183661055714286,0.1479279945714285,0.752759736,0.8799279827142856,0.0325937705714285,0.0126382427142857,0.0717407468571428,0.0217742469999999,0.0084991551428571,0.1007609502857142,0.0047551872857142,0.0105131555714285,0.2752220015714285,0.0574656615714285,0.3343734862857143,0.0,0.3015935145714286,0.8298046727142857,0.2711118402857143,0.0344118998571428,0.0042196801428571,0.0064502318571428,0.2027587412857143,0.5845402521428572,0.0105550412857142,0.0318782667142857,0.0007080748571428,0.073210535,0.8736652152857143
0.0263454631428571,0.000138133,0.4373662771428571,0.0,0.0,0.2245679545714285,0.0297637652857142,0.6688177088571428,0.0954444685714285,0.0,0.1303987924285714,0.0007142507142857,0.00907041,0.1336956572857142,0.0195117007142857,0.0765698835714285,0.0899111537142857,0.0610125142857142,0.005502447,0.0239247054285714,0.0377122911428571,0.4964331188571428,0.0015336248571428,0.0,0.0080248425714285,0.0,0.2506921402857142,0.1598923321428571,0.0021942582857142,0.0668535387142857,0.0001397438571428,0.0008102647142857,0.1246289561428571
1.607334382857143,0.98459731,0.2640798528571428,1.1583606964285715,1.281670205,0.1399575011428571,1.3963569460000005,0.9402124938571428,0.0080178855714285,0.8005486831428572,1.3112441115714286,1.1870582984285714,0.0407422904285714,0.2841222941428571,0.5426256518571428,0.7923763941428572,1.4140186687142855,1.5436116792857142,1.8304033278571428,0.547774143,0.2531634547142857,0.9056483447142856,2.616570119857143,1.277312536,0.573821999,0.6026614977142858,0.6067609635714285,1.020337728857143,0.9786031908571428,0.0801777424285714,0.8910007741428572,0.7060322478571429,1.2633660077142856
0.1437443014285714,0.0463627665714285,0.0589007487142857,0.155537827,0.1966901822857143,0.0049971059999999,0.3740698432857143,0.1041141584285714,0.0152164501428571,0.0034701797142857,0.0483104911428571,1.215517468142857,0.0512702454285714,0.01545564,0.0160025417142857,0.0149802875714285,0.0773371464285714,0.4279767195714285,0.2412601728571428,0.0275276642857142,0.2459392062857142,0.292751646,0.593644668857143,0.1014444337142857,0.0033219777142857,0.0,0.0165679771428571,0.3676412261428571,0.0079383304285714,0.0460335888571428,0.0481274108571428,0.4046222274285714,0.7461070104285714
1.6523036615714284,0.1068022298571428,0.5321849137142857,0.4364913492857142,1.2164507902857142,1.1656112632857143,1.2867523675714283,1.4218237767142856,0.2706989512857142,0.1567190767142857,0.4893447298571428,0.83355597,0.0638176742857142,0.4147368151428571,0.2700534145714285,0.4338812394285714,0.4211906141428571,0.9034173138571427,0.8570931742857144,0.0,1.142576354857143,1.9387561357142855,0.3865672384285714,0.108855508,0.0017768795714285,0.118733245,0.1980743397142857,1.4445671637142856,0.045568591,0.1696095769999999,0.2560485674285714,2.6350337542857147,1.7928222122857145
1.5194408857142858,2.284511853142857,0.0321835582857142,1.8852308194285716,0.0790357622857142,0.0394696871428571,0.5265848332857143,0.0498377977142857,0.0637784187142857,2.0118378652857145,0.4706020414285715,0.5029512338571428,2.9150857142857143e-05,0.0238862168571428,0.8474818088571429,0.6597091218571428,0.2709444577142857,0.98234372,0.3241650955714285,4.427460684000001,0.0026251377142857,0.0464097302857142,0.2330456031428571,2.525258581142857,4.297492330571429,1.3528474677142857,0.3848189568571428,0.5464267912857143,1.5514364328571428,0.0031117345714285,1.6605738904285714,2.319792691714286,0.0927297451428571
0.3844123627142857,0.5629469205714286,0.0821543462857142,0.140437655,0.008923082,0.1238196178571428,0.1662081384285714,0.8307026081428572,0.0117146917142857,0.320228571,0.7202864117142856,1.1603593647142856,0.4290651169999999,0.3217815795714286,0.2001689414285714,0.4785467354285714,0.4034242025714286,0.3800368345714285,0.0660905288571428,0.0464885118571428,0.1769614814285714,0.7929527624285715,0.1378315642857142,0.4792567719999999,0.1020955092857143,0.5311842955714285,0.1820674305714285,0.63605889,0.0964514247142857,0.0957385402857142,0.1388121408571428,1.4344854928571429,0.2569022371428571
0.9115357024285714,0.059975422,0.1416868465714285,0.715162906,0.1395674741428571,0.0093483992857142,0.1002518901428571,0.098182565,0.0267461988571428,0.5706456884285714,1.3357487047142858,3.170811901571429,0.2034919562857143,0.0764532218571428,0.7104696957142858,1.1601367928571429,1.1420787258571428,1.3298905042857143,0.4126272164285714,0.0,0.9293600964285714,0.154460724,1.113631454,0.0125275288571428,0.0024650251428571,0.2606556334285714,0.4734730738571428,0.3833151307142857,0.3966919684285714,0.2192186235714286,0.7106325924285714,3.4423573092857143,0.2465106321428571
1.748255467,11.700254830857144,1.0636869952857142,11.890540494428572,1.6447202662857143,1.4897562202857144,1.674436149857143,2.0763541741428573,0.1176497419999999,12.609612283142855,3.3654382835714287,6.428553986142857,0.3084017182857143,0.6996342224285714,5.911580527428571,4.308914596857142,2.279606197,5.882256937714287,1.8334479405714288,4.5424034167142855,0.7107005088571429,3.457986602857143,2.337085276714286,10.316144326142858,6.485401576142857,15.070203825857144,2.567832048714286,1.7146509701428572,7.121792959,0.1776754405714285,11.011753824571429,8.031659496285714,3.5453059305714283
1.5300054612857144,1.904128396,0.2165677141428571,1.2234716435714286,1.4357554325714286,0.7532665118571428,1.1974108765714286,1.9038707297142856,0.0812646374285714,1.499140658,0.1757408632857142,5.0310066305714285,0.0890260531428571,0.6024704287142857,0.0812243245714285,0.0575495757142857,0.3352921732857142,0.654858612,1.2931209284285714,0.010819185,1.3753374875714286,1.258731967714286,1.0407171597142857,2.4365482972857144,0.3497887825714286,1.7393395955714284,0.0264912924285714,1.1165843432857143,0.2654501698571428,0.2846238408571429,1.213970525857143,3.519667186428572,1.286350948857143
1.9595658945714285,4.151453741571428,0.7547405702857143,2.561347126857143,1.102238882,0.7900680335714286,1.4657070747142855,1.6027078810000002,0.1947669822857143,4.046049126428572,0.8672855341428571,6.295839573142857,0.7094361488571428,0.4758081032857142,1.597090016857143,1.1845988822857143,0.9213331585714286,1.897790207,1.1629782344285715,2.324213231285714,1.219515831142857,1.4567718664285714,1.23455995,4.353031274571428,3.351540974,4.297104667,0.7596870421428571,1.8916120717142857,1.7315149512857144,0.1745010344285714,2.858634263142857,4.824847940571429,1.2968290688571429
1.2313669088571426,1.749261275142857,0.4664499268571428,2.317288961285714,0.0,0.39418961,0.0504551624285714,0.6002211862857143,0.0065275525714285,2.3789170035714284,0.3198835001428571,7.067618905142857,0.095583549,0.465508635,0.6514804584285715,0.4403877388571429,0.0641646061428571,0.6598592248571429,0.0023115004285714,0.2957673644285714,0.258932338,0.1862420614285714,0.0123893482857142,1.7847764574285716,0.7700682245714285,2.6637313465714283,0.5280908541428572,0.6077651475714285,0.9875853842857142,0.0663764712857142,2.1581312628571427,4.668786443428572,0.0373251215714285
1.0524342171428571,0.5044020665714286,0.7317583085714284,0.1087296098571428,1.3556394497142856,1.2841913444285713,0.9376731792857144,1.4877710824285713,0.1024005654285714,0.6418400388571428,0.1064038855714285,4.206552321285715,0.5700388861428571,0.745373945,0.0032690062857142,0.0153691092857142,0.5030390492857143,0.1145797087142857,0.9618292712857144,0.0188017497142857,2.124023911,1.5776612405714283,0.5794834764285713,0.5952095531428572,0.0551624058571428,0.7550484415714287,0.0242070231428571,1.6787213564285717,0.0233278661428571,0.7476059308571429,0.2296922748571428,4.15418118,1.2490073262857142
0.1014903921428571,0.8438059891428571,0.0219938027142857,0.4204343752857142,0.0,0.0430458651428571,0.0020048145714285,0.0180394911428571,0.0846529508571428,0.9497457861428572,0.2616564548571428,0.6682587274285714,0.0241198202857142,0.1484186685714285,0.0586989611428571,0.0822570862857142,0.1275463927142857,0.4795159325714285,0.0192869084285714,0.3768377585714285,0.009870008,0.0,0.0972521542857142,1.081390771857143,0.2861162677142857,1.356890383857143,0.0093262092857142,0.0198106158571428,0.2168987564285714,0.0231486619999999,0.502407542857143,0.190401142,0.0
0.2157987698571428,0.8826717972857142,0.1548294725714285,1.9475249548571427,0.0,0.0063897818571428,0.0219300397142857,0.0,0.0233492504285714,0.9508677375714284,1.133799003,2.4744471225714286,0.0005551631428571,0.0610401088571428,0.6383253822857143,0.9203148478571428,0.8205175857142858,0.890519730142857,0.0210568354285714,0.0,0.0001941824285714,0.0,0.3113835825714286,0.589362015,0.0006464997142857,1.033506742714286,0.7320941430000001,0.0605498467142857,0.3442995648571428,0.0038980378571428,1.0397639152857143,1.4324349591428571,0.0
2.162108919714285,12.520395220285712,0.8528902012857144,6.898185531428571,0.3001703822857143,0.5228196698571429,0.7050531031428572,5.715968282571429,0.0040868207142857,9.598874851,1.8071723642857145,2.492806318142857,0.0373685704285714,1.0399885415714285,7.53232831057143,3.956005504714286,1.6001748402857143,7.681004146428571,0.6830179657142857,4.844170930285714,0.6425051897142857,2.7561740805714288,2.555530127714286,8.969910663142858,5.2035558260000006,12.656716691571429,2.2311435617142856,3.491904837,10.085184336142856,0.0422968391428571,7.637349366857144,2.239998656857143,0.4526204588571428
0.4334194701428571,21.53578094314286,1.598150320142857,11.399182505,1.9508981821428573,0.3568021077142856,1.5532598834285716,0.4318629411428571,0.0402624991428571,18.97975863342857,13.16313118985714,10.405417759857142,0.107262694,1.115291743,11.360816885857144,13.553682993857144,8.122899359571429,7.826560349285714,1.7795236765714286,16.17332911357143,0.1664383728571428,0.5845893488571429,3.223244401285714,19.311168651602856,16.437196434,19.914116469142854,5.883608689142856,0.525081818,18.97128577785714,0.2841848587142857,15.064531133285714,3.749717714,0.6990216888571429
6.347767334714286,1.877307172,2.8962683215714287,3.0016225614285714,12.813659375714284,3.3729101412857143,10.50192552057143,4.6938757807142855,0.1111861141428571,2.843596250857143,2.2415748302857144,10.847901409714286,2.601245985428572,3.156669446142857,1.5120981032857144,1.693811335285714,3.3669091821428574,3.714773750714286,11.10002618857143,0.0058627551428571,2.620217991857143,5.5545813711428575,6.1407800315714285,1.2138903935714287,0.1525551937142857,2.614779491857143,0.903305379,6.104031881714286,1.007424008857143,2.561838154,2.9614264667142858,8.504350171,6.936515514428572
1.032292345,0.0003142881428571,0.359923562,0.0014347692857142,1.344137464857143,0.7930379831428572,1.8301877327142857,1.9964205804285715,0.0991979372857142,0.0036397971428571,0.2197852188571428,0.2894076347142857,4.332248701999999,1.5014349212857143,0.0563003368571428,0.1281550639999999,0.3085104505714286,0.5110358132857142,1.0436234585714286,0.0,2.055725280571429,1.8271234494285715,0.8034150027142858,0.0,0.0,0.0006003167142857,0.0123413875714285,1.4188505024285714,0.00127914,2.6428451440000003,0.003893592,0.256460721,1.9716686434285715
5.710502721857144,6.156841242428571,5.002682436000001,10.822038709857145,6.7381541264285705,8.760117525857144,5.824985578428572,7.460197048571429,0.5047134987142857,7.878362878285714,9.279261388714286,5.703423585714285,1.4317145115714285,4.196572533571429,11.795338086857145,10.72906473,9.938224938142856,14.587815214714286,8.44224420442857,1.7148248842857143,1.0798192528571429,9.840344881999998,9.900096109714283,6.283988675571429,3.3477167317142857,6.941737164285715,2.468574487857143,5.250599828428571,5.897021710285714,1.4433108011428573,11.815013131428572,7.436256868571428,7.261534469428571
1.2440214902857143,0.9418068471428572,1.131377229428571,1.5169638457142856,0.7961880035714285,1.692327445,1.1570991652857143,1.8599076538571429,0.3912308578571429,2.225008229142857,2.0418637192857143,5.231320171857143,1.211158392857143,1.640112009857143,1.871601757857143,1.9952046772857144,1.228558043857143,1.9268323555714288,0.7223934134285714,0.0,1.2625136297142858,2.777231974428571,0.7287266298571428,0.5778169041428571,0.0859666108571428,2.1520166541428574,0.5740973951428572,2.563681935142857,1.3059573397142858,1.487928975142857,2.071504947142857,5.101236747857143,3.2547851395714287
7.214275650857142,16.426275058857144,7.208898869714287,9.598961194571428,3.3321391154285718,4.414159668142857,4.978730130285713,0.8730784037142857,0.7975004765714286,12.802615678142857,9.487684857,13.515288247857145,0.5114389931428571,2.4050115579999995,14.442694110857143,11.844061814,9.932493757714283,11.977492046857142,7.852580087142857,7.327046951,0.8602968698571428,1.5120137657142858,10.133479862857143,13.546757966714289,11.784190612000002,13.644591977142856,8.991900147,2.491654339857143,12.061677840857143,1.0604652135714283,14.181129325,8.93071739657143,1.2744682365714286
3.461695726428572,0.0927745468571428,1.1820505888571429,1.292606170142857,5.885235328,3.023812640142857,6.009929037142856,4.157003682857143,0.0560159705714285,0.458402735,1.1892024637142855,3.2183900515714288,2.5944203771428573,2.3959717082857144,0.8648546605714286,1.1602527814285717,0.881302593,1.8448335110000005,3.942723614142857,0.0165173677142857,1.7912554487142855,5.070276547285714,1.943264275,0.1099359965714285,0.0214754575714285,0.2080881742857143,0.3107595974285714,3.761878915857143,0.0705732581428571,1.0790893314285714,0.8289246061428572,4.037815163571429,6.616324902857143
5.357272722714286,1.461156642,3.445071953428572,1.658097862142857,13.255545485142855,9.93580386257143,7.841955029714286,7.4917189731428575,1.6818164382857144,1.0483250578571428,0.7750925372857144,11.764112170142855,1.655845832285714,6.076991883,1.5166979518571428,0.7910952032857143,1.1505759341428572,3.2453244464285715,5.948430423142857,0.1101769497142857,4.185320464428572,10.519710397714286,2.5196246527142856,0.813249385,0.3137575624285714,2.009918897142857,1.0797902108571429,5.720875112000001,0.293135913,2.500549521285714,1.346307942857143,10.68496884842857,11.588759048142858
4.693087211857143,0.7847121228571429,4.069819207428571,2.531364841,10.053169646857144,9.203215783,9.152537441285714,5.964471816857143,1.7683307002857145,2.281151195,2.6604666374285717,2.952681534428572,4.051332625142857,5.499534471142858,1.6461698035714285,1.7447209462857145,3.752781362,3.862712063714286,6.821485617142857,0.0144295905714285,3.0801600227142854,9.97766266885714,5.152317415,0.5447908231428571,0.0533805095714285,1.9641663387142856,1.4891278371428571,5.851825921857143,1.638447421142857,4.777926005285715,2.321037508142857,4.0277255667142855,11.056468081
6.192198458999999,0.5942792812857143,3.432424319,2.0957648275714287,4.135559835857143,1.8934306384285715,5.089468333714286,4.281524799857143,1.8651644512857144,1.102245535857143,3.6237583754285714,8.642475603857143,1.3487042972857142,3.448783849,3.704239038714286,3.597820848714285,6.293449606285714,6.360245767428572,4.780476598428572,1.3288239001428572,7.884575800428572,4.530338521142857,5.973160494,0.555986552,0.7078096494285715,0.3610592252857142,1.2700891142857142,6.388360322285714,1.059800012,3.539223855,2.310969063857143,9.314959631714286,5.109458301857143
12.434644939285716,4.438816238,2.175499587857143,10.392709107857144,4.127823671142857,1.0076891274285715,7.166077880285714,3.258433283714286,2.3541192362857144,6.424175046428571,0.886657044,16.856552175428572,1.3398791515714286,2.7491249814285714,4.227781217857143,1.722052888,1.4268561667142858,2.753723464714286,3.780373864142857,0.1306996704285714,2.831279613,3.430810475714285,2.061253334,4.457541202571428,1.0506331858571427,5.655541604,0.7524814794285714,9.333675558714289,1.3978866445714286,4.302720274857143,9.282814595714283,12.82892941785714,3.101744999857143
4.625485955857143,10.829912186142858,1.5372834801428572,6.650894982428571,1.224471874142857,3.3363575377142856,2.382585744,2.6056971694285718,2.4248387622857144,7.531940341285714,1.308846604714286,10.10487355,5.068815865714286,5.329205739000001,3.4553591691428567,2.0493145811428573,3.3259658328571438,5.172145739571428,2.1206513135714284,4.363952279,6.161587554714286,2.574421302142857,5.042043730857143,9.501464694714285,7.082501128142858,12.626714041285712,2.137489330142857,3.682997568571428,5.3880897522857145,7.226872109428571,5.438588725,7.453778156999999,2.081965892714286
2.6352624115714285,2.409146434857143,1.0475564855714286,1.2335518967142856,4.519284651428572,1.6011384115714289,4.296819055714286,3.960605315857143,2.7729484980000003,1.9085902030000004,0.8982021838571429,9.877140306571428,6.333037696142857,1.9519923168571427,1.5039873465714284,1.5971492069999995,0.8305153404285714,2.0425794767142857,2.898042672571429,0.3838598752857143,5.9343773592857145,3.748635990857143,2.1607322292857143,1.1020660901428572,0.0809067625714285,2.793560074857143,0.8606828852857143,3.873263832571429,0.80282151,6.051445562714286,1.1968820367142856,5.309812201714286,3.8523518624285713
6.913528748571429,11.708602509857144,5.906127355285714,10.173716034,14.00729025114286,5.155702275857143,8.648493822285714,8.31605871057143,3.220422216142857,11.492348906285711,8.594338153857143,18.354207769,3.4970079505714287,5.664319215,11.584688839714286,8.373710796285716,6.830943760857143,9.397494399142856,8.633412919142858,2.752447419,4.179178517714286,9.780653926428572,8.704762415571428,7.2373347308571425,7.739442963,12.237559704714286,3.431983714857143,5.258344794428572,9.059053547857143,4.514195187285714,10.845208059714285,9.952463452428573,6.926442498714287
3.556383565428572,5.793233407,3.9149829655714288,3.3379189932857143,14.437213360857143,5.3338304412857145,14.130806935571428,4.120979685857143,2.142774723857143,5.816876822571429,9.065968832714288,3.862770259571429,7.7831687622857135,4.361695816,5.914818323428571,8.341486384571429,6.903040646857143,5.799837753571429,8.520945677428573,3.413005652142857,3.858909176857143,8.230440733,6.696907727142857,5.036554637428571,2.041553682285714,4.386239549142857,6.460202268857143,7.120090850714285,9.812017625714288,4.621178239857144,4.821428624714286,3.0011225344285712,14.245073259142856
2.5568136148571425,5.393003758714285,1.6329108275714286,15.203370366714283,1.3433218032857144,0.9552985825714284,1.4639289344285713,0.4295113885714285,0.0978326742857142,8.436541845142857,1.3503670525714286,5.6150281131428565,1.6528862202857142,0.8945197480000001,7.036094751142857,3.2549996468571427,4.899400277,4.951259424,1.3996893495714284,1.6291026367142858,2.953455586,0.1254283881428571,5.661594921571428,3.0943788384285718,2.832205767142857,5.540036738714286,3.577167541142857,2.908615355,10.924063667285711,1.0754442904285717,9.991785195714286,11.803333856714286,0.1076978134285714
0.0371956902857142,0.4829897047142856,5.692114079428571,0.0094130551428571,0.0379363535714285,1.0646754055714285,0.0461696205714285,0.0146072991428571,5.965649961714286,0.1082322382857142,0.801866186,0.0996939257142857,0.7937474504285714,4.0838850057142855,0.6874965397142858,0.895482099142857,0.1061882632857142,0.399352123,0.1024750384285714,4.884618441285714,0.2949908337142857,0.0206380564285714,0.1071153821428571,0.6967071951428572,3.732764106285714,0.1099251661428571,1.166580013714286,0.0518515998571428,0.0229184508571428,1.6777412184285716,0.0434962152857142,0.0417249862857142,0.0273718691428571
11.988927316571427,6.108968971714285,8.81193262,3.078939444714286,5.707711681857143,4.029780585857143,4.183303399428572,4.960634062142858,2.977596883714285,4.7676700375714285,9.870777910857145,4.580349583857143,4.100478640142858,5.465208716714286,10.699058937714284,10.267875406714284,5.392428580571429,9.270351949285711,6.956386894142857,7.239535221714285,7.479355154571428,3.939177004714286,6.096534062142857,5.187540949428572,5.144247617714286,4.913503491285715,9.651305425285717,4.986592113571429,12.169820544,5.028899955714286,8.658337539571429,5.375467293428572,2.0183601034285714
3.626323310714286,5.195524082428571,2.246503463428571,0.3417845661428571,1.012028265,2.0797422087142854,4.990836052571429,4.258756154714286,0.7935208432857143,2.785270945,8.262933668714286,0.8700289482857144,3.1706755545714285,1.5051057814285715,6.358838138142857,6.853477010571429,5.6652803747142855,6.532250389571429,3.816600172142857,8.728635642285713,4.574334843428572,3.7517093892857134,5.381768322428571,3.377107470142857,4.760529918285714,2.9910701964285717,2.7606958681428573,4.587032369714286,8.028304271714287,2.266952949857143,1.8271980381428568,2.084363009857143,2.491049467714286
1.585580281,1.1068352421428571,1.6547036175714285,0.2154109467142857,1.508197912142857,4.826602999857143,2.2470656044285717,8.256728134142858,2.498032541142857,0.4479843611428571,0.3842410271428571,1.4217317865714283,4.852003054857143,3.751597807857143,0.1788609447142857,0.3077426351428571,0.1848389744285714,0.0607524689999999,0.5844422015714285,0.3839638894285714,8.658783358285715,3.642587522857143,0.0287383924285714,1.3528416217142856,0.5823873867142858,2.584349679285715,0.50090084,2.2855760165714285,0.1029314638571428,4.099038028,0.9764401681428572,1.316892786,3.607343672714285
1.226543013714286,0.0047529661428571,0.8657958275714286,0.0073051338571428,0.0755075057142857,2.0644831601428573,0.5842567814285714,0.5116984917142857,1.6638051615714284,0.0438142167142857,0.1392121532857143,1.0971935234285717,1.7680574474285715,1.1596837981428574,0.0637261118571428,0.0443112981428571,0.1335889228571428,0.0293234227142857,0.2133401705714285,0.0007819977142857,2.5331214427142856,0.6873565772857143,0.0151949621428571,0.0920495767142857,0.0268359715714285,0.0062394514285714,0.4067704571428571,0.7054943532857143,0.0262237251428571,0.9164924304285714,0.0403915184285714,0.4208184757142857,0.9168578552857144
0.085187823,1.6165098325714289,0.83474658,0.0240916627142857,0.0442949095714285,0.2025198505714285,0.0445900558571428,0.5369893632857142,2.2934191281428573,1.2497949682857143,2.1190206155714284,0.1771563225714285,1.1361320217142856,2.651301052285714,0.338695985,1.9809716512857145,2.355371622142857,0.7308422375714285,0.0789311682857142,1.7564530485714287,2.574319523285714,0.050124168,0.0327306822857142,1.1847389594285715,0.7443111142857143,0.4976197674285714,1.1420067442857142,0.1306776932857143,0.6445414395714285,2.0889777371428573,0.740592512,0.150112278,0.0424604138571428
0.3868131724285714,1.214428633,2.8963881134285714,1.3040607742857142,0.0875770444285714,1.663287353,0.0695464981428571,1.2080989017142856,1.8654121927142857,1.1576232074285715,0.2120027928571428,0.2354939525714285,1.0544479277142855,2.179964807857143,0.190682998,0.0560222488571428,0.012960414,0.0371554788571428,0.0398105941428571,0.365577468,4.087870065428572,0.3619773209999999,0.0237215145714285,1.575690657285714,0.3861872528571428,0.8349649837142857,2.6200870178571427,0.1671829055714286,0.054640473,1.4673348379999998,0.9126978621428572,0.4653718065714285,0.0304673698571428
0.9725791905714284,2.5422003694285715,10.202875395571429,0.9887574532857144,2.8338160617142854,4.746802316857143,0.9435033552857144,1.7357175525714286,5.581694674428571,1.8523140892857144,2.9759544822857142,1.351018305,5.286406398142858,7.217777058285714,5.033307256857143,8.21631557,9.492573782714286,4.263081163714285,5.688505711142858,2.991721834142857,2.1772997430000003,1.4015992518571427,5.929576451142857,2.7759345668571425,3.051513954428572,0.9132725315714286,7.074904534428571,0.5462441958571429,1.767140225,7.566933703571428,0.9726670978571428,0.6424617205714285,0.8872401487142857
0.5578208238571428,0.1069857822857142,1.1762285064285716,0.0,4.067600714714286,2.2231485518571428,2.8267143601428573,2.322956439142857,1.2612760265714285,0.0020749902857142,0.4263034965714286,0.2406531657142857,5.891517233571428,3.2388846114285714,0.0316011201428571,0.1424595998571428,0.1327011437142857,0.1198613238571428,1.65698053,0.2808161625714285,2.0019841908571427,3.806302798857143,0.8022193351428573,1.1645616404285717,0.1906151321428571,0.0016714467142857,0.2740762804285714,1.5408462408571428,0.0101554842857142,4.981386636571429,0.000765481,0.0837484492857142,4.233533597285714
2.441488062142857,0.5785445128571428,2.444635279571429,0.0,0.6376382865714286,3.636507538714285,0.3403554884285714,6.170049308000001,1.717797536857143,0.0643322707142857,3.151773496,0.0264560944285714,2.828725328714285,2.738763513142857,1.3672047187142855,5.278524559428571,0.7122538385714285,2.329367315857143,0.4644596944285714,2.791503368285714,8.589054964428572,1.8361499718571428,0.1266227265714285,2.605236792,3.335218545,0.0566469285714285,0.8144727441428571,2.662346034428572,0.013029325,2.9032772595714285,0.0067167228571428,0.1742340538571428,0.2313452324285714
3.927923375857143,0.0004457588571428,8.008868006285715,0.5348594794285715,7.863323531285714,6.404802190571429,7.117563439285715,6.845394480285714,3.3301036812857143,0.0122510841428571,2.520645888428572,0.047376046,3.3087497195714284,6.088297782571429,0.7451370272857144,1.843495883,8.014287047714285,4.829742365,8.317302794714285,0.0143199005714285,4.022656531,10.27581139757143,8.185558579714286,0.0043303894285714,0.0059264545714285,0.0023883208571428,4.929715304,7.301190964857143,0.0148689538571428,5.211232319285714,0.1551128782857143,0.6990346208571427,9.269209518142857
0.9557897602857144,0.0092838495714285,2.7619222294285715,0.0130786857142857,4.1680497857142855,3.295860230857143,4.109834968,4.174438701000001,1.7930736654285713,0.0121250628571428,1.411783735142857,0.0094076575714285,2.9049478651428573,4.041706485428572,0.2913179408571428,0.8403098382857143,2.8088050485714287,1.3294025244285714,4.7434706460000005,0.1010657414285714,2.553431609714285,5.623766347,4.369229936428572,0.0344254095714285,0.1986305948571428,0.0005650358571428,1.0161150964285717,2.5282279132857144,0.0076908585714285,4.785202699714286,0.02902929,0.0739763871428571,5.921705142428571
1.2991091391428573,2.6482197574285715,9.271241353285715,1.253942513428571,1.9197464907142856,2.5579533131428573,1.866847655,1.2454866647142857,1.7541888408571429,1.6470467492857144,8.462529725285714,0.6314569815714286,1.1817419992857143,2.577666729571429,4.384371043,7.0173969305714285,12.595811928285714,4.426903809714286,4.6412299604285705,11.951542711142856,0.7679342499999999,1.7853070555714283,7.351875279142857,4.781283141142858,9.119230584714286,1.4736473571428572,17.195785476,1.3932538238571428,4.833309182285714,2.314772988,1.806788140142857,0.5213483312857143,1.2450020668571429
1.2894020992857145,2.1019464227142857,0.5027905192857143,2.218951321714286,1.6510317135714287,1.3985820059999998,1.651542044,2.527257832714286,2.646513304142857,2.4193619714285712,0.8132270791428571,0.3582927335714285,1.7758139997142857,3.259088507428572,1.0596357897142856,0.8833318527142857,0.4513897511428572,0.9782120675714286,1.0078087705714285,0.4052324418571428,1.7536383622857143,2.4087834714285714,0.5498298001428571,1.9555373197142851,0.8433526921428571,2.063411774428572,0.3871208647142857,2.4766928311428567,2.0725887637142857,3.273550827571429,2.127053166285714,0.6614040011428571,2.160079999857143
0.3727778071428571,0.0002340911428571,0.1665582837142857,0.0820757487142857,0.0,0.0221987308571428,0.0051962982857142,0.0007947087142857,0.5275839574285713,0.0047383744285714,0.187018414,0.0027283505714285,0.356772096,0.8250876395714286,0.0003371474285714,0.0324218935714285,0.003096987,0.036979344,0.0048287665714285,0.0,0.0469821671428571,0.0,0.000443748,0.0004944737142857,0.0,0.0,0.0015530612857142,0.004129231,0.0020224257142857,0.699532419857143,0.04181947,0.152502761,0.0
2.7990202592857143,0.8417446638571429,1.1888069174285714,0.6593363928571429,0.485693124,0.7365415808571428,0.8179881059999998,0.499868727,0.8025981654285713,0.5399774077142857,2.527005571714285,0.2418870131428571,1.5959444934285716,1.746724682857143,1.2504756634285716,1.8634732242857144,1.8412147027142856,1.4223450074285715,0.7499108378571429,1.6898277424285717,0.9563982335714286,0.3211158507142856,1.1066392072857143,0.9878697562857144,1.8908923824285715,0.5705166094285714,1.759556598,1.3079013428571429,0.5241034481428571,1.1617461852857145,0.5262439705714286,1.445970294142857,0.0604529528571428
0.6035142691428571,0.0011135202857142,0.4785777009999999,0.139499118,0.1533643815714285,0.737160834,0.2416545781428571,1.0428829451428572,0.0285725237142857,0.0043921402857142,0.1090070111428571,1.0212166715714286,0.0182931482857142,0.6971563151428573,0.2666713534285714,0.2270745675714285,0.2953724572857142,0.3370129469999999,0.2275279927142857,0.0027931735714285,0.4913838841428571,0.7595202434285715,0.0522149738571428,0.0059432795714285,0.0110683552857142,0.0,0.1317659771428571,0.3043909875714286,0.0099528487142857,0.1299879381428571,0.0471663471428571,0.4276125925714286,0.373241104
0.0435462281428571,0.0042716794285714,1.0522833632857145,0.0059277388571428,0.0987706411428571,0.3789091607142857,0.0379194771428571,0.6433010504285714,0.0294862231428571,0.0416913307142857,0.8541512537142858,0.4780026988571428,0.0292003775714285,0.1824824981428571,0.0347939622857142,0.2774931438571428,0.962565677,0.3188440801428571,0.5428551354285714,0.0,0.2734556501428571,0.2246632462857143,0.9760248097142856,0.0254687472857142,0.0011604405714285,0.001225772,0.619606761,0.0225677737142857,0.2134327791428571,0.2667372594285714,0.152259234,0.0788691708571428,0.230194198
0.4246341312857143,1.0986477115714286,0.7626177622857142,1.1394657742857144,0.2014342138571428,0.0818952478571428,0.1874141297142857,0.0701092332857142,0.1075399165714285,1.6729391921428571,4.291149979857143,5.028673778142858,0.000671952,0.4496813094285714,1.068253518857143,3.194402403857143,2.430474397,1.99751573,0.6904372652857143,2.7065775655714286,0.0061021168571428,0.1442492508571428,1.533860266285714,1.8184187267142855,2.3089842880000004,1.6749958062857144,1.686501417,0.1709656491428571,1.1150812374285717,0.0773014328571428,1.379726651142857,2.9346337925714283,0.0
1.0232755791428572,2.843665683285714,0.1939525397142857,1.984813479428572,0.1385871154285714,0.0003496411428571,0.1360873161428571,0.0306037274285714,0.0580818385714285,1.925701695,1.571592701,4.730697430571429,0.000598681,0.0432201291428571,1.9045211127142856,1.8404168927142857,1.378427227857143,1.9219402058571429,0.1465759632857143,4.778260469285715,0.0040101898571428,0.0629837227142857,0.5970798651428572,3.122141356,4.406377173714286,2.576618295571429,1.2793650078571428,0.2904600454285714,1.8560112062857144,0.0021740912857142,2.0319061717142857,2.2162156215714286,0.0
0.7476808711428572,8.162383174428571,0.5687377624285714,3.995511534571429,2.486588381428572,0.2881086411428571,1.0305491921428571,0.839596289,0.0006731245714285,8.164847254714285,1.6847464405714283,12.898979782857143,6.212614285714287e-05,0.0443957375714285,1.165762389857143,1.887803619,0.9916314858571428,1.677835771142857,0.7133049411428571,2.5416988784285715,0.0388427679999999,1.3495330608571428,0.0622499874285714,7.194382166857143,4.158596934857143,7.379488444285714,0.8315741608571429,1.069785484,3.898527597571428,0.0017188857142857,5.473713420714286,4.415762651142857,1.2052756017142858
0.2613508025714285,1.5991285238571429,0.045998305,0.066005506,0.2258351,0.0492501592857142,0.209828867,0.4994812088571428,0.0,0.7733739195714285,0.0445508598571428,2.7008206364285714,0.0,0.0157529784285714,0.0003656382857142,0.0057537038571428,0.0809649477142857,0.0262730411428571,0.1876778925714285,0.5382619492857142,0.0266058231428571,0.3639999184285714,0.5087366978571428,2.089888374,1.0340817277142855,0.900917462,0.0203440215714285,0.2742152522857143,0.3897916975714285,0.0,0.274484148,0.640531678,0.0701639491428571
0.1352072824285714,0.567012752,0.0188681277142857,0.0,0.0129389357142857,0.1802856202857143,0.0648538968571428,1.845571028,0.00076152,0.0320063781428571,0.05795271,0.1375742752857142,7.790085714285714e-05,0.1186482192857142,0.0,0.009359445,0.0100189002857142,0.0963329738571428,0.0196731755714285,0.3089089165714285,0.1594375201428571,1.3473936208571426,0.0635810252857142,0.9158413835714284,0.3182955457142857,0.1522574242857142,0.0051356124285714,0.482206046,0.0009339659999999,0.0015219101428571,0.0,0.0115114401428571,0.4680160931428571
0.0972314551428571,0.0765771037142857,0.0193549032857142,0.0,0.5995350632857143,0.1383986535714285,0.6626985071428572,0.9908698128571428,0.0,0.0009661102857142,0.0478565434285714,0.0260034851428571,0.0334156391428571,0.0892994585714285,0.0,0.0050130288571428,0.0051380259999999,0.0179195385714285,0.5122638185714286,0.0,0.1012142678571428,1.025469055,0.2139151841428571,0.0888638194285714,0.0004119024285714,0.006863513,0.0,0.5695507541428572,0.0,0.0335558082857142,0.0,0.0069463374285714,0.945016181
1.553596032,0.0903809815714285,0.5749583434285714,0.4998393365714286,2.9390466770000003,0.5185839115714285,2.406933293857143,0.5944988265714286,0.0878495767142857,0.2650044528571428,0.7353675558571429,0.7917851595714286,0.35388703,0.3415426542857142,0.1710393235714285,0.5402509972857142,0.9162734761428571,0.9230900071428572,2.206001734,0.0,0.7925423821428571,1.1635533910000002,1.5126609488571428,0.1880861755714285,0.0002039874285714,0.1605625337142857,0.3460229888571428,1.7158537561428573,0.0119542658571428,0.2256149882857143,0.3642902877142857,1.5287406917142856,2.1537849440000003
0.8810635432857143,0.126614393,0.0695736511428571,0.1476660762857142,0.6131397664285715,0.1826335297142857,0.8822615131428571,0.8953225035714285,0.0533454775714285,0.1766612231428571,0.1525762244285714,0.059112428,0.0238586542857142,0.0946854621428571,0.0698618545714285,0.1146023687142857,0.1835804391428571,0.4475264747142857,0.7208979402857143,0.0,0.3905997768571428,0.9864869915714286,0.8605695484285715,0.126510269,9.188271428571427e-05,0.186495319,0.0261127559999999,0.9589430268571428,0.0085877467142857,0.0382335612857142,0.1527941657142857,0.2951301122857143,0.9791124285714288
0.012516745,1.6531702375714286,0.0371120398571428,0.3976171698571428,0.0,0.0006386291428571,0.0042330881428571,0.0028319397142857,0.0,0.7689214124285714,0.3495917282857143,4.243261476285714,0.0002498844285714,0.0011810761428571,0.799345983,0.3405411474285714,0.291796432,0.4013212672857142,0.0006867547142857,0.435565732,0.0050061725714285,0.0002105037142857,0.0191156854285714,2.473096615142857,0.3517102671428571,1.2707315674285715,0.4908084632857142,0.0003859717142857,0.761476941,4.557414285714285e-05,0.5440737717142857,0.7364437184285714,0.0
0.8671727579999999,2.3130301462857146,0.3215989171428571,0.896922129,1.0749237391428572,0.0525434298571428,1.242435394,0.2534269615714286,0.0413300394285714,2.3016940237142856,0.8674811251428572,2.358795478428572,8.323842857142858e-05,0.1538771124285714,0.4793917159999999,0.413961222,1.3617677451428574,1.065283419,1.7377817904285713,3.225320796857143,0.0177106012857142,0.3834942962857143,2.728297876285714,2.363056612714286,2.682121683,1.881463233,0.4620746164285714,0.6389874214285715,1.7990955818571428,0.0603758228571428,1.5068154241428573,1.1402311994285714,0.3906926472857143
0.2456058975714285,1.0389808175714286,0.0089849182857142,0.1172584242857142,0.0334428565714285,0.000850169,0.1925776782857143,0.0911375117142857,0.038275868,0.761568807,0.0239975842857142,0.5755302732857143,0.0,0.071012474,0.0152883664285714,0.0144407398571428,0.0062978985714285,0.0127104555714285,0.0959182091428571,0.8971771382857143,0.0134278535714285,0.0504425027142857,0.032171895,1.242410288,0.9517055518571428,1.0723585018571429,0.0084908208571428,0.1759304534285714,0.1269798031428571,0.0168495204285714,0.2702137935714285,0.2753446442857143,0.0
0.1213895168571428,0.1513778509999999,0.0047840945714285,0.1183223538571428,0.003254335,0.0002489647142857,0.0345459747142857,0.0,0.0098235978571428,0.1562486062857143,0.0161742768571428,0.721239823,0.0022445072857142,0.0180199162857142,0.0077738264285714,0.0203788145714285,0.0002868934285714,0.010777973,0.0018765287142857,0.0,0.004042772,0.0,0.0,0.1475193867142857,0.0004755258571428,0.2301358482857143,0.037420522,0.0888829777142857,0.0029507698571428,0.0182371952857142,0.0985674462857143,0.5776429242857144,0.0
1.4166470315714286,2.0538994415714287,0.4446123055714285,5.814223350571429,0.34329067,0.3027599778571428,0.4258479897142856,0.3299226422857143,0.0467415015714285,3.424930209,0.7134836215714285,11.523819809285714,0.0479222148571428,0.2801313452857142,1.3762772384285713,0.8397368602857143,0.5247139655714286,1.4475909071428572,0.2476787875714285,3.037515461285714,0.0218694067142857,0.2401736584285714,0.4406242845714286,2.231415453428572,2.435528249857143,3.344683126,0.7400640527142858,0.5605542135714287,1.4643679397142857,0.0922163967142857,4.183499010285714,7.565119537,0.1725043415714285
0.4335758137142857,7.277543772142857,0.5673579725714285,1.944752866142857,1.3431414865714284,0.1768130622857142,1.6346003284285715,0.964038381,0.0702001511428571,5.403570036285714,0.3447056298571428,3.42891971,0.038408461,0.2540548131428571,1.0087620242857145,0.509679886,0.677446551,0.7437185747142857,1.9371778537142856,4.835598388999999,0.053480749,0.7146303955714286,1.6637434977142858,6.588773048999999,5.0729390237142855,6.890595697571428,1.2251384827142855,1.152033921714286,2.6855992935714283,0.0603131058571428,2.909356310714286,1.0078179361428572,0.6965286251428572
1.6243196341428572,0.7352057891428572,0.7161916327142858,1.2792088857142858,0.9939950201428572,0.9914733457142856,1.2788273997142858,1.2442604354285716,0.0983472297142857,0.6664698682857144,1.5142143095714289,0.0624440728571428,0.6031011368571428,0.7303291451428572,1.0976865192857144,1.3659871372857142,1.4758724877142857,1.881948304857143,1.2390839141428571,0.8213166461428572,0.0921782514285714,1.622050629,1.4435269171428573,0.8722074152857143,0.8612999084285714,0.4986035591428571,0.7986071655714285,0.9295397824285712,0.7690001224285714,0.5248744697142856,1.1368480645714285,0.731606568,1.4931475162857144
0.962175568,0.0853578511428571,0.1683745172857143,0.008336351,0.3673932619999999,0.3178124307142857,0.8225986487142858,0.3503309251428571,0.1139414342857142,0.0254674021428571,0.2834411161428571,0.1087553054285714,0.1224356004285714,0.4895725965714286,0.0453072804285714,0.135708433,0.3638098827142857,0.2768393872857143,0.6775031157142857,0.0,0.240954995,0.5332692657142857,1.0282733212857142,0.0829980694285714,0.0003856052857142,0.0176962164285714,0.0898030841428571,0.5261071362857143,0.0082203712857142,0.3891694402857143,0.0094873177142857,0.833459986,0.5964249977142858
1.557139734857143,0.2630957947142857,0.7993377157142857,0.4539816162857142,0.5557877168571428,0.5185717911428571,1.017105723142857,0.938316322,0.2668591215714285,0.5326425371428571,1.9455462922857143,0.2205552172857142,0.0957412751428571,1.1556844270000002,0.4734706138571428,1.1622271274285716,2.444369227428571,2.946824661142857,1.5389543885714283,0.0,0.3221735957142857,0.9546889512857144,2.2760952097142857,0.0852530134285714,0.0031191615714285,0.4652139414285714,0.0311183801428571,0.7740525094285714,0.0717717237142857,0.567476102,0.446792849,1.0231480727142857,0.7756296874285714
3.4843781327142858,3.847748373571428,1.8210122868571428,4.545481270714285,1.9779522897142856,0.6778546985714288,2.967340903142857,3.3378627352857144,0.2448214691428571,5.090037160857142,4.195368205,3.053791642428571,0.3829336811428571,1.733415927,1.640594039,2.915856868285714,2.306319985714285,2.310077274,2.6528937864285718,1.9186589095714288,0.8778172107142858,2.504237319428572,2.286559815285714,3.331695213142857,2.5509570614285715,3.644668843142857,2.7435393772857144,2.9812767918571423,3.6004836735714285,0.5596518348571429,4.114378268428571,2.753167442285714,2.477610380428572
0.9953762355714284,6.334638926000001,2.997009632857143,9.669883816142857,1.3231689247142857,1.652829414,0.7068909107142857,0.2512528752857142,0.8514237952857143,5.889872172714285,2.916782947857143,14.851085784571428,0.2282634768571428,1.3992119642857144,3.203649233857143,2.851563206571428,2.0657899715714287,3.601766278142857,1.5184838769999998,3.468810857428572,0.0321103655714285,0.7467080622857143,1.6986293904285714,6.293044693571429,4.597113165428572,7.437619390428572,2.0622315322857143,0.4798442244285714,1.970656581,0.4335460011428571,6.672177916714285,8.463678577714287,0.7800361134285715
1.1949048272857143,0.0842769545714285,0.5475737551428571,0.0990671677142857,2.0431563495714284,0.984000508857143,2.4591722475714284,1.927319373428572,0.4004429314285714,0.135663065,0.9018618028571428,6.312524508428571,0.295427503,2.0228243444285714,0.1990542558571428,0.5826416472857143,0.3224888561428571,0.2236919152857142,1.3391406322857142,0.0002465387142857,0.5950192535714286,1.8447959345714284,0.4197986761428571,0.2464330374285714,0.0903773169999999,0.0816799661428571,0.2306986041428571,2.0946622128571426,0.1784873355714285,0.8686374508571427,0.1388136174285714,3.7331344435714287,1.6106592459999998
2.1049346444285715,13.144820700428571,2.6871751942857145,8.659050781285714,1.1184162564285711,1.1714093162857142,1.7218712902857145,1.424280989,0.6865767977142857,15.782713973714284,6.224957437714286,11.378553079714283,0.3736382014285714,1.0411766842857144,6.036912933428572,5.477377156428572,4.661313985142856,6.4425234371428575,1.8100653412857144,4.190928332571429,0.1306404235714285,1.1003747801428572,2.3672431002857146,6.560222093999999,4.6090574307142855,12.810976785714288,4.849907509142858,1.2072408085714288,15.571428753142856,0.2897810718571428,11.923106281285714,7.858606649428572,0.5457939102857143
1.991246419,2.2504366954285717,0.8709620687142857,4.214115205,0.459401966,0.5066056401428571,1.51285759,1.1275850844285715,0.0291964712857142,3.776442825571429,1.4744701175714283,5.500456439142858,0.084268632,0.5402732907142856,0.788722148,1.0846125418571428,1.148595852857143,1.6497695235714287,0.9986704294285714,0.0459084902857142,0.1764607811428571,1.201204247857143,1.1807294111428572,0.9495181547142858,0.0629959408571428,5.25007903,0.5061247562857142,1.9736035744285716,2.357334169857143,0.1758266105714286,3.822883967428572,2.811562895,1.264666881714286
4.334727803142857,0.1800162487142857,4.089907883857142,4.149326568714286,9.761628208428572,4.407582048142857,6.134520067,2.598571514428571,0.1062609728571428,0.8189354404285715,1.7257720995714283,8.475899423142858,0.2023504612857143,2.5817267652857145,2.347607040428572,2.2536837891428574,1.0129433155714285,1.8044864262857143,4.417052114857142,0.0898190694285714,1.2078049061428573,2.9415783358571432,2.5588635034285714,0.2326087491428571,0.1693400842857142,0.5231142977142857,2.2780848330000003,3.891529374142857,1.1309673299999998,0.4899118458571428,3.261664172,6.2736793735714285,2.850661567142857
3.053288843428571,7.549708924714286,3.380375477428572,4.1139021165714285,4.447149118714285,1.7410956018571428,3.2157601551428567,0.9899993951428572,0.6084782292857144,9.984783210285714,8.117477844714285,6.355740088714286,0.3610952675714285,2.1210740044285714,6.4255255742857145,7.988221734714287,5.931057158857144,6.890133660571428,5.379321028428572,1.4119832425714285,0.2615325327142857,1.7445997257142858,4.375515141714286,5.110364265714286,2.002694000428572,11.776804857,4.486933789857143,1.9458501028571429,8.883474586142857,0.8633869141428571,6.514141118714286,6.060470315285714,2.507682540142857
3.138376888428571,6.519295450857143,1.2297555145714285,2.301187645142857,0.1805088674285714,0.9114661728571428,1.7068030168571429,1.199834052,1.2022279,5.211878438714286,8.020686550571428,6.152774648857142,0.6693736582857143,2.2407463628571427,2.730140673857143,5.822599473285714,5.344338559571429,3.795064272142857,1.337949633142857,13.837692556714286,0.4165681307142857,1.119106038142857,3.3583982955714284,4.766094651571429,7.935091605285714,4.847576157714286,3.962855680142857,1.309120570714286,8.255083940285713,1.2602465312857145,3.149164020428572,3.463920081714286,1.0562243862857144
5.547117502714286,3.099865514,3.2698049874285715,4.251577708428571,3.8266592962857136,4.050827543285714,5.444901340857143,2.9348086865714285,1.1863868702857143,3.288620786,4.834877995857142,8.782692051714285,0.2126026385714285,3.722363134428572,3.187770141857143,4.186500157714286,4.5756917875714285,5.474214051714285,4.299073600857144,0.1289464151428571,0.3190249738571428,3.586211289857143,4.978361877285714,2.1693492032857145,0.2810011164285714,3.031802030142857,3.777338044,5.058449609571428,1.592740981,0.9728893787142856,4.235938730857143,8.596550912571429,4.1302947855714285
2.1920355612857145,5.155851455428571,0.3768350278571429,3.1192757735714287,1.924612479,1.3150886471428571,1.7861171852857145,2.9084042200000004,0.6206082634285714,6.001819303428571,3.166444089142857,4.0088135195714285,2.2874750364285714,1.5515490051428569,1.5006118687142858,2.1248399455714284,1.2420532931428574,3.026105050142857,1.9195989574285717,0.0486035011428571,2.537856822428572,2.570737379,3.206129025142857,4.676895994428572,0.5629651502857144,4.971000551428571,0.3924996408571428,2.043479729,3.7159012242857146,1.4865397422857145,4.7885873825714285,2.7951868670000004,1.7976979512857143
6.684416783714285,10.78016103057143,2.2032308695714287,7.906081342285715,3.074614662,1.620280909,4.688955173285714,1.7433380314285714,1.8845095965714285,7.147414726142857,9.499680489857145,9.55473697,0.4464155604285714,2.7037496798571428,8.026729765142857,7.84671913242857,7.279961862714286,9.439259254285714,6.479628156714286,0.7014696102857142,0.901520609,1.520845530714286,5.214164596000001,7.216719753142857,1.864822529571429,4.710712173714286,7.083451082571429,2.5827189352857145,11.376532604142856,1.1855411274285714,7.9553938134285715,7.536734713571429,1.0701981217142855
3.087540048857143,12.259706339142856,6.812578610142857,0.0819885332857142,5.326706212285714,1.7979032854285713,4.168324571285715,9.918803125714286,1.3256105334285715,2.091986090142857,5.170290336857143,0.8336116854285714,0.0300315147142857,1.1543243311428573,1.1166499607142857,3.129003831428572,8.446101096285714,4.256726933,4.275474385142857,3.062154568285714,0.9881802585714288,5.260369656428571,4.322540700428571,5.817966652142857,1.9910899447142856,1.6707435084285716,6.031165891571429,5.039643966857143,3.997811717,0.164987929,0.1899890915714285,1.11706172,4.670041628857143
7.644677687714285,1.2059887888571428,3.682663638571429,0.1592912984285714,4.524581159857143,0.5440274801428572,4.762142857142857,2.544873047857142,2.7685089897142854,0.7785090822857142,10.056722505857142,8.437733617571428,1.6022012268571426,1.983613342142857,6.168980378142857,8.345825954571428,9.59387312557143,6.025693959142857,5.9427223485714284,6.205620555,3.395731348142857,2.2289316925714284,6.673571808714286,2.816222122714286,6.244350585857142,0.8540077482857144,6.059585974571428,4.389473431714285,3.183279440857143,2.335357140142857,1.3253442322857143,4.757267765142857,2.5147473335714285
3.6222379562857134,1.6049416615714287,1.1474915582857144,4.356036186142857,1.3958478387142856,1.702811982857143,1.7666473427142857,2.976358812285714,3.3537197372857146,1.921316200428571,8.853518447714285,1.4399595632857145,8.795311743142857,1.8855408822857145,9.422854658714286,9.525834168428572,3.250498388285714,8.794358105857143,2.049720276428572,0.4364069922857143,3.872899494714285,3.4637222902857148,3.1475754735714285,1.0212149542857143,1.238813760714286,0.5917478188571428,3.202414747428572,4.004107442428571,1.1583615825714286,5.857594415571429,3.5341214057142856,3.1183400275714286,3.611180867428572
10.61068247,11.2700597,2.5883367447142858,15.693650727571429,10.429138674714284,1.5186746144285712,5.888928294,2.754278180285714,2.6807176264285717,14.81999412242857,13.797699693857142,16.061249353857143,3.692482650571428,3.351475537857143,10.140606902428573,11.283770376571429,11.890108570571428,13.780440298857142,12.139033906285714,11.072338909714286,8.799557727857144,2.7514822114285717,13.010980728714284,10.721570606142858,20.487717297,9.945435950857142,7.846310509571428,4.702168586142856,17.102345154857144,6.589236248571429,13.968006162857142,12.904473590714286,3.249780494142857
3.128753997857143,12.845764103714286,4.531913929,8.877434801714285,4.882001996,2.9533953021428574,3.549795585857143,0.7824079637142857,3.874198640714286,12.718797097142856,7.29477768,9.744537707857145,1.4982735165714285,4.095835629857143,2.017986006,3.8354051842857135,9.245242428,3.3398938785714285,4.856174755428572,8.481434506285714,1.0020338817142858,1.8968333001428568,6.604034420571429,12.263753879428572,7.58835772,7.458301222142857,3.174957412,3.2665127647142853,4.444524050571429,2.603943314142857,12.735081665857145,6.151265817142857,2.3772328758571426
6.187222528857142,4.533523779714286,8.174722233428572,1.224161829,13.251311913857142,2.665474921428572,9.52495237,4.699138923714286,4.363000118428571,3.033426454142857,15.734083451714286,1.7373764777142855,2.708302458142857,5.977452536428571,5.614869935142857,12.204808967285713,11.613735231857143,8.006231360714287,11.78407742,30.85335661857143,2.3209464457142857,4.400586478285714,11.415399055857142,6.544118603428571,17.147760573714287,3.5651435890000003,10.582351566714284,8.799887765,6.220350107142857,5.735622603571429,1.2444150414285713,1.8697927654285715,7.283192816857143
8.628739218571429,9.069457800857142,5.010341126285715,4.587753719428571,10.222105781,10.169238652142855,5.327273288571428,9.271497159,4.482738618571429,10.798214402142856,4.894441772142857,0.9470919152857143,5.647638295571428,8.998898072142856,5.626214694428571,5.915920353142858,8.242671104142856,9.531148849,8.001287473857143,5.180547380571428,5.336409328,5.695446374142857,10.949598669142858,3.3135512835714285,2.981716103857143,14.255923444285711,3.717886357428571,8.210188855714286,5.300168499428572,5.917992765285715,8.202953267714287,1.9597270724285716,4.497367975571429
7.057746628714286,13.383438642,1.6649853882857144,1.1809195295714283,13.741067797,1.6812464051428573,6.393428277571429,2.281310412,0.939690197,7.874981918142857,2.385749068285714,7.526086873714285,4.746333486571428,1.2115777574285715,3.188677288,2.0808737512857145,2.734789470428572,3.356248712142857,7.602843470285714,17.692805753714286,3.3079326110000005,3.790684824142857,7.205708566285714,13.332044091857142,18.832816758285716,13.048160913714286,2.3057698515714287,5.997562413142857,8.207187467,2.027822277857143,2.9558938915714283,4.892427410714285,7.576225385571428
7.835497920285714,6.363997896142857,10.144857952142855,9.924921966285714,19.997322313,15.763197037142858,13.815854051857144,15.177474624428571,3.66993279,8.291245149,4.466567317857143,6.661104489285714,4.019687390428572,6.945791662142857,6.036566420000001,14.813674762142856,3.021340432428571,9.835263203714286,7.632999055857143,6.831532046428571,7.151756626714287,23.84431022642857,4.223342070571428,3.893778864142857,3.957194118142857,7.727841990857144,4.572411419857143,13.45764446542857,3.626168191571428,5.997379249714285,10.855626500142858,5.922801853,17.41678860871429
8.596358975142858,9.958771838142855,2.7011454817142857,6.156336990714286,4.606089028857142,4.14065958,6.4977193704285705,7.465844013428572,3.79064594,5.102056363142857,2.566532282428572,6.076807369142856,5.840143167285715,2.5389797025714285,6.653580092571429,5.128678925,4.136472594,4.8959449265714285,3.3041323604285715,1.591476396142857,8.766140882428571,4.895684666,2.467080212714286,3.371155264714286,1.7550892055714284,5.633743576142857,2.718469254857143,6.046461830857142,4.895603459857143,4.516939568428572,7.167417670857143,4.706731282285714,2.14928703
4.110847197142857,2.901933906,3.989947534142857,0.7200416881428572,2.0577534967142856,5.375169734142857,4.819934780142857,4.532837404142858,3.600299152857143,2.2259915112857143,5.9300301061428575,4.5461591061428575,6.134182779428572,6.715591559142857,1.3263635998571428,5.805250468857143,5.689460633714285,2.565492215857143,4.488877056571428,1.0842203137142856,7.586602839,5.956743544857143,3.4651389230000005,0.8232281525714286,0.3187079081428571,3.959132789428572,4.540026764428572,3.4006534347142856,0.6440401408571429,5.253223225714286,0.9090461927142856,3.155833451142857,4.906400778
3.0553832704285715,4.116063766,1.3074708742857142,1.0565240302857142,1.2768561257142856,5.437405100571428,1.6218723554285717,1.98835363,4.853126949,2.5833495251428573,3.310831904285714,4.837924983714286,3.0659655052857144,7.138027721,3.156381667857143,8.284905702571429,2.1412409774285712,6.970858466714285,1.7716049417142856,2.9533562651428573,5.520190019571428,2.059868623714286,1.991199016857143,4.716701685428572,6.017531411714286,3.8519618284285713,0.9455989007142858,1.85579729,0.7053487998571429,4.959314728571428,2.9444512874285715,3.747938333000001,3.023288851142857
3.938844111571429,7.818860164571428,5.173544668714285,3.5896764581428573,5.629672130285714,5.756440143857143,5.751360254285714,9.122706800142858,2.655192346428572,3.441922462142857,3.7430866025714287,6.0802070992857145,8.640978913428572,5.227002996,2.054747187857143,2.3624157325714283,6.255947568571429,2.601021971857143,5.750979840571428,5.021474582142857,7.8361558158571425,6.383110718571428,4.374302285285714,4.170023136,6.775430435142857,5.198192723,6.172579062714286,3.6599414167142856,4.501034629,6.158633488,3.0100050528571427,3.901865486,6.246376323142857
4.688251141142857,8.564484851714285,5.732133033857143,3.687403817285715,2.860712486428572,4.030448609285714,1.7659368557142858,2.7867664928571427,2.4709709744285715,4.392254225714286,14.89144501842857,5.212423089857142,7.094994991857143,4.971376215571429,13.691781970714285,14.607855975714283,9.739818231142856,12.629850902285714,5.015591452714285,10.370448042714289,2.822850840142857,3.708601586714285,5.363003780857143,7.998059280714285,7.015743716285714,9.572362257,11.156135458,2.441069824142857,7.679280697857144,6.421705927571429,3.113437131,5.381915113142858,1.671454499
0.2394787351428571,0.7070874831428571,0.2344695594285714,0.2902689434285714,0.1641257794285714,0.1381285642857142,0.0127869977142857,0.1773538489999999,2.0566387477142856,2.6563165177142856,0.1073326381428571,1.7569623417142857,1.216596828142857,0.7672272325714287,0.1283791141428571,0.5545767141428571,0.0236672404285714,0.037342332,0.0130529062857142,0.0032041277142857,1.564072757714286,0.189090126,0.0242892047142857,1.1266968565714286,0.579045789,1.286635887,0.0181729627142857,0.2160110191428571,0.4929302808571428,1.0099076964285714,0.4756170394285713,1.9851587818571428,0.0341682295714285
3.595253943857144,5.858849967857142,7.859793513142857,3.399177338571428,14.636023348,7.503236006142856,6.992332883714285,1.8384799814285715,1.3653044614285714,6.710221953571429,10.805482516285712,9.286000767714285,3.5081727475714284,6.421842660285714,6.517165027428571,8.823179813000001,6.437628176,7.275372695571429,10.125738105142858,9.979514833571429,3.244855305428572,3.360724944857143,9.580331372,8.08027921842857,5.89240165442857,3.820349062285714,5.667435185142857,4.040892261285714,6.875609111571429,3.989859816,3.587611176,4.923828200428572,6.515808451857143
8.121270562142858,9.417164236428572,6.883028848285714,3.859843773,11.698698015285714,3.047491457,9.624124335428572,3.207389962857143,2.835017318142857,4.048774772857143,15.846804904,1.4174077561428573,1.4769734641428571,4.726844413714285,8.27797343242857,11.353529149285716,14.266511047857142,13.984951329428572,6.755117687428572,5.656596123571428,1.9301650447142853,3.917444885,9.058761624,8.035764573571429,5.812787436,1.961697596142857,11.783528884,5.527636128285715,9.897447173142856,3.213902636428571,4.511496296,2.8811227101428574,3.771202576714285
2.449843348714286,0.6406693375714285,5.561445611857143,0.535815222,4.233954831142857,0.8397493754285714,3.723726549857143,1.3095670775714283,2.026289755,0.7589833765714286,28.150005324571428,0.978703707,1.5385097058571429,3.585664220285714,5.046237409,15.011700901,21.496971221,10.327826151142856,6.951566690428571,0.9334852814285716,1.0853996334285714,2.305195523142857,13.247637835571428,1.7613662379999997,1.6764572895714287,0.0695113184285714,13.733956685285715,1.7542389895714283,2.663449039,2.3780493952857142,0.4896322637142857,0.4631971538571428,3.6352052972857134
6.506154607571429,1.7373732455714286,4.659338212142857,2.1795171932857142,9.631441541,2.3684373455714285,8.306495460714286,2.8053898404285715,3.2131922527142858,1.2081113522857143,20.219064702285717,0.5333294261428572,1.167622064857143,3.546699452285714,8.25010251342857,14.532530907428573,14.392917474,13.533916371,10.48443431085714,1.137495878,0.9877083964285712,4.276129129142857,10.693969137571427,2.889677910714286,2.829247351142857,0.5643829478571428,9.76195318942857,4.655667312142858,5.4934803532857135,2.0314864131428574,3.27528948,2.1412782322857145,5.64300108
2.796310327,1.7159750491428571,2.509705339142857,0.4384665692857142,3.728509653571429,3.620442113,4.569192947714286,4.789265618857143,1.3372245434285717,1.1996629068571427,0.9694714144285712,1.650333508857143,4.610341754285714,3.4106346125714286,0.5251410831428571,0.8997207514285714,1.0953058928571429,1.2327320207142858,2.8820096024285715,1.2012204157142856,6.293427488857143,6.275851640142856,1.7843806834285714,1.995796582,1.5082640761428572,1.2509156010000002,0.6738164725714286,4.212688904285715,0.7996503918571429,4.645156929571429,0.8249159792857144,1.1841190797142858,7.5826673218571425
0.5737458772857142,0.3896782438571428,2.484603200857143,0.0699950584285714,1.002996307,0.8106247554285714,0.895644472,0.5198999482857143,0.6609725514285714,0.2028236204285714,4.561067401285714,2.9685441194285715,0.0795330501428571,1.0680808232857142,0.6489698444285715,2.4720308872857144,4.039499983285714,1.4683033968571428,0.970348836,1.5880876579999998,1.0880751534285715,0.8844922891428572,1.5283162441428573,0.5957231291428571,1.0546136064285714,0.3444859944285715,4.334214005857143,0.6454451502857143,0.5239398598571429,0.957707813,0.1296486291428571,1.6481065351428572,0.8848532902857142
4.143917157857143,0.0024573911428571,0.8846489667142857,2.701451734428572,7.807398308857143,2.2268464202857143,6.281671838714286,1.7088570221428572,0.3611164458571428,0.0926379494285714,4.222380601714286,2.0338865367142858,0.8214984002857143,1.3448263648571428,2.172829522428571,3.616712456428572,4.273133045857143,5.946902788857143,6.096095877571429,0.0,0.8736763071428572,3.630711315,4.951898180000001,0.004399815,0.0041575372857142,0.0091851548571428,0.182583605,1.8531654094285717,0.0136373977142857,0.950921355,0.7868480201428572,4.566558303,4.672189310142857
0.6492587284285715,0.1949980858571428,0.5867211877142857,0.0041932074285714,2.369452355428572,0.2812191668571429,0.9005365091428572,0.3386566778571429,0.0713297282857142,0.0212728438571428,5.1186696085714285,0.2105822722857143,0.0755103814285714,0.5034119305714285,0.2479233055714285,2.1132577364285714,4.259448441857143,2.3617511987142854,2.706023238285714,0.0,0.1665443835714286,0.3363873475714286,2.850612931857143,0.0129278347142857,0.0,0.0249223728571428,1.4341990935714286,0.1885822418571428,0.0052793775714285,0.203365225,0.0028326958571428,0.2827136625714285,0.326289082
2.343459564,4.737575914,0.3128451508571429,5.502534712428571,0.1659604677142857,0.0262857584285714,0.6284750015714285,0.0194895074285714,0.1476939414285714,5.905652202142858,9.43674744342857,8.271601066,0.0561360242857142,0.3579193264285714,4.560641403571428,6.727817753714286,4.287010989142857,5.467105199428572,0.7035314605714287,2.2152798862857144,0.1776749197142857,0.0225991321428571,2.1170746902857145,4.058097579571428,2.1341423948571427,4.697244066142857,2.572548290857142,0.3172687418571428,6.895865767285714,0.3229679307142857,7.461457460285714,6.370130594142857,0.0353602848571428
1.4763628301428573,1.475311079,1.5464072134285711,0.9277796492857142,3.282547798571428,2.7203641318571425,1.649086817,1.6151765578571429,0.013577806,1.0719027937142855,1.2703813545714286,2.974601902,0.090257012,1.4522089494285717,0.8762283054285714,0.98557587,0.9177675602857144,1.0393920784285713,1.609717052857143,1.3091191327142857,0.284174175,1.983750589,0.9696713537142856,1.639851598,1.4034956142857145,0.8627083758571429,0.5882827009999999,1.116694268142857,1.6404201742857143,0.0321991182857142,1.193553977,4.300154418571429,1.2385814084285711
0.0694486385714285,0.0,0.0071144384285714,0.0,0.0032842657142857,0.0030661237142857,0.0183404537142857,0.4841800495714286,0.0049944607142857,0.0,0.0,0.0010066394285714,1.5394990124285712,0.0511930031428571,0.0,0.0,0.0001639165714285,0.0002804722857142,0.0025098145714285,0.0,0.8704362965714285,0.0688966578571428,0.0021072145714285,0.0001359998571428,0.0,0.0,0.0001607937142857,0.1915468901428571,0.0,0.4243685844285714,0.0,0.0005267837142857,0.0
0.7186576111428572,0.0208387304285714,0.5467846545714286,0.6220908072857144,1.6800874099999998,0.2587890935714285,0.9236289071428572,0.349600242,0.0739274175714285,0.1537557365714285,2.1443065375714285,0.0414830839999999,0.0023768968571428,0.154088067,1.0703407765714286,1.4404154837142855,1.7694264751428572,1.4553303697142856,0.9987756407142856,0.0014839205714285,0.017502773,0.7772276495714285,0.904802322,0.0275455214285714,0.0285161362857142,0.0008317924285714,0.5652962758571428,0.633665862,0.5635912622857143,0.0794591532857142,0.6570427529999999,0.164175009,1.0670020091428571
0.1748282157142857,0.0002541425714285,0.0017540734285714,0.0,0.0327396712857142,0.0499061917142857,0.320141106,0.1121758267142857,0.0172276915714285,0.0001875168571428,0.078400182,0.9790882795714284,0.6658619398571428,0.0479807398571428,0.0,0.0121695061428571,0.0048670611428571,0.0177406977142857,0.0216206678571428,0.0,0.2333569994285714,0.3742812992857142,0.0001824005714285,0.0030979184285714,0.0,0.0,0.0009112284285714,0.1932985195714285,0.0,0.0947942262857143,0.0,0.8931039845714286,0.5941080604285714
0.6276253685714286,6.5351179731428575,0.2857021195714286,3.558446480428571,0.1484552242857142,0.0146288888571428,0.4704915228571428,0.0565399131428571,0.1705071025714285,5.5835409021428575,5.066338151142857,1.2875120394285715,0.5319082281428571,0.0054380701428571,6.026678887142857,4.712604723857142,2.588182562714285,6.836194736,0.5544581654285714,7.775138810714286,0.8107425325714287,0.0255625122857142,1.5741871575714284,5.370426864714285,5.586006713857143,5.360138791,3.069126600571429,0.1618135268571428,7.457694129285715,0.0624878591428571,5.381233058714286,1.275996331857143,0.0043367357142857
0.3218472697142857,1.314869224142857,0.0076707084285714,0.1366571585714285,0.1328674392857143,0.0034521194285714,0.4208946699999999,0.0286853512857142,3.263857142857143e-05,0.6429930434285714,0.0382500055714285,1.5309848664285717,0.0,0.0002247452857142,0.0041004227142857,0.0160443594285714,0.0426403257142857,0.026678626,0.2654753907142857,1.3368105265714283,0.0143020279999999,0.0909637712857142,0.4178337972857143,2.036537354285714,1.888135857857143,0.8973537931428571,0.0040316932857142,0.335649051,0.1334570981428571,0.000988925,0.2716557867142857,0.8031409534285715,0.1137141078571428
0.1766962394285714,0.0,8.709e-05,0.2443834531428571,0.0010536892857142,0.000394766,0.064125644,0.0263189335714285,0.0019389404285714,0.0027411222857142,0.1491200738571428,0.0009928284285714,0.005552228,1.795742857142857e-05,0.1122595317142857,0.0786138717142857,0.0850738864285714,0.2032424139999999,0.0543813145714285,0.0,0.0433462929999999,0.000233623,0.1239070855714285,0.0,0.0004006405714285,0.0,0.0119384077142857,0.0458382734285714,0.0488257172857142,0.0095813292857142,0.1449524218571428,0.0505518722857142,0.0
1.5906311755714284,1.3414428701428571,0.1884645988571429,1.5231278452857142,0.2198982271428571,0.0155525474285714,0.7133348838571428,0.2054714894285714,0.0073220725714285,1.9560319132857145,1.764563149285714,0.7502423021428571,0.0254293582857142,0.0832348779999999,1.3902231504285714,1.615116917857143,1.1872526258571428,1.6540572218571428,0.5258581331428572,1.0494096362857144,0.1194779918571428,0.2983509127142857,1.0387281828571429,1.1097599308571429,1.2177590377142855,1.8303092804285712,0.4269703044285714,0.5951049882857143,1.5902689892857145,0.1236393364285714,1.8161398065714285,2.738324027142857,0.3247358778571428
0.808704458,0.0266096382857142,0.02806794,0.011488237,0.2155706427142857,0.0053493574285714,0.1522139058571428,0.1029914914285714,0.0,0.0394069291428571,0.200114705,1.595291219428571,0.0001911321428571,0.036388276,0.167547775,0.1685166634285714,0.0516366962857142,0.2450696485714285,0.1993743347142857,0.0,0.0164628182857142,0.1013244617142857,0.0872845625714285,0.0089619392857142,0.0090326601428571,0.0149654652857142,0.0355796944285714,0.1976305169999999,0.0389430765714285,0.0,0.0093093782857142,2.8557864897142857,0.0
1.2049735864285716,4.575486296857143,0.8856427627142857,7.875319284714286,0.6830528127142858,0.0059197662857142,0.8513365914285715,0.0060971967142857,0.0659420642857143,5.9440472977142855,4.724760271428572,1.9312384878571431,0.0345812325714285,0.0878832472857142,5.086261582,4.992117640142857,3.2701737367142862,5.251371148571429,1.0615079858571428,3.816220257,0.2454618382857142,0.014526367,1.217029256857143,4.150125377285714,4.511285182,4.687366974571428,2.0345670635714286,0.1491834022857143,6.300681516571429,0.0353224714285714,6.688922483571429,4.995587657,0.0365322435714285
1.5040791281428572,0.6263030578571429,1.0873489117142856,0.1640616502857142,2.199579861142857,2.8494279385714285,2.2030430624285717,2.602586951,0.0297063207142857,0.43903863,0.3899338822857143,3.2341689994285714,0.0503724022857142,0.8188890128571428,0.4982356402857143,0.6811499837142857,0.7244537912857142,0.9459835152857144,2.241295674285714,0.5583248035714286,0.9220144212857144,3.2389561167142857,1.3664392001428571,0.9272352442857142,0.6604424040000001,0.5991494677142857,0.338821643,1.4005535431428573,0.3673274931428571,0.1412686681428571,0.4126819067142857,3.2464580358571427,2.997495678285714
0.3434004701428571,6.433295055857143,0.085704189,4.911542781857142,0.0596318015714285,0.0056196908571428,0.3714492255714286,0.04952612,0.2034297671428571,6.535567859571429,0.6733651964285715,5.082247563142857,0.0415632565714285,0.0512311765714285,1.7292686917142857,1.1654592305714286,0.5078852388571429,1.2358741602857144,0.1758149237142857,2.896495397,0.3315085794285714,0.0751351865714285,0.3253727768571428,5.884618680142857,4.702494925714285,7.305958293571429,0.7356303064285715,0.3359367282857143,2.8998047427142857,0.0070608345714285,4.937785963142857,2.988466311714286,0.0502445277142857
1.679482333857143,6.866944362,0.2484433141428571,7.938468713285714,0.5953166865714286,0.2428932901428571,1.1105679868571428,1.1685501997142858,0.1690516412857143,7.032487788571429,1.9584641012857145,9.588759534857145,0.1919705037142857,0.2407713558571428,3.7949636467142858,2.561841561,0.9407225729999998,3.6965587664285713,0.5723128481428571,2.901645469571428,0.3034284578571428,1.9955070181428567,0.6342454698571428,6.302549422857143,3.897984831285714,7.759489067857143,0.8635348701428571,1.5115066344285712,4.976200217142858,0.1375120312857143,7.259359303714285,6.584749135,2.223209396857143
0.7925030847142857,0.6240870728571428,0.0841763534285714,2.223740773714286,0.100327351,0.0338148091428571,0.056948902,0.0111078084285714,0.0045255622857142,1.9818221137142853,0.6568255075714285,1.1636190511428572,0.107902056,0.252638563,0.1901579785714286,0.304759436,0.6473176831428572,0.9457929077142856,0.5454242887142857,0.5066536417142857,0.0083177615714285,0.0069170452857142,1.5082290295714285,0.6409786834285713,0.4770341401428571,1.2792364418571431,0.1672517788571428,0.0330854967142857,0.7720104884285713,0.1504162615714286,2.2914465395714285,1.237475352285714,0.0
0.1389150572857143,10.539976579142856,0.4613161551428572,7.698163741428571,0.6808029567142857,0.2150499235714285,0.6998492522857143,0.4256189564285714,0.2165105822857143,7.733593434,3.000173847,6.820912401714286,0.7320748938571429,0.2363005881428571,3.0931746698571425,1.9028975085714288,0.900551242,1.7603446652857142,0.6384360044285715,8.454303191,0.0476659881428571,0.8568914357142857,0.1847941508571428,10.284368835142857,8.295578590714285,6.600226916,1.8904674424285717,0.5317466734285714,7.161705323857143,0.3004959667142857,7.559453482571429,1.597037154857143,0.9060071454285714
0.3969713914285714,2.063749828142857,0.3963744951428571,0.9668146432857144,0.2598315557142857,0.4087013014285713,0.8610552487142858,0.207121885,0.2692124454285714,2.9259186982857144,0.1447240731428571,5.178434078571429,0.2714738307142857,0.8305460317142858,0.0991338755714285,0.1594949414285714,0.1148090212857142,0.303172938,0.346424406,4.000543884285714,0.1630367377142857,0.3405959329999999,0.264451253,2.284384591142857,2.384818361,4.155829991571428,0.4799133187142857,0.8197089748571429,0.4778290547142857,0.2382081737142856,1.3366240464285717,2.3205315152857144,1.0978260088571428
0.3525140467142857,2.8152919462857144,0.1176600175714285,0.8806759911428571,0.2001035847142857,0.047820874,1.0087040332857142,1.1228362925714286,0.1022384441428571,1.7923373211428568,0.0829684095714285,1.413245862,0.0491279074285714,0.251182983,0.0095758781428571,0.0184119791428571,0.3387604534285714,0.1944198291428571,0.461598377,0.502059534,0.0782589377142857,0.6324270941428571,0.6002043145714285,2.439507561285714,0.7997601278571428,2.496834075428571,0.0483052332857142,1.0588879564285714,0.2237977622857143,0.108362968,1.1260402917142858,0.3179412765714285,0.2974899557142857
0.6938320237142858,0.0642562581428571,0.7897879720000001,0.0163128862857142,0.3168825362857143,0.0857704128571428,0.0861629785714285,0.5647662097142857,0.1540145108571428,0.0360202084285714,0.3150275774285714,3.745863247142857,0.0641204938571428,0.5807875057142857,0.0676419821428571,0.1376240688571428,0.2711185208571428,0.2322260038571428,0.1163041491428571,0.1115437901428571,0.0711401912857142,0.4274294018571428,0.0758227521428571,0.0686051465714285,0.1002720334285714,0.0260708692857142,0.2514182134285714,0.5007220118571428,0.0014723648571428,0.2155951331428571,0.0448896148571428,3.214467841571429,0.2893877274285714
0.5856206592857143,1.201425075,1.0144449278571428,2.6020703895714283,0.9991935904285716,0.4117890502857143,1.1456460155714283,0.4771048032857143,0.0419840221428571,2.250181762714286,1.524495516571429,3.667585193857143,0.063600238,0.6046403272857143,1.358936457142857,1.9042874957142857,1.2275323124285715,1.912689026142857,0.9316901302857142,0.0058703989999999,0.1132841322857143,0.5790022388571429,1.087639402285714,0.7460797244285714,0.1334020931428571,1.4888028721428572,1.3933393154285714,0.6993643794285714,1.5480124051428572,0.087420402,2.560392928142857,1.7402897694285713,0.4672198225714285
2.969076511571429,7.030189795142857,1.3114846278571428,6.443046676857143,1.0311883501428571,1.5447567187142857,0.8740962031428571,1.7760668195714284,0.5250911264285715,9.786467880857144,7.420844372571429,3.6607762358571434,0.3468103318571428,1.7191403481428569,6.364822100857142,5.855068276142857,4.454402113571429,8.176721554142857,0.983559365,10.731709994571428,0.5390710931428571,1.057375774,2.346109963285714,6.931896481428571,6.908297883142857,8.493775735571429,3.9456904475714287,0.8092644347142858,9.43757903157143,0.752635046,9.43112258157143,4.430959008285714,0.8332404640000001
5.018271526714286,7.288837950428572,3.1542359388571426,12.672203193,8.212703405714285,5.350875761857144,9.439320637142858,2.1723272998571432,0.3081430545714285,10.051843923142858,4.677534569142857,22.66578872385714,1.0257740154285715,2.5780084972857145,3.098207862428571,3.312303867142857,5.767346374285714,6.834426511428572,8.300190908000001,1.8452446237142852,0.434268654,6.83049366,8.123552694571428,4.563390580428572,3.0153453795714285,11.705131500571428,3.721753711857143,3.652624748428571,4.338813644142857,0.9915305841428572,10.10646851385714,11.647794901142856,9.147397304285716
1.0517741057142858,1.0643532674285714,1.5457518911428572,1.0207648864285714,2.189108074714286,2.9621584637142857,2.189452166142857,2.210284818428572,0.5874432987142857,1.080916023,0.5743453527142857,5.118397664857143,1.6678052538571428,2.463239030285714,0.3840212608571428,0.3573367704285714,1.140558564,1.047362271,1.4705020982857142,1.6910170274285714,0.2324995057142857,3.893699153714286,1.737280082857143,1.6956467701428573,2.0577371047142856,1.4757296047142856,0.3255911808571428,1.841854110142857,0.29136116,1.2682544824285713,0.961489394,4.925203673714286,4.3843104841428575
5.744623973714285,9.313193077,4.976726440285715,8.630717131571428,7.930833518714285,6.566563842285714,6.195830678571428,2.106426471142857,0.72316672,8.864490495857142,3.025655094571429,12.113121047571427,0.1490754505714286,2.656869362,3.241904354,3.243224762285714,6.038864991428572,5.197013721285714,6.8988932342857145,1.891237673428572,0.6587302731428571,6.146593345285714,6.210373906571428,7.5183531228571425,4.527740945142858,9.572508477857143,3.962579064,4.301374251857143,7.0064692615714295,0.563911639,9.695960096428571,9.309223148571428,6.76716705
4.933395998857143,0.8224032109999999,1.852600527,1.2088466172857142,5.010235330285715,2.699980879142857,6.987362646428571,3.310009483714285,1.1340723997142856,0.6198226832857143,2.2240030678571427,10.095316440857143,1.613621491,4.367717571571428,0.4261980207142857,1.263135525142857,1.9847167571428568,2.283097587142857,4.576249657,0.7544183438571429,1.5939237125714285,4.129839517428572,3.772888222428571,1.5536289452857144,0.8314136768571428,0.4536622695714286,0.1310135747142857,5.027051049285714,0.1369254454285714,3.0299206845714286,0.9625437665714286,6.145316930857143,6.637851834857143
7.790402145142857,6.768445738571429,4.491283115714285,14.623981278,4.645932290285714,3.5283858592857142,8.172695924,7.6834928037142864,1.0676931434285717,10.52902837757143,6.725165605000001,14.890427099857144,1.357909358857143,3.0765076521428574,5.742175576999999,6.296614722428572,4.793915040714286,7.292376010285714,5.518866770000001,1.1156273038571427,1.3921632162857145,8.54668860957143,8.047367728714287,5.304592634428571,2.082246746142857,9.936172732428572,5.320337410857142,7.343038915285715,5.880311108571428,1.2313752004285714,12.872063386,11.015839991142858,6.978307095285714
4.342908945,5.813682620714286,1.328883976,2.449815605428572,1.1053222165714287,1.3622641022857145,1.3779251884285717,3.2930151745714284,1.0433207802857145,3.090819019857143,1.378680329857143,7.210641222285714,1.04792552,3.3756409414285717,0.6777230871428571,0.7282622581428572,3.536947887,0.691131717,1.5556002372857145,2.698048045,3.060204908428571,3.7195370458571433,2.842287025857143,3.970932647,3.422064554571428,7.271922254857143,1.080834973142857,3.0322343812857144,1.4718846427142858,1.902042719142857,2.3325227857142856,4.580198767,1.6459013942857144
5.689714465000001,3.0828330992857143,0.2084536048571428,0.7393279215714285,1.5476770018571429,1.525516051,4.327093007,4.5289452930000005,2.1226659792857143,2.6537933878571427,1.9553220142857144,3.2055500204285714,1.5491819994285714,3.333929850285714,1.2441383854285717,2.3359829527142857,0.5784950394285715,1.5654023331428573,1.7383020462857144,1.8822871298571429,3.5442726227142853,4.338284594571428,1.0978444307142856,4.725466039571429,3.234072241,2.8875034960000003,0.5342670231428571,5.302605907714286,1.764804727,3.9345782554285713,1.4540978305714287,3.3941245451428577,4.808130233571428
5.390903894142857,2.683221281,1.4869422801428571,1.357859731,4.851752710571428,1.102395589857143,5.375344661857143,1.9499574354285716,0.8472700218571428,3.145017783,5.441375151,4.425388317285714,1.7165005745714286,0.9750959084285714,3.574101354857143,7.204330814,4.622339567,6.174695658428571,5.142791988428572,0.0098159745714285,3.084530312857143,1.3757447662857143,6.704484618857143,0.9352053054285714,0.0105685254285714,3.866049468714286,1.665855730285714,2.5424851082857143,1.6352829642857143,1.3982561667142857,1.5074283048571429,4.286430198285714,1.268348339857143
7.309459968285714,12.481751512857144,6.305501936142858,9.341501906285714,5.804599636857143,6.376274165285714,7.224734154285714,12.178423295285716,3.302482051,9.333502163142857,3.218258464714286,8.306181522285714,1.3513895121428572,6.205212550285714,1.6722613642857145,2.771096203857143,4.107817104,4.473319388,4.192128269285714,1.8451746767142856,4.483068595285714,8.841285563285714,4.317827444571429,12.871300912142855,5.681583257857143,11.85252306,4.424417982285714,8.710781133142858,3.365449530142857,3.344348021,6.297849903571428,8.875010256285714,8.190244901571429
5.170071041428572,0.6777736977142857,1.751016232857143,2.929175969142857,4.175588212285715,2.748238326285714,7.513143989285715,5.352153765571429,3.1460982897142853,2.009522651857143,1.363078405,6.468845408857143,0.6135613525714286,3.9301861675714287,1.2437071578571428,1.1656567748571427,1.5223547055714286,1.6153789834285714,2.6832079874285717,0.8846023325714286,3.8918529385714287,7.230063595571429,1.1219567852857142,0.5321566622857142,0.5673672622857142,2.198507829142857,0.9088290864285714,7.379050452428571,0.4423520787142857,3.091280334142857,1.8411872552857145,4.401328022714286,13.48237207157143
5.329671121,1.8193096432857143,1.4766024088571428,3.985956657714286,1.6626815878571428,0.9730995645714284,4.434334642857143,2.2074856588571428,2.484856032,3.356694106285714,0.8745415860000001,16.001881729428572,2.796631133571428,3.5318068515714285,0.3131173044285714,0.7735831209999999,0.5636966907142857,1.0592490218571429,2.2084626405714287,0.0033400904285714,10.863933112571427,3.020223833428571,1.982775724428572,1.7241404344285711,0.0464474928571428,4.483302747714285,0.3657641167142857,4.829946341285714,0.4203144918571428,6.0171069255714285,3.257828051142857,9.180382657142856,4.307938604285714
10.283162119428573,12.35068935257143,3.870188722428572,10.348360501714286,14.23053994,2.624436932,11.45322182257143,5.833539232285714,3.3384272868571427,8.274222966285715,5.456363177,15.920867775285714,4.110472474428572,5.022970953857143,1.9651675682857144,4.653683468857143,5.98807709,7.390363457857142,11.415547239428571,5.143608355857142,6.343661018714286,5.751989554,8.155330984142857,14.349908173142856,4.691426389571428,8.787682029428572,4.513443153714285,9.012261903857144,6.273639424571428,6.482045262428572,9.788207418428572,12.206044285714286,8.260219301142858
13.13404689257143,25.687937323,1.1666200044285715,39.644275428,9.446784054000002,4.189864043285715,9.464089628142856,3.0597448078571428,3.361929715428571,37.66275396742857,2.0640891205714285,22.62314164714286,8.252467620000001,4.622232961571428,9.986838998,2.852723690142857,5.813120212428571,14.183419324,8.846190144714285,9.421339446714285,5.159396664857143,5.784100273428571,9.564779129285714,19.330773174857143,10.33714139,31.59773446642857,1.6219981654285711,5.793567547142857,18.12842479414286,7.325043576285714,37.13804552242857,19.91801090857143,7.450089328714286
9.273707384857143,24.961036581,9.324812155714286,17.884178299000002,1.876770380142857,3.8504816497142857,4.492996019,5.451764643428571,2.4433664491428573,27.534509065714285,14.845968004285714,9.483001468,5.611233735142856,3.850824423857143,7.624042498857143,9.11997020842857,8.468341034285714,8.470768470285714,5.240577507714286,21.253711128,5.846552151,3.679755621428572,4.831295651142858,19.819644201285715,21.07632243414286,24.094644091714283,9.452506159428571,7.1184253274285725,15.887036402571429,4.679146538,25.192242494,15.689119329857144,4.923387098428571
3.2618086607142858,4.553122688,13.043853092285715,0.1622556045714285,4.345901978428571,10.501438016,9.098384594142855,5.003177112428572,6.531658381142857,3.199370545714286,19.776592501,0.3835818264285714,6.334906394428572,7.799679801142857,4.544734210428571,13.733603308142856,17.278713552285712,10.340512098,8.815560437285713,10.988495631714285,3.349931729142857,6.389937757285715,15.036493858714284,11.591838304142856,21.286604742142856,4.009464285,10.09564500185714,8.179029371428571,8.847800772285714,6.329173304285715,0.5927007612857143,0.5187244514285715,4.672237773
0.845422996,13.016633371285712,12.65730870757143,1.0247556085714284,11.129817245,14.66845021585714,6.3919288205714295,5.866469049142857,4.418555409571428,2.0861834438571427,9.418474561857142,0.7755673385714285,5.646155381142857,10.058908100857142,8.305685141571429,10.994069639428572,6.749334931999999,11.396042464142855,5.032157585999999,7.573927369571429,2.8764480642857144,7.776694112285715,2.859857467714286,10.673123992571428,3.0487130548571426,4.688740142285715,18.512624699,2.428285128142857,15.714298717571427,6.074220457428572,6.178899233142857,0.7649296347142858,10.117446558428572
0.5336106621428571,0.1435603897142857,6.467020927857143,0.2858645122857143,1.179809102714286,7.161807876571429,0.5362504282857142,2.5834338671428574,5.705421442428571,0.3397439964285714,0.912265931142857,2.4141004365714287,6.066569440142857,10.94321475,0.8605373731428572,0.8820099600000001,0.561091772,0.310936085,1.3675209825714283,2.036114626142857,3.817054970428571,0.5912306162857143,0.7902577655714286,0.7681359834285715,0.6695286500000001,0.035008826,1.6189697972857142,0.0676335182857142,0.0939496388571428,6.295796146285714,0.2878070867142857,0.4648430821428571,0.076751228
14.346759603,3.499798651714286,1.8181211848571428,7.725233630142857,5.920829004142857,1.183634807142857,9.47589447414286,4.334138572142857,1.9607081687142855,5.114959502,4.805326928,8.914205573857142,4.822166138428572,3.738202799142857,7.158496300428572,4.7943846691428575,8.451977293142857,5.659163421285714,12.16708388542857,0.8425340755714286,6.577891543142857,2.3748758725714287,9.740900428714284,0.9421431275714286,0.3758832047142857,5.264939216714287,6.503285614714286,6.169209899428572,5.918341898714286,4.972173909285715,6.076536555285714,16.816491407857143,1.1899366297142857
1.120811679142857,0.63265932,6.010034192,0.0312047251428571,1.6386308257142856,5.646187434714285,1.3200469187142858,3.930478132285714,2.5330106705714286,0.3571842907142857,2.033986782714285,1.2085193828571428,3.171259606857143,6.177949024571428,1.5004820521428572,3.156666236714286,3.799005472142858,2.3834190951428567,1.567461843,1.1407347641428571,4.798813496571428,2.2339244478571425,1.5485313182857143,1.293369115714286,1.0558936108571428,0.077174733,3.951088816428571,3.1350368402857143,1.360457644,2.4265943942857144,0.0926843574285714,0.2806666782857143,2.1290267508571428
3.003576307571429,7.369368856571429,2.2418911851428573,0.3547699954285714,2.3530493677142856,3.061932018714286,2.3794942847142857,8.853762708714285,1.3290351729999998,2.4131114701428573,2.1504388955714284,6.520206448714285,5.358285334428572,3.1256177627142856,0.8163592745714287,0.7052116404285714,0.6337998222857143,0.8754154172857144,1.6684724322857143,2.505434308857143,3.5655426507142858,5.704159322285713,2.7044708531428574,5.572491595857144,3.749805804571429,5.047409259,0.8761817731428572,4.606333957714286,1.0857192071428572,3.147986024142857,1.3683231382857142,8.310883710142857,2.351789555142857
1.04792083,3.9551768647142858,0.8578441471428572,1.9144862144285717,0.9390675435714284,0.330584549,0.9817159257142856,0.3531066105714285,1.0743905785714285,1.6432212288571428,2.1120600142857144,8.90460068242857,1.9952624562857144,0.7967823695714286,1.9193232212857143,3.980446534857143,1.8062136342857145,2.7911749712857143,1.7511659587142856,13.650526447571428,2.0251407198571427,0.3942168321428571,1.0521346845714286,8.215707155714286,11.636955733285715,3.261959264714285,2.863781769714286,0.865790934,1.9102699227142856,0.980408918,1.836849767142857,3.572210381142857,0.5994276105714286
0.9113382937142858,0.709478337,0.7129609827142857,0.9012640775714286,0.018658891,0.9017853302857144,0.0700415205714285,0.2251313788571428,0.7321657932857143,1.2575086801428572,4.035680759285714,1.3689664947142857,1.1028166908571428,0.7734114577142857,1.001612954,1.96217794,1.3774313737142858,1.4684419445714283,0.0312994029999999,2.296614924285714,1.9667574114285715,0.028165444,0.0784180595714285,1.042609478,1.424550955714286,0.4169979715714285,0.8494134774285714,0.3447384397142857,1.6508862830000002,0.7957116467142856,1.1266132050000002,0.6087438951428571,0.0590285084285714
1.4718625328571429,0.1345774727142857,1.3533595904285716,0.0554661231428571,2.434471764285714,2.956004618857143,1.6909931651428571,4.350655288428571,3.3517476715714287,0.519287689,0.7983907702857144,0.7414868881428571,4.857304540142857,4.528081866857143,1.0631291841428572,0.7906522128571429,0.3526911891428571,0.8481714827142858,1.8407392848571429,0.0076033294285714,7.521279338857143,4.881858024714285,0.776792414,0.3401093122857143,0.1581176657142857,0.1415032608571428,0.6552863494285714,3.8409838707142856,0.5179838744285715,4.193180718714286,0.1378967905714286,1.7802300644285716,5.147561446285715
3.625957320857143,5.229115395571428,3.7690979297142855,0.9863472227142857,1.779631328714286,7.011039645714285,0.9025292907142858,2.049516795,4.130097353,3.134328728285715,1.1474290221428571,1.485564462,2.56061892,5.046675744571429,3.2306212775714287,2.0862163881428573,0.4072266931428571,2.001823760857143,0.4928814387142857,9.350826669714284,2.985856028714285,1.8530524494285716,0.2651424777142857,7.380022581285715,9.451409537000002,7.374129375857144,1.8533787325714288,4.2509859987142855,0.458478041,2.5009260852857147,1.5324819571428574,2.9188539824285717,1.2807491255714285
0.5126109488571429,2.0489728352857144,1.848549444,0.3034877795714285,0.0230235372857142,5.225922390571428,0.1003165161428571,1.7660785217142858,3.3237478611428566,0.7562089802857143,0.3945294922857142,3.668789705857143,1.2270377822857144,6.810291822000001,0.0849688097142857,0.1961253329999999,0.0593974827142857,0.1271732895714285,0.0626463594285714,12.750740532714286,3.681093879,0.1178892382857142,0.0147266671428571,7.257200333,15.669418965285717,0.7949132074285714,0.1931136388571428,0.3930846908571429,0.1478046582857142,2.2762691465714284,0.4609627468571428,2.770591928714285,0.0
2.0740310867142857,0.8656234902857143,0.3858244927142857,0.0070693207142857,0.4269152192857142,0.4436419562857143,1.9277834014285715,2.0188719120000003,0.9000257481428572,0.1842412595714286,1.0096075855714284,1.664503197142857,3.3291516157142853,2.155096141,0.2840958812857143,0.95370075,0.3684133621428571,0.2464535874285714,1.493186334142857,0.0487392157142857,2.755759957571428,1.2448945037142856,4.807320489571429,2.940417285,1.222495253142857,0.1662362811428571,0.1543524775714286,4.6326287171428575,0.0128562104285714,3.3210454085714285,0.0314226992857142,1.3983568791428571,2.159580687857143
9.629732851,0.408610579,8.130048107428571,0.0758164291428571,9.613613721428573,8.66856117257143,9.213705290714286,9.961968085,1.0638001672857142,0.0247767577142857,6.098892276999999,0.1004906428571428,3.099373145571428,3.564036207,2.0034979117142857,4.190059473857143,7.793394890000001,6.326754540285715,9.871641908857145,4.7192118044285705,2.6026714465714287,10.603548414285711,11.01018591585714,1.528497851142857,2.860027825714286,0.0668751818571428,5.908283903142857,10.11423463514286,0.2155044175714285,3.9169174237142856,0.1139664124285714,2.4651437095714286,9.525086796428573
0.7318505954285713,1.6919677114285714,1.679226934,0.0064728392857142,1.0901384245714285,2.764719532142857,0.8159461848571429,2.068927501142857,1.196295692,0.3764781378571428,2.2514684742857143,0.2531672341428571,2.1839617495714285,3.738215448428572,0.2864960828571429,1.2471571265714283,2.4611742815714286,1.3669332627142856,1.6559834058571428,5.872087174571428,4.131232065428572,2.6555805877142857,2.602397097714286,2.894413653285714,5.019108747571429,0.3129327884285714,0.3649284242857143,1.4653863684285715,0.2640353954285714,3.8426420701428574,0.0947976508571428,0.0893301037142857,1.569223190142857
8.605057016,4.751460536142857,2.0234535362857144,6.671020072428571,3.545333067,4.082058312,4.220790677714287,3.634247714428572,0.318810271,6.226100911428572,4.219815676571428,3.525981873571429,1.966234892,1.7765086484285717,5.099133148999999,4.492613739428571,4.070565408285714,5.749777473571428,4.262098928285714,6.837029866857143,5.009445340571429,4.443833906714287,4.022985821,4.7963562981428565,5.597116070571429,2.746830045142857,3.441624113714286,4.974406388714286,4.147518829,2.131111042571429,7.513556973142857,7.251423835285714,4.653349691142857
3.773870682142857,0.7938469252857143,3.674621028714285,1.5788435057142858,1.5104508754285717,3.2830594808571427,1.7652087975714286,1.8911389082857144,0.2765084387142857,1.3134858482857144,8.562059982714285,1.0112342121428572,1.768842058857143,1.402674952857143,3.380662722142857,5.775342364142857,6.337808493,4.565767923714286,2.407884973857143,3.074059355428572,1.0771059934285714,2.009428802428572,3.275892957285714,1.083265122142857,2.2145943637142858,0.5835162389999999,1.830756162142857,2.474306314142857,4.211162315428572,0.8425783339999999,1.8862230157142856,2.109746629285714,1.107335316
0.0485906381428571,3.888870885571429,1.7076476125714284,0.0006833702857142,0.1120382774285714,0.3682717538571429,0.4259850004285714,1.4508441457142855,0.0506341137142857,1.1959757688571426,0.059757457,1.9817290954285716,0.4635361127142857,1.7471245379999998,0.0074978535714285,0.0280502894285714,0.2485526615714285,0.0177242787142857,0.0938504271428571,4.292299743285715,0.6962021044285714,1.1575772441428571,0.0821758001428571,6.067671696857143,6.178109898142857,2.126633485,0.9857710287142856,0.6409739258571427,0.2276973755714285,0.7836040004285714,0.074773146,0.7119887722857143,0.8985078232857143
0.8356033434285715,0.0006188654285714,0.2815794915714286,0.0040335725714285,0.4399394934285714,0.4795189758571428,1.8555594471428567,2.003701567142857,0.0151668347142857,0.0029895922857142,0.458936321,0.0372887121428571,2.073286711857143,1.092540200857143,0.0123501625714285,0.1369742965714285,0.58573671,0.500420431,1.140133548,0.0003466241428571,5.849013895571429,1.2372854642857145,1.3745225402857142,0.0147021382857142,0.0009846522857142,0.0011521827142857,0.0304843411428571,1.5437852492857145,0.0032168744285714,2.184873112285714,0.0052566424285714,0.032509277,1.231704852857143
0.4480551935714286,0.8105724107142857,0.9609695954285714,0.0299102881428571,1.884624621142857,0.6462777115714287,0.9544284258571428,0.6898425142857142,0.000247613,0.5215968185714286,1.5552230954285715,4.378756070571428,0.0156362181428571,0.3230684515714285,0.5535784324285714,0.9429874375714286,2.504423240714285,1.6735725185714287,1.768047166142857,0.0846984802857142,0.076937758,1.06664572,2.547835728142857,0.9407205087142858,0.0700605304285714,1.514169941142857,1.5912299632857143,0.3263117644285714,0.4457813514285714,0.0148722378571428,0.1016476742857142,0.5091996174285713,1.110807995142857
1.8685685384285715,0.7442068371428572,2.051306988,0.99458212,2.729398568571429,0.1378393934285714,3.960210390285714,0.9070378434285714,0.0062477227142857,0.5116205735714285,2.681057492428572,0.484672911,0.1046240357142857,0.545335292,2.295996530857143,2.7854752602857142,5.682893218285714,2.8879039507142856,4.499018477428572,0.9423198795714284,0.4947615485714286,0.8653967974285715,6.070978959857143,1.5379256558571428,0.8600639881428573,0.1658464995714285,3.8232047604285713,2.4429931794285715,1.5083069147142856,0.0711749652857142,0.9396770974285716,1.0580376847142856,1.1534751917142858
1.881955743142857,1.015904159285714,0.6745276254285715,1.254137063142857,1.567224101,0.8537918472857143,2.206524344,1.5947374847142857,0.0532814324285714,0.8834951244285714,1.3342425484285716,1.4396959705714285,0.1033490412857142,0.8754801792857144,1.326164562,1.3176307344285714,1.3350703718571428,1.791355789857143,1.6563345477142857,1.0782680207142856,0.5561182975714286,1.5059399442857142,1.6535332982857145,0.8114313922857143,0.9030948211428572,1.1208208175714287,1.125809512142857,1.7882432588571429,1.296646103285714,0.127449456,1.1561160807142856,2.156397789857143,1.729514953
1.707200381,0.721969780142857,0.3987427078571429,1.118451023142857,1.9877777125714289,0.0311120107142857,1.5353742495714289,0.0995123814285714,0.0,1.0125873378571428,1.5590256064285717,0.3251954355714286,1.3128571428571428e-05,0.0082434837142857,1.2145960118571428,1.228283364714286,1.7859381941428574,1.962548694,2.464212147285714,0.1873422378571428,0.0094533364285714,0.201801659,2.7069920932857143,0.5943893428571428,0.4948733482857143,0.8216116197142858,0.39209583,0.7043684287142857,1.1887369035714284,0.0003458255714285,1.2036198305714283,1.546030343,0.335954954
1.0140000845714283,1.5768294135714285,0.7689491915714285,0.3841808655714285,1.1182611501428572,1.6254454414285713,1.4620369521428571,2.187585347428571,0.038824574,1.0738340874285714,0.1049126278571428,0.6527754052857143,0.0002263798571428,0.4885433097142857,0.0095390334285714,0.0398799138571428,0.1192744724285714,0.1443221664285714,0.7746075852857144,0.3851917394285714,0.1789224897142857,2.739489276,0.4918917827142857,1.7620026049999995,1.0973837332857144,1.5689076554285717,0.0263024714285714,1.6549024037142857,0.1573168854285714,0.0439232685714285,0.5916814104285714,1.6057739522857144,2.6318291332857138
0.1905017535714285,0.0,0.1327065884285714,0.0,0.574190941,0.0948391708571428,0.4186854565714286,0.920756974,0.0021546042857142,0.0,0.0591208277142857,0.000656857,0.0,0.0446788684285714,0.0007841377142857,0.0160758854285714,0.0045083508571428,0.0204805035714285,0.1572538498571428,0.0,0.0903745715714285,0.8253293352857144,0.045675702,0.0001159658571428,0.0,0.0,0.0033127775714285,0.4807925315714286,0.0,0.0008305908571428,0.0,0.001769015,0.7125858850000001
0.5283614063333334,0.0010860403333333,0.3003159643333333,0.0018933939999999,0.0,0.4747195636666667,0.034352261,1.0725758623333337,0.0,0.0048673283333333,0.0614995073333333,0.000982754,0.0038145113333333,0.491895365,0.0,0.0192512663333333,0.057540555,0.0234985256666666,0.001639667,0.0,0.1049404703333333,0.7029043106666667,0.0,0.000411769,0.000985963,0.0,0.013223156,0.4908461336666667,0.0,5.0568e-05,0.0014635746666666,0.0025436129999999,0.1948806166666666
