BM,BTG,BWQ,CLJ,CT,DMZ,FSB,GGS,GTQ,HK,HLS,HMS,JJQ,LJG,LK,NJG,PS,QJDQ,QXC,SJY,SMZ,SPY,SWB,SXC,WC,WHK,XH,XJX,YJ,YLJK,YSG,YYL,ZT
0.055477064,1.315606698,17.6795582,0.0,0.0,2.549240616,0.029363273,0.088512897,1.881128553,0.792182439,0.251227003,0.40791462,2.283227357,4.977085692,0.108873468,0.049290348,0.002395608,0.244343755,0.028216231,5.113865193,0.061676693,0.090560658,0.015333853,1.199968323,2.911645103,2.551168114,12.98121369,0.184734464,0.471091488,2.564945879,0.040810287,0.119332331,0.0
0.115930842,0.087083113,2.042055194,0.0,0.051822035,6.489447433,0.224806724,0.22586583,8.755520315,0.500258689,1.093600321,0.167354224,0.677767556,1.447308384,3.493473917,1.177860015,0.045902156,0.514458905,0.060594306,17.41387097,0.43073994,1.143230642,0.018091129,3.868048571,7.739709183,0.346756522,7.448967067,0.172695189,2.215975407,2.816847005,0.116884241,0.116235383,0.760998392
1.914057449,8.027216482,12.29410026,0.010191822,0.0,6.986910307,0.072303403,7.93846814,3.913649671,1.540995717,3.384071587,0.170754118,0.340631007,10.13527932,1.894350802,10.9683755,0.172848385,2.439544184,0.025786976,0.034951785,3.763603943,1.754108223,0.004047223,21.7645955,3.47106146,0.344990433,5.174374415,3.319151751,10.82650682,6.29246809,0.052006223,0.158661901,0.108315221
0.816209205,11.07901998,23.46202303,1.245919905,0.062559749,15.1169694,1.208515501,12.98904484,2.619683004,3.013332448,9.467675867,0.394564801,1.930485017,8.513792161,24.48603631,35.81435061,8.215039257,11.54065104,1.25290252,15.34132531,2.188345146,21.00073122,7.292972174,11.37430699,9.963824157,3.634569916,12.76770766,0.82842971,14.15011741,4.018895042,4.27680607,1.279285642,12.04571882
7.28948468,14.8185353,10.92428925,9.605199513,1.113153407,1.909964316,0.819743747,0.809473406,1.360912097,7.298868862,14.52322497,6.775647501,1.322730659,5.914702874,2.04927902,6.924446943,53.13667322,22.44755339,7.154539765,2.096752143,0.208339719,2.535216948,15.36180444,11.53731443,3.555564276,16.1087244,13.02929549,6.142959188,2.990634982,4.788037989,4.456952865,2.356873871,1.169526194
9.165758758,58.94694437,0.681711172,2.471682109,1.429138419,0.036289911,2.44803316,0.288533957,1.694109536,24.32420101,33.75902614,5.229016345,0.272984185,3.796566778,14.48623965,26.60991647,23.06875314,24.25700273,7.048269393,0.213754804,0.0918757,0.099891032,31.73713555,23.43297599,0.432923186,17.73990136,1.321597705,0.661312756,19.35643368,2.935121783,9.164492455,3.234845626,0.0
5.101019478,14.06467097,0.137297846,0.526143785,0.08723172,0.095749331,0.325129839,0.070754811,3.889870232,11.4946124,1.175212372,10.2368566,1.202984922,5.983527333,0.136721571,0.211930574,0.624365662,3.488468213,0.627788305,0.004607662,0.163068801,0.022245363,2.714691771,7.164839905,0.024333856,13.42179436,0.053259661,0.479271817,1.413161081,4.896425111,1.981756899,5.509502362,0.0
0.537405542,0.044484635,0.045173787,0.035492265,0.627647332,0.092235665,0.339100858,0.116021817,4.19842261,4.588623374,0.313429041,9.193646308,1.911923409,5.93805442,0.397559031,0.500055285,0.014823126,0.387979309,0.1644382,0.0,2.84419605,0.254917426,0.009017452,0.065392892,0.026490399,2.699800264,0.021468443,0.855619435,0.295168716,6.541511486,0.623514453,5.105157688,0.220742467
0.036296029,0.001602515,0.02399224,0.035048121,0.034459031,0.03925771,0.226505074,0.052890645,1.949440002,0.023998124,0.156332773,3.740239691,12.19691364,1.392161469,0.022981054,0.06368448,0.005288662,0.091370396,0.040442406,0.004479714,9.586716508,0.050795841,0.0,0.091596447,0.04829328,0.155971631,0.007846742,0.188924242,0.072313705,6.667207549,0.007877242,0.488678101,0.019239804
0.801538997,0.010270672,0.053146224,0.0,0.117664903,0.377039616,0.107806567,0.07087262,4.413987868,0.24579769,0.448579769,0.901216758,2.494973007,1.589960763,0.149013362,0.553322414,0.008457796,0.447632886,0.03807255,0.0,5.487020248,0.124743642,0.002874916,0.070802844,0.107052428,0.008799024,0.024862234,1.808648974,0.039450735,5.168316662,0.007013335,0.111271546,0.0
1.48722625,0.040650439,4.253761589,0.267502019,1.19944616,4.03151759,0.457123337,8.400115972,6.539648754,0.330812665,0.015237259,1.16249118,3.865883363,4.174292194,0.062955949,0.0,0.002257213,0.001381168,0.394489473,0.038017406,2.820888717,7.387032371,0.007874681,0.026217967,0.011603412,0.072030036,0.193928003,2.579466136,0.056877619,8.597934998,0.298697829,0.282335167,1.270125179
0.595419023,1.84268806,11.84509172,0.145737315,0.466106593,25.90773038,1.287280732,6.3639274,1.967643672,0.763132073,0.388150822,2.093820389,6.322982344,10.14761756,0.068025166,0.327098355,0.357687394,0.241475637,1.385480954,1.712025342,7.721988587,7.657538933,0.368206086,3.017755681,4.815344085,0.439708784,5.759424761,0.896870575,0.154095493,10.58231416,0.233296445,1.124192975,3.680929505
0.378306776,2.67768477,10.91567171,0.719901721,0.421067865,0.409608468,0.419305028,0.312299486,4.496657374,1.283899476,0.645131742,2.844561567,0.953717827,2.623949312,0.734149019,0.557214278,6.591864053,1.242108911,7.245338804,2.190253549,0.542337763,0.215272725,1.648691237,5.103834943,5.455046618,7.805664323,17.91515878,0.066400208,4.127533657,5.379027128,1.005607587,1.235971152,0.165673949
4.642354069,61.18856814,6.292883895,9.581311512,20.59276559,6.310588853,5.683524956,4.207270061,5.394492222,43.70351728,9.030076146,5.847089895,1.102343324,5.055706264,36.90297187,32.8596944,6.196941333,21.44602984,37.23750917,7.71719005,1.811181279,4.592285721,13.51846564,30.12083779,8.253876503,36.6196602,9.362098564,4.622486703,39.22573628,4.571076655,33.43501017,2.038992109,1.726420874
40.72177842,9.222942756,2.025126214,5.194765774,1.452391597,2.051324813,1.633327773,0.299982447,2.764497247,3.410333284,2.05334414,33.87455295,6.039875064,4.566920663,0.167886485,0.198239312,4.313732557,15.39599404,9.333180217,0.189151591,14.58641868,1.230712846,10.07190311,2.033673321,0.290304944,19.55297274,0.083235728,4.10403231,0.236575216,8.117456695,10.01319294,20.07064228,2.1275687
20.21908241,0.003506774,7.180462372,0.850662257,7.266585255,9.958604095,7.325980748,72.05364725,3.793712002,0.953568353,0.0,21.15685176,5.001278876,5.536161401,0.062634703,0.0,1.284709574,0.434997297,11.65188379,0.0,11.91777278,40.32569348,3.744974503,0.03461885,0.025291774,0.152478411,0.165921251,23.5176164,0.003481606,3.173181642,0.125640792,19.15697371,26.88766199
19.27645292,2.140927339,0.753826763,4.622192869,4.728457725,1.226437406,10.12538234,10.76875788,1.984166055,3.227516071,0.294952026,35.52855623,19.45808084,2.75694444,2.27626559,1.166963171,1.472785516,3.99135203,3.267835002,0.068426072,4.700473285,13.35273874,3.585565085,2.287402153,0.334357743,1.974321515,0.118191321,33.53814233,0.883702482,8.166487504,6.271912905,21.37051811,21.86015845
12.30463622,1.778283064,3.760663289,64.9421012,26.17120137,3.225878241,16.47485708,1.156844259,2.747009177,34.98098129,0.303640359,27.76010209,12.68417452,2.052383984,7.124903671,1.125034543,0.078420992,2.282898378,15.02732167,0.015509022,17.43510652,5.060303109,2.594058295,0.623541768,0.022165232,35.53042601,1.823445013,3.523310831,10.02173525,7.421071677,48.6346085,21.54747513,5.23440978
8.601604788,77.7432694,18.37325974,43.84427138,7.241010837,3.296409386,4.108957052,0.145804784,1.560309857,34.208902,6.858000246,10.3985152,5.807414734,6.153155638,5.997333056,2.611681621,22.66647426,3.673152665,12.57464005,0.155054891,9.876538899,0.496451746,17.9777611,40.36219032,2.917999296,31.9467822,11.32268476,0.884014734,21.82377147,7.296819442,53.79020401,14.42081876,2.131761552
7.625217015,49.33720664,0.16417273,6.980971239,0.776272285,0.152258538,3.144353132,0.280445944,2.310666197,18.48438667,9.060560808,6.341203148,2.570097639,2.137759563,1.417725113,4.606242641,1.865977085,5.753557504,3.183233351,13.16594157,8.547284415,0.039740326,8.235045503,32.92236407,17.75030316,15.00024793,0.846273949,1.221691222,3.658868608,4.716853134,16.45149922,16.43257551,0.19145651
1.959790585,32.54197773,0.796709018,0.851043138,0.928119929,0.21231242,0.7045543,0.291687209,6.207149543,17.71644977,1.574346417,4.904717599,3.378027481,2.49644781,1.901051734,1.300437732,4.594623417,0.589417498,2.342313476,6.342237699,1.34107441,0.143335152,3.719544527,34.98128197,26.49382489,8.959236465,4.198691235,1.076673626,4.987189953,5.445341611,6.040596848,8.134127906,0.336723725
22.05842337,5.152926723,1.649935237,3.455929419,8.217037694,1.039988916,30.74986501,12.27697373,2.080676255,10.38442946,10.49683302,1.396408789,4.071837898,2.313814009,27.38254052,9.336772977,16.22086065,9.465509739,17.10395447,99.47082634,7.721460556,12.81033311,20.00777619,6.052065392,23.88971318,1.704121145,11.60243985,56.65108125,26.81136172,8.033288204,9.391728778,2.98397245,14.71464394
8.066488517,1.143664998,6.835681992,0.169602931,0.665359111,2.12326385,6.399315349,2.192949258,1.05079865,1.528362821,15.8439283,1.646672607,7.859928243,2.752584142,7.478365196,8.847667495,7.362076362,25.56413495,8.321286373,18.1659495,29.34855077,3.040490628,4.227165909,2.061198523,1.110388566,2.313871564,4.356530538,5.033667889,8.900588452,9.993336417,1.192278322,3.221474418,2.473320681
4.118614731,9.334423732,2.970909136,2.268934398,0.017535475,0.299481367,0.560247734,1.564020487,1.067987682,8.797025462,67.28218097,1.702624438,7.36471355,2.38259569,26.78452103,52.9702231,60.4313108,60.37790443,1.670910764,3.655033423,7.136682451,0.365037185,7.965504022,7.296764801,5.653531916,9.872337404,15.52961179,2.048970714,15.40662857,5.03039409,2.18955045,1.676681327,0.011425627
4.276299132,22.1028496,4.138506157,12.93823568,44.36304156,11.94748298,10.21356997,1.251540397,4.033696878,10.48388923,10.26377577,1.280746537,7.000711158,15.21921836,6.901709591,7.770987556,9.446846675,11.47761602,45.91974469,28.12302664,1.818515058,18.02116047,20.84212584,35.61716995,35.44892532,26.28996,2.301410709,1.183585614,4.367267975,5.872760588,9.598139169,2.124245785,26.2679095
0.159648965,1.110149884,6.196349975,0.555308957,0.768182061,15.42936473,0.151027103,0.975860024,10.28721649,1.074467985,0.908402781,0.718833298,5.435094093,6.122390764,0.249255403,1.007287693,12.37784592,1.211703477,6.547883285,13.81747607,3.295542426,0.925705881,3.784380154,5.267456059,1.550521194,1.143278983,1.24603723,0.183101948,0.019624235,8.963717731,0.264385427,0.028563421,0.190286748
0.037525293,2.011959508,34.71164779,0.0,0.018142205,10.89055937,0.018518627,0.166370128,3.131670459,0.076371304,1.997008681,0.069892174,4.265910453,7.417254561,0.126861389,0.939049642,13.77827841,0.532598366,1.952547704,8.474120569,0.285100844,0.310723918,3.326848082,1.235816413,9.401939129,0.338700987,14.57172766,0.011525263,0.026512156,7.309847443,0.022216902,0.015054403,0.108059611
0.947170354,0.0,12.45195654,0.0,10.12083906,1.911323722,0.260896985,0.048800571,0.441359771,0.000846758,4.276186998,0.028445773,4.134761407,3.72577153,0.271940216,1.706900841,26.34532532,3.974550783,15.1557746,0.028927951,0.175315333,0.732616316,22.428836,0.021126325,0.027032383,0.002434042,14.19835708,0.040332163,0.103896556,4.416168738,0.000982659,0.027840767,0.028157422
5.147606831,0.001242416,1.076311052,0.092655623,35.85526117,0.755805215,5.936360837,1.259004601,0.074337716,0.065366302,18.93660089,0.036551604,0.985283242,2.987261602,17.45809129,27.50963797,15.93109939,66.60525907,21.8269825,0.0,0.419665432,1.59846457,25.48425723,0.058347584,0.012696531,0.0,1.672701219,1.678905359,1.546061637,1.546180431,1.546439403,1.057622242,0.47781472
1.359906146,2.474002032,0.246542475,5.187068666,0.0,0.092655974,0.121162406,5.143367166,1.664392947,5.332947922,0.099894368,0.018833366,1.438361645,0.971830445,0.900234421,0.007250716,0.02664062,0.04221303,0.0,0.0,2.589901289,0.635773522,0.0,0.571375603,0.028161051,0.10393403,1.019518507,1.137155979,22.82569001,1.868568472,5.674535428,0.927739135,0.168226944
1.610895531,0.0,5.72155172,0.028114421,0.238186822,1.759168972,0.023508841,1.50450593,5.896049354,0.023975735,2.603794944,0.015765608,0.315846374,3.672886508,0.823929826,5.547342036,0.092471026,1.261500904,0.280587788,0.0,0.863100661,0.543817382,0.261842782,0.012837095,0.006531911,0.0,1.750804859,0.298310616,0.076027574,2.721821163,0.012882386,0.025518235,0.0
0.129329039,0.333667281,44.15373627,0.011000788,0.0,25.34267806,0.025995287,1.756659578,2.268097263,0.135917399,1.137594394,1.40413394,4.350792491,21.89228,9.536816988,6.298993807,0.577505017,1.717566086,0.571600556,4.799798895,0.848465275,0.522632833,0.209269127,0.87517014,6.998801834,0.002383631,13.22170928,0.163609502,0.231066743,4.887296673,0.091323946,0.100011349,0.0
1.993823648,0.327021197,22.83891681,2.711648231,45.84963355,51.78048092,23.95600296,9.08546849,1.835632486,0.019249099,9.048685201,1.931000288,7.091827495,7.599606903,8.205726652,17.36961986,0.832175267,8.431206185,25.76936853,46.36254041,3.651397464,40.29249137,4.363466695,9.493040252,23.58931379,0.0,6.278938028,8.535174037,4.502577658,3.920534168,1.135212013,1.127280442,42.10975055
29.13307155,53.77933221,2.951470856,14.97402677,8.586141662,5.231837518,23.7363099,32.77552845,2.168543464,35.20591631,5.05187647,6.281369333,3.127715806,2.046313722,7.213261052,17.1917168,5.264906221,18.64173687,15.60095293,22.80714523,11.71469285,23.29373288,14.88095751,30.78118807,42.0557347,42.12347986,4.337825557,35.24866721,21.96881509,2.238238212,30.21610393,6.293482772,5.532426828
18.42673535,10.56203495,4.99243075,5.472836374,1.878702132,12.76316845,13.30931421,9.820354091,1.46820375,1.932769918,3.6833236,15.38729659,5.403117629,6.764958582,7.940777815,3.373679061,3.018508584,14.34148666,3.265996889,3.185438758,5.969594727,3.722781826,1.57553668,9.441339023,14.80829949,7.719685463,9.777896038,19.4083186,9.678493366,1.789668769,8.268703835,11.20020926,3.384927228
8.228773956,6.482113154,3.370992824,4.315792702,14.14250534,0.074007544,13.05057367,0.080817217,1.016797813,3.247651527,1.593628605,6.124942328,1.420442069,0.257167895,3.607323657,3.416615368,3.952896726,5.676310934,17.04889462,0.625840822,1.531813387,0.840776429,7.911177515,2.219843163,0.096772402,2.715910724,6.461314165,8.54811844,18.97033155,0.251193617,9.75348909,6.424943538,1.057859806
2.999743513,0.00446006,3.069635672,2.448384361,1.592836248,5.916971843,0.420795266,0.420305176,4.78351604,0.195334894,8.113727808,4.814350665,0.42439527,3.272463342,13.36714583,20.4884308,3.293623759,10.39951166,0.812437155,1.139874534,1.436924046,1.261696117,1.381122822,0.035213806,2.064879569,0.002518526,11.88941115,1.258037901,1.472020816,0.579064372,2.690545243,4.101121477,0.418337832
2.744584408,0.168901383,3.100931636,2.031383266,9.116651015,0.2351674,1.832432801,1.940645106,11.03152646,0.170660421,20.2466247,1.137638772,2.613035904,1.094147103,19.88459102,51.65312504,6.464238097,21.67946362,2.79046453,0.0,0.685623062,2.402854151,1.192544664,0.004771071,0.090786343,0.61733068,9.998667666,1.723795381,3.622300241,1.2702433,1.794212757,1.246522066,0.033530091
4.442032569,0.047454904,3.340327852,3.077387552,0.134321046,4.478456926,3.765007023,1.556274689,4.164854605,0.056963704,0.635119586,0.175984822,0.660013342,2.59590052,1.807890876,0.335518815,0.254169555,1.551187211,0.931330835,0.0,11.78339552,0.215846036,0.124909365,0.248277643,0.006586378,0.021652923,6.892388981,3.041047816,1.342078405,1.750611512,0.369113607,0.87731983,0.0
2.398082883,0.681793944,2.927377323,0.022196561,0.042013643,4.115676149,0.143888571,2.782116965,0.910387495,0.176801153,2.676270027,1.539356698,0.945535275,1.500706295,0.443594033,5.026162006,2.60644494,0.266507497,1.009922094,0.0,5.779624994,2.651260336,0.092649424,1.122467563,0.009929353,0.172091772,6.73781033,3.743667307,0.441214607,0.820699009,0.131617997,0.996810133,0.02100876
2.272634161,6.793252446,11.3714875,0.009476125,0.167531233,11.7672714,0.501923944,24.25828409,0.549884571,2.106508971,3.457584949,1.611480621,4.718425136,8.118995105,11.62660847,1.81800357,3.799342198,2.950332439,0.478519496,0.0,13.38863079,6.519605878,1.779334827,8.240731269,0.320903212,1.793710199,4.132985456,8.322494767,0.139649645,3.849591474,0.623528384,2.425099871,1.458746648
2.197412107,6.026662302,2.82678237,0.0,1.751372822,2.125441572,4.022710465,7.832271988,9.40971183,0.062155546,0.477288772,0.48465698,1.876311462,0.538674532,0.100471157,0.773357604,0.028416819,0.286278592,1.267220912,10.8560976,9.60060667,7.422329276,0.019216493,12.99562742,10.61001766,0.025977464,0.30377297,12.84578413,0.160924487,1.560568631,0.034679602,0.668650356,14.65026942
0.630855521,8.960588117,8.981522555,0.0,0.255591141,8.050688567,0.091238113,1.474251232,3.162686854,0.307211166,0.58148754,0.386053031,5.812051423,7.553342558,0.007564019,0.504754708,0.305996338,0.128891413,0.056247432,38.50366239,1.444220923,0.776810466,0.050179455,21.71896831,30.4955719,0.477005106,1.712726488,1.40305238,0.142314578,5.885623775,0.001086234,0.026353946,0.259448061
4.809619613,39.04877926,1.484579089,3.538908749,0.55710094,0.425843054,0.750184735,22.39957085,0.406152332,2.117450109,2.080845264,3.592326333,8.827978452,9.803589294,0.008612331,0.141036004,5.853071096,6.773877759,7.88058236,66.08983107,9.231926261,2.054252749,9.462346159,66.49917964,69.6153212,8.700211635,2.547538791,3.211907473,1.480186786,7.41826558,5.112723291,0.900732382,0.049415117
3.551789724,6.510329877,0.639204424,0.913017495,0.594802836,0.128254516,2.432927744,0.940708263,0.105134312,1.619232415,7.959406792,2.449187361,3.960645243,1.58055844,0.654483462,2.699400965,2.710702926,2.784133928,5.851003152,152.2056055,11.64897112,0.241410018,1.121349542,20.03962793,88.56666093,0.315797468,2.998389684,2.268481295,2.423567245,4.508482456,5.292105808,1.514927719,0.85131032
1.529630021,0.023259023,0.204177051,0.010582364,0.127601161,0.329467981,0.06714517,0.0,0.204523136,0.035727137,5.922764126,3.693246203,6.184888864,0.723458548,7.350109265,13.33014014,2.406448832,9.918689619,0.066844262,9.75205422,4.008916287,0.050511204,0.036194532,0.282318859,9.082000947,0.0,0.807197086,0.077607095,0.022529035,1.101702134,0.11298389,2.745901925,0.068604153
2.920785078,0.001860802,0.090745225,0.017886397,0.0,0.161009687,0.033852186,0.003525447,0.457115528,0.0,0.055201404,6.141320779,9.424295995,1.587448033,0.041190552,0.00443614,2.197863416,0.697314836,0.0,0.0,1.49916889,0.051990311,0.199731548,0.191046704,0.003750031,0.0,1.372424549,0.0,0.148751812,4.278988963,0.001424561,5.502646221,0.0
0.577269351,4.096609601,0.06307454,0.006578244,0.22899804,0.12496402,0.086426324,0.0,0.28813035,1.178164395,0.250836913,4.920287418,4.172009702,1.210633826,0.0,0.014780293,0.103523884,0.079506329,0.086184477,0.16434998,19.55851639,0.022185445,0.047188944,0.769466292,0.188881491,2.243646211,0.049266839,0.118407077,0.011978077,8.678711101,0.000907346,0.849755009,0.0
0.023371366,0.037410606,0.001037728,0.0,0.0,0.007349708,0.0,0.0,0.042819162,5.58e-06,0.036742073,1.186068392,1.913363577,0.094173518,0.014093482,0.242806053,0.0,0.051475761,0.0,0.011714056,0.319088371,0.0,0.0,0.227040498,0.005688356,0.014686174,0.026943469,0.0,0.000738248,0.078110588,0.0,0.31234499,0.0
0.017069668,0.040451146,0.023295374,1.284375791,0.0,0.001238267,0.002453595,0.0,4.901162154,3.244401241,0.017553311,0.54703461,0.023150995,0.144980441,0.011088359,0.06084228,0.167927845,1.264000174,0.005828002,0.008566231,0.088332119,0.0,0.009229253,0.031988464,0.032826791,0.030154308,1.495714113,0.0,0.708544603,0.152274179,0.331172336,0.160562759,0.0
0.316485675,1.137835428,0.226130159,0.005582023,0.0,0.020800261,0.007261719,0.0,2.470263751,0.038699838,1.774126018,2.707611821,0.131504577,0.470164843,0.0,0.023505646,8.967222767,1.359486804,0.026707269,2.097270213,0.417110554,0.013235827,2.191494546,3.452680276,3.433725646,0.022018196,0.318878446,0.000650477,0.696226921,2.059106251,1.595961419,0.482862378,0.0
0.000230295,0.020426224,1.888474856,0.011548954,0.027741395,0.504041577,0.168464265,0.002868117,5.251434892,0.12911937,0.0,6.814284328,0.10661058,1.991537091,0.0,0.0,0.003813424,0.0,0.064987024,0.744786497,0.119651874,0.028413574,0.0,0.592558129,0.012189698,0.031441503,2.65925322,0.032660011,0.028505327,1.594504606,0.007459199,3.113622296,0.147012422
0.098977221,0.483409035,5.330693027,1.525029669,0.382829055,22.87782689,2.495567765,0.011067431,4.555816581,4.541291474,0.010721087,4.607972904,0.064773085,12.80424511,0.746112015,0.004098161,1.684954005,0.066069439,0.533019326,0.0,0.696786748,0.01360022,5.12647389,0.387770341,0.00339694,0.304264711,5.767290853,0.020162657,0.530036137,2.510885092,5.047676735,11.56418278,0.192674706
1.145608166,0.003338681,0.454859972,0.890254139,0.0,0.29087325,1.55834931,0.549042996,4.966653702,0.974011616,0.192738269,2.200745824,0.087844943,2.598420419,0.0,0.019870276,2.159839433,0.528682785,1.228034408,0.14863127,1.957846862,1.104987196,1.960141797,0.005869051,0.033395974,0.008583107,0.177378265,2.761184257,0.093061635,2.383133588,1.148801127,2.586689453,0.0
0.783393464,0.077705967,17.01446521,0.019776062,0.909370265,17.67486984,0.463689635,5.047294364,2.111282974,1.712400953,5.373625397,0.792285123,0.130393152,5.956120167,0.465898612,0.724749397,3.902716802,3.003262488,0.964842841,0.0,0.5710737,10.06343232,0.3086708,0.672865641,0.062497812,0.302202396,5.146008163,2.692304036,0.086180474,1.282194748,0.000875602,1.756376348,6.366377901
5.788760187,0.192184392,27.84600963,10.38894694,9.581798487,8.778426331,9.042535532,12.25896388,2.465900732,0.994568261,5.069943213,0.898898654,3.438491225,8.716153751,0.401494088,1.856800542,28.23650973,3.168496737,85.53023864,0.0,2.16072764,4.077522289,41.97403441,0.02020842,0.0,0.02637074,20.0655786,26.74228445,1.199621007,8.565272476,2.567451746,1.454934561,2.791319464
23.90907102,0.00319346,0.895186417,3.265815492,6.529416274,0.309617634,42.28703312,7.671356616,9.045988826,2.301790775,32.54231412,5.690661532,7.131231666,1.51372246,36.11746454,30.43362389,23.34489111,29.95480265,26.90840818,0.15794541,16.30969849,3.215572969,26.78565041,0.057868072,0.043135122,0.002273165,23.51756593,44.62947033,30.62662946,9.064812663,11.78078868,11.14638365,4.50075099
5.430520165,9.286556477,0.966126435,16.73503602,2.235529966,1.13946147,1.283092922,0.52705558,2.718000366,17.72002546,0.582398758,9.503387718,6.770892349,3.412920566,0.368930547,0.232518671,4.485535925,9.151938508,13.36766691,0.07743386,7.052457261,4.620510722,26.85986974,7.949197959,3.672826456,20.17102135,0.444646733,1.527417994,18.552166,3.965776136,6.762327019,14.2057273,2.534597398
16.3551208,41.93799836,1.973424227,1.516402506,4.762580607,1.465788397,5.405807889,2.358007769,5.413196535,46.44175949,45.17553272,11.08524479,10.21019296,6.875996831,4.934051199,29.64815361,21.95415846,15.50677291,3.770771588,1.927916316,4.362912665,1.117623383,9.465887652,23.23299114,12.62565933,59.87862132,2.928918209,6.620972126,9.013505316,9.688603461,13.69816287,9.108308035,0.73595754
7.672777935,31.76055287,8.646489252,6.514219977,7.405960747,5.543555773,9.50877422,5.96617498,3.446431193,10.53935852,11.05826212,12.42497587,7.421952533,8.906090487,18.78453589,11.09009312,4.535490471,10.3185306,5.586429127,0.441615446,6.356935521,15.16227777,2.319567107,24.73409318,5.507257257,7.225179499,29.72422351,10.13077563,73.49150056,9.576505014,17.27366841,3.763654663,19.43880313
25.42153819,49.65744238,7.800697401,11.93759837,41.82483996,13.15983436,22.01811105,16.27054959,1.303319736,68.75349011,24.78376513,11.28543566,9.255138579,6.243976778,24.93064601,23.62319983,42.34190466,60.18132623,25.79634534,22.2282368,14.44087352,17.96249297,52.27565987,45.30374764,26.4685425,61.62728732,27.48879005,15.75015871,29.02843806,10.12252383,26.92465909,16.67310251,15.2247885
12.33610378,20.296471,0.111853512,11.64228417,3.632159173,0.164588986,8.758107699,2.907451012,1.398272659,20.91932533,0.260700296,19.35890296,15.9042189,1.457386688,1.06332014,0.676166241,0.374320455,2.684126205,3.388631387,6.981564601,15.56537278,0.423668753,2.134785806,23.18914399,9.405997134,28.67987617,0.347415746,2.528395,5.052076478,8.157208365,13.46024306,20.74231128,0.898766262
2.437402173,12.92119436,0.789407063,8.234547745,0.363986922,0.613096297,0.533042519,0.445462978,2.442325027,3.307306367,0.0,11.17417144,6.804739682,0.840748739,0.46810198,0.016305946,0.040072872,0.36785537,0.044469807,1.729388873,1.251309249,0.746193411,0.004211136,15.419167,10.65762081,4.358338395,0.663575486,2.339274588,2.151070053,1.803066638,5.273201153,5.61928112,0.626730612
1.264407833,2.280706364,3.987049646,1.796749019,0.122327262,5.958988425,0.053826584,0.020567127,0.393819424,3.099412982,0.153077031,11.98860018,4.614718433,7.596312455,0.365022703,0.380379934,0.065228818,0.47116677,0.017460382,0.488162339,4.518069852,0.138681809,0.010095027,5.628002139,5.438821835,0.830978136,4.421623201,0.227917583,3.387053894,4.932825159,1.963867744,2.901788629,0.0
3.623125128,0.569042693,6.560989313,5.391418191,5.180655857,20.10282075,4.376630435,29.66998293,2.18371532,5.052652847,1.275811218,15.76251153,11.45931577,10.37082475,3.290967496,4.926394489,0.080124209,5.375024437,1.846820224,0.178102426,6.696579478,21.32290834,0.155671174,0.870665619,0.105357089,5.895588687,0.530351399,10.00605489,1.773336124,6.0104465,2.938962276,6.040287087,2.57018553
9.101416707,0.00097315,14.21956362,0.686612064,13.88039311,28.18034745,5.861223954,32.41528968,4.25468017,0.419812569,13.05940542,3.578758451,6.94989226,15.86614617,14.22988564,45.30334557,4.218118562,22.82517409,6.135737019,4.294172653,13.5301608,11.53754542,6.234521229,0.244895494,4.157270734,0.43401952,1.271636733,4.877843998,0.418935168,9.220875009,0.930071977,9.781848635,8.075465209
2.009674354,0.006188359,8.129085155,0.009629347,0.0,6.828479304,0.00344851,4.367745845,2.349671467,4.541890928,4.12575151,5.105284999,6.431279933,6.504846682,7.346606822,18.87786536,0.233540135,6.507991689,0.113933101,0.102247923,8.59092779,0.651946378,0.062644604,0.068218309,0.038058673,1.784816583,1.278233752,0.693534606,1.413341333,5.465381934,5.119620328,1.737704155,0.186011965
0.022682509,1.594417078,4.190150508,11.13864504,0.0,17.67971971,0.033137618,21.7722027,0.125814954,9.070274219,3.064015432,2.506732277,3.724611696,8.541554093,14.66083296,9.325688053,4.727303235,8.474577612,0.0,2.130300392,2.386916698,6.972610012,0.0,2.461923035,0.656265085,9.158367039,17.9004975,0.57933118,25.15103329,3.597102781,14.62487478,0.941230689,1.673293269
0.068958586,4.753534938,5.211344106,28.56058675,3.018125856,0.087348135,0.080384322,0.037738494,6.897984094,5.483312059,3.102411629,3.639347696,1.87741322,0.390880471,1.615471133,5.614100225,0.50644318,4.600335621,1.583544912,1.380802569,0.237889734,0.020539926,0.002949924,5.789970012,2.436539799,3.807806214,2.490644893,0.0,0.290020079,2.518062841,8.764588755,3.177429321,0.012141323
0.078378794,0.045016275,35.57751894,0.047618346,0.081962675,33.11482326,0.119910014,4.101324005,2.449158175,0.26597222,0.247579045,1.113113454,2.598124966,22.71748618,1.139620759,0.438831898,0.103258927,1.757012905,0.012863779,0.052311644,1.17623059,3.542442725,0.0,0.011534769,0.023176138,0.001879173,39.72756336,0.369884222,1.899288817,5.545530722,0.409194783,0.488626497,1.259735169
13.13837757,4.205599887,12.5631431,0.623229213,29.15462898,2.532549257,10.16247727,2.944048799,0.524288066,4.748603387,32.78507051,0.217912842,5.846096994,2.959054535,15.88673158,21.25412421,41.56073806,29.55912699,49.50240872,3.5258734,2.806202701,5.6961454,90.55536755,1.838044332,1.805872953,7.914866208,10.79812323,7.529239901,10.48528177,7.572690932,3.429566687,4.006891124,1.1900193
9.396821033,44.30177196,0.349975744,82.10271169,0.620289101,0.056122169,1.082246479,0.529838054,0.159970201,50.88404449,1.319889546,5.19523197,13.81930413,0.585436193,5.664499977,1.316404131,1.46162483,5.439046206,1.080946743,0.290685639,9.281466814,0.562550501,1.954645102,20.79115666,6.45153342,27.90472891,1.485555012,0.979566216,29.310218,2.49933446,79.09378093,22.03877413,0.455232722
8.552223489,3.612440605,10.07787642,0.317938584,4.865357487,24.54965396,9.647356861,5.223305623,1.848909673,0.663526075,0.024496386,7.234807946,10.81239921,19.08138887,0.171075532,0.180730424,0.574847508,0.661090999,8.323845855,2.573433303,3.092021263,8.708838331,3.25671214,14.55934747,20.64711157,0.268881094,1.129471041,16.14007472,0.105640757,9.599774389,0.164565733,10.47601011,4.18838464
20.58384953,6.335217543,11.91291529,11.95096881,50.02212705,19.97305922,45.04122661,19.09471883,1.281748574,0.204238561,66.13503572,3.501598957,12.90251384,17.85851381,27.52230199,47.20284089,75.95198712,40.4675904,48.10163005,0.303878726,12.28951453,26.23065071,51.81250549,11.10346361,3.025567295,2.562212424,19.65629499,37.77974318,5.819103582,20.04080301,5.246696015,2.837281239,27.73963937
8.189231996,2.203677453,3.681395227,2.281383251,24.99833077,5.716735454,14.3596609,6.239697385,3.374378095,1.899376252,25.07456368,9.06180269,4.892784777,3.110456768,7.505556607,16.63725651,27.24523806,19.88523892,24.44960193,0.836244226,8.812274803,8.228927345,29.55687208,2.739348346,0.953064443,2.888001072,3.9180248,5.988975335,6.212105496,8.545768651,1.558710197,5.209009425,8.491852233
0.460126191,0.472721862,14.1817194,0.0,24.74391818,17.44800491,10.69429995,9.472024385,4.85458562,0.001516009,1.213850014,4.184742806,5.94258246,10.91462189,0.850437637,0.117849166,17.93898488,0.458321978,18.72292588,2.645360237,3.642918927,19.28472238,11.49663481,0.358671386,0.536825416,0.059993341,13.96264539,3.054610812,0.241714335,9.008992982,0.034301869,0.441510825,18.05797479
0.650034307,1.270967345,11.90937763,0.0,12.8295527,3.92545861,2.557693339,0.501882452,7.582620008,2.076649131,6.075131192,0.89058276,2.780959033,3.572421692,0.720073536,1.009858557,54.90894414,1.095311122,21.21012162,2.148352736,2.190430436,4.57149026,20.24880904,1.554584145,7.510422764,0.691842514,29.18426296,0.525626452,1.22272044,3.9037573,0.174807498,0.318092354,4.663869693
0.052225586,0.005710059,6.107106885,0.0,4.956929927,1.793434274,1.983130026,0.367853844,3.716664923,0.816771888,0.354609204,0.125498719,0.244455343,3.100117687,1.086484624,0.096313602,2.258518664,0.061634312,10.49682185,3.614451118,0.4871742,6.686217836,1.107201851,0.381334332,0.29013031,0.054554718,15.390669,0.325570366,1.709463117,2.031110577,1.023892565,0.043020785,9.297330612
0.014967911,0.001637145,7.503218878,0.0,0.018956465,1.843996955,0.03436358,0.052497971,3.080849707,0.006182467,0.23879329,0.446952094,2.162242157,4.597581571,0.994993393,2.523159041,0.037670341,0.537270992,0.07767534,0.078251783,0.22019121,0.073838104,0.136735157,0.003011852,0.05660022,0.006931219,6.103244072,0.00691513,0.189281994,3.784948647,0.004996507,0.91572645,0.151562353
0.201430988,0.0856132,8.677677569,0.260412961,1.120938773,5.191710923,0.25331488,6.004387358,1.253199174,0.192073592,0.696158576,0.231766543,7.179409561,5.239310321,2.59955235,1.170374721,1.062775621,0.669782738,0.294988327,0.089301364,3.597512602,3.004598412,0.004073529,1.177895614,0.377089251,0.002369493,15.38909854,0.097944761,0.496837921,6.7871366,1.759067598,0.729094113,0.683399222
0.336851434,6.309471225,3.034979451,0.010926613,0.492506476,3.982678312,0.184683196,2.55665271,2.244815665,7.551843559,2.651741523,1.419075829,3.358601084,4.423519446,0.496102701,2.398746494,0.519460963,3.994007611,0.142081392,18.59041641,6.054691612,0.409866584,3.005836896,2.087068144,2.447573695,15.31788451,2.045238796,0.089736457,0.133802913,3.531984236,0.015017656,2.23450908,0.014474999
0.070783519,0.076580439,14.33280986,0.117286963,0.0,6.115822802,0.064156762,0.0,6.595003094,0.895031625,1.09439447,1.674738518,0.530135227,2.610289904,0.0,0.151098796,0.989243909,3.96995442,0.007555976,0.014269287,0.074620943,0.022642785,0.037903918,1.459347485,0.128438918,1.837793281,2.967486415,0.012687076,0.799111519,2.053284414,1.755969933,0.648814792,0.0
0.19613621,0.000294034,23.68693478,0.018545448,6.36330817,38.5272944,1.326442252,12.47728665,3.442165783,0.541395825,0.621803482,0.863836051,2.772045166,16.98392027,0.006936712,0.324797657,1.108454725,0.155618286,4.544482361,0.252856367,6.694773113,11.86644667,4.594473936,0.204582449,0.048604014,0.019945971,18.23293241,0.120661391,0.91797595,8.580981134,0.037449266,0.100956971,3.465442273
1.713189127,4.061827162,21.84465771,0.0,24.49842527,2.521899022,3.979844863,4.165660311,1.793572082,4.549481485,1.367845826,0.486506467,5.700968837,4.712787388,1.17741325,1.532264073,3.620472738,2.817477169,14.07650303,14.34935678,4.950261483,7.597139603,0.723063927,0.664263696,2.475544487,2.35455644,13.75884895,2.505820992,2.975582683,9.931168869,3.236161745,0.309777466,7.928740606
5.113965298,0.177415638,11.16887864,0.0,53.32173064,5.317974206,11.97639374,36.08721967,0.817695189,0.06131779,18.63478435,3.949887139,6.500516711,7.771919427,0.762756465,4.635717036,52.29020776,8.967345168,34.7042651,0.0,11.68802971,27.67553809,37.07974903,0.086602846,0.006581743,0.059664713,17.33738071,7.672379244,0.015824608,9.165506126,0.001713489,2.30832684,17.09326464
2.927103974,0.021062462,0.095575347,0.0,0.06652843,0.165774512,0.712773671,0.044859755,0.142527938,0.012088029,5.70293866,4.492686738,10.16281305,0.951485236,0.769129992,2.462502203,5.335206531,5.701249984,1.853941181,0.0,4.327340855,0.019124606,5.416417036,0.026631938,0.008271946,0.006282122,1.113429156,0.179303686,0.05814646,4.025520494,0.002940805,5.384506974,0.118997251
0.029131038,0.0,0.095906122,0.0,0.024131346,0.10514251,0.0,0.01212451,0.07728308,0.010190774,0.712360635,2.730818382,3.600421637,1.997984662,0.175148783,0.977514258,0.034509603,0.529191814,0.113393733,0.0,0.656819134,0.049095927,0.033546498,0.005068788,0.008345885,0.0,0.003872197,0.025185151,0.058330068,3.833468812,0.0,0.806649127,0.154416268
1.386092259,0.0,0.062695764,0.0,1.883851035,0.408408515,1.955626721,12.7447123,0.059056821,0.000507096,0.764158031,0.35569096,4.644904909,0.810752913,0.287923466,1.205725994,0.022405335,0.617362926,0.869718176,0.072593427,4.315881845,10.40221319,0.718495092,0.085256313,0.276539027,0.001258052,0.000645026,2.81611153,0.006868643,3.408958615,0.000989114,0.069296143,2.113741143
2.763920139,0.001375467,0.028811746,0.0,0.006576797,0.061396769,0.083761812,0.060882905,0.315325801,0.000486148,1.104984635,0.084757432,4.916518552,0.5089064,0.002837884,0.196882542,0.016137548,0.210119348,0.042050622,0.07399616,2.303797192,0.030543258,0.010898118,0.081981816,0.038927721,0.021629526,0.003757363,0.21765018,0.036356103,3.735659101,0.002676128,0.079770104,0.18477237
0.407372676,0.052241836,0.683465131,0.0,0.037204045,0.009174044,0.014762358,0.027089479,0.232318515,0.006498798,0.864517101,0.037252729,1.361003077,1.498255383,0.001736977,0.48052668,2.559402393,1.877176002,5.485994092,0.0,0.020833075,0.002459733,9.319856301,0.914922817,0.032394913,0.007655658,0.001137115,0.065670347,0.00052835,1.839615733,0.0,0.044876649,0.0
16.11159791,0.0102071,1.408171996,0.015638041,48.45437562,3.196797255,49.24135759,10.64294937,0.737339592,0.001410155,0.45946391,0.718483796,0.392550507,1.063472829,0.00577888,0.260564171,1.06445514,1.031449721,19.0924749,0.0,1.01211063,16.1655775,4.615533183,0.651854746,0.005090145,0.0,0.002727251,41.60739431,0.001433914,1.170815569,0.000661197,0.430185787,35.06198424
10.36584232,2.605960693,1.923808821,0.0,0.081023994,12.26492628,0.040231623,8.782464256,3.296634874,0.066271902,0.643051767,0.293440137,6.926195671,3.260074905,0.000476881,0.256847563,0.007728095,0.182550711,0.05423765,3.641445838,10.41943641,1.659854738,0.0,7.587824356,3.613719192,0.029218235,0.006034851,5.166698792,0.06935688,6.024564556,0.0,0.133297559,0.0
0.311680191,0.653035821,4.551403111,0.013032426,0.004975452,17.5332232,0.296876909,0.269340233,3.799926159,0.003133886,0.442740109,0.065879312,2.149022337,3.492222967,0.032347978,0.249240682,0.066986725,0.156144727,0.201196085,0.0,2.453029295,0.004437703,0.348712607,1.104821742,0.043204336,0.013954738,0.000325706,0.534235116,0.013808125,1.996473354,0.00176257,0.106827293,0.0
0.378400962,0.02649685,14.13198393,0.0,0.499382828,24.65212124,0.034611365,7.973541652,3.26038022,0.003737502,0.706716347,0.00784549,0.133485927,11.10460043,0.098323855,0.5093121,0.080056541,0.249175895,0.578067332,0.007992444,1.408989323,3.795834305,0.0,0.015070016,0.026902326,0.007323904,2.056455119,1.098996857,0.0,2.510955756,0.0,0.59142588,0.181771396
3.906987459,0.0,26.35245905,0.0,56.4528309,36.96634519,23.44446531,3.67442646,2.135340068,0.000919089,0.775115517,0.11092082,1.027099337,11.24227517,0.064168458,0.426670479,1.921928402,0.252098638,34.28489779,0.042446598,2.329259954,20.46900349,9.316045319,0.008474404,0.026533811,0.0,5.602941526,5.115394416,0.0,3.294785474,0.0,0.898225128,18.80081656
35.27973631,0.0,8.508732275,0.018163195,3.145199679,0.774968344,23.22515643,2.251303155,4.307358327,0.0,3.721326158,0.015930504,1.65947598,4.249724284,0.046031663,0.515056485,16.76075134,2.782049639,12.86975415,0.005253126,2.661789957,2.837782981,20.71998189,0.001369153,0.001567179,0.0,16.02490531,14.7327727,0.0,7.90870775,0.001180432,7.140669789,0.091044829
10.97959317,0.0,18.92435725,0.0,17.69878746,1.154076702,20.57968172,0.083395839,1.056091283,0.003156233,6.566147978,0.022380054,4.969927969,9.402745417,0.746329985,3.445663563,7.837647699,6.112494745,11.83717661,0.0,0.273793752,0.685279879,3.943085517,0.0,0.0,0.0,18.12742058,21.45925837,0.029769622,4.718276598,0.032877124,1.598815582,0.86751119
14.50226459,0.000876705,9.927022829,10.99672081,30.80171542,9.551149458,20.27268752,20.71082853,0.15953522,0.133612319,36.28314654,0.151899328,2.958144714,5.110993083,19.0186963,24.98513734,46.26671718,32.23647353,40.32443829,0.0,19.73394953,17.49506051,31.50833461,0.032695922,0.0,0.0,34.7616277,14.48548714,18.34673092,5.723867119,13.00424962,5.506715142,16.14116348
0.034987201,17.10104465,0.517040588,24.46050072,0.011394635,0.086354441,0.0,0.0,0.043614678,36.88898718,0.423318188,5.639944378,0.056508962,0.054255284,0.392271232,0.062768148,0.01143376,0.187356231,0.004372747,11.25175796,0.145956985,0.002938768,0.006298618,15.35736384,11.81778802,13.31970722,0.736386402,1.01e-05,23.11447168,0.150132133,34.23641675,11.53442665,0.0
0.005555814,0.004959702,0.006140686,0.0,0.0,0.004793113,0.012657004,0.0,0.030761402,0.000530558,0.176815196,0.27219821,0.022398278,0.003800594,0.001929442,0.055165274,0.0,0.048145077,0.024123116,0.0,0.012780803,0.0,0.0,0.0,0.0,0.014991986,0.000333633,0.0,0.001976264,0.02491561,0.001211937,0.021857486,0.0
0.03808716,0.0,0.428267004,0.0,0.0,0.003900889,0.003486589,0.0,2.490379505,0.0,0.274351661,0.619121758,1.78916142,0.521117229,0.058211502,0.443377695,0.0,0.161315003,0.00845275,0.0,0.303870859,0.0,0.0,0.0,0.0,0.0,0.001278211,0.0,0.0,0.398225087,0.0,0.162929351,0.0
0.012328571,0.0,9.487490729,0.0,0.002026874,8.758339739,0.012786485,0.938046048,2.286554554,0.000879962,0.260165749,0.155237856,0.166822549,3.656797741,0.011830112,0.1655974,0.002184309,0.105193583,0.025928841,0.0,0.224801756,0.48719945,0.0,0.019054913,0.015863603,0.002803444,3.305205111,0.0,0.006015612,1.479739121,0.001127109,0.132076956,0.0
0.031521202,0.020658509,9.713880116,0.0,0.0,14.32258699,0.001319629,3.278716299,2.655495924,1.111035758,3.104719281,0.633593559,0.829542984,3.30615982,0.77944568,4.956310508,0.171852999,0.757498552,0.0,0.010321773,0.618238124,1.222973612,0.0,0.007680983,0.026079156,0.978696585,21.11011188,0.001268829,3.14399959,1.603609045,1.750586179,0.030468242,0.163507706
0.0,0.003828545,9.961734587,0.0,0.0,14.72632794,0.0,0.0,3.065964792,0.000675464,0.098669323,0.127619092,0.675317704,3.266417418,0.00124292,0.004303833,0.001841554,0.002206091,0.0,0.0,0.065374527,0.026769773,0.0,0.00103408,0.0,0.002598026,7.776297004,0.0,0.004088786,2.200141801,0.00057623,0.17935944,0.0
0.00091817,1.24175776,22.94396821,0.00965334,0.0,7.295964632,0.002151223,0.0,2.696259064,0.143908038,0.349780853,0.009584265,2.367088622,15.24113157,0.030913916,0.318504269,0.044509346,0.151927065,0.033093421,0.0,0.124860367,0.0,0.003632201,0.078822951,0.0,0.031889408,13.37767853,0.0,2.54e-06,4.012062597,0.001739784,0.026281817,0.0
0.051548857,0.447166063,18.80972855,1.129566844,0.471316984,14.43307048,0.376461402,6.040537114,2.675943654,0.030902056,4.52615526,0.07138372,3.223071513,7.75006874,1.098979273,8.864288004,1.189068705,0.325465082,1.753571801,0.0,2.113592171,8.521260158,0.041150449,0.039810186,0.0,0.008304451,11.66479446,0.342856728,0.001331191,3.55479821,0.554833345,0.857119331,4.834070388
2.782542147,0.096227455,15.84598341,0.0,1.80081286,2.824111801,1.356308526,0.145793898,0.084630107,0.578498048,17.26300478,0.016363012,2.047337308,3.915330641,20.9626551,30.26376973,8.440951294,10.33327858,1.875742631,0.001191819,1.422915429,0.693423271,3.122857997,0.89851877,0.001416125,0.0,25.8337895,0.125563637,4.767352388,2.407393534,0.534608981,0.407750694,0.868138732
0.015939453,23.37406921,0.038045206,16.581125,0.0,0.006702439,0.0,0.0,0.030750761,22.75417073,3.414514767,4.316146501,1.040333074,0.00962785,9.48178068,4.465317257,1.973673055,4.211812803,0.013921683,28.38996383,4.668288939,0.002138257,1.627622342,17.91023675,23.34301688,20.21030472,0.660575986,0.0,6.599305429,0.124583839,10.85183688,6.620749296,0.0
0.00136346,0.001808114,0.654255857,0.0,0.0,0.0,0.0,0.0,0.056445117,0.017517319,0.0,0.254343399,0.430387662,0.043518569,0.0,0.0,0.0,0.001743844,0.0,0.0,0.21971612,0.012372799,0.0,0.012475185,0.006744774,0.011297761,0.000588911,0.0,0.000563271,0.057094151,0.001156601,1.144801218,0.054566547
0.00512062,0.0,0.025628455,0.0,0.0,0.100590403,0.0,0.0,0.048638339,0.0,0.0,0.00959527,0.181277922,0.144073933,0.013105065,0.0,0.000940051,0.0,0.002106936,0.0,0.153187556,0.0,0.007809591,5.59e-06,0.002976613,0.0,0.019911703,0.0,0.003785955,0.014520935,0.0,0.00351451,0.0
0.000953312,0.0,0.012659278,0.0,0.0,0.005699071,0.0,0.170031147,0.753968365,0.0,0.326953151,0.018438428,0.018503515,0.241837226,0.049041212,0.28196922,0.010813767,0.095793006,0.0,0.0,0.041936032,0.09217929,0.0,0.0,0.0,0.0,0.005014334,1.82e-05,0.0,0.029308371,0.000766877,0.170190246,0.0
0.00474964,0.009687621,2.056544124,0.0,0.0,0.034389695,0.0,0.0,4.886374841,0.006878244,0.567083691,0.084634413,0.075489693,0.059162963,0.031238844,0.094100702,0.008329634,0.085239,0.0,0.0,0.151823158,0.0,0.0,0.003116952,0.009842325,0.0,0.12018851,0.002331521,0.001881855,0.673002004,0.001261735,0.06559461,0.0
0.027948498,0.001138893,26.36863067,0.018557181,0.0,10.98176254,0.00716609,0.0,4.658095145,0.0,0.133512651,0.017565676,0.420998151,6.079561615,0.07250809,0.189857706,0.0,0.095696461,0.015469318,0.0,0.698630428,0.0,0.0,0.000165461,7.08e-05,0.0,7.58071363,0.04580816,0.008181185,1.378127022,0.034720568,0.012523953,0.000106136
0.006926662,0.00224416,23.05756524,0.0,0.0,17.00543986,0.003327004,4.331027467,1.445501912,0.009962434,0.317003137,0.003634047,0.280938222,5.183809766,0.167306349,0.5879466,0.00520742,0.255342231,0.016319593,0.0,0.327714614,2.03967006,0.0,0.0,0.0,0.006193335,8.611211955,0.044962308,0.000473007,1.183171237,0.000463223,0.00175076,0.023268274
0.140506866,0.068115292,19.47147985,0.032610441,0.459460176,3.900275814,0.131066507,0.024842685,0.894288442,0.045888611,0.279198959,0.031761104,0.200684722,3.48082828,0.027257104,0.15393187,1.315194117,0.150151229,0.129977649,0.243988126,0.486659742,0.159699242,1.062775242,0.026998603,0.050285517,0.010313555,9.92474775,0.157627255,0.048364777,1.553112422,0.01377757,0.032674257,0.066985902
1.636650669,0.207865349,11.95950754,0.0,6.416347783,1.016589043,3.022812464,0.38959836,0.570143385,0.024397815,1.341285866,0.125083155,0.831875606,4.292931667,0.078130725,0.364501137,35.07457578,1.018998111,23.21099877,7.018874475,3.904964066,1.340685404,22.34500596,0.580704709,5.20600354,0.006176568,6.942799042,1.944386992,0.014180527,3.243892263,0.136326683,0.070651064,0.568606591
0.888847722,0.383507975,2.50632583,0.0,2.877844163,0.035946957,1.057742231,0.039107346,0.146237436,0.584871522,0.300217539,0.277104007,0.685761331,0.280947372,0.0,0.050360489,1.488956533,0.073186335,2.560048667,0.734203565,3.099913928,0.024320608,0.519000845,0.288565115,0.811142151,0.149593039,4.044873967,0.239349542,0.033762378,5.172201456,0.001808237,0.038228216,0.095905865
1.191625075,0.012817666,3.348259393,0.422887584,0.0,1.101636576,0.0,5.02912453,1.405019723,0.001269841,0.022567807,1.30100937,0.657328567,1.920631192,0.087753502,0.0,0.0,0.152508543,0.0,3.22753333,3.313536899,2.149618719,0.0,0.19233802,0.764307706,0.0,1.497832384,0.067213064,0.000486827,3.919892363,0.055401117,10.20094585,0.200561599
22.94798631,1.278458362,5.823691808,5.887484061,12.16961371,3.644461664,16.45641649,12.07099003,1.497484806,8.756570112,3.133700294,0.034204777,0.620472276,4.572024226,9.135527005,5.011043739,14.92811525,11.6484863,16.67906122,10.51473321,2.319837184,18.30978142,18.87051742,3.35194252,3.026103111,0.026866897,5.183961338,21.93373202,12.43525024,2.481988364,7.156343836,12.15435355,23.57600109
6.061147827,1.919689854,2.567844288,0.061697366,6.717097634,1.961607003,7.279985533,5.912041747,0.11206323,0.092883897,0.680626841,0.250209526,0.559610998,1.86400148,0.143500746,0.580774575,2.407129791,1.095514914,7.621662407,3.218815951,2.335348873,6.912788166,4.07018175,5.136769988,2.666692567,0.002450558,1.734495947,7.496343957,0.16637703,1.006109227,0.234165937,1.329509297,7.005827324
0.080410929,0.002532303,1.312483035,0.0,1.003669495,0.105203376,0.17920525,0.186924021,0.072163946,0.02521988,0.372461124,0.139437318,0.046510511,0.053042823,0.105286967,0.607688127,0.032123752,0.206554077,0.378793662,0.0,0.114746483,0.318801142,0.010808401,0.008771607,0.000138366,0.0,0.206489619,0.295851849,0.013958019,0.103145377,0.001314364,0.403374154,0.187260479
0.551381366,4.769633565,0.467729073,0.035707528,0.038725001,0.081353714,0.798545423,0.589606328,0.027339226,0.52311095,0.0,0.381738663,0.167325859,0.026513242,0.076705043,0.002860016,0.006676959,0.049261753,0.273496161,0.08270466,0.068444044,0.925998667,0.232289165,4.238460505,0.086331128,0.809933526,0.050470806,0.904765175,0.060565191,0.18368509,0.073119086,0.267735746,1.45717885
6.955844108,1.605876829,1.349044125,0.087837473,1.508719674,0.391042389,4.658267271,4.288632251,0.046381066,1.317782339,0.133210713,1.772294642,0.141155114,0.058327276,0.885271049,0.149433228,1.626097888,1.818633233,1.866840364,10.34253285,1.219355429,5.688132085,2.194134543,4.826378339,7.838622599,0.297760043,4.018856993,8.376927445,3.813657005,0.131507547,0.76687301,3.797834359,9.02921198
5.363886235,9.177659572,4.392221471,3.33951199,7.802385829,0.377680246,7.754934729,4.7467504,0.016405057,6.478654765,9.971044437,3.726794881,1.810832522,0.954011345,3.60407511,4.551645855,16.5878705,7.754161426,13.49184829,27.72276689,1.760261002,4.164640923,21.20141998,20.82408883,36.32585625,8.049013159,13.95603665,5.244731926,4.34948119,1.189665911,4.295487318,5.970762314,4.906903749
5.353843434,26.21452608,6.364425112,18.41721116,10.40691562,0.861858876,9.237876796,3.555011289,0.05973227,20.36974382,7.466232124,4.487689704,1.688764074,3.093893816,6.883306199,5.432968414,10.06391685,6.704462727,16.09182817,13.41485861,4.69969058,3.688111163,17.91426286,27.53862731,21.3462686,21.87401492,8.421247714,4.497566683,15.20284121,1.808294854,21.13578618,5.851642209,6.879148846
4.867738158,0.006728434,2.775732799,0.095291728,18.12645503,5.462736282,9.753954613,0.978093144,0.001788096,0.07758124,0.257571893,0.890514063,1.639180618,2.454007017,0.016940298,0.15452245,0.444091316,2.354158345,15.44715967,0.0,0.778615831,4.851372256,8.618101096,0.015068055,0.024606684,0.0,0.038085792,1.131007359,0.022112166,1.746381878,0.00771396,3.028173455,6.51859277
0.195534165,0.241660298,0.227320155,0.19970976,0.0,0.457193965,0.027464681,2.08691665,0.01772429,0.553576258,0.556596758,1.060145979,0.024429946,0.22648476,0.403543732,0.67176339,0.059818491,0.509219508,0.046601872,0.0,0.1730612,2.08446203,0.004824643,0.078260157,0.0,0.670164884,0.068684407,0.456499746,0.460117516,0.052868866,0.730756088,0.295640655,0.252963168
1.185695779,0.004051563,0.726968107,0.877197086,0.046363763,0.450985156,0.464241075,0.513069738,0.340467079,0.031391082,5.085993152,1.261770731,0.01972531,0.325618181,2.457012121,4.419681566,1.435628485,3.38068811,0.662556585,0.003968162,0.090127332,0.24793217,1.011410954,0.003718962,0.0,0.003539342,0.693234943,1.49391775,0.24322802,0.120775461,0.51072206,3.843931857,0.011401061
6.891968075,15.10019882,4.944984526,18.3520165,8.178159332,0.836873622,8.612979028,3.660570795,9.134022686,13.73294217,7.58497253,12.09656211,0.785754314,1.191776607,11.42334459,8.770286304,4.758846966,12.32235976,6.065458408,1.380203276,0.267039532,3.959011932,4.51496145,18.33773636,7.721315386,13.77649262,13.04029193,5.48975133,13.22151342,1.991882116,18.54222651,12.62118171,4.666381029
4.553049614,4.546316996,0.112519739,0.682094502,3.886034218,2.889940981,6.76159736,8.514874102,1.209748518,2.613659433,0.521589016,7.455637918,9.834570012,5.324619043,0.154029404,0.496254414,0.031347999,0.261272582,1.922542888,0.0,9.164678228,6.407047589,0.793948774,4.975932285,0.193968019,3.010072786,0.01796494,7.719453641,0.584361968,8.431520451,1.559427303,5.812987655,4.858795622
4.247419633,0.0,0.976056853,0.0,5.890765541,4.402391619,7.816635104,6.077046339,0.232422651,0.007573823,0.119163389,0.122215185,3.179119973,3.003857014,0.0,0.008563622,0.020976509,0.015714373,2.83393625,0.0,9.33557409,10.60717069,0.63407696,0.0,0.0,0.0,0.0,9.651205796,0.0,3.225443639,0.003105611,1.894657673,13.03124172
0.010108727,0.001051365,0.538739661,0.0,0.020989044,0.369103651,0.024580555,0.002807183,0.051195805,0.0,0.091975779,0.326534571,0.062378119,0.75378143,0.0,0.014067174,0.0,0.014677527,0.027229509,0.0,0.235294915,0.0,0.003885195,0.0,0.0,0.00153823,0.154173017,0.000889981,0.0,0.2358978,0.000776806,0.011688898,0.0
0.025467803,0.0,0.026139238,0.0,0.0,0.05319153,0.007394996,0.150649694,0.000103791,0.0,0.148160126,0.481425314,0.005461012,0.348951088,0.026538157,0.21559229,0.001301165,0.147924529,0.014101799,0.0,0.377538133,0.015152268,0.0,0.031643955,0.002220814,0.013016546,0.000165242,0.033780242,0.0,0.044108194,0.0,0.004923283,0.0
0.055321517,0.0,0.843401747,0.0,0.0,0.354670271,0.012623887,0.558642088,0.216677305,0.0,0.0,0.0257497,0.007791227,1.147391387,0.0,0.0,0.0,0.0,0.00963585,0.0,0.474329299,0.047505357,0.002855766,0.0,0.0,0.0,0.029656727,0.111714313,5.53e-05,0.390543391,0.0,0.004795723,0.0
0.461917965,0.000801554,4.978636382,0.015065628,0.761396995,0.999406226,0.329450581,2.651965141,0.35953198,0.001148396,1.392797772,0.018662715,0.073047535,2.263424344,0.406119348,1.231128494,2.383799977,1.146046802,1.11722818,0.0,0.187221106,2.196064019,1.213110774,0.009575001,0.0,0.004521064,2.687971455,1.093749251,0.078535013,0.764769287,0.004006162,0.055538657,2.23607933
0.114112657,0.002229778,1.359774844,0.0,0.282692016,0.785561081,0.310440581,0.429212827,0.002839699,0.00079228,0.154148403,0.443218491,0.016617542,1.738979997,0.0,0.021083825,0.002715842,0.024511181,0.088055949,0.0,0.249374554,0.074504707,0.005333994,0.10809168,0.00700778,0.003084641,0.117300299,0.133549246,0.000934713,0.323696335,0.0,0.02740019,0.0
1.649485578,0.01069826,0.857815314,0.0,0.236475977,2.763734192,0.467680545,3.599009336,0.734832097,0.00369148,0.0,0.0648012,0.543133031,2.335933241,0.003405659,0.002726672,0.020662352,0.001145571,0.17559196,0.0,1.253666257,3.50773715,0.021123679,0.001941764,0.0,0.0,0.003929594,1.810385515,0.0,1.384048689,0.001568426,0.8546235,1.660320452
5.812307939,0.0,1.590023781,0.030464592,3.241011527,1.099315001,2.656707272,2.329354188,0.005422605,0.0,0.050822266,1.598329466,0.0,1.571859688,0.019196855,0.0,1.835863565,1.857945842,1.841470855,0.0,0.460072156,4.41057003,1.356531266,0.0,0.0,0.0,0.124537527,2.610310511,0.0,0.106157945,0.058955973,15.95047871,4.153631968
0.162333495,0.0,0.012643564,0.0,0.0,0.217677182,0.003066446,0.119917587,0.037788188,0.00991823,0.059951559,0.395999947,0.101049095,0.497526305,0.003025571,0.087938901,0.0,0.041620129,0.0,0.0,0.203956733,0.036480321,0.0,0.0,0.0,0.0,0.000555964,0.124483937,0.000411638,0.119962717,0.00772846,0.166895819,0.0
5.957004262,3.87e-05,2.408824802,0.0,5.378775057,6.834188645,5.680939685,4.687453229,0.066636235,0.000805334,0.623651512,1.780610809,0.321926465,4.628673729,0.40961195,1.451612224,0.307988036,1.067830446,3.684656733,0.0,0.721092867,5.853078687,1.446677763,0.0,0.0,0.000393304,0.179044636,6.147187863,0.000256161,0.871652816,0.001314802,14.30088419,7.382512889
3.136313479,0.01862565,2.620576861,0.0,14.34263744,4.565575474,9.933306565,0.476161681,0.283780743,0.0,0.800766264,6.184616359,0.941613729,1.640696518,0.147213941,0.519218716,3.062496899,2.225836526,11.1987433,0.0,0.218066702,4.891226994,7.051943045,0.001320742,0.0,0.002712469,0.13498189,3.785269308,0.073313622,1.318350738,0.005835306,10.32242899,7.286496068
1.193139167,0.018494487,0.305664339,0.0,2.440844593,2.119484293,2.517104617,1.557500251,0.128240921,0.049917876,0.439272203,6.715449489,0.002929816,0.846007936,0.029187197,0.130652714,0.441098133,0.879316704,1.191358765,0.0,0.176907042,4.876344579,0.372553769,0.029196516,0.000835004,0.100821304,0.082387244,1.960315161,0.024714835,0.284409279,0.019051181,9.283998525,4.789808888
1.541337087,0.0,1.032870132,0.0,0.126639786,1.019693918,0.527438269,3.717529959,0.188710472,0.0,0.380446328,1.588571684,0.009591777,1.029316312,0.123846299,0.519579908,0.283599807,0.912068885,0.534764791,0.0,0.272174473,4.486491385,0.659934066,0.0,0.0,0.0,0.281754326,1.941046943,0.00858893,0.276761011,0.0,4.47140318,1.383628412
1.686540772,0.438004151,0.381854764,1.45853306,0.077989016,0.064181513,0.548562311,1.488282627,0.048819646,1.083367216,0.816126834,10.5047407,0.001246287,0.166199007,0.263726696,1.235298728,0.1563476,0.65166401,0.336865427,0.001591306,0.079558191,1.71048896,0.170240658,0.127263664,0.0,1.305417214,0.197950895,1.181701556,0.277966994,0.131774254,0.81524089,7.359048734,0.449846798
0.087921091,5.738019303,0.038612131,11.43868181,0.0,0.090425388,0.018950023,0.620164704,0.006027196,11.17369356,0.794536872,13.3494911,0.000212523,0.078977386,1.396853639,1.83097295,0.017100255,0.571897616,0.003550084,9.189910064,0.039966162,0.401182973,0.0,9.630870975,15.24736786,10.26668396,0.218135454,0.312803985,2.826562616,0.025940511,13.37618393,2.592280753,0.0
1.253286673,1.68403935,1.339038154,1.403446584,0.007871394,0.703921569,0.092699578,0.103105102,0.013797532,3.640436898,5.329197314,9.774567946,5.35e-05,1.989298006,2.319299565,2.985783686,8.548196522,7.853008916,0.726747405,3.989847419,0.025120309,0.016534138,6.831737026,1.261147194,1.94161346,1.094888996,2.506111869,0.278108458,0.1282765,0.022966623,0.850239833,7.02247355,0.0
5.176888794,13.63698727,1.36970125,25.84835333,0.762682361,1.120440938,4.2136317,8.391113581,0.004218276,22.75535603,15.78608872,13.97028955,0.000143341,3.521170019,17.15622674,16.25061091,16.92073418,16.21432607,5.811520662,11.60837575,1.448765008,3.988213688,12.55739686,11.63831878,9.312400514,21.00516491,6.815474174,2.391196732,12.86558646,0.038301175,21.38405427,16.14349664,0.777419744
0.009473207,0.545006284,0.005282766,0.0,0.0,0.038685548,0.005817517,0.0,0.0,0.12264522,0.70784609,1.519142786,0.0,0.000419426,0.096721511,0.510642545,0.035082853,0.223874016,0.0,0.10318305,0.010441608,0.01470085,0.0,0.431069682,0.151261161,1.274684596,0.011842704,0.020439558,0.05189853,0.001852096,0.029709617,0.027828161,0.024364432
0.040517393,0.018596302,0.0,0.0,0.0,0.0,0.0,0.0,0.000825223,0.045835003,0.249757427,0.007404491,0.0,0.008644393,0.038847014,0.150721797,0.005384958,0.138789158,0.002085309,0.0,0.013815957,0.0,0.0,0.001502389,0.005100184,0.001634822,0.003275202,0.0,0.00707864,0.013487839,0.001917852,0.014745435,0.0
0.0,0.0,0.001015965,0.0,0.0,0.001119425,0.004364861,0.0,0.000653333,0.011041003,0.095450097,0.001338058,0.0,0.0,0.012610202,0.042681648,0.0,0.029359313,0.008240861,0.0,0.016683444,0.0,0.0,0.000468935,0.006027468,0.0,0.000374962,0.0,0.004587183,0.0,0.00110921,0.00287051,0.0
0.061085755,0.0,0.013877923,0.0,0.199623866,0.0,0.067089655,0.0,0.0,0.0,1.008062445,0.0,0.0,0.000368297,0.129218516,0.428036417,0.852533875,0.298811452,0.424810848,0.0,0.000330967,0.0,0.378597518,0.0,0.001996031,0.0,0.012941006,0.019706926,0.0,0.005540933,0.013814429,0.021632606,0.0
0.584731184,0.0,0.000968536,0.00210007,0.549661272,0.001582626,1.315515216,0.0,0.0,6.17e-05,0.0,0.010441004,0.0,0.000794525,0.003123579,0.0,0.011003902,0.0,0.5149382,0.0,0.019168906,0.0,0.08440191,3.07e-05,0.001411013,0.0,0.007151533,0.027340578,0.021384315,0.000168802,0.013805365,0.028932429,0.0
0.006466228,0.0,0.000340275,0.0,0.0,0.003522402,0.0,0.0,0.005652442,0.000334728,0.032476868,0.147857466,0.000141694,0.0,0.0,0.0,0.0,0.001751282,0.0,0.0,0.054405478,0.0,0.0,0.000388415,0.0,0.0,0.000185525,0.0,0.0,0.018224664,0.0,0.001584487,0.0
0.00280376,0.0,0.000176215,0.0,0.0,0.001721148,0.005206736,0.0,0.000810317,0.002070658,0.024846746,0.000146751,0.002584499,0.001057285,0.0,0.003929332,0.0,0.003799023,0.006838016,0.0,0.789042566,0.0,0.00304595,0.0,0.0,0.0,0.006835368,0.0,0.000606802,0.007670956,0.002258823,0.000711896,0.0
0.021948521,0.0,0.0,0.0,0.0,0.002215557,0.015250787,0.0,0.00026717,0.01887779,0.19218591,0.009195074,0.0,0.0,0.025666153,0.148306872,0.001100124,0.063777692,0.13072964,0.0,0.001011305,0.0,0.030717007,0.000482845,0.0,0.0,0.002632616,0.004467924,0.000357638,0.011661023,0.001708987,0.328569596,0.0
3.126229729,0.0,0.953043468,0.0,0.632884662,0.008845121,1.416381239,0.0,0.00636494,0.00052371,0.271964924,1.036708759,0.021243157,0.479594586,0.0,0.036645914,1.267470884,0.615225168,3.767454436,0.022785858,1.314399052,0.004136365,4.715532501,0.000637512,0.0,0.0,0.371527476,1.223532942,0.000383022,0.042132909,0.0,5.069538321,0.0
1.248467258,0.0,0.47085772,0.04010237,0.243867329,0.813456215,0.230742934,0.0,0.0,0.001708735,0.226139997,8.300646258,0.0,1.004719319,0.0,0.030494961,1.260433209,0.235738912,1.46202369,0.002645971,0.32020144,0.003280553,1.811825001,0.003646622,0.0,0.0,0.130617544,0.193952375,0.0,0.021333515,0.007216639,11.60818144,0.2174832
0.000919619,0.0,0.056320378,0.0,0.027797902,0.097458241,0.0,0.0,0.004354174,0.0,0.012066213,0.006233728,0.0,0.013255962,0.0,0.005574025,0.0,0.002782009,0.00851056,0.0,0.005296857,0.000507373,0.0,0.0,0.0,0.0,0.0,0.0,0.0,0.000587528,0.0,0.007253756,0.0
0.162278969,0.0,0.006912159,0.0,0.022633026,0.0690274,0.05217403,0.022702135,0.0,0.0,0.037942899,0.000115053,0.000130641,0.027967463,0.0,0.004286297,0.0,0.00453098,0.00195346,0.0,0.000163162,0.243788116,0.0,0.0,0.0,0.0,0.0,0.301491634,0.0,0.002228622,0.0,0.00414162,0.231578466
1.754228004,1.993570806,0.502390153,0.502382121,0.334521808,0.055046471,0.653053179,0.055682219,0.0,5.608032323,0.221663619,1.095890683,0.002103751,0.002716261,0.008035151,0.021168053,0.44774656,0.596135318,0.577060916,0.0,0.033856668,0.014923142,0.23147878,0.301148733,0.0,5.080143855,0.893701499,1.039450926,0.797841284,0.0,1.658467493,4.569697371,0.242534513
8.877386938,12.70416793,3.667247327,0.853872928,17.70906214,3.23288991,15.25506203,4.553809587,0.007179831,7.37906755,5.055485469,13.54156288,0.028793825,0.901352193,0.124797758,1.401070838,11.73848521,7.793159795,17.22303013,4.24573002,0.471520742,8.939491924,18.37790396,11.26940877,7.088624315,16.97952271,0.182519855,6.967285264,0.331066602,0.291767472,1.980641125,11.54786433,11.62513076
5.131244685,2.754999598,0.150668305,0.0,8.735798432,1.806274389,13.61646377,6.566102077,0.012658952,1.604983827,0.027997363,7.540914604,1.106319811,1.492846947,0.0,0.008614007,0.066520088,0.169723162,6.692046258,0.0,2.211881919,7.970059653,2.4587048,3.092668291,0.041937186,4.805865226,0.0,7.385619708,0.0,1.357360293,0.068394753,3.788636526,10.23348823
0.148190863,0.0,0.011154409,0.0,0.471847003,0.323308902,2.390525362,0.169432311,0.0,0.0,0.070738591,0.142308235,2.431929586,0.644681706,0.0,0.011826626,0.0,0.016536936,0.245439055,0.0,1.459865156,1.400036267,0.0,0.0,0.0,0.000788269,0.000103734,1.295531244,0.0,1.763095431,0.0,0.151431291,3.051662648
0.049352694,0.0,0.000112185,0.0,0.019223222,0.000713341,0.005151433,0.030583617,0.0,0.0,0.046309426,0.001392262,1.253259726,0.05973727,0.0,0.007003841,0.0,0.006398497,0.005366183,0.0,1.164480146,0.0,0.0,2.59e-07,0.0,0.0,1.24e-05,0.045835633,0.0,0.992494461,0.0,0.000149062,0.0
0.0,0.0,0.0,0.0,0.0,0.001187201,0.0,0.0,0.000212301,0.0,0.019083787,0.0,0.023908326,0.000105602,0.0,0.003611521,0.0,0.002221861,0.0,0.0,0.022077528,0.0,0.0,0.0,0.0,0.0,0.0,0.0,0.00037245,0.103267083,0.0,0.0,0.0
0.704498109,0.0,0.269245293,0.0,0.0,1.245447702,0.039659764,3.530107021,0.046515124,0.00053138,0.012375671,0.000312674,0.212945375,0.573610241,0.0,0.0,0.0,0.0,0.0,0.0,1.344998973,1.874596052,0.0,0.0,0.0,0.0,0.0,1.007949251,0.0,0.705300762,0.0,6.1e-05,0.609879339
0.312902822,0.0,0.639550502,0.0,0.790968004,0.935123692,1.760740922,3.488960058,0.0,0.000557631,0.01103937,0.000847261,0.059494086,0.313991976,0.001792955,0.0,0.0,0.0,0.356837332,0.0,1.653236187,2.639967018,0.008792333,0.000686908,0.0,0.0,0.00178563,1.172054014,0.0,0.207838679,0.004064234,0.000296803,3.079857271
0.654140305,0.003317676,0.01000526,0.0,0.0,0.002392569,0.054462387,0.0,0.0,0.001599519,0.045018724,0.004082904,0.0,0.042274669,0.006688671,0.004406775,0.0,0.028280714,0.0,0.0,0.110045397,0.0,0.0,0.012566855,0.004075168,0.0,0.0,0.202467905,0.0,0.003270371,0.0,0.157749988,0.0
0.774764616,0.000902459,0.712712487,0.0,1.437594735,0.097979701,3.454114843,2.587545591,0.0,0.051862137,0.428979287,0.002071501,0.0,0.341883431,0.024705185,0.066328327,1.926415929,0.370475078,1.983777072,0.0,0.190840793,3.165480964,1.888990549,0.08421412,0.0,0.0,1.417525559,2.714901753,0.014747829,0.001456533,0.00089229,0.17503818,3.035799236
0.018445714,0.017996444,0.0,0.0,0.0,0.0,0.0,0.08299023,0.00471475,0.034448412,0.0,0.14521577,0.0,0.006402539,9.95e-05,0.000483382,0.0,0.0,0.0,0.0,0.109925001,0.003184727,0.0,0.142362697,0.025462593,0.045151623,0.0,0.002358093,0.05913746,0.002014114,0.0,0.179315274,0.0
0.0,0.002210564,0.0,0.0,0.0,0.0,0.0,0.0,0.0,0.0,0.0,0.0,0.0,0.000641174,0.0,0.0,0.0,0.0,0.0,0.0,0.005545908,0.0,0.0,0.00063994,0.0,0.0,0.0,0.0,0.0,0.002218255,0.0,0.0,0.0
0.000431991,0.0,3.21e-05,0.0,0.0,0.0,0.0,0.0,0.0,0.0,0.0,0.000188693,0.0,0.0,0.0,0.0,0.000138082,0.0,0.0,0.0,0.0,0.0,0.0,0.0,0.0,0.0,0.0,0.0,0.0,0.0,0.0,4.64e-05,0.0
0.0,0.000683069,0.0,0.0,0.0,0.0,0.0,0.0,0.223441644,0.0,0.017147847,1.36e-05,0.0,0.000132863,0.0,0.002373605,0.0,0.003503839,0.0,0.0,0.041561316,0.0,0.0,0.000412779,0.0,0.0,0.0,0.0,0.0,0.006349915,0.0,2.71e-05,0.0
0.001450825,0.000504953,0.0,0.0,0.0,0.0,0.0,0.0,0.451962714,0.0,0.010627553,0.0,0.049682349,0.0001737,0.0,0.0,0.0,0.001184391,0.0,0.0,0.001918046,0.0,0.0,0.0,0.0,0.0,0.0,0.0,0.0,0.001042605,0.0,4.82e-06,0.0
0.003023127,0.0,0.0,0.0,0.0,0.0007523,0.0,0.0,0.006379847,0.0,0.08173435,0.0,0.0,0.0,0.0,0.024339299,0.0,0.028913106,0.0,0.0,0.008102894,0.0,0.0,0.0,0.0,0.0,0.0,0.0,0.0,0.001609621,0.0,0.0,0.0
0.000485688,0.000461978,0.003985417,0.0,0.0,0.0,0.001249596,0.0,0.0,0.0,0.053526404,0.0,0.0,0.0,0.0,0.01199751,0.0,0.015792299,0.0,0.0,0.0,0.0,0.0,0.0,0.0,0.0,0.0,0.0,0.0,0.0,0.0,0.0,0.0
0.0,0.0,2.048702473,0.0,0.0,1.212633181,0.0,0.284740974,0.149705956,0.0,0.052550215,0.0,0.004935241,0.619182259,0.0,0.022485428,0.0385224,0.032559702,0.018071477,0.0,0.031707695,0.021325785,0.005951711,0.0,0.0,0.0,0.018046259,0.0,0.0,0.185738651,0.0,0.0,0.0
0.076277828,0.0,0.033926421,0.0,0.0,0.146333177,0.129196609,2.470397675,0.0,0.0,0.065254921,0.00118863,0.000213893,0.236993884,0.0,0.014113724,0.0,0.020759717,0.0,0.0,0.123231605,1.158830038,0.0,0.0,0.0,0.0,0.0,0.210935193,0.0,0.000130723,0.0,0.000410809,0.128444673
0.024633496,0.0,0.0,0.0,0.0,0.0,0.0,0.0,0.0,0.0,0.063702482,0.003457694,0.0,0.0,0.0,0.018826036,0.0,0.026795302,0.001480013,0.167472938,0.016223076,0.0,0.0,0.0,0.055008192,0.0,0.0,0.006259426,0.0,0.0,0.000978207,0.002106834,0.0
0.078547278,0.0,0.974949629,0.0,0.0,0.212257024,0.077900152,1.926585313,0.060062763,0.0,0.585395622,0.000353431,0.008661387,0.079519758,0.136581905,0.444227188,0.590855676,0.301083083,0.018965639,0.0,0.082802722,2.294876009,0.004783663,0.0,0.001165706,0.0,1.736798723,0.902051706,0.015359808,0.279453171,0.0,0.00314939,0.74395802
3.452858857,0.001353463,1.076193992,1.850985677,3.1047694,0.675153496,3.460189462,1.615263995,0.056125199,0.055535004,5.607230354,0.000274194,0.246089493,0.937336431,2.819666056,4.411129865,4.964293825,6.171170115,2.842850748,0.0,0.045396489,2.809654995,4.238756945,0.113164057,0.002510342,0.0,4.055692944,2.127844497,2.908480734,0.232446691,1.114496768,1.316056912,4.155704723
4.452861596,5.642163609,0.483173555,2.04211745,5.69547735,0.28520168,4.878522348,2.272961142,0.0,4.490231546,0.087468212,0.989683556,0.03910654,0.663713503,0.062150076,0.009807021,1.863605021,2.102975068,6.98049788,1.112199381,0.783124323,2.519674377,7.978992562,5.867406511,2.673067121,3.349705705,0.032652542,2.673401519,1.82391586,0.3237106,2.74569754,2.105736481,4.687857331
0.000159477,0.013022271,0.006958919,0.0,0.0,0.0,0.0,0.0,0.0,0.0,0.06227745,0.082350997,0.0,0.015106675,0.0,0.005767701,0.000792569,0.024000158,0.0,0.0,0.68017423,0.0,0.0,0.007490019,0.0,0.0,0.002270687,0.0,0.0,0.0,0.0,0.032144039,0.0
0.117985332,0.0,0.0,0.0,0.0,0.000642985,0.00032056,0.198124509,0.0,0.0,0.065794603,0.048733724,0.0,0.0449628,0.0,0.040754161,0.001261866,0.044513142,0.002276616,0.0,0.001043546,0.079833923,0.0,0.0,0.0,0.0,0.0,0.059016754,0.0,0.005086906,0.0,0.037141707,0.0
0.671820536,0.381454998,0.001113364,1.09218971,0.016004868,0.017025438,0.312233782,1.224567486,0.0,0.247506329,0.841221299,1.584271999,0.0,0.250685769,0.57361859,0.436586215,0.200094768,0.743484189,0.133404825,0.274230849,0.101863775,0.689707938,0.087967808,0.311670003,0.120853024,0.451908798,0.048858666,0.766375558,0.696967844,0.0,0.474813576,0.346654207,0.0
1.667557529,0.701317155,0.138600799,3.123232038,0.008961746,0.001025885,0.55694909,0.998439847,0.0,0.701346768,2.461177837,4.972521087,0.0,0.070647858,0.342944841,0.628291016,2.680843634,1.569527654,0.613488679,2.447988771,0.133080792,0.233460403,3.637917247,1.76566627,1.160276609,0.352366703,0.107851906,0.847500629,1.420857898,0.0,1.901997535,0.853829063,0.0
0.888097353,0.152869674,0.142518341,0.0,0.146478071,0.000653024,0.56628338,0.272130478,0.0,0.109221135,0.053539026,0.631572532,0.0,0.006403023,0.0,0.01429878,0.187238998,0.149611429,2.240304547,0.0,0.027461028,0.007206777,2.372356277,0.875790892,0.060046897,0.064649278,0.0,0.668225145,0.0,0.0,0.0,0.250663326,0.0
0.193511632,0.0,0.170735881,0.0,1.376831276,0.031508495,2.405574467,0.704356129,0.0,0.0,0.052761721,0.000429149,0.0,0.000101745,0.0,0.015586667,0.032741355,0.01480569,0.843855747,0.0,0.0322263,2.048826982,0.076114202,0.0,0.0,0.0,0.0,2.406717379,0.0,0.000918811,0.0,0.000646485,5.222749073
0.033112501,0.0,0.0,0.0,0.0,0.0,0.000160936,0.0,0.010787559,0.0,0.035674778,0.000226162,0.0,0.0,0.0,0.003599341,0.0,0.00724338,0.001279079,0.0,0.001495998,0.0,0.0,0.0,0.0,0.0,0.0,0.002080678,0.0,0.026673161,0.0,6.77e-06,0.0
0.014623584,0.0,2.38e-05,0.0,0.0,0.0,0.156649978,0.022536106,0.0,0.0,0.020676582,1.113394044,0.0,4.9e-05,0.0,0.002448987,0.0,0.001966364,0.019440508,0.0,0.00019038,0.0,0.0,0.0,0.0,0.0,0.0,0.163779859,0.0,0.001477613,0.0,0.682238141,0.0
0.0,0.0,0.0,0.0,0.0,0.0,0.0,0.0,0.0,0.0,0.094230577,7.366254893,0.0,0.001569736,0.0,0.019383556,0.001114347,0.018976097,0.0,0.0,0.0,0.0,0.000471118,0.0,0.0,0.0,0.0,0.0,0.0,0.006323442,0.0,0.920961856,0.0
0.001027397,0.0,0.0,0.0,0.0,0.00085507,0.0,0.001906874,0.000858538,0.0,0.070157135,0.000152706,0.0,0.0,0.0,0.015041169,0.0,0.020440194,0.0,0.0,0.012477836,0.00043454,0.0,0.0,0.0,0.0,0.0,0.0,0.0,0.0,0.0,0.000693434,0.0
0.0,0.0,0.24154556,0.0,0.0,0.0,0.0,0.0,0.094869054,0.0,0.02388825,0.0017721,0.174092988,0.009054059,0.0,0.00281478,0.0,0.003723021,0.0,0.0,1.625960248,0.0,0.0,0.0,0.002905481,0.0,0.113632513,0.000910667,0.0,0.155908443,0.0,0.0,0.0
0.763934996,0.324539366,0.0,1.088764789,0.0,0.002616177,0.056103522,0.0,0.0,0.024291258,0.040784395,0.026393223,0.18479873,0.09741494,0.112017792,0.045987513,0.507504323,2.928682291,0.824245876,0.19269365,0.049223682,0.0,4.078927362,0.710111036,0.020348363,0.0,0.002343327,0.0,0.055568313,0.130933652,0.336891876,1.227808906,0.0
0.454383076,0.745697584,1.163007492,0.224566618,0.07423533,0.54275335,0.03007001,0.006397298,0.174322368,0.847086267,2.177986228,1.301061013,0.00700588,0.237976186,0.618236941,1.584402256,1.824664877,2.269828437,0.076287931,0.0,0.277837875,0.491550338,0.469762195,0.760435696,0.012438157,0.829501518,0.863016352,0.00331836,0.314572308,0.036355296,0.830570499,2.349764781,0.282377409
9.384637537,0.0,1.717312741,2.807359344,8.187081587,6.524239513,8.28388114,8.692523376,0.261944912,0.19050858,0.94120903,1.106495511,0.158414455,2.209007694,1.272136961,1.398051563,1.120643466,3.891226831,5.88686077,0.0,5.040796154,11.33485576,2.236208474,0.0,0.0,0.001631197,0.521388101,8.639407633,0.004407829,0.59324556,0.847175268,12.05642227,11.31917306
1.163814593,0.001918025,0.434026078,0.023513483,0.253838615,1.018546522,0.636256809,0.54938131,0.0,0.05943869,0.085482298,0.489396396,0.022016265,0.067970567,0.0,0.012546209,0.00155331,0.119289292,0.02879526,0.0,2.623191433,1.002397319,0.0,0.000603326,0.0,0.0,0.002115925,0.756247097,0.0,0.041396007,0.114594205,1.303263456,0.817731823
0.367118456,0.0,0.00813445,0.0,0.0,0.064554528,0.0159472,0.549737332,0.096049126,0.0,0.082813264,1.496218376,0.001603907,0.002130481,0.0,0.011710263,0.001472646,0.014285365,0.003925508,0.0,0.052120251,0.731475213,0.0,0.000949534,0.0,0.0,0.0,0.341372119,0.0,0.00235069,0.0,1.948438501,0.130473194
0.018216568,0.0,0.0,0.0,0.0,0.00062215,0.001339616,0.154727121,0.055806899,0.0,0.048189809,1.43961814,0.0,0.002245231,0.0,0.009187338,0.0,0.011814477,0.003782751,0.0,0.004088771,0.01101432,0.0,0.0,0.0,0.0,0.0,0.074499841,0.0,0.0,0.0,0.781672348,0.0
0.004098505,0.0,0.102055873,0.0,0.0,0.0,0.0,0.0,1.103672286,0.0,0.0,0.000972835,0.0,0.005572715,0.0,0.0,0.0,0.0,0.0,0.0,0.0,0.0,0.0,0.0,0.0,0.0,0.0,0.0,0.0,0.024029724,0.0,7.29e-05,0.0
0.173856896,0.0,0.300757762,0.0,0.0,0.00856278,0.039771798,0.0,0.203097068,0.0,0.08973248,0.001129519,0.257683213,0.378254832,0.0,0.021271047,0.0,0.017476795,0.0,0.0,0.0,0.0,0.0,0.0,0.0,0.0,0.0,0.297125096,0.0,0.489889762,0.0,0.005602024,0.0
0.229103618,0.0,0.003249714,0.0,0.0,0.239259823,0.0,0.0,0.0,0.0,0.013658997,0.000415231,0.0,0.076912649,0.0,0.0,0.0,0.00147194,0.002086034,0.0,0.0,0.0,0.0,0.0,0.0,0.0,0.0,0.043230607,0.0,0.002943361,0.0,0.032622623,0.0
0.042035522,0.0,0.0,0.0,0.0,0.0,0.0,0.0,0.0,0.0,0.0,0.0,0.0,0.0,0.0,0.0,0.0,0.0,0.0,0.0,0.0,0.0,0.0,0.0,0.0,0.0,0.0,0.0,0.0,0.0,0.0,0.000334879,0.0
0.205871735,0.0,0.0,0.0,0.0,0.001256699,0.0,0.0,0.004070787,0.0,0.059730425,0.0,0.0,0.002582413,0.0,0.009999128,0.0,0.008677129,0.0,0.0,0.0,0.0,0.0,0.0,0.0,0.0,0.0,0.081286462,0.0,0.0,0.0,0.032878621,0.0
2.63453659,1.753427087,0.046371108,1.868581547,0.244352979,0.0,1.396038415,0.092106768,0.0,2.652838187,2.845559755,0.117172241,0.000204056,0.000232627,3.141278612,3.824365915,1.487438757,4.005371813,0.335928553,0.002232828,0.000902345,0.213359012,0.250884022,0.893414242,0.203415275,0.61969399,1.809156445,1.146505415,3.471318778,0.004839709,2.08600541,1.178375617,0.520983301
0.11593839,14.07963602,0.000530639,10.72283854,0.0,0.001303491,0.0,0.0,0.243234412,11.19186569,0.240894488,2.450375414,0.0,0.000113483,2.789410273,0.763460646,0.133296635,1.717835456,0.0,30.98999196,0.0,0.0,0.018099464,16.45435707,29.85857241,8.794391302,0.832725009,0.0,7.368004868,0.0,9.312212244,4.804298026,0.0
5.75708481,0.157760879,0.057194568,0.580410416,0.288465695,0.031081275,2.010909945,0.145601264,0.0,0.059005047,0.101169977,0.071987352,0.0,0.035629619,0.001683777,0.016689514,0.257254178,0.538289219,1.774334016,0.0,0.003521772,0.043255323,1.299934231,0.328612164,0.020458629,0.030973986,0.010518392,1.962180144,0.014765177,0.001362778,0.096220045,5.91704636,0.013164728
1.651515535,0.000758986,0.117938879,0.024785233,0.020431662,0.003386522,0.279145473,0.111156552,0.199143732,0.179156133,0.033200648,0.880708399,0.0,0.051732727,0.0,0.00344865,0.018621634,0.604760483,0.156807066,0.0,0.013951847,0.068253777,0.062401505,0.000426592,0.0,0.024872996,0.041332852,0.591784911,0.005966207,0.012636294,0.129579534,4.272992716,0.114960187
0.6819584,0.143547084,0.007720673,0.74900753,0.0,0.025267357,0.00273433,0.134016099,0.0,1.016598849,1.894035617,2.655321807,0.0,0.080799795,0.501504555,1.36318351,0.378904307,0.412810744,0.0,0.0,0.000751217,0.420549288,0.0,0.002433354,0.0,0.416298043,0.481430201,0.134723378,0.138547021,0.0,0.510829385,6.64169417,0.02739241
0.008109522,3.633975258,0.031182005,0.0,0.0,0.057820238,0.001360127,0.0,0.0,1.104652428,0.209228357,2.725847274,0.0,0.011588829,0.0,0.031025153,0.052230445,0.036827126,0.00352069,0.0,0.006427031,0.0,0.0,2.758486246,0.110871273,3.191392861,0.002565269,0.003344939,0.044447964,0.0,0.003360353,0.382545432,0.0
0.468889426,0.126530252,0.013013243,0.013149634,0.036508652,0.082263153,0.825572694,3.090486061,0.0,0.036725488,0.112765462,2.526867437,0.0,0.355802877,0.007197774,0.056353937,0.00306034,0.076196703,0.240122236,0.325419583,0.180676071,2.659250335,0.001728929,0.50669326,0.599653881,0.084613467,0.040069684,2.266155128,0.097168482,0.0,0.003348654,2.731149575,1.045849698
0.063699542,0.000759273,0.0,0.0,0.0,0.0,0.0,0.050939186,0.012229536,0.0,0.049971476,0.147365931,0.001470155,0.0,0.0,0.006609524,0.045273804,0.011031318,0.0,0.0,0.038523723,0.003058057,0.0,0.005550463,0.004143411,0.0,0.0,0.033877086,0.0,0.003129456,0.0,0.001941818,0.0
0.239166919,0.0,0.0,0.0,0.0,0.001292787,0.001282407,0.443470578,0.014391488,0.0,0.059972893,0.0,0.092241956,0.22498201,0.0,0.004403321,0.000855766,0.009356724,0.002700112,0.0,0.022749648,0.17352033,0.0,0.0,0.0,0.0,0.0,0.248026858,0.0,0.098201964,0.0,0.0,0.0
0.200283298,0.0,0.057842249,0.0,0.0,0.005782205,0.092728593,0.949983481,0.055381818,0.0,0.089423091,0.0,2.81557217,1.201160258,0.0,0.010561833,0.099735604,0.602014652,0.02359599,0.0,0.974095531,0.741425442,0.029026052,0.0,0.0,0.0,0.0,0.815957075,0.0,0.49950298,0.0,0.013319608,0.0
1.028779432,0.035816577,0.465322254,0.220906421,0.025952922,0.694311585,0.239778818,1.146022852,0.0,0.083623232,2.626607986,0.067113104,0.094171538,0.378137288,0.892480261,1.87768987,2.243909152,1.512020575,0.192694674,0.0,0.015507149,1.552865885,0.934065969,0.081634081,0.0,0.025985698,0.75040686,0.950327766,0.394996506,0.069335382,0.454146594,0.270747847,0.725073552
0.348336148,0.0,0.00105336,0.0,0.0,0.0,0.027091596,0.27733509,0.049567515,0.0,0.146614217,0.235976902,0.000304743,0.041724838,0.0,0.037491264,0.088401109,0.051065724,0.008112877,0.0,0.045604041,0.091873825,0.0,0.0,0.0,0.0,0.0,0.52205157,0.0,0.034153067,0.000260269,0.813819905,0.0
2.40056094,0.0,0.021659582,0.0,0.0,0.0,0.087623433,0.0,0.018376594,0.0,0.047322026,9.828130244,0.215557503,0.393469787,0.0,0.008028293,0.0,0.00928372,0.002110455,0.0,1.992220438,0.0,0.0,0.0,0.0,0.0,0.0,0.588553987,0.0,0.077420108,0.000724822,10.73118251,0.0
1.673652218,0.0,0.0,0.0,0.0,0.0,0.005973239,0.0,0.0,0.295552827,0.111456891,10.37273667,0.251103625,0.028640729,0.0,0.025020532,0.001134071,0.018664028,0.009904104,0.0,3.30527868,0.0,0.0,0.001467085,0.0,0.034609546,0.0,0.427028914,0.0,1.338777695,0.155509056,8.943334793,0.0
0.00070456,0.0,0.010055928,0.0,0.0,0.0,0.0,0.0,0.0,0.0,0.095462094,0.713547188,0.001240397,0.0,0.0,0.014583939,0.0,0.011695116,0.003080863,0.0,0.003763144,0.0,0.0,0.0,0.0,0.0,0.0,0.0,0.0,0.00027761,0.001639843,0.165545175,0.0
0.0,0.0,0.0,0.0,0.0,0.0,0.0,0.0,0.110395252,0.0,0.010844057,0.010205814,0.012398684,0.0,0.0,0.0,0.0,0.001140839,0.0,0.0,0.422072901,0.0,0.0,0.0,0.0,0.002695822,0.0,0.0,0.0,0.0,0.0,7.44e-05,0.0
0.741558517,0.0,0.336932992,0.0,0.187204486,0.0,0.095636595,0.031638732,0.002131736,0.0,2.353274847,0.0,0.077111069,0.03860193,0.163875617,1.6693813,2.269698333,2.093682843,0.708003151,0.0,0.14932981,0.114086957,1.611189609,0.0,0.000285092,0.0,0.056626883,0.190469912,0.0,0.030749446,0.0,0.793399484,0.029902884
1.215937534,0.419827954,0.622106064,5.006140342,0.789767833,0.065438795,0.485438368,0.378304133,0.006752295,3.698966992,6.585266801,1.035086493,0.866727673,0.032735269,4.809412253,6.366452222,5.635317568,7.12370126,2.157179065,0.0,0.587251661,0.875264286,6.184230569,0.086225617,0.016970084,1.787284066,3.257684634,0.955101532,2.776843779,0.053152439,4.816294157,2.649144898,1.695671541
3.095329428,12.15783669,0.104299659,10.53246065,1.773281237,0.081936155,1.522414241,0.724597055,0.099393352,12.39969768,6.108191432,6.080480104,0.082762451,0.353918606,13.26673876,8.029823009,3.266859482,13.59228906,2.558127821,1.508910665,0.10296894,0.407509207,3.182352509,7.63517072,3.087561859,17.96266471,3.627997511,0.670805415,13.7277683,0.009187405,11.55183272,12.079353,0.555428217
1.587116753,18.53334672,0.10351115,17.21652663,0.259935108,0.003233283,1.400320767,0.187036579,0.014863274,20.96031422,0.776504579,15.80560024,0.0,0.246860329,3.986244731,1.461705246,0.776943825,2.867082024,1.29171428,16.36567722,0.070815001,0.200213285,1.957887834,18.13468176,18.92811444,20.53819753,2.624158137,0.555907147,11.45206931,0.002114825,17.54644877,12.33305546,0.194754129
0.978087994,7.496311153,0.29862635,0.609579398,0.719214158,0.075986155,0.932562015,1.716593934,0.014583352,3.095809649,0.146140861,2.125420419,0.094743921,0.131254702,0.138352659,0.043480287,0.293558451,0.240644514,0.95671986,3.226677222,0.238264599,1.233329604,1.354438134,8.017570335,6.019696763,6.864758319,1.016625877,1.936635891,1.498209468,0.0,0.88755091,3.531678481,1.211815795
1.64053263,1.727325437,1.282136899,4.693230795,1.007249242,1.229579515,0.824478703,3.153962127,0.057538752,2.558512143,4.205759079,2.378309633,0.228737054,0.402747233,2.893313798,3.608374182,2.343796522,4.503915519,1.384679992,0.0,1.172963626,4.933583699,2.28790856,1.128483352,0.015254439,2.956841454,0.571792658,1.092221128,1.138112766,0.072502995,3.535953703,3.866666155,5.31772395
2.424934964,22.49688822,1.051062521,28.24359606,1.002554535,2.293447873,0.922123714,2.666011958,0.039982982,24.72431554,6.354926543,3.85473011,0.000376493,0.178436482,13.0205159,10.94697205,4.376414852,12.06373531,2.468901704,6.213218602,0.7383057,4.023064342,5.330254213,18.1280878,8.261152602,28.96242845,3.237075137,1.589009146,13.26308933,0.03442331,22.40789176,6.808956333,2.844899305
0.539124608,6.579487086,1.127334573,7.773078488,0.035735074,2.18487204,0.839650963,2.958777392,0.595652275,6.75813632,0.318571582,5.727160146,0.46194274,1.236691578,1.988123716,0.566189487,0.421336621,2.040295963,0.193067942,4.469099955,0.557116022,6.166053233,0.289807749,8.834908886,7.942317488,7.188066848,2.23821389,2.2380147,2.348120588,0.481090173,6.733584259,5.278096015,4.518834028
1.972661892,12.91058851,3.478837815,14.16531144,6.71507251,4.559238521,5.279502646,3.127500174,0.001534207,17.77050043,5.647973909,9.028177251,1.290249369,2.347530627,6.087774128,5.505857917,4.478333626,5.867836174,3.980923985,0.013240253,2.094469674,7.24215285,1.956947938,10.33410743,1.143713442,21.01846947,4.658961131,3.919963364,6.425180951,0.644409376,14.41901465,12.32381103,10.17368609
2.18573975,6.240532121,0.318693808,5.025614055,5.355836097,0.593612389,4.374168117,2.137335725,0.002177354,6.042472449,0.301713981,9.166589731,0.118201281,0.697032278,0.351368646,0.180698869,1.305865937,1.678793992,4.625035263,0.0,1.287551307,2.032087023,4.526112805,7.306738932,0.730497739,7.93524038,0.060780532,1.921919971,1.11735333,0.136913192,4.38770786,8.075125637,3.443865896
0.188829503,0.832427873,0.044309014,0.0,0.022994437,0.134088408,0.061384319,0.013609725,0.008822449,0.100656288,0.323308977,0.492488112,0.0,0.02650786,0.00079603,0.093105228,0.008488371,0.096215684,0.027978876,0.0,0.096289232,0.0,0.011965282,1.290828212,0.191034632,0.203253378,0.001607433,0.172590103,0.006019441,0.0,0.0,0.11244635,0.018287937
3.713855762,0.001191969,0.00632794,0.112827552,0.0,0.01732272,0.526134757,0.680438732,0.007273075,0.117035731,0.061159603,1.610951632,0.073467308,0.066866611,0.0,0.009968705,0.00061167,0.007915209,0.050172725,0.0,1.063760375,0.73129165,0.005576361,0.004434654,0.0,0.015447415,0.0,2.439894201,0.0,0.02881768,0.147534358,5.521074468,0.66295573
1.203243814,0.155788752,0.610431787,0.672713509,2.548613988,2.336162626,1.476881787,4.104608567,0.344614231,1.205741056,0.106467977,7.439017031,0.051542173,1.215837914,0.0,0.016443537,0.151699709,0.555452355,1.909438706,0.0,1.819106948,3.320824522,0.569778885,0.219708613,0.0,0.54638303,0.013647072,1.043395018,0.056789883,0.513014802,0.969831634,4.083066407,2.439898158
2.500052475,4.398524162,0.530198323,2.742598034,2.115245193,1.819192822,1.88187615,5.220745383,0.205831743,2.883697493,0.332552101,10.49109397,0.376149501,1.918828735,0.216405596,0.089824599,0.846529556,2.136711197,2.295071099,0.010689344,4.156360023,2.571750517,1.682379527,5.038195851,0.773423386,3.400077227,0.109290135,1.704264379,0.648279101,1.129903936,2.890916684,5.488809543,2.439448921
0.847083962,1.700433895,0.005738775,0.010548355,0.007598313,0.206121583,0.061431006,0.084858177,0.0,0.142806864,0.071586106,5.99281663,0.003822109,0.192719221,0.0,0.007961613,0.033272514,0.102442433,0.14414983,0.065044951,1.117014427,0.041986522,0.489207258,3.164464696,0.753565721,0.074975739,0.0,0.451713017,0.029709434,0.183717276,0.101803145,1.353987553,0.0
0.071232963,0.0,0.000274352,0.0,0.0,0.166365035,0.0,1.085498799,0.00013361,0.001574725,0.033397298,0.024089308,0.0,0.099500382,0.0,0.004844479,0.000577456,0.006479414,0.0,0.0,0.087280101,0.11318354,0.0,0.031467123,0.0,0.0,0.000113875,0.082313714,0.0,0.0,0.0,0.003160347,0.0
0.016122422,0.0,1.304715647,0.0,0.0,1.233121497,0.0,0.142478236,0.970191591,0.0,0.104021805,0.009744864,1.150266005,0.573641489,0.0,0.014499068,0.026604205,0.013433269,0.002531599,0.0,0.348966607,0.0,0.0,0.0,0.002085657,0.0,0.185598389,0.023449524,0.000856798,0.079518271,0.0,0.001683925,0.0
5.656755736,0.090080498,3.006570558,0.791186718,0.984688246,3.150034066,0.933959668,2.006438473,0.137775903,0.087780161,2.148846179,1.808710848,3.812418363,1.252312605,2.743967986,2.370150092,3.30949318,4.434512203,1.845288236,0.0,6.470219412,1.662239043,3.255785244,0.048389302,0.0,0.254180017,2.299056148,3.432054444,0.339574676,0.906278747,0.854706342,3.486222544,0.962983179
4.761739165,24.42570475,0.389699859,15.20439219,3.774646666,0.871857057,5.453042382,3.758584337,0.006382062,23.72878012,3.325429152,22.04496155,0.003368674,0.622990829,8.41199757,5.798619112,2.587092901,7.487552548,4.790252044,13.55044695,1.31933454,4.453741409,4.643755301,22.29368103,17.77780684,24.2393215,2.770021656,3.729672412,11.36842049,0.079571569,17.0586629,19.77668381,5.638487511
1.954133012,0.100370763,0.397584699,0.0,1.211997976,0.230266741,2.111616161,3.044779527,0.106411915,0.026709674,0.272081427,2.394294003,0.0,0.597845066,0.002353895,0.076035792,0.369241785,0.34708632,0.409025738,0.689298922,0.310668757,2.339760966,0.271073511,0.773256369,1.079151336,0.005886403,0.054071282,3.512331051,0.005077653,0.108618798,0.007086494,3.459957141,2.065804796
0.570523219,2.055546558,0.093810206,1.880937573,1.744339286,0.014800329,1.497438613,0.850773837,0.0,2.656160184,0.082390962,6.780502697,0.0,0.218623866,0.020928539,0.014511558,0.12654182,0.971179329,0.958883908,0.0,0.034003286,0.767232853,0.471305594,2.41138516,0.428526402,3.133568346,0.003990739,0.790960388,0.26227785,0.0,1.765905058,4.910171922,0.410527996
0.540722474,0.008588871,0.003200908,0.005835761,0.0,0.030396545,0.032644431,0.625372915,0.093584493,0.328234873,0.112729014,2.528913722,0.0,0.005212636,0.000382128,0.016663481,0.001824504,0.025832797,0.0,0.0,0.011749898,0.402561966,0.0,0.011994441,0.0,0.389999276,4.42e-05,0.847331358,6.27e-05,0.038601111,0.007145906,0.750834284,0.0
0.216965234,2.379884751,0.087602115,0.047077646,0.0,0.0,0.231248268,0.790527842,0.049022912,1.494678873,0.0255002,8.503749328,0.0,0.060030232,0.0,0.001713073,0.028533715,0.004934983,0.134866116,2.029746747,0.041668318,0.571866828,0.0,4.93251262,4.173216583,2.056777127,0.005026881,0.905485325,0.144334492,0.008918745,0.316933142,1.388381958,0.0
0.36131185,0.480847897,0.279176857,0.075152294,0.0,0.08258033,0.041265635,0.0,0.036369016,0.179484416,0.089194385,1.044145366,0.665570677,0.954406958,0.0,0.021789752,0.044919331,0.330238173,0.0,0.673237639,0.000334745,0.0,0.004145958,1.466090542,1.741928491,0.106509888,0.023529376,0.373530942,0.013830176,0.32684732,0.101744581,0.381805094,0.0
4.617838666,0.121113962,0.007507536,0.0,0.0,0.023416795,0.209768937,0.002728825,0.0,0.150477187,0.009843443,11.17870394,0.003514166,0.193862478,0.0,0.0,0.0,0.000814812,0.002022078,0.0,1.346573324,0.003396879,0.0,0.252932367,0.006107898,0.099383144,0.0,2.541193013,0.007045535,0.072175903,0.039168008,7.57650319,0.0
0.000187483,0.003811714,0.0,0.0,0.0,0.0,0.0,0.0,0.0,0.0,0.014176069,0.216122811,0.0,0.003638435,0.0,0.002692231,0.0,0.002238792,0.0,0.0,0.0,0.0,0.0,0.000793588,0.001222498,0.003296191,0.0,0.0,0.0,0.0,0.0,0.021532843,0.0
0.040583322,0.001234508,0.0,0.0,0.0,0.0,0.0,0.577267282,0.0,0.0,0.117311102,0.010250429,0.0,0.016555408,0.018393746,0.073119306,0.001204807,0.019842416,0.00208823,0.0,0.022701657,0.040052049,0.0,0.001182929,0.0,0.0,0.003261567,0.171438193,0.0,0.000422129,0.0,0.031843117,0.0
0.557702964,0.00189706,0.127402929,0.043435718,0.0,0.013642302,0.008245152,0.0,0.004688634,0.088116332,0.913052184,1.217267,0.0,0.081077523,0.531857684,1.107644488,0.085241092,0.691475287,0.003049525,0.0,0.004583609,0.0,0.001549346,0.0,0.000481427,0.005640211,0.284967923,0.173863153,0.034657471,0.0,0.078220446,1.74014665,0.0
1.361323723,8.220984318,0.94927512,11.64619035,0.0,1.452864323,0.063268532,0.668866478,0.004460542,12.6268514,0.882090032,19.17525087,0.0,1.249260888,3.755052908,1.626338942,0.271803475,3.231954335,0.00614778,0.011044872,0.140188859,0.07657368,0.077808365,6.588370988,0.414202581,14.03117034,2.457939895,0.533223754,5.884108208,0.049390421,11.2054958,10.21288964,0.0
1.680620354,3.414939467,1.901787046,4.456244367,0.0,1.18682352,0.030637881,2.952685719,0.000174676,3.60748969,0.213517286,16.63159192,0.0,0.759758755,0.255058871,0.251129453,0.045983538,0.342450759,0.00287289,1.38608904,0.298144172,1.183671822,0.003221769,4.184064788,3.226534677,4.400119652,0.926937218,0.461106978,0.9734563,0.015799526,3.682290005,12.71678457,0.261275851
0.514157023,0.893572765,0.618471797,0.0,5.801675185,1.930815954,4.125005845,5.469976114,0.004867334,0.102953403,0.151487626,6.197454666,0.009341438,0.884800105,0.022883044,0.023655432,0.006103126,0.083677866,2.584603792,0.131612248,0.273152217,7.359586772,0.24054677,1.481647717,0.375256777,0.125933984,0.037754801,6.832295636,0.015101689,0.006519599,0.048152634,4.420934263,6.663616775
0.097620218,0.0,0.839585477,0.0,2.074968624,3.568828663,1.0316744,0.673587572,0.069021641,0.0,0.113776461,4.654629059,0.344695537,1.124646871,0.0,0.015099482,0.002352425,0.026149919,1.529346235,0.0,0.103829011,1.05715878,0.117105821,0.003588314,0.0,0.0,9.9e-05,1.479513957,0.0,0.882584631,0.005659241,4.207066355,0.93669566
1.467025205,0.0,2.411968853,0.0,0.210678697,1.883301467,0.067849588,1.923398247,0.08607302,0.0,0.078128137,4.976969786,2.313967541,2.002154415,0.0,0.014714876,0.986008439,0.201597436,0.881907285,0.0,4.621597424,0.373037965,1.340265746,0.003409042,0.0,0.0,0.128321239,0.898576982,0.0,2.020392756,0.0,3.079622745,0.0
5.242420453,0.25486753,0.98340855,0.51931132,1.402153642,1.402890856,1.328522402,2.319413748,0.008131059,1.25370069,0.116515858,6.835542785,1.304486428,0.978542024,0.0,0.024731736,2.257899424,0.448079732,1.723314265,0.0,9.746530362,2.253845167,2.34006808,0.431322251,0.001499531,0.875886983,0.000308643,2.54066292,0.026705751,1.917808134,0.714082696,14.42752813,1.142738849
0.010825277,2.382374171,0.25032931,0.241795949,0.0,0.152305886,0.005516861,0.0,0.014939101,3.136226179,0.144528001,6.769499352,0.01698818,0.144349103,0.0,0.014248932,0.26794621,0.020928644,0.006521024,0.0,0.055573821,0.0,0.018397918,2.246499548,0.009380533,4.283518124,0.002965479,0.0,0.121487623,0.046619585,0.839951353,2.90587669,0.0
0.033007429,0.0,0.0,0.0,0.0,0.014650644,0.00246764,0.028021896,0.137190308,0.0,0.072124791,0.010225847,0.0,0.02091464,0.0,0.007638649,0.000963721,0.011996039,0.003206559,0.0,0.037966191,0.0,0.0,0.0,0.0,0.0,0.0,0.0,0.0,0.0,0.0,0.033962171,0.0
0.001983915,0.0,0.018544173,0.0,0.0,0.036545941,0.002675519,0.0,0.396581495,0.0,0.068266325,0.001544754,0.000793079,0.062210457,0.0,0.007494658,0.0,0.009628325,0.003905739,0.0,0.029518351,0.0,0.0,0.0,0.0,0.0,0.0,0.0,0.0,0.359316811,0.0,0.004277906,0.0
0.169534414,0.0,0.000366873,0.0,0.0,0.003278556,0.0,0.126276438,0.44268429,0.0,0.063505248,0.0,0.0,0.253714959,0.0,0.006880947,0.0,0.012572123,0.003478931,0.0,0.007690895,0.0,0.0,0.0,0.0,0.0,0.0,0.122825654,0.0,0.0,0.0,0.009856794,0.0
0.0,0.0,0.0,0.0,0.0,0.0,0.0,0.0,0.100070806,0.0,0.073968713,0.001858411,0.02991597,0.022706293,0.0,0.01300575,0.000725709,0.019771965,0.0,0.0,0.0,0.0,0.0,0.0,0.0,0.0,0.0,0.0,0.0,0.023107741,0.0,0.004823357,0.0
0.000174707,0.000757999,0.017363438,0.0,0.0,0.0,0.002419777,0.0,0.04905188,0.008220747,0.18078369,0.00096764,0.035080043,0.068180342,0.005052573,0.041417667,0.003157766,0.044236384,0.001032239,0.0,0.0,0.0,0.0,0.001504979,0.0,0.0,0.000372539,0.014292057,0.00047526,0.066856052,0.005326709,0.003731644,0.0
0.529962724,0.495380181,0.1306323,0.143964069,0.0,0.2980425,0.003299162,0.0,0.0,0.327145178,0.947705591,0.144756341,0.100059426,0.681631954,0.0,0.161921962,0.71775407,2.971712036,0.116231662,2.63786431,0.0011276,0.0,0.68076508,0.979223332,1.766856106,0.286111165,0.001266494,0.0015566,0.012042215,0.06478462,0.122802341,0.78287657,0.0
0.000473845,0.001284116,0.0,0.0,0.0,0.0,0.0,0.0,0.0,0.001346852,0.078995687,0.084835601,0.0,0.001364301,0.0,0.010888054,0.000932035,0.008909586,0.001754479,0.0,0.048849948,0.0,0.0,0.009085243,0.0,0.004922586,0.0,0.0,0.0,0.004043703,0.0,0.002140074,0.0
0.005149731,0.034679392,0.004252085,2.695183418,0.0,0.0,0.0,0.0,0.00076368,1.628303242,0.403746906,0.059948422,0.0,0.000208129,0.405840155,0.33267348,0.158816227,0.267903178,0.0,0.0,0.000638648,0.0,0.0,0.0,0.0,1.074504834,0.053161765,0.0,0.348372935,0.0,2.140266979,0.142653588,0.0
0.005137324,5.374540236,0.001341923,0.10389314,0.0,0.0,0.008314763,0.0,0.0,4.683204484,0.082889349,4.385444677,0.003783303,0.011124702,0.0,0.009011744,0.011438942,0.031506256,0.012511048,0.0,0.010782965,0.0,0.0,6.579921849,0.235957768,8.132694102,0.010482667,0.0,1.157400885,0.003248518,1.248456771,0.386725967,0.0
0.042687937,0.0,0.006028653,1.043331684,0.0,0.0,0.0,0.0,0.010875618,0.158047503,0.361685445,1.023667309,0.000398906,0.019051547,0.071705887,0.083383165,0.047818869,0.294591947,0.0,0.0,0.0,0.0,0.0,0.0,0.0,0.0,0.0,0.001861434,0.0,0.000784723,0.383255701,1.413200191,0.0
1.467791804,4.770879721,1.02131114,12.589343,0.0,0.044728473,0.153510278,0.0,0.0,4.839939333,7.376537832,13.14731919,0.0,0.405026403,4.396571789,6.334640663,5.694776439,5.902542092,0.121231068,0.0,0.0,0.0,2.175585368,2.207616418,0.0,6.173184647,5.112608861,0.421987493,2.051172707,0.014811433,6.554586427,8.413720015,0.0
0.000111648,1.40782286,0.0,0.0,0.0,0.0,0.0,0.0,0.0,1.658087327,0.024588208,3.113284657,0.0,0.0,0.0,0.005115069,0.0,0.00491474,0.02616678,0.0,0.0,0.0,0.00409971,1.917917687,0.002660042,1.061362552,0.01205014,0.0,0.358924247,0.0,0.322356062,0.191699256,0.0
0.0,0.0,0.0,0.0,0.0,0.0,0.0,0.0,0.000797032,0.0,0.043587991,0.000624751,0.003487236,0.00010247,0.0,0.004398406,0.0,0.003444493,0.0,0.0,0.001359277,0.0,0.0,0.0,0.001865456,0.0,0.0,0.0,0.0,0.0,0.0,0.0,0.0
0.0,0.0,0.055673791,0.0,0.0,0.0,0.0,0.0,0.0,0.0,0.030029346,0.004071069,0.0,0.003100342,0.0,0.003758611,0.0,0.001930553,0.0,0.0,0.0,0.0,0.0,0.0,0.0,0.0,0.0,0.0,0.0,0.011024088,0.0,0.007378828,0.0
0.0,0.0,0.000684594,0.0,0.0,0.0,0.0,0.0,0.0,0.0,0.06369693,0.025254673,0.0,0.0,0.0,0.006921924,0.001027792,0.02393828,0.0,0.0,0.0,0.0,0.0,0.0,0.0,0.0,0.0,0.0,0.0,0.000666021,0.018149217,0.000300135,0.0
0.0,0.0,0.00010813,0.0,0.0,0.0,0.0,0.0,0.151772103,0.0,0.036467269,0.006908209,0.0,0.0,0.0,0.003986097,0.0,0.002276006,0.0,0.0,0.0,0.0,0.0,0.0,0.0,0.0,0.0,0.0,0.0,0.0,0.0,0.000746289,0.0
0.000138909,0.0,1.141330191,0.0,0.0,0.001515735,0.001816745,0.0,0.0,0.000850672,0.06995232,0.001167231,0.0,0.003973444,0.030497516,0.007027647,0.0,0.014266021,0.004185316,0.0,0.0,0.0,0.0,0.0,0.0,0.0,1.836938808,0.0,0.000423395,0.0,0.0,0.002902177,0.0
0.000360603,0.20521731,0.0,0.0,0.0,0.0,0.0,0.0,0.011577045,0.755082845,0.220234976,0.010218808,0.0,0.001356184,0.0,0.034797775,0.003500234,0.038455053,0.0,2.023802266,0.00157894,0.0,0.0,0.39204655,0.436352237,0.010404579,0.006671774,0.0,0.429324597,0.001458884,0.409113827,0.001019234,0.0
2.043577983,0.546665605,0.325545445,0.0,0.0,0.040512921,2.573207506,3.695530372,0.0,3.977412533,0.096090707,3.962925229,0.0,1.633478917,0.148431288,0.038798194,0.0,0.016529611,0.007269277,0.028673422,1.029915077,6.390326423,0.0,0.643421847,0.0,3.792606577,0.689289213,13.23192038,0.544812619,0.022798511,0.369581463,0.716847143,1.875500662
0.085354344,0.00285397,0.00014123,0.0,0.0,0.001582336,0.0,0.0,0.002638656,0.005811603,0.111945679,1.738980883,0.205866602,0.000336819,0.0,0.018803415,0.0,0.014522154,0.0,0.0,0.098685602,0.007956062,0.0,0.0,0.0,0.0,0.0,0.0,0.0,0.016181622,0.0,0.230377025,0.0
6.163816889,0.15667671,4.487935978,14.25457959,2.101192676,1.883522623,2.038938366,0.073331366,0.014158247,6.423708226,8.504663677,0.149084271,0.032597999,0.285583485,33.32180842,17.17607633,11.02019562,43.39806044,4.769671167,0.0,0.077043056,0.435990329,17.88699804,0.0,0.0,0.06067777,8.365519345,2.598927056,26.32981434,0.096801117,18.58002591,4.398051634,0.784601268
6.837456119,86.55414067,0.014668004,34.03271913,0.0,1.731860596,0.321409105,36.24291624,0.000233797,55.69107666,3.46134566,11.35403787,0.018132474,5.355024925,19.22556095,10.38941296,0.173273228,10.24285428,0.0,31.56129936,2.795034281,12.45894575,0.001712854,61.62872172,35.91767372,84.56025955,4.719585792,8.612486423,43.28692532,0.158294243,34.0321628,10.17907387,0.508241282
0.004057591,0.177212277,0.000610561,0.0,0.0,0.000743478,0.0,0.0,0.0,0.338181418,0.185973531,0.233229935,0.004982918,0.000166017,0.0,0.027122212,0.0042548,0.042341466,0.0,0.295421464,0.495279372,0.0,0.0,0.125184525,0.070864825,0.173068365,0.0,0.0,0.004990082,0.000543497,0.070561568,0.151719515,0.0
0.022556993,0.013244414,0.005106733,0.012192844,0.0,0.0,0.0,0.0,0.0,0.003497856,0.121999689,0.008136599,0.0,0.000588379,0.673017011,0.347843563,0.001645273,0.491502768,0.002191578,0.039888124,0.0,0.0,0.0,0.015916915,0.0,0.0,0.113475137,0.0,0.019700259,0.002478421,0.063226401,0.034864038,0.0
0.022110699,20.20958995,1.083583207,2.465006901,0.125245127,1.229464,0.004536754,0.041102119,0.002129039,6.790890522,27.91239283,0.416141043,0.0,1.256864727,14.01597427,28.52125845,13.46163896,5.518485128,0.647396363,30.37989591,0.005306498,0.02186434,1.254239952,26.99779139,26.52939208,7.34171806,13.49769106,0.0,26.47210376,0.04347225,3.537802494,0.584706923,0.0
1.559504733,57.73685888,6.093958571,20.57641139,8.425545679,0.655791827,4.641106036,1.250891988,0.011964249,41.94955544,49.4297693,7.456919988,0.007542057,0.614331928,44.48529156,49.20507998,35.29766732,33.69315626,8.313290386,40.47159553,0.127868097,2.127875421,17.45892039,55.64192556,48.59297706,52.51737085,19.62130758,1.48511879,55.47350979,0.001772843,35.25842716,4.674232653,2.280406048
0.612851899,16.13184657,2.797453111,20.816491,4.40558008,0.520373611,4.243383298,1.718916111,0.063627197,21.7755924,2.732996883,27.66548458,0.480968797,3.420002157,7.302138545,4.828091289,1.93238692,5.343034017,1.603144704,0.972230301,0.074093675,1.779460111,0.211527035,13.0407848,1.786857598,22.30089041,4.566625208,1.993979648,9.522921594,0.965188633,18.2003861,10.14076323,2.329395472
0.037157492,0.184296288,0.001260536,0.120447382,0.543803019,0.0,0.672412966,0.0,0.01572545,0.636556894,0.167956692,4.166723112,0.055153939,0.404638114,0.006140402,0.027657003,0.003737528,0.032528344,0.422588866,0.30088235,0.116757068,0.0,0.0,0.12600465,0.16846726,0.483116179,0.00962085,0.028639043,0.417356775,0.476082263,0.2879303,1.430404194,0.0
0.098389288,0.22259932,0.001172355,3.327919108,0.0,0.0,0.003359186,0.0,0.130236042,5.593470672,0.325762965,6.851720027,0.019193108,0.069976111,0.262661313,0.055658622,0.008367523,0.082719162,0.004208706,0.0,0.838128404,0.0,0.0,6.22e-09,0.0,0.789783915,0.397109946,0.004442572,8.548748727,0.028138578,7.043300238,4.759981448,0.0
0.681365187,56.25203118,1.204517728,32.47580891,0.15611337,0.091985316,1.308020944,0.01213037,0.058155517,56.10874665,11.45103997,26.27279897,0.187980957,2.040640785,12.7804951,11.89019205,6.154851993,9.624496766,1.463845133,41.04881158,0.002914868,0.16292557,3.638023432,39.35575724,37.98268104,55.96593587,2.979431043,0.163392673,32.34465954,0.472161023,41.06064524,4.623071512,0.283350302
6.399720703,2.879033829,2.666354935,1.041627912,24.40038513,4.056547344,15.78375564,5.54104424,0.329905025,0.405975579,0.281284419,11.51659209,2.475354923,7.229167036,0.111460712,0.099876712,2.817178205,3.04365085,21.47473395,0.032031271,1.262696478,5.922738553,12.07531277,2.146913011,0.435996402,2.395327521,0.015907711,7.431379766,0.078216576,3.213763197,0.360406338,7.748517965,8.267967778
6.659353979,0.004946994,0.497235353,0.0,8.036115778,0.463739776,7.28170784,3.616596879,0.006908152,0.006254191,0.126270266,5.228659796,1.322793733,0.735847058,0.0,0.014226306,0.746675812,2.578900276,6.782478027,0.0,4.148584464,2.6499818,4.334137057,0.002277008,0.0,0.003376096,0.0,6.746231422,0.0,1.857053603,0.001634922,5.104976466,3.052603726
0.000270078,0.0,0.000767401,0.0,0.007404213,0.0,0.0,0.0,0.001708715,0.0,0.105932028,0.193312424,0.00015587,0.002412224,0.0,0.009670356,0.001195934,0.019133907,0.0,0.0,0.002453597,0.0,0.0,0.0,0.0,0.0,0.0,0.0,0.0,0.003395781,0.0,0.002027742,0.0
0.022071419,0.0,0.00358788,0.0,0.007001741,0.0,0.001717994,0.002722972,0.0,0.0,1.911129876,0.683626122,0.057622052,0.013740029,0.012331832,0.589483232,0.150632123,0.618378547,0.0,0.0,0.007502082,0.0,0.0,0.0,0.002750999,0.0,0.006210543,0.002601435,0.0,0.07635674,0.0,2.494915165,0.0
5.073642494,0.669992624,2.148188415,5.666158997,6.027902198,1.925185185,3.9231711,0.958906457,0.000164836,3.384905036,1.055261402,21.80912348,0.012909428,1.346231874,1.625171233,1.092043739,2.171007899,2.986724847,3.373897453,0.0,0.307490237,2.633014755,1.784774652,0.040344236,0.003404839,1.06349627,2.297894084,2.889609579,1.043288066,0.271291022,4.579233681,15.68146825,2.075115897
15.86144849,9.56949307,11.02613033,13.3323737,32.90276195,11.58784306,27.96288017,6.107138047,0.215632401,16.07786986,11.72998797,33.58373518,1.540276992,8.233748434,8.74790844,9.989162311,14.07527157,13.2606356,34.21216556,0.009008015,1.673634395,10.34630875,16.83622757,6.293631107,0.625734116,14.80302243,3.143603244,12.01367967,5.93046342,4.553971761,15.60514613,22.70205311,15.80631243
10.41786418,0.017683687,3.931613937,0.971197321,18.31404462,5.577055624,18.5602459,16.63072187,0.22398367,0.03016909,0.481157851,2.920260776,12.7996089,4.535539468,0.087814506,0.062216691,3.606402732,3.495992228,11.85690833,0.0,10.93916469,17.33002574,7.955008172,0.014067393,0.0,0.038234126,0.859522071,13.6447213,0.0,7.957034974,0.183564196,5.796492499,19.35360877
3.628716985,0.0,0.03186211,0.0,0.222430849,0.016693895,0.681618023,2.674923378,0.037520984,0.0,0.11510819,1.979439222,7.168033186,0.529060485,0.0,0.023960696,0.001683768,0.034845069,0.108982268,0.0,3.954157647,1.169495259,0.0,0.0,0.0,0.0,0.0,2.47630519,0.00895398,1.926000734,0.0,1.413742629,0.410612686
0.000954252,0.0,0.255127062,0.0,0.0,0.046528046,0.001305319,0.0,0.198418869,0.0,0.139319994,0.007630787,0.651953298,0.87228368,0.0,0.037554356,0.000726249,0.028733098,0.005612646,0.0,0.002144127,0.001565445,0.0,0.0,0.0,0.0,0.000354298,0.0,0.0,0.963946023,0.0,0.007374735,0.012998647
0.990889182,0.00089824,2.127791074,0.0,7.441200306,4.720504262,8.313636605,3.794490792,0.212811385,0.02547858,0.154173672,0.024561079,8.475811806,7.151974254,0.0,0.041898357,1.058959461,1.427315905,5.690726694,0.0,1.292883335,5.704848014,4.105438372,0.0,0.0,0.004202217,0.024376414,1.802247352,0.0,6.936759299,0.001307011,0.052258966,7.59934737
1.813921845,0.001301777,0.085601006,0.0,1.745331099,0.708194428,3.796348086,7.505529893,0.04820258,0.0,1.080551045,0.00658685,8.325244665,0.535761768,0.393040338,0.777716824,1.098203676,2.059108185,1.48049806,0.0,6.977937664,5.913955428,1.518466647,0.0,0.0,0.0,0.037773175,5.493431492,0.0,4.755305232,0.025071241,0.290516411,5.778721801
0.783185564,0.0,0.002456742,0.010043385,0.0,0.002410255,0.014205981,0.0,0.095646329,0.0,0.0,0.0,4.531783998,1.103821995,0.00106202,0.0,0.0,0.011498399,0.017121706,0.0,2.091620263,0.0,0.0,0.0,0.0,0.0,0.023885826,0.158283955,0.0,3.451295308,0.000876892,0.01938679,0.0
0.0,0.0,0.000384461,0.0,0.0,0.001129726,0.0,0.0,0.023579079,0.0,0.0,0.003511387,0.047648252,0.005362395,0.0,0.0,0.0,0.003566659,0.0,0.0,0.024968129,0.0,0.0,0.0,0.0,0.0,0.0,0.0,0.0,0.170784349,0.0,0.000221825,0.0
0.008378587,0.0,0.016242479,0.0,0.0,0.05580527,0.004200115,0.0,0.078206335,0.0,0.049343631,0.004124118,1.125265709,0.311779872,0.0,0.015955215,0.0,0.012183378,0.002422836,0.0,0.046365799,0.0,0.0,0.0,0.0,0.0,0.0,0.001685528,0.0,0.295825063,0.0,0.011723691,0.0
2.355886057,0.0,0.009177213,0.0,0.012972338,0.066260839,0.195500489,0.300739484,0.030175676,0.0,0.174840416,0.006546141,0.78716035,1.42595614,0.0,0.029706928,0.002769034,0.031418082,0.017035692,0.0,0.886022712,0.030900486,0.0,0.0,0.0,0.0,0.008166193,1.160217257,0.0,0.811749916,0.0,0.076624498,0.0
0.034706144,0.0,0.004791212,0.0,0.0,0.0,0.008767143,0.0,0.115058246,0.0,0.285984593,0.027225745,0.0,0.015791045,0.001382753,0.066103999,0.00512487,0.066741481,0.014596764,0.0,0.181390674,0.0,0.0,0.0,0.0,0.0,0.003687059,0.0,0.0,0.027889206,0.0,0.014568439,0.0
0.041569201,0.0,1.950831521,0.013760178,0.0,0.473543936,0.0,1.931714799,0.624645425,0.0,0.0,0.003550818,0.883680082,1.319303726,0.0,0.003804882,0.0,0.0,0.0,0.0,0.171590194,0.115276728,0.0,0.0,0.0,0.002095109,0.052788715,0.964105991,0.0,1.554561445,0.0,0.000561468,0.0
15.82075745,0.001462921,13.62014122,12.55069048,28.83733327,22.60090107,28.2152511,34.29649748,0.029946494,1.98482747,31.61383204,0.211810604,0.092359204,3.848341032,34.73200253,36.41171755,43.76548546,50.71951982,35.72710932,0.0,4.440612975,46.74843917,44.17222779,0.0,0.047009692,0.0,5.914865917,25.58226597,1.591729409,0.446791885,12.2664983,9.4258584,31.33073198
0.606495176,42.75827304,0.001804111,35.33378532,0.0,0.021922075,0.009810139,0.0,0.036516388,45.86638169,6.091433341,34.32353055,0.002278403,0.159489538,21.0182669,11.32826039,1.227800823,7.4636024,0.011190405,12.00377419,0.00560801,0.0,0.093748678,43.66174197,23.31361754,44.79204138,4.229400253,0.000610515,36.70466043,0.023057847,50.55274574,17.72488172,0.0
6.822935155,0.131841876,4.643513295,2.489862761,7.000304597,9.763639751,1.155703758,4.190610727,0.24914054,0.116825185,18.29823729,0.19244173,4.417874405,4.376793674,17.5854827,18.02394552,14.04946383,24.14022824,13.14273084,0.0,0.591845483,3.61716103,13.17003213,0.324081449,0.07338989,0.052901179,1.818315512,0.803709803,1.537528766,2.538451436,3.08728576,3.220381665,0.996270356
14.29116987,0.20631086,14.78851848,25.36617223,11.31646868,28.39455501,11.18986642,11.50181685,2.447511722,7.180505803,8.490502041,5.158859512,3.838649137,18.23033258,9.230231725,9.239913841,10.51693055,19.69319648,10.18304641,0.0,1.281664722,18.37063676,11.86466417,0.00209731,0.0,3.745122482,5.252797766,8.243289263,1.445233367,4.700673873,16.79856212,21.59092189,18.50373895
2.746449308,0.359734111,3.458773688,6.71499238,3.715282131,8.307334235,4.802388671,7.094582754,1.650471307,1.513504386,9.884444345,19.89245278,1.787385153,4.80521534,8.665000963,10.34035441,5.845205735,7.280089275,3.6398397,0.0,0.429818397,12.16978442,3.068562568,0.334674701,0.0,1.016739172,3.322672317,7.427005128,1.380233551,2.575881468,4.844808624,17.88004669,12.01512739
0.832240364,0.019757272,2.487028546,0.582992638,1.553337591,2.372666979,2.312092494,2.367805195,0.357876897,0.139995606,2.479716363,1.521608267,3.808500284,3.286094454,0.412123393,1.384902686,2.565789736,2.578151268,0.919373071,0.0,0.248234813,5.800879006,0.952816148,0.0,0.0,0.150390957,0.258843431,4.910983556,0.029313489,1.930325535,0.18515881,3.26650476,9.385083476
0.082669248,0.00949626,0.154600794,0.0,0.304696303,0.920124933,0.433482679,0.718453369,0.123260718,0.0,0.445072157,3.531844814,2.149865936,2.290935907,0.013791351,0.168243341,0.036956303,0.06173172,0.112527883,0.0,1.104530379,0.762113876,0.012399629,0.020426124,0.0,0.004612726,0.007462455,1.103619692,0.0,2.906691997,0.0,1.948805564,1.014006323
0.176149377,0.0,0.949839987,0.0,0.0,0.225006912,0.257504886,0.031218991,0.016981016,0.0,0.174536706,0.194699873,0.412035187,0.749417373,0.0,0.043247438,0.002753804,0.077577455,0.018547695,0.0,1.068661937,0.128073793,0.0,0.0,0.021103596,0.0,0.048764552,0.532342182,0.0,1.195101169,0.0,0.043532103,0.329642545
4.377224284,0.354386646,0.070915726,1.772286885,0.0,0.0,0.253439946,2.807293268,0.24696725,2.924045145,0.907326077,0.699821583,0.265377044,0.044454724,3.983602146,1.3747601,0.126541875,3.35888599,0.0,0.0,5.636477139,0.579772726,0.833117171,0.006376512,0.003895821,3.126485129,0.149694481,3.971822988,0.479824303,0.445287604,0.739667463,0.711138636,0.025109746
0.012727955,0.0,9.56e-05,0.0,0.0,0.001114755,0.0,0.0,0.177561875,0.004946707,0.125226181,0.406532996,0.000193685,0.011893347,0.0,0.030914972,0.001679743,0.033601471,0.0,0.0,0.135048788,0.0,0.0,0.212197045,0.0,0.076550865,0.0,0.0,0.0,0.00675719,0.0,0.009463652,0.0
0.480689896,5.849273641,0.798386265,1.548475017,0.0,0.020044301,0.040785481,0.0,0.165496942,10.99256576,0.276724206,10.37228089,0.054751461,0.292772924,0.026694452,0.624009794,0.020979111,0.09778931,0.366465545,0.0,0.214823955,0.0,0.234190893,3.471043947,0.576766859,10.68933773,0.23124453,0.0,7.252330035,1.355457863,8.730899733,11.84916583,0.014526497
9.177625228,39.64899876,0.026135829,1.50704336,1.465036391,0.0,2.205596532,0.090802972,1.992933347,15.1806193,0.539027722,8.848994797,0.234291721,0.231267683,0.003982436,0.151369772,0.797451411,4.309727065,0.528154714,0.002507994,2.560220974,0.04164822,0.092087788,23.83280136,1.982975127,23.28655639,0.15469403,6.356816129,6.469009432,1.526123217,9.972793536,3.090066453,0.0
13.95769578,0.000905687,28.73439943,0.159885002,6.064673466,11.96923513,2.410222696,0.008644574,1.555462268,0.340887045,25.23700829,1.27356122,0.463894929,2.886067295,38.47883649,36.78238456,35.93001477,32.69915891,23.26769141,0.0,0.298379805,0.971993766,36.0870396,0.000314421,0.0,0.0,19.63474495,0.18449447,0.334860374,1.537620755,4.101331864,3.791888069,0.194234725
3.274939015,48.54005346,0.123534563,19.33991115,0.018640256,0.262104543,0.104701877,0.751925735,0.67042799,48.48818129,4.315739869,18.61253208,1.630488915,2.213210652,32.3392606,8.215220554,3.621663849,11.14843982,0.053100952,34.53799867,1.59536484,0.079459237,2.212408019,40.01655267,58.50566563,56.9042175,17.29995921,1.346796996,53.12556766,1.276459137,46.55155195,11.24790377,0.015485947
3.251716576,3.12884898,0.359325042,0.102621492,0.27473215,0.736042277,0.964973709,0.736941413,0.066920451,0.514378329,0.101269903,30.54701037,0.416201354,2.802740414,0.021105648,0.017953892,0.821496686,3.45691651,0.041442483,0.125507827,0.465136081,2.001561501,1.00534937,9.65785835,0.613622883,0.545853576,0.004534986,0.30069913,0.017501723,1.089689247,0.025583675,12.74849425,2.17803465
7.39636219,0.105355916,3.481345604,2.013878013,0.023612635,0.118034453,0.128664877,0.503635904,0.662932862,0.772806528,0.32199534,12.28873742,0.240273638,1.232937976,3.906897245,1.268595313,0.005929186,0.624254096,0.002830357,0.0,0.368458731,0.198904772,0.003706045,0.017814941,0.000747205,1.000378624,0.526999071,3.961005358,1.210040881,0.400774206,2.003218803,7.043848209,0.359389993
12.53667911,17.99613261,16.59321793,43.96594416,15.47827891,17.77959427,28.83422996,3.985617426,0.035482197,22.92849084,35.53173855,13.04735618,0.524083635,6.908772812,26.32157626,36.3111407,28.3438845,31.50119318,30.95348576,8.887742728,0.639676547,7.255814054,31.49730813,14.97063462,13.24662946,12.0012782,25.30240328,5.240654043,23.06372475,0.918301893,36.26380172,21.56044618,6.129305191
0.904911657,5.563629999,1.14433369,0.103445185,0.0,0.034107004,0.202721261,0.033980802,0.598344221,1.392946415,0.367014325,9.988825668,0.07083876,0.560084074,0.027200097,0.161767907,0.007015902,0.102754747,0.121354934,7.735571438,0.094841111,0.03471481,0.036460088,6.331329405,8.139693979,1.77385955,0.019965502,0.051114253,0.211040066,0.67428804,0.349623727,3.032374845,0.04482715
16.06356659,0.567101763,6.555320249,9.034222014,16.4383773,12.88414437,13.86049787,12.17465376,0.053394443,3.18591706,6.121510315,17.00944461,0.295775598,12.07715744,5.554137859,6.549290518,5.118075528,11.17127529,13.79101955,0.009098008,1.073553527,14.96921165,9.066928521,0.702868111,0.017627987,1.407288807,1.807509948,8.718741944,0.464877005,1.251951689,5.690319584,23.42903617,16.86673148
3.008171382,0.003860219,1.685334657,0.014021177,24.66984511,8.215844029,28.17638744,15.35761035,0.014943721,0.020990832,0.659796855,4.863429687,2.738213271,4.489169418,0.492317657,1.269120607,1.035252582,1.523417887,13.77217341,0.09904648,5.107383063,20.46875896,4.527058956,0.059991679,0.128472669,0.001704439,0.356154982,14.27648055,0.028433513,3.384067488,0.099884217,4.60716605,29.44754284
2.03792238,0.013402766,0.025540329,0.0,0.043034834,0.037929797,0.009531717,0.139221169,0.072067771,0.0,0.32691613,0.600832231,0.936505606,0.151276743,0.007527108,0.099236314,0.007145188,0.040319902,0.0,0.0,1.969511878,0.008422738,0.002918257,0.000638692,0.001685823,0.041235887,0.006668532,1.283916098,0.0,0.544004296,0.0,0.149022144,0.0
0.108914637,0.06505708,0.001633903,0.0,0.045390052,0.018140571,0.020668843,0.0,0.086457788,0.0,0.366038585,0.015903782,7.758281631,0.026918869,0.0,0.056934101,0.001544607,0.054735752,0.022434687,0.007477086,0.88361904,0.0,0.005944191,0.006053494,0.002541724,0.006388087,0.00337508,0.000898085,0.0,1.463261801,0.005536452,0.012553307,0.0
0.006888255,0.0,0.001130831,0.0,0.0,0.003114983,0.0,0.0,0.047659649,0.0,0.321856377,0.008278411,1.81830576,0.002853776,0.0,0.055640845,0.003076282,0.057257688,0.0,0.0,0.030619505,0.0,0.0,0.0,0.0,0.0,0.000349924,0.0,0.0,0.154046031,0.0,0.002021336,0.0
0.358837069,0.0,0.002891826,0.0,0.0,0.007514731,0.00241739,0.0831175,0.05385167,0.001911253,0.353174785,0.016181072,4.007083996,0.024046448,0.0,0.060940141,0.004023964,0.041104053,0.007414219,0.0,1.36730322,0.0,0.0,0.0,0.0,0.0,0.001155008,0.695585399,0.000702289,0.311706855,0.00673199,0.031629377,0.0
2.647569772,0.0,0.002502327,0.0,0.0,0.0,0.0,1.344423001,0.063736752,0.0,0.175124199,0.014660568,0.606776778,0.000379264,0.0,0.030606944,0.0,0.025724005,0.006023433,0.0,2.106797908,0.045542483,0.0,0.0,0.0,0.0,0.000103708,1.357530335,0.0,0.44458716,0.0,0.033277761,0.0
3.000477206,0.0,0.02962005,0.0,0.0,0.01477495,0.070058042,0.0,2.255342432,6.65e-05,0.055199411,0.903267553,0.070288892,0.000793199,0.118123248,0.02939803,0.20460688,1.434014917,0.003498308,0.004821408,0.509695432,0.0,0.008196478,0.0,0.001328098,0.0,0.001660853,0.185671979,0.013195082,0.121441717,0.001569362,3.970350885,0.0
0.221163722,1.911486526,3.679250938,0.131998645,0.0,2.982980028,0.032666744,1.003960646,2.244130428,1.360464719,0.594028511,6.40242348,0.461580593,1.46783591,0.346819134,0.212059199,0.087551529,0.709060391,0.0,0.0,1.968833515,1.021460982,0.0,0.068376457,0.0,7.037827774,0.061719009,5.049205451,0.136050433,1.307146394,0.251438949,9.203557087,0.0
22.00373381,7.943695718,9.44908099,2.943959762,90.75007721,49.01256895,44.47169249,37.0149042,0.329914012,1.728979513,2.440878396,9.360012862,1.889172611,22.5276313,6.905446374,2.953633212,5.737672111,15.19716137,39.77055814,0.0,8.705303214,56.29740258,17.29877682,2.638551597,0.052117751,5.023712502,5.660055514,22.4216588,0.558084604,3.276488347,3.034631585,10.92466455,54.04479796
1.491478658,0.084020555,0.247149636,8.34424042,0.0,0.009015751,0.277640381,0.001102017,3.988234194,2.491092804,0.076315613,35.62892122,1.750772074,0.922068914,2.867724433,1.51931526,0.053086532,4.658261496,0.025681606,0.531257032,3.485622732,0.0,0.036776744,0.708641508,1.429288149,1.528359039,0.128596863,0.258882202,0.612986289,3.903229238,4.703498454,36.07346927,0.017908407
8.897876854,0.106378291,4.614272209,0.028773283,2.038741186,14.01675734,10.02466318,14.256576,0.478792807,0.032441164,0.36265573,5.777655702,2.251150655,10.27332532,0.065028648,0.151839143,0.048500413,0.239053472,1.832170454,0.170753653,2.914429151,16.31762863,0.293622527,0.070146391,0.175311066,0.069709441,0.00938274,11.87846296,0.021265189,3.051939479,0.072808943,3.097171919,27.05860697
0.972524905,0.044119618,0.172983726,0.021815347,0.0,0.113940028,0.013195425,0.0,0.125971558,0.291930598,0.328333644,8.560075824,4.057193122,0.311651612,0.148205507,0.289562884,0.046021325,0.177308063,0.003836143,0.004312904,6.840202315,0.001480592,0.0,0.210688777,0.013279163,0.292197496,0.008831542,0.100603474,0.0,3.764446444,0.033342255,6.780148603,0.0
0.913653904,0.138395786,5.923146125,0.135897578,0.0,3.400589991,0.003768946,0.165489949,2.350329637,1.433300107,1.568236456,15.71642855,1.110762879,7.035636926,0.165538319,0.381858695,1.876592749,0.302411416,0.003268311,0.060093651,4.873156892,0.0,0.0,1.996340965,0.52497871,0.117626028,1.688284955,0.151640918,0.710369794,2.07915503,1.326866052,4.745419625,0.0
11.13221014,1.237120102,21.49068158,3.203240378,28.2163052,42.59408745,20.77337574,11.99105756,0.903330747,6.687992512,3.764593969,2.987653589,5.28976226,19.8642897,1.837577455,2.164102056,13.33565712,10.55790217,18.15692053,0.0,3.584193373,21.99711472,15.72135129,0.340608814,0.015166668,3.042970078,8.066536696,10.02174269,1.368633155,6.470808966,3.989623809,7.558862776,25.60455018
8.693586099,0.637989466,1.546060759,4.339589878,16.09123909,5.530787321,18.83008937,17.9262234,0.608840794,2.92808805,0.254166665,14.12655733,6.022946584,5.065139246,0.687053908,0.098695832,0.374249403,1.619690266,9.12494697,0.000670928,10.9297414,21.09281651,2.979845761,0.644092238,0.037124119,2.066022372,0.090752189,15.43156588,0.482088987,6.855220046,2.685547246,14.59425215,22.1349887
0.188639756,0.004711353,0.92254217,0.010712814,0.038063652,0.004806115,0.202657766,0.0,0.310169999,0.015287188,0.11379394,1.885017799,0.560029194,0.036401778,0.008622478,0.016997715,0.005872247,0.010349068,0.295338019,0.0,0.803025561,0.0,0.0,0.0,0.0,0.008757968,0.025570781,0.21235364,0.003925479,0.076617134,0.094783814,0.213871472,0.0
0.728470123,0.0,0.196174292,0.0,2.203645797,2.498499307,3.185683317,1.360980887,2.993744759,0.0,0.0,0.050320899,4.256525095,3.699979253,0.003639453,0.006283053,0.0,0.0,0.944311064,0.0,1.824581576,3.003798191,0.001368307,0.0,0.0,0.0,0.001221539,1.366248502,0.002720004,5.360815864,0.014341752,0.065049342,4.306659317
4.473256873,0.002134369,3.903447355,0.074792844,15.94154443,9.166592409,10.48858559,4.67390089,1.71689221,0.051837015,12.33174093,0.03561376,3.870733966,4.528734357,2.501220547,5.368351927,10.55056032,7.26008533,13.31044392,0.0,0.816708012,11.88944175,12.72270423,0.001125013,0.0,0.004767663,1.251878527,5.019692219,0.986855133,4.248700448,0.190863094,0.625853527,11.56715499
7.127966541,0.913614047,0.380279624,9.794779277,7.842793253,4.568352641,10.51124234,5.765940379,1.502238093,3.353923715,2.116466067,0.440193814,3.245434246,3.329570782,6.437248315,4.553880352,2.002595184,7.554985161,5.893125339,0.100336206,0.43513305,11.85604758,4.640952317,1.469748182,0.306212713,0.654190679,0.852047636,8.68362439,8.118868022,4.676575449,8.118919184,3.509412079,13.78192338
0.507480951,2.697415523,0.049548672,0.296438696,0.038596106,0.059385238,0.076127966,0.033199602,4.3430983,2.930929885,0.042504891,1.14341355,5.113897031,1.972626182,0.047826469,0.004735689,0.00053526,0.035972451,0.025313478,0.0,3.167737187,0.004419931,0.0,1.357961515,0.015160067,7.972455611,0.135887492,0.227554132,0.506041168,5.75674413,1.153183658,1.626777621,0.0
0.969654177,0.000516902,3.666700826,0.014402882,0.397565717,1.552112881,1.565200179,2.300447185,1.236984239,0.007837645,0.013219984,0.329546857,2.218351123,4.600698416,0.00897696,0.0,1.040059779,0.458349749,0.461656532,0.0,6.283296185,1.377693261,3.90010207,0.0,0.0,0.002439567,1.049866727,2.21221941,0.000788458,5.76798446,0.004140146,0.149238265,1.644595372
18.30229463,0.00055688,1.319108277,0.277356769,7.212922554,3.61597153,1.494710969,3.578778411,1.087549492,0.39362242,0.279150576,7.929246778,3.008654358,1.710030658,0.158917054,0.146226438,2.469532243,1.268329714,5.608009797,0.0,20.78758433,4.203030349,7.074409376,0.027856787,0.017718742,0.001838458,0.178854464,8.557394651,0.075143303,3.305706633,1.12575528,13.13461659,1.549182491
2.189889751,0.506647316,0.034025454,0.0,0.0,0.009926413,0.0,0.0,0.675266647,0.921651506,0.011479113,16.13106178,0.772291034,0.156893418,0.001683325,0.047405211,0.001079193,0.042951902,0.009678626,0.0,4.377283635,0.0,0.0,0.521538769,0.0,1.204933829,0.001198598,0.078923674,0.018407036,1.132353628,0.005458466,17.0152418,0.0
0.497094841,0.000709584,0.434424618,0.0,0.017473306,0.261048496,0.022671723,0.213034751,0.948082474,0.012054874,0.204978526,14.00323016,1.13115244,3.438413843,0.0,0.058731914,0.090488484,0.027602727,0.012142813,0.0,1.161802324,0.072546553,0.0,0.0,0.0,0.003347845,0.005517012,0.102177171,0.000801574,1.99975373,0.0,9.968626529,0.0
0.450973908,0.0,9.352821491,0.166318929,0.579981371,1.797331622,0.177434292,5.635128032,0.120217481,0.01473681,15.26233919,0.671766332,0.074154018,1.839739533,5.784853416,12.17361031,27.6203462,10.0365407,2.767899195,0.214469965,0.681188319,5.721022924,9.10439579,0.004255917,0.036526806,0.0,4.469892359,0.519295209,0.033831364,0.981456613,0.750077623,0.771780578,2.647583265
15.3437398,3.637690085,0.500515425,5.377864737,9.054370833,1.39089967,25.27860251,13.57893555,4.756795543,5.250138788,5.7102696,16.37148819,1.597636744,3.273608348,17.07519697,10.67429046,3.257538033,19.21118956,8.731008986,9.087297336,10.98566287,13.76216261,5.305141002,3.307596992,4.892156325,1.288112398,2.008026059,28.337936,6.998472764,6.62891865,8.60108651,14.0384487,22.40514817
5.591742106,0.013834202,8.719374142,8.834410476,11.68660507,4.626723857,7.087658663,4.66434967,4.231255283,1.115676708,3.884871639,5.06098913,0.638690364,9.122102727,2.900045546,2.084481608,9.575103312,13.47675602,15.87294024,0.0,10.91521294,6.575913951,16.42807522,0.030657399,0.008265673,0.02674248,1.177268581,4.910576141,0.291155585,4.958393271,5.690265422,10.12676496,7.519698815
11.88041658,6.620236954,1.536827681,18.91277746,16.19948682,2.236356005,9.427425472,2.289435359,1.516833369,14.89884781,0.85990486,19.1073329,0.665427213,1.740894521,2.255541519,0.671162746,1.847517855,5.96521579,11.28536629,0.092697477,2.676687308,4.170958374,6.280917292,3.688169828,0.156657097,12.01193951,0.144261367,5.330356972,3.318558231,2.687558238,13.31790488,7.473704688,4.572839248
6.271827612,6.416332196,0.268066304,0.588613126,4.223592077,1.474739449,10.75328704,1.458897513,0.975139978,11.37123828,0.221703713,14.62885075,2.440333045,4.703961348,0.010614093,0.057497301,0.011664338,0.05337534,3.080512595,0.032597874,0.906324001,5.878507458,0.514822863,12.56220838,0.043964845,14.59107985,0.115142756,2.051396301,0.17621874,4.384205235,2.047175046,5.387492501,7.647776737
5.965501794,6.388998275,0.638695234,0.083812862,0.045796982,0.071464496,0.210609529,0.03892458,5.626484433,5.675608012,0.605544155,19.63679584,1.451139704,2.303272344,0.150382438,0.321527157,3.675660219,0.691883861,0.041785828,0.789602342,2.501417102,0.033348597,2.338160024,10.12790042,7.082814105,1.992495785,0.008116548,0.495471178,0.380122796,4.651923687,0.061438514,24.939392,0.522629737
0.450504026,0.079562049,5.917315734,4.69049011,0.05883948,0.492178768,0.135923468,0.069752571,2.714939674,2.080430165,0.217646179,7.653638888,2.040692428,3.434206116,0.114298488,0.110516153,0.540059369,0.169779958,1.227204847,0.0,2.607715363,0.155335633,1.02687852,0.082795089,0.021979415,0.067213049,2.340728376,0.73910823,0.746046864,4.135040195,5.462278898,3.703424341,0.0
6.951851933,4.741863055,0.185138699,21.18636828,4.548906075,1.752716725,13.72146118,10.67593742,1.904097917,3.5901877,1.233943102,13.17348709,1.69087572,3.197046037,9.03846737,3.347673847,0.56060859,3.614163554,5.418075896,0.0,4.566188329,9.048796081,0.900895868,2.575167799,0.040341622,2.51301021,0.548643929,21.73393046,1.7666648,5.701998313,8.073721762,8.209746005,5.036759092
20.59251943,0.485654127,0.771914168,8.684896307,3.810360994,0.527800069,12.34479154,7.852114529,1.558720285,3.470208818,0.994861692,18.82560956,0.644558363,1.821604905,2.264856227,0.700573191,0.859192037,2.502693442,4.820658637,0.0,3.5718195,4.640737329,2.512912441,0.046557924,0.00487143,0.552320301,0.224745267,22.47092678,1.924628181,4.136072134,12.68546182,12.63081359,3.897062179
34.9298932,6.33906701,5.910539295,18.60200561,0.00778327,0.49856838,3.569046933,0.423971014,2.182618998,3.88270454,2.072995607,24.9701502,0.446127588,2.042889599,15.76030839,6.845419821,2.493290759,6.278952308,0.589012956,0.0,2.988805688,0.087989858,0.85418633,2.119988978,0.003803787,7.860732523,1.885732113,12.51453899,1.4729669,4.422244122,23.33172125,27.4579328,0.035148006
2.644689889,8.181978261,6.242507166,29.86273633,0.801664387,11.8548009,0.459892442,3.062645122,4.011052805,12.03189595,2.000663033,9.535041959,1.150242034,13.07927117,20.83864087,11.13213718,7.231402279,12.16807873,4.304245535,8.294975147,2.560198644,3.630075252,19.80577433,10.94418766,4.378314041,5.833243308,12.3546441,0.744926769,23.91183185,6.1138643,15.65250918,13.22777659,2.505816628
11.43114041,67.58758799,0.462388721,16.68343225,1.331665966,0.257284583,1.738723628,0.095031545,1.798302516,38.67302001,5.591923273,25.5934522,1.393461574,5.403717733,0.996151838,1.949278467,15.48078371,23.23485054,4.059156307,20.32292273,9.088119052,0.669342542,12.45612241,55.2116251,43.55243927,81.28883754,1.218144396,0.776086562,12.22739842,8.786031598,20.45339395,28.47838065,0.877661904
0.815479036,0.000862246,0.028714982,0.0,0.061944081,0.073165511,0.516354075,0.106923695,2.019283998,0.009962889,0.260395248,6.99775775,8.060072828,1.454700494,0.011581606,0.060842047,0.004998732,0.067296528,0.285108606,1.053395472,8.423275559,0.143415054,0.199040088,0.002740396,0.913829637,0.025104791,0.002786426,0.39276655,0.0,7.013319823,0.011300188,3.599145009,0.472728699
0.505484075,0.0,0.602759266,0.0,0.0,0.069079717,0.178019689,0.124242474,2.274947715,0.012147523,0.21559873,4.166042197,7.174926754,2.378424019,0.118640784,0.098311979,0.027639762,0.155383109,0.038309809,0.012678537,1.284281025,0.086274462,0.028563043,0.061532884,0.029752175,0.0,0.761755873,1.743035492,0.031063317,5.390523637,0.152402952,0.850026177,0.355780647
0.394775755,0.0,2.167329018,0.0,0.057467689,2.728624633,0.685643255,1.615083047,3.195010338,0.0,0.257441209,3.030054642,7.112803685,1.250397219,0.030689469,0.043705584,0.474952911,0.0473188,0.542113442,0.0,2.785256581,2.261383151,1.139727003,0.0,0.005094034,0.0,0.053210376,5.865834646,0.001737785,4.246581245,0.015179205,0.563791476,0.67109179
10.29980559,0.000201708,1.215689605,0.005659053,6.262157285,6.22226022,11.50078216,10.7404046,1.221460713,0.025369734,0.476231328,7.288374112,5.633806386,7.758319398,0.03179294,0.206876862,0.027890921,0.191543266,5.344246968,0.007531852,8.665475302,10.02267744,1.603877559,0.020753025,0.050675704,0.070897407,0.091322689,11.72674749,0.013466842,10.42921968,0.058774201,1.437471314,9.35735089
6.287026936,0.038755098,0.041595603,0.004437244,0.056403711,2.1492872,1.598684959,2.495549703,2.453813251,1.971186283,0.359673412,14.12339199,4.956397799,5.97961014,2.160016677,0.854049949,0.034092515,0.340549204,0.271378528,0.856162215,10.32450672,1.207781214,0.061201683,0.269413798,0.647403036,1.168915243,0.480561451,4.531585471,1.531130052,8.608564483,1.726561399,4.019855883,0.333330691
3.608650803,0.004459437,1.266284247,0.273222726,10.99898738,2.220093172,7.426566305,8.058331224,4.446872275,0.034493274,1.943134093,5.111916607,6.40349081,3.317862649,2.79249118,6.2350679,2.462801483,4.776430859,7.531432291,0.0,11.21258384,6.048243108,5.693851766,0.018379961,0.0,0.019771301,1.119561796,1.384221905,0.053462082,9.249641335,0.219123248,5.968929415,6.32350438
7.136638014,9.41658675,5.303851812,7.135073327,20.48482225,8.672277834,17.58627319,14.21138731,1.074489891,11.30645963,2.939532161,14.18922082,5.945081862,4.144534116,7.508872981,4.412925796,3.335962636,8.827822541,12.52721882,0.002074116,4.650202094,17.99051392,9.328861631,4.925959438,0.222309484,14.88259884,4.864613213,12.1439858,5.194720574,6.450909334,6.91654552,8.751775281,19.10370069
1.072229395,2.571203129,0.555065145,1.204577478,0.032182599,0.124932606,1.416551018,0.937826749,0.522334131,1.792089316,0.253448459,24.97387415,7.559676131,2.010651104,0.202010821,0.269670161,0.003738194,0.105839438,0.118809427,0.0,10.81430422,0.169125103,0.009770426,2.352478724,0.06284135,3.35334558,0.036570049,1.510868948,0.285304322,8.127307254,1.135339535,13.47603842,0.880057527
0.281040075,4.416317374,0.006236422,0.0,0.0,0.03524101,2.096609041,0.101939927,4.275913376,0.11429748,0.211499882,6.400639283,12.10124639,0.362327881,0.022450957,0.044151697,0.001418088,0.199186271,0.026513214,2.677222172,8.528124128,0.070860139,0.007504609,0.367838574,0.241075377,1.183636487,0.003066722,4.756588053,0.080999632,5.196753844,0.063412429,0.209006864,0.03430321
0.134807697,0.455029556,0.004453677,0.0,0.030405998,0.018463335,0.046836324,0.019457211,2.90245275,0.062804569,0.773666961,1.276024032,5.144990821,0.963239639,0.002085487,0.176421676,0.007222975,0.21363292,0.053686761,0.007722839,0.488658655,0.0,0.0,0.022419255,0.040121127,0.096484762,0.000693024,0.191442718,0.00526396,4.096233656,0.008785327,0.21184612,0.0
2.393045948,0.000428798,0.172388139,0.0,0.083095445,0.090335561,0.889434723,2.102894068,2.029217385,0.019468068,0.068729646,2.087711604,3.940531673,0.744314135,0.0,0.018258035,0.0,0.013843276,0.025096932,0.0,3.718243947,1.469783589,0.0,0.004566965,0.0,0.0,0.000155396,4.504319002,0.0,4.614266,0.0,1.027750534,0.348818267
3.820424949,0.0,0.024615957,0.021989746,0.005498888,0.046625363,0.615462789,2.292400722,4.159359678,0.030519084,0.097404085,15.10059565,3.236246186,2.121016694,0.0,0.023549184,0.002464007,0.161301032,0.003541263,0.0,2.128524631,0.491926077,0.085137173,0.022819714,0.0,0.019083554,0.000119997,2.621420402,0.0,4.625007516,0.034968198,7.523338778,0.276078963
6.773061312,5.924739671,0.212697777,13.18969898,0.445225055,0.167990027,2.824360369,0.044940046,6.237243151,11.8818963,2.182475176,27.2743848,1.396212771,3.527410925,8.587500613,1.245959613,0.111448094,2.127264613,1.980881697,0.0,0.165616536,0.414672005,0.668591701,0.380521755,0.0,6.890736085,0.604699478,0.837250231,2.498826631,4.720860532,7.80726495,12.35135939,0.812366817
18.27891448,2.836587451,2.172581489,34.60339275,0.108849831,0.087757994,0.356292483,0.305889079,1.919511748,22.57866289,5.945954443,51.96886704,1.168590277,1.578819364,26.15306796,4.484134514,14.80878486,10.2911546,3.574854104,0.025820154,1.411203846,0.543695335,33.82552074,0.79538537,0.050573953,40.32513824,6.574092173,2.712140437,15.71514576,3.129028117,31.23706499,22.14379656,0.108787155
7.456588246,1.085384409,3.075869037,5.652789709,0.0,0.168948634,1.585517158,0.053794547,3.169962321,3.221501246,4.074640283,31.94046368,0.422671398,1.385043681,18.67786671,11.5805143,3.758001531,23.84171395,0.12559424,0.0,3.672757595,0.02601349,0.362816757,0.531720733,0.008724746,3.39191497,2.421879727,4.298633613,1.021311048,5.794646088,4.906519163,13.3216679,0.0
3.545139292,7.34730348,3.90106274,0.767874926,0.475435798,3.534128244,0.497832014,6.464621506,6.212087794,0.456139471,0.185512156,8.033490163,0.451097799,3.834596395,1.310423329,0.316475511,0.680959414,1.795218193,7.840100703,0.0,0.181223776,11.85271129,1.038500468,3.704777102,0.275673272,2.535991259,0.987188021,4.58656459,1.197584927,2.440194385,1.632082143,14.21038289,1.126948813
2.461201725,1.796333451,18.467978,0.041519022,0.0,7.755997348,0.551206512,6.697796441,0.8827516,2.752866908,0.965231879,7.60353157,5.09891904,4.967732424,0.573334587,1.673330204,1.885291363,1.878441988,0.270811927,0.025125867,0.25398378,8.787928326,2.062899387,1.554217312,0.13728938,2.226184285,4.09647067,4.110584733,0.474892049,5.048941835,0.937794587,2.872986418,0.683552684
2.188018463,0.451670567,13.46536086,0.014179001,95.61391716,24.0937289,38.20721123,44.3302855,2.532917475,0.244851149,46.62799085,0.131641383,7.188179395,23.53089249,24.34664685,39.03421773,25.71856718,13.78489762,37.56212277,17.00422197,14.10076547,46.6468961,21.6622867,3.057417554,11.02980212,0.019636824,8.424194771,15.03811323,19.62358345,7.802971057,2.956431105,0.280781898,45.7421614
7.691777722,62.51819854,0.047341584,16.94655785,1.407603914,0.281364784,16.51703699,0.315083855,1.588481424,39.31052438,0.17856229,1.527075747,8.753384974,0.825739226,1.443981829,0.281343702,0.853553884,12.06376983,9.079524993,2.211963942,9.468698621,0.192660939,1.312721156,40.63730329,42.67403727,30.27331627,0.915361164,5.225126727,22.88203097,2.662724297,26.43929948,4.486269111,0.011280622
0.250146574,2.693323434,0.672292157,0.158712051,0.029248805,0.125196933,0.053248556,0.122740303,6.588167495,0.155864442,0.537329661,0.18711097,1.812380947,1.496316219,0.835794786,0.410724112,0.709445376,1.107081989,0.084473265,0.048942559,0.376805343,0.103168902,0.041393744,2.69835008,0.075055281,0.705879056,0.02430895,0.431125222,0.039503394,3.444972196,0.142843579,0.137388104,0.15388235
0.041221819,0.002512987,16.44627758,0.0,0.0,27.09845861,0.280712201,0.14444,5.318139004,0.001176629,0.54314004,0.121006715,6.274442341,14.83954384,0.188613605,0.180186248,0.668033426,0.096225916,0.021409472,0.01714167,0.079316409,3.200001103,0.011159244,0.091811922,0.196247059,0.0,18.05058411,0.090597066,0.093290132,7.278974575,0.000429004,0.088309123,3.979507579
12.53559166,3.73e-05,6.145170198,3.942880847,96.64173171,7.864958758,80.06761686,22.86338232,0.440181802,0.075108105,61.0585395,0.067783176,5.515882402,8.545925252,34.91383427,46.04441961,45.54718009,29.00757949,53.31378481,0.046415671,10.60929952,41.24541197,45.07853608,0.278276996,0.396697089,0.005746701,19.13957009,32.89832694,30.10539108,4.771341274,6.124791849,1.732737793,84.81845363
0.179619368,27.06475736,0.451850931,18.90357501,0.025301795,0.140542129,0.235898512,0.0,0.504833492,39.11880517,0.085910294,1.748409645,11.50031688,0.874863054,3.060774345,1.329115611,0.01377487,3.618848808,0.205437972,16.7678346,6.65357958,0.012274066,0.065960857,10.26083333,12.12535765,27.05204171,1.148785847,0.160286112,34.00285784,4.303418892,26.82641229,6.586757975,0.0
0.151330641,1.471677059,0.186058259,0.275713632,0.297455409,0.10001291,3.063945055,0.034373253,0.744345514,0.586205127,0.035504511,18.29600058,5.305182606,0.822022683,0.924654193,5.733638214,0.0,1.087539549,2.746424303,3.805572049,4.761858807,0.023803867,0.062784249,8.938758661,0.533111961,1.069581501,0.458986202,0.446590369,0.138475888,2.366973917,0.387229146,4.658709062,0.0
0.571012336,9.314889467,0.363815031,0.014050009,2.611756404,0.234882005,0.269086345,2.293569048,0.543228695,0.424635634,0.164281146,3.779587654,11.87455825,1.91312062,0.533745032,1.257477821,0.06669271,2.252584568,0.544456458,3.150174985,0.192712903,4.796820282,0.568236623,12.85853467,0.837558804,1.85373642,2.685492495,1.309503416,4.187880145,4.926964521,0.142594995,1.985856732,1.258009022
11.16576256,0.005436242,3.139416603,0.070501404,1.454999403,1.772761744,14.94514102,3.388352877,0.860527065,0.356342651,1.037076677,2.839493077,12.19941791,2.040079044,0.946312033,3.434843076,1.316158056,3.429003955,2.730633462,0.054958031,4.338791676,8.231604941,1.050283293,0.129316803,0.126847932,0.016691456,3.713688188,14.50420683,0.116724901,5.255602304,0.12569951,5.818098952,9.505660233
6.947001524,0.00247715,7.877893126,5.811436647,7.291747035,5.83484378,5.380201616,0.143010652,0.026841673,0.17259332,1.328113886,0.930338058,2.020911195,1.80685595,5.225350285,2.201598541,10.77827113,15.21463177,3.618214562,0.07019747,9.472171717,0.532465884,3.201363844,0.020457607,0.001512136,0.029653011,3.5290855,9.92478866,0.313032415,3.204841558,2.414595556,6.266396552,0.487771905
4.152753867,4.93589385,0.174201098,7.970340638,1.813694579,0.175298562,3.776356558,0.014341016,0.07492637,0.038365306,2.454295704,1.748379521,3.272483547,0.4162641,4.189692286,3.280097631,4.009329695,4.382968467,3.690803631,0.0,4.356289738,0.072244268,6.082376811,0.888589259,0.039365862,0.501678309,2.799167106,7.186959312,2.647156832,1.154791931,3.313027753,10.1555764,0.171798383
2.743148014,7.365342772,0.615489482,34.18398881,0.22947004,0.164106637,0.953181043,0.090144622,0.180818076,2.207973034,2.316677492,6.354130232,0.834134443,1.297536971,12.82747736,2.94405491,10.66710944,5.058628435,1.365845015,1.114686215,2.766993957,0.032640635,13.57889371,3.379342128,9.105313268,4.902881477,2.534447651,1.062165947,17.60327587,0.747784156,15.5886564,29.43701397,0.045020641
2.469072139,7.180544164,2.524283837,30.62104093,0.056672271,0.277827948,0.00762094,1.667526561,0.081723336,25.57910121,0.649348532,18.6398995,3.6320158,1.89937656,13.23046726,0.573149099,8.627328135,0.927162246,0.909337271,1.545832291,2.636136756,0.098073929,14.42760404,8.487020514,4.399929207,12.64539865,15.79714202,1.151051757,46.95580096,1.777718494,35.83293635,12.13517605,0.0
0.50874937,13.16658229,0.055547046,6.607614944,0.0,0.093434816,0.004702773,0.0,0.068719868,16.31416642,2.655444762,7.350540843,0.721394738,0.246786361,13.26568026,13.76097089,0.133389152,9.060607168,0.092976483,3.091888041,0.998965974,0.0,0.15235885,5.916024341,4.500959397,8.645926648,0.251952752,0.115031188,4.600463059,0.102795668,4.345203888,15.00763865,0.0
0.828423295,4.982013636,0.086357824,20.805227,0.0,0.12243702,0.055915408,0.0,0.128754024,7.715673164,0.0,3.420265078,0.778537045,0.224821814,0.477292005,0.01919237,0.080374387,0.010016364,0.086311933,0.002142851,0.289366235,0.007566873,2.105670434,2.727017514,0.695742271,7.53611234,0.062005669,0.119704829,0.582523966,0.20076765,6.439495914,8.703781107,0.0
0.248547095,0.118172449,0.09660338,0.423943598,0.011668698,0.019141315,0.069524203,1.091556869,0.123045373,7.027920462,0.048688992,0.86164356,0.310726774,0.36999648,0.036703802,0.005934087,0.0,0.004801518,0.034336552,5.578971589,0.154264725,0.135007128,0.082896762,0.242200506,1.082618229,4.518606736,0.06637209,0.800605792,3.766192569,0.339410576,2.008580509,0.917754268,0.049293765
0.041187654,3.220080919,0.190146662,0.057999978,0.0,0.010865666,0.032403793,0.069498505,4.128632752,0.651785376,1.602961549,0.365131277,0.024752903,0.339295263,4.722415436,5.105134258,0.601896911,2.232640715,0.024715516,4.178473236,1.064342174,0.001944246,0.126962653,1.634849386,3.839004168,0.671263566,0.263589362,0.220405332,0.003690009,0.330602161,0.255210043,0.135800314,0.0
0.021764208,0.055529232,0.387893336,0.0,0.0,1.208327231,0.0078653,0.0,10.18573377,0.021933033,0.733448338,0.012507079,0.359794992,0.618978181,0.027513509,0.39588601,0.038952612,0.137528447,0.020038568,6.00518668,0.314003867,0.043486878,0.0,0.026018251,0.348263477,0.098212597,0.294585458,0.001871791,0.012249974,1.559781602,0.004885426,0.015490303,0.02327109
0.014705137,0.088041301,5.09169701,0.0,0.0,0.603809085,0.01077584,0.0,4.277831156,0.000570701,1.038529738,0.270532322,0.623884802,3.214384605,0.001976737,0.300087242,0.017839422,0.183714607,0.036895077,13.23520599,0.133556331,0.0,0.01034464,3.008859758,16.87090003,0.0,0.752789139,0.005245754,0.043187066,1.517794423,0.001656758,0.045786722,0.0
0.055973007,0.013480364,14.34920282,0.0,0.028944745,0.088675988,0.079877141,0.003435746,4.529929869,0.019758769,0.905433368,0.02189766,1.293213804,8.50986151,0.0,0.193049745,0.05955019,0.086007428,0.117549995,0.009647713,0.118025229,0.0,0.096033163,0.09145944,0.079845574,0.0,2.365611983,0.032653372,0.005455844,2.553290805,0.002292763,0.064898048,0.0
0.002114561,0.003796117,9.356809013,0.0,0.0,2.542958734,0.139038681,0.029316843,6.998122677,0.006569296,0.185415401,0.015076651,2.668916301,11.84233929,0.030743966,0.053672623,0.0,0.014577902,0.0,0.0,0.266285849,0.088780071,0.0,0.00928084,0.0,0.0,3.470368762,0.0,0.008019744,3.957395717,0.0,0.011167502,0.168331994
0.008034148,0.0,7.972725818,0.0,0.23660973,2.049928292,0.028775596,0.0,6.273912475,0.0,0.79163315,0.012169153,0.521511902,3.398296346,0.003068278,0.159208414,0.020632051,0.075803301,0.322203631,0.0,0.127905845,0.005424339,0.256811155,0.012514771,0.022713666,0.0,0.865497891,0.0,0.033842313,1.375289221,0.003562447,0.014734239,0.0
0.116591117,0.0,2.496323897,0.007891408,0.0,0.948162843,0.024450993,0.0,5.365387033,0.057008493,0.355641758,0.000543338,0.064157449,0.664039845,0.026757852,0.061336402,0.004446657,0.065192461,0.195922482,10.76381547,0.040816541,0.004830861,0.259656064,0.09396792,4.968621829,0.0,0.153617501,0.10278495,0.053984206,0.4500346,0.03686607,0.004197776,0.0
0.403759013,0.010916983,7.275087437,0.009476438,0.060383208,9.274948338,0.018194598,0.021043674,3.591369516,0.008153355,1.489393126,0.003243746,0.04739406,12.19648608,5.29088687,1.754875495,0.045622333,0.232639255,0.010313294,19.64864542,0.183086137,0.014482748,0.0,0.124933572,5.620643784,0.0,9.530158024,0.080541303,0.114003895,0.527114195,0.089345369,0.116328533,0.0154168
11.37494329,10.10227791,1.287052572,8.880636349,0.034172216,6.106549524,1.56554125,22.59235086,3.703198591,14.15386906,16.63385842,3.032979265,0.11716822,3.655536039,10.64681103,17.50117333,5.672522772,25.57444774,3.119673228,17.76075786,3.905548719,20.96858474,23.71914631,12.21034089,14.66417619,9.038775986,0.783757396,6.523494861,10.45801587,1.875528064,21.3671006,7.170553928,9.387023209
15.6284062,3.672166238,10.32103027,0.830480363,37.08823842,0.611213948,21.53228919,5.593084583,6.745214778,0.044355007,0.977542498,21.51016141,2.65594385,6.155220628,0.0972792,0.471783732,0.994785079,0.498402302,30.69874384,1.246593497,4.397474184,2.599196751,4.53227752,1.371466024,1.060683682,2.338604336,1.17807438,15.82115199,0.480850346,7.004185986,0.242245038,16.16705204,2.782507998
28.99140814,13.8140109,11.97312673,3.346008083,2.666248192,1.713201237,4.052798614,4.13548787,0.197794203,3.958884733,15.49409851,5.519703239,12.45211453,4.554128311,24.18309286,13.02163232,18.2899253,13.93022797,13.35682194,0.077092539,12.42635305,2.57626451,10.83653714,5.722203696,0.035996587,9.102848288,24.17246271,7.011170878,14.26875586,12.24725974,17.00007884,5.481714903,1.816239139
26.58878255,7.350418376,0.065432591,8.213429254,0.064508864,0.254896833,2.020097137,0.958289757,0.023782346,10.64851766,12.7765718,1.084440071,5.051542792,0.365375659,32.57028443,30.75732858,5.692535441,19.56564993,1.06811332,5.959704923,26.6494665,0.422165436,2.422187894,3.045962686,4.797613293,8.32499938,7.902513947,4.262826935,57.83176796,5.250474045,20.83982402,7.934902359,0.127333578
0.662615456,7.714786363,1.34002807,0.036154558,0.040430873,0.086707241,0.012320541,0.414136713,6.417160163,4.473745831,2.258298862,0.907065646,2.916990515,1.17683562,0.97845869,3.443656971,2.590603221,3.204495828,0.040191319,5.966980438,3.591949567,0.034561397,0.794009487,13.03289173,9.785851743,5.586460882,1.10609343,0.352976475,1.329515634,3.198808035,1.010301663,0.725993432,0.0
0.272576567,0.098206032,29.42177067,0.236391068,0.0,10.16094698,0.081882466,1.010044978,0.164658589,0.086164617,19.46568216,0.00485371,5.462196514,10.15287868,1.126599484,4.924677419,4.461005918,1.88660062,0.400851318,0.016971875,1.201607925,0.958983451,0.371580084,0.804988048,0.044768045,0.002835567,22.88607809,0.853982353,0.705834243,5.098929625,0.059467247,0.031725859,0.0
0.822590938,0.114647729,0.030557907,0.705352961,0.076739947,0.342350629,1.788544694,0.303543046,0.03733337,0.089493572,15.85797404,0.026229801,4.736087993,0.722370217,22.99157056,19.71720141,1.474792284,17.47822774,0.270591018,0.751794811,7.418383106,1.29941151,0.037619107,0.10141839,0.137092397,0.027156302,2.612569585,1.459194954,6.953652798,6.895811167,4.130842898,1.47483206,3.144999356
0.732877729,0.046011349,0.056878396,0.311461162,0.143184258,0.267332079,0.086626208,0.078839039,0.020475089,0.185929826,0.084460906,0.57414572,1.669222704,0.284723934,0.148630002,0.011731965,0.006143807,1.366089545,0.030727106,0.00838296,1.013930724,0.016315524,0.021611581,1.936096307,0.0,0.043269574,0.013836854,0.796816184,0.034366727,1.109402478,2.403064484,1.316993431,0.060772739
0.044077199,3.131921186,0.101442727,0.035874075,0.108705572,0.032453355,0.109953307,0.793374426,0.141554481,0.057877893,3.662381664,0.079857365,4.306157575,0.684117888,0.168832142,0.600504582,4.769952976,0.450335405,0.096422301,0.0,0.484537216,0.837958892,0.0,3.896323802,0.012283487,0.229374413,0.331591568,0.477293295,0.027738304,0.838923714,0.014979885,0.023216424,0.030490494
0.062345552,14.09533086,0.217351168,0.0,2.464948487,0.119586884,3.533073754,0.04555981,0.110745584,11.86160722,9.360847376,0.307273473,1.837870195,0.822645603,0.003380957,2.055473667,1.538984754,0.432415582,1.251347603,20.46860723,2.127976087,0.314257788,0.544139943,7.93982489,15.62246504,14.2618195,4.614404705,0.053385183,30.08450437,0.397688038,0.627114339,0.001520788,0.194103492
18.09686964,0.016710682,14.92968157,0.009119341,4.167528537,12.95403428,29.21932347,23.68309986,0.226239166,0.000709377,25.17367834,0.007494533,3.615557464,5.643860009,15.26880337,19.28715664,31.37501315,22.99088358,25.03092225,0.035618245,7.954266788,19.49425657,36.51755802,0.399805976,0.050898181,0.005524837,7.402982755,24.40462776,0.321984588,3.669814246,0.843407911,2.245359276,13.77928066
5.388811666,0.769055701,0.322903431,1.295805601,0.0,0.187198188,0.138005292,4.906876902,0.481407533,6.32820342,1.995762577,0.576799119,4.270839931,0.910797888,5.690411426,2.173448647,0.291199871,0.271847373,0.015191341,11.55640853,12.67065155,4.253467997,0.0,1.931412306,8.034376183,1.858580608,4.296111064,4.913715282,18.68896135,1.457906272,4.757401533,3.245398573,0.159626858
0.236690451,18.19499107,0.066709045,0.034878823,0.123091054,0.655240046,0.060325643,0.0,4.53689068,0.973075307,1.705430778,4.518402627,1.75899302,1.467224931,0.24023851,4.128822163,0.200875781,2.735953502,0.020999586,28.27963772,0.350598433,0.046297444,0.551449606,7.43487062,9.46659414,4.511766141,0.053374546,0.00419393,0.086921765,1.499124734,0.013575217,6.283220517,0.068072675
1.187285189,3.190310733,0.083204576,0.009203505,0.0,0.171448259,0.024949791,0.549794593,0.626984572,0.779565416,0.121997234,1.521390831,5.821676893,1.545245882,0.0,0.008309391,0.030373762,0.005715817,0.002544732,0.194962528,8.171251029,0.032127742,0.011510405,4.336839959,1.733921769,10.00464694,0.028719413,0.504411104,0.003598092,4.485927004,0.003685963,1.295146873,0.0
1.301346917,1.835213897,1.269953503,0.0,0.232796273,1.048468043,0.078530858,0.02282322,6.621692818,0.022196962,0.732023179,0.710901601,7.590575013,1.863359174,0.0,0.07609598,0.460819817,0.120598894,0.042617945,1.335546645,13.13731495,0.007064922,0.033558989,4.748116677,0.437575782,0.084227741,0.153811051,0.028020664,0.015923721,7.403480535,0.00966989,0.880489497,0.0
0.485493003,0.041827249,0.92438508,0.0,0.0,0.797814367,0.0,1.861497122,0.639010719,0.881089327,1.604710671,2.192475192,8.862258126,8.196164741,0.948794208,2.009318988,0.516823962,0.200072483,0.050071624,0.061258407,3.550639989,0.003088647,0.056633575,0.117020541,0.273842819,0.604705032,1.332328967,0.005693672,0.027795704,4.733969404,0.024045658,0.470441663,0.0
0.684284209,0.100652001,1.304792538,0.048061014,0.0,7.431286708,0.103626842,15.63234909,5.272502784,0.61067286,0.012932486,2.010153859,4.850696233,4.638693174,0.261402975,0.0,0.070821445,0.038720885,0.010802572,0.452312258,18.18354787,3.848171593,0.022243456,0.002371578,0.840214578,0.0,0.787236701,0.678333573,0.364832251,4.086756844,3.091157225,0.906445746,0.651800168
0.728977635,2.558639552,2.335534734,1.43855883,0.806146727,1.448010602,1.472527729,2.930581904,1.329831239,0.580137174,0.009812617,1.656923487,0.798762098,0.849155364,0.04182943,0.018579233,0.083301838,0.0,0.459235642,0.008566631,3.611662131,0.251504267,0.0,0.216111889,0.337617,7.350442422,0.359183152,0.59279099,0.270345971,0.856744597,3.691733762,0.340108139,0.011893648
1.297703464,0.005244692,4.964884625,0.012053278,3.962788502,12.5452118,6.052893228,22.95782422,1.961491873,0.255792554,0.034241025,0.958159834,2.619707496,7.462603724,0.0,0.005845182,0.078837241,0.0,1.346842013,0.0,9.336560502,3.598429369,0.033026792,0.039788933,0.010536718,0.043108941,0.803685642,5.040194498,0.035778885,5.468870884,0.005584578,1.736110516,17.57850049
5.41397155,0.015958571,0.700170267,0.0,5.555653883,10.34398122,7.996930783,13.84222679,1.034713783,0.006436235,0.173969978,0.902117702,3.420345525,1.705962596,0.0,0.036049672,0.052894756,0.060159204,2.178980883,0.635100757,4.620507037,17.75772612,0.04419553,0.009641775,0.443003041,0.003316679,0.041340954,9.149587615,0.002245623,1.657516928,0.009204101,3.589507068,7.009211403
7.61599976,0.005819232,4.211482157,0.0,0.435459925,10.52651413,3.489080681,3.516254262,0.066661332,0.003035609,0.0,0.052907679,3.799266851,0.617295332,0.006766902,0.002046832,0.27594535,0.010693954,1.301823988,0.0,7.477923634,4.672045496,0.0,0.403425533,0.053012213,0.0,0.053439468,4.361996174,0.01217134,0.895589556,0.025604086,0.6589927,5.850608618
0.322809556,0.000673312,1.111851745,0.051135937,0.021818121,0.281157879,0.008209688,0.06563518,0.100704729,0.0,0.0,2.871303888,2.604941283,0.269811242,0.0,0.017841453,0.003664427,0.038871793,0.01083667,0.0,3.112617108,0.055005216,0.0,0.206765416,0.0,0.0,0.592423269,0.065174731,0.073789528,0.93754999,0.004793658,0.569984486,0.11950148
0.032320017,0.0,0.080546162,0.0,0.057862497,0.906607203,0.065618055,0.0,0.095234754,0.003097372,0.242244554,2.101156919,2.03263089,0.790905764,0.001948076,0.057871046,0.450052856,0.039674664,0.004913786,0.0,0.724953758,0.047024773,0.0,0.004659089,0.0,0.0,1.010507262,0.224546305,0.062361509,0.446538031,0.18807158,0.940794423,0.288760975
0.061399481,0.015828772,0.200862259,0.0,0.013411997,2.092108554,0.27834307,0.0,0.133167295,0.2979956,0.0,1.30445827,0.720706029,3.513067663,0.416624918,0.079301939,0.172741749,0.026766522,0.080635026,0.0,3.228523297,0.007013149,0.033757919,0.0,0.001754622,0.012815769,1.150019305,0.142202961,0.033121641,1.197071181,0.056818411,0.239085347,0.047146409
0.22751664,0.002890067,0.347304304,0.0,0.0,0.34045261,0.200539595,0.0,1.767235124,0.0,0.0,1.033939254,2.931505137,1.640111613,0.0,0.0,0.013343679,0.0,0.023753648,0.0,2.36893067,0.0,0.05281578,0.027851841,0.110444712,0.003327169,0.036113522,0.109840482,0.0,1.365028363,0.00495079,0.196637214,0.0
0.099364611,0.0,0.05051358,0.0,0.0,0.069513447,0.043121246,0.0,6.185566914,0.0,0.320585014,0.233265507,0.035289718,0.429534876,0.002366774,0.041303234,0.005546383,0.043994209,0.068531873,0.005473984,0.23691687,0.02753421,0.019791036,0.0,0.019226319,0.0,0.002376724,0.001685889,0.000487131,0.320728566,0.002502104,0.110226256,0.111987505
0.226391031,0.00805938,0.058010586,0.0,0.0,0.235028298,0.004885135,0.0,3.298065983,0.002570936,0.411655505,0.083323147,0.252062224,0.857060097,0.018376113,0.111814583,0.013828016,0.045262817,0.002886203,0.0,0.581984762,0.002873197,0.0,0.001645158,0.003413935,0.027533222,0.00251365,0.033013931,0.001634927,1.252941326,0.0,0.230008904,0.0
0.039127782,0.0,0.03071862,0.0,0.050940156,0.19488055,0.054900676,0.0,2.667681373,0.040598174,0.732364353,0.129220189,1.079582029,0.746000569,0.069653262,0.168823894,0.046794555,0.246515464,0.122698635,0.0,0.248033626,0.0,0.019321335,0.040455345,0.063114625,0.0,0.045045068,0.152631962,0.113906162,1.992666421,0.012814592,0.095587218,0.0
0.055580097,0.001304468,0.512367348,0.091874472,0.0,0.138659354,0.058551676,0.0,4.92043655,0.00164388,0.08584994,0.037496342,0.19667574,1.433401841,0.005036167,0.021507036,0.055093058,0.008223294,0.08957238,0.027509371,1.308445798,0.0,0.010916713,0.369963005,0.006433781,0.0,0.189211029,0.084341881,0.048486931,0.405485524,0.009421265,0.070122946,0.0
0.192568276,0.001067745,0.144504271,0.0,0.0,0.23201605,0.025438187,0.002778834,1.521726382,0.01840163,0.158903767,0.015258711,0.746693731,2.801460488,0.107292599,0.415147136,0.266152786,0.000839378,0.012665273,0.0,2.491337519,0.053162417,0.001560835,0.014807844,0.017570702,0.097104109,0.454478132,0.281336392,0.100366985,2.129794981,0.007316431,0.054474987,0.051174696
0.088844631,10.49733653,0.270311899,0.076767167,0.138935864,0.150483362,0.094649254,0.123352792,0.808069306,4.225001703,13.22637694,0.200053196,1.84406245,1.97058708,0.996208954,8.22963021,15.65976948,1.225744823,0.03816264,11.80738443,4.799140575,0.027125243,0.020516316,7.278134369,2.073878376,3.32085632,5.171071975,0.246702452,3.28647935,2.338747518,2.713336565,0.536025265,0.0
0.044323459,0.789351703,0.839008797,0.0,0.120188347,0.381118979,0.076140163,2.758889995,0.508061641,3.893934349,0.575259867,0.274236837,0.349827601,1.679123205,1.126613781,4.511116954,0.034046289,3.431680896,0.194354601,0.424282691,5.653276863,0.049325323,0.113111151,0.506621263,3.032667124,0.061915278,1.325119149,0.049360733,0.956278299,1.120696134,2.437917281,0.215112318,0.0
0.030058873,0.017288784,2.555952273,0.0,0.0,0.018232618,0.0,0.564570022,3.049382385,0.555165686,0.054389442,0.48607376,1.364771497,4.02324672,0.066067132,0.518981111,0.349828539,0.02607463,0.016362156,0.013874354,0.537023893,0.14035719,0.002659469,0.023683459,0.004905046,0.0,0.206015687,0.043341926,0.0,2.535136171,0.00334145,0.071765057,0.0
0.145811643,0.009219598,1.490362852,0.0,0.0,0.302248041,0.002450435,0.3093339,2.57857626,0.013819356,0.0,0.097755223,2.371311104,5.905287463,0.0,0.001595218,0.075916648,0.176817178,0.078702493,0.022120494,2.982978389,0.080899003,0.061028957,0.059507431,0.011608146,0.003462665,0.60310617,0.057028507,0.00627235,4.100317411,0.0,0.007698155,0.246048201
0.123668881,1.36741704,0.055907734,0.0,0.0,0.030746578,0.0,0.300515925,2.576957346,0.207846974,0.20427934,0.355635389,0.953957107,1.694488797,0.020415116,0.035868508,0.00790364,0.04133958,0.00127749,0.756219631,10.44735983,0.011756112,0.0,2.611191709,1.468486183,0.002826904,3.439994702,0.095582873,0.038656605,1.610088934,0.003011774,0.238082202,0.0
0.180436341,0.0,0.043446107,0.0,0.0,0.044875963,0.0,0.004468105,1.942044493,0.013286604,0.308535166,0.086031012,0.446054317,0.142512079,0.0,0.059181894,0.001876966,0.052483696,0.004826577,0.0,2.416440858,0.005336805,0.0,0.019069916,0.04551906,0.022445967,0.012274892,0.029731308,0.000678197,0.855183547,0.0,0.063418114,0.0
0.026923982,0.01735751,0.812635147,0.011035938,0.102033151,0.110520288,0.110627467,0.0,0.458633547,0.132687111,0.210583259,0.022509473,0.306007139,0.248170663,0.006454712,0.0199805,0.001058881,0.034564616,0.014628683,0.016128384,0.889925156,0.032348306,0.0,0.000554818,0.019715171,0.0,0.912471593,0.156051265,0.014364537,0.130830223,0.014364298,0.026512341,0.050123396
0.620866939,0.105460468,0.099676427,0.0,0.080654502,0.064397754,0.051083353,0.0,0.439861939,0.519821252,0.592074374,0.140890056,0.081733544,1.053697986,0.000966383,0.222901844,0.014492565,0.11749042,0.10950746,1.400516098,1.027840826,0.014721772,0.049143082,0.022787525,0.070678111,3.316607877,1.504325157,0.07255858,0.04894261,0.460813415,0.030651263,0.039477057,0.073749181
0.025416771,0.017745323,0.268858343,2.87930381,0.047764163,1.751564526,0.060846389,0.115895853,1.605574893,0.295156151,0.049316203,0.434817452,2.852957707,1.453783019,0.0,0.007687554,0.003272717,0.010379692,0.00753681,0.00194831,6.350092943,0.027849518,0.029761297,0.03338491,0.102050072,0.05103307,0.028193437,0.228601459,0.040113567,2.705082144,1.618691181,1.86438857,0.05015466
0.195049392,1.535185652,15.60717868,0.026511477,0.382587495,2.210510997,0.157980282,0.130891002,1.444000302,3.419403851,0.005453641,0.300979958,0.371341758,7.665862953,0.024263724,0.029439713,0.0,0.002728488,0.113234776,0.009618895,3.712555742,0.027488221,0.025752616,3.525349515,0.024495805,0.103974791,7.504181626,0.001012178,0.148501254,2.398598828,3.210969124,0.556124438,0.0
1.535329901,5.457834438,3.387014356,6.211574195,0.0,7.430395365,0.106287996,7.904921427,4.590812829,3.515160509,0.113777567,0.307594328,2.369083922,3.001238158,1.282681051,0.017095729,0.062118129,0.00110186,0.027662363,0.374610958,3.770875103,2.414340513,0.061393607,4.817496208,0.972366368,2.347866277,4.939167718,0.586742676,0.091226541,2.110746775,1.511197395,0.469599924,0.039244352
0.082214324,10.90238356,3.433182538,6.57320101,0.0,0.303076165,0.010582255,0.005590802,3.699755096,5.751824692,9.453283231,0.45879502,1.877054184,8.99151957,21.49369821,50.48331535,0.392056475,10.54420921,0.012563041,4.016419458,0.877957042,0.005549638,0.006323414,10.3212085,12.40498007,0.676543142,8.812646985,0.065128817,4.999274174,3.153038885,3.171097706,0.167568666,0.017042818
0.042885695,0.769476046,13.31896554,0.004757775,0.0,4.294109105,0.131412377,0.027497124,7.613529628,2.531046511,0.45311553,1.771465246,2.635888303,9.41687644,11.55705853,1.714107242,0.318376973,5.507319612,0.011294849,0.004671468,0.755253,0.015429262,0.009635989,0.168635466,0.149444731,4.099489484,6.411953905,0.054800376,1.505145913,4.375065649,0.866994148,0.668190167,0.042807889
0.366065369,3.541281776,27.67913987,0.168073189,0.389678246,15.89668656,1.106603057,10.11076456,7.90257595,4.090050253,2.121933052,4.579579513,2.72049892,12.85965726,1.068856129,1.008476853,4.338452035,8.690382041,0.914095411,0.052661412,2.632465202,3.402950036,0.477327737,4.70967104,0.526470581,0.676663021,15.29278757,1.473568674,4.637200954,6.879801448,2.318029088,1.174642218,0.018878071
3.044336156,1.712297422,21.35095415,0.0,10.45832811,9.706101695,4.245289226,1.992149724,7.413045029,0.237544507,4.855854094,1.535522423,6.890911282,13.32073997,0.515534458,2.552156136,43.09801567,3.171084234,19.85224824,12.23392759,0.914774928,4.870022331,19.58421004,2.799673346,4.126023545,0.892844936,16.89792841,2.051535793,0.270977393,16.29654073,0.166121927,0.82809457,5.661768712
2.81094623,0.618625068,4.572877091,0.010150991,5.177831251,0.502517434,0.600547428,0.0,2.98176324,0.087656885,1.787118796,0.585769824,5.40594884,2.636825531,0.409152893,0.673810301,16.86253675,1.533462585,15.18594731,4.542637433,4.042731649,0.854740522,18.19208613,0.917520061,3.982316599,0.037660169,1.915361994,0.060259021,0.597043369,8.52373839,0.136710204,1.549242306,0.232383659
0.382560702,0.235594722,0.766069641,0.165119208,3.801349662,0.935823977,0.491764019,0.0,2.976311962,0.260655644,1.540881494,0.464612223,10.70233281,1.533207643,0.187707417,0.873606549,1.419390067,0.163946451,3.560260224,0.091735478,4.737739526,0.517828875,3.051263116,0.428718542,0.16428677,0.009706969,0.130882387,0.051363358,0.356258736,5.255063733,0.142943346,0.056909144,0.108638616
0.079045858,0.015743992,0.298938939,0.0,0.009525163,1.589301282,0.018325125,0.014020658,6.484881816,0.007420133,0.619495179,0.061383886,6.772210448,1.765612994,0.001143161,0.208736559,0.019188509,0.231164013,0.283130903,0.0,1.280176854,0.144674099,0.186188732,0.086115013,0.007075385,0.0,0.06277049,0.067053332,0.004081036,8.48528709,0.006773266,0.052584973,0.129161276
2.248334068,0.267614639,6.463256079,0.0,20.14376091,10.51225776,13.25741238,13.06163108,1.905880741,0.000521979,0.594063136,0.069725176,5.817800332,7.926222004,0.007834354,0.246880169,0.701084378,0.19536381,8.042636348,0.515211809,5.899125113,19.44546526,5.190763513,2.928764955,0.518856467,0.0,0.544879764,7.756082952,0.005611991,7.574865963,0.002897108,0.029585377,17.23161398
0.577872376,0.473707844,0.127832753,0.0,0.034610662,0.150536468,1.191985211,1.580590508,2.763194582,0.001645983,0.607997,0.122354414,10.53968452,5.995912529,0.0,0.0835665,0.007198502,0.084692013,0.22556815,1.444659578,4.836714596,0.464680848,0.022626182,5.146472257,0.796496261,0.003742902,0.029157213,2.128788833,0.000958451,12.19661112,0.001926097,0.03239004,2.015862353
0.006825665,0.002712769,0.101966268,0.0,0.0,0.03650388,0.003646074,0.003559419,0.562779686,0.0,0.181571969,0.012192451,7.023275684,1.070448448,0.0,0.043566103,0.001542722,0.047963434,0.013173371,0.0,0.137976097,0.0,0.002666875,0.07139568,0.0,0.0,0.0,0.000743842,0.0,1.823492728,0.0,0.0,0.0
0.00321991,0.0,0.074078398,0.0,0.090778962,0.02790008,0.01510459,0.0,1.27339671,0.0,0.13690528,0.018295286,4.223136553,1.044821103,0.0,0.020126365,0.001717819,0.027089829,0.00470865,0.0,0.028016987,0.0,0.002901545,0.0,0.001989351,0.0,0.000517383,0.0,0.0,3.512165845,0.0,0.001085724,0.0
0.003825767,0.004865224,0.150908241,0.0,0.0,0.167030499,0.041631337,0.004110578,2.1050232,0.001294975,0.478546539,1.35206907,4.639968506,1.728383297,0.0,0.081184779,0.069480316,0.096491453,0.009146787,0.0,0.028208558,0.004376121,0.05563336,0.001876722,0.0,0.007957225,0.019530026,0.034575563,0.000342459,4.859153106,0.0,0.00837639,0.0
0.051187907,0.0,0.755282117,0.0,0.027315318,1.527147101,0.036723903,0.0,0.130947024,0.011061995,0.453548821,0.09460014,6.292485971,3.560265017,0.061675827,0.177960594,0.048786729,0.082854366,0.161055438,0.0,0.099440136,0.044047598,0.035627305,0.00269803,0.005505604,0.0,1.084643794,0.142619867,0.05351038,3.085013654,0.000535162,0.057202638,0.163413148
1.013480074,0.0,0.560275689,0.0,8.176739151,3.140664075,5.240497026,1.610803489,0.087710243,0.0,0.531491731,0.015335623,2.704269069,1.346139882,0.15169766,0.343932689,0.09909754,0.304574362,3.142574966,0.005841751,2.984407849,6.685549765,0.305316566,0.000723839,0.011458242,0.0,0.239805783,0.723112629,0.010665109,1.81840404,0.0,0.457598976,10.2238457
3.524123463,0.0,0.057723814,0.0,0.038796072,0.15651081,0.535203948,0.812023662,0.005719723,0.000762851,1.048596315,0.011177717,4.301721501,0.539307934,1.343697669,0.25710193,0.013468818,0.213663952,0.103666763,0.0,9.93246074,0.751320499,0.001781026,0.037424072,0.035770303,0.001758204,1.188016536,1.76704827,0.043558955,3.601998776,0.021180506,0.012794987,0.303754507
1.480398859,0.004691798,0.183626684,0.0,0.137928844,0.047907223,0.748683059,0.120135194,0.297638952,0.003398939,2.473926743,0.012274643,4.210074036,0.069380108,2.124129253,7.953985987,0.052419001,1.592268927,1.085459453,0.0,6.428726928,0.125759515,0.0,0.005688911,0.053951321,0.006804739,0.2043894,1.270282299,0.0,1.928507152,0.003045414,0.182365444,0.0
1.031342132,0.001956139,0.044588547,0.0,0.010491178,0.083433275,0.037146513,0.548826723,0.270141431,0.0,12.73472245,0.003881409,2.159652638,0.031641211,5.73379495,24.17149384,0.408691295,6.72279799,0.148420247,0.0,10.31362269,0.029945749,0.0,0.0,0.003657251,0.0,1.386428745,0.723075848,0.0,1.216146613,0.021894364,0.712495475,0.0
1.056793664,0.21527963,3.277315572,0.0,0.092105581,1.178126391,0.059679036,0.044581362,2.906151498,0.014698283,4.126219096,0.013940399,0.347905623,1.825916283,0.319535452,4.051220436,4.18840819,7.411169526,0.16820106,3.348163007,1.468358178,0.0,0.643677133,4.702342041,3.801344711,0.0,1.571008727,0.096219431,0.031918784,3.232479913,0.0,0.268292424,0.0
0.060959136,2.924192763,10.51357431,0.0,0.033655875,15.39050801,0.01218695,0.219022574,0.565930796,0.403248978,0.397053951,0.109394147,2.41764533,11.39894604,0.011283368,0.093858631,0.023187532,0.120361426,0.027411749,3.452133318,1.768630375,0.019249829,0.018868954,3.703631115,2.901328154,0.366827192,1.270404705,0.043089417,0.014037363,2.437575625,0.0,0.021891731,0.0
8.438865546,0.90369126,1.831537888,0.0,4.120744564,8.182842237,0.806673214,41.29798918,2.157880811,0.028216844,0.614829188,0.026764855,4.248831733,4.451732532,0.02574223,0.218751289,0.058452527,0.146273281,1.672736285,12.03070954,24.76716101,11.89377618,0.047642048,9.102422288,14.73530516,0.021138365,0.037379965,13.36699461,0.001690173,5.530197444,0.000896776,0.016772295,1.31566212
1.497933635,0.0,1.204080142,0.0,0.029745892,0.416224825,0.182915699,0.147766461,5.821119547,0.0,0.667066729,0.007759491,2.11524644,0.854420484,0.012250109,0.203259803,0.241149507,0.099036109,0.045322304,0.709517713,5.44442483,0.032998031,0.174389925,0.685149117,1.815172915,0.0,0.043681131,1.369712366,0.0,2.376035294,0.0,0.005026021,0.0
0.557881381,0.0,6.801909856,0.0,0.093479904,1.792570202,0.117365994,2.504503458,1.683612707,0.0,0.503129974,0.007531998,1.595928707,4.524360429,0.00103406,0.078106196,1.048213995,1.660441137,0.055139335,0.086497275,1.62581046,1.17267355,0.591323848,0.000429465,0.011712546,0.0,2.929695926,0.485530437,0.0,2.742541725,0.0,0.023291833,0.090249474
0.010268521,0.0,2.912824153,0.0,0.016037464,0.548141932,0.190359281,0.220081451,6.528462022,0.0,0.555978386,0.00982942,1.104394802,1.717927647,0.004466989,0.145688681,0.175482705,0.314258048,0.033301983,0.0,0.193119682,0.229254044,0.005353533,0.000716961,0.0,0.0,2.439566554,0.029558014,0.001051775,0.957339939,0.0,0.01149146,0.0
0.249773992,0.0,16.06639907,0.0,0.001868322,1.034309545,0.0,0.297591594,3.741420179,0.0,0.213353602,0.005583612,0.181481893,2.837989467,0.007895591,0.080678315,1.329265734,0.03435387,0.000441295,0.0,0.139397552,0.008071752,0.0,0.000483757,0.0,0.0,17.03474476,0.001007998,0.001031389,1.07324807,0.0,0.574876943,0.0
5.366420955,0.000778537,23.12666391,0.0,28.33774821,16.35991524,17.19938206,22.66777997,2.95675603,0.0,6.365195216,0.133457607,5.162244871,11.73240821,1.027399599,4.479763219,34.04445385,5.230887868,17.77974327,0.013742029,12.0038599,32.22353546,22.09905123,0.001955957,0.009492434,0.0,10.74244402,18.62858873,0.0,10.53247063,0.0,0.084794731,23.88946852
5.301673135,0.000835096,2.072666354,0.274406927,6.091509393,0.103576939,5.878165634,0.171189829,2.203784161,0.0,7.387112146,0.035497513,2.666746768,1.840770253,2.908991077,6.465195293,14.69123165,17.48154059,17.40362113,0.0,1.521480592,0.258914637,16.61834963,0.0,0.0,0.016718246,1.336148469,4.323165248,0.055739353,3.045753468,0.216325189,1.207354978,0.110250343
12.82343064,0.001506679,1.546750299,3.2036097,12.17239329,9.647221546,18.6813353,12.08249641,2.976921343,0.076272868,0.613645141,0.06176601,5.777570385,11.4282733,1.036674825,0.574670624,0.963669751,4.627759805,12.01686819,0.0,4.293386027,18.74347864,6.462994937,0.0,0.0,0.0,0.008843701,19.27924743,0.027264047,9.249155505,0.814736303,2.503199912,23.62222095
3.186015007,0.0,3.534862402,0.265999729,8.330228136,15.34787993,7.756335806,9.97411865,3.219769327,0.009484721,2.006106754,0.077966162,6.672880611,8.536355172,0.22949705,1.080368853,3.847691649,4.458955237,10.93200436,0.0,8.381541504,19.2947517,11.52183688,0.026726586,0.020280202,0.0,0.016563698,8.361238897,0.018996113,8.878116898,0.054728656,0.488232489,17.17227734
1.339962711,0.016269373,5.790174783,0.0915508,7.725519058,9.998698952,5.159015154,3.987388795,1.20243004,0.030781241,7.068772144,0.022024426,5.111108911,5.211828039,1.85371639,4.6961618,7.622135167,5.502731551,7.046402932,0.006429914,4.035901631,10.91434043,5.236093451,0.008416148,0.008427089,0.001667711,1.220162341,2.777732384,0.023094827,7.971939789,0.153562887,0.218810116,12.41805441
2.646575727,0.001357011,0.704469659,0.0,7.077507379,6.219750325,10.21225584,13.21807723,0.36486303,0.037463883,0.566230023,0.023423733,2.704908641,3.777004527,0.007736363,0.067669456,0.35039249,0.625451734,6.978030222,0.0,5.770768542,15.10164312,4.310461494,0.004161898,0.0,0.0,0.017993654,6.980397981,0.023212407,5.439813536,0.028982375,0.162984617,15.25586896
0.045207376,0.00393158,1.408537304,0.0,0.057351669,1.077275509,0.194268503,0.199183577,6.625723415,0.012162844,0.284429771,0.003230661,2.065677265,3.200200616,0.008840855,0.121934227,0.023073642,0.062879818,0.160315578,0.0,0.399292705,0.064261419,0.068285903,0.033651976,0.051605491,0.0,0.079791699,0.072990085,0.0,3.386239118,0.0,0.002534172,0.125121959
1.896086997,0.001040201,10.34364107,0.0,13.03614773,4.216530337,10.7700599,11.51148096,1.97295489,0.0,1.564780873,0.004730148,2.924795115,10.05817312,0.150856876,0.890170037,10.9827505,2.901708374,17.68884119,0.0,1.745720179,12.63821349,18.60532346,0.000435582,0.0,0.0,4.924475207,6.766728935,0.001234455,4.924055757,0.0,0.091005018,11.29511341
0.721915943,0.042388782,0.107461163,0.0,1.279822664,1.357035549,2.431078416,0.304940345,0.41281436,0.004467472,0.064078913,0.009742928,2.937256037,1.928266366,0.018075102,0.078146159,0.623213397,0.1839075,1.318709778,0.701030276,5.454992211,0.639259814,2.364445247,0.163607772,1.329559231,0.00228754,0.005821156,1.099746008,0.005815856,7.686288708,0.020659768,0.025693863,2.294434245
0.007556307,0.0,0.245768055,0.0,0.0,0.016623772,0.0,0.0,0.947888354,0.0,0.334194422,0.002701707,3.14420612,1.132906993,0.0,0.028087189,0.055816923,0.029138694,0.00577147,0.0,0.399047781,0.0,0.0,0.030704491,0.000822353,0.0,0.016995825,0.0,0.0,2.616523691,0.0,0.00020365,0.0
0.033223261,0.0,0.733403572,0.0,0.0,0.185107172,0.002166963,0.0,1.024841569,0.0,0.0,0.0,1.446682967,2.983565737,0.0,0.0,0.004253221,0.0,0.006223352,0.0,0.068298219,0.008646156,0.0,0.0,0.0,0.0,0.847565793,0.0,0.000478465,1.471558299,0.0,0.016603274,0.063343013
0.251064318,0.0,2.097025686,0.0,0.0,0.306428814,0.0,0.0,1.380854406,0.0,0.0,0.001572527,0.564283285,1.47305269,0.005634936,0.00208001,0.011759142,0.012864955,0.006925834,0.0,0.198938158,0.0,0.050666329,0.0,0.0,0.0,2.815264528,0.0,0.000718717,1.034633194,0.0,0.173658575,0.0
0.105529268,0.0,0.465492895,0.0,0.0,0.065041963,0.0,0.0,1.043004626,0.0,0.263460887,0.00047586,0.069793262,0.010617953,0.028228221,0.152159058,0.025016812,0.051673683,0.001584878,0.0,0.828001744,0.0,0.021423708,0.0,0.0,0.0,0.030604972,0.0,0.0,0.237941778,0.0,0.031818794,0.0
0.007199185,0.006375052,13.17997148,0.0,0.0,1.086520591,0.001521817,0.002020852,1.501496835,0.0,1.932566249,0.00973235,1.356998866,0.641882201,0.864621919,2.710372821,0.093293524,0.079119796,0.0,0.0,0.670696315,0.0,0.0,0.002122923,0.0,0.0,23.42369248,0.008169955,0.027740374,1.153169026,0.0,0.000371891,0.0
0.086180111,1.149404399,26.47236815,0.036002094,0.154258782,11.65882696,0.27146749,5.007122265,0.701888611,0.210240331,1.541126868,0.289702513,1.294341316,3.543875307,2.150592477,1.59201074,27.8337757,0.593991349,5.36121544,4.705851628,1.112804651,7.61287889,12.65292539,3.396747286,2.633348489,0.0,40.94172033,0.774420718,1.706857069,2.79486089,0.10325765,0.122741065,2.262543112
0.032540841,3.065994713,9.421380821,0.682920171,0.457582077,1.02060503,0.089724258,0.356315699,1.577236754,0.420843579,16.97804663,0.900665146,2.220017239,2.159810367,4.682833921,13.03977416,19.39448986,2.40973935,1.343450465,31.66962156,0.369503855,0.21560546,3.840737977,4.927667429,21.97341144,1.908594088,28.75012796,0.025767618,4.15594005,2.427417352,1.28385887,0.166065392,0.060605574
4.120378927,5.937428511,10.52966613,2.946634141,9.01655597,2.831474911,10.41214081,2.775865024,3.159763711,4.030356852,34.15860323,1.121634443,1.229550645,5.591434921,20.60546294,27.74657277,34.36819451,20.14685542,19.15578453,40.38018702,0.403952395,4.115572334,24.21498053,14.57892052,30.88676115,1.46044569,23.50603467,6.51404287,24.72902615,3.016409991,5.858422415,1.176747948,6.216385286
4.490871324,8.378335627,2.732784311,5.112041188,3.809828606,0.936774923,2.29307921,0.577082813,2.915076943,6.867886483,4.363904213,2.096416032,1.537209382,4.622993668,2.353222887,3.878808955,6.44415395,7.694082115,6.619648576,6.90513877,1.791642632,0.553092705,10.68239302,10.56352383,8.341093014,6.946491722,0.903053392,2.430375606,3.212881916,5.538978685,5.401978046,1.978034654,0.175480496
2.505337326,6.239949599,1.547586009,10.21420774,4.078197061,1.887674046,2.200394397,0.96818575,1.645596716,9.029111397,5.12494496,1.140211285,1.445854279,3.020544903,7.028937339,5.91974399,3.043834502,6.34961991,2.824819867,0.055891156,0.604389777,1.10982396,2.591616076,5.11222689,1.375973076,6.463213634,2.485699557,1.393072231,11.80942036,2.373426296,9.84027083,1.776755463,0.53315587
5.517515387,8.470089564,0.584383622,5.263623187,7.472330268,7.318941718,9.106483734,12.93718288,3.081337864,7.894165844,0.131474727,1.36295773,2.96810835,7.57828706,0.38497008,0.145680314,0.110596282,0.395785006,4.182614587,2.767396376,7.486437149,14.20256533,1.23482878,8.576088715,4.510217571,7.980668787,0.141039967,13.00516701,2.686730194,5.623975446,5.019483006,2.832137669,14.17860882
0.762009217,0.003585796,0.007770507,0.054828325,0.0,0.131962259,0.23060913,1.247820157,3.406756237,0.012256559,0.133609927,0.001150129,4.710265171,3.489857425,0.0,0.02457587,0.001789445,0.035711341,0.038990527,0.013339561,1.616930501,1.419056365,0.020654312,0.0,0.017278198,0.0,0.000113141,2.26112414,0.000455984,6.321606571,0.014707996,0.014036196,0.408795309
0.104861137,0.0,0.011877217,0.0,0.0,0.100560068,0.013641589,0.207601049,3.267047692,0.0,0.197762964,0.000257557,1.442889929,0.361851964,0.0,0.043618484,0.001580082,0.039995456,0.0,0.0,0.471002963,0.01355998,0.0,0.0,0.0,0.0,0.0,0.282211811,0.0,1.400886795,0.0,4.5e-05,0.0
0.086878988,0.0,0.267635019,0.0,0.006694666,0.206475078,0.0,1.986874146,2.896651004,0.0,0.058035936,0.0,0.872426704,1.983432074,0.0,0.024853087,0.001442744,0.021501842,0.004241061,0.0,0.764991011,0.096796513,0.0,0.0,0.0,0.0,0.027151193,0.237537849,0.0,2.772174398,0.0,0.001010812,0.0
0.033410143,0.0,0.794509468,0.0,0.0,0.116954337,0.003359282,0.072204634,2.31842693,0.0,0.0,0.000708016,0.756502184,3.457285927,0.003543109,0.012561532,0.0,0.0,0.0,0.0,0.791566065,0.003076382,0.001709433,0.0,0.0,0.0,0.055745595,0.083710692,0.011514808,2.106441589,0.014910332,0.004955771,0.0
0.015802497,0.0,0.305771793,0.0,0.0,0.027506536,0.006306176,0.270936213,1.909776686,0.0,0.04676104,0.002764418,0.234651381,2.922360199,0.0,0.012289692,0.000485203,0.004870918,0.003995352,0.0,0.54015107,0.01660577,0.0,0.000445633,0.0,0.0,9.66e-05,0.074026085,0.0,2.316344698,0.0,0.000887097,0.0
0.000756402,0.0,0.470956919,0.010111108,0.0,0.0,0.002555643,0.0,0.580805344,0.0,0.062558736,0.000410708,0.343156711,2.724917873,0.0,0.005065157,0.0,0.009294972,0.003814527,0.0,0.048573411,0.0,0.0,0.0,0.0,0.0,0.007732962,0.0,0.0,1.032438394,0.0,0.000440264,0.0
0.004381694,0.0,0.075941972,0.0,0.0,0.148354054,0.0,0.0,0.160474946,0.0,0.259454859,0.001766545,0.479552373,1.585501867,0.0,0.056005939,0.010754241,0.053747068,0.0,0.0,0.091860219,0.0,0.003106236,0.0,0.0,0.0,0.001290798,0.007186321,0.0,0.832865337,0.0,0.000289975,0.0
0.011100707,0.001638638,0.01621263,0.0,0.0,0.0,0.01765571,0.005562961,0.062123352,0.000518879,0.12729783,0.004594803,0.870112979,0.958706261,0.0,0.024764097,0.001338514,0.020204138,0.0,0.0,0.147667589,0.0,0.0,0.003461316,0.0,0.0,0.000181053,0.021718296,0.000488956,1.012165506,0.0,0.009708082,0.0
0.003531582,0.0,0.001685521,0.0,0.0,0.004709093,0.005700546,0.0,0.17113975,0.0,0.248235041,0.007028389,0.450159571,0.41281759,0.0,0.057091682,0.004257655,0.070407501,0.013283878,0.0,0.013051916,0.0,0.0,0.0,0.0,0.0,0.000666469,0.0,0.000630274,0.852272623,0.0,0.014262568,0.0
0.000146925,0.0,0.038448013,0.0,0.0,0.001192718,0.004389969,0.0,0.594215461,0.0,0.172203326,0.002718721,0.339659689,0.061306053,0.0,0.027758384,0.001540579,0.028768871,0.006002493,0.0,0.000451377,0.0,0.0,0.0,0.0,0.0,0.0,0.0,0.000925103,0.343694473,0.0,0.000233473,0.0
0.11293989,0.0,0.199650662,0.0,0.0,0.001135251,0.004599871,0.0,0.868738913,0.0,0.204443028,0.001762058,0.014571108,0.01535636,0.0,0.016178932,0.001575622,0.033301936,0.005427036,0.0,0.005519894,0.0,0.0,0.0,0.0,0.0,0.0,0.0,0.0,0.318506058,0.0,0.104403354,0.0
2.47658745,0.0,0.363012269,0.564419133,0.0,0.0,0.001472349,0.0,1.255589936,0.032649742,0.234936078,0.00081723,0.000192241,0.017007473,0.002360032,0.040089064,0.002212298,0.043130922,0.005273432,0.0,0.021750764,0.0,0.0,0.0,0.0,0.0,0.001000147,0.0,0.012112647,0.504784548,0.29273629,0.938181611,0.0
0.29711889,0.0,0.072534349,0.0,0.006372835,0.00273771,0.0,0.039923786,0.819428627,0.0,0.090902553,0.00063685,0.028671838,0.023980497,0.0,0.01848597,0.00129173,0.013239416,0.001387455,0.0,0.600750766,0.113025258,0.0,0.0,0.0,0.0,0.0,0.029725397,0.0,0.450997485,0.0,0.001861157,0.0
0.200930338,0.0,0.221077705,0.0,0.022654688,0.0,0.021703204,0.003289108,0.027593163,0.0,0.060019037,0.002986833,0.949936241,0.016142552,0.0,0.006329783,0.153228216,0.008817253,0.47252042,0.0,1.372867573,0.006220461,0.838893052,0.0,0.0,0.0,0.005829969,0.10484531,0.000429103,0.984635833,0.0,0.003714671,0.0
0.151596125,0.0,0.894833941,0.0,0.0,0.176025469,0.015558879,0.398018831,0.135045341,0.0,9.3038096,0.006036291,1.642337331,1.048311697,2.593376582,7.174967258,6.390499043,2.623724786,0.696540117,0.0,0.880963811,0.017932979,2.675916469,0.0,0.0,0.0,0.517099616,0.036210278,0.006181802,0.627022897,0.171760472,0.019066017,0.0
0.195839481,0.0,0.917593461,0.0,0.167269531,0.952899309,0.002084988,0.063356256,3.640120755,0.000877864,3.93609502,0.019066455,6.272047402,4.198296671,1.480596184,2.951038281,3.747129763,3.886764027,0.980474305,0.0,0.155882595,0.079203663,1.883849395,0.0,0.0,0.0,1.056815492,0.006682431,0.01056411,3.811590149,0.040601777,0.074894236,0.0
0.010002311,0.159677481,2.279786984,0.201505286,0.013698808,0.497219203,0.042815457,1.055464545,0.221536792,0.234088115,4.01318342,0.003175308,1.810973271,1.704381777,1.928288599,2.534495321,2.156860855,0.753719519,0.04070437,2.437472318,1.79450279,0.776673878,0.180603712,0.843794112,5.024985754,0.00351098,7.63734553,0.181328073,2.057572537,0.805515022,0.488535575,0.044176851,0.019894913
11.78115334,3.481628164,1.833600037,3.957253386,3.176096568,2.021046955,5.089800153,0.716355315,0.06596963,1.366135535,0.285029372,1.134025946,0.46638851,2.96018716,0.20833935,0.190586092,0.37250915,2.351232475,3.040340305,9.391321879,0.284056976,0.927835436,2.165414321,4.358019187,8.175492886,1.465913232,0.164422297,5.640593069,0.363651323,1.366073834,2.116480958,8.249778759,0.390797878
6.95650133,2.250907002,2.102221945,0.456596078,0.013759438,1.50586242,0.553954061,1.222673248,0.70849285,2.17874034,0.0,0.527281409,0.001256861,2.275772426,2.542728929,0.168409865,0.066984162,0.318917576,0.017408893,0.0,1.605763124,0.32691928,0.001797502,1.713274995,0.035768037,2.524192054,2.935383282,3.155924842,1.230325262,0.086388077,0.866329012,1.728300368,0.012477879
2.648050639,0.000703718,1.089363529,0.976493826,0.438639352,1.783140506,0.316782893,0.378761436,0.028886802,0.000297301,0.006436245,0.012825734,0.000357671,1.435726075,1.7929537,1.135241288,0.070918155,1.981649155,0.183200765,0.0,1.671158107,0.098572977,0.00596892,0.033905479,0.0,0.0,0.382892444,0.607245964,0.04471338,0.056772575,0.320577457,2.023011877,0.0
1.455995142,0.0,0.033354389,0.0,0.0,0.323490314,0.295572581,1.130624224,0.0,0.029719125,0.077430419,0.001447819,0.021004733,0.194084208,0.009748256,0.091589186,0.910706396,0.25573632,0.150523755,0.005098514,0.159187152,1.087095984,0.046010598,0.0,0.005407897,0.0,0.127278356,1.135512291,0.008209119,0.000709888,0.009586973,0.39501412,0.322465284
0.117990231,0.0,0.018281645,0.0,0.0,0.01636609,0.0,0.0,0.0,0.000728556,0.0,0.005304798,0.066084136,0.048579814,0.002675672,0.0,0.0,0.003282653,0.0,0.0,0.736853837,0.003890461,0.0,0.0,0.0,0.0,0.0,0.043681352,0.0,0.390815204,0.0,0.001006891,0.0
2.33e-05,0.005434063,0.001949446,0.0,0.0,0.001129955,0.0,0.0,0.003689017,0.0,0.061494088,0.001256418,0.018791741,0.090343785,0.001635359,0.010237179,0.0,0.00841112,0.0,0.0,0.001832234,0.0,0.0,0.000696944,0.0,0.0,0.001774721,0.0,0.013555642,0.015786792,0.0,0.0,0.0
0.0,0.000204582,0.074696955,0.0,0.0,0.010091767,0.0,0.0,0.001361555,0.0,0.012022921,0.934604235,0.0,0.037814958,0.0,0.0,0.0,0.001453911,0.003996846,0.0,0.001819768,0.0,0.0,0.0,0.0,0.0,0.000289276,0.0,0.0,0.0,0.0,0.028598345,0.0
0.0007989,0.0,0.203379189,0.0,0.0,0.003518319,0.001250612,0.032045585,0.166070292,0.0,0.087174996,3.480215624,0.002713294,0.678823995,0.0,0.007617144,0.0,0.010791209,0.003053414,0.0,0.176227309,0.0,0.0,0.0,0.0,0.0,0.192248212,0.0,0.0,0.166604912,0.0,0.343933012,0.008603176
0.001741672,0.001452279,1.929018754,0.0,0.634911319,3.022388887,1.077975961,5.758749371,0.0,0.0,0.518490409,2.712862073,0.019100463,2.394721371,0.059686487,0.344837176,1.08598265,0.097766261,1.251921169,0.014453701,0.692608782,4.127082282,0.313525299,0.007000534,0.07207059,0.0,0.217878831,0.344297306,0.0031918,0.279226196,0.0,0.201723903,2.281619268
0.040143869,0.0,0.183388255,0.0,0.331331997,0.262880733,0.083817207,3.110114382,0.0,0.0,0.238437299,1.814667045,0.110286033,0.135182974,0.0009942,0.06160689,0.002126533,0.028078376,0.027675416,0.0,1.607361474,0.704522183,0.0,0.0,0.0,0.0,0.012645372,0.081192143,0.0,1.612796357,0.0,0.423426201,0.013362133
0.0,0.0,0.073326016,0.0,0.0,0.182667434,0.001374347,0.0,0.0,0.0,0.17777723,1.329430645,0.085203928,0.09517059,0.0,0.032015373,0.007486769,0.028993256,0.0,0.0,0.062005067,0.0,0.0,0.0,0.0,0.0,0.000620227,0.0,0.0,0.018985781,0.0,0.089621123,0.0
0.025459554,0.0,0.013502082,0.0,0.008201695,0.021868376,0.024065083,0.411197484,0.009865624,0.0,0.300038391,0.079598523,0.000556412,0.746269961,0.001493707,0.055626983,0.024675687,0.049193878,0.006934081,0.0,0.042907614,0.036250004,0.0,0.0,0.0,0.0,0.006000593,0.001717799,0.0,0.013869689,0.0,0.006010744,0.0
0.211942832,0.0,4.163450837,0.0,0.351860796,1.847751258,0.142419836,0.344405136,0.0,0.0,4.1334884,0.012689742,0.00835627,0.076890088,0.023753771,0.837930813,6.634379977,1.559465898,3.748415102,0.0,0.042949817,0.785942437,6.832173668,0.0,0.0,0.0,2.536470331,0.038342938,0.0,0.052663475,0.0,0.002029127,1.597997253
0.002887006,0.006584624,0.024996954,0.0,0.0,0.31726533,0.001822035,0.19588092,0.000102049,0.002742213,0.565174863,0.103374966,0.0,0.081738279,0.072377834,0.729949265,0.053144167,0.464696006,0.0,0.0,0.017128205,0.006528685,0.0,0.020190331,0.002212829,0.0,0.206113199,0.036721536,0.0,0.0,0.0,0.006244562,0.0
0.001618743,0.0,0.023850572,0.0,0.0,0.00491864,0.008881495,0.412571936,0.000986208,0.0,0.065523438,0.002918336,0.0,0.109970328,0.0,0.021475501,0.001752008,0.012620374,0.014596653,0.0,0.104195279,0.039399415,0.0,0.0,0.003909058,0.0,0.005571815,0.0,0.009262091,0.0,0.0,0.002018333,0.0
0.022771593,0.023317132,2.883468827,0.041494172,0.0,0.015012354,0.003056337,0.028937495,0.195449681,0.289097102,0.498619155,0.003339635,0.0,0.032155267,0.144938224,0.203847182,0.014394598,0.088860773,0.002364696,0.0,0.037642095,0.0,0.0,0.1580909,0.002001197,0.008580404,1.56982579,0.0,1.484767363,0.168845514,1.065814638,0.022734106,0.0
0.000748027,0.003797793,2.708003774,0.0,0.0,0.540376311,0.005135061,0.484950026,0.115211697,0.062735113,7.622449531,0.000454326,0.0,2.672898422,1.195240239,5.732523924,4.000033664,1.134925159,0.014450229,1.207574702,0.022963316,1.008508498,0.218461719,0.058551326,0.5259685,0.0,5.515126069,0.193866031,2.209211103,0.202020479,0.035867186,0.007692483,0.0
1.482140457,0.435996588,2.337852634,0.0,0.346683954,0.003873209,0.249490103,0.0,0.332940561,0.030432655,16.41799027,0.000774395,0.004703664,0.253966799,2.200251764,10.20468239,10.60619203,10.23340942,3.01209366,1.034640048,0.005892824,0.0,8.788423957,1.016074608,0.640956958,0.00130409,5.538888311,0.003451954,1.113672943,0.071194672,0.023734267,0.13249194,0.0
0.332086904,0.720124509,0.084080333,0.060431893,1.063355543,0.000843238,0.929711183,0.0,0.007674328,0.567931315,5.233493679,0.463541084,0.0,0.008716322,3.359741797,6.113711514,2.173667898,2.148589387,1.590775221,0.268212584,0.00062871,0.001236258,1.669550645,2.034278324,0.778961945,0.169083997,0.587244878,0.277954155,2.835327492,0.042332361,0.709822217,1.142172072,0.0
0.109651365,0.157331635,0.0,0.0,0.0,0.000662009,0.010224959,0.0,0.010130659,0.001054115,0.1060236,7.030409426,0.0,0.000110176,0.003984405,0.024618838,0.002020958,0.020222333,0.015026963,0.0,0.0,0.0,0.0,0.148383892,0.0,0.050681007,0.000123863,0.04792474,0.0,0.000122637,0.005539246,2.520560723,0.0
0.596901818,3.102396253,0.138651423,1.866490411,0.0,0.021067516,0.094479226,0.005814607,0.104448435,5.15969827,0.437578929,12.29054381,0.0,0.07082262,0.243464867,0.222671724,0.108517091,0.267351621,0.01931351,0.0,0.013150868,0.0,0.0,2.8128946,0.002452661,6.87095223,0.069110792,0.629810712,0.7869005,0.0,3.326536274,6.967532746,0.0
0.017489735,1.825218462,0.01462167,0.0,0.0,0.003780959,0.0,0.0,0.176436184,0.820983694,0.047055882,5.092463066,0.0,0.007004625,0.0,0.007803127,0.108370719,0.012018625,0.0,16.38724736,0.0,0.0,0.0,5.894112502,13.73948971,1.398072463,0.002967991,0.000703725,0.122803102,0.125145258,0.030244231,1.618188051,0.0
0.433420613,1.445668741,0.055114502,6.049338116,0.0,0.002663493,0.022858376,0.0,0.005937552,5.067739183,0.173457968,10.32253034,0.0,0.134250202,0.47509156,0.05480531,0.014518419,0.166093565,0.181401274,0.048368265,7.91e-05,0.0,0.060585543,0.764635835,0.475060242,3.234876857,0.092048015,0.043048227,0.737653522,0.100294623,5.526343137,8.153798533,0.0
0.048993622,0.674928501,0.00464579,0.0,0.0,0.0,0.0,0.0,0.0,0.050450172,0.078228836,5.260065099,0.000336698,0.000255759,0.0,0.014792517,0.408947965,0.034544146,0.008569839,8.341867747,0.00041616,0.0,0.511292575,1.332640804,6.627607637,0.151150642,0.000758631,0.0,0.322606921,0.00183433,0.002878152,2.331993116,0.0
0.0138233,0.134584784,0.058289598,0.0,0.0,0.001826678,0.0,0.0,0.406231459,0.016883232,0.096680692,0.357375823,0.003854069,0.0,0.0,0.010476492,0.0,0.014594249,0.0,0.022686384,0.003537187,0.0,0.0,0.011038437,0.0,0.159603115,5.92e-05,0.000799965,0.0,0.001986131,0.0,0.668203219,0.0
1.021238303,0.456485655,0.856588398,7.700941105,0.009875475,0.0,0.011103065,0.121575504,0.000341411,2.156875067,8.838555004,0.026384835,0.0,0.281918284,9.81169847,10.90490077,6.786004099,7.976514334,0.712874823,0.194452961,0.017307009,0.403092154,2.659700707,1.580176595,0.586462113,0.040218277,5.928988048,0.123775873,8.590312451,0.004966302,6.906043616,2.758150763,0.0
4.905626884,18.1835177,0.036960565,3.712098462,0.0,0.0,0.540625747,0.0,0.0,10.67759809,0.460385737,10.13740527,0.0,0.0,2.177140489,1.282780903,0.560676726,2.445693507,0.030306482,24.86969738,0.001979919,0.0,0.148124994,18.72602157,23.62895446,17.54418121,2.418408069,1.16041278,2.69878115,0.0,5.49186006,4.943778201,0.0
0.687286052,0.284880046,0.394432859,1.117356153,0.230607881,0.0,0.086646731,0.031317163,0.0,0.11682113,1.245267022,2.920933318,0.0,0.018937856,0.993068197,0.5833214,1.70906306,2.62348341,0.16650981,0.019118813,0.004214094,0.0,0.834587041,0.183870685,0.001616006,0.001655682,0.499967789,0.340422414,0.242259425,0.005831474,0.864966486,1.628204542,0.0
0.406430405,0.159519735,0.006750568,1.286783261,0.722906571,0.00062081,0.309408783,0.061333425,0.0,0.329300398,0.258314543,5.255095104,0.0,0.0,0.216470196,0.082771249,0.184298745,0.355867758,0.104016573,0.0,0.00061696,0.002851142,0.023853558,0.021169501,0.0,0.0,0.104655576,0.321631393,1.074701704,0.000600402,0.837260804,1.158624073,0.0
0.079530488,0.011743362,0.0,0.076515375,0.006719881,0.0,0.004826887,0.0,0.0,0.131983776,0.023717073,9.157622565,0.0,0.001429005,0.133270437,0.003874918,0.0,0.002884037,0.003754216,0.0,0.0,0.034942763,0.002000181,7.19e-05,0.0,0.139519143,0.002717742,0.086177893,0.063416793,0.0,0.120334084,2.024555437,0.0
0.001608975,0.0,0.004011629,0.0,0.0,0.013284288,0.003863924,0.0,0.0,0.0,0.0,0.100669717,0.000286548,0.019006864,0.0,0.0,0.0,0.0,0.002457527,0.0,0.002241198,0.0,0.0,0.0,0.0,0.0,0.066163488,0.0,0.0,9.72e-05,0.000853083,0.067320721,0.0
0.00266622,0.190036976,0.000536422,0.254365085,0.0,0.004628606,0.0,0.0,0.000118519,3.798693438,0.044069273,33.30862333,0.0,0.0,0.076269152,0.005385228,0.001904886,0.013769905,0.0,0.0,0.00145196,0.006585783,0.0,0.0155782,0.000820616,2.477615097,0.434712934,0.0,0.019746593,0.0,0.770187822,10.36967678,0.0
0.109878545,24.05960912,0.231175317,4.886983789,0.0,0.0,0.0,0.0,0.0,19.3666115,10.25596842,11.3312282,0.0,0.000542965,7.488303323,12.40335322,4.975807794,7.861055152,0.08580298,3.896173619,0.0,0.0,0.040899278,17.7661562,12.68935623,21.89606043,3.28708769,0.0,19.6241301,0.002347243,12.05337535,2.513000037,0.0
2.710310225,26.69278002,0.317134436,19.16455467,1.274006674,0.001050529,0.25944424,0.0,0.0,28.58456189,1.310108634,18.91947219,0.0,0.005611148,0.509521925,0.602596458,1.082265526,3.52454994,0.295066092,13.89571853,0.001752713,0.045857117,0.022149671,25.07352642,15.7401987,22.4229195,1.142416298,0.077434817,7.08511654,0.0,21.67313082,7.496289063,0.06569317
1.693032352,5.442546256,2.770866967,2.616488362,10.85235064,0.869341732,3.736355789,3.54231266,0.004593353,4.303588045,0.097555741,14.5672876,0.0,0.141714503,0.086242329,0.162079094,0.511753809,0.215398049,3.336315631,0.0,0.154091196,5.998890257,0.248273667,5.783704779,0.679802998,3.797922208,0.728610496,4.851328683,0.487934104,0.000736703,2.463156163,5.766778161,5.490199128
0.633822923,0.751709849,0.576735757,1.046188836,3.736031295,1.123306694,2.711434081,2.254121648,0.0,1.087728036,0.077882233,6.3202456,0.000148335,0.143894683,0.0,0.041211333,0.210281576,0.130077352,1.075649946,0.0,0.110998829,3.109007748,0.124427296,1.687371448,0.0,1.061901875,0.077919522,2.00778683,0.072765846,0.008851054,1.312042752,3.636919049,2.707853533
0.082446858,0.0,0.080703809,0.0,1.543730061,0.005148639,0.502746311,0.080739715,0.0,0.012747874,0.007640783,5.745331843,0.0,0.0,0.0,0.0,0.15940681,0.0,0.197842412,0.0,0.00136348,0.286390521,0.0,0.034338121,0.0,0.0,0.084108698,0.551948058,0.0,0.0,0.043247955,1.060354747,0.173183381
0.303087478,0.042388402,0.053236206,0.0,0.0,0.18127362,0.0,0.368412855,0.0,0.004022412,0.03632946,8.258024504,0.0,0.000907502,0.0,0.003821474,0.192831017,0.005844695,0.0,1.354728386,0.004043862,0.679924006,0.0,0.60218965,1.213598047,0.0,0.093309257,0.396880094,0.0,0.0,0.014807926,2.041450841,0.035276033
0.748572186,8.008731553,0.263448854,0.462038542,0.0,0.0,0.221129031,0.305961531,0.0,4.152445745,0.023376233,3.703127993,0.0,0.000113578,0.002559468,0.002136477,0.325373409,0.117801349,0.684041135,0.369589304,0.00580433,0.244135949,1.701773077,8.373551435,3.068134325,4.500871857,0.045925881,0.61950141,2.310511825,0.0,1.681189106,1.621775464,0.14235579
0.202857182,2.900162333,0.003797789,0.0,1.5808457,0.052500972,1.212863604,0.0,0.0,1.25714928,0.058105533,6.22862633,0.0,0.00427306,0.0,0.00867804,0.04736743,0.025252488,0.626390472,0.08158755,0.000665687,0.0,1.859383808,4.592662258,1.376221642,1.710899849,0.003173013,0.023703638,0.390313103,0.0,0.224336833,0.764629793,0.0
0.206948406,0.000303027,0.001505286,0.0,0.0,0.084545005,0.001572851,1.098006956,0.0,0.0,0.033489498,0.013514227,0.0,0.084440585,0.0,0.002980394,0.0,0.003851783,0.0,0.0,0.063786647,0.577065423,0.0,0.000690369,0.0,0.0,0.0,0.299225469,0.027716955,0.0,0.001055171,0.019622064,0.0
0.153630959,0.01056589,0.0,0.0,0.0,0.01676019,0.031810178,1.017703541,0.0,0.0,0.036572942,0.377169879,0.0,0.015897753,0.0,0.003482204,0.000580244,0.006834355,0.0,0.0,0.050860383,0.769142033,0.0,0.065140492,0.0,0.031790494,0.0,0.355450192,0.0,0.0,0.0,0.000179698,0.313515821
0.144910485,0.077534252,0.0,0.0,0.0,0.0,0.0,0.556278166,0.0,0.0,0.050630531,0.254562793,0.0,0.000816647,0.0,0.006386017,0.0,0.008431213,0.0,0.013298313,0.033551061,0.184900627,0.0,0.284374714,0.0,0.061263928,0.0,0.131153291,0.0,0.0,0.0,0.032131937,0.0
0.069448922,0.15421421,0.0,0.0,0.0,0.009671328,0.001426405,0.150005413,0.0,0.0,0.073351822,0.070718729,0.0,0.003821724,0.0,0.012791321,0.000602534,0.015895405,0.003313641,1.948630092,0.027528792,0.092831391,0.0,0.7106097,1.58061808,0.001596106,0.0,0.093592672,0.0,0.0,0.0,0.003931949,0.0
0.225593021,0.0,0.0,0.0,0.0,0.005025807,0.002636826,1.05001668,0.00533064,0.0,0.047602368,0.021722222,0.000545306,0.009264877,0.0,0.010198612,0.0,0.006362046,0.003153999,0.825074254,0.084674658,0.72078831,0.0,0.052316856,0.31313619,0.0,0.0,0.344158278,0.0,0.001021159,0.0,0.001027283,0.0
0.188701751,0.387533589,0.032020799,0.0,0.0,0.015293894,0.004257704,1.502312973,0.0,0.0,0.081095654,0.013714586,0.0,0.081733577,0.0,0.010195402,0.052871641,0.606511257,0.004418595,0.0,0.153701432,0.862706746,0.001635755,0.367044784,0.0,0.010646215,0.017346896,0.403416048,0.0,0.0,0.0,0.004835839,0.133222564
0.246961803,0.003282573,0.002194499,0.0,0.0,0.553494138,0.002293131,4.197974564,0.0,0.0,0.016093531,0.00647201,0.0,0.314946852,0.0,0.0,0.0,0.001702941,0.003689218,0.0,0.239052557,2.513752794,0.0,0.0,0.0,0.0,0.0,1.016626028,0.0,0.002316787,0.0,0.0,0.011301821
0.079829199,0.0,0.004146945,0.0,0.0,0.178959556,0.266189572,3.6775702,0.0,0.0,0.018997872,0.000654381,0.0,0.069272302,0.0,0.00349111,0.0,0.0022613,0.0,0.0,0.311090804,3.199207409,0.0,0.0,0.0,0.0,0.0,0.960670981,0.0,0.0,0.0,0.0,1.817875832
0.062287904,0.0,0.02049453,0.0,0.0,0.234822637,0.15541191,1.676798879,0.0,0.0,0.019347817,0.253432978,0.0,0.028987552,0.0,0.0,0.0,0.002379356,0.002364324,0.0,0.244326337,1.687011852,0.0,0.0,0.0,0.0,0.0,0.326209267,0.0,0.004610361,0.0,0.0,1.157606935
0.00913057,0.0,0.009753248,0.0,0.0,0.056093445,0.001383738,0.43352808,0.0,0.0,0.115584097,0.007524014,0.0,0.128178204,0.0,0.027368981,0.00173639,0.030277364,0.001181807,0.0,0.063912323,0.033023841,0.0,0.0,0.0,0.0,8.99e-05,0.05415265,0.0,0.0,0.0,0.025175875,0.0
0.133946729,3.578273102,0.063466873,0.0,0.09057255,0.218309865,0.021804397,0.38079582,0.0,0.224044647,0.106947631,0.659499736,0.0,0.198154171,0.0,0.01426201,0.015524271,0.024836553,0.122904286,1.337288162,0.01930453,0.415264394,0.443431422,5.991528045,1.91493263,1.055155755,0.018512491,0.27020907,0.006537762,0.002705064,0.0,0.049541084,0.1561055
0.573107665,0.536039726,0.135397223,0.0,4.196745443,0.967922239,4.636640518,6.708304291,0.0,0.006762772,0.028408938,0.123052113,0.001567573,0.61278012,0.0,0.0,0.023373555,0.098605409,3.580326763,0.0,0.479882831,7.061064832,1.293750442,0.49116665,0.000936594,0.048044591,0.0,3.814833379,0.0,0.038542599,0.0,0.0115553,6.615113267
0.004260053,0.0,0.0,0.0,0.0,0.000868336,0.002249032,0.0,0.0,0.0,0.017315551,0.000265002,0.232341901,0.010554813,0.0,0.0,0.0,0.002405941,0.002315291,0.0,0.106275086,0.0,0.0,0.0,0.0,0.0,0.0,0.0,0.0,0.190288393,0.0,0.000159399,0.0
0.000404493,0.0,0.0,0.0,0.0,0.0,0.0,0.0,0.0,0.0,0.012174623,0.0,0.0,0.000401368,0.0,0.0,0.0,0.001562217,0.0,0.0,0.0,0.0,0.0,0.0,0.0,0.0,0.0,0.0,0.0,0.0,0.0,0.000407135,0.0
0.006434246,0.0,8.71e-05,0.0,0.0,0.0,0.0,0.19618609,0.0,0.0,0.180164801,0.022300789,0.0,0.000108428,0.0,0.025163505,0.012592627,0.011460937,0.003204676,0.0,0.014550769,0.117218553,0.203655847,0.003963863,0.0,0.0,0.0,0.057737334,0.0,0.0,0.0,0.033517516,0.0
0.0,0.0,0.0,0.0,0.0,0.0,0.0,0.0,0.0,0.0,0.048363529,0.036406492,0.0,0.001251481,0.0,0.005838278,0.0,0.006310596,0.0,0.0,0.059234395,0.0,0.0,0.126916223,0.0,0.0,0.0,0.0,0.0,0.006059666,0.0,0.00011472,0.0
0.048972959,0.0,0.0,0.0,0.0,0.0,0.0,0.031598309,0.0,0.0,0.039787492,0.0,0.0,0.0,0.0,0.004089419,0.0,0.00509167,0.0,0.0,0.025318357,0.0,0.0,0.0,0.0,0.0,0.0,0.078968056,0.0,0.0,0.0,0.0,0.0
0.04744077,0.0,0.0,0.0,0.0,0.0,0.0,0.0,0.0,0.0,0.00878087,0.0,0.0,0.0,0.0,0.0,0.0,0.0,0.0,0.0,0.023238437,0.0,0.0,0.0,0.001946723,0.0,0.0,0.03531651,0.0,0.0,0.0,0.002870292,0.0
0.000650986,0.0,0.0,0.0,0.0,0.0,0.00166848,0.0,0.0,0.0,0.013443606,0.0,0.0,0.0,0.0,0.0,0.0,0.00153401,0.003622786,0.0,0.00732091,0.0,0.0,0.0,0.0,0.0,0.0,0.0,0.0,0.0,0.0,0.0,0.0
0.054573108,0.0,2.285570908,0.0,0.934846579,1.471988594,0.50150767,0.568549466,0.138805324,0.0,4.093111587,0.001176185,0.005540412,0.586495813,0.30437716,2.766083991,3.430803817,0.782677629,0.839928771,0.0,0.028442693,0.685303682,0.729352573,0.0,0.0,0.0,2.282293624,0.714312529,0.0,0.082201218,0.0,8.65e-05,1.256259896
1.025291617,0.0,0.047582633,0.0,2.356912702,0.26070285,2.600160625,1.012292696,0.0,0.0,0.351723669,0.001021306,0.007172338,0.08707845,0.122096534,0.435327635,0.672515978,1.300258588,2.566766674,0.0,0.035545876,1.317166825,2.741385265,0.0,0.000592183,0.0,0.094241734,2.043985247,0.012262299,0.000566375,0.0,0.082724619,2.407765761
3.496122167,0.001158442,1.177385212,3.468602024,9.364552797,0.673204774,7.42157182,0.548380092,0.099102868,0.396192135,0.557882533,0.03222565,2.082865602,1.021681049,0.770801571,0.55982106,2.243265883,3.785215336,6.749107043,0.0,2.520760369,2.150027428,5.676816528,0.000386228,0.0,0.001673239,0.03518565,3.178146575,0.049217753,0.596082054,1.964725678,2.443457893,6.529689858
5.626734095,0.546517134,0.416434571,0.030273332,7.216779858,1.015935986,5.283315401,0.965625693,0.0,1.345450721,0.060603447,1.297203352,0.276607161,0.449190961,0.0,0.010696007,0.066646505,0.572425229,5.157709644,0.0,2.129783416,2.26608694,1.441072276,0.90247563,0.000835729,1.019721165,0.0,3.847469148,0.022199809,0.597471154,0.573941274,6.700742416,2.972144864
0.671138705,0.084991295,0.093589913,0.0,0.700234803,0.156888099,1.040309061,1.066643839,0.0,0.113388314,0.062669734,4.204960236,0.105023697,0.207851587,0.0,0.009828288,0.00068215,0.018263248,0.12487722,0.0,0.76803346,1.726288862,0.0,0.399972924,0.0,0.102543332,0.0,2.227062794,0.0,0.299718239,0.011365062,1.469136192,1.910634229
0.000661546,0.0,0.004145167,0.0,0.0,0.051367078,0.0,0.0,0.377038845,0.0,0.008138315,0.005909388,0.0,0.03850072,0.0,0.0,0.0,0.00125601,0.0,0.0,0.057909951,0.0,0.0,0.013768447,0.0,0.0,0.010439914,0.0,0.0,0.003265878,0.0,0.005037222,0.0
1.15306039,0.0,0.039265438,0.0,0.293925262,0.854142737,0.826079784,2.537494296,0.21846458,0.0,0.096292017,0.040899769,0.058023174,0.220189004,0.0,0.014877785,0.000933672,0.070916452,0.09193605,0.0,1.180350183,2.47667029,0.025382126,0.0,0.0,0.0,0.0,1.39716902,0.0,0.134232326,0.0,0.525867751,2.416082917
1.735336303,0.057797595,0.333207734,0.703720249,3.361738252,0.325916833,2.921497858,1.225905053,0.070680827,0.289291855,0.570938933,0.041069115,0.108199005,0.046058052,0.487753251,0.717403609,0.960903728,2.134045999,3.203302631,0.0,1.423469098,1.331694181,3.565897738,0.008792584,0.0,0.138042655,0.172492792,1.204600635,0.024365666,0.1088636,0.529528811,0.785370384,2.210724645
1.640692918,0.816761936,0.07867617,0.329942285,0.304627858,0.009901635,1.349148008,0.806260335,0.010276256,0.932097263,0.054563103,0.175827389,0.0,0.242911701,0.0,0.006805788,0.28583535,0.823710032,1.308820398,0.0,0.053601148,0.48667611,1.948979247,0.717650393,0.0,1.153532512,0.008332549,1.374043549,0.035748561,0.0,0.539191213,0.66597502,0.269314327
0.301019403,0.010382318,0.000500468,0.0,0.331686993,0.0,0.323632653,0.0,0.065811519,0.015239444,0.071599779,0.148789039,0.0,0.0,0.0,0.012315353,0.032662112,0.042201425,0.383544566,0.0,0.000147297,0.0,0.472656236,0.153328988,0.0,0.0016474,0.001713331,0.330693517,0.0,0.0,0.0,0.058982635,0.0
0.494506442,0.001358902,0.011142421,0.0,0.0,0.078092802,0.273358808,1.186751618,0.0,0.0,0.126276353,0.002514922,0.0,0.126288004,0.0,0.027971988,0.003327146,0.033197082,0.0,0.0,0.063060656,1.714076625,0.011071492,0.0,0.0,0.012244666,0.0,1.026034569,0.0,0.0,0.0,0.01039928,1.684539055
0.842829347,0.0,0.024223327,0.0,0.0,0.010380701,0.482113481,0.510846223,0.007030297,0.0,0.059817237,0.000862662,0.000788401,0.026210883,0.0,0.010428489,0.000784647,0.016126646,0.058681937,0.0,0.013570056,0.896291735,0.0,0.005799918,0.0,0.0,0.00025062,1.380059898,0.0,0.024539003,0.0,0.016170472,0.273126056
0.0,0.0,0.0,0.0,0.0,0.0,0.0,0.0,0.001154864,0.0,0.088546149,0.0038241,0.0,0.001140591,0.001279731,0.012413569,0.000616419,0.012487687,0.0,0.0,0.0,0.0,0.0,0.0,0.000643179,0.0,0.0,0.0,0.0,0.0,0.000839136,0.003145244,0.0
0.0,0.0,0.0,0.0,0.0,0.00081225,0.0,0.0,0.0,0.0,0.028418644,0.008777192,0.0,0.0,0.0,0.003343977,0.0,0.004336148,0.0,0.0,0.000379316,0.0,0.0,0.0,0.0,0.0,0.0,0.0,0.0,0.0,0.0,0.002407124,0.0
0.0,0.0,0.0,0.0,0.0,0.0,0.0,0.0,0.0,0.0,0.033416776,0.109543524,0.0,0.0,0.0,0.003642074,0.0,0.00412337,0.0,0.0,0.0,0.0,0.0,0.0,0.0,0.0,0.0,0.0,0.0,0.0,0.0,0.62221087,0.0
0.0,0.0,0.0,0.0,0.0,0.0,0.0,0.0,0.0,0.0,0.118688595,10.45123431,0.0,0.0,0.0,0.01721104,0.000813718,0.019314937,0.002460852,0.0,0.0,0.0,0.0,0.0,0.0,0.0,0.0,0.0,0.0,0.0,0.0,2.470478503,0.0
0.0,0.0,0.00010627,0.0,0.0,0.0,0.0,0.0,0.0,0.0,0.087755919,0.268385685,0.0,0.0,0.0,0.012879369,0.000824521,0.014967431,0.0,0.0,0.0,0.0,0.0,0.0,0.0,0.0,0.0,0.0,0.0,0.0,0.0,0.002266064,0.0
0.0,0.001666316,0.032662609,0.0,0.0,0.0,0.0,0.019823578,0.0,0.0,0.13831674,0.09991783,0.001387044,0.006970041,0.0,0.019775128,0.004546927,0.027616108,0.0,0.0,0.032110575,0.0,0.0,0.000800974,0.002873615,0.0,0.001790643,0.0,0.001431717,0.0,0.0,0.200369109,0.0
0.000147504,2.769202559,0.000355822,1.002919017,0.0,0.0,0.021926879,0.0,0.0,4.046436756,0.504990524,4.725766823,0.0,0.0,0.061622506,0.136712059,0.295831374,0.04505268,0.002346431,3.013062411,0.002396564,0.001473526,0.0,1.369376152,1.626838356,5.03802444,0.189101932,0.001776984,2.702478305,0.0,1.89207066,0.890144038,0.0
0.087469711,8.801322788,0.226659578,1.780401172,0.0,0.003658154,0.007704738,0.0,0.0,1.336013131,1.5355549,14.03920497,0.000362147,0.001297492,5.533799375,2.190224385,1.740558484,2.693838197,0.0,0.035897713,0.000156753,0.0,0.133809798,15.94149918,0.832259899,3.857096532,3.244766668,0.000924818,2.626428565,0.000319019,1.916445742,0.967230321,0.0
2.0946633,12.0685792,0.576255797,2.380523879,0.155333059,0.028199405,1.817651456,0.492862346,0.007846959,10.11403549,2.829403264,12.63428219,0.0,0.237027891,1.802017967,1.159251391,5.592392342,3.390298561,3.355766455,22.14446379,0.06345532,0.368049505,8.235471488,13.12772837,17.70718336,8.423126459,2.368899126,0.603894991,8.314790279,0.007157638,5.378689338,4.907175562,0.306034811
2.742619098,4.104585593,0.900043327,3.892053918,3.797607772,0.275879692,3.261914573,1.281126385,0.021200031,5.897863578,0.0,3.452131886,0.0,0.224202165,1.428637199,0.397544632,2.281021903,1.803725312,4.79400963,0.432781788,0.033795376,2.129150973,6.46916537,3.412867893,1.06527368,4.747116172,0.798746273,2.681282088,4.274319411,0.003221665,5.156129584,2.860987091,2.364227338
0.285313541,0.015733072,0.538522134,0.0,1.600913287,0.012509597,0.331008007,0.0,0.005542864,0.099959098,0.0,0.400470065,0.0,0.006308267,0.0,0.0,0.963164567,0.81881983,2.084683205,0.0,0.00717225,0.042591317,2.57185715,0.000440585,0.000919099,0.0,0.0,0.106397378,0.004559383,0.00094736,0.001655013,0.171337363,0.0
0.223929576,0.001833632,0.197584825,0.0,1.970612056,0.026102577,0.645216783,0.0,0.085793942,0.0,0.213214624,0.014254334,0.000204609,0.041617703,0.02380352,0.101580278,0.321224967,0.200229665,1.562078817,0.0,0.002105532,0.130892309,1.717478718,0.000359441,0.0,0.0,0.0,0.194476562,0.0,0.202580434,0.000647253,0.010188348,0.064586382
0.216361017,0.000479527,0.019349486,0.005877106,0.0,0.000538325,0.313589929,0.0,0.066620002,0.0,0.976111399,0.000451591,0.00037806,0.224806969,0.101283326,0.705569414,0.256699674,0.379245113,0.004022207,0.0,0.006838462,0.01377597,0.055952404,0.0,0.000996934,0.0,0.056961495,0.355384838,0.0,0.151099557,0.010586781,0.010161637,0.0
0.338710399,0.0,0.018921243,0.0,0.0,0.024574413,1.857583255,0.0,0.005906814,0.0,1.666909889,0.003875451,0.0,0.342413706,0.0,0.438257352,0.107296909,0.700603716,0.188788548,0.0,0.002743252,0.0,0.048160004,0.0,0.0,0.0,0.009915421,0.451347872,0.0,0.039708688,0.0,0.02126244,0.0
0.168612375,0.0,0.000515608,0.0,0.0,0.0,0.470083755,0.0,0.096399664,0.0,0.3867287,0.006102832,0.0,0.000763086,0.0,0.095525487,0.010573854,0.164061736,0.175123671,0.0,0.007864017,0.0,0.0,0.0,0.000478708,0.0,0.0,0.080128221,0.0,0.017915418,0.0,0.000505955,0.0
0.477480435,0.346960048,0.057003209,0.554969439,0.0,0.002532127,0.327826889,0.047547363,0.257199599,1.118765289,0.0,0.163104341,0.0,0.018973772,0.062717547,0.0,0.0,0.0,0.0,0.0,0.000395376,0.159750077,0.0,0.031555768,0.002465522,0.48788943,0.026825987,0.405267523,0.222515706,0.110281289,0.892373747,0.09084156,0.0
0.513949083,3.689274235,0.0,0.241139512,0.016148188,0.000588711,0.381931314,0.046707582,0.007612806,3.812446142,0.156435137,1.713538918,0.0,0.0,0.042089939,0.101085179,0.009120489,0.049622938,0.334751885,5.215806812,0.002642572,0.042732036,0.003686243,3.031809483,4.116227559,6.215742683,0.025355305,0.221912714,0.662507099,0.0,0.968185305,1.059058209,0.0
0.268811551,2.240066264,0.004670441,0.024700019,0.0,0.000928818,0.037629418,0.0,0.0,0.164982467,0.0,1.662782332,0.0,0.008763179,0.002211079,0.0,0.000786071,0.006762695,0.080697173,1.064433156,0.0,0.0,0.022681254,4.157527203,2.378270001,0.53928836,8.91e-05,0.052241103,0.0,0.0,0.030937503,0.64474475,0.0
0.268477188,0.991146599,0.001131478,0.0,0.217951808,0.001901527,0.478670454,0.182075701,0.0,0.170917815,0.011547953,0.482749423,0.0,0.466692533,0.0,0.0,0.025020813,0.01322797,0.2514855,0.0,0.079494509,0.026529989,0.150289012,1.475979562,0.164975781,0.26358904,0.007024688,0.227441225,0.003387319,0.007368743,0.0,0.080742723,0.0
0.0,0.004651844,0.0,0.0,0.0,0.0,0.0,0.177852912,0.003118671,0.063869936,0.0,0.000169118,0.0,0.000929108,0.0,0.0,0.0,0.0,0.002327711,0.0,0.006899469,0.0,0.0,0.0,0.0,0.0,0.000140666,0.0,0.000448498,0.000296611,0.0,5.37e-05,0.0
0.001035237,0.000766733,0.0,0.0,0.0,0.0,0.0,0.0,0.0,0.0,0.0,0.001065355,0.0,0.001086836,0.0,0.0,0.0,0.0,0.0,0.0,0.0,0.0,0.0,0.0,0.0,0.0,0.0,0.0,0.0,0.0,0.0,0.002031131,0.0
0.189487789,0.0,8.93e-05,0.0,0.0,0.0,0.121985673,0.183779024,0.0,0.0,0.0,0.005302426,0.0,0.00064189,0.0,0.0,0.009157917,0.019359586,0.002165195,0.0,0.004563049,0.124085417,0.048546756,0.0,0.0,0.0,0.0,0.324650609,0.0,0.0,0.0,0.049940437,0.0
0.094218581,0.0,0.000542986,0.0,0.0,0.0,0.0,0.0,0.0,0.0,0.0,0.000298927,0.0,0.0,0.0,0.0,0.0,0.0,0.0,0.0,0.017969706,0.0,0.0,0.0,0.0,0.0,0.0,0.0,0.0,0.0,0.0,0.002634681,0.0
0.001139431,0.0,0.000201414,0.0,0.0,0.0,0.001295072,0.0,0.002502552,0.0,0.0,0.000274838,0.0,0.0,0.0,0.0,0.0,0.0,0.0,0.0,0.0083417,0.0,0.0,0.0,0.0,0.0,0.0,0.0,0.0,0.000153484,0.0,0.003885241,0.0
0.00091389,0.0,0.002687544,0.0,0.022780345,0.0,0.002704734,0.0,0.001199069,0.0,0.0,0.0,0.0,0.0,0.0,0.0,0.0,0.0,0.001782338,0.0,0.0,0.0,0.0,0.0,0.0,0.0,0.000588046,0.0,0.0,0.0,0.0,0.001275128,0.0
0.000267089,0.0,0.0,0.0,0.0,0.0,0.0,0.0,0.0,0.0,0.0,0.000360984,0.0,0.0,0.0,0.00150901,0.0,0.0,0.0,0.0,0.0,0.0,0.0,0.0,0.0,0.0,0.00295761,0.0,0.002301087,0.0,0.010276815,0.000204704,0.0
0.001438843,0.000669222,0.0,0.0,0.0,0.000907344,0.0,0.0,0.048306243,0.0,0.0,0.005002826,0.0,0.000297099,0.0,0.0,0.0,0.0,0.0,0.0,0.0,0.0,0.0,0.0,0.0,0.0,0.0,0.0,0.0,0.028376798,0.0,0.149661131,0.0
0.532079589,0.0,0.030056718,0.0,0.0,0.0,0.237822017,0.0,0.016757321,0.111662178,0.0,0.117410067,0.015711551,0.125842315,0.032995877,0.0,0.0,0.0,0.011353363,0.0,0.0,0.0,0.0,0.003954984,0.000714879,0.016853705,0.25396334,0.582208449,0.005847655,0.099130085,0.037499366,0.795580444,0.0
0.219669195,1.058975735,0.0,0.828256477,0.0,0.000835409,0.0,0.0,0.0,0.982078066,0.113219938,4.925331119,0.0,0.0,0.021420908,0.141142692,0.002008254,0.075445811,0.0,0.0,0.001987998,0.0,0.0,1.028680723,0.002613802,1.594097233,0.004434658,0.039972395,0.012506647,0.0,0.642195943,3.090259141,0.0
0.482570464,0.0,0.0,0.515938266,0.0,0.0,0.193534234,0.042253091,0.024018034,0.339514214,0.0,12.54634525,0.0,0.000531258,0.162383177,0.0,0.010667685,0.112935344,0.013301502,0.0,0.000619079,0.0,0.001528368,0.008464504,0.0,0.00622126,0.004317856,0.304055258,0.026374482,0.0,0.769975363,5.968710607,0.0
0.607510014,0.667037693,0.0,0.341988182,0.0,0.004566732,0.0,0.0,0.0,2.832628302,0.0,12.11255746,0.0,0.000594219,0.003086883,0.030114638,0.0,0.008513956,0.0,0.0,0.000374359,0.0,0.0,0.649055879,0.005909958,3.695762242,0.01070596,0.002645873,0.333637033,0.0,0.87101574,6.380868534,0.0
0.132452467,2.826590202,0.000779138,0.469513147,0.0,0.000525922,0.0,0.014919377,0.0,2.587441957,0.0,8.641391291,0.108661493,0.062849727,0.0,0.001466813,0.0,0.000648098,0.0,10.21602967,0.006179667,0.0,0.0,3.120996109,6.923367662,5.185259932,0.0,0.003204443,0.032656163,0.270747366,0.601891734,3.968077486,0.0
0.196926497,0.377951497,0.12579986,0.149278765,0.0,0.487186158,0.0,0.207753062,0.221668619,0.289949711,0.0,3.569313357,0.0,0.432881215,0.000775959,0.0,0.040930876,0.0,0.018565395,0.45603323,0.046417886,0.012321708,0.0,1.221287605,0.696717924,0.93063606,0.023955075,0.129087019,0.001629919,0.070460909,0.098220698,3.533119424,0.0
3.377189009,1.911335933,2.551493859,14.10194275,0.0,0.944580384,0.743662631,0.524777853,0.074440388,5.880698603,2.606726591,18.52618305,0.217223249,0.490974439,5.599948148,3.053853461,2.501366659,4.142544048,0.205684936,0.0,0.024603954,0.295185505,0.279719934,1.694674892,0.011108383,3.686424483,4.191520809,1.205063399,3.891972181,0.224739773,9.788830883,13.4936541,0.032103996
4.929778774,8.148351086,0.402943759,22.61151745,2.40303469,0.678768185,2.043739063,0.857880992,0.0,10.98166303,2.057828415,21.42557607,0.003144901,0.875250789,3.753360988,2.415907272,1.109560634,5.711914685,1.49619968,10.51397767,0.030246144,1.362194754,2.80312169,8.831213797,9.354625807,8.901822445,0.876183967,2.205505939,5.507030584,0.017186834,15.04246213,15.73844974,1.175426395
0.190101996,0.44602968,0.031269523,2.509384894,0.0,0.003692464,0.0,0.661874121,0.00706347,1.062615646,0.329830345,3.845372187,0.006425861,0.09783777,0.114385514,0.376815838,0.010471905,0.156580219,0.0,0.076567659,0.044644758,0.011513642,0.0,0.094215388,0.056968015,1.00665546,0.073764702,0.074317564,0.457275216,0.062379895,2.112096524,3.872956868,0.0
0.223337195,7.285155049,0.174020588,5.144823528,0.0,0.23934972,0.019166027,0.236665735,0.0,9.811287862,0.253880997,9.758776609,0.00136306,0.039814388,1.503824211,0.117949369,0.032996876,0.650127975,0.0,2.311923193,0.009044337,0.085516916,0.0,7.205106996,4.834147153,9.817811904,0.168804817,0.194156026,1.72655955,0.00459397,5.890820089,2.359722475,0.0
0.403773423,31.58307233,0.525058579,6.087987996,0.018087728,0.023441481,0.401001176,0.543419819,0.112450734,21.30078703,2.029176528,7.108823243,0.001435318,0.43331916,4.499414869,2.838234725,1.843426611,3.184464937,0.618019886,18.32858447,0.068490786,0.274946523,1.363147112,24.82790377,17.70133961,28.01403817,5.361545428,0.479106956,14.50732707,0.004835621,9.93978768,2.748066865,0.0
0.878965919,11.44327365,1.902675902,2.380458539,3.918668049,0.055643986,5.845158305,3.451513865,0.378950324,6.114132808,0.114570745,6.66161046,0.037149376,0.52691384,0.841788622,0.166567562,1.110377378,0.754753589,5.403748802,13.02430895,0.193807781,2.497047135,4.325798666,13.57029391,12.88584046,9.961091958,2.796599,4.61672201,2.338016098,0.219537769,4.413593157,1.800230464,1.517309669
0.894590328,0.582533768,1.132528988,0.0,5.465234629,0.669558063,5.146500794,1.716250588,0.0,0.494114652,0.015311139,0.443093246,0.046175002,0.72457847,0.0,0.002296677,1.638521415,0.296831744,7.526283958,0.0,0.061263207,1.648725927,5.953184506,0.453129718,0.00127321,0.439946759,0.136553232,1.989828725,0.030971034,0.182219564,0.028025039,0.097804018,2.755629486
0.112717806,0.0,0.00721754,0.0,0.0,0.10835003,0.0,0.45021595,0.0,0.0,0.0,0.02442026,0.0,0.036703478,0.053662903,0.14216433,0.048190962,0.042148045,0.010855988,0.0,0.026563344,0.144078698,0.002197563,0.0,0.0,0.0,0.080682767,0.302269441,0.0,0.000553353,0.000584518,0.006032663,0.0
0.253011717,0.027866954,0.02135981,0.0,0.0,0.064500344,0.028448163,0.334686468,0.0,0.064285516,0.0,0.003532498,0.182736471,0.004732701,0.155888186,0.293149305,0.017505043,0.275091141,0.0,0.0,0.015195788,0.35209757,0.001876637,0.045458291,0.002865453,0.001281092,0.014047129,0.298164003,0.189189066,0.010451464,0.091275264,0.034564644,0.602761221
0.268634308,0.020904654,0.208644401,0.0,0.0,0.076847812,0.001927834,0.015516242,0.0,0.040382386,0.0,0.002181654,0.0,0.012321655,0.006755379,0.007397234,0.051107572,0.002612592,0.001336342,0.18437211,0.0,0.0,0.0,0.019518658,0.08510728,0.0,0.017737006,0.183990291,0.007132237,0.0,0.001408428,0.008304424,0.0
0.730451281,0.00128191,0.002644477,0.492971386,0.027380717,0.002831488,1.18058903,0.263475998,0.005016473,0.012303043,0.445505084,0.000347616,0.0,0.125418047,0.080638754,0.099447013,0.056024751,0.379905318,0.197979696,0.0,0.018518209,0.010902254,0.086356085,0.009892188,0.002721869,0.0,0.021219669,0.65340391,0.088137481,0.0,0.362338807,0.37349022,0.012290813
0.579471669,0.005373776,0.000423505,0.0,0.085323202,0.0,0.303105225,0.0,0.0,0.001939102,0.0,0.057302071,0.0,0.003370725,0.0,0.0,0.024723873,0.122961878,0.471964354,0.0,0.003095729,0.004341751,0.575874026,0.030486998,0.0,0.0,0.003767106,0.112640051,0.0,0.00142501,0.0,0.492917693,0.011742317
0.166224648,0.0,0.163827949,0.0,0.470755262,0.115647645,0.089200554,0.326627297,0.0,0.0,0.048123621,0.001621312,0.006714254,0.036372559,0.0,0.0,0.707917005,0.157397013,0.448238268,0.0,0.040256771,0.493782135,0.57265543,0.0,0.0,0.0,0.048139685,0.256448479,0.0,0.13461994,0.0,0.001122607,0.180623972
3.775460451,0.0,2.249416066,0.0,3.369166689,3.913059406,2.623091176,3.096068427,0.074150328,0.0,0.976236775,0.0,0.03750197,0.655271633,0.085304684,0.758490509,2.815135135,1.370116829,3.599533944,0.0,0.189891207,5.719935989,3.429561309,0.0,0.001122316,0.0,1.428544524,2.645913522,0.000860313,0.440854208,0.000565461,0.31848205,5.511219606
4.063554908,0.081740033,2.147105876,1.795969609,2.853501076,2.009457865,2.489491538,3.574266153,0.253139928,0.247470749,3.650282716,0.006406157,1.379996169,1.97758691,2.659632599,3.630976994,4.792122689,5.37968812,3.446207107,0.45085639,0.216674536,3.280398566,4.322272164,0.003994832,0.011998451,0.011946104,3.618991559,1.463173276,0.288811772,1.216774703,1.397629332,2.014994297,1.95525865
1.711870891,4.225994944,0.320703832,6.665521205,0.085544418,0.53186428,0.750015861,1.087111256,0.268667559,4.120511425,2.207753179,0.224887608,1.959437524,0.615672767,4.650489709,3.362356684,1.734850106,4.479689932,0.217660743,3.48515237,0.084832074,1.195262796,1.076229532,4.556905853,4.55977315,3.017391047,0.459775415,0.981467379,4.991507611,0.657696854,6.197402852,1.775421897,1.227662084
0.343203591,0.832049861,0.129219724,0.0,0.066293777,0.367452736,1.516298414,0.362273917,0.08745632,0.283064759,3.271598792,0.146543746,0.838058041,1.698611375,0.207739889,1.710638761,0.200333855,1.283879044,0.292003287,1.813207763,0.091979234,0.649730912,0.041739874,1.504172036,1.453483573,0.460887763,0.009812201,0.39373186,0.01368368,1.222750573,0.0,0.144817212,1.553235172
0.011315019,0.0,0.002551562,0.0,0.0,0.0,0.0,0.0,0.0,0.007069953,0.0,0.003642775,0.479377451,0.339604707,0.007643022,0.078000532,0.0,0.041279648,0.0,0.0,1.128524504,0.0,0.0,0.006603417,0.000983923,0.0,0.0,0.000873597,0.0,1.398914301,0.0,0.005375761,0.0
0.0,0.0,0.000219395,0.0,0.0,0.0,0.0,0.0,0.00745265,0.0,0.0,0.0,0.010193383,0.007372381,0.0,0.0,0.0,0.0,0.0,0.0,0.072730252,0.0,0.0,0.0,0.0,0.0,0.0,0.0,0.0,0.067140461,0.0,0.006237683,0.0
0.0,0.0,0.002607434,0.0,0.0,0.000978517,0.0,0.276597894,0.26027563,0.0,0.0,0.047247254,0.10127324,0.077965521,0.0,0.0,0.0,0.003774533,0.0,0.0,0.302328509,0.0,0.0,0.0,0.0,0.0,0.0,0.0,0.0,0.137038315,0.0,0.005023676,0.0
0.196858941,0.032257251,0.392827424,0.058354457,0.035314488,0.0,0.0,0.0,0.056930745,0.081356607,0.805949307,0.381963892,0.0015078,0.901402018,0.258597464,0.542158749,0.621216332,0.412804475,0.696151484,0.0,0.000161783,0.0,2.513212875,0.4235795,0.000649178,0.05886463,0.49686529,0.0,0.036511357,0.170057881,0.065663776,0.509591413,0.0
3.061736951,0.563888906,0.523932945,0.0,1.38132042,0.227150178,2.075077208,0.363268991,0.470606236,0.082510915,0.111942526,0.005439595,0.158056312,1.329669599,0.036870921,0.092457518,1.616145576,1.43489768,3.419104757,0.0,0.035560643,0.180668466,4.67623224,0.149632183,0.000386325,0.059696496,0.031590653,1.186470902,0.021031242,0.485135655,0.000747448,0.644870701,0.740046239
0.237007326,0.001358801,0.155475264,0.0,0.0,0.0,0.001409448,0.0,0.002324779,0.003451722,0.669869968,0.008485844,0.0,0.007860023,0.001807424,0.13700496,0.265749767,0.015590804,0.065179965,0.0,0.054023547,0.001467438,0.008468134,0.00034731,0.000679811,0.0,0.080568027,0.103744018,0.0,0.000264005,0.0,0.039800917,0.0
3.228310739,0.0,0.101007597,0.0,1.155117926,1.99655832,3.681703885,1.812449591,0.0,0.003882618,0.396326012,0.314507778,0.106641017,0.763133927,0.012232132,0.100337272,0.043557504,0.029528571,0.562085604,0.0,0.093355727,3.550748956,0.0,0.000824076,0.0,0.005312389,0.019597619,2.391661437,0.0,0.465635464,0.0,4.623319751,3.434928745
0.078147453,0.0,0.001492188,0.0,0.0,0.0,0.011479771,0.016780305,0.000386294,0.0,0.0,0.000166092,0.002466698,0.056197431,0.0,0.0,0.0,0.0,0.016758049,0.0,0.262771651,0.0,0.0,0.0,0.0,0.0,0.0,0.137106666,0.0,0.176256427,0.0,0.000429126,0.0
0.306146232,0.0,0.00010215,0.0,0.0,0.216264108,1.157303913,0.219906048,0.005002474,0.0,0.0,0.00156586,0.0,0.18224859,0.0,0.0,0.0,0.0,0.003308257,0.0,0.318952794,1.278156484,0.0,0.0,0.0,0.0,0.0,1.578222023,0.0,0.198813575,0.0,0.012155685,2.501306789
1.786504263,0.010312291,3.531765869,0.0,0.834860771,1.050298366,2.521037309,0.0,0.227197134,0.0,4.499380667,0.0,0.0365615,0.822160809,0.005272076,0.659481872,9.841289092,4.931151197,6.046694221,0.0,0.008856666,0.035633867,5.114169693,0.004693953,0.0,0.0,0.069038952,0.261983962,0.002393629,0.47596884,0.0,0.31544456,0.022775281
4.391426735,0.014326317,0.749609554,0.009809792,2.533831347,1.103869866,2.253598258,2.143724757,0.133977087,0.069967465,7.798813737,0.001492685,0.421118534,2.58009981,2.70402316,6.820497553,2.802519827,10.4535881,1.972933298,0.0,0.719359971,2.830457437,2.383631152,0.021867556,0.007169537,0.002784449,0.117383623,0.680465645,0.03386568,0.845548417,0.138100186,1.573685,2.620029754
3.08632263,1.802733974,0.183593694,3.161777249,0.0,0.124582219,1.092602865,4.187803144,0.000112263,3.64570208,0.395387624,1.318224149,0.166227033,1.051081433,0.403559388,0.038540582,0.475350605,0.810201785,0.013030197,0.0,0.636413052,2.53483628,0.458004862,0.552194429,0.008537773,3.227125323,0.016302253,2.76058927,0.448267491,0.154015846,2.926781982,4.98519706,0.285295988
0.000734644,0.008719458,0.00032372,0.006284273,0.0,0.001682186,0.0,0.0,0.831709131,0.008010002,0.0,0.216807712,0.010941626,1.173277865,0.028597785,0.0,0.0,0.0,0.001004006,0.0,0.308690095,0.0,0.0,0.018015156,0.005004262,0.018680561,0.003669954,0.0,0.001866504,0.795068707,0.026553986,0.010162588,0.0
1.250696187,0.005578523,1.128476835,0.0,0.5218219,1.133305793,0.083717946,0.0,0.669629468,0.004818213,0.925242018,0.005630023,0.032873535,2.224725051,0.172841888,0.617069885,3.991425068,4.432831546,2.718952692,0.0,0.000170941,0.003738591,7.976860761,0.0,0.001122559,0.007907257,0.011433879,0.0,0.016008762,1.326660902,0.036113789,0.26496249,0.0
0.456543849,3.540837231,1.020052249,3.972610232,0.0,0.187101828,0.004553724,0.041684942,0.0,4.35947223,0.765812208,2.806116435,0.081437571,0.409499779,0.364971553,0.740316429,0.672827019,0.195460733,0.0,0.017465839,0.002784285,0.0,0.002986818,2.347017799,0.527193245,3.485017763,0.605928604,0.16568899,0.949170339,0.082961046,2.199695627,2.750694569,0.0
14.39070614,0.435648111,0.518756409,0.024260719,13.62479829,4.482543018,20.24117364,21.65935987,0.0,0.005658523,3.995425935,5.116079502,0.291098635,10.16291529,0.622522935,3.810840359,3.460112883,9.438792119,14.62167841,0.003307035,4.023397207,16.95055225,10.94292727,2.778596458,0.268664138,0.0,0.324153684,18.03763943,0.175689471,1.547118555,0.012491145,3.203214932,16.95379427
1.432104707,0.0,0.0,0.0,0.016973134,0.004187737,0.457791166,1.479175847,0.001572616,0.0,1.559592909,0.008996019,1.531282765,0.301289355,0.01404523,0.447048653,0.098363815,0.007349705,0.35400367,0.0,2.008276888,0.579108986,0.080835961,0.006996977,0.0,0.0,0.074751073,2.316884308,0.002314139,1.144694088,0.002436751,0.048527398,0.389478393
0.033295119,0.0,0.0,0.0,0.0,0.001454433,0.0,0.0,0.053858398,0.001079982,2.026767805,0.004712474,0.023341892,0.000362686,0.015709743,0.620765388,0.136319826,0.012515486,0.0,0.0,0.000315443,0.0,0.0,0.000642766,0.0,0.0,0.109322596,0.0,0.438013063,0.000407938,0.001603047,0.007141777,0.0
0.014540147,0.004818091,0.002274741,0.0,0.0,0.012083148,0.0,0.0,0.524009803,0.005957506,0.0,0.403157445,0.21459974,0.041476878,0.003189266,0.0,0.0,0.0,0.0,0.0,0.032005019,0.0,0.0,0.001321059,0.0,0.003303819,0.000314934,0.000674749,0.001088043,0.278946986,0.0,0.179013716,0.0
1.440459414,0.118892422,11.16010273,1.510394714,0.203894604,0.01646916,0.016263264,0.134950089,0.246493951,0.702751875,12.46119308,0.113630812,0.338369157,0.900864813,7.965317996,11.45766971,11.0793141,5.519132038,3.594574425,0.007183643,0.056423613,0.0,4.606470754,0.508572493,0.111745047,0.0,16.84630499,0.174995128,10.74162698,0.692268765,3.018799069,0.825585654,0.0
6.622997553,22.83404276,0.045899879,26.31110323,0.0,0.041143566,0.051604528,0.049868399,0.887815516,30.55534001,8.558785498,12.92384881,0.200406008,0.317502688,2.49840155,3.334357539,0.697302257,0.997290837,0.0,13.40265585,0.02151802,0.0,0.372697904,17.67871894,16.949097,22.02436032,1.24399976,0.173054938,12.89548368,0.171165466,23.56562224,12.25799405,0.0
1.698684397,0.498615424,1.723096275,16.98462661,1.697795765,0.028730954,0.349924738,0.217786038,0.108317027,6.474545395,2.357452115,2.259290903,0.113491285,0.602558773,3.577386975,2.061183811,1.933627219,6.091249167,2.463610915,0.0,0.072321198,0.121998911,2.840148683,0.050962697,0.0,4.508477721,0.993386492,0.220933016,1.684400596,0.132959227,10.59006975,5.800064019,0.168560532
1.699588169,0.97235772,2.201224259,11.1742594,0.0084,1.036869534,0.175232482,0.16520614,0.092653265,7.609335986,0.952789244,18.43327375,0.023828344,0.797714012,1.317107635,0.864335418,1.36782748,1.489271485,0.27706241,0.001705623,0.011797003,0.261198296,0.71139826,0.494803244,0.0,7.023617253,0.30958228,0.307363479,2.0306044,0.319620179,7.477746757,10.44882748,0.275139488
0.387611729,3.639833594,0.725329175,0.965327374,0.0,1.690751332,0.0,0.0,0.51495146,2.845049276,0.010013792,5.306211485,0.685634757,0.820331199,0.144321352,0.007121344,0.009147803,0.033976786,0.0,0.004511396,0.013602566,0.0,0.000670477,3.738368039,0.104256397,5.866827469,0.036357139,0.013715343,1.165955389,0.380058723,1.65829395,0.543801848,0.0
0.080829701,18.552195,0.122533999,2.548615476,0.0,0.015270148,0.0,0.0,0.586980032,10.7017538,0.0,5.292694334,0.174043426,0.135618227,0.103996461,0.044393909,0.012848449,0.073257578,0.0,3.944983634,0.001864394,0.005678349,0.0,15.56574223,11.6715216,19.42103971,0.026666387,0.0,1.334995231,0.148249812,3.753514332,0.540729418,0.0
0.296791181,17.08138495,5.263627517,27.02074286,0.0,1.306614507,0.0,0.0,3.522402349,9.152740144,3.604679518,14.4233639,0.255273503,2.602077212,2.453076759,2.546312058,1.54764187,4.673350888,0.079548046,17.59617951,0.018144375,0.0,1.000667083,20.88952929,19.14401139,9.519149164,2.842334727,0.031572872,3.074484323,1.001642479,15.82404261,7.853496559,0.0
1.675294936,0.666741675,8.993064277,5.001436221,3.823512211,3.586495898,1.971520142,0.783128784,0.800623333,0.190605642,6.706407495,25.97387235,0.160399698,2.79566573,10.31516414,9.145053614,3.911241323,9.471326647,1.846856796,2.730394902,0.064589551,3.612026216,1.315855266,1.050982349,0.977737938,0.185929263,7.937565802,1.395009839,1.423694387,0.439844392,2.54404164,18.38917004,3.674023522
1.128833536,2.931344119,1.950191928,3.994178772,3.732474497,3.905073525,2.451559013,0.592649165,0.334039101,4.255074966,6.786138471,32.26889377,0.185173325,2.040518597,4.514491315,5.292542292,5.678195657,3.379931396,5.962308972,0.003900937,0.042453472,1.226054664,6.021665964,2.260925006,0.282264833,5.538295153,2.289727899,1.390315022,3.080461741,0.612447196,4.857536378,15.66966068,1.342529252
1.264435217,0.390395264,1.442883809,0.16296721,3.602163074,0.30641011,4.637194022,0.208740624,0.081533476,0.251754101,4.984657008,22.19731821,0.02448586,1.272510541,0.917258015,3.450472545,1.525448757,0.843345683,3.145892776,0.001725771,0.12477787,1.211728446,1.620332534,0.486270364,0.319653484,0.124864007,1.242530699,1.593092804,0.759101169,0.475784042,0.21029464,13.31847715,3.077857211
0.16540073,0.002398421,0.470793838,0.0,0.434097579,0.599202862,0.374999786,0.839330588,0.630899849,0.002597302,0.567154175,1.156872426,0.059422565,1.096615798,0.076618571,0.292185494,0.08044158,0.149998914,0.608489132,0.0,0.171683682,0.312926894,0.044817118,0.025821906,0.003259022,0.0,0.097739417,0.337625844,0.045420872,0.741438905,0.017960357,0.361175506,0.0
2.487973394,0.002091129,0.87704681,0.0,6.989562253,4.136541106,6.945191213,5.622821474,0.571286813,0.0,0.172909977,7.787036982,0.851390733,5.106500919,0.0,0.0372578,0.135830609,0.190372427,3.474669785,0.0,0.488624047,7.666415512,0.85722983,0.001395999,0.0,0.0,0.014947191,6.471208244,0.000890587,1.373017296,0.0,5.889263036,5.517582733
0.791047043,0.0341509,0.727300567,0.0,1.797366916,0.871497991,1.081984969,1.165896936,1.108079445,0.001062596,0.220814052,1.029453288,0.757647667,2.991387223,0.002960501,0.044631943,0.139029551,0.068280974,0.846253178,0.0,0.858473955,0.61661113,0.243408026,0.058849038,0.0,0.028499859,0.020843805,0.851450291,0.0,1.329936815,0.009964276,1.129382829,0.66355554
0.988523006,0.018872856,0.276136014,0.530502964,0.837325306,0.734526881,2.857101299,3.390222816,0.346945793,0.436993862,0.367497408,10.59463263,0.226144118,1.477305282,0.356930617,0.195829874,0.376671496,0.272226916,1.124037369,0.0,0.66610373,2.451507447,0.147806101,0.026933128,0.005373517,0.411278205,0.236653451,1.711585209,0.420942278,0.964088708,0.711829652,5.060739838,1.944965307
0.024308351,0.142030112,0.030185682,0.0,0.006687131,0.037185709,0.006382946,0.0,0.056095559,0.250998363,0.0,1.201311458,0.047604588,0.341797778,0.024102868,0.032671486,0.0,0.026102404,0.005285324,0.0,0.022328563,0.0,0.0,1.120333991,0.290090364,0.007117692,0.001868576,0.0,0.018408217,0.496644751,0.021646397,0.184426597,0.0
2.64264605,0.0,0.008669566,0.0,0.634892188,0.202638903,1.311351498,2.264223176,0.008259585,0.006235231,0.0,0.221046565,0.10129699,1.87365287,0.015509219,0.025442389,0.0,0.015516089,0.169356862,0.0,1.833142928,0.654382113,0.024997124,0.005426836,0.014264832,0.0,0.00030709,3.697673098,0.004648226,0.699551639,0.0,0.188476149,0.070653931
1.74541823,0.0,0.004103844,0.0,0.0,0.0007985,0.002024264,0.013162095,0.985169551,0.0,0.0,0.217762485,0.003327529,0.0,0.001579502,0.004313031,0.0,0.001356061,0.004424463,0.0,0.074716753,0.0,0.0,0.0,0.0,0.0,0.0,0.556858576,0.0,0.000223817,0.0,0.067181912,0.0
3.008119816,0.006438084,3.228575339,4.363097603,0.013408385,0.002446675,0.384045853,0.0,1.665404776,5.196962907,0.955848845,4.234595946,1.310872078,0.05326895,6.031637584,2.921721513,0.073258852,3.102118101,0.101118348,0.00871327,0.095757812,0.008343764,0.031441431,0.0,0.001793093,0.347050078,4.137009828,2.133174728,6.841732914,0.267895779,8.067481227,1.503553715,0.0
0.779859755,35.20377379,8.331289802,22.19530573,0.0,0.126446099,0.0,0.0,1.263673578,53.0380651,25.46551948,9.701722089,0.753928352,0.293847704,24.88761094,21.95870055,17.38258517,20.02626659,0.432987981,7.625713041,0.003958831,0.008298295,2.930105604,18.99978384,14.22037104,44.25397679,24.2135542,0.010326616,75.13938356,0.574808269,38.39453035,14.07016421,0.017567441
2.485173901,50.05449278,0.398832623,25.46537138,0.0,0.01909779,0.0,0.0,0.028370878,41.49109481,8.837103395,43.05773667,0.014209594,0.242032675,5.813347286,6.662286879,5.412772126,11.16090498,0.038170212,19.51088668,0.00038442,0.0,1.370951024,22.56155065,16.18008887,34.62248481,2.579065201,0.058245563,21.99914467,0.139082208,26.33439547,24.46454715,0.0
2.822741268,1.858082526,3.090946089,0.214515514,1.177435104,1.304214365,3.453931601,0.0,0.363631523,0.107293956,2.216525017,9.79667065,0.165417937,1.844415874,1.32234576,2.592141051,2.188230615,4.77304843,4.478795689,0.628031306,0.004088344,0.0,3.042626847,1.16297228,0.670152122,1.106686384,0.683018838,0.598660475,0.276436852,0.603927048,0.130157058,5.186309287,0.0
3.811147832,4.886403632,3.455483483,8.375065242,6.638070306,6.720919005,8.208208614,9.956804828,0.042721981,10.64425169,6.099705327,12.57916859,0.348489769,4.519456293,4.172685404,4.119392851,7.572351133,5.910823098,7.604465594,1.538755988,0.735288257,7.685981402,9.186371218,3.170500428,1.165188024,9.346639438,2.318473125,5.080103088,4.740265416,0.38858169,10.53144729,9.707595723,3.802989931
0.082081709,0.004554091,0.30099518,0.0,0.0,0.02594278,0.0048887,0.0,0.457065297,0.001329353,0.0,0.062215128,0.019222151,0.335215294,0.029184058,0.08308422,0.0,0.1231468,0.010495102,0.024398043,0.000288548,0.0,0.009205578,0.02674746,0.025808866,0.0,0.018231372,0.013316614,0.00303786,0.053948692,0.003732574,0.010894549,0.0
0.430863372,0.0,0.172812222,0.0,0.014686,0.049654421,0.028039281,0.0,0.017224122,0.0,0.007765961,0.022552194,0.004889766,0.205491632,0.0,0.01844153,0.0,0.035177842,0.0,0.0,0.009839018,0.006226613,0.00576293,0.0,0.0,0.0,0.000455193,1.089581937,0.0,0.008617623,0.0,0.248162065,0.178854123
0.060766432,0.0,0.076766903,0.0,0.0,0.043591054,0.0,0.0,0.020545663,0.0,0.0,0.004807509,0.015186694,0.187775113,0.0,0.0,0.094017013,0.002591799,0.28825104,0.0,0.0,0.0,0.598794196,0.0,0.0,0.0,0.000105155,0.0,0.0,0.012481573,0.0,0.02686671,0.0
0.00083287,0.0,0.011731747,0.0,0.0,0.011601312,0.001982019,0.0,0.006888,0.0,0.0,0.058328824,0.226473587,0.105946901,0.002342346,0.00395015,0.0,0.024289173,0.0,0.0,0.0,0.0,0.0,0.0,0.0,0.0,0.005454963,0.0,0.003121527,0.09843343,0.00520533,0.05346923,0.0289495
0.060044956,0.008040218,0.052350244,0.024724418,0.824162931,1.11883537,1.448868694,0.0,0.05583232,0.009170579,0.0,0.632978919,0.287041884,0.408802741,0.00588349,0.0,0.180611424,0.084053045,0.055204134,0.0,0.018635132,1.223201467,0.004936933,0.010425758,0.0,0.00779388,0.023742875,0.11002439,0.001694657,0.336821588,0.006688693,0.61092445,2.933250751
1.390417784,0.0,2.195073072,0.140615157,2.334019467,0.885241307,6.894355477,5.951950369,0.022207236,0.00424019,0.134818832,6.750466068,0.043114281,1.297969074,0.03106328,0.199329308,1.274396719,0.26495948,5.766746491,0.0,0.116736107,6.619601668,2.880453096,0.0,0.0,0.0,0.000226663,10.51264069,0.006457456,0.13270378,0.030617549,1.50771297,5.711613798
0.780666729,4.05362058,3.202204758,10.47049974,0.0,0.819124315,0.055200664,0.0,0.076194193,13.82457292,6.174695657,10.69433918,0.001411294,0.310961538,4.468020556,5.332970919,1.75455321,7.737378017,0.54080399,0.0,0.001095954,0.003545093,3.425065738,0.671096499,0.222240068,16.65777515,3.138245242,0.000713399,12.24961288,0.249576834,11.48659854,1.03664268,0.0
11.21513279,11.69139607,0.385795535,18.86296712,0.042945364,0.618191702,2.161556995,1.941145222,0.005483765,12.59711609,4.004010373,20.33972238,0.011762918,1.264966036,1.013745364,2.037595886,4.736592604,3.399937309,0.339687351,0.321359432,1.088919257,0.555854894,1.350092985,5.965104826,0.218731518,20.08498418,0.374643203,2.102264605,4.240452669,0.392151446,15.23107766,16.19716216,0.0
2.653113465,0.314535902,0.000878701,0.0,0.0,0.0,0.0,1.4814291,0.0,0.195117152,0.0,3.238661359,0.094285741,0.043482541,0.0,0.003629324,0.020249472,0.0,0.0,0.153286595,3.943246721,0.035353905,0.0,0.199386798,0.174123051,1.238757639,0.009148228,1.272082888,0.0,0.564564842,0.0,0.233130337,0.0
0.002193219,0.0,0.004780118,0.0,0.0,0.0,0.0,0.0,0.511055797,0.0,0.0,0.00337153,0.018834912,0.006785417,0.0,0.0,0.0,0.0,0.0,0.415528403,0.019745733,0.0,0.0,0.0,0.064173001,0.0,0.000224597,0.0,0.0,0.011067054,0.0,0.0,0.0
0.004587091,0.0,0.004756906,0.007673211,0.0,0.001146788,0.0,0.009953525,0.09628706,0.007442356,2.681067701,0.006291747,0.583126211,0.329266352,0.924669886,1.784760249,1.115802918,0.129930833,0.0,0.0,0.548297852,0.0,0.0,0.002918205,0.0,0.007789571,1.759562432,0.009248116,0.000341718,0.148346502,0.001591664,0.003533197,0.0
13.33760345,0.932897106,3.700053408,28.90395661,66.09311429,9.822071569,41.57281731,8.415968857,0.014210303,3.601869122,2.797968495,36.99734507,0.059681206,4.204084612,10.76462012,3.138438619,2.267877431,6.186759754,25.77246271,0.055869414,0.714418258,15.85433167,14.04255104,0.795300961,0.845606734,1.414152364,2.308577217,24.2891155,7.403622688,0.882057959,22.63358078,23.62550711,15.98950244
4.882184313,0.012680733,0.004535176,0.13365616,0.0,0.002213698,0.350473485,0.0,0.015524458,1.844882666,0.0,17.15574318,0.213364862,0.499280571,0.039716961,0.068802276,0.012655174,0.90361649,0.175372373,0.004049074,0.326744045,0.0,0.447123855,0.61597365,0.073148943,1.00110051,0.0059377,0.013267312,0.017865421,0.691402777,0.173539765,16.20315245,0.0
3.99505476,0.0,5.860582358,0.0,0.135547203,9.926248072,0.576528926,8.103484334,0.02394403,0.010849314,0.0,0.283541737,0.117475969,4.241526276,0.008078535,0.073592016,0.038694699,0.099949284,0.138990709,0.0,2.846477301,3.83485876,0.091752683,0.000561692,0.008726739,0.0,0.589825627,1.610028438,0.008576137,0.395285926,0.001257531,0.094968187,3.83984396
5.468358324,0.0,19.05376852,0.0,2.102735966,11.10139421,0.441820748,0.179164785,0.082805162,0.072387473,6.601368501,1.646341339,0.329684328,8.747661588,4.696163781,10.70656404,3.635323515,5.311148623,4.832539012,0.0,0.055704433,0.866504016,3.330616946,0.014119938,0.019602122,0.0,11.27331803,0.046963365,0.486365346,0.736657861,0.021679464,3.755464334,0.12528457
13.10943554,18.84971092,16.85389848,10.63617805,15.44292754,4.834837782,5.40668877,1.34414296,1.254863033,37.13889435,15.82072036,7.10252109,0.149150602,1.368563936,20.81050809,14.69459478,15.75668158,17.39102291,17.43767936,0.007913908,0.218434155,7.900048702,11.25486269,4.230781052,0.060717798,43.3083495,18.42476918,6.68814383,27.66340908,0.231738729,22.68337676,13.71290378,12.53484542
1.764543861,26.32126755,4.249754741,10.36534559,4.49292653,0.405072409,5.316946539,0.81261965,1.103360141,25.69623179,33.53118062,13.69606202,0.011925025,1.220882026,22.07118465,34.73069721,15.70023211,20.19621595,6.68647609,7.907258021,0.152079716,1.537370552,4.728638479,24.25442752,11.65731692,32.04064126,11.74663314,2.741680969,32.52292557,0.673250692,17.45574024,5.770290011,2.607887477
0.514748785,6.83054175,0.867691453,6.364453987,1.919310034,0.30199518,4.224161007,0.247937605,0.222103331,5.352062524,0.100555144,4.615039474,0.298544755,1.699419916,0.200576025,0.037490146,0.06023622,0.062400896,3.410837131,1.928492122,0.073655593,0.389694401,0.576687953,5.957801551,2.228143895,6.055741174,0.870857114,1.871756175,1.828522731,0.663280215,3.893081598,2.147113279,1.156666498
0.690801109,0.359938343,0.124895419,0.34336543,0.266403704,0.998769118,1.678615586,0.576298064,0.050130987,0.754438725,0.0,5.254911536,0.250434338,1.913480944,0.280311355,0.465444005,0.183486234,1.075672584,0.291935488,0.036204849,0.081700635,0.084609653,0.943965842,0.120323113,0.041039421,0.716815862,0.042661898,1.104114583,0.104352372,0.606235696,0.709909635,6.695437752,0.061991076
0.049140198,0.0,0.002541319,0.0,0.024739908,0.005857211,0.192643751,0.040719505,0.129178105,0.030981836,0.0,0.127665306,0.686299396,1.164195764,0.0,0.024540981,0.0,0.006194727,0.0,0.0,0.138688524,0.0,0.0,0.001034988,0.001691352,0.0,0.000506115,0.110612748,0.0,1.170375327,0.008020981,0.007007351,0.0
1.467253741,0.079959595,0.419486802,0.013771311,5.532123055,1.664193736,1.682607024,0.0,0.211165106,0.145616108,0.0,0.306433545,0.052793396,0.636303447,0.086267907,0.362102704,0.110823724,0.907597912,4.492868139,0.0,0.002245577,0.974948453,4.815279302,0.04017382,0.000740725,0.058213346,0.002067388,0.071735952,0.01093117,0.204955872,0.008531669,0.330819924,1.021087915
3.77709867,0.406544315,1.144360128,1.074200448,3.45161306,3.976943777,4.008658409,3.908277982,1.288546902,0.775257139,7.369888789,13.38754765,1.078519361,6.844671998,1.529830993,5.602682317,9.705940244,8.591830645,5.335450991,0.004013798,1.163923529,1.325526319,8.309171726,1.168007816,0.029207892,0.257872857,0.321041694,1.032906463,0.05418118,2.493871868,0.840326948,13.75972011,0.171299395
10.72787187,2.338306601,0.030803877,0.343393789,0.501075141,0.978487969,8.994047479,8.290985634,0.305132155,1.828028679,1.485326418,11.97132227,0.865628441,3.909121589,0.069951887,0.684421425,0.42583715,1.749208059,2.743312977,0.083851634,2.058771455,7.30166165,0.990821125,1.87229769,0.448217486,2.160836274,0.077722944,8.922292645,0.047027093,2.792495052,0.697791861,11.15236381,7.249680724
0.035212538,0.0,0.000126854,0.0,0.0,0.013513436,0.0,0.0,0.816440883,0.0,0.0,0.036955331,0.829114616,0.35284561,0.131586826,0.193404748,0.0,0.066825583,0.0,0.0,0.510413397,0.001160375,0.0,0.000595199,0.006815793,0.0,0.005047007,0.056637506,0.0,1.1294189,0.0,0.007328596,0.0
0.000582432,0.0,0.094312228,0.0,0.0,0.015274248,0.0,0.0,0.981141087,0.0,0.0,0.012850556,0.761510473,0.558614944,0.001737088,0.002630257,0.0,0.001385118,0.0,0.001104353,0.04984516,0.003409884,0.0,0.002768007,0.001308472,0.0,0.000349363,0.004288555,0.00466335,1.166290124,0.007446045,0.003157388,0.033829183
0.698584802,0.009012235,1.01318508,1.764521113,0.094585903,1.256989891,0.012705028,0.085162411,1.114176547,0.036184255,0.027211949,0.01874406,1.261824745,2.940902133,0.008830724,0.0,0.040468304,0.061510428,0.170787369,0.0,0.041753021,0.015433414,0.851633796,0.009503012,0.001068746,0.050445738,0.037856328,0.138250891,0.853195805,1.753610517,0.652913486,0.707220558,0.014373657
0.471855461,5.876865182,3.456723842,1.73397049,0.06907806,0.941206107,0.009416058,0.0,1.835909694,11.47002222,27.10446373,0.051865912,0.265838737,0.939281151,8.06612845,15.49285321,20.78934516,11.65240411,0.61813533,29.49527791,0.057394297,0.004043429,5.110586994,5.220309436,16.72392995,3.312597289,12.27405976,0.0,19.88505884,0.555451265,6.353793229,0.97242589,0.027646428
0.814341996,1.390919268,1.655425198,9.17816311,0.0,0.016405957,0.010317998,0.0,1.584014562,4.866801177,21.63587764,0.588253903,0.020950127,0.074940797,9.204778673,19.60890761,10.38441322,6.060741972,0.001266935,22.60078456,0.022772593,0.0,0.314354264,2.423239417,13.8768203,1.417815153,11.93382187,0.0,31.60237666,0.19907128,8.909653032,2.553207046,0.0
9.22018912,36.01996487,2.357711523,3.088265014,0.598822968,3.158385602,2.921134555,0.022690319,1.778780372,18.28211274,5.891926117,30.38943051,0.680748469,6.909518316,1.627971069,4.775979063,5.770306083,6.973374635,5.832144821,44.68282944,0.175026992,0.508033515,16.24139189,23.8339498,24.48748049,26.99133865,3.411132489,0.042374398,5.393265834,1.225388581,5.42255049,8.851737284,0.068040712
22.00722263,10.25432391,5.05278592,16.68784316,17.25519629,4.081353951,25.33636365,2.1202165,1.960915839,17.16693023,18.87287493,45.08694378,0.280335083,2.339428056,11.17608607,16.11324295,19.14438454,19.47344088,15.46441453,0.585020338,0.08004551,10.92965839,19.65266264,4.05050499,0.379613778,14.26642446,17.0655636,19.55492869,4.949017933,0.783235122,18.39709533,31.59852251,22.17478152
6.835005437,8.355069925,5.646512754,2.25455577,1.896928352,5.613088385,3.126661946,0.522313618,0.168456332,1.788531802,2.202047903,5.119086042,0.110277228,3.13114736,0.31864996,0.431532738,5.802839292,2.980035823,5.590964095,0.29586372,0.017003541,1.365906016,6.248085705,8.115104384,1.522595529,4.454737643,1.97324895,7.84538145,1.344908326,0.516217935,3.339219447,3.50579614,0.263059707
0.409558054,0.0061586,1.225762264,0.009921165,0.122975394,8.862099517,0.047093226,5.627597383,1.146732588,0.002659573,2.625840659,0.084729299,0.064557013,6.929840974,0.301588728,1.483233955,0.430809084,1.015314357,0.135025028,0.011763051,0.608442024,2.483357552,0.06978583,0.021797897,0.031762434,0.102386696,0.417872373,0.404143933,0.019642455,0.835117062,0.018541354,0.37272936,0.122036604
2.73516522,0.0,6.998892518,0.055329963,2.560903346,5.522449335,0.819257852,3.609526824,1.188584102,0.0,7.210537268,0.067541481,0.152083516,2.304503172,2.691220225,5.676355497,4.26258739,10.09903488,4.344713227,0.0,0.167440702,2.535303523,6.690537517,0.0,0.0,0.0,3.930271803,1.15520726,0.070800843,0.802078145,0.204434563,2.536582054,1.000494459
3.264250407,0.354295091,3.241407305,10.70738733,0.205787542,2.591115863,1.637081652,5.376778723,3.010316106,3.472516987,2.925113168,6.921632511,0.265407306,5.156338382,7.33827787,4.792681018,2.142501109,4.431210294,0.468647565,0.0,0.238789947,4.979491505,1.313565207,0.138265419,0.02371325,1.317388045,3.042291654,3.138127662,4.633506515,1.612731003,7.42411879,15.84783942,1.860957182
3.092087795,2.728035568,0.66056407,0.046006571,4.74482415,1.590770367,7.127944242,3.229528155,0.716440371,0.586008158,0.007732043,4.103067454,0.462998271,5.23115117,0.125217404,0.29983273,0.145439594,0.162900895,3.951014433,0.0,0.569575358,2.682113176,0.833479289,2.83594472,0.004854751,1.011994418,0.010541913,2.831579052,0.131310795,1.663848206,0.268161632,6.138862579,3.490734027
0.486532976,0.001175504,0.062710081,0.0,0.0,0.094915385,0.019906818,0.057699603,0.113262754,0.003698752,0.0,0.095843795,0.152560053,0.964132827,0.363350736,0.508622216,0.101281504,0.157561233,0.138736328,0.009977797,0.551877735,0.127648867,0.040416953,0.023827013,0.004468073,0.069682949,0.001576015,0.47977922,0.0,0.596998178,0.0,0.175524325,0.0
0.343901653,0.0,0.035673252,0.014871724,0.010444918,0.040413601,0.003587704,0.004916138,0.074108893,0.017279881,0.0,0.019940381,0.306242108,0.074412748,0.046978754,0.0,0.01503912,0.0,0.0,0.004480649,2.90486658,0.003344986,5.44e-05,0.02213596,0.040644921,0.000932399,0.032843418,0.591197932,0.002716375,0.876218528,0.007408163,0.055461871,0.0
0.027355251,0.0,0.003782679,0.0,0.006187694,0.035845204,0.02683558,0.0,0.150454672,0.0,0.0,0.019232347,2.680761803,0.013404028,0.001461672,0.040859379,0.0,0.010223901,0.005996723,0.0,3.830369917,0.004466066,0.0,0.0,0.0,0.0,0.003191373,0.123435068,0.0,0.319809296,0.0,0.019686218,0.0
0.301023787,0.0,0.024724891,0.032020832,0.0,0.078789931,0.003183334,0.0,0.053587612,0.0,0.0,0.006739535,10.70374128,0.033235979,0.003195859,0.0,0.011130598,0.0,0.000857068,0.0,4.266278694,0.016997778,0.0,0.00106566,0.01289848,0.0,0.003693406,0.188189828,0.0,2.35469697,0.0074805,0.044889061,0.071193116
4.870514741,3.347961651,0.034338891,17.1445478,1.914266981,0.011389993,1.709008512,0.0,1.271681466,14.6705436,10.82309907,2.7484501,0.715833732,0.060959671,9.388243454,10.26223714,5.034718554,16.83642469,6.962144043,0.0,0.579213215,0.0,17.86893074,0.201192649,0.000734719,12.1041034,1.610889963,0.210304267,11.12108929,0.503954125,23.41930321,5.939448212,0.0
0.029906545,32.18924376,1.415630487,4.643490059,0.0,0.182116603,0.0,0.0,2.039130555,27.15323182,0.0,20.14160363,0.380361056,2.65734822,0.238588663,0.0,0.0,0.001159657,0.003529244,0.335743859,0.085533291,0.001389894,0.0,32.19818849,3.884046977,22.40252353,0.584612968,0.001718636,14.81399191,1.496079842,10.05072306,9.94559595,0.0
2.225489102,0.551802996,0.784814795,0.0,6.948893134,4.133987476,2.281199282,13.99419851,0.386708486,0.089451753,11.22635129,5.060438718,0.336320826,4.338622528,0.825814679,4.565160739,3.32976317,3.894102077,3.699694789,0.0,2.758375438,7.617667949,3.843729713,0.314631726,0.00067766,0.202579373,0.512266358,2.856963942,0.06359088,1.628130882,0.020387045,1.524145035,2.173586213
7.54605785,0.001951781,0.3388802,0.0,4.592494626,4.723077722,8.479005885,6.359714892,0.36858616,0.08222807,0.115658264,0.065289926,0.88906445,3.682859862,0.0,0.005622361,0.30372161,0.440825026,2.764970835,0.0,3.340360622,10.35129498,0.730188323,0.001057476,0.001753295,0.086865158,0.0,10.33254843,0.009920115,3.226888553,0.0148097,2.037081722,10.33910633
12.44255182,0.363855971,0.413162355,2.681616855,0.175994942,0.720234737,0.762049122,8.04436728,2.199900009,1.001866443,0.28186777,7.544440835,0.705454058,2.508183476,0.248548305,0.037213896,0.10559797,0.350777646,0.145488858,0.0,5.402876789,4.169771804,0.019266052,0.110454431,0.000881824,0.294178354,0.49198713,10.6045527,1.528803199,2.26561271,1.632101617,8.712580022,2.154761971
11.32713879,16.2977445,6.800684407,39.38553994,4.8982677,4.582002962,25.26416487,1.208149499,1.549711265,5.785065525,24.74367677,29.16331024,0.122110753,5.380907236,20.61857921,22.53603208,10.76336854,16.00262909,20.85837778,0.0,0.18186768,2.903802831,7.955864499,5.977157557,0.101385009,3.720940313,33.28692267,1.74352004,13.01536598,1.25373385,23.39037101,14.77479016,3.496020477
5.340560185,10.94331692,1.39582956,3.552878991,0.281238326,5.275110986,3.862243298,2.703920022,3.581931287,8.766241362,11.86244229,22.0357665,1.406229586,7.843685479,3.091520324,5.950311043,10.03982078,10.55487367,4.519597174,4.511477457,0.330450581,3.284785151,9.451155564,19.40090588,7.674311752,8.397695231,1.863942555,3.158304634,4.333758761,3.542794244,2.916412674,17.47898288,1.646164042
1.674957076,0.022380265,1.179483835,0.951708869,0.571788278,0.363992299,0.949750795,0.0,0.301520475,0.492625457,2.843211923,0.294177185,0.612691763,2.866110633,4.755982175,3.538677762,2.957726733,3.432634692,1.252342812,0.0,0.054079408,0.002337621,3.903424534,0.007609958,0.00251753,0.238932501,3.589052297,0.508612132,3.373852005,0.898903649,2.553110302,3.67490926,0.0
0.010082325,6.605383378,0.120484894,0.074200903,0.0,0.055098758,0.0,0.004919903,0.301362975,5.600714061,0.0,4.293856651,0.029830558,0.021790058,0.05053753,0.121039594,0.000779771,0.030210017,0.0,0.34000822,0.046869173,0.004618334,0.0,6.551275383,2.089322411,6.046171661,0.123452228,0.001365482,4.242105976,0.015783129,1.200615853,0.308553808,0.0
0.86184495,0.0,0.296900775,2.294656884,0.057790738,0.143536143,0.186781996,0.110217753,1.140557511,0.027872655,0.868231086,2.287158366,0.113160214,0.096617039,1.721687462,5.060659492,0.176504415,1.545264525,0.066590163,0.042188932,0.15907472,0.009343307,0.014342963,0.013990313,0.097556387,0.060363786,0.562919051,1.007264912,0.198063288,0.212062535,1.499171998,2.530443479,0.0
15.13378234,41.22844618,5.216070261,6.401966954,15.53722265,0.201990478,1.797696132,0.131791763,4.116583654,28.35751758,25.89833359,1.264449013,0.135431991,0.208953838,25.70025335,17.68310006,26.91593483,34.15842514,18.51500031,0.016612663,0.135425912,0.271259667,15.15509856,18.45564475,3.087782794,14.21670337,9.665881647,1.055412647,52.94377902,0.109897775,22.49597324,5.276883386,0.194440362
1.014401561,81.32491115,5.779312162,0.079069042,0.697203146,0.186586543,0.067146891,0.386156807,5.838037961,10.582978,4.314124177,1.142448553,0.024584241,0.23185927,2.708636393,2.744721822,3.09357056,11.80820395,1.9161191,4.519216376,0.040855161,0.50743432,0.420660687,34.44093133,8.059666293,9.727955901,9.724965726,0.151567412,24.80116474,0.259834845,0.975920485,0.526247012,0.075104486
0.01033685,0.065599887,8.652756016,0.038959669,0.0,0.171329031,0.114356284,0.027192698,1.908291967,2.510088803,0.689430317,0.02131395,0.034454132,0.29257038,0.285290829,0.350613462,8.056036256,0.062663933,1.264394315,14.35439185,0.026282873,0.053527535,0.180126125,0.725391468,3.358329955,0.078054618,13.5954754,0.029097889,2.052654379,0.032283536,0.045073214,0.082422699,0.0
0.025294406,1.414834355,1.090918991,0.0,0.021415476,0.018446271,0.044888226,0.055452554,0.163363834,1.178573144,0.0,0.24370743,0.01927165,0.023709152,0.119122524,0.0,0.014094163,0.014015184,0.0,2.466499239,0.033502208,0.01605731,0.0,3.742097109,1.375723546,0.839711058,3.101524056,0.05089367,0.188586577,0.054782871,0.003771932,0.132408952,0.027360935
2.091372143,2.607496654,0.589195554,0.117346295,2.805603441,0.114773326,6.635716416,0.0,0.5143007,0.289651953,2.723698064,1.739975919,0.024884815,0.217912206,0.528364075,0.56249022,5.301144583,1.283756819,10.67362684,0.031568861,0.307733222,0.100836165,12.26481084,1.246008655,0.333199903,0.870598684,0.639923925,0.410806092,0.835717968,0.05776772,0.228297809,0.733418916,0.986514333
1.661493007,0.348475279,17.97405479,0.0,0.0,0.330706498,0.555054063,0.083233032,0.370136341,0.040741295,12.979975,0.50579692,0.047738363,0.889088701,2.592390762,10.11488223,29.34396846,10.10795551,4.017900228,0.063405652,0.070318805,1.418049133,12.01661827,0.553924622,0.806983061,0.06781597,7.06031326,5.400351385,0.014151065,0.221823029,0.022682592,0.396203988,3.891666931
6.586885335,0.026709574,2.194002928,0.338544727,30.41907076,10.51409095,19.42401374,68.15354032,0.052373435,0.03333161,1.12890171,1.634775227,0.012768676,5.807985062,0.371789703,1.382337689,2.596292352,2.040256369,10.32409954,0.0,5.898999671,32.75108651,3.9775952,0.000860128,0.0,0.088137396,0.404959843,17.93947589,0.009557459,0.19076968,0.039882389,3.600160435,23.90270508
10.22299704,0.029917475,11.40780983,0.0,3.343650663,1.249390379,2.337096379,0.726046469,0.432769496,0.008537826,14.35590309,0.547263799,0.046518726,0.617145547,1.210955439,6.747981397,10.7176013,4.480236766,1.732180673,0.0,0.53956987,1.975596622,1.397973781,0.016553253,0.003726855,0.022930932,7.690999031,11.29531543,0.082849831,0.337653822,0.01429522,2.348570038,3.806939637
20.75508209,0.06014614,10.98692325,0.031524257,20.71828469,1.048635659,10.59495563,6.570971292,0.380136262,0.168774461,4.487735904,2.125915555,0.084295818,1.107830688,0.196341298,1.499347176,10.65758432,1.108356358,16.5774888,0.031429929,1.184257067,5.837051402,13.63490945,0.141664906,0.006539657,0.171220427,8.504981847,13.48574701,0.177436422,0.509570907,0.111090324,1.25463646,7.859883689
4.353336973,0.0,9.890555074,0.0,6.700113145,1.698480806,16.84977752,0.153263637,1.285839305,0.015680544,39.74253632,4.939777254,0.025464631,0.791676833,3.380245437,17.20747479,34.20912261,7.135057572,16.40791308,11.06353105,0.05567959,1.18877616,16.46474607,0.151538469,4.479663073,0.0,27.25190409,7.355555426,1.919256314,0.497244501,0.052530333,1.631197104,2.034440217
23.39772995,2.538087423,2.661350356,0.967503437,3.331913993,0.155721969,3.657495616,2.727342475,0.354325184,3.598492209,22.92012121,12.36261277,0.050543755,2.414495763,38.75796098,37.70966852,19.07065035,31.25021186,8.060818292,32.06323236,1.011432227,1.364909513,15.81492579,12.87176325,38.42084686,3.943026774,5.960232595,3.528667582,19.6470865,0.724844438,8.538016667,13.74197799,1.966666361
0.572351556,3.26410773,0.41841958,0.011806411,0.036454722,0.091077157,0.088374307,0.048713024,6.262607781,0.987161924,0.0,2.839025753,0.841272999,2.357727557,0.060829588,0.007443558,0.014036074,0.020802617,0.038664546,0.263578959,3.723946001,0.013535666,0.095127957,3.843097243,0.718083587,0.862193666,0.015334191,0.131565317,0.194394887,2.780174319,0.253355592,2.28895442,0.159881801
0.601498648,0.013259429,1.319521265,0.0,0.62993402,0.266318024,0.009598665,0.105003142,2.963397221,0.050775568,3.234940792,3.723156203,0.353112748,3.567485789,0.749976238,1.988801599,3.190804549,2.664643485,0.018761859,0.003837448,0.34737736,0.146023177,0.566832993,0.199887688,0.002109851,0.000741585,0.628694017,0.128354327,0.28772472,1.572176888,0.168001203,1.315795178,0.115441461
3.764871907,2.565016783,0.013768214,0.104204984,0.176152506,0.429159485,2.124361425,8.195909752,3.279118493,0.612748403,0.011723315,25.67489849,3.491517941,2.552091841,0.035529737,0.008046039,0.014913976,0.000785822,0.429285209,0.0,14.3666213,6.987118128,0.138460401,2.472537704,0.039651598,0.899819857,0.00361704,5.874593774,0.051109687,5.568032487,0.137010132,9.361134016,5.382826445
0.06787269,0.001304017,0.488107731,0.0,0.079215043,0.118799261,0.010436837,0.012908013,4.854138682,0.015930467,0.0,7.398749298,6.369200696,1.093984924,0.001979369,0.0,0.0,0.0,0.066124654,0.013734139,3.080805892,0.065107802,0.0,0.033065599,0.043559475,0.101051929,0.052338042,0.221830586,0.005947556,4.695456441,0.017405375,3.707179188,0.084091361
0.085681811,0.002599867,0.023035373,0.0,0.052820942,0.067974706,0.100268468,0.070708831,5.785688587,0.029240654,0.0,0.423974903,12.07018989,1.260603295,0.071603578,0.346594165,0.006876331,0.152887711,0.0,3.034386722,1.142968351,0.016651476,0.011266559,0.179907016,6.183324747,0.049680309,0.058524044,0.209367487,0.046128909,5.099162453,0.0,0.055743693,0.0
0.071436722,9.437008432,0.620728717,0.0,0.0,0.076375434,0.002684896,0.087114275,2.990204159,0.07714774,0.665958317,0.444404094,9.928323899,0.984921383,12.54411052,7.254697034,0.333091934,2.704784276,0.033386945,0.0,0.115831959,0.072264428,0.113019787,6.557005311,2.268582134,0.125965036,3.327165178,0.160144323,2.889512453,5.518655797,3.742311145,0.075639048,0.006903416
5.359593808,0.015041367,1.701722579,0.0,0.0,0.096308529,2.110254651,2.663990077,1.037791931,0.005679296,14.82224974,0.210963664,11.75552547,1.325358953,13.75979165,11.30135942,3.63078881,6.989299981,0.002453398,0.0,5.817968364,0.673604845,0.0,0.021998746,0.105396395,0.078609636,5.782587039,5.182239375,0.263989818,5.281946481,0.775907565,3.321099408,0.093305444
0.816730386,1.427601592,0.446331795,18.40445858,0.0,0.051458485,0.309942436,0.030266859,5.780454791,11.5613196,13.94350124,2.232426927,10.42966254,1.40894592,9.453390963,9.088775516,1.198775242,10.18949324,0.025446342,0.0,2.839092215,0.012078155,0.047334304,0.23475142,0.039481922,3.03719197,0.8179079,0.106649366,2.373909224,4.842711291,11.82960156,10.80054685,0.205284898
5.677821194,0.133261077,0.175283677,0.020907598,0.314321772,0.324203302,1.614011166,2.606241151,1.711722156,0.0576759,0.0,2.489446596,10.54822,2.874366309,0.090024137,0.0,0.166374756,0.461944827,0.363017713,0.020462224,10.44576466,0.71299063,3.05924145,0.029672675,0.009989927,0.15779346,0.007688622,4.158265085,0.120554948,10.26160797,0.073393749,0.367617894,0.02011069
4.464715454,0.0,2.669546284,1.084498615,7.776130324,10.14487371,5.603149931,13.45109499,2.236684698,0.079877601,0.096068577,0.952420178,6.095981176,3.044087179,0.095059873,0.288557164,2.952967915,1.897996966,9.31386507,0.0,6.041276407,19.84244276,9.478426462,0.04433613,0.059283682,0.095845748,0.457854759,10.4094437,0.015174439,6.954425815,0.10592537,0.41528731,21.61722077
8.879686319,0.219079296,2.395792483,10.98238851,1.627661833,1.158489714,2.626219851,1.925095503,3.933491839,1.638272612,32.44685126,3.326080581,0.739279227,2.300503137,29.94600189,38.40085588,14.46461373,39.16409974,4.609872467,0.0,0.707394507,2.916023738,9.323739753,0.080833382,0.005637518,0.597148573,11.96517569,7.802642761,2.399261287,3.044651102,8.211710451,6.79244599,3.335440854
2.118557113,24.39735924,6.468603431,13.91940296,14.98609633,0.512949542,5.506935653,0.629179395,5.60031034,11.06235434,48.00574916,3.329125659,0.589845184,3.651383461,41.63232614,44.05854233,23.52163198,21.93238667,10.11630951,4.502145672,0.225761142,0.45291979,4.686808555,14.45581002,8.136746271,10.97591117,37.70561274,4.402632457,45.55832546,2.122887037,10.1427027,4.131037976,1.118847494
13.71369135,20.9735504,4.703546055,62.32758476,33.41633666,2.366403996,13.37964785,0.111623487,1.575827539,17.53331045,37.06582187,1.817742567,1.360342086,2.779147588,22.3407148,26.12256517,51.55467291,58.59934706,41.15693947,26.79950347,0.793596223,0.352828388,53.53074661,33.29119338,76.4770139,5.139867428,15.91676924,3.061856135,44.19170986,3.349635911,43.7491445,6.828391669,1.888859919
32.13383869,17.14050781,0.501520448,8.074047963,0.052020732,0.822138437,0.293871465,3.113284596,2.291711577,56.4536312,0.405225431,3.333480381,3.488340026,5.551487297,1.05975715,0.188398923,0.137650888,0.340680946,0.107568913,44.36560881,11.53762975,0.367044364,0.013005394,13.39349401,58.36287053,21.9606051,0.594471582,11.07124523,25.54843661,6.832944623,27.84281998,11.45064126,0.0
0.616047888,0.984966956,0.615500267,0.541250458,0.057621857,0.242321185,0.426362813,0.047300092,3.912178473,1.604849753,0.011697145,23.26802421,5.309002833,4.363926258,0.041098371,0.0,0.682706619,0.711512782,0.328360285,1.817929382,13.83844728,0.037198622,0.601980849,3.162064215,0.201781839,0.608340887,0.016252722,2.183640381,0.02922631,10.00943398,1.621125479,11.29662263,0.07844422
18.44887233,0.28438554,3.639598833,4.034714921,23.02937099,6.246635829,16.11042554,11.96026556,3.077708131,1.606988881,4.362786288,23.89166633,6.415016026,4.658892544,0.565192498,2.146337269,4.943525638,1.728489363,30.59972191,0.005637444,14.57424198,15.46553547,27.59086958,0.077566693,0.026309805,1.688373335,0.3310221,6.728706388,1.248695109,11.16700969,1.928633025,15.01841064,16.97051281
5.43806281,0.460974754,0.297940826,17.69919623,1.312410751,0.185495264,4.902119592,2.397910724,1.639299104,3.653954283,5.894792523,24.86923667,4.684162493,0.750863906,4.335981656,5.222302726,2.248343942,11.5625977,2.603687007,0.008846098,10.20616218,2.122378771,4.533346348,0.343917605,0.037166922,1.694339956,0.327444878,3.62632837,2.197245301,6.003605876,9.305311076,31.26342269,2.691799016
1.805707109,14.6486732,1.891647353,3.259357801,0.150113403,0.254778048,0.603135145,1.020383408,0.667988221,11.82486995,0.83782544,31.91946966,4.000669906,1.704627711,1.009177702,1.248246218,0.142228017,1.588067571,0.060650249,0.006701492,10.42106554,0.462470075,0.120107765,10.32694832,0.172131812,27.55061378,0.032600305,1.840771142,0.942777434,6.639136623,3.18630638,10.34278827,0.0
1.212023207,5.502631502,1.740236034,3.175797508,0.039419804,0.499372324,1.110020049,0.246764627,0.388723908,3.721310856,0.0,30.35899382,3.292239011,0.854569697,0.208990085,0.003611428,0.134176814,0.051538677,0.800119218,0.161507162,2.246612419,0.080044956,0.678753512,14.18424229,1.723563232,3.230263651,0.135142593,2.679269898,0.834091248,3.154054216,2.707279895,12.91657102,0.0
0.11215179,27.67646232,3.288497622,0.309983101,0.0,0.132040204,0.059778136,0.015539879,0.263842117,13.32678368,0.0,21.5958966,2.404459008,0.422986209,0.619114096,0.117985345,0.107460438,0.698986605,0.014737175,19.19670127,0.875423059,0.115994654,0.004526697,26.48150656,18.46180186,25.23602187,0.476875158,0.175013125,3.578044656,0.943641506,3.128680403,15.71110453,0.340055869
0.027785809,7.755484579,0.605670936,0.0,0.011930992,0.382243672,0.006158508,0.015549493,3.095058397,0.942341084,0.0,10.98644102,1.699677236,0.964458891,0.018790847,0.030965374,0.000651519,0.009386978,0.000962832,1.078254332,0.713476118,0.087617715,0.0,10.44328079,6.587137226,5.102030174,0.071531828,0.041817678,0.097238131,0.312615996,0.0,3.868829812,0.149787646
0.012286852,0.05840151,1.231438388,0.0,0.039971742,0.792595666,0.162697152,0.010588224,7.748357525,0.018868512,0.0,1.323546961,0.444306467,5.263417305,0.063905693,0.05925817,0.00859896,0.054604554,0.015962368,0.032294239,0.080440498,0.0,0.0,0.182359885,0.093615086,0.071636116,0.600253422,0.009369574,0.042794424,2.301274617,0.0,0.249326042,0.032394725
0.044776822,0.0,18.31398751,0.0,0.0,12.83556451,0.005086563,0.0,6.57331357,0.034500235,2.206818122,0.265702079,0.178953331,10.59503707,0.026753411,0.405036697,5.423316318,0.084769194,1.00935581,0.030835205,0.062251238,0.001169619,0.326034083,0.101147446,0.074065959,0.019013269,8.713860866,0.044844912,0.017169278,1.968553519,0.005747935,0.036202284,0.0
3.979895035,8.872435515,6.469091489,0.339454333,33.67846931,5.611256453,18.86090103,4.32758385,3.513457899,0.695611923,43.61289873,0.152425848,1.22359449,6.571330399,8.300429634,21.29817826,56.67006646,18.69550131,31.23398432,8.834398626,0.571300342,11.42748773,43.56324852,0.564141745,4.842931487,2.074266245,11.87954865,8.123136156,6.275972137,4.190297562,1.860378508,0.541357449,12.76692215
16.51235847,40.0549333,0.074475524,58.31680867,0.404222124,0.420694286,4.643927663,0.860829673,5.536637069,70.29216339,5.243726908,3.528757627,1.244685073,3.999049838,4.887918276,4.932801016,2.372426487,3.784469832,0.918101565,30.03605071,2.464733498,1.565518427,1.655678132,33.88959844,21.33538919,16.47487723,0.347489367,11.79213801,20.26635848,5.357165783,81.44348492,9.735469583,3.351469741
8.112967858,4.296463202,5.40390353,2.518777705,17.35362549,0.177218693,1.404617797,0.784558543,4.860860551,8.256203038,3.343348869,5.174522378,1.015001372,4.111787394,1.020965318,4.738348475,4.340995829,13.02043394,11.37995686,0.051505043,0.324602736,0.533688978,2.953436524,3.663728142,0.105498069,5.224381494,1.266450146,2.09767406,1.094358698,3.100917749,5.341723148,1.797664554,0.178052326
1.470846294,0.387814606,14.44721306,0.085381816,60.11597987,3.77385432,9.158250214,1.775759841,8.64023349,0.029112597,1.28404466,1.359685885,0.508989091,5.964100522,1.360753076,0.622692269,7.329903999,1.305443336,25.71388958,18.85876735,0.556231813,9.374442543,8.773623055,9.230636567,33.57327993,0.018654062,10.52414186,11.91692721,1.760102625,5.166169672,0.187001705,0.695214602,20.91784795
0.586695939,0.092214217,35.61676204,0.0,0.755774646,13.18448925,3.642121403,0.971196446,1.290950134,0.003349876,1.172916624,0.190187134,2.309939167,10.4958776,10.16151712,0.887062285,12.05187769,0.370965494,3.379569141,4.488516806,0.197801037,1.68490007,8.019208233,0.567636216,0.745299667,0.064200651,45.28206321,1.517783981,5.478511398,6.454350588,0.09903395,0.02285388,1.683237369
26.26962657,2.118889926,0.824688446,0.46769182,13.31750582,0.989237185,45.81131077,28.16550221,2.788329859,4.866580779,82.06758711,0.549833533,10.81398675,9.085882304,20.07016366,65.90093211,45.76138434,28.65656325,36.36077683,0.397025951,14.42913422,19.07561521,54.00655728,0.276003609,0.82578662,5.645480418,13.69753533,43.33542876,9.914983873,12.75090387,0.790718446,4.862151132,28.10959428
0.044497615,10.13947168,0.219864405,0.518279923,0.11665023,0.060702531,0.007503758,0.0,5.649524434,3.961938711,0.0,4.841882514,2.386712694,1.94257534,0.028778796,0.0,0.012559122,0.0,0.244758982,0.0,0.287967762,0.009905937,0.816655926,23.8905556,3.14082673,10.50524165,0.137717281,0.0,0.20298985,2.522757878,0.964086849,3.984629582,0.0
0.019213541,0.526821177,0.44238466,0.102672394,0.0,0.133660158,0.08740154,0.0,3.56850358,0.072690694,9.423384979,0.019957714,0.888295963,4.486167447,4.432243753,9.066334408,10.07700065,1.589202155,0.374191996,44.05051278,0.050508317,0.0,1.863319807,0.298364379,8.63904242,0.044263536,1.754351123,0.067390318,0.263556566,3.6148773,0.09776368,0.044616753,0.0
6.806709885,14.17299165,0.268239493,4.876329145,1.099647341,0.339162313,6.563461108,1.196955426,3.742598781,4.044109484,12.84730192,0.025566186,1.03519217,5.755777148,2.229667823,4.218293224,1.722424993,11.10101135,5.035398551,148.1271684,0.400379235,0.12555261,3.474992566,7.881905711,73.00459058,3.453783312,1.414202017,2.664010026,24.82794774,6.539381168,1.230577512,1.681418855,0.093617793
27.98938115,44.44831267,0.20055772,15.20707854,0.202513659,0.022393131,1.8781065,6.925267851,3.92911936,46.53005536,0.015825933,1.103106912,3.413144144,1.880227193,4.073373861,0.231604211,1.840509176,8.201322315,2.837550386,0.076968134,10.35409777,2.903754107,9.471678003,13.87588837,5.900892503,33.20573414,0.352783369,32.5413018,9.132380264,8.986211233,24.32165135,5.857886011,1.175638588
26.52353848,17.19091747,0.101960665,2.283666973,0.132844806,0.007939207,1.73599095,0.076279581,1.080235156,20.5427718,0.138794873,3.314598193,9.261642096,0.467517427,0.215146903,0.414843082,1.684816325,9.801790847,0.548512477,0.055884968,13.63136902,0.0,0.823396028,5.905603321,0.018648698,60.44628017,0.033176913,3.420627834,0.751342281,4.371339911,5.070830695,3.403628403,0.034308941
0.697382582,0.916943442,0.181702147,0.121865763,0.010927884,0.259196751,0.0,0.0,5.206551826,4.645574373,1.124787557,0.054013627,1.020947922,0.478227555,0.044878395,0.457998845,1.492483486,6.938435425,0.235753213,32.57884107,0.841680154,0.03519215,0.376020003,1.101391134,13.56454216,0.947986518,0.096925501,0.008756893,2.131319188,0.792631187,2.269681538,0.137894922,0.0
0.278504754,0.000121879,3.628664511,0.0,0.0,1.633627984,0.003187528,1.599975161,3.271361875,0.0,0.222510991,0.052138788,2.95655014,7.955614767,1.318468514,4.821534774,0.025147508,1.139659072,0.166299025,2.786232585,1.48483657,0.002737029,0.178577301,0.025783964,0.836509354,0.0,2.835346204,0.380876557,0.052496646,4.585705146,0.004168729,0.020783871,0.014177923
0.658668966,0.005089112,6.478508219,0.0,0.015737237,16.50549254,0.040941123,14.63020379,8.77249891,0.016067875,2.022501932,0.033812741,4.034298995,19.46394351,3.345600208,10.43600194,0.112904646,3.742454884,0.234064238,0.00249745,1.466430093,5.207294124,0.275854384,0.072357304,0.058012704,0.0,3.530551466,0.534511769,0.017673889,3.509020947,0.001118368,0.12915651,0.076054677
0.18054868,0.034324515,19.75925632,0.0,0.430585911,45.53089251,3.558957319,25.07757851,5.775641875,0.002998095,0.911709039,0.021267316,4.537196172,25.61113476,10.33804068,11.78018222,5.325701608,10.89303558,1.497375268,0.376718657,2.062417528,7.265977419,4.669762535,0.017926272,0.021580597,0.0,17.01480658,5.448576727,2.579369648,6.598961453,0.047032874,0.477957122,10.71661406
4.073149918,0.890495518,4.721738302,14.50166476,70.76213097,7.225128442,30.0737296,16.59117522,3.343761328,3.850033312,29.82496208,2.05070583,14.3096886,7.135621293,20.0479943,13.2692774,47.21713498,26.00134382,50.48945771,0.3866888,7.514034161,24.45316979,60.85190243,2.19590862,0.471826711,5.191463282,2.161614469,15.13667041,22.43659758,12.58207948,25.70618932,3.690782668,19.46478164
0.119585879,0.444277529,0.144030502,0.022583056,0.0,0.326765918,0.004451924,0.0,1.658713451,0.153466099,0.0,2.8407602,10.3610082,0.543387855,0.082148909,0.008194111,0.107601901,0.033983055,0.190080793,1.95419367,0.472060057,0.025593076,0.428231471,3.03686267,4.320026019,0.041950991,0.114189604,0.161267836,0.086695218,1.923882924,0.092564273,4.998309306,0.0
0.061589052,7.89634796,0.074243759,0.094450057,0.014472253,0.018913602,0.009642544,0.0,1.886835545,0.425826367,0.0,4.901020472,2.495112466,0.090015873,0.052985092,0.0,0.002962448,0.0,0.001530498,0.643773606,0.052456945,0.0,0.0,5.762627104,5.710518238,16.80087143,0.035019025,0.001962945,0.05018877,0.205848673,0.06117302,0.60525329,0.023279745
0.027088729,18.45919912,0.882638821,0.055638623,0.0,0.933480963,0.0,0.011807774,0.463335366,11.98465277,0.0,10.4500374,2.252658227,0.672747199,0.085672681,0.03335786,0.0,0.008591896,0.0,64.63066704,0.045627689,0.003764272,0.0,16.0809942,63.15126063,22.38200463,0.08467999,0.0,3.140929495,0.371800065,1.419246734,2.273923439,0.0
7.928667773,5.770986515,2.192676479,0.052270335,0.0,0.502944953,0.14165288,0.014638885,0.52022019,0.380466231,0.361600065,7.977063451,2.754806383,1.493391529,0.183345726,0.76076772,0.012163819,0.097744455,0.0,0.249203268,0.01521265,0.002222937,0.0,7.486010529,0.262338303,0.222392128,0.087227224,1.083379452,0.021513246,1.206637868,0.140213354,9.838436348,0.0
26.65193869,11.87328,0.507036932,5.075813953,17.92807847,1.496114613,14.9472623,12.49059861,0.991452196,17.16512448,8.960759373,8.803052881,2.649306141,0.639704375,2.796348739,8.094771737,7.771057628,11.6181663,11.13761358,8.664984409,5.217056977,14.82889625,14.62324556,22.62029892,32.65897219,3.011323867,1.441258112,24.39419646,13.65967912,0.987077033,7.424910562,10.59820763,12.97353313
5.94115644,20.40214794,1.1828205,0.255322082,0.680663986,1.870933508,2.988274355,2.642083902,1.006774802,12.49935045,1.373901373,6.580457432,3.135145282,1.697511231,3.976347359,0.72466229,2.231585292,3.768530335,1.363417491,46.48964295,9.990055008,0.630429794,2.846939983,21.26702456,20.11510768,33.15406514,3.888016336,4.977033519,20.24839914,2.156882775,5.970030559,4.062279578,0.056714144
8.674199838,28.83783143,6.671450725,2.710358601,77.56425987,6.619571279,26.66271394,0.810043713,0.050499829,12.51598703,6.003982667,11.13021628,9.576297707,3.34428624,15.14389251,4.944362541,9.018155205,7.966724944,40.52726193,1.217175333,7.363058951,11.04388744,32.54154295,17.07049066,5.611494248,15.72451821,10.48999867,11.36509668,20.24290728,7.342626607,5.583118739,1.870582284,39.98005068
4.3008066,27.37751856,0.699522864,18.45249347,0.0,0.113422962,0.003493972,0.0,0.159104105,51.10536034,0.016839274,14.40929572,3.120341159,0.257042177,0.062658496,0.004676087,0.013289575,0.061222568,0.071231233,16.1392892,6.552077273,0.005435249,0.187722338,9.901491864,10.91819613,44.25071898,0.062562113,0.468611111,13.39726442,0.292464563,35.0108403,8.84760279,0.0
0.82755882,0.198277889,0.425748733,0.012249551,0.0,0.012025442,0.010091624,2.310552201,6.168860063,0.013277406,0.0,16.14825882,0.855955209,2.026890462,0.0,0.0,0.075743914,0.0,0.015036018,0.0,0.598880035,0.210751835,0.007068571,0.345847555,0.009404736,0.077920381,0.008082551,1.028185083,0.008994163,2.297377855,0.036599387,7.535410315,0.0
2.741391782,0.991015573,4.301957558,0.208990413,3.820405595,11.66617127,3.147694244,11.87552723,2.750325259,0.039174172,0.171056476,3.877283166,5.072154599,8.960226722,1.731246366,0.004410086,4.959595606,5.797492027,7.152020616,6.081117688,1.407168566,13.04453922,15.55164767,0.845404756,1.336953762,0.028253677,1.465099171,0.381194832,0.047577173,5.168519266,0.011285482,3.231239331,6.470401047
18.80342558,5.228508878,0.954959903,45.67436933,27.1091417,1.845858666,20.0029401,9.75457842,4.20609057,0.622348244,9.732961986,6.552802573,6.105974626,6.081413212,20.659993,21.32682443,9.370820688,21.69336938,20.17283268,1.825829459,5.592920603,1.159503411,10.15150352,8.929717146,3.013273065,0.134979149,4.040772279,2.817141532,5.063010742,11.00468143,30.65078585,12.00221161,2.158929354
8.526580239,0.879195866,7.933669237,0.0,1.556017266,35.48579637,4.862120933,43.55485763,8.440340647,2.698968098,16.94200224,0.833809744,4.787872247,18.42607649,18.02811167,79.08709252,3.772620911,38.4628763,1.967603714,12.80556766,9.40595371,59.72535843,1.754447146,1.34307963,1.427262623,5.897981521,2.216061915,17.64794669,3.123260976,10.22611481,5.158145658,5.64426045,31.0652155
10.22009351,6.986706083,45.07652335,1.075360618,46.55765508,40.64410704,27.56828561,22.70141684,1.52273744,1.787927243,4.267473581,0.772792014,1.432769646,11.28699771,1.192501513,2.602301255,1.827207513,2.041571931,11.53906226,8.541491787,12.5111689,50.19575659,0.905904722,0.424981688,2.755665956,2.741574346,11.22057412,40.8735254,0.597582986,6.726537037,1.06504662,1.494788336,54.73913522
9.428628911,2.886762424,11.62162402,4.050990382,60.93803655,20.57499751,41.11635188,16.04539005,2.442071446,1.77166054,0.135637668,4.033489388,6.762744247,1.581894862,0.581453895,0.670418957,1.13010482,0.79031022,12.51320687,2.427428531,13.9941273,42.56882685,1.005100527,5.46592941,8.239602555,0.963465882,12.99372779,30.98690661,3.145486881,6.265959787,4.056682204,2.704100139,27.48383914
5.395138685,21.91775659,0.892016669,2.856333658,0.165387021,0.472700212,2.435329686,0.928414718,0.309236868,18.62765476,1.562477945,15.7413189,8.6472285,0.527655924,1.609441729,0.420144993,10.89645138,2.241497028,0.862680175,2.266399556,4.749179845,0.713203916,5.352869899,6.830118374,1.807984475,19.18991864,6.684925473,2.114110298,10.97961955,3.422890153,12.39022458,1.770260911,0.158470404
6.377119553,39.74776748,0.824205506,18.63174567,0.208297949,0.135865742,0.589434278,0.003764691,3.637462018,13.85490781,1.969641557,10.27174995,3.481643236,0.752492207,25.63045533,13.66795957,3.983491223,7.563290688,0.0151106,7.756316228,5.347661925,0.01107395,0.26752395,11.47663796,8.016435751,16.97179599,2.220552744,1.46241136,8.6361865,1.201773079,8.822839984,8.784891444,0.0
6.242776023,7.970442341,1.158283813,0.270931173,0.402021833,0.431590283,7.776420368,0.513944527,7.421240412,0.02484517,4.151520534,5.77126647,5.562049053,5.595545103,10.33155777,5.809995075,4.431035639,9.913620871,0.270771498,0.0369305,4.011978476,0.305899458,1.069036725,4.813722879,1.73247628,0.267718548,2.249959222,4.537668043,0.356251477,8.828114353,1.018919953,2.370084017,0.330110587
7.259940501,0.045321869,4.398169794,18.70218233,23.95609166,14.31418273,20.08724058,13.83890756,4.067029205,3.094570042,10.21041517,10.37722627,3.34348254,3.689253444,8.903979911,15.53043133,5.232618039,12.52886966,10.3496807,1.0734081,18.97162035,14.01412192,3.518671029,0.349598754,0.68948457,2.906161301,6.385691299,11.22093317,14.10711242,8.046052335,27.44183855,10.27191724,10.76475229
26.76364547,0.015749554,7.74135053,2.563081955,4.268942293,6.02260495,11.34491173,17.11427519,3.199649427,0.009210369,0.071670771,0.272737373,4.707235706,1.56658098,0.099625908,0.472221507,2.821490292,1.96633103,8.461752616,0.007280389,9.518651857,3.923066136,5.663789966,0.0194639,0.032443791,0.0,1.023733765,11.60699012,0.074666731,1.130980801,0.459199955,8.603133956,0.749630483
6.469072162,0.008280638,2.939298228,0.022230083,2.977477795,6.393874017,2.15043014,14.12184505,3.299913439,0.015925209,0.0,0.043599116,6.661681015,2.03781318,0.0,0.0,1.071360488,0.034746714,1.025689404,0.0,10.75442214,12.90788195,0.459892516,0.060387836,0.006799572,0.0,0.165517104,9.761837294,0.088165993,2.003235714,0.036542447,0.386777319,2.979801676
1.666820432,0.006084395,0.954693832,0.047854066,0.264404651,1.213799126,1.100268811,5.739756358,4.599990211,0.087281182,0.0,0.059753505,8.477682121,3.60351708,0.0,0.0,0.518861097,0.023258495,2.14324153,0.0,8.009471584,2.394545332,0.937777404,0.04815715,0.0,0.100610554,0.298905177,1.621282531,0.027221548,6.985530544,0.002358227,0.760054089,0.06224377
2.300045784,3.600683981,3.416683594,0.0,2.012924901,5.510112703,10.46828132,1.991207474,7.455255351,0.170461307,0.0,0.21495338,9.030190543,3.460498898,0.004674642,0.005313917,3.080271692,0.970655064,11.02799589,0.0,14.2619796,2.291050202,5.771107212,0.181106123,0.0,0.395291342,2.713934157,1.031394434,0.0,8.411063622,0.007745739,1.081002237,0.739940502
4.861976391,12.35746454,3.446263626,3.855400496,1.485780408,4.267557558,4.88349579,19.30310609,1.268460802,2.460901137,5.894610384,1.070620616,15.45305492,11.44346501,3.454773934,2.206593739,1.96984658,1.505868145,3.680206067,6.618388961,6.849691173,11.01365935,0.874193006,3.240456505,1.997605082,10.67045748,11.99329008,5.206500654,2.00986129,9.206798782,2.742021453,1.784881583,3.755996354
12.88932202,4.146654398,6.612008115,0.837526541,8.584646996,15.01698579,15.84007751,9.609770513,0.367805545,8.105831312,4.134575229,5.205359642,9.732700467,6.218326644,2.13636197,10.88295043,12.78689447,2.266503341,15.49607907,0.965347679,10.50200662,27.03761219,14.60021017,1.618049997,0.225265084,16.42678511,9.764071845,9.370713623,0.728232451,4.486748854,2.281466755,5.416743122,29.35102505
5.195719301,0.199639665,1.736122489,0.130506238,2.006164177,0.632658283,0.924525157,0.348774391,3.897390165,3.845182128,25.60141026,9.578502231,2.319525791,2.007808033,3.650282435,24.99781614,12.13512512,8.695886827,0.315843306,0.0,4.537695614,0.145206047,0.745062174,0.667199008,0.0,0.194084799,3.682712086,7.218771724,1.636179039,1.839555569,0.990927706,5.512222213,0.352556775
1.47049791,0.004538442,1.189979534,0.216858542,0.163015325,3.055230592,1.265211768,0.201339113,4.065169375,0.982327862,5.87961487,7.583496797,1.608828309,5.949916098,0.029822096,2.526265623,2.209279834,2.283301097,0.37909576,0.005805556,2.568924326,0.007388636,0.327962145,0.001741729,0.008085191,0.021462115,1.366946445,0.221237545,0.123494026,1.582131967,0.299815303,4.977364942,0.024342722
1.529929618,0.004556316,3.109843972,0.0,0.027002542,2.194079079,0.154271055,0.0,4.697550202,0.016243657,0.0,6.081858182,2.696085504,11.33766011,0.0,0.017813433,7.643718439,2.236231037,0.16455797,0.0,6.00790919,0.0,1.902398107,0.054043706,0.0,0.00584868,0.474104681,0.342146901,0.004027912,7.941132551,0.022194788,1.89925062,0.0
0.528439356,0.0,8.418731409,0.0,0.124740128,6.949564134,0.203680861,0.275664248,3.45046263,0.000993176,0.0,2.088322895,2.098893922,6.591466121,0.008630122,0.0,0.001088301,0.0,0.358361333,0.0,8.37801335,1.202288389,0.035039647,0.0,0.0,0.0,1.785128057,0.413809162,0.006486268,3.305131235,0.019151605,1.419369441,0.120944043
2.371602052,0.244714094,7.266079219,0.311335707,4.293988376,37.27819408,2.638775959,6.815278686,0.619242372,1.801124876,2.459104954,4.993602445,12.23098241,23.86343014,0.724472116,1.938726879,3.092223621,0.017427577,7.257124247,0.003447424,13.51705716,12.51335578,1.692169192,0.048181792,0.001304844,0.035381755,5.171460716,4.089341923,0.122963421,9.178413768,0.640088742,1.099265364,5.661930932
8.408980444,14.90439918,0.157016732,4.775655333,0.079445994,0.089785994,0.089674598,0.0,3.178579958,11.37732514,20.6450775,10.74899863,1.438133992,0.350583249,21.12155159,55.12730193,11.58156881,48.73396173,0.710415211,1.923210369,5.78653849,0.0,8.006968077,9.755272872,11.84441586,14.32317069,0.485420586,0.32749416,3.241162119,1.171828533,13.96718094,9.07970004,0.01453135
4.73135322,8.290971867,0.093377977,0.525499795,0.027306094,0.039012467,0.734215973,0.0,10.70454363,1.97043899,0.0,8.985167455,0.158188199,1.467830042,0.029114843,0.0,0.088207184,0.0,0.159249209,12.02333831,0.404901099,0.0,0.039653875,7.825889348,6.08709508,8.005427677,0.035084672,0.72188439,0.230832684,2.188018834,3.208817472,7.507444125,0.0
2.563141508,2.805223219,0.166159504,1.660705632,0.0,0.513178619,0.0,0.0,5.390368971,1.220931828,0.0,1.875086748,1.385095472,3.556148823,0.004678683,0.0,0.0,0.0,0.014300541,0.280667057,0.472874916,0.048716738,0.0,9.476113116,8.276408997,2.152915529,0.014360226,0.681880769,1.333663826,2.55733998,2.718509243,3.621656876,0.0
0.039534731,0.047932011,0.127691047,0.122471745,0.121632078,0.038213818,0.019557389,0.0,8.537321815,0.402915531,0.0,4.380550349,0.691106481,1.155503044,0.0,0.002943812,0.0,0.0,0.030149115,5.095969218,0.894428867,0.0,0.006739407,0.433780947,5.845251316,0.410314287,0.008282844,0.12501713,0.007638269,4.34310645,0.076562615,1.493526538,0.0
0.550093588,1.827156957,0.93072088,0.0,0.259050808,0.075510455,0.811881698,6.128279059,3.00304626,0.0,0.0,2.351460344,2.237740613,9.700190188,0.004763394,0.048139426,0.020911347,0.021994799,0.135727174,0.584450727,8.21279704,0.019516748,0.495963219,4.861214646,8.400941639,0.23250336,0.022577222,0.307541382,0.0,6.491780171,0.0,2.955236882,0.028802416
2.72297735,0.692049034,0.411250761,0.0,4.15656953,0.027940271,7.059000871,0.974917665,2.538785637,1.310710311,0.071640876,0.530608915,3.32051137,9.872508561,0.210091049,0.877227871,0.20577588,0.022625161,4.094269095,0.762410751,9.352732565,1.8374911,3.696899348,0.616459077,1.667302146,1.804019501,0.882006039,6.737421276,0.00118128,8.784715364,0.0,0.478738506,15.45775726
1.725740913,7.132598703,1.732637308,0.0,0.0,0.037787091,0.001382946,0.789244478,4.440632356,0.496869304,5.647318588,1.584956616,6.307517696,3.399195074,1.175154766,3.473433168,6.442934369,3.782555046,4.636346638,1.199121149,7.630926531,0.10268589,5.600670059,1.442294217,2.086757487,1.631316811,4.511710348,0.160340182,0.019362172,4.405173644,0.014412303,0.638298532,0.242141623
0.362055092,0.977766794,7.084552103,0.886531899,0.059756683,9.989412124,0.492819083,3.41860805,1.6337424,0.098740042,5.13738582,2.567616888,7.888571889,10.38104573,0.924180611,1.422484586,19.95239994,3.319630874,5.037682538,0.305271305,3.047545744,2.442128963,8.821329039,0.2656037,0.323366974,0.057791068,16.35082693,0.100048137,0.757718201,9.106160651,0.959729206,5.845381198,0.213475268
10.37021316,14.5626572,0.637653143,21.95840253,4.229302342,3.945479788,16.60496234,4.997226729,1.551657628,7.861014163,13.70020063,7.354233056,10.69956973,4.328800442,4.434181121,9.5275678,11.40091351,10.96673842,15.68335049,14.00934416,16.43952516,12.54556185,8.024161219,3.683820293,8.576881536,6.804401004,11.46089012,3.193705436,28.09226741,10.05908474,15.97852458,7.867737168,10.44686248
1.178626706,31.54583072,0.367615142,2.26674623,0.123643186,0.134997104,0.119225297,0.0,0.26704747,15.56637523,0.014887776,20.87906602,8.961004435,0.30784764,5.404466943,0.195777573,0.0,0.014749167,0.006674203,19.5581606,2.484457334,0.056746989,0.043911402,23.49271479,36.09727648,27.79238525,0.136582123,0.396604818,2.373798459,3.937070176,4.054185502,5.49858723,0.059440824
2.521271499,0.041511367,13.37684388,0.016054548,0.375137015,8.590373126,0.515913134,42.00126188,0.679546281,0.052846087,0.0,4.964417791,4.198387349,3.150387342,1.970122696,1.074572839,2.016864133,0.011383251,2.517555109,0.078424861,6.567764214,16.07888011,5.068920105,0.087316204,0.290167945,0.081750412,7.047499665,6.045539905,0.053813012,1.236175843,0.050753585,1.840370934,0.399920442
8.783167497,0.32043932,0.601995185,0.0,7.303824026,5.821157734,10.11401224,11.77058134,3.096881349,0.01001558,0.0,1.301044639,14.76701676,7.196174053,0.198736443,0.098873235,0.10553655,0.0,1.728328236,0.0,14.99445595,5.910181313,0.348122007,0.104857093,0.007257981,0.019704516,0.346852528,9.486895621,0.027883189,7.325363417,0.0,3.021455971,9.821578675
2.630833914,0.151217048,12.41351592,0.0,27.31604166,11.77587404,12.41120674,0.882025124,6.916838941,0.007596829,1.701813404,3.910114685,7.664784535,7.825570691,0.276387735,0.744200927,3.872984478,0.112097045,10.64692167,0.0,3.688415778,7.545589915,2.713002166,0.113555655,0.046304643,0.0,3.353691725,6.236455818,0.18239996,7.041405945,0.012430194,2.601227369,22.54121495
4.045916971,10.32768728,35.9757039,0.818939434,16.36348006,18.79182627,3.736814281,1.499223207,2.159270352,2.11913208,68.16323831,4.274892672,3.341095992,10.91220883,17.45981956,47.56479655,49.56928966,23.93878835,30.95475414,0.0,0.164015507,12.70605327,27.31033478,1.518385822,0.019361355,29.23692432,47.35170552,2.501432174,0.707165443,5.601910539,1.5361371,5.050776329,7.867255942
24.8700995,8.412955925,0.445066734,24.69441948,0.975143041,2.065889644,4.055497251,6.926176019,1.709646126,15.76195141,35.40349222,3.48793829,8.19534119,4.704846435,78.13889726,54.04378958,17.83880513,63.5241686,2.135318242,40.10656138,11.12380798,4.531321214,8.535672674,6.474334992,12.85054485,11.06110458,30.5190638,5.503058321,51.44185507,10.65917291,18.5753094,21.30027665,1.964369163
2.967146431,33.56455824,0.092489227,0.220031583,0.128971077,0.059617577,1.537134323,0.06195051,1.458864993,12.57102361,0.673384599,21.47586607,6.69265562,1.44664382,0.17360224,0.213056136,0.717957566,0.822871899,0.496472299,32.33018271,3.034288999,0.102910109,1.463447344,27.92765608,33.90206648,25.70656401,0.142714239,0.934167793,1.477236703,4.458189857,1.618991795,10.43531652,0.301026877
0.508752432,0.543696785,0.761262736,0.0,0.214211044,4.687410942,0.529560808,0.326340408,3.792714456,0.186410149,0.0,4.890816369,5.187299135,5.667266648,0.018775906,0.002868555,0.038421857,0.000824829,1.027261255,0.108706943,0.2641911,0.163305006,0.222124417,1.624679576,0.153167273,0.243422295,0.018573384,0.210921272,0.108934831,6.747316038,0.039459834,0.538470033,0.13923759
0.402801418,7.008269345,0.084384869,0.0,2.285061617,0.058732751,2.44341716,10.46927899,3.51705795,0.097030256,0.0,1.466183186,11.35169598,1.679959023,0.000887614,0.0,0.006620472,0.0,0.471767454,0.044370412,2.430744418,8.386301266,0.002686584,18.25404609,2.132381118,0.695381598,0.00220698,7.923739084,0.005696587,6.437484441,0.009371711,0.123434953,1.282588838
0.007280857,0.045253689,0.119164321,0.0,0.058120566,0.024422451,0.059134167,0.0,4.455417527,0.006273338,0.0,0.52112987,5.838153206,1.317925445,0.012866728,0.208259328,0.007632933,0.038595407,0.019932618,0.003314854,0.2057743,0.040800744,0.006760667,0.100586726,0.009395962,0.053543872,0.013954764,0.006780133,0.001266639,2.840275613,0.002555504,0.02700324,0.145703083
0.015760379,0.048972698,2.64685945,0.078436224,0.0,2.52524063,0.0,0.224396316,0.203825417,0.003958737,0.0,0.370135172,9.05872382,9.070783308,0.037624487,0.222221681,0.0,0.083707231,0.003634161,0.0,2.537133577,0.029519498,0.0,0.086725679,0.043288976,0.009595124,0.044729519,0.007389992,0.012809612,8.207592095,0.012234573,0.198128067,0.0
0.011452954,0.0,0.097539974,0.010205569,0.0,0.068834768,0.008560546,1.229748551,0.142209888,0.007761246,0.0,0.487712403,6.932986594,0.365670982,0.0,0.015548222,0.0,0.002595872,0.063017615,0.0,3.26288489,1.251207368,0.027081892,0.016958994,0.003083998,0.003673534,0.007849273,0.931008168,0.00870154,2.534344379,0.049047783,0.429114584,0.0
0.125283643,1.276671762,0.100077695,1.326642671,0.0,0.10531737,0.0,0.0,1.276962412,12.43636644,0.0,1.015993768,0.065174624,0.249919829,0.003819699,0.0,0.003019204,0.0,0.003052098,0.0,0.084345368,0.0,0.035127183,0.407102855,0.029923579,8.006050507,0.013869836,0.247250224,0.320245889,0.349249529,2.546396007,5.89299964,0.0
0.449579632,1.430176836,0.053483786,0.206471326,1.057398589,0.058195803,0.0,0.0,2.817609362,2.32756403,0.0,0.066881417,0.35572563,0.122337903,0.005199963,0.092399159,0.0,0.002025239,0.011464998,0.016738498,0.08081204,0.007403928,0.08257297,1.536217461,0.301909572,0.417752858,0.00464196,0.263194987,0.086203014,0.322062533,0.113003295,0.411805025,0.070953404
0.002150124,1.824563932,0.06745297,0.0,0.0,0.055373796,0.003153105,0.0,2.250869794,2.32584451,0.0,2.14863878,0.091014758,0.76814279,0.046262497,0.190181083,0.0,0.071434913,0.0,0.005690396,0.029833828,0.0,0.0,5.35518645,3.69808337,0.244603536,0.006925657,0.0,0.88369505,0.659656534,0.193816793,1.018381886,0.0
0.001413635,0.382292183,0.304680188,0.488563038,0.091481867,0.517129447,0.010855605,0.0,2.841078433,0.25158474,0.0,4.763701836,0.20992981,0.708658192,0.0,0.003205941,0.134555525,0.0,0.00267459,0.0,0.081680857,0.0,0.0,0.549786513,0.0,0.086469251,0.006586351,0.0,0.949318441,0.425410416,0.288381078,1.998751146,0.0
0.790984841,0.035907669,0.318111434,0.0,0.0,0.128958821,0.066939728,0.011728392,3.338716911,0.901111921,0.670075133,3.410327344,0.241933047,0.722140639,0.710186192,3.062005047,0.028095954,0.081007676,0.0,0.0,4.355067387,0.027984594,0.025242388,0.019053985,0.0,0.234841573,0.067547688,0.027524403,0.049703907,1.130486348,0.130172814,2.652136961,0.021484445
0.295486317,0.0,0.699940869,0.0,0.0,0.033089945,0.0,0.0,1.729024434,0.343982737,0.081253334,0.405480844,0.619413334,2.433720293,0.133185448,0.518697547,0.0,0.104332624,0.011161043,0.0,3.053884934,0.037034992,0.0,0.002571738,0.020320004,0.01305995,0.019789974,0.043099352,1.152644125,1.648144136,0.008501506,1.492922231,0.146739758
0.973633941,0.0,7.752555193,0.0,0.0,2.5967803,0.0,0.003371466,1.018166352,0.028913295,0.0,0.377195374,1.600529893,3.552848052,0.341617397,0.540488728,0.500580922,0.109176207,0.006240197,0.0,2.316226152,0.001288486,0.00385413,0.000658981,0.0,0.0,2.907830419,0.0,0.016677527,2.126322984,0.0,1.287013478,0.0
0.348832157,0.025315214,1.280829675,0.0,0.739493583,5.765124967,0.106239797,0.416269518,5.853861492,0.396152161,2.068830903,0.910043969,6.269329633,19.84214934,3.303439265,4.457875567,1.783198,1.22866766,0.182251646,0.0,7.472280872,0.212120354,0.499022992,0.117262798,0.150867137,0.013070917,2.445406408,0.328207345,1.682803512,7.243155176,1.228846857,0.584106629,0.0
0.150086332,0.5361773,32.18927933,0.961260876,3.824239458,34.3529347,7.974635983,0.463050995,2.029320499,1.238368792,45.78480105,0.440784582,4.738617967,14.48379413,22.15198241,34.75458745,6.118527646,13.35483608,1.656896848,0.0,2.089832244,7.637319615,0.221868058,1.649928079,0.497427377,0.039220693,18.91783705,4.954114214,9.727484639,8.037458686,2.692134701,0.565009581,30.37780035
21.31727714,2.60660375,13.25662862,16.49947902,96.7658782,9.513108251,37.84159743,11.86680687,0.350847425,18.89731079,27.64726591,4.018336919,5.698281989,6.535217422,16.01395512,19.88091057,36.41306279,33.45005376,67.22176545,15.98855947,9.304805863,15.57604204,65.93283717,12.69180156,12.01362115,2.74542798,14.58399329,21.94969025,22.72142197,9.902172238,12.29002479,13.57790543,15.21432797
2.266363881,33.05942102,0.253161372,6.034794486,1.110243198,0.118389489,3.004356382,0.093689696,0.171333092,24.91883642,0.137479751,19.34544016,5.824173765,0.093073496,3.66319499,1.742663964,0.246994547,2.755321356,1.750310118,52.29806523,1.377096673,0.098304119,0.404737254,30.45051392,22.07792971,21.40425234,0.807114257,0.965506347,13.8455282,0.381701392,8.140469198,6.625685894,0.018530843
0.110122451,3.443119389,0.221260533,0.298706988,0.012308997,0.082439496,0.016523417,0.018098074,0.072449041,1.449181195,0.0,26.08486931,0.18054152,0.021937672,0.051334546,0.034709269,0.0,0.004018518,0.062702477,0.388659623,0.13159119,0.0,0.0,6.126681564,2.499250461,2.403755698,0.003184719,0.088727673,0.131214999,0.038120247,0.75073491,9.591754694,0.0
0.000461705,1.341313102,0.064839869,0.0,0.0,0.09387484,0.002977177,0.008073251,0.061153329,0.042791022,0.0,13.82533506,0.245734466,0.42387851,0.094631464,0.351023143,0.001033327,0.025535288,0.0,1.181319512,0.022154144,0.0,0.0,5.525107627,4.007715746,0.136715808,0.006680153,0.0,0.004132934,0.200087989,0.011067776,2.235321697,0.0
0.010191813,0.176359062,0.052626833,0.0,0.013734759,0.175834479,0.003761267,0.031494874,1.556551955,0.000515802,0.0,3.036479271,1.519493477,1.586111361,0.003110564,0.037802653,0.010276762,0.006809925,0.0,2.893617454,0.024497129,0.002655484,0.007563053,3.348788144,2.803238308,0.030573098,0.270849133,0.074419156,0.0,2.661811273,0.0,0.086230959,0.0
0.012075042,0.0,3.625833051,0.015261523,0.085736748,0.199286296,0.010368834,0.043303589,3.459299344,0.0,0.0,0.098121566,0.961288759,2.705523224,0.0,0.0,0.0,0.0,0.0,0.006536303,0.065123247,0.013722618,0.0,0.002569101,0.002814172,0.0,3.298824803,0.171963143,0.0,1.709008796,0.000850042,0.045813758,0.0
0.020559457,0.0,8.939389391,0.0,0.0,6.243959806,0.0,0.007701684,3.201797966,0.000975363,4.183478071,0.095835634,1.379108301,6.262147526,4.906598219,2.278368389,7.712958874,0.084532864,0.083511801,0.0,0.445898725,0.033431493,0.163043191,0.0,0.0,0.0,17.37942812,0.012262602,0.508517764,2.503839908,1.657193136,0.215519595,0.0
0.003178713,0.048637343,23.19208353,0.0,0.00845468,3.418704335,0.053455129,0.020160633,3.450646846,1.432730801,1.864478634,0.038344951,0.661511294,5.298327811,2.553848939,7.092391998,1.886587119,0.031832383,0.005828336,0.090423049,0.235597567,1.752525512,0.006563227,0.239180458,0.08851145,0.0,34.65699627,0.0,16.89544412,1.49062504,0.176251217,0.015091135,0.13416398
8.386113393,48.43555709,7.001679866,0.850632864,55.56891055,4.828559464,30.74780809,5.976865375,3.185107498,8.145757235,63.70679719,1.64476709,0.892466512,7.059995567,20.86461177,38.64821727,67.2271577,57.62051,23.89094997,35.42585857,3.207031336,14.35922052,36.88343571,32.44211496,31.37868802,7.083486667,18.54112095,7.29087361,30.51206556,3.925495854,2.598454574,2.245345846,15.20372864
40.84304449,13.82466871,0.446372295,22.97561918,13.79185212,0.921135615,29.18600408,15.68573697,1.950328576,17.91585418,31.27423653,4.00964317,3.21106458,5.375006113,24.91826892,25.01963377,14.45998473,35.12560747,14.97392664,0.877656872,8.431411562,7.514448719,21.46769155,13.55344565,2.589291592,2.891839526,4.976826015,28.37585115,20.4183701,6.825724228,25.79204711,12.62486143,6.943752369
7.573731027,3.43492745,4.923216972,3.177392844,12.42219725,5.544960204,7.367472948,0.686466615,3.041389042,0.845590029,9.898643903,0.998662611,1.713881326,4.800799294,4.699375615,6.398289965,8.56861215,5.025366664,8.331607065,0.302080617,1.101595747,3.746109849,4.883034637,6.664253702,3.82696851,3.725983882,3.360656897,2.768083237,0.947732668,3.380813356,1.355677993,4.934996248,4.116773048
4.930737632,4.126499484,5.831093402,1.905988608,9.616747191,0.733934957,6.935456143,1.676933612,3.297213412,5.181799353,123.8104308,0.161788827,1.031644895,4.819338317,28.23731462,77.23839316,71.3781209,57.67907672,21.30891083,2.397577935,0.136834494,3.395477522,44.36762452,10.16838754,10.19082438,0.472642898,24.41833136,3.699188513,13.0336666,4.190187304,2.12838579,0.742646973,5.63503811
0.807433079,0.085973278,5.814064466,1.411583477,9.778513239,1.45516832,7.597311889,2.834642341,3.149495124,0.076867783,35.73266809,0.035555929,0.13250186,4.060953634,5.241093208,15.12945286,35.08016456,7.214812194,11.1132489,1.670169148,0.239349373,5.391255324,18.27862158,0.109788418,1.224543278,0.00504776,16.18242462,2.036173421,3.822951151,1.668901766,0.953654257,0.294203754,8.324645534
0.331395878,0.003430245,11.3145209,0.407047541,7.955496512,1.418498272,5.339706464,2.638752766,3.578335664,0.022494631,2.767149629,1.065867642,1.776404748,7.021167391,0.034966074,0.496221812,5.564025814,0.446341631,6.134585991,0.045643922,0.514455216,4.464818319,3.397348833,0.013718834,0.005686805,0.0,13.32155132,2.794802631,0.20417194,3.126355439,0.285040948,0.85373035,5.353119697
0.536486648,0.139959508,4.249853542,0.026086928,0.975667806,0.69613165,1.623646057,0.367522172,1.621385619,0.022855406,0.292915535,1.688266679,1.970395269,2.217601132,0.091521425,0.274830105,1.329556906,0.056135274,2.731782693,0.0,0.468251589,1.103192111,1.719744014,0.130112394,0.004934441,0.006573493,6.810890137,0.911358318,0.000599495,3.492910309,0.053941398,0.282970012,3.652593325
1.439502745,0.103895168,3.557329689,0.0,0.21141477,0.321726797,0.688836765,0.278262964,0.718491453,0.0,0.212798381,1.235087851,1.28645638,1.710811513,0.043204413,0.125637464,0.539119487,0.022235627,0.760768987,0.002894234,0.810152321,0.593604845,1.472092362,0.513728392,0.0,0.002315078,7.150443757,0.681616431,0.0,0.953208367,0.000569174,0.118228157,1.069774671
5.326641597,0.014689693,3.787420441,0.0,0.279264694,0.803034288,2.736580584,0.132313026,1.150988754,0.007151042,9.462133117,2.150234658,2.865648131,1.969638089,0.293429377,2.691474661,19.09421667,2.427967541,4.064406876,0.003207658,4.046364774,0.034620076,19.45028875,0.287011493,0.0,0.0,9.588265523,1.808255506,0.001951146,2.168244902,0.005834279,0.195733886,0.125062493
3.776705862,0.010237987,4.375836843,0.0,0.820579606,0.449751344,1.144547947,1.238542662,0.668118259,0.001715421,24.77194172,0.514124363,1.706516658,3.300139466,1.382132746,9.125896245,17.49359421,4.448214071,2.547262556,2.414904073,1.382389667,1.153400465,4.04774479,1.106816595,0.309212123,0.0,18.66579008,0.348278107,1.580802941,1.04653768,0.0,0.754866945,1.286203251
6.105758971,6.056362378,0.143756726,1.284727265,0.0,0.091369442,0.270847236,0.0,0.705464852,0.894059172,16.2895041,1.612172081,2.15454057,1.16129563,7.835764356,12.23414852,6.286408209,17.0440872,0.120422002,2.961267951,0.771453825,0.017104225,1.720902884,11.33969418,11.81448884,0.855738899,1.321338719,0.125028163,2.473408461,0.755494994,2.066714613,4.715574644,0.099206729
2.890208509,0.531292522,3.66904668,4.630031082,2.95703302,0.434921055,2.743542938,0.62059782,1.847065815,2.487706483,17.59353929,1.509338566,0.695252291,2.964494333,6.310401618,12.10818299,19.74818779,12.4491359,13.85535281,0.068102138,0.167555696,0.581508065,23.05732127,0.112291244,0.003475876,2.493250731,13.96593524,0.411697236,4.91879874,1.723033123,6.130189582,3.231683504,0.055113975
0.149074497,0.181234265,4.396455563,0.999574108,5.381327139,0.485941006,2.112593458,1.286953408,0.478980726,0.1815178,35.08597452,0.026349648,0.337865795,3.915758855,9.961482316,23.72496487,25.26999826,5.90297815,4.624728287,0.011290098,0.245571709,0.533935024,3.246629572,1.01509225,0.48639219,0.0,21.97042605,0.110171687,16.31049863,0.864169364,1.028783964,0.268080189,0.268709122
3.999476237,5.259954792,0.090863303,4.504027635,3.519768098,0.067184962,6.613700918,0.56513925,2.652029219,4.012799756,1.802968726,0.098787077,0.455218887,1.123513967,11.05544048,2.730996532,1.656458124,18.17861848,5.690079481,4.540320668,0.193063966,1.15210047,6.994841041,7.54803609,7.440171799,0.448319095,1.245863741,2.395503745,10.8961505,0.881433807,8.303601914,2.840524967,1.706859864
0.407680279,0.071332292,5.571137102,1.055481228,11.28293456,0.472580307,8.910295214,2.864017055,9.744618062,0.671324666,24.609291,0.171802693,0.030444017,1.395565667,4.961102901,12.83352752,16.28669515,7.601015512,7.824424804,0.0,0.142153776,4.267343702,8.48947794,0.110509737,0.014118704,0.099247515,11.4768878,2.778730814,1.003427264,0.969655563,2.298923831,0.164124188,7.865450427
13.94566398,0.024415734,8.041324171,2.120586712,8.20833943,0.477612787,8.682085841,4.02149182,6.232988388,0.182374746,14.11178036,0.099112501,1.310111295,3.087619104,4.960391813,10.33374092,6.677134855,8.528983565,9.521740062,0.187151446,0.812635012,4.893694048,4.503506196,0.039808974,0.029839018,0.050732784,5.228794376,11.23141561,1.27578234,3.12196514,2.146030906,1.305830036,4.584602493
18.04521978,0.037020736,10.70278394,0.662192323,36.07068854,14.54945186,28.81240262,10.27952953,0.831198707,0.026996843,32.04039492,0.215743417,3.189921599,11.17864861,12.66613411,27.762155,24.82553993,25.03259579,31.75429273,0.194338845,4.581524791,18.48721837,26.84510506,0.0623129,0.016245031,0.003391611,13.1244264,15.53712393,1.576296538,5.904652901,0.95278155,2.463130098,24.92106495
5.287929455,10.65837235,1.258417591,2.74945789,13.65173435,4.227789522,11.55999973,6.658714564,0.06462742,7.59813428,1.204276966,2.980312694,4.80761196,1.294101412,2.143051075,1.735506017,2.067254272,3.38219011,9.297142543,7.737925913,10.10120343,9.690938392,6.801306408,11.69737589,9.145731801,8.220515967,0.302372434,5.708660348,5.160272842,5.491384813,5.273998649,2.5702344,10.22421859
0.76506805,0.812853606,2.17265254,0.0,0.074678757,2.19215166,0.645679555,0.890161164,1.63336452,0.183861303,0.0,1.704624035,7.284681503,5.251387868,0.0,0.0,0.0,0.0,0.003055394,0.62312625,3.364233425,0.153012687,0.000876603,1.748381405,1.255593201,0.227571998,0.206884758,1.809693255,0.003958287,5.745344471,0.030935815,0.456700892,0.008854321
0.653352892,0.13132687,0.492425755,0.0,1.972217886,3.270007994,1.940319228,6.012795035,0.515606395,0.042779931,0.0,3.335932164,9.758972941,5.439619241,0.0,0.0,0.020642443,0.001004747,0.926217027,0.001987102,4.669810083,7.662378122,0.113568481,0.187917876,0.0,0.207192423,0.011581669,3.282433782,0.002258288,8.850033575,0.002467496,1.180583941,6.211793887
4.375283774,0.226152684,0.87206128,0.196801677,2.653920363,5.009547871,7.354386097,9.448914681,0.3576861,0.260762446,3.728170155,2.492856026,3.27719559,1.367690926,1.145003941,2.989812237,2.215304541,3.054282248,2.659620891,0.045503645,10.14877535,13.01886773,3.008819423,0.152282141,0.097737985,0.077109007,0.415274633,8.545259167,0.283866368,4.476682979,0.390688377,3.108612195,23.30064685
0.014708502,0.036699408,4.902299308,0.0,0.0,2.617444776,0.0,0.551640387,5.928266081,0.01840892,0.004011025,1.008625037,4.158993385,3.640990515,0.057975701,0.167216279,0.017408627,0.064762514,0.0063278,0.0,0.580762593,0.32273183,0.000963071,0.072548018,0.0,0.0,0.393929833,0.072078383,0.019702067,3.304451434,0.00394565,0.293386882,0.0
2.126203616,0.048457913,7.206708004,0.0,1.986141784,4.973112094,1.768052071,4.997503218,0.824575966,0.081875862,1.849841755,0.006601738,2.217892537,3.4383958,0.321816243,1.405510727,3.300009166,2.025295197,3.37222306,0.0,5.53280158,6.219226723,2.098654901,0.0317834,0.001071086,0.008183255,3.362784854,2.185255866,0.061802666,2.354099756,0.010629502,0.11504925,4.642453823
6.351626,0.097962513,0.663372896,0.123006418,5.760874435,3.053040874,8.715913953,4.965130283,0.036445322,0.211817606,0.0,0.023382868,0.767044364,3.442256526,0.008140622,0.0,0.046522201,0.101589329,3.909480502,0.0,9.656405961,6.863805997,0.466475897,0.080287344,0.05771446,0.015836557,0.023887127,7.885441529,0.065692225,2.294101479,0.061746366,0.564265998,8.690703782
2.308463399,0.003631299,0.058290356,0.0,0.0,0.052234935,0.090221501,0.587188194,0.029236056,0.013129982,0.0,0.022034032,0.066257819,0.211650273,0.0,0.0,0.006874138,0.0,0.003284782,0.047571586,2.325306343,0.419707868,0.0,0.004089386,0.000938218,0.0,0.089200933,1.59934343,0.001674336,1.570317614,0.0,0.737607651,0.192591855
0.0,0.0,0.061935707,0.06958643,0.0,0.176442104,0.0,0.011372025,0.059747276,0.0,1.968919926,0.004103133,0.114238326,0.841568638,0.0,0.20933249,0.008760088,0.0,0.0,0.122347611,3.699409709,0.0,0.0,0.0,0.001818834,0.0,0.011311301,0.000729411,0.0,1.630795162,0.005847935,0.000676901,0.0
0.000677838,0.000880217,0.161156777,0.0,0.0,0.441776044,0.0,0.015299116,0.387680994,0.0,0.0,0.002222026,0.006093935,1.153995819,0.0,0.0,0.0,0.0,0.0,0.005295746,1.216663258,0.094276066,0.0,0.000192193,0.001108853,0.003392339,0.007618492,0.0,0.0,1.307939872,0.0,0.00017867,0.038095378
0.002615211,0.000705959,0.474741246,0.0,0.0,0.166940315,0.0,0.031094974,0.04329108,0.000670496,0.0,0.008647032,0.0,0.168171901,0.0,0.0,0.005522284,0.0,0.0,0.0,0.04779473,0.0,0.0,0.004201306,0.009285441,0.0,0.72867971,0.007535183,0.0,0.011136142,0.0,0.000863714,0.0
0.002483564,0.015660924,8.324008816,0.0,0.0,2.516406231,0.000663963,0.239956288,2.25759434,0.0,2.502346354,0.023204919,0.006986626,1.696536158,0.089205466,0.90755554,0.359747555,0.025218286,0.001410742,0.0,0.084005567,0.37296821,0.0,0.012419575,0.011988022,0.008623813,8.980231176,0.019147794,0.00860189,0.979003901,0.00043306,0.030082629,0.064759025
1.239859855,0.155929822,8.304426074,0.392231868,6.997431983,1.996936091,6.01705563,2.754389041,0.221557049,0.127487159,26.97897256,13.35880446,0.03955294,2.451318677,4.44261742,16.08203035,27.75805029,10.1744222,6.666748937,1.321224377,0.205903608,5.30449388,10.68672967,0.384027074,0.560881311,0.144121455,20.39342326,2.879693436,3.088485061,0.213778421,0.775022357,5.09327268,5.898526774
0.462121274,2.550939486,0.00766343,0.028147111,0.023542166,0.323637568,0.16157021,0.0,1.627701065,1.278477706,0.477232969,7.360793234,0.323601705,0.953324297,0.010966025,0.105297831,0.137545528,0.078483292,0.120997391,9.620174286,0.037442859,0.0,0.011484039,3.76513237,6.796274566,2.255264354,0.129033169,0.011666798,0.568817732,0.990983579,0.126237052,5.674063501,0.0
0.001579943,0.0,0.014266145,0.0,0.0,0.0,0.0,0.0,0.144884734,0.050751718,0.0,0.516236218,0.00552765,0.663852074,0.037474924,0.172286124,0.0,0.033885396,0.002735691,0.0,0.002642328,0.0,0.0,0.00134419,0.0,0.01989199,0.00084997,0.0,0.002616813,0.329313285,0.020056179,0.042128693,0.0
0.000346743,0.0,0.007750558,0.0,0.0,0.0,0.0,0.0,0.073277143,0.006058915,0.0,0.143946935,0.001334539,0.02282107,0.0,0.0,0.0,0.0,0.025168521,0.0,0.005537478,0.0,0.0,0.0,0.0,0.0,0.000216064,0.0,0.0,0.040755284,0.0,0.002193017,0.0
0.01011619,0.005420973,0.015351301,0.0,0.0,0.0,0.0,0.0,0.79066091,0.000619261,0.0,0.004177005,0.001176525,0.001243338,0.0,0.0,0.0,0.0,0.067409828,0.0,0.005952522,0.002246682,0.008122085,0.001142265,0.0,0.006269181,0.0,0.0,0.000685145,0.019472688,0.0,0.005304096,0.0
0.231596198,0.001896671,0.058376429,0.0,0.321320328,0.00904334,0.414599691,0.049001659,0.802077015,0.0,0.0,0.011568137,0.03037916,0.032409878,0.003106529,0.038496123,0.062437619,0.036379838,0.412888023,0.0,0.149362935,0.04431731,0.657707576,0.002577319,0.00318429,0.009291853,0.000191282,0.334753202,0.0,0.325207036,0.002077658,0.006506063,0.009182326
12.17933434,0.0,1.871397266,14.54023838,4.196905884,0.010579465,12.59957438,0.121451023,0.417567823,0.095720549,26.47584811,0.197851477,0.842661552,0.096221778,14.27632303,23.57672574,25.2054462,34.58745139,10.41901044,0.0,1.998911758,0.248348963,15.98575014,0.000336095,0.0,0.0,1.189636182,3.491708411,0.075341769,0.434174603,3.351957714,10.90665684,1.127912425
11.65314056,0.009884094,1.324949822,4.096974195,16.09857181,7.614306709,10.13789427,6.914863735,0.280755513,0.49291775,0.801727595,9.637038545,4.315189475,5.852092071,0.502367524,0.872822396,1.000702541,2.271331184,11.01362668,0.0,3.096703612,12.93232028,8.766676429,0.024005816,0.025918471,0.004273208,0.012471075,3.958268654,0.013071259,3.975954786,1.987327152,14.24789381,16.0739352
4.931306131,0.0,2.900451246,0.272949566,34.03499014,7.953995428,20.81963453,4.876682738,0.018591983,0.002397453,2.279088507,3.72638744,0.554219901,2.745144345,0.39053465,0.656656812,3.643344961,4.699271714,20.73183196,0.0,0.856623517,12.18774597,9.24503103,0.00139302,0.0,0.024569852,0.074720662,5.187427599,0.003746798,1.531571803,0.146517438,6.755225602,15.49429522
0.063340436,0.000804798,0.040816734,0.029352452,0.067819916,0.158283357,0.350708489,0.002480745,0.029182604,0.006762415,0.05750055,1.453137681,0.395405172,0.431745487,0.008708964,0.012388792,0.008365696,0.0,0.099420997,0.0,0.017727581,0.065111317,0.0,0.00088409,0.0,0.0,0.00647277,0.099239263,0.0,0.522819761,0.013306023,0.341219126,0.190398475
2.393617985,1.335707548,0.0,0.0,0.0,0.011117805,0.427188028,2.333427502,0.006320044,0.121350086,0.0,0.014057782,0.102561448,0.341366335,0.0,0.0,0.0,0.0,0.0,0.0,1.101347459,0.858025376,0.0,0.088282424,0.0,0.17445661,0.0,0.739751457,0.000332295,0.713613236,0.003461419,0.12603566,0.21899847
0.004504538,0.000488493,0.008670861,0.0,0.0,0.0,0.0,0.0,0.010900673,0.017069162,0.0,0.002271189,0.013492073,0.002262387,0.0,0.0,0.001614287,0.0,0.0,0.0,0.003074114,0.0,0.0,0.0,0.0,0.0,0.000532269,0.0,0.0,0.0,0.003061429,0.000681745,0.0
0.004800148,0.0,0.521897798,0.0,1.523504552,1.120751949,0.078199142,0.0,0.0,0.003728244,0.0,0.002593776,0.002343106,1.150972215,0.002361131,0.0,0.0,0.001468772,0.240209031,0.0,0.014746858,0.034398319,0.017309003,0.0,0.0,0.0,0.050070853,0.0,0.0,0.052674682,0.0,0.000548946,0.0
0.0,0.027985762,0.004603277,0.0,0.0,0.000881676,0.0,0.0,0.003997934,0.0,0.0,0.001182568,0.013571042,0.001435946,0.041185907,0.042050763,0.0,0.016189179,0.0,0.0,0.000830667,0.0,0.0,0.001328329,0.0,0.0,0.00829271,0.0,0.036623348,0.003149024,0.0,0.0,0.0
0.0,0.0,0.00174719,0.0,0.0,0.171238812,0.0,0.0,0.185518016,0.0,0.0,0.000240856,0.001039343,0.435892591,0.0,0.0,0.0,0.0,0.0,0.0,0.002098158,0.0,0.0,0.0,0.0,0.0,0.000112418,0.0,0.0,0.0494163,0.0,0.0,0.0
2.078547992,0.0,3.529312454,0.0,14.99484202,0.506260569,5.447659905,0.034688498,0.263388827,0.0,35.77318671,0.000592054,0.000160486,1.160208553,1.683207137,14.7383646,29.80615911,16.51460044,18.60253264,0.0,0.025985848,1.397176421,19.93698152,0.0,0.0,0.0,9.973912635,0.481084973,0.0,0.081883572,0.0,1.510510161,1.874626629
4.391494877,0.071011834,0.382591014,8.764978981,0.44684241,0.068373329,0.557142428,0.0,1.012544252,0.904779389,8.033560441,0.164798302,0.031535328,0.606939512,4.799072634,4.9357755,3.782215396,8.526850301,1.37021744,0.319336524,0.012605463,0.066402996,3.394477264,0.001253698,0.417826181,0.0041725,1.876563845,0.071993967,2.208070089,1.120390164,6.067298282,4.594525489,0.0
0.351964009,14.26294597,1.402900824,8.271437225,0.642086714,0.025146671,1.119299967,0.0,0.015768859,16.39902769,34.35057785,1.106602275,0.330727219,0.737173244,20.56628979,27.76760128,15.62866776,21.41845517,2.310225223,13.72528466,0.007199082,0.014251287,4.810385115,14.10019879,10.91383359,4.544592872,12.45663122,0.10253669,34.72403126,0.143690821,20.46315074,3.848391752,0.174848527
0.017540678,1.943654264,0.00267839,0.0,0.005606501,0.008136643,0.025840897,0.136426552,0.0,0.326539037,0.05110194,5.911138047,0.008231983,1.034602313,0.019976483,0.073314891,0.001464012,0.035655623,0.0,0.258835748,1.181281681,0.044254178,0.0,1.420680314,0.263266167,3.332945499,0.016429251,0.042802602,0.028748538,0.891725455,0.001980518,3.276725664,0.048896176
0.005837535,0.0,0.090587195,0.0,0.0,0.001487274,0.050626671,0.0,0.004472304,0.0,2.887755645,0.021190998,0.0,0.010495672,0.031794587,0.598562164,0.767680516,0.101133635,0.04802799,0.0,0.028217602,0.0,0.009920569,0.000332009,0.004428098,0.0,0.309355206,0.0,0.009117098,0.041844914,0.0,0.225705263,0.0
0.163223505,0.226161069,0.001240304,6.994645012,0.0,0.012505189,0.049460463,0.0,0.0,2.360106066,0.508967869,15.3042811,0.0,0.005580888,0.177646204,0.354317097,0.041311308,0.06067751,0.067737404,0.0,0.002535159,0.015108273,0.043087583,0.161537189,0.0,1.282022525,0.056684525,0.028557817,0.296769107,0.0,3.941338691,4.060197831,0.023777291
5.693359462,13.87218441,0.166436474,13.5337613,0.043592574,0.000669358,2.00272993,0.0,0.0,18.59535372,18.79274249,26.9610163,0.02245764,0.092398823,5.956223068,12.31478474,9.471387333,6.40115974,0.950877315,0.12666841,0.002078933,0.016665599,6.433317838,7.712748254,0.56978104,23.30472012,3.007684766,0.588729576,5.645657777,0.063124161,19.78166173,17.84349322,0.0
5.780796882,2.787073851,0.143481855,0.952920469,0.023595075,0.067681845,0.594224655,0.0,0.001072175,2.753759513,1.432525869,8.43218044,0.0,0.018244833,0.373487059,1.050368604,0.316350599,1.725804417,0.177634852,1.076833862,0.009806518,0.001511592,0.128334463,5.009932803,2.769861688,0.412254947,0.284489223,1.386260541,5.358666502,0.0,1.974772261,10.74187494,0.0
4.17017222,0.442022389,1.723961401,2.60308613,0.614230348,2.486473976,2.650820117,0.006970994,0.029808836,0.541882239,4.546568409,11.44171903,0.009959973,2.136166764,3.671758341,3.886910102,2.150867383,3.003536723,0.956512691,1.756601033,0.080634415,0.260700862,0.546395424,0.832126887,1.286415695,0.147359304,3.376752237,0.843846966,5.236472681,0.019924941,2.88771323,14.60557041,0.0
3.483827467,2.064669085,6.833229327,0.923936725,10.61598909,15.07291922,2.304750141,4.858712819,0.064877412,1.840554305,1.149206169,1.425604663,0.000525001,7.071054851,0.450375796,0.583831545,1.723376244,0.78670333,5.748313381,3.095180046,0.6087193,8.663912363,2.310240095,3.226942176,2.78415577,0.48311348,0.18252771,2.317965801,1.582888465,0.196610799,2.103124009,6.123305054,5.970837691
1.3787828,0.025547118,1.854160802,0.055889384,11.62288645,1.220999782,4.304364456,1.329679829,0.0002306,0.004189594,0.614375659,0.339469074,0.00029605,0.42905951,0.007503867,0.24672461,1.585308625,0.915077412,4.18789542,0.0,0.592447679,1.558408341,3.178128115,0.008540349,0.0,0.001265175,0.142691892,1.559793785,0.001802382,0.001877114,0.01017673,3.843841509,1.306194101
0.068142059,0.002387177,0.077269365,0.0,0.0,0.101135564,0.048129472,0.404075507,0.000127794,0.001979015,0.210950745,0.208324506,0.0,0.182020484,0.0,0.063202051,0.006561235,0.106228137,0.009056149,0.0,0.038818373,0.569922834,0.001986197,0.0,0.0,0.0,0.001673686,0.17636493,0.002278658,0.00240838,0.000700042,0.888076124,0.45925507
0.999124499,0.101691232,0.292703204,2.216767927,0.124728702,0.159438078,1.318995048,3.934928641,0.0,1.141940751,1.988009044,0.523043256,0.0,0.343816439,1.899294106,2.029327586,0.947712935,2.300067857,0.280647515,0.0,0.224540601,2.660750527,0.61832244,0.018733582,0.0,0.218525751,0.348556579,1.805694814,2.502947734,0.0,1.766046776,2.421435434,0.922114464
0.234490766,7.690860552,0.042243731,0.694777379,0.0,0.001582303,0.916548485,0.771868115,0.0,3.972773652,0.383559456,6.883103301,0.0,0.003344598,0.104666028,0.089035196,0.0105465,0.16413109,0.085594214,4.310290144,0.047749942,0.172559196,0.132627205,7.392618192,5.753897835,5.188694921,0.06521699,1.113193581,2.1565513,0.0,1.587117052,2.218657715,0.011668533
0.0,0.0,0.001282664,0.0,0.0,0.0,0.0,0.0,0.0,0.0,0.0,0.000949484,0.62101806,0.0,0.0,0.0,0.0,0.0,0.0,0.001762706,0.396308915,0.0,0.0,0.0,0.0,0.0,0.000559813,0.0,0.0,0.004572594,0.0,0.000194684,0.0
0.398721433,0.0,0.000109298,0.0,0.0,0.020864022,0.003314345,3.059835064,0.008394966,0.0,0.0,0.000655758,9.783279932,0.324490705,0.0,0.0,0.000501885,0.001963306,0.005611896,0.0,5.861450656,0.472014589,0.011042362,0.0,0.0,0.0,0.0,1.184861315,0.0,2.27907148,0.0,0.000219852,0.0
0.0,0.0,9.8e-05,0.0,0.0,0.0,0.0,0.0,0.0,0.0,0.0,0.000141174,0.778386694,0.000326625,0.0,0.0,0.0,0.0,0.0,0.0,0.005710911,0.0,0.0,0.0,0.0,0.0,0.0,0.0,0.0,0.128553823,0.0,0.0,0.0
0.001083417,0.0,0.000264387,0.0,0.0,0.0,0.0,0.0,0.0,0.0,0.0,0.001460217,0.008257906,0.000156943,0.0,0.0,0.000645531,0.0,0.0,0.0,0.006987245,0.0,0.0,0.0,0.0,0.0,0.0,0.0,0.0,0.002699989,0.0,0.0,0.0
0.0,0.0,0.000298539,0.0,0.0,0.0,0.0,0.0,0.026566259,0.0,0.0,0.0,0.000532891,0.001002699,0.0,0.0,0.0,0.0,0.004961081,0.0,0.000351235,0.0,0.0,0.0,0.0,0.0,0.000137592,0.0,0.0,0.0,0.0,0.0,0.0
0.081463962,0.0,9.3e-05,0.0,0.0,0.0,0.121059093,0.325493323,0.0,0.0,0.0,0.002913768,0.080211199,0.005886596,0.0,0.0,0.0,0.0,0.001861075,0.0,0.023147817,0.007402804,0.001440654,0.000951999,0.0,0.0,0.0,0.155966916,0.0,0.083849507,0.0,0.0,0.0
0.004586682,0.0,0.000323829,0.0,0.0,0.0,0.001902919,0.0,0.0,0.0,0.0,0.000783393,0.124655088,0.022948876,0.0,0.0,0.0,0.0,0.00513465,0.0,0.116230356,0.0,0.002267486,0.0,0.0,0.0,9.01e-05,0.0,0.0,0.475163696,0.0,0.002817636,0.0
0.000284976,0.0,0.048614016,0.0,0.02298986,0.000598844,0.002106819,0.00393196,0.0,0.0,0.0,0.001092166,0.001169377,0.003538578,0.0,0.0,0.0,0.0,0.0,0.0,0.079175856,0.002859212,0.0,0.0,0.0,0.0,0.000897864,0.0,0.0,0.001241596,0.0,0.000649998,0.0
0.183056591,0.0,2.554489371,0.075065054,0.910882835,0.365740352,0.035528334,0.78212534,0.000246403,0.0,13.64364256,0.000152323,0.0,0.064999102,5.897316945,8.996633625,10.98708412,8.232672633,1.888630169,0.0,0.020887433,0.538430079,3.507837173,0.0,0.0,0.0,3.139995412,0.067791894,1.612667085,0.000527896,0.736470566,0.072359694,0.011339796
3.38908065,0.06417864,0.006611471,4.219444253,0.118845819,0.068083256,0.85606697,1.029351891,0.0,1.071987482,0.018884643,0.0322004,0.000255947,0.245414204,1.099456261,0.033241995,0.00152727,0.353475953,0.123993017,0.010387444,0.032911246,1.163739346,0.0,0.156535966,0.1958611,0.005822547,0.079079706,0.878560254,2.330933613,0.000245839,3.848126002,0.797976889,0.578535977
0.0158235,0.0,0.000487757,0.0,0.0,0.0,0.0,0.0,0.0,0.0,0.0,0.000463285,0.0,0.0,0.003161332,0.0,0.0,0.0,0.0,0.0,0.000395054,0.0,0.0,0.001051207,0.000420652,0.0,0.000902347,0.0,0.001538138,0.0,0.001886486,0.000432958,0.0
0.001366767,0.000872515,0.000631474,0.0,0.0,0.001511444,0.0,0.0,0.06656063,0.001707748,0.0,0.002552699,0.0,0.000525267,0.0,0.0,0.000632026,0.0,0.017279521,0.0,0.000320294,0.0,0.001439797,0.009278525,0.002576277,0.0,0.000541489,0.0,0.0,0.002314167,0.0,0.000109176,0.0
0.001969965,0.0,0.000326033,0.0,0.0,0.002708205,0.0,0.013878395,0.190884222,0.0,0.0,0.00066579,0.0,0.058405294,0.0,0.0,0.000539386,0.0,0.004246179,0.0,0.033921351,0.010933905,0.0,0.0,0.0,0.0,0.000250655,0.005446484,0.0,0.127505733,0.0,0.004432439,0.0
0.989619712,0.035280707,0.919847751,0.060126344,5.936970645,0.153163124,2.79390139,0.16234197,0.005771971,0.0,0.947220423,0.234459288,0.0,0.173821108,0.427207965,0.583758486,1.008101404,0.954757703,2.381529828,0.0,0.020480882,0.562753298,1.100347372,0.011286342,0.0,0.0,0.735596754,1.995061709,0.0,0.024429317,0.012207444,0.200213875,0.676711011
0.449686093,0.045539251,0.345098725,0.0,4.793912571,1.220317274,2.779905656,0.459504098,0.254028697,0.002594926,0.400398137,0.019887803,0.016382331,0.535451494,0.065242933,0.46927428,0.38810112,0.646406299,2.575750771,0.0,0.013603151,3.164736919,1.723991912,0.01466661,0.000754925,0.0,0.000707568,1.488800693,0.0,0.401191121,0.000608773,0.073700032,6.20242728
0.491758459,0.0,0.006504155,0.0,0.0,0.096929947,0.262858676,0.316899012,0.067105499,0.0,0.548801274,0.225045242,0.000579093,0.008880459,0.0,0.084144661,0.03347437,0.123252717,0.007195868,0.0,0.00601343,1.515084355,0.0,0.0,0.0,0.0,0.006378599,0.695327037,0.0,0.037993842,0.0,1.274775785,1.864539804
0.300789585,0.0,0.00028218,0.0,0.0,0.0,0.044211385,0.0,0.016114006,0.001312618,0.0,1.380750639,0.078809829,0.141821275,0.0,0.0,0.0,0.0,0.0,0.0,0.0,0.0,0.0,0.0,0.0,0.0,0.0,0.084946839,0.0,0.17137632,0.0,1.770564761,0.0
0.358894006,0.001778998,0.002363313,0.0,0.229177699,0.250389786,1.931291783,0.408423083,0.0,0.0,0.0,5.222056327,0.0,0.18057471,0.0,0.0,0.0,0.0,0.14150721,0.0,0.045393678,1.103379129,0.0,0.021685429,0.0,0.0,0.0,0.544912613,0.0,0.015004639,0.0,3.200394994,2.294216619
0.000637051,0.0,0.000599779,0.0,0.0,0.002023609,0.001413436,0.0,0.037374336,0.0,0.0,0.008871578,0.007372645,0.004588735,0.0,0.001041882,0.000595058,0.0,0.002641597,0.0,0.0,0.0,0.001276804,0.0,0.0,0.0,0.0,0.0,0.0,0.008008353,0.0,0.0,0.0
0.000585713,0.0,0.0,0.0,0.0,0.0,0.001212462,0.059908692,0.0,0.0,0.0,0.016051154,0.057335692,0.0,0.0,0.0,0.0,0.000932167,0.0,0.0,0.007985904,0.0,0.0,0.0,0.0,0.0,0.0,0.027903148,0.0,0.063407664,0.0,0.000501816,0.0
0.0,0.0,0.00188568,0.0,0.0,0.0,0.0,0.0,0.0,0.0,0.0,0.000278508,0.285523408,0.0,0.0,0.0,0.0,0.0,0.0,0.0,0.064403491,0.001505611,0.0,0.0,0.0,0.0,0.0,0.0,0.0,0.004067029,0.0,0.0,0.0
0.071132696,0.0,0.000643407,0.0,0.0,0.0,0.0,0.0,0.0,0.0,0.0,0.000564509,4.231412912,0.0,0.0,0.0,0.0,0.0,0.0,0.0,1.509702493,0.0,0.0,0.0,0.0,0.0,0.0,0.0,0.0,0.363701737,0.0,0.005490536,0.0
0.022798249,0.0,8.96e-05,0.0,0.0,0.0,0.0,0.0,0.0,0.082494788,0.0,0.482364211,0.611120851,0.001223382,0.0,0.00086057,0.0,0.002001129,0.005440458,0.0,0.175206016,0.0,0.00134251,0.001239586,0.0,0.0,0.0,0.0,0.000485604,0.117402003,0.007733284,0.124651735,0.0
0.056890632,3.358394904,0.768521817,8.253622917,0.026136397,0.000472948,0.008462454,0.0,0.022569085,6.242854132,3.137630609,0.991036846,0.03374744,0.009774812,5.734988307,3.530269249,1.044667463,3.249745402,0.035471055,5.615809928,0.0,0.0,0.14527365,1.788869511,2.563021531,2.65276692,6.253028671,0.0,11.65055159,0.019437405,9.68861412,1.608092139,0.0
0.524754296,14.93208623,0.722913553,11.37255046,0.446025487,0.100216545,0.804634248,0.089368745,0.015891251,10.92859262,3.334516256,3.064506173,0.0,0.025264608,3.451753056,2.7823581,4.801892098,7.220824213,1.75233785,12.85840834,0.001693637,0.093532381,4.843665057,13.05490948,12.04099784,12.58118493,5.281840919,0.136743695,6.178246207,0.0,11.35565057,3.092087966,0.03035715
0.071859282,4.59248942,0.150086338,0.0,0.100357126,0.0,0.089482357,0.0,0.024256119,0.798361568,0.39651688,0.792624183,0.0,0.0,0.021911883,0.097833891,0.699006753,0.246113504,0.139703321,0.031994856,0.000400462,0.001326098,0.365525045,4.409741106,0.573421404,1.292938104,0.638758329,0.002793135,0.104294657,0.000238708,0.015894676,0.109689634,0.0
0.322310908,0.365597734,0.129901436,0.620844356,0.0,0.000688835,0.0,0.0,1.032402713,0.14085618,1.089273373,0.025350141,0.103602263,0.0,0.736879864,0.240141655,0.130659154,1.241588112,0.0,0.289282061,2.741210014,0.021251188,0.014408301,0.176277907,0.158679768,0.025890147,0.836814973,0.004472273,1.552328958,0.168015335,0.681056944,0.272682752,0.0
0.931881431,0.512967444,0.132253594,0.191309924,0.0,0.0,0.0,0.0,0.09843055,0.793268597,10.26228227,0.095544983,2.974887043,0.001041829,3.56322605,3.966447102,4.36796045,7.913197762,0.011230143,16.53133242,2.736400682,0.0,0.061293146,1.207744323,6.736071754,0.336320376,3.535467189,0.0,6.843030369,0.132321563,1.352023677,0.319285055,0.0
2.462882782,21.98429008,0.096148499,4.470797706,0.46666756,0.001023894,2.390861601,0.306410647,0.0,20.09835843,17.24414767,3.561157739,0.0,0.00076186,28.67799305,22.3703225,7.073092021,27.97989303,1.937024331,19.09914407,0.020286917,0.062827919,5.587802394,16.95420614,17.0298547,20.63187106,4.937976123,0.988685585,25.87492152,0.0,14.56765814,3.405485042,0.0
1.509065969,2.176621128,0.0046088,0.470432125,0.916229344,0.001012031,2.511173933,0.068211411,0.0,1.556517153,0.0,4.800957072,0.0,0.0,0.025777204,0.021658015,0.129431862,0.082708603,1.822824452,1.153052328,0.005374729,0.07994921,2.844199714,2.675849178,1.822544999,2.154350741,0.008493227,1.227912806,0.259448816,0.0,0.765188098,2.44990423,0.096260222
0.039651769,0.006077895,0.023193692,0.0,0.0,0.000660997,0.0,0.030708468,0.0,0.071898638,0.0,0.427710207,0.0,0.0,0.001163013,0.027181092,0.159053619,0.014173788,0.007182466,0.0,0.062848673,0.010691404,0.080636867,0.0,0.0,0.0,0.00843534,0.035733154,0.002033067,0.0,0.0,0.460886117,0.011185093
0.539148559,6.875864353,0.025662646,0.486167985,0.013842731,0.014985109,0.170785829,0.083887843,0.00022847,2.503007707,0.0,3.819802746,0.0,0.000147592,0.000896801,0.006885151,0.006936454,0.002048224,0.003619102,7.252189873,0.009880368,0.546105785,0.0,10.59362157,9.646728695,4.002867542,0.011293286,0.785613083,0.658223838,0.00081432,1.124976971,1.904146597,0.68855344
0.094274638,0.123675354,0.0,0.0,0.0,0.000675416,0.0,0.0,0.0,0.262389717,0.034851904,1.595957526,0.0,0.0,0.0,0.003872898,0.0,0.004684262,0.001149188,0.952431485,0.021461429,0.0,0.0,0.977551303,1.747677311,0.124258269,0.0,0.078310973,0.011738309,0.0,0.011425438,0.79512397,0.0
0.033074756,0.021845839,0.0,0.0,0.0,0.000637427,0.0,0.0,0.0,0.107138089,0.019961158,0.018754016,0.0,0.0,0.0,0.0,0.0,0.0,0.0,0.0,0.0,0.0,0.0,0.008739429,0.0,0.0,0.0,0.042645454,0.002755657,0.0,0.0,0.009762631,0.0
0.0,0.0,0.0,0.0,0.0,0.0,0.0,0.0,0.0,0.0,0.12074584,0.002787433,0.0,0.001425625,0.000865941,0.03087141,0.001692233,0.040978668,0.0,0.0,0.0,0.0,0.0,0.0,0.0,0.0,0.0,0.0,0.0,0.006108155,0.0,0.001737917,0.0
0.037715197,0.0,0.000229821,0.0,0.0,0.006193856,0.264302928,0.017989737,0.0,0.0,0.092191137,0.050925065,0.0,0.0,0.0,0.02184195,0.001368112,0.042156837,0.023552527,0.0,0.000548997,0.0,0.0,0.0,0.0,0.0,0.0,0.179327887,0.0,0.0,0.0,0.000425212,0.0
0.026481589,0.0,0.0,0.0,0.0,0.0,0.0,0.064252616,0.0,0.0,0.015148826,0.000142863,0.0,0.000125702,0.0,0.002817407,0.0,0.001631518,0.0,0.0,0.077164347,0.0,0.0,0.0,0.001418628,0.0,0.0,0.088938762,0.0,0.0,0.0,0.0,0.0
0.078453138,0.0,0.0,0.0,0.0,0.00093964,0.003284129,0.119979919,0.013572583,0.0,0.024988665,0.000183788,0.0,0.0,0.0,0.003273309,0.0,0.004303283,0.004478934,0.0,0.081969004,0.001635361,0.0,0.0,0.0,0.0,0.0,0.110643384,0.0,0.0,0.0,0.000122953,0.0
0.006118443,0.0,0.0,0.0,0.0,0.000918352,0.0,0.0,0.0,0.0,0.052748483,0.002272488,0.037704129,0.0,0.0,0.00780008,0.0,0.00848848,0.0,0.0,0.099664453,0.0,0.0,0.0,0.000782184,0.0,0.0,0.003632396,0.0,0.031832192,0.0,4.94e-05,0.0
0.00017606,0.0,0.0,0.0,0.0,0.0,0.0,0.0,0.0,0.018300721,0.071343033,0.000519729,0.001161467,0.0,0.0,0.012418386,0.0,0.008785538,0.002127734,0.0,0.0,0.0,0.0,0.0,0.000603672,0.0,0.0,0.0,0.0,0.033375205,0.0,0.000225529,0.0
0.0,0.0,0.0,0.0,0.0,0.0,0.0,0.0,0.0,0.0,0.05532519,0.002219993,0.0,0.0,0.0,0.005752622,0.0,0.009462048,0.0,0.0,0.0,0.0,0.0,0.0,0.0,0.0,0.0,0.0,0.0,0.0,0.0,0.000577091,0.0
0.000735488,0.0,0.0,0.0,0.0,0.00090537,0.002235023,0.0,0.0,0.0,0.075180117,0.000940571,0.0,0.0,0.0,0.009090474,0.000738635,0.014026959,0.003354338,0.0,0.0,0.0,0.0,0.0,0.0,0.0,0.000143908,0.0,0.0,0.001861908,0.0,0.001638848,0.0
1.124908958,0.0,0.00060963,1.710684172,0.007375825,0.0,0.443360356,0.0,0.0,0.000887135,0.749106203,0.000670367,0.0,0.0,0.785816722,0.509144824,0.59477857,1.375999072,0.370708196,0.0,0.044626247,0.0,0.867349599,0.0,0.0,0.0,0.083424946,0.117653372,0.341780021,0.0,1.014666953,0.351249285,0.0
0.042787004,1.307350015,0.0,2.765317309,0.0,0.0,0.0,0.0,0.0,2.412459491,0.009002061,0.085572414,0.0,0.000462114,0.254904619,0.001601585,0.000748181,0.023550521,0.0,1.780193664,0.0,0.0,0.0,1.215599403,1.655122999,1.267891264,0.044657168,0.0,1.740617761,0.011811694,3.444024868,0.651893307,0.0
0.832769509,0.0,0.0,0.0,0.051021927,0.0,0.568346327,0.0,0.0,0.0,0.088989066,0.001472443,0.0,0.000123768,0.0,0.024591938,0.0,0.012956608,0.342569063,0.0,0.000210992,0.0,0.004606213,0.005769626,0.000706315,0.0,0.0,0.019462386,0.0,0.0,0.0,0.851988262,0.0
2.859546271,0.0,1.164069782,0.0,0.956526889,0.100885142,3.303462426,1.171166014,0.0,0.0,4.317077799,0.082096184,0.0,0.00652687,0.00623315,0.693014154,5.661842655,3.359036665,2.46971056,0.0,0.03272885,1.957008142,4.978676512,0.0,0.0,0.0,0.642055201,2.378099384,0.0,0.0,0.0,2.224909169,2.273151145
6.818177712,7.383746275,0.153849539,7.570509146,0.525189945,0.007291343,1.003269044,0.073136782,0.041906483,11.12941937,7.70189107,4.540786304,0.004207101,0.141452428,9.470424284,10.5428182,2.645394085,8.121765816,0.864223458,4.047835035,0.005322379,0.073806136,2.287814555,4.792752278,5.224705941,11.36250281,2.301592689,1.493055339,9.364095123,0.067072941,9.173297689,14.57862366,0.0
0.507044077,0.698635241,0.001332871,0.0,0.006548829,0.000691347,0.114992699,0.131045239,0.009348025,0.150344532,0.062195215,0.170333282,0.145824319,0.427918705,0.0,0.010844246,0.000611812,0.010779034,0.0,1.517838755,0.792257939,0.004645872,0.0,1.754092576,1.643778009,0.178438414,0.000487073,0.242853818,0.027170041,0.706393017,0.0,0.03563488,0.0
0.053916316,0.00036856,0.0,0.326068462,0.0,0.0,0.003273691,0.0,0.0,0.0,0.120140598,0.000424953,0.023412613,0.001732897,0.0,0.023776019,0.002171648,0.040869359,0.004503851,0.0,0.000568024,0.0,0.0,0.000105633,0.0,0.003332475,0.0,0.0,0.0,0.060930985,0.095656089,0.203600959,0.0
0.02017734,0.0,0.0,0.0,0.0,0.0,0.0,0.062952391,0.0,0.0,0.052646236,0.371010535,0.004561475,0.004427364,0.0,0.009172283,0.0,0.00944255,0.0,0.0,0.005257759,0.052996239,0.0,0.0,0.0,0.0,0.0,0.032263991,0.0,0.019266718,0.0,0.621617953,0.0
0.009829278,0.0,0.0,0.0,0.0,0.0,0.0,0.0,0.0,0.0,0.095303928,0.36823135,0.0,0.0,0.0,0.015087998,0.000588014,0.022007486,0.00103396,0.0,0.0,0.0,0.0,0.0,0.000871885,0.0,0.0,0.002974463,0.0,0.0,0.0,0.37570241,0.0
2.985282732,0.0,0.192211984,0.010527939,1.50088922,0.010818281,0.902756783,0.037539951,0.0,0.0,0.53411702,0.016565803,0.0,0.053010445,0.139290128,0.058441217,0.346730326,1.073944269,1.387616404,0.0,0.004007643,0.055575758,0.610991938,0.0,0.0,0.0,0.113066889,0.253883303,0.0,0.0,0.002393828,6.696130203,0.0
0.770085592,0.185673669,0.003862183,0.06988972,0.008105279,0.0,0.150111527,0.012128459,0.0,0.275848504,0.507957335,9.277302896,0.0,0.0,1.033544297,1.077264327,0.013851562,0.571449983,0.0,0.0,0.0,0.0,0.0,0.062733575,0.062356736,0.104758257,0.135990972,0.248211179,0.272601536,0.0,0.06277182,11.26786846,0.0
0.021350247,0.0,0.0,0.0,0.0,0.026627221,0.001281621,0.368813052,0.0,0.0,0.1059529,1.504774779,0.0,0.201707487,0.0,0.016992194,0.000286972,0.019858329,0.002809,0.0,0.081685032,0.29013388,0.0,0.0,0.0,0.0,0.0,0.106709113,0.0,0.0,0.0,0.385273422,0.0
0.04314705,0.0,0.000401413,0.0,0.0,0.0,0.0,0.0,0.0,0.0,0.055386055,0.000163708,0.0,0.0,0.0,0.00512193,0.0,0.012492862,0.002920664,0.0,0.001790503,0.0,0.0,0.0,0.0,0.0,0.0,0.011179128,0.0,0.0,0.0,0.00048562,0.0
1.770364149,0.000593799,0.0,0.0,0.0,0.0,0.010265049,0.302458978,0.0,0.0,0.060824086,0.0,0.001337925,0.0,0.0,0.006708978,0.0,0.012219011,0.0,0.0,0.021268289,0.363561594,0.0,0.0,0.0,0.0,0.0,0.75568473,0.0,0.0,0.0,1.187988637,0.0
0.060872158,0.0,0.0,0.0,0.0,0.0,0.001082361,0.0,0.0,0.0,0.041261611,0.0,0.0,0.0,0.0,0.0,0.0,0.0035156,0.001240315,0.0,0.006488261,0.0,0.0,0.0,0.0,0.0,0.0,0.004771703,0.0,0.0,0.0,0.077056676,0.0
0.001477262,0.0,0.0,0.0,0.0,0.003741009,0.000717828,0.0,0.0,0.0,0.035912885,0.000164355,0.0,0.0,0.0,0.0,0.0,0.002167283,0.002280771,0.0,0.000154336,0.0,0.0,0.0,0.0,0.0,0.0,0.0,0.0,0.0,0.0,0.786307755,0.0
0.008141135,0.20560186,0.016000308,0.0,0.0,0.00098775,0.003417631,0.0,0.01188066,0.138315801,0.056066733,0.294485151,0.0,0.006064829,0.0,0.005946843,0.004526935,0.007304377,0.010920803,0.0,0.016834142,0.0,0.001946137,0.115481862,0.027915645,0.202492652,0.000519627,0.008743449,0.0,0.0,0.001496195,0.038241398,0.0
0.923468218,0.001285377,3.75897589,0.087072469,1.213868679,0.005597537,0.146380842,0.0,0.0,0.0,1.03713989,0.000447586,0.0,0.006546076,0.291984623,1.247803262,1.53904961,2.634973754,3.652979283,0.0,0.000467307,0.021786602,1.332814175,0.0,0.0,0.0,2.431578947,0.0,0.0,0.0,0.026958414,1.45963733,0.0
0.429715693,0.069824736,1.200878888,3.176072772,0.945756395,0.0058334,0.509147956,0.0,0.020736727,0.901248494,5.723384766,0.002619113,0.01459041,0.16159759,9.091621808,6.700019051,6.666209264,8.225290548,0.551897517,0.20638192,0.609517625,0.066186404,1.174256213,0.377391354,0.154930093,0.0,4.206631492,0.001012701,8.331219373,0.060958803,3.325737545,1.222880999,0.012009618
2.105186616,0.567307605,0.013107848,4.445948242,0.765399782,0.0,0.855650056,0.02158172,0.162022142,2.548158799,11.48074443,0.015182382,0.0047565,0.017871508,5.661883235,6.557164806,3.074365975,6.33189093,0.573490307,8.095500843,1.00900046,0.010976695,0.26220625,2.100991385,5.606784616,0.04294165,1.369357523,0.134841244,11.40355161,0.000482957,6.458234721,4.629697647,0.214419067
1.211370321,19.92561755,1.012306538,27.12940868,0.712107148,0.0,1.034422753,0.0,0.253260251,25.58526009,13.37273925,3.680757103,0.121819703,0.076206392,16.40441283,17.7229341,10.53251017,15.75942065,1.697874783,10.98920392,0.015206297,0.002734868,5.137846191,13.7544004,15.24886261,19.1592118,4.574069972,0.080756452,19.75287398,0.118387049,24.69115644,10.46496101,0.0
3.75545586,11.25876695,0.198229867,20.28873283,1.144237685,0.025278668,3.409619074,0.021098657,0.01369467,12.4353479,1.367333946,9.525013725,0.100902015,0.346896336,4.153928578,2.710955419,1.074554203,3.798550498,0.941112437,7.422455116,0.067052701,0.0,0.610135832,12.70261264,10.54050331,13.40692272,1.659811884,0.81892997,4.617125653,0.067428491,12.31887407,16.36738746,0.02929702
0.124234525,4.116374224,0.038713313,0.507126969,0.652681284,0.044776477,3.733187853,0.185762953,0.032440483,1.431250703,1.074919866,7.97646154,0.0,0.464410821,2.638052391,4.339907471,0.1232322,1.826282556,0.720551039,3.66346861,0.126310348,0.070966859,1.30530893,5.537084329,4.363271473,3.73594262,0.22190556,0.200439361,2.278411522,0.001711441,1.222056684,6.412919438,0.024893519
2.538730728,0.068509948,4.670595348,0.0,5.77789622,10.7256867,3.77724145,5.789579813,0.006525465,0.003770204,0.823370702,0.188958168,0.002907255,2.235313504,0.477301004,0.285625108,3.040088777,2.6171017,7.003209623,0.244805015,0.48336395,9.174526716,5.044313156,0.293593913,0.259825355,0.03183482,1.811192591,1.175299474,0.005423118,0.017743354,0.001503306,1.542021448,6.514229062
7.424975958,0.197481458,0.647560397,0.641304583,8.206863131,5.28285693,7.117121531,9.449334718,0.0,1.576515711,0.354498868,13.8344607,0.011430621,1.633737577,0.370347806,0.072601523,0.683941056,1.703138844,7.077834469,0.0,4.859684487,11.27857152,2.02582451,0.659771758,0.0,0.426268834,0.295187777,7.648983162,0.287457812,0.72881073,1.655976739,14.34183492,13.91215047
0.032813981,0.001755775,1.104497586,0.0,0.0,1.358460845,0.003239324,0.489564613,0.0,0.061733792,0.220227014,0.621801691,0.0,0.252083413,0.001948281,0.042208594,0.005501542,0.053559639,0.002147615,0.0,0.039577218,0.561800639,0.0,0.00019671,0.0,0.0,0.038527026,0.00258531,0.0,0.0,0.009236618,0.299109333,0.089588176
0.224484613,0.0,0.877036165,0.0,0.156290561,2.498509686,0.112112714,1.473874988,0.0,0.0,0.095232185,0.009359213,0.0,0.851084769,0.0,0.011047502,0.002373274,0.015643975,0.211656924,0.0,0.304576337,0.95680984,0.048320965,0.0,0.0,0.0,0.000339609,0.131722575,0.0,0.006703803,0.0,0.003790195,0.321899811
0.065064454,0.0,0.049293018,0.0,0.0,0.019703379,0.004523817,0.652162378,0.168978297,0.0,0.035966155,0.004049122,0.174140513,0.171190474,0.0,0.007562332,0.0,0.013261281,0.011383884,0.0,0.468471882,0.335168647,0.006912209,0.0,0.0,0.0,0.0,0.050526804,0.0,0.225502348,0.0,0.003208923,0.033754621
0.118249638,0.0,0.223746555,0.0,0.603327832,0.016001553,0.673874748,0.177829194,0.0,0.0,0.125322386,0.004092562,0.164128427,0.124402532,0.0,0.009097356,1.21603969,0.392896612,0.662286166,0.0,0.172116727,0.294848596,1.134394631,0.0,0.0,0.0,0.004598938,0.594318116,0.0,0.008409001,0.0,0.122321994,0.085954089
0.163964596,0.0,0.022765985,0.0,0.0,0.0,0.328447951,0.104953751,0.0,0.0,0.10259392,0.422809732,0.056689256,0.183095557,0.0,0.01934356,0.000846874,0.032474708,0.003659628,0.0,0.803235808,0.0,0.005602594,0.0,0.0,0.0,0.0,0.483057001,0.0,0.000444954,0.0,0.845991464,0.0
0.349552007,0.0,0.000434438,0.0,0.0,0.0,0.202817087,0.0,0.0,0.0,0.203675729,0.063846904,0.082785437,0.040637301,0.004056054,0.062487882,0.002843105,0.070459312,0.007518588,0.0,0.942549413,0.0,0.0,0.0,0.0,0.0,0.0,0.374106327,0.004128912,0.002341217,0.0,0.774629568,0.0
0.185594524,0.002530297,0.000165068,0.0,0.0,0.0,0.010255293,0.019473911,0.0030668,0.000923929,0.117779241,9.685715578,0.016521492,0.091673732,0.0,0.018107543,0.003237716,0.026005654,0.003431868,0.0,0.567093116,0.0,0.017709333,0.025576399,0.0,0.001201142,0.0,0.017589785,0.0,0.005761762,0.000882719,8.276215238,0.0
0.268243389,0.048459125,0.001861348,2.961871979,0.024139142,0.002986075,0.084260763,0.022122946,0.076065495,1.580483928,0.243366191,9.358936064,0.00445484,0.000513025,0.026333258,0.062857872,0.013681426,0.106486898,0.024667947,0.06822755,0.0,0.063372574,0.062201473,0.268446714,0.226218678,0.487141993,0.023974221,0.216406692,0.355095835,0.0,1.750811346,1.738306666,0.0
0.177559681,11.57042121,0.031263965,5.582199394,0.082386547,0.000790446,0.677130423,0.186479592,0.152829736,13.82262276,0.240710029,2.021692165,0.007647389,0.006062124,0.548008687,0.08285132,0.161551615,0.154256987,0.055922584,8.602804699,0.001005036,0.462573732,0.0,12.83141207,16.5754516,16.74628761,1.150300642,0.658923828,5.590458496,0.006348073,7.054909405,1.21702951,0.351711694
0.428860949,24.11799999,0.172885133,13.63050617,0.310896922,0.000959455,1.096662962,0.0,0.305280883,19.89241927,2.550578369,7.729267344,0.0,0.00045949,8.012540814,6.048148416,1.480586514,4.441851293,0.661030358,6.884371226,0.0,0.0,1.240561889,20.03729248,10.98130742,23.75947189,1.655639584,0.313108633,7.237571225,0.012749507,16.21523291,4.757443894,0.0
0.830028145,9.293654769,0.370553386,12.20622193,0.0,0.03460186,0.2005701,0.01365264,0.886765456,10.45252513,1.254852896,6.293465155,0.122844382,0.036177007,3.513942029,1.864418021,1.892449422,3.81958427,0.474473493,4.720064304,0.006676683,0.0,0.951534149,8.029603098,5.134486782,10.14760542,2.319497698,0.288364832,7.111378731,0.021780329,9.542665362,3.309647842,0.0
5.471310549,25.72880499,0.156719478,21.02660002,0.06995352,0.591086813,0.824323154,2.876531941,0.225789554,22.75312576,4.761309787,5.186016375,0.830574734,0.627640718,14.81189757,6.003271664,1.630962036,13.53495922,0.505472135,6.489060704,1.686243281,4.571030878,0.968685723,19.5452237,10.29762931,25.74407462,2.37058798,1.754857401,15.73198099,0.372681532,22.2367341,6.070698876,2.274994124
4.284524838,18.69949813,1.152423767,27.49046738,2.28192877,0.742042592,1.852604183,2.15925306,0.02422774,19.40697198,5.206128207,26.33757932,0.011480681,0.375049974,8.96110676,5.275664612,4.321372833,8.408846118,2.85947923,12.0996411,0.111228434,4.134751816,3.290953355,21.3675742,15.60612618,21.2494217,2.982760676,2.210388229,16.65930467,0.110075245,22.71091455,19.46236974,4.345065236
0.331546504,0.429918826,0.00499306,1.983475497,0.0,0.174650779,0.41275108,0.818648599,0.403502017,0.183001314,0.861106879,1.229977529,0.000362859,0.091626469,0.582014672,1.468823034,0.009382944,0.542209844,0.0,1.722816483,0.028476635,1.89274467,0.0,0.533082891,1.38012491,0.289303162,0.002749531,1.200451094,0.14781485,0.019695812,0.55217434,4.032723104,2.517514695
0.705722818,2.678667854,0.091792512,4.001700246,0.113868543,0.066824882,0.80577103,0.957959044,0.482906342,6.736043566,1.892344318,16.57258259,0.295035386,0.071821086,1.545958685,2.480012772,0.526185206,2.288103572,0.023709557,0.0,0.063690696,1.426177361,0.13915354,2.583497974,0.0,5.825855268,0.463660071,1.468634279,2.216394104,0.031465425,4.550873831,6.175096815,1.556755486
0.759895535,0.076900832,0.296511407,1.043016058,0.976448458,0.101677156,1.982270553,1.014307152,0.044889435,0.124779735,0.678527445,15.9871443,0.142928294,0.338517573,0.524211903,1.973338838,0.016223166,0.803979297,0.252971727,0.0,0.15088388,1.284004914,0.0,0.068867138,0.0,1.150040927,0.194864268,2.321403941,0.077906906,0.057812718,0.751865404,8.926272074,3.241893174
0.187208878,0.454819902,0.03617235,0.024021792,0.725017515,0.023970809,1.873189588,0.275805643,0.0,0.023492165,0.239074715,1.759342284,0.0,0.031556908,0.139555937,0.716955758,0.080549652,0.265531354,0.361386901,0.0,0.020477365,0.521611236,0.040925671,0.019600057,0.0,0.057727798,0.029930592,1.607851262,0.0,0.000120665,0.012952901,1.422283976,1.626243063
0.016167215,0.0,0.000490625,0.0,0.0,0.0,0.02306632,0.077345959,0.002046401,0.0,0.070757358,0.048674346,0.063411572,0.149186763,0.0,0.014824249,0.000382174,0.03228196,0.003170387,0.0,0.062998914,0.138228252,0.0,0.0,0.002013419,0.0,0.000190973,0.016960235,0.0,0.370732822,0.0,0.00379936,0.0
0.041512591,0.0,0.000221497,0.0,0.0,0.0,0.0,0.0,0.0,0.0,0.068654091,0.000429536,0.067595338,0.0,0.0,0.012996751,0.000422756,0.015451276,0.0,0.0,0.000490988,0.0,0.0,0.0,0.0,0.0,0.0,0.079195071,0.0,0.166951894,0.0,0.0,0.0
0.0,0.0,0.0,0.0,0.0,0.0,0.0,0.0,0.0,0.0,0.023233518,0.0,0.000194715,0.000865106,0.0,0.0,0.0,0.001670675,0.0,0.0,0.012001296,0.0,0.0,0.0,0.0,0.0,0.0,0.0,0.0,0.004092616,0.0,0.0,0.0
0.000194538,0.0,0.0,0.0,0.0,0.0,0.0,0.0,0.0,0.0,0.069352802,0.000747652,0.003477902,0.0,0.0,0.014803122,0.00033672,0.019895994,0.0,0.0,0.032568887,0.0,0.0,0.0,0.0,0.0,0.0,0.0,0.0,0.0,0.0,0.008229462,0.0
0.000309808,0.004217856,0.0,0.0,0.0,0.0,0.0,0.0,0.0,0.009614201,0.012043715,0.055405506,0.0,0.0,0.0,0.0,0.0,0.001481973,0.0,0.0,0.0,0.0,0.0,0.004162412,0.0,0.002410791,0.0,0.0,0.0,0.0,0.0,0.043511764,0.0
0.02420176,0.005699063,0.004737756,0.0,0.0,0.000918365,0.0,0.0,0.022053307,0.068677915,0.026920338,0.604754603,0.0,0.018411842,0.0,0.003136275,0.050029302,0.052891607,0.0,0.0,0.0,0.001766106,0.320275488,0.033520691,0.0,0.106691967,0.21204458,0.0,0.001449987,0.05404858,0.0,0.206444912,0.0
5.344366719,4.328651765,0.583798489,15.56052815,0.702291457,0.235785299,0.333670737,0.077754659,0.009625629,13.56832721,4.241227014,6.580631072,0.210162688,1.593337623,1.285851464,1.836990406,4.478268111,6.363951666,3.738853192,3.546575492,0.007229405,0.046653211,10.23625358,4.399447971,3.339238981,8.66384582,0.958563839,0.151223217,5.382413164,0.501881244,15.89169264,8.203865344,0.0
0.136936177,0.030040826,0.000476732,0.005657266,0.0,0.0,0.064971577,0.0,0.0,0.22613547,0.156347075,0.903364989,0.473883749,0.15585537,0.045254386,0.265389498,0.002166893,0.165207163,0.079116829,0.0,0.005933755,0.0,0.001074139,0.04971971,0.0,0.181706515,0.000154033,0.001180189,0.020210268,0.325939497,0.148433137,0.200275984,0.0
0.000389767,0.008938362,0.0,0.0,0.0,0.000650283,0.0,0.0,0.0,0.011376855,0.117965158,0.012488421,0.0,0.0,0.0,0.008739729,0.001095236,0.019119963,0.0,0.0,0.0,0.0,0.0,0.000789182,0.0,0.0,0.0,0.0,0.002875573,0.0,0.0,0.008663436,0.0
0.0,5.283311318,0.0,0.0,0.0,0.000935407,0.0,0.0,0.017046857,2.474233629,0.069140355,0.007655187,0.0,0.0,0.0,0.003573148,0.000635838,0.010593531,0.0,3.56506801,0.0,0.001337116,0.0,1.659250186,0.714088481,1.126206297,0.006193735,0.0,0.394164884,0.0,0.003615826,0.008758732,0.0
0.000848288,1.899259192,0.0,0.013197581,0.0,0.0,0.0,0.0,0.00774234,0.225867867,0.132192397,0.00427889,0.001909525,0.0,0.152394498,0.040102457,0.021848875,0.022674525,0.0,5.846493148,0.0,0.0,0.0,2.945163296,1.839572582,0.045988615,0.456221075,0.0,3.051605607,0.0,0.061392496,0.03153639,0.0
0.013856283,15.06954998,0.325986393,13.07348693,0.0,0.001830377,0.0,0.0,0.000451111,10.78809568,0.086569085,0.353276454,0.100855513,0.000413119,2.815861068,0.079536732,0.127668794,0.556484049,0.0,24.00162699,0.000251662,0.0,0.0,16.03244249,24.57624075,5.241258799,3.191785389,0.0,17.47164203,0.002726941,12.38337337,0.581884956,0.0
0.19232824,34.59107169,0.429313581,5.696816415,0.604109837,0.050692811,0.735022785,0.234118925,0.248945038,11.11982318,15.16456289,20.85588461,0.423790958,0.084669816,9.889679338,9.405227111,4.569001785,5.920789973,0.937874637,22.20007886,0.022838639,0.59002809,0.266771107,39.06405466,25.90115282,22.25836609,7.111361098,0.200566012,15.87079643,0.198555845,7.144292944,4.08215046,0.783865007
0.392112131,12.52740853,1.486596889,29.41907873,3.923027531,0.461569716,3.062219971,1.963434455,0.464806649,22.90564493,5.141794763,16.45756593,1.324165717,0.388428376,7.518082063,3.373021463,1.571222616,5.578510918,3.522807187,2.85309562,0.086285553,3.558393448,1.017489304,10.07232952,4.790568124,12.16253817,1.673754791,1.874320299,11.05373144,0.422631594,27.72206552,4.921172851,2.62030843
0.372870692,4.400296982,0.987316223,5.684566534,0.238483329,0.989670871,1.10170201,0.781779315,0.776582081,6.610111897,0.288992281,10.05523732,3.273802544,1.180592806,1.276205722,0.41008192,0.01238555,0.214239698,0.008370207,0.713759709,0.224286063,1.848481396,0.009298645,2.216552512,0.247427378,5.367230441,0.793956009,1.647340403,2.287121303,1.479557387,5.601434222,1.545093259,2.937876581
0.632735378,6.096735593,0.809121449,0.522791739,0.67157514,0.887583328,2.528881575,0.242256974,0.081624494,5.638528141,0.300519401,2.645202132,1.450299967,2.351658426,0.497138413,0.858370246,0.094099813,0.529006702,0.151342161,5.063516933,0.906334088,1.359885885,0.002033914,6.244704837,5.034894288,8.081439992,2.301503563,2.12934496,2.24814422,0.586530394,1.904945089,0.846426777,4.441709966
0.538377187,0.298334611,0.043023276,0.677849789,0.184913922,0.014427788,1.577144408,0.0,0.459940933,1.831124935,0.149888014,1.12357542,0.277215845,0.099406818,0.014837701,0.14366659,0.01447117,0.115887906,0.034058733,0.0,0.004276163,0.097312836,0.0,0.245034358,0.001422002,2.089671655,0.004834407,0.844035981,0.191299009,0.057894971,0.791609188,0.521293167,0.144096588
0.172859576,0.055530576,0.024196512,0.238091853,0.0,0.00529704,0.782947288,0.0,0.00050953,1.54315025,0.145413293,2.372567405,0.010504327,0.076968244,0.00378374,0.03476571,0.025696076,0.071552948,0.01670878,0.0,0.001042891,0.204568451,0.0,0.081159887,0.0,1.243764961,0.014426143,0.660337564,0.137102011,0.005238482,0.621901339,1.060190361,3.090453021
0.021317889,0.0,0.019493361,0.0,0.0,0.001793205,0.006982427,0.0,0.0,0.096149549,0.078533909,0.175760887,0.0,0.009947737,0.0,0.02430403,0.022536117,0.04474758,0.002340964,0.0,0.0,0.020233399,0.0,0.0,0.0,0.047003407,0.007711898,0.014256327,0.0,0.0,0.0007193,0.217211404,0.0
0.330286603,0.187303588,0.256247047,0.136026403,0.0,0.092875758,0.127233305,0.515276555,1.320646743,0.931863975,0.129949705,6.779118973,0.032015379,0.608222293,0.0,0.02098479,0.003013662,0.033014284,0.009714838,4.748730061,0.114532291,0.256207882,0.0,1.103063759,2.094648773,0.833264499,0.081979313,0.257190378,0.003320923,0.4470104,0.218830638,1.86847181,0.0
0.255916588,7.668794458,0.286584495,4.469799343,0.0,0.213374445,0.219786328,0.608251449,0.006071181,10.23733739,0.082907565,22.37319387,0.048310778,0.902380247,0.150663865,0.026628267,0.055782334,0.079171256,0.004421573,18.17598878,0.036106919,0.375963821,0.0,7.798029131,9.524218316,16.67950287,0.675423819,0.71853551,0.76015709,0.218789654,5.614543357,11.21555096,0.0
0.827306519,0.139549971,1.335955326,0.723143376,0.962331828,1.645557546,0.78441141,0.084068217,0.015694237,0.203276648,0.125856625,0.779619863,0.081970519,1.765238457,0.02751341,0.007744957,0.588063977,1.24882989,2.206383793,0.015571416,0.078964812,0.069999257,1.849124857,0.518700166,0.038545148,0.116162557,0.273514088,1.114262104,0.00478013,0.351993315,0.203819414,0.514576128,0.008522487
0.144099448,0.0,0.024646428,0.0,0.0,0.216124868,0.003803349,3.550620734,0.0,0.0,0.116472679,0.024968228,0.0,0.461255954,0.0,0.0202351,0.089877478,0.344760997,0.001272815,0.0,0.200460817,1.414988955,0.037916037,0.0,0.0,0.0,0.045102357,0.826030799,0.0,0.0,0.0,0.016857969,0.014513495
0.135227848,0.0,0.004188006,0.0,0.0,0.0,0.0,0.848487178,0.000474725,0.00116608,0.059860231,0.007975327,0.004151243,0.011208236,0.0,0.003967917,0.001857988,0.009600323,0.0010895,0.0,0.065858521,0.211583842,0.0,0.0,0.0,0.0,0.0,0.080089681,0.0,0.001511393,0.00263007,0.039204292,0.0
0.194649023,7.02266385,8.47e-05,2.611738288,0.0,0.000472857,0.591510998,0.268073278,0.287200447,3.701885596,0.106143012,1.573809795,0.096247831,0.029379928,0.028325676,0.030955935,0.001997415,0.067848859,0.00414241,1.931830125,0.017981743,0.466618812,0.0,4.571671092,2.891503942,5.296647089,0.008384222,0.631738591,0.67693479,0.24756017,3.234889448,0.919035357,0.011863567
0.672523938,11.77282441,0.065347026,3.55299365,0.010490433,0.0,1.079937647,0.430173551,0.060053014,8.617794791,0.050794027,7.665730487,0.199431918,0.120151821,0.025393246,0.005670068,0.030321111,0.341936887,0.139117784,1.582586613,0.01044581,0.033263604,0.124414909,11.06875353,2.558084502,11.7872572,0.019234129,0.592173167,0.821639901,0.090307561,4.629533937,1.161413867,0.0
0.751871168,0.904450999,0.32386846,0.0,0.893743233,0.097801197,2.671792319,0.803589273,0.0,0.223239923,0.057622452,0.57318666,0.000364732,0.301012416,0.004247295,0.053785275,1.200585927,0.392916471,2.331884613,0.0,0.023684428,0.352232129,3.535230285,1.419033786,0.146301907,0.391521363,0.183869443,1.881575466,0.068009645,0.02506815,0.014210107,0.085701115,0.475160112
0.322563237,0.006793305,0.325579586,0.0,0.483991188,0.017294804,2.71142622,1.958910034,0.01419069,0.002274858,0.170744128,0.038231982,0.039117904,0.421806873,0.001987218,0.014269559,1.042766109,0.203875267,0.662768677,0.0,0.198890405,1.827995392,0.381680241,0.00777358,0.002430544,0.002412876,0.079728408,3.110736053,0.0,0.156143838,0.0,0.002389325,1.425852428
0.246663665,0.00031106,0.079905917,0.0,0.012500239,0.003052392,0.0024577,0.0,0.353750233,0.0,0.019142338,0.008818555,0.004581724,0.413465653,0.007077712,0.0,0.003917146,0.0,0.09091284,0.0,0.03049084,0.120306925,0.12218873,0.009320941,0.0,0.0,0.001818074,0.289871938,0.0,0.237949664,0.00101848,0.000987011,0.155040088
0.444463858,0.000751854,0.449250702,0.0,0.0,0.134618403,0.401333945,1.572095502,0.00217667,0.0,0.843144464,3.38301071,0.0,0.684074643,0.040936932,0.387914713,0.130976653,0.194903454,0.008643188,0.0,0.056879943,2.53313644,0.0,0.000431354,0.0,0.0,0.012265231,1.638094139,0.000390968,0.000268534,0.000567194,3.067118995,2.025714092
0.506037858,0.0,1.348643313,0.0,0.0,0.116503778,0.008259095,1.479294163,0.005986481,0.0,0.131395913,2.566857567,0.000613206,0.306326086,0.04136631,0.046082822,0.085571032,0.029808299,0.0,0.0,0.07938363,0.272639679,0.021436671,0.0,0.0,0.0,0.578256722,0.365427838,0.0,0.059403279,0.0,1.608863393,0.0
0.404258225,0.076963577,0.000556164,0.0,0.0,0.0,0.0,0.895758075,0.0,0.0,0.086083959,10.81187189,0.0,0.774495946,0.0,0.016722299,0.000454004,0.025714584,0.0,0.0,0.341403722,0.144040965,0.0,0.239469286,0.028550323,0.0,0.000679288,0.109475535,0.0,0.039763074,0.0,5.319555678,0.0
0.051811085,0.0,0.417766854,0.0,2.218177754,0.015865112,0.061809914,0.0,0.737219595,0.0,0.297175249,0.008965318,0.005841303,0.032664644,0.0,0.064773456,0.003394448,0.06846625,0.697948136,0.002098368,0.002636791,0.032276892,0.065605546,0.0,0.0,0.0,0.005714568,0.012692204,0.00038059,0.094551636,0.000558458,0.002486942,0.0
2.129712872,0.120958486,2.99803661,0.114190204,0.0,0.084830614,0.0,0.0,0.213933709,0.222542796,0.693449742,0.193615978,0.288298896,0.481717427,0.383793213,0.434719773,1.631481061,1.280194725,0.043152354,0.0,0.000124218,0.009911837,0.443717048,0.018143551,0.0,0.129473237,1.146948731,0.360481509,0.007793154,0.497883763,0.264797832,3.617900039,0.0
1.077407746,0.25111989,0.062858843,0.0,0.0,0.111456023,0.089990716,0.0,0.117124123,0.015863314,0.105193081,3.133707452,0.121641304,1.133269898,0.00330166,0.008966524,0.045952448,0.015154615,0.0,0.778708163,0.016498801,0.0,0.0,0.221281357,0.668486707,0.047969666,0.011638694,0.857963406,0.000645694,0.732030464,0.0,3.547017006,0.0
0.243132522,0.0,0.251403318,0.0,0.0,0.13711896,0.04174718,0.006215728,0.001660998,0.013735349,0.048750634,6.123013815,0.032448748,0.652963896,0.00409576,0.004188895,0.0,0.0113401,0.064385366,0.0,0.001054234,0.0,0.0,0.000910478,0.004867204,0.005053182,0.00442426,0.160919452,0.001096148,0.085265182,0.04830382,5.338332838,0.0
0.356946788,0.001386395,0.041435703,0.008894121,0.0,0.064553,0.224726666,0.021520326,0.000104446,0.014560134,0.264479883,8.315196484,0.000106495,0.447032352,0.011175786,0.14701758,0.005977897,0.143604953,0.0,0.0,0.030089729,0.021537313,0.0,0.000592149,0.0,0.021648759,0.010126336,0.570716655,0.00977467,0.004360106,0.049909055,2.853663645,0.0
0.874397883,5.697031018,1.499800631,5.204225156,0.094728638,0.004999409,1.207582678,0.44353649,0.0,7.014395222,1.718145529,6.034713318,0.004077166,0.336079865,1.553169252,3.604195294,1.647734348,3.149480954,0.207460295,0.039291543,0.072513874,0.392886825,1.273297043,3.605865485,0.921088689,3.39695755,2.981046081,0.734070037,4.29740656,0.000745776,5.733857238,3.315637302,0.026932574
2.307673006,2.688704115,5.496468596,13.00137345,6.899626495,1.709218444,6.384434106,2.874676807,0.001785927,8.695522516,8.033099364,10.66775637,0.003852593,2.066958645,7.934666625,9.382184377,6.901611057,9.843328684,6.314370617,0.00180125,0.169447279,3.619905158,6.332855578,1.595900604,0.010424875,6.947363976,6.754282895,3.074486065,6.524731419,0.116239857,12.12990757,5.722442297,3.243606184
0.444895618,0.022853997,0.052851721,0.0,0.0,1.103114146,0.164939389,0.0,0.220119447,0.025894499,0.151343922,0.604850105,0.00496169,1.235175913,0.0,0.030193015,0.024789019,0.045304064,0.0,0.0,0.002420727,0.0,0.0,0.000685844,0.0,0.05564982,0.006568845,0.188748784,0.001028623,0.302893306,0.003786783,0.220163522,0.0
0.104600189,0.0,0.001768757,0.0,0.0,0.0,0.0,0.0,0.063923827,0.0,0.236995422,0.004149104,0.094334633,0.122608122,0.013543537,0.129267516,0.00914948,0.15312248,0.0,0.0,0.112735855,0.016548399,0.0,0.0,0.0,0.0,5.51e-05,0.06550233,0.0,0.014171147,0.000610381,0.016378004,0.0
0.010468006,0.0,0.008628527,0.0,0.0,0.0,0.0,0.0,0.0,0.000899968,0.139686171,0.042118287,0.15506418,0.017023761,0.0,0.021749242,0.002627234,0.034754562,0.0,0.0,0.001527019,0.0,0.0,0.018463168,0.002301088,0.0,0.001203051,0.00628679,0.003145564,0.030571546,0.00467947,0.034927822,0.0
0.000363125,0.0,0.00016056,0.0,0.0,0.000638353,0.03783927,0.0,0.007954508,0.0,0.127718325,0.004312689,0.182804909,0.007603633,0.0,0.015405446,0.000837152,0.019227486,0.0,0.0,0.404254443,0.002137977,0.007323195,0.001050821,0.0,0.0,9.29e-05,0.255739995,0.0,0.142961076,0.0,0.018815794,0.0
0.201704502,3.027556888,0.693997774,0.706360842,0.006074579,0.0,0.532123829,0.0,0.624588127,13.82179164,6.444359968,1.578353875,0.025396987,0.031645349,2.8142472,3.036679395,8.55052232,5.643158407,0.480150975,15.57909258,0.005282243,0.0,3.656619655,3.304017211,6.337463616,1.323551241,9.454375937,0.189531775,13.69038778,0.417132462,1.477534002,0.907763568,0.0
0.659394234,6.639366435,7.075763037,16.0486907,0.0,1.940121814,0.0,0.0,0.94349661,12.83263834,12.33918025,1.576099481,0.332564361,1.558866449,2.091006143,5.503502674,10.34871921,4.677305592,0.111920259,13.9973342,0.123591287,0.001486071,2.754358512,9.397385058,11.78124031,6.122451184,11.43073027,0.0,2.301278077,0.963984055,20.45502954,1.203062778,0.0
10.01606826,14.69361347,0.127748101,15.44645141,1.989100401,5.755851754,1.424313478,5.85573195,0.751563215,21.33554567,18.30918445,7.658535004,0.087766274,5.073015541,35.97218725,26.83278022,8.843807619,39.3533644,1.57614255,39.07256836,1.438392889,5.205399283,5.234047986,12.81641932,20.2712067,21.31499997,4.977714986,1.940341874,39.15300308,0.552836812,29.06667426,14.23692026,3.555044976
0.207023763,0.05498147,0.900586959,0.0,0.0,0.74388132,0.0,0.0,1.045858212,0.066717734,0.604200788,0.009333665,0.428724319,1.588616342,0.0,0.016855781,0.429807191,0.091405584,0.001230929,0.160534767,0.001047575,0.0,0.001878853,0.011442398,0.115087714,0.263684496,0.011369818,0.018272736,0.0,1.283198739,0.0,0.020089174,0.0
5.617105354,1.464490123,0.272157141,0.125363596,2.620438801,2.331858627,2.064871131,1.531040275,0.162961906,1.486434018,13.44019766,0.008359387,1.505817163,3.714978509,2.154069514,5.00275621,2.2048664,2.461671181,1.250003759,6.167958156,0.703079485,1.806028156,1.238215789,4.816040653,8.624970675,0.703993618,1.65570883,0.996966846,8.788956506,1.980987546,1.121787017,0.698074593,2.267302483
3.325772423,23.33132018,0.106555397,12.77446019,2.545873636,0.035813084,2.084745092,5.020233706,0.0,18.96128915,0.639068346,14.7831193,0.001843159,0.066860247,1.521438448,0.540193035,0.800984436,4.924663085,3.40897112,0.144481899,1.104271061,0.330430333,3.536354652,18.17797073,1.221445518,29.72774964,0.088501827,1.618601828,2.117751173,0.002873667,13.88104262,13.94933161,0.010335789
0.756467045,0.0,0.003583986,0.0,0.056831034,0.005770432,0.012619892,0.025461806,0.147169815,0.000858614,0.169719146,0.011632939,0.04556006,0.0,0.000806151,0.052710618,0.002107619,0.08548263,0.056495963,0.0,0.397833112,0.058286575,0.001294296,0.0,0.006670649,0.0,0.001431465,0.901135984,0.011676605,0.067432041,0.015790632,0.001471075,0.0
2.284000012,0.001773926,0.827914329,0.0,0.635440772,2.118447358,0.520831686,0.0,0.328312082,0.0,0.433695919,1.016007767,0.604369869,0.10761202,0.008407488,0.12398567,3.047952138,4.723907394,1.55959005,0.0,0.107497041,0.489777218,5.478928128,0.0,0.000756436,0.0,0.002667308,0.004215929,0.0,0.650998533,0.0,3.389287018,0.085546569
1.16464067,5.072113278,0.022549463,34.81619732,0.0,0.003767084,0.0,0.002937387,0.128504193,14.9544298,0.212899226,27.68101595,0.485973462,0.100858573,1.110594818,0.12229883,0.033067094,1.233659456,0.003089676,0.0,1.517656688,0.034149364,0.0,1.771271656,0.0,12.72113381,0.164197685,0.272943567,4.937746477,0.125931674,18.69527504,7.552770905,0.0
4.949688185,3.690797779,3.820383002,7.465539126,0.146407373,3.227792121,0.002212536,0.0,0.154799801,4.819077053,0.650954831,15.35257833,3.080854213,1.378011834,0.955562221,1.050130841,3.384509619,0.548891901,1.753903399,0.0,0.326540195,0.357519045,0.831220956,1.849284027,0.011969139,6.004242912,5.142571773,1.832463769,4.335597295,1.181647633,7.343332972,10.99238901,0.0
6.717549123,31.02033545,4.140812784,34.28457925,20.11439118,3.530635123,14.51779831,0.036967155,0.701462241,42.68374878,17.31116833,36.20158863,0.798069319,0.897174911,15.27242379,14.57824884,24.79461109,26.95474455,21.85137034,3.049043605,0.027851916,8.933464518,28.41324265,19.06762346,9.521856192,51.15810791,16.91638693,0.848833209,19.07233818,0.416681539,38.1892032,17.41925361,6.55868263
3.994191394,10.37462554,2.265751957,2.144390169,2.465623972,5.807190127,3.725840507,0.166537751,0.214060993,3.142682328,9.822195907,33.6786128,0.684711566,6.676635258,0.92262497,2.65581537,1.094399344,3.333764441,3.123938623,9.867668761,0.051462877,0.47524108,2.475046669,8.238441069,11.57283589,9.190685544,2.316592465,1.532426894,0.564711197,1.627225063,0.88771877,14.96956139,1.490765511
10.52114676,0.77043498,2.542917997,9.886300106,24.62282236,12.09683085,40.36014388,12.68846137,0.496819747,4.528652709,0.437009653,33.32677156,1.276957203,4.651444205,0.887968929,0.210831917,3.900782576,7.368838105,24.58935907,0.0,0.572747477,29.74316643,15.68375619,0.992210678,0.0,2.739167763,0.038839977,18.5488135,0.531198438,1.818836761,5.376745294,19.31519794,44.57094283
5.496684543,0.0917847,8.45932204,0.10841638,9.504238183,10.67146767,6.948417541,2.311387436,0.133042325,0.234316792,3.874818118,11.40394603,0.249482476,4.23432268,2.529872821,4.444815602,4.116102759,3.677179733,5.220085198,0.0,0.436124384,7.780137965,3.982674269,0.024903173,0.0,0.122582565,1.471019845,2.528676371,0.930103922,1.119392886,0.253004321,7.896104435,11.32584359
2.921940939,0.436436053,0.811309292,0.007067925,0.734622147,7.475563846,4.580090454,9.772183094,0.782671069,0.398409663,0.095272043,11.36998171,2.884612222,7.72180584,0.149046478,0.348791539,0.041592996,0.272455212,0.679853818,0.0,1.222997315,11.05920632,0.051987576,1.422275511,0.296909229,0.693876326,0.123008392,5.890308393,1.100284113,1.921952705,0.349695606,14.53418722,8.701107113
1.419570067,3.340973886,4.692271154,0.265498942,7.398671736,10.21732533,4.307914772,2.823426317,0.245062505,0.68100027,0.630435952,8.923895354,4.985698779,3.27244021,0.099570592,0.354524215,2.80072905,2.1826515,4.306679073,1.459429593,0.201204658,9.417895548,4.313726784,5.043944917,4.762425575,1.8518568,0.052794917,2.716904595,0.161806122,2.764103409,0.044051528,11.10404797,11.10739802
1.246332059,1.69412404,0.20539709,0.592541174,3.89159167,0.653615305,1.975782201,0.136939158,1.184798827,0.058656693,0.19836585,5.916225331,2.189789902,1.32172392,0.002320038,0.028651078,0.158638147,1.100082413,2.557886731,6.752322327,0.005790786,0.803998918,2.233616376,3.962257398,6.877869785,1.439671784,0.0019749,0.592858715,0.006363139,1.441299943,0.093738717,2.321886079,1.23241425
0.295328473,0.0,2.227411311,0.0,0.838034564,0.66749651,1.043713498,1.343795356,0.885454907,0.0,0.394147585,0.136038524,0.528776307,1.735269001,0.022898504,0.129976908,1.368751234,0.409739076,1.444855087,0.0,0.158115585,0.695290328,3.092552619,0.0,0.000847833,0.0,0.192428317,0.639373724,0.000656609,1.315873485,0.035467863,0.147344142,0.667623602
0.296273843,0.03241812,2.355114247,0.547272935,1.732989992,1.419760502,2.314417634,1.395649804,0.702100854,0.168994597,1.608784845,0.105426831,0.562713337,2.123207755,1.204166899,0.703248908,1.364698902,1.598849733,0.437563538,0.0,0.036178386,5.267982199,0.162413566,0.029567162,0.008502013,0.118650479,1.490468379,2.043952259,0.131900009,1.017966918,0.531059337,0.150834836,8.920549709
0.431348129,1.307116177,0.527349464,5.732973229,0.505593816,0.288837489,0.876458305,0.0,0.0772519,5.186374469,0.863717738,2.497361399,0.489685296,1.056724543,1.190703726,0.840896622,2.245578561,1.601167492,0.865309264,0.976555703,0.002190066,0.011520763,2.306663659,0.433675743,1.1255116,5.451893041,0.291630952,0.390408454,0.629616472,0.355640703,5.646897334,0.953097496,0.061080695
0.75162523,0.639404596,0.00141068,0.0,0.222252598,0.012510264,0.227788299,0.0,0.234763029,1.072976469,0.229693456,6.879854505,0.033360934,0.011501943,0.019442589,0.095268123,0.003921058,0.166590471,0.001367177,2.648811569,0.001019744,0.0,0.0,0.97780666,1.332093698,0.774158803,0.126832409,0.619172631,0.008901656,0.060944214,0.029515373,5.265027973,0.0
4.473533661,0.062724182,1.371413632,19.72921336,5.897295051,0.0,0.496503539,0.0,0.203344925,5.238893099,0.122091062,6.549425407,0.000284867,0.018230279,0.960197614,0.17964749,1.638448134,2.767238711,8.900638373,0.0,0.003827366,0.004738996,8.594741978,0.006031492,0.01572167,2.681755972,2.278004471,0.0,0.316872038,0.06362827,8.971624499,8.50250156,0.0
2.40064847,11.32322188,0.003475295,5.502027453,0.0,0.0,1.584555212,0.0,0.00745851,10.29344288,0.0,14.0947598,0.000386651,0.0,0.007957972,0.016861824,0.108992022,0.004774056,0.0,0.086412024,0.002713082,0.0,0.0,9.756089042,1.915853341,21.74315137,5.307776629,1.303851338,0.836342147,0.00193915,6.813101167,3.218767715,0.0
0.003130417,0.001562083,0.004546891,0.0,0.0,0.0,0.0,0.0,0.168706791,0.001728105,0.085622533,0.007951634,0.000207667,0.003096149,0.027690604,0.012917609,0.0,0.013909142,0.0,0.0,0.0,0.0,0.0,0.240897786,0.001687224,0.005874211,1.062023848,0.01461056,0.146168315,0.003681849,0.004804961,0.007336529,0.0
9.09488568,2.392413392,8.215143601,11.06837137,34.68901619,19.28962126,26.04247172,3.002471976,0.261562367,8.854493835,5.399736486,26.7341936,0.000543144,2.629652796,8.530752817,10.48056252,13.7418399,12.16210538,27.9359623,0.0,0.58405848,22.41171803,23.63870187,1.376165373,0.004318681,8.014767435,5.452365905,10.88561211,10.98718194,0.316087437,11.71535023,21.68320835,36.11073083
1.451340505,23.19830163,3.076198433,2.699982258,1.068073755,1.853120181,0.95752368,0.005458131,2.174169722,13.1630085,5.30138367,16.85290841,0.495837323,4.700053818,3.271680288,6.407103467,3.580951797,12.63374417,0.269031575,0.92621185,0.54691366,1.242160616,0.645001326,25.39404165,11.64277953,9.644979555,1.494656262,0.439784364,10.04365581,1.027481216,13.30858078,9.772418532,2.471628894
6.108749603,0.010724892,13.11848662,0.0,0.119153055,23.54047948,2.026643499,10.8402717,1.517469019,0.001784502,0.170629491,1.924989632,0.42084583,11.15084849,0.01441745,0.151768,4.599640937,0.872440922,0.137818822,0.0,3.027171221,16.29735228,3.102948837,0.037129167,0.00106086,0.007074412,0.848158153,15.4954183,0.003104651,2.444276903,0.008424048,3.712356604,7.016578642
16.68007948,28.20340348,9.04782061,21.41542548,13.74229658,1.282725975,12.2631171,0.896783491,0.729455706,24.49808255,10.10012242,18.62761885,0.125422672,0.096204002,9.880633733,5.453712426,18.60218215,7.924883668,11.04880157,12.22603984,0.446428103,3.070183495,7.491223335,15.81811735,18.11276531,24.90995639,11.29506818,1.970343091,26.71195993,0.090286648,27.04983499,18.26797275,1.771230984
15.00491721,3.29129003,2.381557543,0.0,5.072905331,4.655812858,14.80384402,3.791837019,1.037439559,0.305414315,1.402041054,18.75807789,2.243000531,6.453648613,0.108930866,0.480897599,1.936928757,3.112622724,9.229598509,4.227556277,3.159680484,4.934702189,8.017517968,5.949847937,5.239765189,0.674690811,0.020199759,16.08571559,0.07182183,3.910650715,0.363584342,12.34275855,13.20863796
3.586208651,0.31329442,0.472173525,0.0,6.691699497,2.475395221,8.184124127,1.793296033,1.995330095,0.101056629,6.697153188,15.82733239,2.128579682,2.184808287,0.078969135,1.833901659,2.593756827,3.468255805,4.284818847,0.0,1.585588399,3.55601844,4.82882439,0.897515011,0.023503088,0.426471822,0.067783891,4.860925632,0.0,3.206756745,0.012473007,7.944274003,6.232445205
3.483393558,0.091595359,5.903690646,4.971818557,6.939805533,5.823901094,6.930091679,0.3563734,1.870619044,0.018950595,5.621831125,4.94776882,0.928028668,6.978497929,2.418047702,4.62080777,8.921566551,8.206844922,8.705049176,0.0,1.823481231,2.011100469,10.43783882,0.87000212,0.002716996,0.032431812,0.420776379,2.325103087,0.055283443,3.174102948,1.566094232,2.507208754,4.201930279
2.825399053,2.030872765,2.569783958,3.413475182,0.567147329,1.596854698,2.482009817,15.7304672,0.551678234,3.834318421,0.185705135,7.052530087,1.995338927,7.857565323,0.0060719,0.06564631,0.065348202,0.037062652,0.413563441,1.045328768,3.957762352,9.299693487,0.035496554,3.020982029,0.553910465,1.941321097,0.309195818,7.726681554,0.809229268,5.756631128,4.705869021,1.950097783,3.975217979
1.203632934,0.004540543,0.866113635,0.0,7.609207435,2.816789583,6.761673587,1.478345712,0.83458649,0.016323027,1.188719247,0.151403614,2.217708552,2.181565237,0.269269763,1.115888997,0.20312531,0.697377631,3.878685891,0.008043362,0.231290274,5.909633416,2.254715978,0.001974277,0.0,0.0,0.094109364,2.598811748,0.021783207,2.199887262,0.036170733,1.367196628,13.40833636
8.39331077,0.02522936,0.1952812,0.076632582,7.965083346,1.5311127,9.736880843,0.019747022,0.478977887,0.062695796,0.090103808,22.68586531,1.365664184,3.602334326,0.003204263,0.078636938,0.167536562,0.095839691,5.518848761,0.0,0.138280577,3.194040404,0.835823847,0.119305035,0.0,0.100720345,0.004088754,1.579727163,0.00036037,1.862632401,0.052706709,14.37855732,5.438395061
0.036909816,0.0,0.579603182,0.0,0.225798841,0.0,0.012914452,0.0,1.169875489,0.0,0.382467918,1.244236975,0.417029893,1.315603286,0.098892516,0.646169403,0.004755091,0.363679685,0.003182974,0.0,0.261382671,0.003688217,0.0,0.015776208,0.0,0.0,0.000941058,0.012392571,0.0,1.098783593,0.000908322,2.527125478,0.0
10.43029453,0.008126773,0.841369862,0.132366638,1.702713772,0.239715957,6.786771904,9.524279907,0.016552185,0.288643874,0.393529815,6.893998081,0.143087379,1.060679065,0.048707198,0.303103934,1.61552007,3.398309703,4.0960471,0.0,1.846496472,8.507558638,10.04308229,0.003674166,0.0,0.0,1.071472115,9.260731724,0.031764266,0.45252296,2.108170433,5.909170617,6.306497304
0.506799894,22.75932524,0.199421005,4.829376992,0.0,0.00107001,0.0,2.451932405,0.303847142,22.09917948,0.433805373,11.45658373,0.967015966,0.497897509,2.472383917,0.493418973,0.50581657,0.24836385,0.0,6.503856161,0.34581985,0.2106844,0.0,17.50916032,10.67595791,20.54519568,4.531083077,1.53167009,23.94526961,0.323092028,19.73403252,2.632260707,0.035269342
17.49592676,0.425902821,22.34836976,14.22383389,25.52400866,15.52298312,37.93475582,14.71894949,0.513219177,4.168092734,20.03432546,12.30148657,1.302586065,5.744397553,7.441958741,10.74442683,16.03646085,16.99075942,21.58964513,0.002422098,1.321112801,34.00866785,22.78069997,1.540166551,0.271215958,2.648838286,13.48523277,17.20812262,0.624171748,0.915426749,7.104177764,18.32041697,33.64363082
15.65552656,13.69480585,1.182281467,22.77265764,1.370283961,1.601770316,8.892996593,22.22903708,1.045202335,24.56536265,8.550359642,53.51699305,0.119066065,2.424039605,10.78461197,11.35362713,7.476894372,10.25458593,6.177976122,1.241274165,3.361028878,11.02264212,15.10993773,11.40414576,3.248358481,24.97255445,10.80378818,15.18508652,11.3481346,0.558800698,29.0001773,32.08078341,5.598816171
2.326033029,7.660899496,1.23826177,0.204567218,2.377243087,2.434514218,1.68867462,1.453871443,1.820570964,3.463597939,0.372767658,3.612173569,2.815010756,3.643295622,0.039436634,0.030877257,1.076672082,0.302868802,4.963650198,0.061838703,1.394481204,1.575903282,3.513496788,6.267170117,0.368526128,7.95845731,0.160948928,1.540052975,0.487585193,2.021148153,1.311215113,0.667675741,1.060624943
1.236854796,0.058152422,2.457231791,1.596435808,0.874627585,2.314968357,0.639485055,1.904340528,2.821903592,0.205161686,0.397744297,2.610206029,2.222336079,3.578016932,0.062868999,0.064712053,0.301731929,0.486185327,0.548316219,0.0,0.910793884,1.58548052,0.982534103,0.072078389,0.00646278,0.041847601,0.172855587,1.31365133,0.078506623,2.121305319,0.778894762,4.225472983,0.179565315
6.881379447,2.771907568,3.172046155,58.60863076,0.672648967,2.583679037,1.266187476,1.502038773,0.952556609,18.91316028,16.89362699,13.84154867,1.936263202,4.587227279,19.34526158,21.08613688,6.544309412,19.36555904,1.256432621,0.0,0.565409425,2.915883457,3.90182322,0.335753138,0.005205966,13.3863158,7.016981219,5.361957148,4.64674572,2.227330496,30.06777581,13.27509951,2.023745772
9.589074046,27.37822484,0.461540366,16.82295463,2.868458419,3.147428616,4.959414325,6.95302919,0.06782257,20.16440408,0.786392385,36.4956652,0.111631235,5.619600672,3.836098125,0.752209828,1.589575625,2.01604687,3.17356841,1.041664653,2.815146522,7.440626345,1.193754713,12.13390016,4.442286342,43.69532572,1.251521851,3.977866139,9.632778726,1.897277497,15.95385332,24.9595251,2.991147094
0.019358283,12.00997766,0.013768213,0.263410197,0.0,0.006327367,0.0,0.0,1.934193119,1.110849495,1.378374467,13.55099313,1.016868683,0.06131114,0.036970714,0.43255025,0.15626069,0.282169572,0.0,16.52081404,0.142802202,0.0,0.0,15.60367836,18.36571488,5.430993133,0.010529278,0.000485517,0.065878424,0.137869918,0.267046939,1.027913831,0.0
2.789366121,0.0,0.016346825,0.004245351,0.0,0.044445147,0.864323444,0.0,1.979936022,0.000805051,0.0,0.068150499,2.159402087,0.563489721,0.005709783,0.0,0.0,0.0,0.0,0.350664694,1.5482903,0.0,0.0,0.015111585,0.988726424,0.0,0.073822335,3.03264239,0.012960502,1.537430935,0.015695466,0.04369194,0.0
9.478955066,1.273005167,0.855016091,0.0,0.026308583,1.67618724,0.760295067,2.520578277,0.320263652,0.331643441,1.738992461,0.06659991,1.876818628,2.853599846,0.00361653,0.116534405,1.362085287,0.692905668,0.645999647,0.011585474,2.336216046,3.025517671,4.765670556,0.039435333,0.001208458,1.517553371,0.203152047,9.768846107,0.570735709,4.120263068,0.010243837,3.330549989,4.447455828
4.674585748,0.034570678,3.038882535,0.0,3.193288583,4.038525912,2.68353998,12.0566236,0.089456566,0.004853275,0.046815929,0.055254287,1.150023181,11.08855553,0.048631916,0.187676207,1.911130327,0.149438927,0.701928726,0.961607454,6.860290517,13.72440766,0.966642609,0.003604852,0.155768482,0.206114107,2.659824322,2.469264277,0.0,2.711064094,0.003839862,1.132211737,3.635813691
1.790044952,0.0,2.616132059,0.0,0.037012458,0.24861119,0.086252637,1.472930888,1.346100987,0.0,0.0,0.059740649,0.73925846,0.696443155,0.011415094,0.0,2.62347344,0.098232872,0.438579788,0.0,7.558498045,1.184746951,1.314848033,0.000798239,0.000747296,0.048880857,1.065440061,1.20116861,0.002250373,1.79087272,0.007242358,1.274519052,0.420175262
2.058978399,0.0,2.300501743,0.05809906,1.612187473,0.374323244,0.291650866,0.047944267,1.565472546,0.023177797,5.700187067,0.178084881,0.281476366,2.746486526,0.801619448,3.608865117,17.11610984,1.59912811,5.92912509,0.0,0.160190727,0.661460694,11.65509327,0.0,0.0,0.004588596,2.301554918,0.775367629,0.018588765,1.119520802,0.069737718,0.29297972,0.026717885
16.97505831,19.22977958,1.114997311,5.034297484,4.587397129,10.23647077,16.26754906,15.79483545,0.230505957,15.65344705,12.04424861,12.03008877,3.109490996,13.14533413,8.611492167,15.95852419,2.317633633,7.337705184,6.617753846,12.96681592,5.278771811,23.66236922,1.975845411,27.7421495,22.28003762,15.25345963,3.653118351,15.45684788,12.33747741,7.771146267,10.10100579,17.48210132,27.52203653
10.08518392,2.300274732,0.010030058,0.105201847,0.801974236,0.219662287,10.76923267,7.96543028,1.587217552,2.916568339,0.677264317,10.07935384,1.317324334,1.998830289,0.071254245,0.0713823,1.550430648,3.189916139,3.288911349,0.129589062,3.212627705,5.555677007,4.025422099,5.332190747,0.342808977,4.955682643,0.023669239,10.34261045,0.010333418,5.245564304,0.017984083,3.75627466,6.036863452
0.049185811,0.004535388,0.012965419,0.0,0.0,0.014488665,0.01490371,0.0,0.415485167,0.0,0.420459234,0.277366564,0.343161577,0.367306594,0.006761519,0.154932714,0.016569037,0.157336947,0.012920561,0.0,1.072503906,0.002811768,0.0,0.001560855,0.0,0.0,0.032919834,0.098275519,0.000964606,0.962864617,0.0,0.112645526,0.0
1.262527354,0.041864897,0.200958486,0.029830962,0.0,0.030807527,0.001044887,0.019672309,1.556946778,0.0,0.072592593,0.004213689,0.264300491,0.386162641,0.007940605,0.002814646,0.051515254,0.008859666,0.297586636,0.002629892,0.923592064,0.005680399,1.05961498,0.002361175,0.003464922,0.0,0.005600963,0.27357885,0.000403005,0.424522093,0.0,0.052405157,0.033865979
9.827130253,0.003377098,0.033089024,0.005965158,5.444367648,0.141149055,3.20481701,7.891980033,4.063516723,0.003764164,0.042726182,0.014391523,2.246067874,2.165634793,0.005262976,0.004744621,0.010884591,0.147008089,1.950941932,0.0,8.973151707,1.134979774,0.387166591,0.0,0.0,0.003382199,0.004718611,10.33795262,0.0,3.710333014,0.055459734,0.276318768,0.064145674
0.348605754,0.0,0.077492422,0.0,0.0,0.013303867,0.00246361,0.02837654,3.782559587,0.0,0.0,0.018886256,0.939316087,1.309711798,0.00221142,0.0,0.093741248,0.0,0.0,0.0,0.887342331,0.0,0.0,0.0,0.0,0.0,0.014636082,0.17504717,0.000807572,1.763766937,0.003282382,0.09829464,0.0
1.280309853,0.0,0.009642514,0.0,0.0,0.022730186,0.029640102,0.002322439,3.222430091,0.002774162,0.429963164,0.014549501,2.624612637,3.964528707,0.004045766,0.159482198,0.008690865,0.116990307,0.0,0.076975035,4.461918835,0.006473994,0.236861934,0.0,0.012194168,0.0,0.005206082,0.433928865,0.003647078,7.663850556,0.000952825,1.980831745,0.0
16.79459546,0.0003227,5.024325277,0.002944831,25.24922264,7.084261658,26.57546356,12.8326487,1.252514573,0.017568184,0.173850603,0.03242137,0.595990501,3.620514253,0.0,0.015450532,2.236273259,4.208295744,13.79987185,0.027619739,2.98949222,9.5587698,4.891827369,0.0,0.001484184,0.010125761,0.295350339,12.69377709,0.001725834,2.391282659,0.011353234,6.869552011,6.967825286
7.901125344,0.025916941,3.786033334,8.482149967,5.266655616,0.128385945,3.072920886,0.691155725,0.178655097,0.106489857,19.09946124,6.69360843,0.57341598,0.89272701,9.558932756,21.60821456,15.7733743,17.83421477,13.30039591,0.0,7.643861432,0.012200478,14.90998328,0.005611805,0.00387444,0.018085633,6.204447008,1.057042667,0.92847674,1.416549315,5.767155547,16.68906751,0.016796351
7.409143142,0.616025869,1.30395112,0.87008666,3.267815152,0.006583259,5.195802661,0.02034402,0.113456683,0.308964957,17.05892009,7.027472104,4.777416293,0.467162727,13.06522327,27.94985987,9.75930609,12.46493679,6.721224839,0.0,8.424309947,0.059243086,25.8840106,0.070501963,0.0,3.05119006,4.746040922,1.27088411,2.981206957,2.95745853,1.459885227,3.483772645,1.893816742
3.813424159,10.35971672,0.033284191,0.115546666,0.10014531,0.465762582,2.782106058,0.105553603,0.132689766,7.598315848,0.620483065,13.36806669,2.902611549,1.721388244,2.292281097,0.406030681,1.020290499,2.033260405,2.167733754,0.0,0.090745197,0.0,0.544464314,5.641973238,0.043797225,17.66784793,0.092109748,2.619251039,3.674095341,0.845425884,0.430967968,1.637999425,0.0
1.441589207,1.589194706,0.036568817,0.027618435,0.078430256,0.00457845,0.001119468,0.0,0.058854244,13.47867339,0.521831601,2.539658029,1.912665884,0.055694122,0.060397663,0.046923736,3.552523716,6.388031467,0.010317566,0.008019932,1.383916573,0.0,0.691080927,0.295083525,0.002715292,5.185766735,0.312761487,0.156440852,3.761023022,0.507455573,2.87893478,1.134407291,0.0
0.259477112,5.773596316,0.043144285,0.0,0.0,0.01580157,0.0,0.0,1.034675343,0.426090305,0.183512045,0.658855695,1.064965967,0.017494253,0.017416701,0.141794436,0.008101168,0.116224737,0.0,0.0,0.927031646,0.0,0.010025842,0.459124383,0.0,0.937282007,0.006712811,0.0,0.064212424,0.335871801,0.001484138,0.114297965,0.0
0.116972835,0.417775715,0.181288937,0.006671558,0.0,0.011395665,0.0,0.0,3.160044447,0.07902194,0.431567413,0.657635903,0.188437848,0.05069075,0.024457997,0.262041883,0.006507937,0.177905696,0.0,0.033072151,0.132355175,0.0,0.0,0.074142224,0.022108537,0.192048155,0.003567797,0.0,0.036240432,1.333749405,0.00221724,0.075914541,0.0
0.692263525,2.521891974,13.29988924,0.0,0.087206882,1.885862552,0.181281391,13.49123336,1.700208745,1.5523812,0.513368919,1.586856025,0.618455631,4.491079406,0.080763902,0.538084584,0.106774802,0.473082635,0.001665449,0.0,1.348198202,2.806763055,0.0,3.133487327,0.0,0.732226454,7.824989555,2.595348817,0.001830983,1.976094007,0.294809096,0.128780463,2.674836761
16.10203892,18.33073668,1.256710077,0.327312448,19.51693221,7.333765657,33.47656609,54.94516945,0.853693555,4.996577645,13.62611205,2.042149168,0.637672553,9.057484687,4.741484348,11.96384874,14.83033613,11.77958935,9.495050092,0.618655266,16.45760151,39.7984595,5.230450827,14.51943144,4.059506735,2.403450936,17.35084022,43.48801999,5.624190112,3.737942343,1.971478228,14.42700649,38.19412698
2.162116137,26.90676392,1.559484725,25.37969472,2.171385947,1.538330945,3.404522546,1.580843334,2.552605249,23.52159004,0.385220823,39.97252033,2.337494608,3.530384284,0.207341952,0.161259677,0.027119038,0.322119356,2.3865266,1.753129668,6.486219947,0.639006465,0.883960788,40.65078047,20.30530719,45.15667895,1.882030306,1.920554123,7.437751529,4.489554483,10.33793795,20.54036354,0.0
1.778523512,0.004181448,15.21930037,0.0,1.719083332,18.61911953,3.330502851,5.882593475,5.08714882,0.005366482,0.190732306,1.341481412,1.633184188,9.756032733,0.0,0.030590969,0.130182785,0.652666942,0.717696877,0.0,2.998652966,8.048936603,0.431916581,0.000552498,0.007114832,0.0,0.139983258,3.623515947,0.001134228,3.226019668,0.003866204,0.192929696,7.053986227
17.08560812,0.001397388,12.25241917,6.534943315,13.94751102,14.88183135,4.770138144,5.647498488,5.367627845,0.001404965,6.195322992,0.114849799,2.954733616,9.39446832,3.983825197,4.961452172,12.7107693,14.7676139,14.36696334,0.027477862,1.286179706,7.299433271,20.75333386,0.0,0.0,0.0,3.201970704,5.287668696,0.017143889,3.829938355,1.245005072,6.62250035,5.466956272
13.1317544,23.37639291,0.437576635,31.16063976,3.133511809,0.32777734,5.404900373,3.70162496,3.949121457,20.48045854,1.036564038,2.705703462,0.715817007,4.836053136,2.649648298,1.533145545,0.910699728,3.208355134,2.351726277,10.43668413,1.47482355,3.259168282,2.786339773,16.80545814,14.78945509,17.43417446,0.519516857,4.047635945,8.753166648,3.6637072,24.72416836,18.38404708,3.798798946
0.213915164,16.23089627,0.113133336,1.987923101,0.056566258,0.047231783,0.005227685,0.0,3.606968686,14.77673627,0.580488125,10.37971046,0.562368982,2.370985286,0.042765853,0.20929174,0.038837945,0.109808399,0.02526925,0.080275811,1.329804286,0.037231767,0.138790283,14.98939651,0.609698958,17.24113062,0.051594976,0.012724414,1.722929322,2.487180091,5.507684415,1.829444175,0.143009125
0.093454089,0.55933361,0.951366632,4.573645108,0.032042456,0.205645165,0.292097625,0.122878274,3.830802295,5.233176237,0.325293605,18.82708092,0.668439968,3.77526186,0.086415265,0.16249563,0.017059273,0.180757824,0.192466366,0.003602478,1.428086739,0.016211864,0.291555469,0.461956661,0.003963233,4.224579637,0.219985495,0.471248595,0.21649735,3.25739638,4.882717628,3.94299744,0.0
2.40764974,0.070312796,4.823487627,0.036468594,10.54778488,5.048922764,9.117270831,7.611094134,4.433519413,0.102828579,1.217190148,3.805443122,0.261777544,4.561560677,0.153349827,0.740346448,2.111860106,2.580601481,2.361059895,0.002305247,3.13051347,12.59316531,1.170474668,0.015033971,0.002629944,0.164378177,3.219930653,10.41904025,0.048872571,3.162312077,0.088721284,1.133955032,19.82250879
9.118021427,0.0,1.475789487,0.0,2.755586791,2.004182071,6.776571672,1.736897099,4.947322209,0.046532554,0.534689801,1.241549215,0.106379063,4.628483979,0.10259092,0.216620535,0.651612012,0.203813867,5.111559678,0.0,0.410474103,3.617150961,1.989469345,0.074561891,0.043409293,0.061311167,0.130772037,7.717243892,0.093416282,2.959320269,0.02393009,4.336848842,12.65740705
9.174170179,0.037046445,4.02872436,14.81978848,6.684370488,2.168392273,10.35778423,6.564631083,0.309973719,1.576715375,6.467276137,6.81483401,1.065479031,5.131666549,6.674758402,6.037385247,7.819851051,7.552604616,5.716183466,0.0,1.319394189,6.038791023,4.031305691,0.036417936,0.001778245,0.99386941,2.514993122,9.225342798,1.628718321,1.663992831,6.243363175,15.13286045,9.468779201
0.776975627,3.893675995,0.019802228,1.004187619,0.018068763,0.100299389,0.27463344,1.448520115,2.989692152,7.004442301,0.388431499,13.93662841,0.840471569,0.316922263,1.004550251,0.276501892,0.02546855,0.393437967,0.041844087,6.133551211,10.20813882,0.111374166,0.004258126,2.508925191,3.665699057,9.938977211,0.106660869,0.784503143,1.031074454,4.304051607,1.340436392,4.823641191,0.19897193
0.033330168,0.184047038,0.581019754,0.00455073,0.0,0.458844114,0.002000297,0.628966094,1.068565944,0.101910785,0.38886011,0.539914647,0.916819912,2.423882123,0.400964151,0.703347722,0.010538386,0.373120957,0.001485715,0.023199871,1.757033747,0.562136875,0.0,0.625033887,0.238209999,0.006439202,0.128876061,0.158554549,0.063616209,2.319045349,0.214072594,0.089832284,0.0
14.58689606,0.0,0.376923542,0.065591253,9.191264108,9.251382508,25.77164983,19.35208956,4.442812296,0.001052732,0.219807535,0.116467538,0.435562381,6.673525722,0.283321289,0.02289995,0.020093561,0.023316172,5.357856705,0.029557521,8.989329502,27.67161497,0.366634198,0.003167099,0.015881065,0.0,0.040585368,22.87741994,0.014269364,3.972843826,0.095069624,1.34916092,52.22893753
12.15368803,0.04163924,8.658604354,1.463252092,4.225551949,1.77264497,12.4041345,5.064759474,2.874066231,0.051204205,0.710242361,1.076249199,0.38738534,3.962842572,0.113595819,0.42341046,2.157324798,1.577946003,6.986565422,0.0,12.64818566,5.716040503,2.30450055,0.019094067,0.051925903,0.403370359,0.898028412,11.55346552,0.463819337,3.703930742,0.148920357,5.68784452,10.40229485
12.02050838,0.687643653,0.30214792,15.45567725,1.231569727,1.040584418,7.638437639,4.186687863,2.765516634,7.162272,0.511874911,5.733713757,4.056669541,4.221979098,0.25765488,0.65994157,0.111584886,0.584986219,2.132793641,0.0,18.11289242,4.928896118,0.683669334,0.749346685,0.002522425,4.136201163,0.030849107,15.18159323,1.234471646,9.322932235,11.07373806,6.484915061,3.696491633
3.113761192,10.99194225,0.239920782,10.69400768,0.0,0.135494816,0.204310338,0.071856524,2.149424649,11.14144715,1.273966622,34.83645751,3.334338996,3.835899965,0.452314089,1.196301216,0.032266443,0.927482124,0.219011932,0.0,3.21574851,0.04407604,0.270044488,9.657948451,0.003489013,22.89830173,0.100730054,0.25837496,0.79265328,3.892071808,9.311730987,18.21864652,0.099824605
4.074761004,0.578477632,0.636232513,0.039140965,6.144394953,3.466491402,10.53824595,5.913465574,1.478182163,1.521447414,1.90648842,19.33204373,1.762814727,6.744462232,0.931237144,1.720488053,1.619158837,3.329068726,5.920088802,0.0,7.448480592,10.27277705,10.444497,1.423912094,0.200535317,3.067180944,0.099329735,6.209381975,0.111474845,8.171323375,0.103573521,5.955026524,15.59291215
0.6734925,0.14035027,0.164912306,0.242774486,0.0,0.056789175,0.138800281,0.063048716,4.290618034,0.113985509,0.371928753,18.08033572,3.893953265,2.318663026,0.238577004,0.522189421,0.003087625,0.28175219,0.016879141,0.0,19.20968958,0.062670017,0.003650002,0.177241963,0.017813041,0.214371854,0.003522762,0.228175526,0.01312398,5.260046422,0.116891655,14.00635008,0.34084765
1.888743546,0.248675288,0.288391833,0.0,0.0,0.30636189,0.002319281,0.103530379,1.702896394,0.042854571,0.291374874,18.37119609,2.779655293,2.566106179,0.062843534,0.060864726,0.008946962,0.236036889,0.144366015,0.021317324,2.421542056,0.117107106,0.159747021,0.026277794,0.013179191,0.169312777,0.787291925,0.183148439,0.139990287,5.123414743,0.056186599,6.795708928,0.023199342
3.382743195,0.04643917,0.046007154,0.006844131,0.037254486,0.033330281,0.114094511,0.049051082,2.133288119,3.463647895,1.055915161,14.5831761,3.361600773,1.072694889,0.135598661,0.831886401,0.013507284,0.477471002,0.039533531,0.002063309,12.99099297,0.0,0.013321676,0.015161987,0.03566756,0.494380407,0.640596822,0.195484739,0.186668068,6.646029154,1.993755179,7.114186967,0.0
0.564142795,0.599234532,0.363935446,0.007311137,0.0,0.297531196,0.021880252,0.0,2.509167311,4.962883402,0.168960515,16.5620885,8.345010681,3.438886196,0.021832251,0.214811358,0.822287739,0.14805042,0.003394108,1.257878776,6.45554787,0.0,0.493970869,0.347752079,0.3570799,0.070867783,1.238288277,0.05610153,0.783106319,8.229826088,0.013052808,6.261968989,0.0
5.209978776,0.493181665,14.350517,0.0,3.872637969,1.21812802,3.389281685,2.336856471,1.354441078,0.381036345,0.525370552,15.01967005,5.087816276,3.081847916,0.617181989,0.453295541,0.777446955,0.631492065,7.282089547,0.0,2.318200724,3.123608342,1.576387604,0.075234798,0.001439107,3.517139926,15.07262248,11.53854338,1.551064356,4.441144089,0.232169994,5.604152471,2.734511503
29.09257398,0.0625826,0.126832121,6.805314834,0.919709272,0.079860162,6.730477758,5.029000752,2.995483132,5.249780904,4.575714121,33.03312594,3.335316433,3.772615575,4.092797772,4.040119928,4.242290319,14.51438894,3.356676027,0.0,13.9221287,0.625322127,5.912023951,0.390793467,0.002873198,1.310269616,2.360632173,19.09688391,1.66827296,8.160983561,2.886884567,32.61865557,0.21411529
1.848093327,0.313223721,1.456080905,13.27198597,2.964703006,1.804343649,1.664378563,2.135677856,4.848238832,5.666876893,0.573779825,27.50908675,4.976468094,4.538906388,0.502214312,0.523708892,0.91791838,0.622894787,2.157025424,0.027757048,8.946930183,1.121474942,0.690724172,0.271047213,0.026840171,2.500375222,0.148356448,1.320743616,0.559149419,7.358440923,9.43462032,11.43904454,0.118421292
5.871268348,31.17887131,3.584318683,2.465420521,21.85834242,6.772261349,18.9936019,16.58062204,3.988624823,18.54922618,3.95296212,10.59934796,3.500522011,7.540620597,0.364300399,1.269136694,9.772860839,1.120898478,13.36028202,0.750327459,9.329112513,16.29742273,11.12433403,56.89809636,12.6422116,24.08794617,1.667559528,9.080143829,6.10360262,10.03405579,6.72146872,15.63269532,17.08698413
16.53759613,33.84557894,2.467217233,43.75792141,1.234224683,2.115906891,2.6895311,6.589471072,4.777992748,12.90520532,1.023191116,8.166958235,2.544940905,6.91089285,2.659037612,1.300429389,1.218361928,2.831693835,0.95709234,1.185691938,2.471975088,6.650970597,0.657606233,38.14562502,3.364198061,21.53060265,0.94733212,4.242271332,4.619789138,4.458044946,35.53377518,10.52709953,6.301678843
12.85848148,19.9621527,4.742419669,6.13056964,68.76416223,6.083027257,46.6834015,8.163146435,2.895043084,10.20455172,27.37456399,0.555796992,0.983232921,5.877027155,5.498808643,24.77428248,24.16537347,31.86312568,52.79227121,32.78360327,0.961732053,12.44512814,36.63227003,4.320808275,16.44534269,8.496572839,10.15931105,17.75114573,28.63049116,2.69182144,13.69548034,3.35869358,31.36582405
32.5733023,69.54759242,0.471067033,110.8742275,0.82690804,0.72221279,1.187237719,0.544491221,3.126405663,92.38474113,4.531330411,2.534871731,2.27398548,7.523944087,19.69237296,6.876090735,2.333399095,13.66083142,0.731580375,45.7896699,5.892596731,0.389128816,3.868451864,32.94695254,20.14508675,44.93421579,0.85511138,5.959164463,27.82663919,7.899130156,107.121996,21.94906322,0.01005515
11.35441524,18.07312354,0.190394317,6.866475766,0.053762603,0.366471886,0.947493096,2.86100207,5.108405229,55.55313115,1.431302787,13.74304892,3.154039216,4.637878667,0.194848687,0.055986652,1.037863234,0.308815084,0.261603775,2.981731001,7.734267753,0.853616927,0.038926079,27.07290673,6.747598347,55.2688493,0.078939684,3.531111909,2.291254671,8.632342896,22.7603601,11.25258114,0.057389607
5.221670707,0.966650505,0.868515773,1.659271499,2.57483736,1.358871134,4.549778094,1.431776709,1.179921861,3.657878776,1.253294927,37.62625517,13.57782456,1.767081591,1.478100686,0.640145708,1.661666392,0.869814086,1.4926499,0.063384837,14.47594148,3.569202129,3.455157602,2.003127767,1.495558879,4.297098084,0.358351762,3.205610082,0.166427488,8.111045339,1.811874655,27.71739508,4.335777855
1.630051992,2.070586763,1.026215107,3.644535302,0.351230922,0.392556735,1.253073662,0.194676701,2.820314569,9.196597538,0.839353387,46.88979843,7.489621048,0.25065204,2.090348016,0.378783254,2.96147035,0.577076969,0.154787668,5.17949234,0.233056703,0.260674287,0.472557457,5.825888084,12.62356375,10.63113788,0.477829814,0.617981561,6.076159811,2.323487755,3.396945238,28.69733191,0.384616738
5.598919339,3.466338603,3.263919051,4.476011599,8.689266533,10.40783449,3.067061056,3.143879143,3.981442091,3.569957968,1.95271452,30.03457256,14.96943655,7.190226796,0.306290341,0.957287479,16.86320121,2.706257579,8.754776825,0.178957248,2.741523411,6.434803516,9.376444613,7.755995403,0.193305933,6.192790331,1.417343603,1.355417345,0.403969604,9.948641196,2.092799364,16.48081047,6.217272463
17.15961661,30.42138915,1.688913467,33.49767903,42.37727069,13.56502111,39.28817083,12.37486959,2.969470835,38.04907414,2.564594023,21.45130262,4.492739046,6.407902624,1.513975806,0.394615063,8.890846246,25.18064252,34.51390423,2.15770541,3.298674288,24.93244295,29.4730265,18.64497029,1.554190291,52.14050862,0.119290419,13.15255983,3.444879905,5.847165298,26.50494386,19.07212539,34.03416588
18.40035206,55.26988028,0.657315283,116.4917273,11.25421223,2.516080158,15.95581294,0.867518221,4.34754776,61.22789707,1.876033789,6.082142099,11.80962744,4.577944926,44.63193649,10.66615694,6.94339496,55.98049761,16.01402824,9.598435391,1.739716288,4.048833289,20.26888979,41.06557141,29.60068578,47.71954126,8.047120496,12.73312764,86.68964289,8.513492394,96.27739944,14.25676915,7.111347608
35.08356808,31.84654618,0.219893433,65.9045171,0.227833558,0.251495944,1.753788541,11.26665705,1.818571887,54.96100503,0.309012868,3.074046105,8.728954174,1.754338644,6.648894128,1.179960316,0.065531663,1.152203707,0.0654834,89.68211516,5.96537072,4.217811741,0.162888967,21.09894912,72.53273298,18.19498388,2.822547351,22.56638899,37.34210495,4.640984601,70.23019727,25.6002659,1.428828161
3.791643762,52.09198725,5.625314969,0.28412022,0.193395346,0.072915416,0.063361132,0.231799527,1.774955481,19.27813455,0.331100116,14.76303385,6.177121675,1.573062163,0.157248463,0.600322277,1.007218751,0.424023465,0.018754334,9.079702576,1.612771846,0.045502217,0.037196484,54.22268531,28.7802171,47.64390997,2.870195612,1.935468103,0.162931738,3.123722584,1.121138074,17.71594812,0.0
21.3236719,26.30424461,7.657099641,45.21459597,1.620281183,7.029998087,22.1101209,24.90663096,0.220262246,32.16803939,2.455898671,23.33024656,3.235656732,8.16337929,21.7895963,6.183041563,6.152116188,12.86027805,8.633385503,9.390258229,8.640566388,13.8486333,6.612913113,21.22261393,7.166504904,28.13634012,12.89338094,20.30235881,25.91130795,1.699829111,53.35912334,40.06449767,23.0495137
0.205706603,63.99556412,0.666242519,11.85869186,0.0,0.268599016,0.232774924,0.0,3.162543075,77.75674697,1.954881254,24.33763181,1.650106384,2.88631323,1.952480214,0.617459031,0.026959824,0.282795663,0.298376279,33.61105796,1.070149988,0.346866078,0.192061669,41.48558584,36.65969413,74.00404331,1.236351593,0.168703709,23.39527446,2.549896312,41.40444512,20.3405004,0.403202544
2.317242296,0.3654714,26.67615586,1.59244636,3.906862171,13.97728596,2.272200065,0.266307562,3.322311452,6.179926958,11.35570992,0.815586215,4.937997749,5.732151144,5.436711774,9.885170701,9.671616694,10.36278053,8.916988033,0.421155065,1.107058146,2.351853641,8.180199738,0.539997957,0.145931499,0.630860943,11.57479219,1.266253004,3.636692992,4.062282274,6.282134036,5.30925903,3.301666369
1.412949691,0.045051604,0.726426618,0.312418792,1.996933312,0.187329894,3.229739961,0.721895729,4.361372708,2.332584533,82.51225536,0.016044059,11.23237154,3.27753489,17.26806197,44.36826583,30.04818442,32.0261142,3.366182255,6.529897812,21.71072449,1.780696025,5.263994057,0.103534875,2.154520902,0.049472745,15.93990754,3.276326288,20.7457948,12.82880916,3.900295128,0.751703297,3.649780374
0.781169362,0.078390903,23.70255205,0.022457791,5.192087091,5.165747231,1.78898661,0.769061676,2.443548295,0.065126029,5.002917841,0.044421677,3.316427892,3.568991606,0.115304643,1.005571741,12.3067597,2.187183677,15.38487275,0.061791094,0.819223479,3.166926348,13.36981553,0.064142377,0.094655524,0.002897674,18.83036789,0.313478388,0.015147928,3.848501724,0.04836449,0.041660892,2.630718541
0.609551039,0.033576027,0.703818199,0.052550777,0.0,0.334085125,0.024915481,0.0,6.584832301,0.003123885,14.02772312,0.043807587,2.064964519,1.543540826,0.418513882,4.915370652,8.306744138,7.296868837,0.133224132,0.003112328,0.068315661,0.04278301,1.145620563,0.08981351,0.023836736,0.0,2.959085962,0.09081024,0.612951645,2.782284918,0.056160355,0.139377157,0.009305271
0.20590222,0.0,28.01486535,0.095127378,0.075372276,4.810342895,0.035856836,0.023375034,8.074109057,0.032301206,0.071671404,0.019534297,0.566383227,6.493713442,0.003841305,0.006026369,0.009767269,0.012098827,0.070403434,0.239268935,0.152915507,0.308425871,0.093941485,0.0,0.001883417,0.006594674,4.966570219,0.227029989,0.005225574,1.226542457,0.056078563,0.032882778,0.266549475
0.204712685,0.001188668,19.07911778,0.122172119,0.068496911,9.69323801,0.048171307,1.466635092,4.731942355,0.035033413,1.626834253,0.047181113,3.130643263,12.44281953,0.272830039,1.145265974,23.1161966,0.718449382,4.402841582,0.004414104,0.36903548,0.4516899,9.26102245,0.016633952,0.002404204,0.011088687,12.89012897,0.759886463,0.0,6.390878998,0.033683866,0.004979571,0.197594686
0.768712656,0.031564246,14.01625267,0.004276548,2.280133103,25.89521867,9.807618612,14.54914405,4.741837291,0.011317392,45.96270429,0.013057398,9.831541092,16.5840423,16.79461017,55.26334863,7.937740155,14.29995683,6.263658881,8.333719553,3.657926311,25.9502039,3.365893558,0.126323997,3.638207288,0.050821092,20.74472551,12.81089792,2.756035467,8.918392721,0.098514612,0.139133452,17.26610936
2.529063673,8.154721386,23.17143664,0.008295222,6.866041539,32.16629987,13.05706717,8.403911508,4.592580671,5.63586757,39.67453022,0.60276276,5.23733336,13.98399569,9.939695587,22.26609413,11.43278707,6.26088607,3.181361469,45.03237503,5.572038104,10.99262321,1.56384131,24.8975613,65.9565752,2.580541419,13.63519969,20.82471719,27.6515466,9.532448871,2.663305411,0.31644211,8.529888556
6.614201242,6.752642289,6.054065677,0.853367188,20.0972787,0.549025376,31.44772695,10.498713,3.664644233,3.421902774,26.25223131,1.042436857,11.24582099,1.651576505,3.623575539,10.17642804,66.25901006,24.4983609,42.17490933,21.47391542,5.349288951,6.899112134,87.04165057,32.47104734,52.67270869,4.393537503,14.13889748,14.75406899,16.02091184,10.21333662,0.942387256,0.616493749,6.132862357
11.90051711,16.8981662,0.26741533,0.0,1.03399132,0.061856166,9.267335803,0.080461103,13.33166276,13.25604758,10.82045291,0.916292773,12.26765831,1.898070315,0.760072951,2.362689362,3.888749574,19.29696384,5.482524233,1.832664052,8.28000209,0.084726276,2.783487075,23.54148803,26.71061766,21.02366662,1.334907182,7.785794808,14.88793428,5.240328545,0.298775266,2.381762343,0.303354706
3.082415634,72.86545315,11.25956132,4.365560761,14.84246106,18.4612995,11.67986735,10.5542161,7.516644864,8.583047776,48.18885675,1.466031414,3.481111369,8.240498599,23.64321066,53.70900948,27.87003104,47.5965531,10.0327387,29.17382696,2.469931767,26.68409163,5.248648096,55.24420918,9.192321961,23.08322431,5.256871483,8.653796984,50.44005846,7.902927173,38.87743486,1.748744496,34.60137206
2.226621962,17.96828266,18.62564292,2.22926111,61.40526656,38.33630253,32.59183524,23.10611789,3.742753171,5.78085435,12.930917,0.413916565,5.110195934,15.71010852,19.4123022,17.33251328,17.20493689,27.5500252,23.92573326,5.945439333,10.01251209,25.27900783,14.28249428,18.91057518,9.197752621,9.367658429,34.64238706,7.979206409,52.72500872,11.41247956,2.962927909,1.899422821,36.09749135
0.181826703,0.137774734,6.831059883,0.241095113,1.409854679,0.810050669,0.459411728,2.23066412,4.012497575,0.044434536,2.398255409,0.070322949,11.30480615,2.859069375,11.61495934,2.744109584,0.088070611,3.776520552,0.283196213,12.05816938,3.78362338,0.153626359,0.0,0.351884155,0.834067195,0.025773646,20.25874529,0.153824031,4.401473789,7.985806338,1.200266831,0.398480467,0.123262499
0.095902164,0.055376042,6.495415918,0.006207474,0.0,12.89099716,0.001720051,0.058219674,3.455559141,0.005494044,0.285360013,0.90051275,4.587673896,7.54084527,2.40244339,1.046598291,0.038234879,0.082781305,0.00425885,0.118094139,0.814979184,0.00517914,0.0,0.060662395,0.062094115,0.079773826,13.34453876,0.001398707,1.140172414,2.035002157,0.00130679,0.14373124,0.0
0.046625162,0.069882695,28.14640467,0.266801192,0.0,21.98814574,0.0,0.003843798,1.243059064,0.059178293,0.825994789,0.21104181,6.299265679,18.49853297,0.168978064,0.948716698,0.075079116,0.212292425,0.0,0.028468052,0.651302213,0.137510042,0.0,0.082848434,0.082407184,0.096988688,23.67337367,0.0,0.205196498,3.52091512,0.091259807,0.087245602,0.0
0.060856293,0.006844769,7.815004955,0.042598847,0.251138416,9.704724226,0.010667375,5.104566158,7.826100326,0.039705675,0.980749527,0.522350688,5.004674398,13.64429507,0.723986002,0.837130805,1.37702854,0.34074488,0.918084288,5.603459735,2.280945976,2.170936976,0.078354658,0.019150653,1.929390112,0.159345262,13.88795463,0.021416807,1.056871678,5.236779739,0.11350052,0.497360577,0.0
0.223713054,0.012819549,9.428071287,0.021764763,0.0,0.487631686,0.0,0.007655604,3.133273726,0.090569433,0.319188445,1.844795194,3.735360242,3.919006902,0.173916335,0.340409338,0.591963448,0.213379787,0.061091791,0.090033988,0.12184184,0.006506809,0.40950524,0.042537951,0.042958196,0.008416835,18.524502,0.188352959,0.031309464,4.425633115,0.005597915,0.57952224,0.0
0.11579884,0.248716042,8.085565734,0.00594344,0.0,20.16022689,0.0,2.866962213,3.874703122,0.011650732,1.32095861,0.131704675,6.233890214,14.24518176,0.16305663,0.748662113,0.549223621,0.469703793,0.091071552,0.75420986,2.262786788,1.056711681,0.284722037,0.062750351,0.173572775,0.22447073,1.640464358,0.02032772,0.049097114,6.628183736,0.013966644,0.149164213,0.08897986
0.14505366,0.033658302,2.320364696,0.108962198,0.0,3.677888112,0.0,0.187154936,4.099604271,0.010471732,0.345415965,0.015146845,13.06631833,7.340809688,0.001962035,0.035087156,0.020175046,0.079924392,0.025161282,0.178552201,7.813854051,0.003177807,0.077331718,0.050351247,0.004393828,0.0,0.352889849,0.02028452,0.037867559,9.921089251,0.02897922,0.016427148,0.0
0.023059543,0.023982047,5.254660058,0.0,0.015123488,13.87847183,0.003299364,12.78756476,9.082042755,0.000640276,0.365230396,0.136840044,3.689847382,5.125874772,0.0,0.033772514,0.03071032,0.051519478,0.01077629,0.0,2.522466746,2.516746666,0.004715641,0.044619893,0.006489589,0.002814435,0.139964429,0.04701979,0.0,3.293332579,0.011914866,0.002895397,0.317540518
0.044548906,0.0,10.1932792,0.0,0.149313391,1.665105729,0.016468042,0.0,6.204520738,0.000719926,0.026077366,0.05554306,2.732504992,8.562324098,0.0,0.0,0.0,0.001217966,0.005522895,0.015292772,0.036988236,0.057057672,0.014949859,0.001600489,0.012234815,0.00489871,0.483517258,0.0,0.001853507,5.550907935,0.0,0.004374658,0.039944951
0.025502643,0.112280761,18.71968894,0.0,0.109739688,9.352936292,0.02926331,0.008694389,1.868693239,0.396086929,0.383178288,0.059806192,9.226336001,32.05004994,1.885751131,1.170592713,0.001225957,0.223504003,0.001591692,0.0,2.667647677,0.01271754,0.0,0.020141648,0.021703224,0.0,3.561611788,0.0,0.005217196,9.967322297,0.012009457,0.006841433,0.054670324
0.201349759,0.033308746,0.087027293,0.0,0.047419727,0.248635242,0.166462905,2.233660772,3.999714902,1.158816948,0.619274905,0.30033643,5.276706977,5.756189212,0.388473155,1.641852345,0.054707343,0.618163731,0.192907561,0.01792811,10.61057183,0.192204387,0.483254734,0.907031165,0.016337359,0.002706018,2.041316698,0.069447826,0.343381609,3.636798327,1.511390094,0.732672245,0.0
3.179961284,0.55297683,0.608560574,1.886145948,7.937067425,1.149391041,3.538259377,0.0,10.80867107,0.799821432,3.325725988,16.19932581,2.240382185,3.52207378,3.584518661,2.544102879,3.271600117,0.732519232,9.245615606,13.28681944,0.805069465,0.299998561,4.66683037,4.290457091,4.45196896,0.010171889,3.113024201,0.316354772,0.220230487,5.072938899,0.436389326,2.341526481,0.036122943
8.158940552,15.61924239,2.457357057,7.83612081,1.076046918,1.728407244,5.035880358,12.70333226,3.196647935,21.15876372,0.728195576,49.51877613,5.685870154,9.870730272,0.06645073,0.281600708,0.156164461,0.144612508,1.634893498,1.209306716,1.81522784,11.26739066,0.018562138,5.095476451,0.969307515,22.23418643,0.433742374,12.64025918,13.80460545,8.703162527,19.62000685,19.22413057,1.629764559
11.34056055,5.839154434,1.158530222,36.82981426,27.46256635,5.316731667,11.47090747,1.113319816,3.994101952,7.233452155,0.401846265,9.94790067,5.291196769,4.208338925,21.08467663,1.103391118,0.082982024,2.17641303,5.791124946,0.045208567,11.08340967,1.455566924,0.582078195,0.266470537,0.003127201,13.90026275,6.261152801,3.417996226,20.54248904,8.730434474,15.34728444,54.57779101,6.202066234
37.70522929,0.265358338,4.117325034,2.01290526,0.640463333,0.862210072,3.355094132,0.791748663,0.307225543,0.065702641,6.971153336,0.852929777,9.551049423,9.404589169,13.21005704,11.59210082,36.43407454,18.71497358,6.917687263,0.0,16.4869749,1.080302207,43.07572891,0.047602953,0.013117308,0.017602878,10.67635019,0.780070988,0.791683259,11.12850382,1.984408789,23.73600478,0.37298556
28.65240382,0.670855754,3.901654779,0.079426741,12.23334275,0.225255984,45.37062029,12.51568405,0.348173377,0.230936929,4.483343393,0.610300272,11.62899821,1.671474133,1.587359527,5.014340033,12.98377571,3.881390104,69.60567327,0.0,14.10067612,0.386019892,22.91487249,0.123203306,0.003474489,0.147712241,21.43238352,20.286898,0.076340845,5.174012651,0.032888782,3.479972075,0.113694058
4.958943161,0.003602346,0.596065738,3.143918435,0.0,0.064242305,0.007910054,0.0,0.014475754,0.606625018,20.90077768,0.694496628,1.306522818,0.289128956,13.88037614,15.22035562,8.506941446,12.92322975,0.179892572,0.0,0.758136772,0.0,0.558581185,0.230766474,0.002303613,0.0,6.625728087,0.486836264,2.613489976,0.162583343,3.394744004,7.693468324,0.0
3.260829346,2.068800991,0.05984149,4.018620927,0.0,0.007383022,0.033694206,0.0,1.164971706,3.527872215,0.0,0.651141062,0.2328415,0.196256907,0.280554036,0.202699366,0.533212698,0.511911413,0.018088649,0.639946563,0.23325706,0.002141885,0.309294519,0.665168694,0.50572657,0.186240021,0.055499002,0.637085495,2.995171263,0.039417474,2.09071782,7.133164981,0.0
6.350410502,0.031576309,0.436073974,0.155828978,0.033383678,0.081213356,1.057154809,3.214885216,4.699360914,2.981363836,0.151972246,0.123894478,0.058684095,0.526901232,0.0,0.146205019,0.466690173,1.261613564,1.022227,4.003276683,1.56755844,2.43270954,0.727185564,0.166313478,1.134125737,0.368570197,0.038143329,4.935323143,0.604613458,0.867103076,0.065705202,1.870908115,0.011045997
0.749737684,0.011913748,9.751929363,0.087134076,0.117385438,3.784497832,0.106075107,0.46586221,1.495035455,0.152522533,0.006922974,0.029163649,3.867548588,9.043657262,0.003074732,0.004332341,0.359889328,0.094345575,0.101746013,0.0,3.776171136,1.376183212,0.032672396,0.081902422,0.017904264,0.004721472,4.535656046,0.644418378,0.052602015,3.884163765,0.016154791,0.193520805,0.194651352
1.155878338,0.009693472,9.256820477,0.0,10.43733761,13.83494809,6.014229815,8.923481705,0.172741251,0.014175153,0.315555525,0.281420703,9.659972583,12.83576444,0.219582655,0.047623885,3.044849917,0.253332881,4.503895083,0.00892289,12.24152681,6.816552751,0.843653721,0.026538232,0.00626585,0.002937245,5.548885054,2.576910174,0.004000723,4.651205924,0.022282277,0.130244711,11.69815538
2.448983466,1.508421826,1.400823596,0.0,0.690488444,0.121922995,2.162240227,7.944138707,0.292102691,0.021460727,6.928876845,6.423235341,4.086963111,0.219074369,4.038609811,10.18041591,17.78936797,5.082352751,6.097693497,3.942280923,3.199208171,0.955957701,9.897344855,2.90978299,3.04631701,0.005306364,2.757517713,10.38578038,0.019046318,1.726253279,0.04128185,0.847277648,0.651672571
2.57127191,1.074089661,0.429119805,0.124020852,0.025828339,2.087930251,0.443194863,1.392190517,2.68824005,2.26427276,3.298711751,1.125068483,0.527437857,0.407275804,1.707454324,8.522432789,0.678397032,0.837805034,0.126278691,0.0,8.347724929,1.363076773,0.009908512,1.241169447,0.097675095,0.410904008,4.964076583,4.584099966,7.071478412,0.688767995,0.471546162,0.60693953,0.296009707
0.618460417,1.704405754,4.052526344,0.0,0.062122429,8.103247139,0.06581474,4.258665665,6.617123995,0.016834051,3.687840384,0.446821834,0.597475846,1.620158513,4.440434553,3.263137213,4.531434805,10.34661723,0.039225137,2.861602871,3.862123944,0.488171839,0.005810149,3.813407202,0.929464148,0.004649121,1.932150498,2.884983755,2.325734904,0.794724139,0.085088182,0.170330338,0.355058445
0.052317297,0.109204369,4.257321869,0.007278148,0.014971236,0.848876456,0.184644698,0.64296081,5.44174565,0.028733954,0.0,0.090522166,0.140181512,3.288462074,0.003305969,0.0,0.142049658,0.055730898,0.081099234,1.154840884,0.403556136,0.093066776,0.035660191,0.975913159,3.290016155,0.019223952,1.566753296,0.551675972,0.046229761,0.969039307,0.001808912,0.007723126,0.081888163
0.249032642,0.01088641,12.92169789,0.0,0.122282284,10.74188928,0.264128981,3.886047312,1.024085602,0.002290857,0.0,0.063403504,3.319237751,15.83125071,0.090912321,0.078721519,0.047049595,0.013749297,0.022295246,0.017495781,1.76138335,4.544462083,0.014669404,0.004870358,0.003612754,0.092480969,6.352582525,0.317389257,0.004111375,4.272006351,0.010628328,0.00863059,1.625751638
11.79309729,0.0,8.103805767,0.0,2.105015835,14.73811571,6.206763011,52.33652451,0.088241041,0.019147753,13.75756111,0.384057781,15.27619877,7.500103625,1.422842331,2.931784769,3.331905175,4.747325344,7.038371731,0.126007698,17.77248673,36.62483717,14.42775435,0.0,0.02140314,0.005986039,0.896462352,17.06408117,0.394907218,7.992970393,0.082220961,5.642353833,15.84363715
4.820147203,3.637292638,0.124528455,0.338163684,0.339120233,0.33007065,1.251213292,3.308055072,0.174228683,0.448015234,0.140286721,8.526696891,5.856912609,0.503964837,0.074455973,0.008648512,0.013254779,0.05045695,0.250595512,3.56068736,3.12925163,0.838465648,0.048914576,5.504824427,1.245655404,1.868070267,0.00518465,1.614216832,0.014703887,0.60181653,2.887615694,11.58219655,0.0
0.106111871,5.300877077,0.059277315,0.0,0.088638522,0.088793005,0.013513171,0.0,0.088506699,0.585784715,0.836947522,13.08313039,1.097834305,0.294343328,0.108898454,0.178884492,0.084306889,0.294216542,0.125266363,0.47269228,0.070740402,0.004112331,0.088497243,2.789618943,2.316139073,4.050124905,0.04275555,0.206356493,0.119161752,0.505507879,0.02447036,9.501918847,0.028901527
0.857394461,35.22224939,0.063193043,0.095425528,0.100479462,0.092463413,0.504156768,0.0,4.114457743,9.079500277,0.050830016,7.030632971,0.10329994,0.185868001,0.015674044,0.012375817,0.779716726,0.184493334,0.237615731,10.18654473,0.076359157,0.003947381,1.162782857,18.44471562,15.44659831,22.11406443,0.037192848,1.127970723,3.03078852,0.113820014,0.970492893,5.520941901,0.0
0.403403236,6.091328448,1.491204654,0.004680648,0.0,0.326490503,0.937432711,0.0,3.460636755,2.556911516,0.0,8.630629177,0.9193433,1.762112758,1.847466713,0.0,0.211955174,0.011003593,0.317767293,1.237307621,0.126497819,0.08537018,2.943217285,10.19266181,5.156376699,1.964724914,0.631963234,3.052991333,1.56460518,1.517672904,1.462167707,3.923988866,0.107290977
0.635515321,1.326058928,5.103167985,1.713466467,0.379890172,5.743661519,0.32356103,1.213748596,0.770370939,3.841989851,0.0,4.344723599,7.703950205,7.364212694,0.002819841,0.0,0.000748529,0.0,0.12629716,0.989458855,1.293432277,0.531348089,0.041123698,1.694553788,2.036493417,5.251868789,2.428176851,2.034241671,2.304851626,5.878274347,3.74241124,8.283201364,0.0
2.409364771,0.007775515,0.748061077,0.331653641,13.45820135,0.113929331,7.41982001,5.118010783,0.606804351,0.360430945,0.2674469,3.641574332,6.550458212,4.268719096,2.242357566,1.804787893,0.014711484,0.840412158,3.583393236,0.965341618,2.49003054,1.841034457,0.219005963,0.381066583,0.025974589,0.077025469,2.091536927,7.144479482,0.171016267,5.425840102,0.408883113,13.72158461,0.482697232
3.144330119,0.285094605,2.235896796,0.067873687,0.641626805,1.318464468,0.967103127,0.256372091,0.450076838,0.369276111,1.435259619,11.69998282,6.738517418,0.938528741,0.38018423,2.440329353,3.297099027,1.590390144,6.06150714,0.281314582,3.414527493,1.772730491,1.804798626,1.631418123,0.931990437,0.010339259,1.131933112,2.189036755,0.021284901,2.654000171,1.581527797,11.37385879,2.964614281
3.663297826,2.54049835,2.315231826,6.102036848,5.328800267,0.46977125,5.744623676,1.931932302,0.143578579,2.168801281,3.763623707,8.579771718,5.41619268,1.5595166,7.24424001,8.194658475,3.290353608,10.93202704,5.887876029,0.096819725,7.990336033,0.863709421,5.284020179,0.144352336,0.023497709,2.091414356,7.74204032,3.359706759,5.092814201,2.9643358,4.910878042,6.997161905,0.986141684
0.422562823,11.8967951,0.125551845,7.039450318,0.017748899,0.040859814,0.010756873,0.033305445,0.099259858,7.986461768,3.482339971,12.73678705,1.461520435,0.200128932,0.353941782,1.138188481,4.172287938,3.021435845,0.037993465,4.685928398,1.140821578,0.033549513,0.199655186,16.52676692,12.07162851,17.81025127,0.210409218,0.087838867,7.094497648,0.365837511,6.09682065,4.234647609,0.028106571
0.00389148,5.854079561,0.151820613,0.075369112,0.0,0.099598711,0.0,0.0,0.121268891,0.214962081,1.470934283,5.186108674,0.064717572,0.255836536,0.374609733,3.624057804,0.296796094,0.237737247,0.0,81.26298418,0.448415422,0.002123368,0.0,13.53608516,48.01968392,1.398108167,3.890632762,0.018655049,0.022156004,0.047596962,0.01317746,1.200390689,0.0
0.002385802,3.847789369,0.078458946,0.096379401,0.447297458,0.158103424,0.07042793,0.0,0.200734092,0.220908462,3.4845707,21.92185552,0.216323768,0.29862775,4.728166227,11.10514863,0.791364586,2.128216198,0.052770779,7.433880066,0.161289873,0.031259658,0.03298248,23.95848296,15.02118234,1.203758845,6.481235896,0.125880687,0.94801208,0.305639065,0.068489374,0.396142324,0.068046519
0.013455481,1.505694156,0.10603942,0.005558002,0.082630224,0.0720074,0.032560407,0.0,4.980809824,0.031776017,1.01124752,1.434004896,0.024880941,0.30885098,0.048208357,1.029327285,0.030352233,0.181095813,0.202220745,0.665347909,0.865416166,0.018364286,0.033531385,0.414395108,0.02921433,0.090796672,0.031439267,0.013516431,0.047927216,0.138001553,0.051878284,0.224213388,0.088134949
0.085522279,1.756286912,0.991909584,0.014736133,0.055369152,0.155286776,0.046539467,0.250136436,1.525005968,0.510362882,0.1364443,0.773694099,0.04468438,2.015987048,0.30591221,0.331415716,0.765241954,1.447322512,0.015793553,1.127410273,0.155178474,0.037781088,0.009954936,1.298449483,5.361492887,0.229046284,0.558781813,0.26590199,0.145197409,0.387451364,0.135176763,0.579057963,0.06094927
0.039951062,0.025483306,0.459669253,3.35817989,0.059899245,0.299228045,0.008611692,0.0,2.059832122,3.318607686,0.095240986,1.215554242,0.21874158,0.313429165,0.833653023,0.736553449,1.060411698,0.082124564,0.036882642,0.045333563,1.520333006,0.0,0.043569784,0.514735209,0.693059622,0.043211077,1.140338354,0.00790106,2.781848264,0.121458744,5.044057985,0.36181158,0.0
0.123160573,0.383096729,0.319821464,0.095506312,0.0,0.40868694,0.009910432,0.0,0.881828913,0.093687596,0.009554885,2.583011099,0.916962641,0.478760143,0.015972402,0.003813834,0.025805684,0.673323238,0.015432857,0.012271487,1.785107471,0.006329451,0.0239343,0.157292724,0.030906544,0.162751841,0.188271983,0.0,0.331525737,0.120425621,0.004239616,1.17900567,0.035938896
0.612778675,0.074942407,2.614999272,0.036726702,0.0,1.6938874,0.001053936,0.0,0.963234098,0.004319459,1.12037702,0.385919889,1.056923937,1.155782946,1.200788826,3.924782915,0.013179709,0.01950509,0.008813127,0.0,2.193631503,0.01293052,0.024456219,0.007779303,0.005672547,0.12941779,1.922580454,1.034752839,0.001818222,0.843293661,0.014105951,0.179502694,0.012515134
0.660946891,0.535712062,0.104443601,0.021559484,0.0,0.486651935,0.131351801,0.004406403,0.258467689,0.28294114,26.29948318,1.58641732,0.657319581,0.611122443,4.750432111,8.491735409,8.286837501,9.186043403,0.080154865,2.910855734,3.739191932,0.050431402,0.30254451,1.011011876,0.957732303,0.226226144,2.516549756,0.160795556,6.749391935,0.680525166,1.932713509,1.094130364,0.15813102
0.654436924,2.540281078,0.126237341,0.0,0.003715296,0.178074067,0.263392883,0.0,0.556678024,1.56136623,0.344401397,2.390831623,0.589530221,0.205210934,0.054263225,0.052846084,0.141741133,0.078070352,0.047276063,12.79015193,0.923606207,0.0,0.08122064,2.46531948,7.76330945,1.559657348,0.0878876,0.002741481,1.189269992,0.70739775,0.244615332,0.523305087,0.0
2.324084644,1.154844507,1.040413961,1.242062035,0.005583285,1.1089466,0.023375783,0.003857963,0.242049356,2.046697643,0.268655841,0.669301138,0.015456902,0.550091119,0.081894084,0.042345433,0.062820404,0.094135756,0.017979961,0.299295117,0.324777452,0.008239276,0.022214198,2.266840849,0.186762308,0.69724728,0.050400714,0.820104575,0.433088544,0.348832497,0.575112331,0.73225471,0.02410391
1.964009287,0.25198827,0.325141987,1.55481412,0.061414411,2.137022325,0.052594117,1.567655286,0.163070351,1.494941007,0.112052006,0.751730152,4.264781974,2.099483454,0.074287007,0.483168456,0.051223487,0.145891209,0.012556306,0.018396639,3.280654309,0.119227459,0.050986766,0.875286905,0.334413916,0.100474321,0.039865481,0.386873567,0.069261287,2.748048088,0.071447711,0.191197161,0.182510599
0.405794544,0.053483911,0.327797536,0.145977568,0.027912179,2.712863932,0.172125182,5.274397466,0.060512109,0.022179005,0.261189723,0.173395983,6.264520032,7.927323999,0.08033504,0.465977814,0.007845916,0.179204668,0.003973568,0.0,8.970066997,0.546270837,0.001179823,1.427746671,0.857488009,0.003386272,0.032344396,3.140178085,0.021665787,5.354344986,0.019272422,0.379986583,1.444435371
1.054184717,0.065559892,0.297531162,0.0,0.670189472,2.779565577,0.819569399,18.52825773,1.775881736,0.030843359,0.625695513,0.067882837,5.194347504,6.014451709,0.0,0.278335237,0.009452493,0.300978896,0.003982152,0.0,9.326054095,12.73260326,0.110836358,0.031524655,0.222018754,0.526447017,0.020746905,5.003302682,0.019678187,6.24749729,0.021251329,0.150212314,7.688967661
3.27459192,0.326078655,1.950535682,0.0,2.039946166,2.936649536,4.00980028,1.848106115,1.393409362,0.39721659,0.194268075,0.823666882,3.473536515,1.289656904,6.101342243,1.251047385,1.460530218,1.636957799,1.748071723,0.042323672,15.1299711,3.732556689,2.449117958,0.555141437,0.016469355,0.404811638,0.655174097,8.026478799,3.198233735,2.263543245,0.197668971,0.332601368,5.295297997
1.225551748,0.418752982,1.238022484,0.019117269,0.0,1.455036095,0.008926881,0.018751581,2.622534007,1.688165313,0.662802956,1.928422954,1.770414086,2.208687371,0.009507716,0.36543181,0.312449419,0.198977042,0.058148621,0.0,3.268618058,0.009574634,0.02097513,0.317241177,0.00732712,0.00672907,1.195417277,0.143194206,0.119236559,1.392996562,0.592450019,3.275235688,0.067953523
0.398152843,0.009692008,0.465274425,0.217780088,0.0,0.361235482,0.0,1.333145836,6.602905025,0.007174127,0.337546114,0.226629805,8.00295766,2.498758623,0.105973556,0.550724985,0.003725553,0.498687291,0.007518516,0.0,3.497840029,0.001840972,0.013524149,0.02052552,0.0,0.011025638,0.047761368,0.219001434,0.007921681,5.216163708,0.024935769,0.702924178,0.01688405
0.937376826,0.067040642,1.922331473,0.0,0.078019043,1.444708765,0.011676194,0.563926116,6.297675837,1.487523317,0.217282136,0.153882112,7.03545233,8.137403778,0.158997858,0.432306524,0.185282678,0.877770177,4.81106389,0.0,10.20282087,1.208080481,2.099886743,0.004590347,0.002363151,0.038123191,2.148495034,1.313704178,0.254524431,5.847235575,0.098363214,2.88971208,0.078897572
3.007385132,0.001434219,3.272024371,0.005387937,14.22523549,9.001972945,6.81485422,2.888002175,4.709315625,0.001912112,3.289950875,1.816527644,2.259903654,3.620290684,0.985747876,2.190741735,0.489552047,2.244624506,6.252416524,0.010899634,2.253584223,15.9420793,0.742026737,0.023995379,0.001157271,0.0,0.487065369,9.041027711,0.004626741,3.030483665,0.01133581,4.73093824,21.44049395
5.36927703,0.0,4.380154132,0.739909655,3.066671546,3.577285768,2.731450293,3.233073651,0.921359056,0.008949369,0.753287976,1.228941775,2.635836739,6.897145381,0.189244899,0.96775124,0.296949067,2.653760116,0.881867976,0.0,2.682635466,3.209657146,0.112081853,0.00228162,0.010421812,0.0,1.085042107,10.39095133,0.070953489,1.693263453,0.295920412,6.477300378,3.662561806
6.592265966,0.0,0.533814919,0.0,0.0,0.959795409,0.046631142,0.744443352,4.737427399,0.001097092,1.568476991,0.982918294,0.030390671,0.548810881,1.528275664,1.296427534,0.407267087,1.24516436,0.149939814,0.0,2.709730138,0.096895335,0.177524872,0.0161623,0.006940484,0.0,0.254568367,3.546269414,0.012613669,0.260509889,0.092824089,3.366565965,0.112758632
4.276317822,0.004260394,4.914629278,1.381964988,0.153160515,1.154542538,0.152661403,0.052181474,5.514276043,0.080975473,1.118838658,2.329192888,1.920825789,6.489156227,0.033947256,0.18881689,0.033288686,0.206527418,0.044239365,0.0,3.106271524,0.006998145,0.03571633,0.063668926,0.011799871,0.010576836,7.606653339,0.810443868,0.068494541,3.437880289,0.375454428,2.502872927,0.075207032
2.575273647,0.067042518,3.667556238,1.719452074,0.432926753,16.67580388,1.267855022,3.575897632,6.773883869,1.457482597,1.518167756,1.062493224,4.756266124,9.900450315,1.142566012,3.603196565,0.704311934,4.882213233,0.083663313,0.0,6.493668226,0.651814268,0.133656703,0.00980024,0.004442679,0.032451545,1.93594567,1.673425266,0.106527918,4.510864056,1.33806737,2.858960412,3.293187856
4.7899702,26.74588655,6.095689569,0.457730318,8.685197322,19.4221935,2.030965958,5.446105615,2.810459248,10.0085253,1.016105608,2.251562786,3.016269009,2.519605045,0.354821733,1.600097232,0.13680933,2.226598221,2.23664212,51.71483148,3.642758893,7.176395599,0.965503362,42.03101826,39.61809917,39.34828688,1.457304372,10.08066236,0.510341906,2.491590485,0.836362407,4.614252483,1.463826869
1.748141013,9.319530218,5.165079333,0.91214879,0.10881482,5.473733724,0.080029024,1.289898234,3.537055697,10.35023689,1.348839029,1.029542423,1.211762425,2.345809719,18.70822885,4.9915772,1.26483668,2.353794636,0.050767022,11.44974363,2.139817862,1.829606653,0.431514224,6.878987347,19.88446421,12.1859737,0.596552804,3.154441632,2.284578567,1.595647782,7.156711971,0.421134391,0.3494143
0.030455568,0.467088089,1.626762039,1.693224734,0.010648345,1.813922701,0.008112193,0.005017607,4.616220159,0.033034377,0.708287137,1.514299844,4.352981683,6.625752644,0.657264529,1.955648056,0.007124068,0.444708342,0.003050461,2.291211578,0.126110092,0.0,0.0,2.658239376,6.623698533,0.04161667,0.037584469,0.100708121,0.155836197,3.516726643,0.632033023,0.190891321,0.008287384
0.006794341,0.135471886,0.558212351,0.0,0.0,6.221182214,0.0,0.177315752,5.141499107,0.009634963,0.718419637,1.694209844,1.20398364,7.523445954,0.241380511,0.715949578,0.311374322,0.309729366,0.00120244,5.935225761,1.239371928,0.05751904,0.0,1.309904058,1.381340043,0.013819108,0.292120586,0.0,0.018901004,1.076984333,0.005411408,0.135476559,0.0
0.080518522,0.312238185,5.290089779,0.49672917,0.028474342,27.43106891,0.00428229,3.122216612,3.513686028,2.699999189,0.705369985,6.375386811,0.318487595,14.22682013,0.04809809,0.349472236,0.074114436,0.215731648,0.0,4.371534588,2.772677029,0.089196728,0.02997248,1.437578284,0.678647489,0.041427532,0.412688,0.162849215,0.541313731,1.313385787,1.556612764,7.473610607,0.0
1.687024874,2.206678477,1.838583563,0.039539592,0.102420959,0.575240473,0.015568567,1.382400965,3.293819142,0.010763218,0.334315495,3.702418487,2.917732156,20.02530393,0.291748733,0.066081994,0.00971697,0.141382289,0.004484286,26.23229384,16.02659955,0.019343286,0.0,12.50823528,24.60813692,0.031102904,0.025540055,0.517388947,0.01681581,9.529737842,0.037342534,7.687075394,0.0
1.166178104,6.499090289,0.043475477,0.0,0.017190046,0.042182437,0.004336982,7.676824081,4.592482904,0.384472607,0.315700674,0.196032317,1.573064039,0.834315171,0.0,0.054511186,0.015632494,0.076830937,0.305876587,46.01324946,5.496744278,0.523975459,0.07311419,30.17513393,75.72827395,0.001957944,0.001778822,1.193866112,0.329686252,1.573256515,0.006927194,0.123283761,0.0
0.003812921,0.001518099,0.309128357,0.0,0.0,0.018767738,0.0,0.0,2.17042513,0.0,0.027147257,0.006150036,0.420887192,0.077162363,0.0,0.003297396,0.0,0.005028849,0.0,0.0,0.070251292,0.0,0.0,0.291960324,0.144482505,0.0,0.042908021,0.00729859,0.013196224,0.249635797,0.0,0.00561836,0.0
0.023147596,1.464934096,0.580739879,0.0,0.0,0.2905902,0.0,0.0,2.090347514,0.0,0.408204417,0.753490846,0.494571613,1.12886258,0.001489485,0.045299974,0.003990682,0.057087785,0.0,1.577486429,0.067666004,0.0,0.0,1.939577199,2.591075995,0.688168801,0.101733495,0.0,0.00213266,0.350889358,0.0,0.332435089,0.0
0.620800284,3.722878815,4.319616702,1.588145695,0.013079414,2.002424762,0.678027774,0.003792242,2.463975203,2.188592885,0.252548981,12.9538396,1.660538241,3.856132626,0.012064849,0.138264967,0.000953475,0.084422153,0.126961203,5.125393651,0.094347072,0.135190155,0.0,3.138013256,4.553975855,4.787916163,0.475026493,0.870189972,0.112586927,1.839994394,1.620445328,3.636643731,0.0
6.409987937,4.848125499,0.773044727,0.039180113,2.573580559,2.644876608,4.802830416,12.84268151,1.348587645,1.24939772,5.629767519,5.492373713,1.989728116,2.769275246,1.811914011,5.412606179,0.246562375,1.086535913,2.997147099,0.291306263,6.306546878,8.098645588,5.917777524,7.190735358,0.196472518,1.155378667,0.892289128,15.70688339,0.068263572,1.322547095,0.206564887,8.799524411,14.39289322
5.469679112,0.011462656,0.773194107,0.010305132,0.400937713,0.033949661,8.518899929,0.280244261,1.462665783,0.028495826,0.396126172,2.725657588,1.636903828,3.547406429,0.043550233,0.275402636,2.267687883,0.225465446,7.206420916,0.0,0.311989432,0.375570625,27.37751394,0.03356257,0.0,0.0,0.002654177,15.02122493,0.020855849,2.783741387,0.009830122,0.544417482,0.29348103
0.028123649,0.005168268,0.185748139,0.0,0.004937432,0.175671235,0.086071519,0.008579072,1.715429507,0.00687689,0.041894585,1.277143514,3.19191206,3.63921049,0.0,0.011730455,0.048310587,0.031734936,0.079049062,0.002965285,0.050887967,0.043719453,0.121664584,0.000603409,0.000894189,0.0,0.000312425,0.526693807,0.0,4.181064893,0.0,0.019156981,0.160141665
0.003220998,0.001338648,0.028087154,0.0,0.008950831,0.090019001,0.002501232,0.0,0.415184447,0.000892949,0.09594585,0.721301401,8.258338828,4.346480743,0.001024732,0.0,0.000730621,0.003064625,0.027132795,0.0,0.470284048,0.003728536,0.0,0.022282181,0.001206769,0.0,0.007763891,0.0,0.0,7.800656704,0.00207062,0.104256952,0.0
1.522889806,0.000832918,0.153333045,0.0,0.0,0.099721418,0.036879332,0.876516847,0.163013836,0.0,0.4637274,0.545682976,4.370478294,0.657461292,0.071924789,0.454319612,0.013497818,0.179509097,0.08906226,0.0,6.678664918,0.183301337,0.033090926,0.0,0.0,0.0,0.000429657,0.312153166,0.0,3.937848778,0.000312609,0.220418763,0.2705489
1.018173715,0.021338003,0.777939787,0.0,0.0,0.015334271,0.044080541,0.124081694,0.166153694,0.0,0.363725859,0.669991032,2.783674117,0.119519491,0.036829561,0.387574546,0.002104251,0.155396498,0.053492207,0.003637437,4.550006558,0.009295987,0.039348807,0.657682107,1.151122591,0.003400264,0.172101361,0.853770985,0.0,2.352977972,0.0,0.094895166,0.0
0.06614239,1.17109844,0.00942449,0.0,0.0,0.0459215,0.003220841,0.0,1.029145325,0.004025432,0.076065714,0.219372156,1.073026067,0.006319296,0.023427843,0.134271822,0.0,0.043468597,0.0,0.043265525,0.921939902,0.0,0.161847646,12.67805537,7.207770705,0.004875037,0.004916704,0.007674742,0.000874052,0.868481031,0.001180657,0.005828399,0.0
0.338331685,0.0,3.809236809,0.0,0.0,0.532754751,0.0,0.00388966,2.141252622,0.002202734,0.277867982,0.061386882,0.097176322,0.300178822,0.0,0.01527372,0.072126423,0.015711703,0.0,0.0,0.036367583,0.002177806,0.00130287,0.00622359,0.000674724,0.0,0.150007136,0.0,0.003798937,0.582618067,0.0,0.08626985,0.0
4.402114282,0.003343717,25.17747803,0.0,0.0,19.00839279,0.056369181,11.38567123,0.989621261,0.0,0.0,0.005238461,0.845744519,6.528114495,0.0,0.0,0.161570226,0.054372489,0.246014786,0.0,0.352563197,6.700728881,0.166184975,0.0,0.006155771,0.0,12.86341588,4.881594883,0.0,1.518817531,0.000545645,1.103488924,0.280711487
33.66801676,1.183563439,26.72648607,0.037911594,49.99813749,33.37373464,30.37376669,48.78188933,0.372248286,0.0,40.08079774,0.05992139,4.13531375,8.847602896,11.70680653,27.05029806,52.84587486,38.89718588,52.9308397,10.47110805,15.18796196,54.82061983,69.58558439,4.32424422,11.83675129,0.0,28.1719424,37.08790599,1.144587668,8.768485052,0.412034797,6.753763832,45.23822794
26.08773533,1.667609081,0.610925815,0.464967995,14.75313831,0.18321674,26.22520185,6.255877502,0.142424509,0.155545708,1.33597959,0.537194221,1.951972572,1.095954966,2.118621826,1.455858465,1.380203371,4.851560678,14.055124,22.56054471,1.548265756,4.607629484,6.935481307,6.365981675,8.170525225,0.448285875,0.124203974,23.17471389,0.353346192,0.890928343,0.338342785,9.085045822,10.40135923
2.572538844,0.005518634,0.025417101,0.0,0.889073779,0.289943016,4.285041208,0.196132751,0.432699566,0.004918895,0.555522896,0.030023951,2.703342919,1.931770305,0.038212788,0.092529463,0.067752441,0.083687907,1.208028841,0.002829871,0.355668544,0.817608623,0.210803604,0.003035473,0.00608777,0.005917173,0.012872593,3.288887393,0.001430875,3.155996202,0.002151689,0.169425448,2.236798126
0.309857123,0.000239182,0.232241762,0.027835415,1.604188353,6.751163004,3.555558106,2.216978956,1.823109446,0.002162398,0.109241631,0.009100892,4.227170437,2.883349454,0.056541296,0.193474523,0.001118775,0.123107153,0.658943909,0.0,0.438435491,7.187926227,0.163979153,0.0,0.0,0.0,0.00825401,2.302198719,0.005367251,5.833851299,0.044689971,0.051191406,8.503584559
0.029535933,0.0,0.328551165,0.0,0.050758118,0.540723267,0.0,0.893337166,1.545245481,0.008607569,0.3328361,0.000568703,7.7348915,3.361282511,0.104302942,0.522982086,0.025118134,0.261655972,0.002542126,0.0,0.299437595,0.088148049,0.007965112,0.0,0.0,0.013923225,0.027291329,0.064341571,0.0,6.667725472,0.0,0.006820685,0.014926233
0.333149468,0.360408798,0.168944505,0.0,0.063214617,0.912854439,0.008850133,0.513078026,1.946725502,0.004784599,0.460439429,0.026329549,4.581987876,4.083597566,0.001973803,0.188351327,0.610916289,0.358746312,0.033774194,0.0,0.307725515,0.308493589,0.387795042,0.902725175,0.11937947,0.003732168,0.040602566,0.199384301,0.009150052,3.773154569,0.0,0.021057274,0.162730914
0.898078592,2.756302417,2.140778918,0.0,2.083818977,4.354217121,0.621434781,1.875666109,3.670659227,0.015988583,10.95328501,0.027945309,2.212155649,6.592912176,1.516226222,5.848125061,9.028408229,6.60960051,5.494482035,23.15693137,3.24763942,1.456355331,11.54160118,4.238342059,15.34390109,0.118965469,1.255356294,0.561373869,0.838643359,4.172624197,0.069211677,0.057530993,0.270685853
0.997984971,8.328322829,1.85606649,0.036862684,2.798380294,3.321720878,0.820853487,0.226561138,0.32338763,2.57263177,1.718320681,0.28988383,1.852263121,3.190533177,0.207886745,0.913576051,3.126309551,1.644055443,2.956727547,17.94368556,4.557603652,0.290968324,3.205134605,13.77493423,19.63370395,1.929424712,0.342384756,1.056560459,0.990874064,4.025055071,0.59365736,0.319947159,0.03471566
0.892667382,0.39776838,0.573356663,0.0,0.039024311,0.505242139,1.339415066,2.12285972,0.236536549,0.030760243,0.049831016,1.04781869,1.294541997,1.061071292,0.0,0.003515548,0.038748237,0.008349426,0.074921453,0.0,4.108129347,2.482781825,0.0,1.344894109,0.036776723,0.13840717,0.062597076,2.548452232,0.000498443,3.247683376,0.0,0.121338897,1.869923925
0.056941829,0.0,0.265543422,0.008447191,0.0,0.011831139,0.0,0.053885516,0.278524347,0.006676302,0.185978645,0.379186926,1.578762003,0.947732233,0.0,0.044789138,0.057492932,0.06238234,0.0,0.003993292,3.705575673,0.0,0.004442566,0.0,0.0,0.0,0.079418843,0.063367602,0.000429081,1.462271617,0.0,0.083244123,0.0
0.726604264,0.0,1.530295168,0.0,1.47812828,2.248239772,0.702356937,7.036991499,0.703321723,0.00209977,0.440376438,0.001006335,0.819628101,4.850174578,0.078035865,0.429698045,1.334488241,0.263036762,1.76220859,0.0,7.212298479,8.399756859,1.74123908,0.0,0.0,0.0,0.098924254,3.0001833,0.002028565,4.529868447,0.000714519,0.002092798,3.958114193
1.217527662,0.000971556,5.219603372,0.0,1.168402493,7.998931237,2.21871289,2.6534505,1.214914866,0.002405698,1.952048101,0.0,2.9483935,5.441487117,0.201349945,1.302044716,3.031856492,0.622362046,1.269770022,0.0,5.779652372,5.650708186,1.336567211,0.0,0.0,0.0,0.675215181,2.828382816,0.006624204,5.687837214,0.0,0.020099482,4.688391786
4.746474161,0.0,5.147980146,0.0,10.82877016,9.82690777,8.506681872,5.464321467,0.230386629,0.0,1.878906337,0.009994916,2.644071727,3.068810886,0.576899744,1.088207965,5.646134356,6.864405158,12.25297814,0.0,1.110272532,11.84775932,9.914022189,0.0,0.0,0.0,1.430874835,5.730081367,0.204261577,2.615238318,0.076267157,0.760793737,13.54639499
26.65906411,0.21619172,0.093323975,5.267705541,4.473848532,1.151678941,16.03186957,7.431122477,0.032073252,0.365017094,0.322928423,0.018783442,0.60936648,1.439403737,4.346143522,0.835884646,0.349482983,7.71012667,6.025708402,1.319503959,4.503766686,9.264326475,1.933821511,0.661068019,1.084904181,0.007918752,0.276575607,16.14268796,2.826733806,1.57722578,3.119399589,7.436356653,13.0440511
2.664184809,1.439777506,0.039432216,9.186023128,0.0,0.013866412,0.003051283,0.0,0.002819383,4.628224124,0.059356073,1.232836116,2.264510777,0.141558081,0.063097913,0.007788353,0.0,0.022693712,0.015453468,13.36384216,7.747622193,0.0,0.0,0.752618494,6.346947072,3.049750096,0.02672134,0.076082402,1.26699125,2.24498693,6.667063069,13.61018297,0.0
0.735249385,6.344708632,0.029080956,0.0,0.0,0.00312491,0.0,0.0,1.311396465,2.555024251,0.310352725,7.799077643,0.509922609,0.035341006,0.0,0.084796829,0.010139015,0.091654886,0.0,0.502192305,2.11579712,0.0,0.010680967,11.81046051,3.312630578,5.892836351,0.004802423,0.053001733,0.008899179,0.24964178,0.168273947,6.76543111,0.0
3.491300628,4.603963727,1.710306668,0.412309945,0.005838892,1.76255711,0.33324833,10.28724141,0.381969034,5.852637865,0.119718914,12.36109473,7.288036421,3.935435334,0.0,0.030082204,0.000719743,0.079535564,0.062388015,0.025867978,18.90947819,4.819730092,0.02711433,8.073463904,0.67647769,3.358686693,0.012128938,6.023854325,1.760126048,7.053923309,4.251926165,4.330469179,1.804178869
19.80768778,0.897091578,6.964924806,28.66077144,9.46859371,15.45812646,4.487682336,2.207754572,0.114097819,9.792310746,26.60042415,0.338034862,0.106377879,3.041386277,30.63071595,29.36814407,22.47555936,25.4442579,11.47233172,6.582373306,0.464671046,5.17364956,16.27526175,1.92052096,4.413825003,0.357579271,20.59306457,5.391138997,13.9915157,0.850100955,29.42787221,14.43005785,4.178822879
2.131438239,19.75849059,0.179125987,3.170330453,0.040280175,0.358146581,0.183001353,0.049294075,0.158929315,20.3894923,0.247023114,2.922051406,0.341358351,0.773625218,0.077074914,0.033392109,0.011922401,0.035768425,0.005832753,26.06542936,0.214509617,0.0013719,0.0,10.3563622,23.34502797,6.561039153,1.747201083,1.403997937,8.974104243,0.326660226,8.884096675,3.426675348,0.0
20.42603132,1.001535843,16.42112683,1.281618176,3.523462228,17.50030038,7.500804857,4.414409644,0.657219174,0.808248933,0.689876945,6.089994403,1.086652797,6.210326221,0.960555779,0.828057719,0.826729538,3.137936408,3.024260864,0.58317197,1.857991532,7.734711621,1.893697065,1.026202133,0.602744496,0.02013601,2.182159585,13.14621684,0.135516714,2.010288167,1.478286932,9.383297336,5.605683457
1.750487009,0.851541526,8.297027912,0.357945799,6.403754636,4.71864063,1.048534737,2.312471803,0.077128168,0.724292649,48.19033834,0.759072575,0.508392366,1.773669813,14.8571743,31.8959045,39.78171554,20.16012853,12.81326587,0.0,3.051295207,1.865697914,18.38984922,0.251746071,0.068575675,0.7248887,8.054714349,0.433761031,6.885591026,0.454778877,1.380327523,0.707598544,0.470037381
1.185490314,0.039865283,0.150172734,0.929265237,0.370411694,0.33871752,0.209735977,1.467827348,0.042804986,0.449358844,10.62686534,0.023137909,0.018240068,0.635085678,5.655953199,7.237496708,3.340846464,7.875084897,0.557720823,3.886913078,0.579812861,0.846305964,2.483818872,1.157612709,2.862977341,0.0,1.297592492,0.521010048,11.41552378,0.084375965,1.848424193,0.400770969,0.0
3.033517486,3.656178797,0.006516324,8.483075328,0.27552757,0.086094621,3.593636519,4.244311066,0.011469704,7.212500512,0.160335535,0.153679297,0.000564599,0.32518378,2.150424533,0.089129687,0.407522063,0.508674115,0.457410406,17.04833044,0.611755589,3.523795433,0.163885544,5.139153411,11.96246857,3.310399315,1.048128097,3.001869077,11.04087069,0.02747742,8.4913748,4.243287131,1.675626374
0.014679304,0.006511955,0.000902315,0.0,0.0,0.002681208,0.0,0.0,0.247554546,0.0,0.091540914,0.043910286,0.753627828,0.017692496,0.00811859,0.127739754,0.001066387,0.14369958,0.002536854,0.0,0.226945081,0.0,0.0,0.004371889,0.001753934,0.029189648,0.000171508,0.106767935,0.0,0.11741377,0.005147662,0.031869939,0.0
0.00620169,0.0,0.710118874,0.0,0.0,0.279887188,0.001577038,0.38415129,0.551019353,0.0,0.0,0.007212946,9.032321736,0.634558319,0.00132653,0.0,0.003505178,0.0,0.0,0.0,0.989954937,0.094351767,0.0,0.0,0.0,0.0,0.230515204,0.110519268,0.000633998,3.079467774,0.0,0.000524752,0.0
0.000687652,0.001295073,0.136482212,0.0,0.0,0.055094819,0.002172455,0.414801207,0.34836314,0.0,0.175462805,0.001632069,0.982095018,0.222208363,0.031086124,0.249068181,0.003274281,0.134851936,0.0,0.0,0.221986747,0.001138918,0.0,0.003769642,0.00364053,0.0,0.0020119,0.0,0.0,0.124246365,0.0,0.000877734,0.0
0.005873929,3.058215274,3.255251118,0.0,0.0,1.047610044,0.0,5.47090969,0.245908426,1.239741711,0.142869765,0.21195516,3.116788329,5.92059029,0.0,0.020228589,0.001264802,0.021133706,0.00202979,1.256166576,1.221115181,2.456759553,0.0,6.601757818,2.02462454,1.349801944,0.909624529,0.588987771,0.263158849,3.939283944,0.009602469,0.045816828,0.030114921
0.023683289,5.024566012,0.066427041,0.004783592,0.422442043,0.006056397,0.257317548,0.137200027,0.004713902,4.554581693,0.0,6.611599092,0.035568119,0.245206796,0.009402788,0.0,0.0,0.0,0.039650294,3.924743479,1.779433125,0.026377114,0.006762856,10.21368253,7.921005318,2.893600116,0.001452621,0.12502154,1.325486207,0.966382126,0.492930811,3.013442486,0.029090685
0.0,0.209156766,0.000667929,0.0,0.0,0.0,0.008136704,0.0,0.004956682,0.504408495,0.0,4.763557984,0.004737892,0.002298571,0.0,0.0,0.0,0.0,0.0,0.0,0.002334204,0.0,0.0,0.555266585,0.0,0.728928375,0.000117085,0.0,0.0,0.005126704,0.012040052,1.869762354,0.0
0.002721148,0.0,0.014244841,0.0,0.0,0.0,0.002904801,0.0,0.019979029,0.02917427,0.053729752,0.004332443,0.046130597,0.001135584,0.0,0.015444241,0.0,0.016728692,0.0,0.0,0.003566466,0.0,0.0,0.0,0.0,0.0,0.003601475,0.0,0.0,0.000120958,0.006479202,0.002053742,0.0
0.0,0.0,1.60089845,0.0,0.0,0.002599964,0.003225804,0.019330928,0.022169812,0.004640156,0.0,0.003215902,0.012560626,0.533334303,0.0,0.0,0.003420428,0.002479991,0.0,0.0,0.064109948,0.0,0.0,0.0,0.0,0.0,2.167963509,0.0,0.0,0.101019984,0.0,0.001068027,0.0
0.000209039,2.306725797,5.617746711,0.0,0.006464846,0.835916835,0.545282924,1.072919588,0.055439833,0.001188765,0.196329495,0.457767521,0.010899111,0.667677598,0.043082187,0.156210679,1.705899976,0.076548726,0.45400569,1.401332528,0.104962373,2.029152548,0.568467745,5.543147135,7.243886599,0.599187001,3.666226085,0.769937492,0.005236573,0.06211089,0.0,0.0,2.448632589
0.307647062,16.62343235,1.398297198,0.0,0.355361053,0.685719037,2.165027222,3.455548787,0.001271112,2.038095292,0.025373187,1.819675566,0.018068115,4.859628624,0.0,0.004468517,0.029283425,0.007178836,0.161267216,23.46385562,1.697893434,3.590751494,0.0,19.55984781,26.05725283,9.314916959,0.151411897,3.002870678,0.0,0.411183397,0.002359488,0.051777969,3.781716568
0.029848858,0.000630042,0.001646048,0.0,0.0,0.002327226,0.006752257,0.0,0.0059722,0.0,0.158485712,0.003881634,0.325360216,0.030884669,0.0,0.058570426,0.001850969,0.057768658,0.007254702,0.0,4.479003357,0.0,0.0,0.078471945,0.0,0.0,0.0,0.038687076,0.0,1.770181435,0.0,0.003947001,0.011445969
0.043205784,0.0,0.297030562,0.0,0.0,0.195586866,0.0,0.0,0.0,0.0,0.157690293,0.001222733,0.007981245,0.358535275,0.006818208,0.100282895,0.003190398,0.111254648,0.0,0.0,0.019898484,0.0,0.0,0.0,0.0,0.0,0.026351653,0.0,0.0,0.000973097,0.0,0.000755056,0.0
3.58070668,0.0,1.531689566,0.028235008,1.826868881,1.3308567,7.996038866,3.547273487,0.01466366,0.0,1.210537897,0.248560599,1.122595056,5.599965573,0.012505,0.162329795,3.903793707,2.79515173,7.36521571,0.002426369,4.993702763,2.250891075,9.431356343,0.0,0.000853525,0.0,0.176626351,5.122006411,0.002281055,3.351891503,0.031167746,0.215665677,3.440458523
0.265089616,0.0,0.002612669,0.0,0.338996432,0.006478623,2.163267987,0.0,0.029576846,0.001683878,0.36531943,0.000238969,1.521699585,0.226605184,0.001162481,0.088509772,0.109282277,0.187860606,0.164586889,0.0,2.653243338,0.007593913,0.111724734,0.023102005,0.002912186,0.007419024,0.00153549,0.735935953,0.004015733,2.36076481,0.004203297,0.003589151,0.079410778
0.011444807,0.0,0.04425053,0.0,0.053964766,0.723595289,0.12885613,1.351714386,0.055955137,0.0,0.400393854,0.00169874,0.858565779,0.879469379,0.0,0.051465434,0.020712446,0.057917378,0.004174398,0.0,0.888845227,1.233683532,0.0,0.0,0.002240289,0.0,0.003617034,0.196014711,0.005916546,0.797973884,0.001250128,8.57e-05,0.674882272
0.653949704,0.000558796,0.057258793,0.0,0.427809835,0.604194345,1.049058121,4.401148251,0.0,0.001565308,0.631673966,0.001323844,6.921439759,0.492938063,0.04900002,0.40332047,0.015034227,0.202781723,0.106737189,0.0,15.79653643,2.392622062,0.003050859,0.001341018,0.0,0.0,0.003737651,1.733372339,0.009883711,5.192360978,0.0,0.00144606,1.631130307
1.264977955,0.00314322,0.036568273,0.0,0.43193654,0.493593782,1.644942769,4.725774846,0.0,0.01767796,0.288453095,0.004094466,3.755365343,0.059383263,0.016965429,0.094341284,0.046292946,0.090208274,0.332965948,0.0,12.11186767,2.776207668,0.075525846,0.0,0.000886566,0.000646255,0.001522209,2.980480255,0.000421076,1.819966079,0.000175326,0.002076294,2.784606121
1.783511307,0.009990252,2.314589882,0.148910553,7.342829107,2.012050446,2.946626218,2.194751039,0.000937183,0.069348442,1.090422653,0.001670566,0.102066041,0.312888836,0.458415523,0.774311979,2.169000458,1.057804728,6.743918323,0.018681011,0.319998549,4.051516564,5.850617844,0.040605948,0.016043055,0.0,0.972948523,1.431823142,0.641432197,0.002213706,0.015917462,0.099880023,4.066736332
0.016428168,1.262468712,0.166298892,0.029466445,0.0,0.384620624,0.0,0.113812807,0.0,0.568174662,0.316692539,3.112458792,0.006997247,1.05105645,0.004590654,0.055034979,0.004242022,0.063170937,0.0,0.056935025,0.042502373,0.015550557,0.0,0.748595827,0.436745484,1.578462155,0.000370511,0.0,0.03277184,0.002318493,0.000307104,0.140813977,0.0
0.001025766,0.0005893,0.746351777,0.0,0.0,0.703026384,0.0,1.216601072,0.0,0.0,0.0,0.00214396,0.0,0.104298385,0.0,0.0,0.036969695,0.0,0.001022756,0.0,0.093987529,0.788773286,0.0,0.0,0.0,0.0,0.30001764,0.042388361,0.0,0.0,0.0,0.000224166,0.073563557
0.675364004,0.0,1.707470985,0.0,3.841834292,0.930662744,1.984898458,0.441864542,0.000796108,0.000703105,3.54514878,0.000279811,0.000390239,0.096748751,0.436528718,1.237874204,6.885931493,1.730755175,3.642084061,0.0,0.018870651,1.386228668,6.525570899,0.00042327,0.0,0.0,2.103519927,0.163619208,0.005425018,0.091034894,0.007084989,0.141721868,1.40440553
0.278680037,0.000977304,1.310177436,0.030995019,1.856145279,0.286824965,0.915460755,0.56505346,0.0,0.014325882,5.048863704,0.000275337,0.0,0.418452942,1.47143837,2.940811004,6.914906691,3.654654828,1.622547982,0.0,0.034912624,1.22153067,5.012175226,0.0,0.0,0.0,5.815955334,0.446019025,1.923795374,0.008538572,0.142915311,0.120166513,2.230950547
0.297994841,1.850633218,0.057344329,0.0,0.15156367,0.033823008,0.825807308,0.012910952,0.0,0.292290896,0.720801246,5.049100348,0.0,0.111324172,1.396747567,1.5635698,1.507936143,5.076522798,0.359946172,0.510478588,0.01893218,0.0,0.439929446,2.959259272,0.036840133,1.882852663,1.658709869,0.180028984,0.391896918,0.0,0.017436626,0.851619111,0.0
0.083382232,2.549348089,0.424553867,0.0,0.0,0.17293581,0.008206242,0.283903728,0.0,2.706334743,0.164632746,22.48536368,0.0,0.166709625,0.107328195,0.029310097,0.011976183,0.132099164,0.006810869,0.006794738,0.0093604,0.002920295,0.006556682,2.836159244,0.000795041,7.13787477,0.287087939,0.020303631,0.125148113,0.0,0.527872228,2.209971664,0.0
0.922619236,0.184210782,6.864787326,0.0,4.87036822,0.361007083,6.918846052,1.977751979,0.0,0.228765217,1.403199404,0.428394163,0.0,0.907881548,2.082969078,2.281574741,9.194880532,1.201653006,10.71984863,0.006611457,0.333494267,1.982017608,9.391857432,1.352575259,0.114540286,0.021815678,9.122614168,4.031749285,1.682154824,0.009074774,0.066078553,0.454183696,1.553972072
6.674434797,4.16681878,3.684533109,2.951136346,4.512388843,0.035614337,5.86802041,1.500141584,0.003953634,1.920806187,7.715217957,1.647328516,0.000325836,0.697108575,5.916987929,6.461784623,22.94511051,9.702359884,13.02033071,6.385850508,0.154255939,0.942223528,26.92195312,8.679283169,5.321050009,0.647702733,8.946567326,2.534468776,4.278261364,0.009969187,3.246481419,2.603798322,0.674052674
1.192329702,0.576494208,3.053478711,2.039742722,1.726041619,0.394834361,3.435006511,0.618722784,0.0,1.065541662,7.419196092,0.291470034,0.103449545,0.288435581,6.058847201,8.348239771,4.965223095,6.413125213,3.158694834,0.0,0.068822981,1.265969602,2.147555125,0.408631862,0.033781176,0.480771575,7.944548538,2.364078746,3.223619461,0.007155017,1.967910306,1.22790126,3.4548819
1.167240536,0.004401056,0.340157575,0.85513669,4.1991167,0.069436588,5.61243593,1.25497966,0.0,0.008871802,2.032795759,0.029966893,0.004965877,0.155073479,1.965107689,2.209548844,1.394192399,2.751757379,1.576228914,0.0,0.094997104,1.267590853,0.856342403,0.019111724,0.0,0.0,0.523820175,3.74961169,0.830558306,0.001066182,0.510935813,1.084047085,1.753927995
0.5541544,0.275571116,0.055026209,1.104964765,1.026129021,0.073580766,2.222335451,0.526867058,0.0,0.356938553,0.067459048,0.696081711,0.0,0.414195401,0.047028907,0.117982286,1.127454764,0.055144605,0.928798295,0.203777192,0.132269454,0.353809723,0.317562223,0.302113349,0.551076446,0.009106212,0.224802216,1.372637393,0.543554448,0.000105119,0.786333591,0.289220098,0.312132558
1.583824096,0.001247544,0.320370568,0.0,2.58916185,0.030402619,3.217193886,0.106798362,0.032512429,0.000420594,0.034882819,0.290319239,0.499984364,1.173276439,0.0,0.008375207,0.067312517,0.039404819,1.637813333,0.0,0.809590216,0.198471742,0.878974318,0.003764228,0.0,0.001529299,0.0,1.780228037,0.0,0.376961417,0.0,0.699176038,0.325359143
0.985377002,0.000704374,0.040795418,0.011094317,0.182583727,0.0,0.447634492,0.364003477,0.007267996,0.0,0.094651368,0.009149821,0.123642628,0.181376021,0.001034912,0.07082135,0.086078711,0.051882749,0.451414626,0.0,1.869900879,0.047694526,1.982608098,0.0,0.0,0.0,8.09e-05,1.268178329,0.0,0.093893061,0.0,1.047937294,0.0
1.130592208,0.0,0.634060519,0.45376429,0.343300657,0.157495072,1.006815271,0.367012799,0.092453189,0.0,0.092547938,0.006989569,0.073256459,0.548655303,0.107064467,0.076185242,0.017412638,0.379437014,0.267327423,0.0,1.3750085,0.437169532,0.167500604,0.0,0.0,0.0,0.205373249,1.345438595,0.0,0.165546171,0.038104185,0.84972765,0.021826981
4.622218257,0.320088744,1.804808773,2.741295815,4.882944468,1.502362142,4.828921575,2.226618845,0.068254722,0.835744779,0.608546884,0.814303319,0.054258925,1.330754259,1.249969608,0.526461324,1.085535225,2.982323855,4.758977093,0.0,0.375539606,1.800723295,3.399857222,0.173566907,0.017342129,0.739252489,1.834775471,1.812569674,0.871317019,0.078766657,1.654357927,3.758560508,3.599358356
5.86573373,6.778313109,2.214513346,5.583899337,5.15371576,2.800815442,6.34341603,5.472228995,0.0,5.340610738,8.544253726,8.515543376,0.029124491,3.638803213,7.919502504,8.60619227,8.229971358,9.148798976,6.223501922,7.547876145,0.60458418,2.952409208,7.857383162,5.282134625,6.295717111,7.097368856,5.837500235,3.366637569,8.202610424,0.192096787,6.388944,10.33086751,2.174883524
0.951755068,0.009464644,0.065380688,0.0,0.590607822,0.597139588,1.65136525,1.156715294,0.0,0.005358099,0.027171551,0.7305865,0.0,0.113922694,0.00390516,0.0,0.011729142,0.002835285,0.331057944,0.0,0.542370386,2.101704291,0.1499921,0.21890068,0.004693116,0.007703172,0.002217318,2.824320655,0.00259528,0.092808621,0.0106678,0.137323719,2.299589545
0.58718451,0.003462618,0.002848252,0.0,0.0,0.915680179,1.615152282,1.94058646,0.0,0.002752255,0.06717774,0.010183621,0.105437172,0.485147817,0.002710195,0.014576305,0.00084424,0.026095399,0.013477452,0.0,0.888801095,3.249573284,0.0,0.005417534,0.003911392,0.001421206,0.000800312,3.168736319,0.0,0.041149603,0.000738653,0.017209407,4.010946265
0.016206429,0.0,8.18e-05,0.0,0.0,0.003050508,0.0,0.0,0.072576172,0.0,0.0,0.000265409,0.461183509,0.002980352,0.0,0.0,0.0,0.0,0.0,0.0,0.101511787,0.0,0.0,0.0,0.0,0.0,0.0,0.0,0.0,0.10780612,0.0,0.000838448,0.0
0.0,0.0,0.0,0.0,0.0,0.0,0.0,0.0,0.139685944,0.0,0.0,0.0,0.000182733,0.008097617,0.0,0.0,0.0,0.0,0.0,0.0,0.005012529,0.0,0.0,0.0,0.0,0.0,0.0,0.0,0.0,0.213972233,0.0,0.000257287,0.0
0.0,0.0,0.003674351,0.016568636,0.0,0.008558433,0.0,0.0,0.0,0.0,0.0,0.0,9.19e-05,0.012010832,0.0,0.0,0.0,0.0,0.0,0.0,0.008723991,0.0,0.0,0.0,0.0,0.0,0.0,0.0,0.0,0.002420779,0.0,0.002036199,0.0
0.000388924,0.0,0.0,0.0,0.0,0.0,0.0,0.0,0.0,0.0,0.0,0.000201343,0.0,0.0,0.0,0.0,0.0,0.0,0.0,0.0,0.0,0.0,0.0,0.0,0.0,0.0,0.0,0.0,0.0,0.0,0.0,0.016418454,0.0
0.002980665,0.0,8.56e-05,0.0,0.0,0.0,0.0,0.0,0.0,0.0,0.036333752,0.002280299,0.0,0.0,0.0,0.006107086,0.000517245,0.007816566,0.001158511,0.0,0.0,0.0,0.001493379,0.0,0.0,0.0,0.0,0.0,0.0,0.0,0.0,0.01768122,0.0
1.506938235,0.0,0.491433525,0.0,2.026643324,0.010804238,1.092147381,0.03172546,0.0,0.0,4.12749327,0.0,0.0,0.0,0.239401544,1.015267414,4.40290225,0.99270361,2.968993367,0.0,0.003673527,0.111029321,5.634725415,0.0,0.0,0.0,0.493382567,0.820837436,0.033408559,0.0,0.0,0.249143658,0.029534012
5.363749505,0.168248842,0.525162584,1.724651455,3.106923152,0.066969518,4.372604776,0.026503665,0.0,0.222614975,5.543409868,0.010181065,0.0,0.03733921,5.590554856,6.405849422,5.330487866,9.232826954,4.959165591,0.790640037,0.005763283,0.366925311,6.675293809,1.05237785,2.093400756,0.0,1.994865359,1.955344153,5.075277838,0.0,1.758792911,2.2721885,1.005676227
2.908014418,4.884860203,1.234943419,5.863570376,7.72994158,0.117513359,4.554112029,0.638357545,0.0,6.353230125,1.137467518,0.739241441,0.0,0.006008767,2.672215683,1.139095983,1.911744445,3.23654913,7.588754954,0.520755628,0.038273339,0.886384528,5.627664792,3.096231407,1.370712682,5.340991844,0.210019096,1.6016017,3.212471928,0.0,6.498414285,3.494118548,1.316474439
2.16833092,0.000679416,0.535899476,0.224366695,1.050935932,0.013938527,0.728755561,0.0,0.0,0.512266265,0.068474837,1.524463901,0.0,0.002345577,0.0,0.031663648,0.855915553,0.267944598,1.731412608,0.0,0.009739215,0.048272453,1.009767258,0.012116143,0.0,0.410289494,0.046403788,0.552795712,0.0,0.0,0.168131618,4.770625822,0.0
2.0463766,0.000884379,1.88457006,0.0,5.538557708,2.960600306,4.638375822,0.768831339,0.0,0.0,0.074294921,0.990389517,0.0,0.099969733,0.0,0.013341522,0.486158263,0.149594902,4.226084535,0.0,0.152223353,2.507962195,3.058614619,0.002637501,0.0,0.001952666,0.008459383,1.865838496,0.0,0.0,0.0,5.640444168,4.121460181
0.163350846,0.0,1.894653235,0.0,0.384211368,4.665167262,1.081098199,0.494710166,0.0,0.0,0.100101899,0.066285522,0.0,0.384016646,0.00122168,0.071295922,0.001216034,0.060619899,0.26432614,0.0,0.087209011,2.812488257,0.004183067,0.000895903,0.0,0.0,0.007269292,0.799316467,0.0,0.000815866,0.0,0.107436523,3.802087058
1.131705976,0.000791559,0.907848158,0.0,0.0,2.288777945,0.011353072,1.822639385,0.160069279,0.000545372,0.072743259,0.000165653,0.001384056,0.981834889,0.0,0.006241222,0.000746129,0.011450202,0.007914812,0.0,0.178450647,0.373619391,0.0,0.002032079,0.00121138,0.0,0.030670758,0.774306243,0.001452497,0.162839541,0.010624589,0.228256889,0.0
2.527838256,5.799870699,0.367246566,2.032347785,0.020037433,0.252331533,0.963911221,1.721493924,0.111702739,4.575381691,0.323202787,0.566736291,0.000200603,0.486860659,0.065551554,0.149655353,0.124114586,0.522772982,0.143407014,0.243158219,0.226926774,0.556822073,0.05842781,4.969758032,2.614441279,6.305440459,0.046772232,2.352742101,0.740711194,0.125982158,3.287323604,3.008327091,0.012742367
0.645761224,5.18461921,0.001170599,0.656918274,0.0,0.004539126,1.03389366,0.679004769,0.0,2.940318865,0.03890122,2.814759984,0.0,0.002471369,0.0,0.00304162,0.196622475,0.147882289,0.240802062,2.453183957,0.022580148,0.352009887,0.206823412,7.091984885,5.066033474,4.673118672,0.01522038,0.858938887,0.359054507,0.000160674,0.84382168,2.027144363,0.0
0.279171009,0.042356027,0.291444536,0.0,0.16465108,0.689708482,0.474004622,4.41389175,0.0,0.000592684,0.051006898,0.070055072,0.0,0.425150407,0.0,0.004827114,0.024058369,0.048487033,0.083962873,0.0,0.299605061,4.473028273,0.001990937,0.0,0.0,0.001841791,0.072116818,1.08003046,0.0,0.0,0.0,0.115628371,2.202979214
0.303796681,0.009284021,0.035711187,0.0,1.720370462,0.516993436,2.031622069,5.412526099,0.0,0.0,0.074137411,0.061035798,0.0,1.039499465,0.0,0.030756644,0.002005451,0.069447858,0.455755661,0.0,0.285462434,8.100494856,0.113202634,0.266709835,0.0,0.0,0.003608437,3.853144172,0.0,0.017664641,0.0,0.113180261,8.283535113
0.280800134,0.0,0.047732006,0.0,3.874613895,0.430298382,2.834680937,3.329353552,0.0,0.0,0.095964936,0.000151734,0.0,0.236745666,0.005488964,0.056011605,0.008491184,0.084656617,1.008196022,0.0,0.242981991,2.767365994,0.311112459,0.0,0.0,0.0,6.19e-05,1.785519232,0.0,0.0,0.0,0.002758461,4.223989554
0.277307397,0.0,8.96e-05,0.0,0.0,0.000927751,0.0,0.0,0.0,0.0,0.092809221,0.003599865,0.0,0.0,0.0,0.016305962,0.000610346,0.021834669,0.0,0.0,0.15128416,0.0,0.0,0.0,0.0,0.0,0.0,0.358071631,0.0,0.0,0.0,0.002690976,0.0
0.014380055,0.0,0.0,0.0,0.0,0.000433303,0.0,0.0,0.0,0.0,0.034427237,0.000463299,0.0,0.0,0.0,0.006571377,0.0,0.006965774,0.0,0.0,0.026518074,0.0,0.0,0.0,0.0,0.0,0.0,0.0,0.0,0.0,0.0,0.004068896,0.0
0.250640658,0.0,0.0,0.0,0.0,0.001057701,0.006727462,0.012820111,0.0,0.0,0.028308772,0.000138581,0.0,0.0,0.0,0.002700368,0.0,0.004176343,0.008564595,0.0,0.007945192,0.0,0.0,0.0,0.0,0.0,0.0,0.13946081,0.0,0.000722004,0.0,0.001491038,0.0
0.035345146,0.0,0.13165141,0.0,0.061852507,0.029588441,0.040758548,0.026958449,0.01508223,0.0,0.025158958,0.00024452,0.0,0.0,0.0,0.002747573,0.0,0.002578013,0.0,0.0,0.003501592,0.086788896,0.0,0.0,0.0,0.0,0.003492404,0.024728276,0.0,0.0,0.0,0.000568493,0.0
0.364787341,0.0,0.749473103,0.0,0.082870185,0.143676442,0.04536189,1.589493746,0.0,0.0,0.020145132,0.0,0.0,0.002177224,0.0,0.002293858,0.020953099,0.000853173,0.079389091,0.0,0.073546411,1.983710222,0.008617455,0.000811761,0.0,0.0,0.019352044,0.811450892,0.0,0.0,0.0,0.000106307,0.707320378
0.110251544,0.0,0.0,0.0,0.0,0.057892176,0.003269359,1.48667296,0.0,0.0,0.117031538,0.0,0.0,0.073829189,0.0,0.025900455,0.001503827,0.022298936,0.004627241,0.0,0.126844581,0.939440235,0.0,0.0,0.0,0.0,0.000283095,0.24631688,0.0,0.005092132,0.0,0.000698934,0.056791263
0.156855374,0.0,0.047794825,0.0,0.0,0.0147831,0.01409934,0.17741301,0.0,0.0,0.094892729,0.000184208,0.010254064,0.234602727,0.0,0.024325781,0.001311077,0.042844503,0.001255765,0.0,0.056036284,0.015815773,0.0,0.0,0.0,0.0,0.000788939,0.21205151,0.0,0.000151704,0.0,0.000865702,0.0
1.00410472,0.0,0.796352347,0.0,0.0,0.776964842,0.088957443,2.44316651,0.0,0.0,0.031118904,0.000203487,0.00118947,0.724348405,0.0,0.008486606,0.000798337,0.011887395,0.0,0.0,0.209607712,1.989056796,0.0,0.001235307,0.002957889,0.0,0.006186899,0.937318363,0.0,0.0,0.0,0.001362949,0.58464185
0.424124125,0.003258121,0.056800721,0.005680182,0.0,0.632410749,0.0,0.597148067,0.0,0.014601985,0.058486889,0.002560567,0.0,0.516734963,0.0,0.024941412,0.170512251,0.015763679,0.003663236,0.0,0.049177415,0.103840363,0.0,0.0,0.0,0.0,0.03269363,0.323168528,0.0,0.0,0.004390724,0.005402188,0.0
0.333228965,0.0,0.000243294,0.0,0.0,0.168225783,0.150924671,2.087863595,0.0,0.0,0.067470922,0.001865782,0.0,0.619199626,0.0,0.012814408,0.000500619,0.027162631,0.0,0.0,0.223496503,1.35899319,0.0,0.0,0.000871147,0.0,0.0,1.008623689,0.0,0.003634552,0.0,0.000468518,0.189845331
0.772722552,0.0,0.003209558,0.0,0.0,0.045835303,0.348761873,0.791777369,0.0,0.0,0.09092811,0.000548056,0.0,0.007488022,0.0,0.02517568,0.000680628,0.04740284,0.0,0.0,0.030910595,1.167452521,0.0,0.0,0.0,0.0,0.0,1.377929166,0.0,0.0,0.0,0.002202829,0.770310146
