BM,BTG,BWQ,CLJ,CT,DMZ,FSB,GGS,GTQ,HK,HLS,HMS,JJQ,LJG,LK,NJG,PS,QJDQ,QXC,SJY,SMZ,SPY,SWB,SXC,WC,WHK,XH,XJX,YJ,YLJK,YSG,YYL,ZT
5.561136,289.0173312,5.257548,113.1107166,58.9366206,0.3135132,49.69137375,52.39440855,,101.9010564,44.1817983,23.08247685,0.767968245,32.3011746,66.3987051,56.6927667,50.81103687,0.257985,69.229728,3.9175812,3.87266265,53.16863625,64.1823021,209.5522,265.5252083,165.1179425,14.59464075,1.05125445,121.7294082,5.24467845,148.5471312,93.1394376,53.70927345
5.8329801,277.522511,14.556514,120.0525969,65.751183,0.6329934,54.0063072,62.87930046,,176.9249223,44.13520766,22.95771525,0.8163288,43.38501603,71.44679925,56.05658809,50.94954,0.30127815,95.45077811,3.678319318,4.29435,53.02595763,60.80943993,203.2373171,254.7716079,156.8179868,21.4287389,1.080009442,129.530826,6.882592577,141.7629188,92.95065486,61.53012927
8.017285553,337.6804864,29.54722808,119.2639279,102.5801686,1.7625465,64.151595,53.0523648,,113.1275997,48.36861675,21.42867636,0.88491312,37.3686264,64.93077801,41.12519437,60.98049846,0.497007891,205.5762383,3.5124084,4.8931938,60.654744,77.76833085,205.8379565,239.3666147,155.190708,27.75000971,1.341069741,136.6230186,6.554160082,140.6057886,87.85212445,68.65426064
28.49343075,,50.2491276,114.4219277,139.3337403,2.12816565,72.76063275,57.94720622,,114.2203356,57.1524228,31.320189,0.966057357,39.34136992,85.735881,37.48611555,66.4268931,0.93197115,288.2240618,3.51911385,5.394657441,54.6827274,88.42254707,205.5380659,233.4571189,173.1295017,36.1911564,1.488483,145.7437941,4.1003712,129.5550126,90.17558483,81.4044828
,,,,,,,,,,,,,,,,,,,,,,,,,,,,,,,,
,,,,,,,,,,,,,,,,,,,,,,,,,,,,,,,,
,,,,,,,,,,,,,,,,,,,,,,,,,,,,,,,,
,,,,,,,,,,,,,,,,,,,,,,,,,,,,,,,,
,,,,,,,,,,,,,,,,,,,,,,,,,,,,,,,,
,,,,,,,,,,,,,,,,,,,,,,,,,,,,,,,,
,,,,,,,,,,,,,,,,,,,,,,,,,,,,,,,,
,,,,,,,,,,,,,,,,,,,,,,,,,,,,,,,,
,,,,,,,,,,,,,,,,,,,,,,,,,,,,,,,,
,,,,,,,,,,,,,,,,,,,,,,,,,,,,,,,,
,,,,,,,,,,,,,,,,,,,,,,,,,,,,,,,,
20.55219723,187.7266814,,194.9834804,389.9854929,1.131612302,338.0842477,40.65519602,,268.0658442,116.0683344,21.15709875,4.903966004,36.56573988,,131.8290146,129.7778021,,374.6007405,12.49514647,8.276692169,65.5006707,190.197504,233.4628816,243.9901781,203.2443556,42.778935,77.99336775,,6.131795512,187.8240547,285.4983864,
18.083817,240.8295141,,232.4870013,366.2421264,1.12582008,346.4746488,35.01438118,,253.3877352,113.1707525,28.7508285,5.631798375,29.85413142,,130.4715357,133.0188121,,,13.03545472,8.996457946,87.80993842,217.7037,277.9057949,285.8513212,245.6603323,43.11660702,28.98561513,,7.3805823,224.559432,265.3540026,
16.89266715,424.3707537,,260.2847642,258.0580005,1.034457075,186.1506802,33.88407118,,192.0874838,114.6189322,39.5793,5.938360984,27.47892588,,137.034207,130.5759756,,,16.74528697,8.692440075,76.20351341,221.0351328,359.5163079,350.8692973,336.4570119,41.06038781,8.719617573,,7.39921392,283.5554762,257.2785773,
19.97943224,440.1044977,,279.5366565,147.2482665,0.809839351,96.49381365,37.1103876,,242.3675998,116.4020443,38.90885192,5.862671665,27.93328572,,129.3301763,134.1602136,,,21.7584738,8.534376,71.05752446,197.799217,454.9066618,434.763375,368.5673799,36.38682911,14.20912058,,7.13998665,290.3846112,294.1604968,
23.65199789,351.8421408,,274.35651,319.2807553,0.66231,313.0294581,47.5594848,,299.8559605,132.3484326,42.13720847,5.079965625,29.6027811,,134.0602099,150.019155,,,20.33778051,9.919830375,91.41006468,200.3423693,462.3525225,518.0647848,423.8347964,,19.04631246,,11.84237685,274.910048,293.5003937,
19.36167773,341.3430221,,236.466216,317.4712381,0.5641272,204.0596766,50.65549921,,307.7422444,180.005868,44.13858482,4.7718909,30.2505192,,145.6641981,173.2274626,,,21.8855196,10.24636459,90.67734137,199.8326478,468.081232,591.9027921,447.1602003,,60.1981254,,5.690736178,302.3592537,281.7601707,
,,,,,,,,,,,,,,,,,,,,,,,,,,,,,,,,
,,,,,,,,,,,,,,,,,,,,,,,,,,,,,,,,
,,,,,,,,,,,,,,,,,,,,,,,,,,,,,,,,
,,,,,,,,,,,,,,,,,,,,,,,,,,,,,,,,
,,,,,,,,,,,,,,,,,,,,,,,,,,,,,,,,
,,,,,,,,,,,,,,,,,,,,,,,,,,,,,,,,
,,,,,,,,,,,,,,,,,,,,,,,,,,,,,,,,
,,,,,,,,,,,,,,,,,,,,,,,,,,,,,,,,
,,,,,,,,,,,,,,,,,,,,,,,,,,,,,,,,
,,,,,,,,,,,,,,,,,,,,,,,,,,,,,,,,
,,,,,,,,,,,,,,,,,,,,,,,,,,,,,,,,
,,,,,,,,,,,,,,,,,,,,,,,,,,,,,,,,
,,,,,,,,,,,,,,,,,,,,,,,,,,,,,,,,
,,,,,,,,,,,,,,,,,,,,,,,,,,,,,,,,
,,,,,,,,,,,,,,,,,,,,,,,,,,,,,,,,
,,,,,,,,,,,,,,,,,,,,,,,,,,,,,,,,
,,,,,,,,,,,,,,,,,,,,,,,,,,,,,,,,
,,,,,,,,,,,,,,,,,,,,,,,,,,,,,,,,
7.111152,340.1824732,,310.7700756,187.6432277,22.39224615,127.9851002,81.62783953,,456.8473508,189.1209727,10.34386417,5.545890099,55.39251405,283.9410931,229.1044986,178.8738742,,,159.9612584,16.21497136,130.8879936,170.8493351,365.0786297,613.097574,350.2328948,75.69279923,18.43617373,,1.5477615,341.4332736,170.3329115,
6.374663941,386.6513325,,308.790145,174.4009981,20.03017181,134.2652625,62.741142,,434.9502223,191.8469872,9.6578811,5.23755936,51.09267428,249.1428012,227.1003461,171.2884704,,,197.3248533,29.33855506,130.4092543,181.9469264,382.5754805,581.7069781,312.429717,75.79911938,24.3668709,,1.51158825,293.5787932,171.0111467,
6.062040394,364.7414789,,273.7699281,181.6776054,17.05457227,142.284091,82.78686,,489.5353303,178.4788163,8.95491936,4.870813394,48.90178876,242.6883849,235.9788668,159.8749526,,,245.9801501,18.97509672,117.4735939,164.2955485,385.767279,768.2925023,301.9033232,78.01579331,17.03167074,,1.75096404,254.1451166,166.6942913,
6.09116327,316.1549401,,270.1468787,173.4881326,15.05651223,133.5576075,70.45609529,,459.0625267,163.7473887,8.376486368,5.22285289,47.44967027,234.4844321,214.9248988,151.4678147,,265.971762,223.4675314,19.192734,123.8820097,165.1420386,390.817327,1166.202966,322.8577313,62.48554245,6.254635709,,1.862571269,240.2280504,147.1810257,
6.1225524,337.3487168,,228.2166042,177.3066448,12.73195584,128.1392471,43.33765783,,390.0610485,76.53630629,8.71755885,4.6152477,50.3753445,222.2691667,187.2705139,157.7055366,,278.902311,220.8311824,18.26372813,111.1155646,149.390568,307.5293223,953.8664321,297.8496549,49.29674823,3.56769225,,1.5935265,226.8217874,146.1601266,
,,,,,,,,,,,,,,,,,,,,,,,,,,,,,,,,
,,,,,,,,,,,,,,,,,,,,,,,,,,,,,,,,
,,,,,,,,,,,,,,,,,,,,,,,,,,,,,,,,
,,,,,,,,,,,,,,,,,,,,,,,,,,,,,,,,
,,,,,,,,,,,,,,,,,,,,,,,,,,,,,,,,
,,,,,,,,,,,,,,,,,,,,,,,,,,,,,,,,
3.8617992,170.2106784,,144.9344705,67.35190503,1.9100988,49.18857842,44.7581599,0.5795631,163.343385,82.33761513,6.048108,3.1112424,21.9147768,157.5563009,82.3966101,80.58219258,,83.5642548,191.6322611,10.43425125,45.75817307,86.61651303,200.880918,355.2842183,174.5731575,13.5134811,0.8700696,,1.18039275,133.1706798,130.2823238,
,,,,,,,,,,,,,,,,,,,,,,,,,,,,,,,,
,,,,,,,,,,,,,,,,,,,,,,,,,,,,,,,,
,,,,,,,,,,,,,,,,,,,,,,,,,,,,,,,,
,,,,,,,,,,,,,,,,,,,,,,,,,,,,,,,,
,,,,,,,,,,,,,,,,,,,,,,,,,,,,,,,,
,,,,,,,,,,,,,,,,,,,,,,,,,,,,,,,,
,,,,,,,,,,,,,,,,,,,,,,,,,,,,,,,,
,,,,,,,,,,,,,,,,,,,,,,,,,,,,,,,,
,,,,,,,,,,,,,,,,,,,,,,,,,,,,,,,,
,,,,,,,,,,,,,,,,,,,,,,,,,,,,,,,,
,,,,,,,,,,,,,,,,,,,,,,,,,,,,,,,,
,,,,,,,,,,,,,,,,,,,,,,,,,,,,,,,,
,,,,,,,,,,,,,,,,,,,,,,,,,,,,,,,,
,,,,,,,,,,,,,,,,,,,,,,,,,,,,,,,,
,,,,,,,,,,,,,,,,,,,,,,,,,,,,,,,,
,,,,,,,,,,,,,,,,,,,,,,,,,,,,,,,,
,,,,,,,,,,,,,,,,,,,,,,,,,,,,,,,,
,,,,,,,,,,,,,,,,,,,,,,,,,,,,,,,,
,,,,,,,,,,,,,,,,,,,,,,,,,,,,,,,,
,,,,,,,,,,,,,,,,,,,,,,,,,,,,,,,,
,,,,,,,,,,,,,,,,,,,,,,,,,,,,,,,,
,,,,,,,,,,,,,,,,,,,,,,,,,,,,,,,,
,,,,,,,,,,,,,,,,,,,,,,,,,,,,,,,,
,,,,,,,,,,,,,,,,,,,,,,,,,,,,,,,,
,,,,,,,,,,,,,,,,,,,,,,,,,,,,,,,,
,,,,,,,,,,,,,,,,,,,,,,,,,,,,,,,,
,,,,,,,,,,,,,,,,,,,,,,,,,,,,,,,,
,,,,,,,,,,,,,,,,,,,,,,,,,,,,,,,,
,,,,,,,,,,,,,,,,,,,,,,,,,,,,,,,,
,,,,,,,,,,,,,,,,,,,,,,,,,,,,,,,,
,,,,,,,,,,,,,,,,,,,,,,,,,,,,,,,,
,,,,,,,,,,,,,,,,,,,,,,,,,,,,,,,,
,,,,,,,,,,,,,,,,,,,,,,,,,,,,,,,,
,,,,,,,,,,,,,,,,,,,,,,,,,,,,,,,,
,,,,,,,,,,,,,,,,,,,,,,,,,,,,,,,,
,,,,,,,,,,,,,,,,,,,,,,,,,,,,,,,,
,,,,,,,,,,,,,,,,,,,,,,,,,,,,,,,,
,,,,,,,,,,,,,,,,,,,,,,,,,,,,,,,,
,,,,,,,,,,,,,,,,,,,,,,,,,,,,,,,,
,,,,,,,,,,,,,,,,,,,,,,,,,,,,,,,,
,,,,,,,,,,,,,,,,,,,,,,,,,,,,,,,,
,,,,,,,,,,,,,,,,,,,,,,,,,,,,,,,,
,,,,,,,,,,,,,,,,,,,,,,,,,,,,,,,,
,,,,,,,,,,,,,,,,,,,,,,,,,,,,,,,,
,,,,,,,,,,,,,,,,,,,,,,,,,,,,,,,,
,,,,,,,,,,,,,,,,,,,,,,,,,,,,,,,,
,,,,,,,,,,,,,,,,,,,,,,,,,,,,,,,,
7.40847195,401.0747076,,257.1321839,162.9828608,12.23430437,99.94180892,96.47530067,,1065.672015,,5.499717264,6.463057501,33.32634435,,152.0347672,148.8906586,,223.1420846,26.98402005,16.08901908,170.7889719,215.5999923,429.1104874,456.4010825,380.2202755,14.02039297,3.45596625,498.7240615,3.306523382,293.1082408,233.8456311,
6.454008114,358.8911381,,216.8918087,143.6994513,13.24356952,87.96189363,50.87469736,,505.5127846,,4.147659002,6.276082501,33.80732674,,135.4958013,132.9180705,,207.2682203,26.13863217,14.5104912,114.0116671,202.882695,464.2180699,537.0440913,362.3752755,11.0361825,2.5207632,483.2818138,4.471204726,266.9692135,221.316921,
,,,,,,,,,,,,,,,,,,,,,,,,,,,,,,,,
,,,,,,,,,,,,,,,,,,,,,,,,,,,,,,,,
,,,,,,,,,,,,,,,,,,,,,,,,,,,,,,,,
,,,,,,,,,,,,,,,,,,,,,,,,,,,,,,,,
,,,,,,,,,,,,,,,,,,,,,,,,,,,,,,,,
,,,,,,,,,,,,,,,,,,,,,,,,,,,,,,,,
,,,,,,,,,,,,,,,,,,,,,,,,,,,,,,,,
,,,,,,,,,,,,,,,,,,,,,,,,,,,,,,,,
,,,,,,,,,,,,,,,,,,,,,,,,,,,,,,,,
,,,,,,,,,,,,,,,,,,,,,,,,,,,,,,,,
,,,,,,,,,,,,,,,,,,,,,,,,,,,,,,,,
,,,,,,,,,,,,,,,,,,,,,,,,,,,,,,,,
,,,,,,,,,,,,,,,,,,,,,,,,,,,,,,,,
,,,,,,,,,,,,,,,,,,,,,,,,,,,,,,,,
,,,,,,,,,,,,,,,,,,,,,,,,,,,,,,,,
,,,,,,,,,,,,,,,,,,,,,,,,,,,,,,,,
,,,,,,,,,,,,,,,,,,,,,,,,,,,,,,,,
,,,,,,,,,,,,,,,,,,,,,,,,,,,,,,,,
,,,,,,,,,,,,,,,,,,,,,,,,,,,,,,,,
,,,,,,,,,,,,,,,,,,,,,,,,,,,,,,,,
,,,,,,,,,,,,,,,,,,,,,,,,,,,,,,,,
,,,,,,,,,,,,,,,,,,,,,,,,,,,,,,,,
,,,,,,,,,,,,,,,,,,,,,,,,,,,,,,,,
,,,,,,,,,,,,,,,,,,,,,,,,,,,,,,,,
,,,,,,,,,,,,,,,,,,,,,,,,,,,,,,,,
,,,,,,,,,,,,,,,,,,,,,,,,,,,,,,,,
,,,,,,,,,,,,,,,,,,,,,,,,,,,,,,,,
,,,,,,,,,,,,,,,,,,,,,,,,,,,,,,,,
,,,,,,,,,,,,,,,,,,,,,,,,,,,,,,,,
,,,,,,,,,,,,,,,,,,,,,,,,,,,,,,,,
,,,,,,,,,,,,,,,,,,,,,,,,,,,,,,,,
,,,,,,,,,,,,,,,,,,,,,,,,,,,,,,,,
,,,,,,,,,,,,,,,,,,,,,,,,,,,,,,,,
2.533729699,129.7169872,10.35017595,115.7548145,43.06626032,1.617374479,26.44441092,37.70668416,1.610778801,155.7396086,44.44699838,6.793047281,1.632296185,24.9775974,63.95930329,42.73989233,42.37883962,0.472850544,55.61331749,21.44950322,7.665230533,35.68568876,61.28320963,173.2288742,218.7908577,154.8305105,3.895170666,0.701944869,,1.10447955,118.694862,93.18196731,
2.237814337,181.8427729,9.93831694,87.89404908,41.42174253,1.5619392,29.77950116,37.59060579,1.409238,151.1622439,45.58405628,5.072795978,1.441879263,28.24717557,69.65999492,28.65894413,38.43697895,0.421831463,51.94843843,20.87613,7.720196401,37.99563019,58.60111322,166.43149,209.6971768,204.5451035,3.879547482,0.671793755,,1.427466887,111.5375326,105.5948431,
,,,,,,,,,,,,,,,,,,,,,,,,,,,,,,,,
,,,,,,,,,,,,,,,,,,,,,,,,,,,,,,,,
,,,,,,,,,,,,,,,,,,,,,,,,,,,,,,,,
,,,,,,,,,,,,,,,,,,,,,,,,,,,,,,,,
,,,,,,,,,,,,,,,,,,,,,,59.739444,,,,,,,,,,
,,,,,,,,,,,,,,,,,,,,,,,,,,,,,,,,
3.150259164,149.6824346,7.2656892,85.85389938,40.834044,1.847120625,37.84388917,26.99586934,1.2415005,108.2241167,45.26953295,0.315532125,1.0155699,23.6526696,67.47484514,43.74293897,43.65878603,0.383958225,53.00600684,20.04176115,6.619083075,36.45797513,,121.3003796,163.7581914,103.837527,2.783823806,0.9990864,,1.09209546,84.5306486,90.71444816,
3.281985,145.3528952,6.749229784,86.74491698,44.87236319,1.653577205,32.56676303,34.46409735,0.883449113,106.0121916,45.61988728,1.59518592,0.965037645,30.79797869,56.05729336,42.96988743,44.03762046,0.3988035,53.41324976,19.06666869,6.685054201,30.97518827,,122.7756901,151.5926493,116.8654029,3.135953085,0.87469065,,1.520247488,86.76228334,88.73996179,37.4772636
4.235707351,147.4270457,8.221145628,105.5980364,40.5494343,1.64324538,29.06331759,34.850331,1.255919175,110.5631957,46.97743904,4.335986679,0.85381695,32.70414582,63.63764193,44.27911008,47.49208013,0.452326005,53.54633427,16.94573657,6.312752213,37.40767677,,130.8977813,149.2225875,117.8685267,3.361505401,0.999870532,,1.019402954,105.105293,93.14324431,27.37968885
5.386039989,154.7494455,6.803223752,125.8855466,37.66478865,1.5540525,26.77958584,29.08084032,,126.0826277,48.00770912,6.901438275,0.8873712,22.15163595,71.880858,45.47231289,45.6323275,0.56400166,49.77439842,18.85630664,6.3531135,38.94705723,52.26606,126.7091618,158.9854719,130.3683893,3.350977603,1.0227438,,0.780788025,105.3694177,165.6938093,34.79918871
,134.7794431,6.98878908,122.2776398,39.27715394,1.578542175,30.09881633,28.62680832,1.11763206,148.5119189,48.44198629,3.904440165,1.0008981,21.77418713,78.48632698,44.40882712,47.52484483,0.75195945,49.6671507,18.42009755,5.914341563,33.5358063,49.89022874,118.6739238,162.1569197,109.4577827,3.00621375,0.901773,,0.963840195,102.2360588,144.4726951,33.51859164
,138.3457948,6.135205773,124.4888352,47.65010425,1.600971413,30.01759614,24.3537516,1.083205144,150.0963381,48.74988242,5.05793322,0.924828975,17.8204617,69.85909697,45.21795302,44.90509996,0.700914252,49.55155896,14.63207976,5.262107896,31.31162531,48.10384944,130.011804,164.1603775,113.911351,3.671955869,0.688122894,,0.978730257,104.4493356,94.131477,29.45503167
,147.0555146,5.56168437,120.8544867,38.45093166,1.526383305,26.72787105,22.57680246,0.99713835,144.603959,46.2852996,3.341683821,0.8073,15.15444363,65.10214621,41.56282206,42.99077027,0.604743165,43.67091374,13.1188113,4.946210325,27.53266748,44.51752061,157.793886,166.8937001,129.3964551,4.4168544,0.52156386,,1.00758033,109.6667432,91.71121752,26.34530869
,146.9344988,5.11971975,110.0137019,37.67240239,1.37040795,23.8241844,17.6858802,0.813715875,144.7838044,43.33616742,4.3316505,0.75851235,14.09345629,58.39824295,38.66205768,40.43079495,0.471990037,39.32569271,11.27934518,4.891536,28.19033483,41.53919018,133.766154,158.4549074,155.1654819,4.202571601,0.4610034,,0.9642834,100.7770188,81.61104108,23.19152648
,,,,,,,,,,,,,,,,,,,,,,,,,,,,,,,,
,,,,,,,,,,,,,,,,,,,,,,,,,,,,,,,,
,,,,,,,,,,,,,,,,,,,,,,,,,,,,,,,,
,,,,,,,,,,,,,,,,,,,,,,,,,,,,,,,,
,,,,,,,,,,,,,,,,,,,,,,,,,,,,,,,,
,,,,,,,,,,,,,,,,,,,,,,,,,,,,,,,,
,,,,,,,,,,,,,,,,,,,,,,,,,,,,,,,,
,,,,,,,,,,,,,,,,,,,,,,,,,,,,,,,,
,,,,,,,,,,,,,,,,,,,,,,,,,,,,,,,,
,,,,,,,,,,,,,,,,,,,,,,,,,,,,,,,,
,,,,,,,,,,,,,,,,,,,,,,,,,,,,,,,,
,,,,,,,,,,,,,,,,,,,,,,,,,,,,,,,,
,,,,,,,,,,,,,,,,,,,,,,,,,,,,,,,,
4.285576352,76.21810477,1.772501371,,24.6056778,0.715401902,18.11961196,20.63016,0.755520088,88.75941225,33.52940615,4.953794625,0.6149439,11.9231375,47.69774748,36.789066,32.38037708,0.279046344,29.73242903,6.147237827,4.549005091,28.08895287,39.43409669,95.90650654,102.0709118,80.14441563,3.137800547,0.746290343,,1.017900035,77.61815269,85.05280235,19.0335663
3.183136394,80.1887404,1.588740075,,23.29610355,0.646460098,16.77743115,19.83774672,0.79451982,89.78182293,31.17729939,5.2338555,0.57920859,12.39407411,41.5065519,34.4897595,30.77965776,0.301038069,28.10329673,5.36704704,4.4389593,41.09362551,36.8697582,91.08158538,101.7397509,80.3806335,2.787108254,5.3839809,,0.96948036,75.91040359,101.2296111,22.45265568
2.786307776,76.53357628,1.381182724,,24.91357905,0.633972377,18.62308245,24.24798207,0.797917713,95.36776704,30.08951932,5.28788169,0.48735,14.67177079,34.43555923,31.15396148,29.4945354,0.274005894,26.45959254,5.31657,4.41958815,28.59108848,34.44069578,89.8232004,94.75581261,81.10229196,2.838756375,0.51646518,,1.26761355,77.22113095,107.6708984,21.67145118
2.2754439,78.25258634,3.38091975,,26.69316019,0.617172413,18.8619165,24.48892787,0.7302879,94.00185858,29.32269795,5.08349925,0.538804832,15.92697634,32.0645277,29.55859189,27.9171603,0.254723738,26.3271222,5.344704,4.438989,23.8703085,32.4331425,93.9196296,94.05319815,80.26165752,1.826928,0.440792995,,1.0121355,78.64916842,104.540493,17.49837856
2.1706704,97.71284475,0.906238463,,27.6441174,0.613157513,23.02321489,23.15948794,0.17353575,95.1481287,28.62932749,5.81319585,0.5579523,15.31618909,37.45224,28.30984121,28.061154,0.27249615,27.40775231,8.511485063,5.062115588,30.18625481,30.40280021,116.1972972,98.69457288,84.36371135,1.4618772,0.4155516,,,80.0359836,96.44854275,20.81037319
2.222234978,92.86217767,1.0475973,,23.5413783,0.591926738,20.9378574,23.51635605,0.16874325,94.0554342,28.98924998,5.573277475,0.4778109,15.8008158,39.6539955,27.09427219,27.67563079,0.258957675,26.8691175,6.164326125,4.9500531,27.0387963,28.9337546,100.939906,102.6894682,86.98665974,1.314387,0.408096005,,,71.71064258,85.82654666,21.65769394
2.171782822,109.7262275,1.225215025,,23.82417197,0.596351252,19.9716489,22.664205,0.16380225,94.25652348,29.20100605,4.6494,0.445068,15.80117854,36.33771375,26.4071338,27.7097652,0.2499336,25.3567908,5.772460534,4.7288124,24.77595613,27.9446312,97.1621325,101.1060495,91.8396225,1.361349031,0.3776409,,,69.37985192,73.87605698,20.10678323
2.017008,112.6416564,1.10481975,,25.9018155,0.589248,23.1450912,23.06666565,0.635877,98.32938979,35.727885,4.6641825,0.435564,14.53155525,35.1641304,25.83335295,28.494504,0.2141316,25.44762825,6.92496,4.7007,24.913629,26.5403601,97.10812983,106.0495146,85.54095723,1.2707604,0.4373136,,1.5950709,69.53455128,89.2617327,20.9122992
,,,,,,,,,,,,,,,,,,,,,,,,,,,,,,,,
,,,,,,,,,,,,,,,,,,,,,,,,,,,,,,,,
,,,,,,,,,,,,,,,,,,,,,,,,,,,,,,,,
1.8449775,75.5012772,1.243360125,,24.1995924,0.504244575,15.036516,15.92131815,0.494353125,86.71230634,32.08454145,3.62460825,0.404433,10.1761704,,24.64793145,26.78499495,0.24948,25.26359423,6.218639325,4.1648931,20.94594863,25.4695104,94.50146475,102.5794854,,1.0737711,0.308448,,1.2421458,61.91262945,80.38076445,
1.9618848,73.4521264,1.04668065,,21.80976165,0.484581825,13.8169935,13.31790559,0.4521825,77.1969447,32.430942,2.960836875,0.397845,9.14409,,24.41009351,25.19009213,0.276356475,25.729515,6.277477387,4.266373275,19.39070576,24.73079648,91.8380484,94.06696388,,1.1900196,0.272043563,,1.3234995,58.18153489,67.35312675,
2.01753585,79.28846393,0.951775987,,20.85742575,0.475308,15.7706757,13.48942421,0.498782813,70.54060402,31.64505469,3.046476623,0.3921885,9.2317239,,24.37788319,24.2279856,0.27625185,25.9996878,6.026176772,4.188395321,17.98692143,23.94240863,85.64796633,90.0351652,,1.46698695,0.276383254,,1.15642215,57.36297353,62.85023145,
2.01504105,69.5918743,1.13321025,,21.7095714,0.48344445,12.89791147,15.61687425,0.5031234,70.12740648,31.0198005,1.4676849,0.38563425,11.4847605,,25.38747225,25.3810584,0.2408616,26.64935438,5.7513834,4.0119165,16.3742472,23.6608452,81.85130463,89.78556783,,1.1265966,0.27405405,,,57.9602817,69.080715,
,,,,,,,,,,,,,,,,,,,,,,,,,,,,,,,,
,,,,,,,,0.4131459,,,,,,,,,,,,,,,,,,,,,,,,
,,,,,,,,,,,,,,,,,,,,,,,,,,,,,,,,
2.739368362,61.9779823,1.072771088,,20.02363942,0.5675994,15.5416212,15.4697445,,72.5093775,34.1187147,,0.36234,11.07232504,,26.0660025,23.3875593,0.278396663,27.51551944,5.915337188,4.00542705,21.0823722,25.52712233,77.94928185,86.89302003,,1.288571625,0.452021394,,1.1213397,55.9875888,69.82777935,
2.6391744,67.70388986,0.9528651,,20.69598668,0.54219375,16.67264918,13.8801033,,70.6421331,34.84782,,0.35505,12.04408035,,,23.74896915,0.260954325,26.14132575,5.719673925,4.151844,19.77391845,25.5987459,72.99588378,80.89322583,,2.30724315,0.3842775,,1.0892583,57.4277769,57.492315,
,,,,,,,,,,,,,,,,,,,,,,,,,,,,,,,,
,,,,,,,,,,,,,,,,,,,,,,,,,,,,,,,,
,,,,,,,,,,,,,,,,,,,,,,,,,,,,,,,,
,,,,,,,,,,,,,,,,,,,,,,,,,,,,,,,,
,,,,,,,,,,,,,,,,,,,,,,,,,,,,,,,,
2.24241075,,0.908499375,119.1759318,18.45170145,0.4618215,14.73771915,11.45714288,0.3111885,76.66684361,29.38672913,2.4335127,0.315927,7.67991375,,23.5117701,19.3480515,0.24016905,24.29872898,5.1767829,3.755248425,15.09276038,23.88462525,74.5899354,,,6.2945046,0.30113775,,0.842339925,66.1452183,106.5589452,13.5119502
2.29491358,,2.5567974,110.0863062,17.96489267,0.430069498,13.69754044,18.38590819,0.25622325,42.13369813,27.84743387,1.754110688,0.31012875,13.3574427,,23.61019517,18.10612063,0.22231125,25.55499314,4.9821642,3.587733,13.8094136,24.24455984,78.14921392,,64.82356023,6.220466967,0.29129625,,0.885715425,66.93736524,188.5402168,11.15569395
2.202935195,,0.4883571,92.6085474,17.461008,0.41564475,10.50470763,14.24692395,,54.49371876,27.49869466,2.180736017,0.3046005,10.5936741,,22.7765412,18.5330997,,24.72790965,4.95859104,3.31807968,16.51735125,23.64638708,80.98445452,,65.42456862,6.325624125,0.275535004,,0.84384396,62.56873914,90.69232518,10.41088535
2.254356022,,0.391098623,89.2823688,15.52890433,0.404496002,8.7279444,12.42550125,,72.80156205,25.79872066,2.1646845,0.29965275,8.347374,,23.16323311,18.2010348,,22.829175,4.82213158,3.2234733,18.6384628,23.03636865,80.26283925,,63.92537553,6.11709747,0.277159725,,0.862326,63.5120595,74.1311325,11.96746313
,,,,,,,,,,,,,,,,,,,,,,,,,,,,,,,,
,,,,,,,,,,,,,,,,,,,,,,,,,,,,,,,,
3.17806875,,0.65980575,103.9406135,17.1068706,0.55515375,12.90603645,15.68720385,0.21017475,78.7193478,26.4260313,0.24241275,0.284445,10.402992,,22.80854295,17.10681525,,24.87041348,4.481892,3.3368274,19.4579901,25.42364685,74.9500992,,66.79386691,3.9221496,0.448303944,,0.80601885,63.76593983,82.0345887,14.96452444
3.0767688,,0.53414235,97.01565075,16.871814,0.697845375,14.77193963,13.3919425,0.22878855,78.92774668,26.97582083,1.071139034,0.279018,10.099188,,23.1610644,17.8961535,,25.66184085,4.492470938,3.330077336,19.63343813,27.01453073,75.64182589,,64.31241448,4.152519,0.420272994,,0.8359956,62.18678846,86.06368598,17.852913
,,,,,,,,,,,,,,,,,,,,,,,,,,,,,,,,
2.6900694,,8.1410346,129.065157,20.5984944,0.805923,16.1843157,14.10487155,0.1979856,75.2964984,27.1862487,2.1614526,0.26881875,8.5522635,,23.533686,17.0266752,,22.510818,4.4159337,3.3882219,15.81309135,27.5498982,71.0846766,,61.3504881,5.07677625,0.31587165,,1.0066329,65.59662285,,13.99563495
,,,,,,,,,,,,,,,,,,,,,,,,,,,,,,,,
,,,,,,,,,,,,,,,,,,,,,,,,,,,,,,,,
,,,,,,,,,,,,,,,,,,,,,,,,,,,,,,,,
,,,,,,,,,,,,,,,,,,,,,,,,,,,,,,,,
,,,,,,,,,,,,,,,,,,,,,,,,,,,,,,,,
,,,,,,,,,,,,,,,,,,,,,,,,,,,,,,,,
,,,,,,,,,,,,,,,,,,,,,,,,,,,,,,,,
,,,,,,,,,,,,,,,,,,,,,,,,,,,,,,,,
,,,,,,,,,,,,,,,,,,,,,,,,,,,,,,,,
,,,,,,,,,,,,,,,,,,,,,,,,,,,,,,,,
,,,,,,,,,,,,,,,,,,,,,,,,,,,,,,,,
3.11175357,,0.3306015,69.8411997,13.4351217,0.364145398,8.972519307,10.7397576,,45.6307344,27.30560416,1.921387515,0.234215985,8.431028968,,20.0390247,17.58418216,0.177768,22.7706228,4.812768018,2.254759248,13.2437916,23.5197108,68.4304896,85.92901233,55.76744852,5.831179233,0.207946804,91.9235736,0.75339182,46.32112327,,9.1449324
3.0571722,,0.374727622,75.628674,11.16179831,0.384642,7.9716447,10.6855848,0.14418675,44.74735408,26.5205097,1.333449,0.274643086,9.470034,,18.884988,16.6698972,0.1597968,22.19055286,4.732668,2.326671853,12.69243,22.41819975,65.9212128,83.9609658,54.34429438,6.115226433,0.212850004,148.7442324,0.590004,47.09731477,,9.6228
,,,,,,,,,,,,,,,,,,,,,,,,,,,,,,,,
2.4568407,,0.3265515,72.5823018,11.5275096,0.45673875,9.0154053,15.0799779,0.1454409,82.8562608,25.9810335,1.9161198,0.2579364,11.48412532,,18.27817515,18.19904895,0.381475575,21.5200908,4.8692799,2.2667688,14.89705425,19.66935353,69.7947354,76.69710588,58.01472048,6.2873415,0.2857734,84.88073633,0.5609142,49.84300035,,9.74649645
,,,,,,,,,,,,,,,,,,,,,,,,,,,,,,,,
,,,,,,,,,,,,,,,,,,,,,,,,,,,,,,,,
,,,,,,,,,,,,,,,,,,,,,,,,,,,,,,,,
,,,,,,,,,,,,,,,,,,,,,,,,,,,,,,,,
2.72692035,61.3031652,0.3176145,44.1050832,12.69720495,0.348716137,9.8200674,13.93996973,0.097346813,48.34343115,21.64261916,1.697531175,0.20480175,12.13630898,,19.0747737,16.0637877,0.1725867,16.61608147,4.481676338,2.454732,12.80318738,19.62575528,66.71523488,76.815054,47.7151587,3.747779213,0.29412558,77.4352224,0.619518713,42.2178993,28.87491544,10.52745053
2.632206173,62.65117265,0.31585275,41.97961195,12.56013709,0.351145127,8.458621425,15.16969728,0.093532725,48.46173948,21.98249685,1.70514342,0.201798,11.66853957,,18.83986088,17.13389791,0.16885395,16.69116006,4.651965,2.38439214,14.70483009,20.06939326,68.93182782,77.5078983,50.6955834,3.718543077,0.268890754,76.26017991,0.65481075,45.29041581,30.83384678,10.76700438
2.827308624,60.51879157,0.3172905,35.34462,10.320129,0.344227387,8.031004875,12.8557962,0.0886896,57.31333361,21.98172431,1.749478515,0.19969875,10.08582908,,19.21368094,17.031222,0.1799955,16.958052,4.7471994,2.4125256,15.39524475,20.8611963,68.67185878,74.78027793,,5.53240935,0.275289304,78.34039605,,45.9193347,28.40440804,12.69191709
,,,,,,,,,,,,,,,,,,,,,,,,,,,,,,,,
,,,,,,,,,,,,,,,,,,,,,,,,,,,,,,,,
,,,,,,,,,,,,,,,,,,,,,,,,,,,,,,,,
,,,,,,,,,,,,,,,,,,,,,,,,,,,,,,,,
,,,,,,,,,,,,,,,,,,,,,,,,,,,,,,,,
,,,,,,,,,,,,,,,,,,,,,,,,,,,,,,,,
,,,,,,,,,,,,,,,,,,,,,,,,,,,,,,,,
,,,,,,,,,,,,,,,,,,,,,,,,,,,,,,,,
,,,,,,,,,,,,,,,,,,,,,,,,,,,,,,,,
,,,,,,,,,,,,,,,,,,,,,,,,,,,,,,,,
,,,,,,,,,,,,,,,,,,,,,,,,,,,,,,,,
,,,,,,,,,,,,,,,,,,,,,,,,,,,,,,,,
,,,,,,,,,,,,,,,,,,,,,,,,,,,,,,,,
,,,,,,,,,,,,,,,,,,,,,,,,,,,,,,,,
,,,,,,,,,,,,,,,,,,,,,,,,,,,,,,,,
,,,,,,,,,,,,,,,,,,,,,,,,,,,,,,,,
,,,,,,,,,,,,,,,,,,,,,,,,,,,,,,,,
,,,,,,,,,,,,,,,,,,,,,,,,,,,,,,,,
,,,,,,,,,,,,,,,,,,,,,,,,,,,,,,,,
3.69328005,58.4319852,0.36437175,9.0605493,18.11563988,0.738377775,22.914333,23.42872552,,112.6856394,25.8077016,1.45955115,0.18335025,10.9472688,,23.95400513,20.13361313,0.23234445,27.233739,7.3838574,2.56154535,19.2965355,24.2578746,106.5508506,123.8039276,92.951469,4.515584625,0.6628473,85.71912079,0.4344921,63.12469185,31.3627356,18.097857
4.23133017,71.2350373,0.3526875,32.88594482,27.16200554,0.693805053,16.09954099,12.59280675,0.0816102,98.678844,25.29431118,1.059600116,0.181926,10.0891008,,25.0701426,20.72339082,0.256755144,26.25800777,7.016287472,2.882201345,21.4044211,24.2665065,109.4107036,115.5967948,84.3872248,5.302778436,0.556218005,88.14193327,0.71416802,63.11673839,33.54218982,16.43567794
4.674201188,81.94805438,0.33475275,37.7566569,18.495675,0.6511239,14.95971281,10.745568,,99.87318641,24.51520384,0.914179535,0.180846,9.0324828,,24.22245229,19.88443181,0.270135,24.52438148,7.034669775,2.645775053,16.67446358,23.41777095,114.330857,111.5302981,99.29775019,4.886340188,0.5101866,90.45458261,0.6720813,63.78003622,34.44870938,18.2198809
5.2058727,78.2197344,0.320652,35.76386279,17.50355325,0.583970848,36.7751917,10.61642295,,88.96679496,23.75484103,0.96723396,0.180171,8.1631962,,23.9284804,20.98430955,0.284971494,22.8570228,7.2345798,2.53604844,12.61344231,22.79722725,112.1570237,113.0063665,93.4757307,4.721804359,0.50842512,93.13336669,0.41691888,62.71198666,33.95825978,14.08345812
6.135861375,85.8666744,0.312147,31.46391067,18.08003835,0.507745125,13.1107086,11.469546,0.08048565,94.7461185,23.17363425,1.03579965,0.17885475,8.518018725,,23.388507,20.53215,0.2871504,22.6864341,7.5005919,2.49912,11.75204835,22.74033352,111.4252848,118.686843,92.21007603,4.62488535,0.4950126,,0.452860875,62.4334311,32.96155883,10.80183735
,,,,,,,,,,,,,,,,,,,,,,,,,,,,,,,,
,,,,,,,,,,,,,,,,,,,,,,,,,,,,,,,,
,,,,,,,,,,,,,,,,,,,,,,,,,,,,,,,,
6.568587675,109.6368919,1.650594037,46.2627207,12.64974773,0.36617265,12.85775168,14.07515906,,89.89376865,24.52338788,1.772639956,0.17434575,12.0615912,,13.82047042,18.96135176,0.3831327,24.53268701,7.892057813,2.39271975,14.4050724,24.59416129,104.7863628,118.9829347,80.531901,2.728056375,0.61166664,82.6126722,0.4504248,59.5843243,31.56375769,12.47487696
6.619077,103.4237137,0.3269835,47.21891552,12.8716452,0.3764529,13.905908,14.3298882,0.0507573,87.9576057,25.22388582,2.061126,0.1735155,12.6866412,,14.54147802,19.7127675,0.286624806,24.63917418,8.038130372,2.2814271,15.1732178,25.2826272,98.0856864,122.228379,79.35110325,2.3357052,0.6364224,82.9927458,0.4735962,59.80659721,33.2193582,13.1717772
,,,,,,,,,,,,,,,,,,,,,,,,,,,,,,,,
,,,,,,,,,,,,,,,,,,,,,,,,,,,,,,,,
5.510295,96.3685134,0.3901095,64.122408,20.885202,0.685918797,18.03816,14.86022049,,83.0892411,21.84840018,2.0464002,0.1911465,9.86923444,,5.909558585,19.7812692,0.5158404,20.13085332,7.838218827,2.4416505,15.8149934,27.3488724,92.30170182,105.7403867,72.271602,4.9523616,0.70804125,99.525024,0.779844619,77.0681469,27.15486139,17.52743813
4.7656512,96.4668096,0.376002,62.21725668,20.12087952,0.63747594,18.34937928,11.92348552,0.1379376,85.26172185,23.6809737,2.3315985,0.1855575,8.55463788,,4.9178826,18.42035256,0.354996,19.48101084,6.99547212,2.3870781,15.04441728,25.95320028,85.4949519,103.8603627,72.71647627,5.3785755,0.60155865,112.4728605,0.4473576,77.9291685,27.2758752,14.86112063
,,,,,,,,,,,,,,,,,,,,,,,,,,,,,,,,
,,,,,,,,,,,,,,,,,,,,,,,,,,,,,,,,
,,,,,,,,,,,,,,,,,,,,,,,,,,,,,,,,
,,,,,,,,,,,,,,,,,,,,,,,,,,,,,,,,
,,,,,,,,,,,,,,,,,,,,,,,,,,,,,,,,
4.11895983,95.25222048,0.308124,41.09759338,15.44832888,0.3289275,13.3505351,13.63933359,,87.73035885,20.0617317,4.8706785,0.167832,10.39856223,,22.31707484,17.35100625,0.351892806,20.94023865,5.977150177,2.4913008,11.5020486,23.70547695,95.53211862,93.78107689,78.891219,5.500088067,0.458451005,101.4977291,5.4462105,70.399044,28.89202663,10.4651117
4.2354225,99.3081627,0.308097,48.6502848,13.39689375,0.3104892,12.116115,12.5417808,,85.12478865,20.16146025,4.8990987,0.183249,10.6578045,,21.9698622,18.2137032,0.2451033,20.3469948,5.4817155,2.277801,12.7003869,24.78631995,94.2622272,101.4091029,82.08890325,5.2958583,0.3856545,103.165488,0.6722352,63.67359375,27.7314408,9.370647
,,,,,,,,,,,,,,,,,,,,,,,,,,,,,,,,
,,,,,,,,,,,,,,,,,,,,,,,,,,,,,,,,
,,,,,,,,,,,,,,,,,,,,,,,,,,,,,,,,
,,,,,,,,,,,,,,,,,,,,,,,,,,,,,,,,
4.4118,84.7359954,0.322758,36.02771325,10.4523723,0.25648245,11.973258,10.8729135,,61.053264,21.04187085,3.9094326,0.1589085,9.4442598,,106.2947286,19.0830114,0.4865994,18.1630809,4.439205,1.8407844,11.8019538,19.0616463,83.05717455,90.88597305,70.1659584,5.9598585,0.34279605,81.84411315,2.7544131,50.00913,25.31007,12.1822812
4.4120727,73.5158106,0.3281175,43.38318285,14.5929276,0.240532875,13.08727395,11.09849202,,61.7736132,21.57702773,23.5540872,0.1578285,9.783113175,,,19.167759,0.3446766,17.44157678,4.096240875,1.937196,11.0337552,18.1301139,83.69015742,86.40937602,69.3317664,6.1139799,0.32170878,86.77344308,1.29412404,48.8626803,27.6785262,10.31338103
3.7413333,72.17529408,1.878443325,40.10836338,13.71183552,0.232885125,12.47920506,10.1809656,,72.78270593,20.64713004,50.7424338,0.156681,10.07084948,,93.6368559,17.9808012,0.30756888,16.983972,3.836540025,1.89989145,11.695104,17.7451236,78.155955,85.39688115,68.17680225,6.21959904,0.29151225,91.901628,0.3840615,46.29610512,27.2507895,9.203327325
3.587966975,62.59014678,0.368712,37.86811172,12.35020129,0.229276802,10.693188,8.2687014,0.0738207,71.3724534,20.36151555,4.068324063,0.1872234,8.146143,,1028.595605,17.89379445,0.2561328,16.61870714,3.4307685,1.801548,11.7704826,18.3608667,74.68186006,81.66977326,62.96306899,7.974075552,0.3144258,76.7228436,0.352404018,47.0687085,26.87043256,9.153837
2.990958075,75.93986925,2.06572275,43.1642952,10.29388973,0.226984275,10.8811998,9.7004574,,68.25729398,20.32527938,5.09166135,0.1553985,9.307872,,29.89650533,18.16050375,0.22528125,17.26189988,3.000699,1.757386125,9.7908075,18.1967013,72.56071125,82.1711358,63.84086685,7.2475128,0.29943,74.02814775,0.3566268,43.97998073,27.61451595,9.153097875
2.6071659,86.5128681,0.421713,46.47389985,10.78480305,0.22252725,10.5642225,7.6048578,,66.94443855,19.709244,4.96442925,0.154872,8.937945,,21.2023008,17.8964262,0.29523285,18.986319,2.59938855,1.7854074,10.4803011,18.6709644,75.506418,77.1322635,63.35417025,8.793603,0.3331692,81.3285171,0.264519,41.71416975,27.7813098,7.1781714
2.604675621,77.7230689,0.4544235,45.37152873,11.37480828,0.22957155,9.773390791,7.77593088,,64.9464642,19.7530599,4.7385324,0.1546965,8.176220592,,8.570039252,17.575812,0.225617406,19.91285775,2.55268125,1.81766106,9.51273585,19.309509,74.361726,75.2375493,61.91548416,8.237736847,0.32196096,77.92043276,0.265923,46.00782523,27.44484734,7.2826371
2.6188272,77.99106398,0.48708,45.2734839,11.9964672,0.2278935,9.0882675,8.359833511,0.0711531,65.681618,19.8619965,5.1025194,0.1563705,8.8599177,,2.240919,17.92811475,0.2310984,20.01809093,2.42935605,1.8224892,9.33875289,19.97918055,81.10428971,70.79448828,61.3138167,7.93842525,0.3308256,75.3391125,0.357084018,47.17721745,28.17147075,7.652865692
2.566241979,65.7613553,0.5258655,43.406253,10.10903895,0.237211202,9.9099936,8.445609807,0.0841995,63.1123002,19.5875793,5.2659882,0.1589355,9.6531372,,2.281095,18.6520644,0.325016994,21.3565086,2.567376912,1.835516745,9.8549325,20.8500885,75.86675055,69.9351408,58.0263831,7.63036875,0.273686404,79.7305005,0.3224448,47.5789626,27.0413559,7.4838816
3.054904875,80.675487,0.557415,43.36427745,10.83310524,0.2503683,10.26620028,9.05168412,0.0794475,71.48497212,21.11722164,5.27132124,0.161298,11.2361418,,2.3699385,19.036944,0.6761232,24.06901392,2.48947668,1.83870324,9.90134496,21.9380238,76.948758,74.05578576,59.22815094,9.027153,0.39490956,87.70479694,0.27852552,47.4044238,27.40368024,7.29220536
5.1928047,89.062659,0.562761,58.7804553,10.02706935,0.2870721,10.2396069,12.79975284,0.075276,96.28462872,23.04875942,5.10273432,0.163188,12.579624,,2.5749765,20.62963512,4.5886824,27.3784266,2.69386074,3.1450518,9.8729504,23.67209178,87.41823426,76.70929014,62.93422008,26.03272313,0.4911759,,0.27613872,56.19358738,27.03671084,7.7073768
6.0500115,123.696886,0.5531355,62.93666907,9.5893875,0.3202551,10.379583,18.2217492,0.081224099,106.7529325,27.2184752,4.887329353,0.1642815,14.5299501,,2.9301345,24.133111,3.442500007,27.91992939,2.8914111,2.199043752,16.5540959,26.4907368,89.88934549,83.310606,96.33237074,28.0306656,0.6859215,112.1903455,0.299849418,56.16223171,28.06272,8.409901609
,,,,,,,,,,,,,,,,,,,,,,,,,,,,,,,,
,,,,,,,,,,,,,,,,,,,,,,,,,,,,,,,,
,,,,,,,,,,,,,,,,,,,,,,,,,,,,,,,,
,,,,,,,,,,,,,,,,,,,,,,,,,,,,,,,,
7.690221,224.3647728,0.927018,96.2208828,23.411349,0.369252,17.4929976,15.1025472,0.0960498,168.4151838,36.0108936,4.367223,0.1789965,16.086357,,4.1839065,28.3625685,2.0963448,22.7846304,5.5439208,1.7148105,21.373065,26.7714018,174.3735816,165.806433,134.7406515,43.9185483,0.783108,188.5855473,0.2694735,90.1893069,44.8423884,16.5431403
7.3207665,171.5515983,0.9133425,87.59107935,26.348895,0.3949776,18.5740128,15.64538895,0.1075599,247.8593656,34.66654875,4.5937692,0.2045142,16.3669167,,4.1800725,29.0617308,4.9160277,21.3457788,5.4459216,1.6850808,18.5182902,27.29001375,186.8478327,184.638447,158.7741037,61.4627676,0.7401375,236.4554025,0.272457,102.5363232,49.0464315,18.26609029
6.144200954,189.1904576,0.815589,72.5507145,25.46960744,0.242520298,18.50845489,15.201594,0.099511201,275.8777639,32.32382374,4.9609341,0.21461328,16.91852265,,4.036176,27.30491074,3.475702813,22.19296252,5.431862673,1.73074266,18.64511865,26.33518912,195.3777283,202.4473954,169.3679219,84.6681012,0.6895746,265.7539177,0.265653,110.3753858,48.8364369,17.4185603
5.666701455,182.6785143,0.6858,75.690747,29.33658,0.082282501,19.1351627,14.33905038,0.100489499,314.5631571,29.49438759,5.9778,0.1966275,16.8476544,,3.8004525,25.50565914,2.281324935,25.4323287,6.55374375,1.7070885,16.621524,25.41805133,211.1958328,222.3155268,229.9526334,96.27461884,0.583312505,276.3552128,0.27028404,120.1824886,49.52436255,16.741323
6.623830303,208.6418196,0.5778945,81.13745027,28.55875725,0.0134991,19.46352645,15.6596868,0.10524465,387.2904061,27.41022315,7.009315145,0.2020275,16.20550125,,,24.71796,2.172456015,29.6665578,12.61903055,1.7907669,16.61969709,24.89346741,211.1665291,,248.7742029,68.94137717,0.94897035,270.0524946,0.297108,121.1682118,48.16319655,16.0204959
6.4629954,177.6197331,0.484353,73.71852388,25.45133566,0.0013005,18.72860615,16.80972426,0.097876349,329.02389,26.01016447,8.2360179,0.2048625,16.00494296,,,24.56475818,1.926035085,35.00313731,15.776856,1.88932608,17.37196875,24.348384,216.8794634,,233.4753574,51.73624275,1.2005604,245.5747265,0.28624914,125.4428153,46.51686557,15.93765504
5.79903786,166.0380692,0.4017735,86.14402056,22.76175762,0.0006885,18.50323824,17.37960098,0.09311274,281.6179759,24.77260422,10.28788628,0.2316951,15.7947084,,,22.54939992,1.70505486,29.73160512,19.15942401,1.846125,18.90954882,22.34497644,237.9989061,,215.4111934,41.9328252,1.0206243,223.527911,0.2556225,117.739021,48.01437,16.16805698
5.2592598,151.9108139,0.350595,76.29634404,21.80344068,0.001485,17.97021612,13.94342977,0.08337654,228.4257591,23.99220054,11.6046594,0.2346084,12.95448984,,,20.96545734,1.41142932,28.19046294,23.20831008,1.9516059,18.80096184,18.53052552,244.4838734,,185.6866883,33.6563262,0.840051,193.6335521,0.246375,99.5073984,47.16024768,16.51106633
7.607655,133.4710953,0.346869,72.6943896,26.241651,0.00509175,19.4994,14.70737196,0.08052048,219.6676368,23.86449431,11.8043568,0.195426,13.002174,,,20.9040264,1.250572487,33.5777184,31.06307463,1.97549928,17.45650809,18.3855906,239.8665377,,157.1076972,25.831953,1.136511,168.1068786,0.3017412,95.6208969,44.11534074,17.54854956
10.523898,122.7191213,0.55923048,89.40687984,39.13491614,0.0122202,30.260304,16.6057236,0.087804,212.1741122,26.1913986,12.5884044,0.2090475,15.0660783,,17.5840335,23.48184816,1.00586178,40.6118286,35.185185,2.105618625,17.88620616,20.18796048,236.6997552,,152.660592,21.9716415,2.731984875,142.167582,0.2674755,95.78025954,47.89479996,18.49918905
10.8578583,105.5110644,0.4599585,78.1037964,38.797434,0.01230768,31.76200512,19.05048585,0.08097354,198.8972861,29.3430276,13.53904268,0.230661,15.9432192,,,26.1705006,0.85193208,46.22165208,37.0719612,2.4411132,22.88832876,21.8508786,199.7445744,,156.360915,19.0703106,4.0122108,144.1409126,0.376109325,102.5471129,53.57093544,19.727307
10.48561373,96.44269481,0.5080725,70.7349024,35.2820826,0.0063,25.42158675,20.5517628,0.0773388,161.0101449,30.3606862,14.60162057,0.249831,15.22666129,,,27.7593788,0.713156384,42.99645399,33.9703605,2.32579512,23.20257555,21.90646644,187.2627628,,158.0457818,18.6955317,2.707059585,144.9049257,0.3527712,99.48024988,50.82305062,21.23037945
9.4289805,143.0766457,0.4894695,66.72134968,29.01225616,0.0028215,23.29336472,16.10084466,0.07854975,151.470432,29.9155383,16.05538368,0.2530035,14.48513006,,,27.51466725,0.655338135,41.34345457,30.103164,2.42685558,23.3687051,20.9531583,172.8979247,,148.455396,18.23737553,1.7401662,142.6303242,0.331938,95.85775033,49.877451,21.55929828
8.094457857,165.2699365,0.430434,69.07718475,29.09180745,0.0048231,23.90552808,14.4210456,0.077968801,148.4258175,28.4387922,17.4859371,0.259227,13.17171244,,,25.97321451,0.7249662,40.6766043,26.4809736,2.375568,22.70025911,19.45883768,166.7189563,,133.9576504,17.31441698,1.6690617,138.1644586,0.3572748,95.62759652,51.374817,21.73543212
7.167552352,173.2606517,0.355725,66.16488734,28.46767155,0.0048312,24.53832012,14.09004518,0.083916001,149.9556456,26.2677546,17.3945664,0.2772765,11.85127519,,,24.28292497,0.532144812,37.80756,23.8940334,2.78007174,20.24970221,19.16625397,158.5676531,,131.5174298,15.191631,1.82490624,135.5186506,0.7535268,94.00478536,51.7897719,21.65396166
5.925740625,149.1366924,0.2816775,64.0128474,28.3233024,0.0015435,23.73345563,19.37133792,0.0932904,138.0310929,24.25195148,16.784577,0.28566,15.6261312,,,22.26584376,0.40554,33.3686104,20.607264,2.7800766,18.08841375,19.36018125,155.8295885,,127.285546,15.434496,1.4816412,125.26488,0.63223578,89.2613628,51.600483,18.3303486
4.9862223,144.5821542,6.46041825,73.26924701,24.81782954,0.0008748,20.43453015,21.7017225,0.20675088,119.3848944,22.6409902,15.88706784,0.2813805,17.5530402,,,20.73016584,0.6445359,29.2670145,17.8874082,2.662532036,17.98306313,21.0130281,148.2922118,,119.7259056,9.663597054,1.1329632,120.3756694,0.58887898,80.05368456,47.0027448,15.48858948
3.908952,101.9539613,0.186642225,82.02331512,20.46073838,0.000674325,17.25453576,15.77458746,0.46651572,108.7494336,20.7136656,14.9722452,0.27297,14.5247256,,,19.455093,0.26223534,27.0103248,15.4432656,2.52123192,21.860982,22.00157856,146.7655043,,108.6483715,8.7534216,0.880146,110.9847647,0.5212944,77.5710756,44.9143488,14.86294758
3.67847568,112.1892223,0.1457055,82.35093258,17.91438768,0.0006075,15.50901114,10.8976914,0.413639999,102.5792775,19.0115694,14.0461938,0.264762,10.27523232,,,18.05305482,0.2118798,26.47042902,14.30951616,2.29635,22.05501696,21.789567,140.0901599,,97.46233038,7.70665536,0.73238418,102.0158264,0.4031856,72.7420743,40.4876205,19.81459854
3.54139695,93.38274,0.1554255,66.5442459,18.10458912,0.00338256,19.54643411,10.02186,0.24918192,93.9853638,17.52246,12.73682151,0.2548395,9.849634237,,,17.24778016,0.218947494,25.28630654,13.72787287,2.342617139,16.2886877,21.72798885,131.2588173,,87.66634554,7.200621038,0.796597194,78.17919882,0.52057393,69.21424161,36.71821465,18.547056
4.6003545,87.9576489,0.2062125,47.0409363,23.327514,0.026124525,23.91438262,15.466572,0.21640905,88.197012,19.42877475,11.3063202,0.2591757,11.0371275,,,19.73769255,0.2567943,29.9909952,11.8791603,2.80795545,16.64593403,24.4464318,117.3726356,,82.36919093,6.8393079,1.024228125,85.18125442,0.5430078,62.7161778,34.07555048,15.69561975
7.39990625,94.55077402,0.2880765,53.45169272,26.59854375,0.0559116,18.66551323,16.42082412,0.1753245,390.0572555,24.55467322,10.02491802,0.240219,12.89399485,,,22.41540945,0.51308775,36.51309071,12.01342224,2.568916283,22.69225812,31.08982519,110.5385493,,79.841916,10.7402085,1.819012492,87.62044821,0.519592479,71.85931862,31.88436615,16.79824677
7.7777766,114.1373376,0.4386825,49.55618745,22.52484288,0.0711225,18.2491785,14.28228018,0.1554336,14.42239506,27.82665334,9.35351874,0.235683,14.6759693,,,26.6183129,0.9919584,37.20175222,11.939616,2.2395366,26.13835677,37.01115653,110.8904051,,81.14937048,12.69768825,1.5244416,91.7085996,0.52496154,62.5119849,35.38882368,25.0138287
9.467226,96.41684745,0.697896,52.47918315,36.01850895,0.1897776,24.6419577,17.67887775,0.1408185,43.86064362,29.7711207,8.633158875,0.2365605,17.63534835,,,28.8281565,2.25635625,51.79398998,13.27167315,2.28451725,21.51324563,40.5053136,111.105,,82.8014994,14.6958624,1.39542345,93.22639853,0.43810065,58.42539113,41.03409375,24.65912768
14.25222338,107.1122125,0.9344835,65.22320475,43.18333179,0.5178573,26.538759,32.2851825,0.14974308,109.6500888,33.2119305,8.04159954,0.245052,29.60137343,,,31.57586968,3.537748777,52.09552695,12.81453835,2.45232792,29.46302654,46.06464751,109.0921154,,90.96422958,20.4358031,1.88788968,99.39888044,0.54178956,66.81516795,50.07379653,25.6947714
15.8876127,124.567848,1.9072368,68.70096,47.08089698,1.8996741,29.4835464,31.94626965,0.167039999,129.3613087,37.14064178,7.436448,0.2499795,32.20479,70.0466697,,37.0994904,2.9583765,52.9104717,11.3511294,2.658072528,46.68607125,50.89238438,116.1429294,,105.3606609,22.736538,1.93933035,119.7070299,0.556705824,80.73885195,60.11121375,41.28114375
13.66071129,127.275835,3.346199916,67.61517884,61.1305002,3.330569241,38.13706557,25.20800568,0.1589463,156.89781,42.41339904,6.86523114,0.254799,26.67026783,64.3430736,,44.62528764,2.995459624,57.6883323,10.13961334,2.5239492,48.24707956,53.41926113,114.6475512,,117.1951546,20.91733594,1.97167608,140.2196014,0.4866642,86.86526353,73.26952416,53.27423136
13.09751992,152.7231063,4.6832796,70.037325,76.71282859,2.697516907,43.7701806,20.74181418,0.1543104,131.3962007,45.1135256,6.42672954,0.2610765,23.02616153,72.10407375,,48.46556885,2.521377025,57.00442536,9.974232491,2.46889296,37.61401516,55.27640123,116.7238836,,143.244504,18.72922095,1.74993372,152.5465074,0.6005448,94.483503,80.6681138,46.61537472
11.46582353,170.4037233,5.700312071,84.77374553,66.70284951,1.858487405,45.68520943,18.4962852,0.143906625,139.5521055,48.4462836,6.4343808,0.2618865,21.53940519,71.80687753,,45.74149913,2.145312,57.5715276,8.9437608,2.57632704,31.31406705,52.96145436,141.9867938,,140.554035,18.2397601,1.52345664,162.6824048,0.746766,101.6587805,82.26533743,36.01146276
9.714808734,180.5143494,5.133823142,91.63036296,49.60552972,1.212212697,30.329775,17.40275604,0.129296699,140.8185535,47.3834205,6.54299856,0.25299,19.97002569,71.5685517,,44.55002915,1.768970718,55.8258885,8.171452835,2.6041014,27.18011325,46.742184,151.5153503,,130.2517179,17.07521301,1.49366268,169.5274194,0.77076522,108.0835893,81.59214373,29.80063548
8.0155116,207.0233269,2.434765547,84.8300904,39.5907248,0.7874496,25.8669936,16.85314836,0.10449,140.7444574,46.12744472,6.4550304,0.2413395,17.5276251,61.68192488,,41.18544464,1.558207815,55.17818117,7.1820432,2.66654808,24.21365774,43.484364,176.2045034,,137.6925977,16.31372768,1.27021608,171.7390968,0.52824636,103.3619063,78.44306382,25.37773524
6.887286049,248.8728088,1.576187961,76.61373795,32.01976061,0.5158404,23.5157472,20.15288424,,144.0002421,43.02483345,6.45266088,0.2326725,19.4222795,45.36207033,,37.86795017,1.2029688,48.03326075,6.58891617,,22.47600973,40.18034906,194.8511419,,141.5046996,15.08437703,1.0264968,161.5833339,0.4718574,99.221598,72.66959685,45.20748186
6.0136398,174.3176653,1.74274632,64.95870276,29.000268,0.38483424,21.41664624,17.0211267,0.1053702,135.2872543,39.6129852,6.5202003,0.228663,18.16360092,42.50203002,,34.698942,0.95996448,44.4548736,6.10523136,2.2237092,22.06598112,35.813664,193.9927158,,141.0338486,11.77556778,0.93558915,164.2738374,0.56711745,99.74035116,69.41213838,100.876806
6.8318505,196.6178448,2.184811158,71.2479159,27.4032207,0.408294675,20.2774104,14.11229304,0.094739399,126.5788379,38.192472,6.65672904,0.2283255,16.04564843,41.82222645,,33.5484585,2.6582823,42.05830635,6.1236,2.1093696,21.65437868,35.25460605,218.5039152,,145.0278367,18.95508945,1.08331344,162.3639614,0.49418532,97.7465475,62.5938192,10.7694846
7.764444501,226.5935322,3.297577433,76.31658047,30.81158351,0.511721101,21.8502603,14.51623275,0.087840899,176.5219196,38.6508753,6.661619951,0.227178,17.84285105,48.52203147,,34.651856,2.010318735,41.477589,7.399655131,1.993635057,21.18094639,34.69981119,208.2911108,,141.202116,29.8634553,1.2421134,159.9028061,0.557774978,92.55726682,54.9086202,13.50246228
8.069203403,194.9831637,7.06212,54.27983745,44.6997312,0.608899052,24.03707724,12.88918496,0.073800001,141.0621226,40.58772822,6.93795375,0.2247075,16.27890345,74.86887842,,35.96051313,1.8400284,46.16795188,7.06563,1.9028061,19.48724325,37.12392513,201.5508889,,128.3314039,26.34635871,1.21010112,155.5848057,0.397953,86.18998725,52.49119708,4.339975624
9.117273538,164.9519726,12.6815706,77.0073318,44.017189,0.76939875,24.16205595,14.8210803,,134.2373067,46.38908956,8.124159542,0.24030756,20.08670265,82.6281246,,42.03995638,2.445830082,52.23369722,7.30512,1.841446746,20.13367332,45.00047011,196.8453981,,142.9934904,30.50041488,1.392911991,169.5318188,0.436968022,86.0595944,53.777952,15.71637492
13.13315182,157.4933652,12.35797391,96.71597093,43.53202954,0.915178502,23.12050245,18.90824862,0.065967751,155.9940112,53.40453525,16.18545143,0.2211165,26.1555885,81.33588935,,50.10235344,4.006747371,60.52679965,7.887844769,1.9289664,20.11228758,49.52412305,180.6181568,,153.8742139,33.661089,1.6099209,164.9330046,0.3918294,98.3448216,66.4868922,18.78981224
15.13390176,164.2637438,14.26653372,89.3592789,44.81329573,1.4837634,24.44574526,18.33967845,0.0622863,168.9121013,57.78855321,13.05191601,0.229826265,25.38448875,83.28508465,48.1143159,54.23472771,4.309189223,64.08183105,7.6120803,1.9230048,26.3541195,55.08511418,170.0214291,,157.8585952,38.44018426,1.74017025,161.1188888,0.654901223,108.4607051,78.56170144,22.27006875
19.6941527,177.3415899,18.93239988,102.1892965,49.7096211,2.404823407,31.09364982,24.10601445,0.06432426,202.5380228,61.95811278,16.966584,0.2369925,28.0369593,99.35297777,48.42458775,58.34948805,3.0296295,70.4765772,7.23308562,2.179727493,27.89075895,64.75913771,194.8946216,,168.5764161,46.78452919,3.6815472,231.0056221,0.7788636,154.3488683,94.28903241,29.4056136
14.34012984,225.289944,16.540524,107.5274933,74.49864089,3.18845808,39.9161574,27.62971681,0.0705483,251.6138991,64.30370219,21.08031735,0.252936,33.80094144,84.72741794,,60.286842,3.0256254,73.15367891,6.9561261,2.32349034,34.23139904,67.29998358,217.2023532,222.4806507,185.6809536,42.3851101,4.064492232,299.2946522,0.771537175,166.6958591,105.658722,34.34614398
11.02465728,256.4972071,15.1095456,115.2998809,66.88747044,2.8195776,24.10249446,25.8443541,0.07671132,270.550449,62.8422732,24.73878713,0.262548,32.3397252,89.38266408,,60.276231,2.87494272,65.199222,6.72192,2.215512,38.34128034,62.8319592,230.5431416,225.5489429,228.775883,35.08272972,2.4761619,307.7476643,0.7672617,168.1878384,111.2767967,36.47190443
,,,,,,,,,,,,,,,,,,,,,,,,,,,,,,,,
7.966998,298.9015223,9.4897305,142.7310437,55.6540605,1.212903003,34.70396603,16.88386788,0.056133,272.4772824,46.7781966,28.0617993,0.277263,21.73001034,79.22724413,,,1.20803535,,7.0545087,2.03479776,26.45801114,48.0544407,263.1610215,279.6227633,248.0216922,23.06758608,1.4887719,273.2059692,0.59464098,177.4288516,93.93333075,28.6689942
6.59800512,329.2835018,6.9109929,139.1949584,45.59781579,0.735667652,29.739798,14.74539672,0.055884599,299.6652308,40.50501152,27.4318461,0.275994,18.22232784,76.95207495,,46.92189029,0.870155988,49.40651312,7.472010183,2.078286244,22.008753,40.8722328,290.8270317,285.6270479,237.8211217,22.78388824,1.17053775,285.7032,0.50922432,159.846976,85.38875912,23.76241906
5.504823041,267.3948993,4.2281757,120.3240278,35.70141942,0.417200401,23.87458409,15.22148355,0.068399101,289.3635455,19.8197928,25.69541184,0.2730105,17.34220805,73.33073748,,39.01990977,0.72393299,43.12761186,8.021865636,1.947676556,18.18131412,37.12290281,281.9626524,279.5433849,214.0082219,18.86895261,1.0711008,234.7519388,0.653740628,140.5699677,74.87151037,18.65848892
4.9969656,248.3322041,3.6343755,109.3538154,28.16519642,0.280768949,19.6878492,19.67325088,0.076230001,260.1573436,32.54499,24.8235435,0.35126325,23.7018312,49.78347075,,34.90746144,0.580905009,41.1734016,7.964236762,2.14710384,18.7169643,32.15946397,280.839096,276.6444342,190.9619561,16.59804652,0.981836543,203.6587658,0.6132834,134.2093773,64.60628231,16.50622737
7.7596596,232.0798714,5.619159868,80.565435,32.83907607,0.629262,27.49137315,30.0879657,0.092260799,240.0497893,30.28342464,23.07332492,0.283631418,37.2020634,41.56414895,,32.25792443,0.560115,45.21166673,8.24081202,2.916857632,30.74089517,32.0574672,271.2772296,275.7500361,177.0272226,13.37447436,1.0777617,178.9963261,0.6644835,115.6582014,55.43815245,21.5235387
11.7879813,211.4534045,7.817182425,89.59394813,63.71597295,2.47312305,40.37681858,54.40609215,0.105249375,227.3316192,36.82879448,21.5772876,0.304209675,56.79528435,40.51094378,,37.877868,0.58192425,61.38622665,8.952363,4.2330627,59.6680992,40.52718698,,255.6547549,159.0103103,11.9234592,1.5472377,152.005032,0.79696305,109.9395383,52.9885395,33.99981683
13.02665868,149.7803548,6.370740861,78.6188025,71.6433741,9.30018375,59.4253098,45.75061845,0.1653858,207.8697146,49.0477113,20.7687672,0.33768738,47.6967744,54.59340263,,50.37391458,0.6281226,67.13701335,9.220365,3.62285352,76.39044053,52.23445988,231.9368645,245.8828721,149.4293573,9.5963049,3.46425768,151.0589909,1.09321272,99.402282,53.64956025,54.85499145
11.18463255,213.4072332,6.0470388,74.5703577,87.3755586,9.97549506,78.88442472,44.9001225,0.2228688,188.7223212,53.93324628,19.68544688,0.40001715,43.45843658,66.3968286,,56.8020789,0.670032,80.99669952,9.186723,3.6728181,79.0407072,57.80241,200.0513963,222.3195579,142.6641282,8.59267656,3.094497,137.5220484,1.321492725,98.67743514,63.30304656,100.0523529
,,,,,,,,,,,,,,,,,,,,,,,,,,,,,,,,
,,,,,,,,,,,,,,,,,,,,,,,,,,,,,,,,
,,,,,,,,,,,,,,,,,,,,,,,,,,,,,,,,
11.3367384,158.2104916,13.1156963,122.9846239,137.2023036,27.40734897,91.95774086,71.6176404,0.4533165,253.6891695,64.67769,24.08158782,0.6647346,71.953299,84.5442927,,72.93712271,0.446758208,138.4055748,8.293927463,5.71408213,124.1633154,76.0588807,159.2347528,170.4320738,165.7206432,9.161238648,4.3354872,227.5466932,2.16648,145.0039745,96.6274596,5.0073255
9.8759628,183.6808731,12.89535593,147.6284063,176.5243226,19.7345295,111.3221948,56.28788064,0.41549625,263.6771951,75.2280642,26.46550584,0.65903058,65.76844937,91.42177388,,80.2658808,0.417528,,7.6188519,5.78945502,119.7707222,85.9495455,172.4386903,182.5762162,181.3439534,7.4543652,3.58543152,259.4035989,3.05526168,145.9732158,88.868826,
8.955738,197.2145653,11.94319728,153.0665407,195.1443306,13.37305464,120.9945308,55.77968898,0.454508096,263.0991977,75.28396068,27.748899,0.70556805,64.45921422,109.2431082,,81.72169542,0.3759264,261.9321895,6.91107714,5.917268562,99.84176985,86.1771069,195.4695452,199.9746576,197.8423785,9.770559691,4.138280085,245.0490451,2.99241945,144.4966196,94.1917153,
9.099713632,210.6891172,12.92610681,124.7459994,150.1945767,10.53864,98.38464897,49.7702016,0.474543445,270.7493947,77.8336776,29.04257541,0.677202794,51.0311664,111.1312806,,78.70181543,0.381105008,431.65089,6.35321745,5.782176136,102.8666675,93.228084,214.8757737,214.1533728,226.4103407,11.6509995,5.431885184,246.328443,2.626797647,149.5289268,97.2677818,
8.719316169,237.8146421,14.16673448,104.1200505,116.2808528,8.733277332,80.53077298,43.5647106,0.479655005,291.7292943,79.1066574,28.93217739,0.685112444,48.3515325,90.94320053,,79.16011251,0.453500091,183.6937116,6.00235434,5.309675867,94.79732462,99.2415047,227.3253937,224.7190418,236.8306501,11.26529775,3.872232,241.8313726,2.87379495,147.5330967,99.343908,
7.8912333,243.761886,8.996251566,90.8949276,104.0419661,7.4442915,72.58207635,42.28220364,0.48044745,285.1858935,71.1362547,28.24166901,0.732643154,47.38505614,99.38558109,,73.7763552,0.451716291,148.1091237,5.536844973,5.238648133,71.1198576,95.10807375,242.8052112,243.1749638,269.4994897,9.561347039,3.7158264,211.9764114,3.2474952,142.6488287,94.81295781,
7.09964892,238.4329424,6.76920564,79.6269653,88.81338312,6.07378176,66.5878752,43.53086205,0.396379795,285.8284411,64.98962685,26.5376567,0.768038352,47.92173192,92.18266425,,68.99175315,0.392357692,128.8255104,4.9537818,5.71896855,62.59280346,85.53393936,248.1117507,260.8130085,242.9668467,7.3980864,3.502764,202.2908481,3.1907061,135.345268,89.06046428,
7.00022358,228.6239753,5.99589,84.88718028,78.9005448,4.62459618,61.37382636,44.1463689,0.350298,241.9597163,61.9813593,24.4443906,0.852012,46.72946376,81.03402,,64.05824628,0.3451896,133.2357984,4.566538823,6.0812505,59.3265087,78.47998956,242.6428265,257.1552195,197.6141216,6.8731578,3.00391875,190.8104785,3.075011775,123.4362402,83.16983988,
7.1538714,214.3082448,4.915366875,109.7571202,75.8794473,3.5466768,57.63572955,46.574028,0.29895075,222.3627012,63.4122351,23.62259376,0.8998128,44.6720832,80.9981235,,63.93039345,0.30610305,118.9740704,4.0835718,6.39901944,54.47679098,83.07257063,230.8309988,249.7916005,260.4501641,5.84074935,2.23023132,166.0299323,2.112202575,115.7304564,76.2125112,
7.2449964,187.054687,4.2713325,139.8517488,71.91636512,2.938478856,56.30187572,37.19599785,0.3268107,190.3835016,66.0558564,22.36733747,0.86823445,37.48782609,75.66610002,,66.40434139,0.27800955,117.5319572,5.24277088,6.6434634,53.59976299,83.29404865,211.1014078,240.1737491,196.0185366,5.223514987,1.98288,156.9786184,2.064377475,107.992231,73.38400243,
8.398508329,177.9826851,4.421195966,119.9411105,69.81252705,2.2609368,52.37761078,34.06322815,0.3052161,151.3815804,67.6775385,21.03056865,0.8928792,33.7917177,83.6845209,,66.9744396,0.448072193,115.4785842,3.7257651,6.678504,49.04279974,78.9752106,190.0753619,215.7724116,173.8081233,4.815098965,2.53135216,154.8186993,2.69575155,95.01638335,72.7912818,51.5555712
9.91519704,175.4661712,12.23774244,79.1154108,69.52779288,1.83369744,56.1096558,40.3560549,0.42329196,265.3618136,,20.18427984,0.9185076,37.47471966,90.07879752,,73.32168114,0.68677308,263.8250595,3.62956464,7.81414452,49.70996514,77.19320736,194.9654848,201.6254689,147.5563003,4.7648034,3.50858196,140.0307183,2.3819508,97.47808434,80.0255808,48.20300928
9.8220653,166.5861431,11.40674404,70.75288734,74.3703849,1.494345596,54.7476003,40.27700403,0.447450756,141.5761497,,20.1429774,1.037907,39.57440769,82.29349844,,82.18107044,0.86447736,135.8889466,3.22453494,7.911432,58.69394712,82.99929556,178.2894321,185.4959886,135.359262,4.534919965,3.627871666,142.9304978,1.234484929,101.7762656,85.89092442,49.89257926
12.820572,147.678498,4.95400536,84.22437308,76.7803428,1.217473653,63.2410254,37.9405026,0.53007615,165.7200951,,21.19612966,1.071603,36.1472706,98.61942983,,85.18622783,0.795609,165.3818634,3.03792255,9.900154082,74.25033643,86.0842782,173.2436559,178.8163209,141.0903684,4.739325714,3.260245065,174.0022452,1.21522842,116.4727512,85.57293104,54.3852576
13.37872464,147.898237,5.65988634,107.7954156,94.3839918,0.9769059,66.95497908,37.99153321,0.681981293,161.1324216,51.5379699,23.39208332,1.173290793,35.50374828,107.4463056,,84.45897864,0.79364124,158.7677603,2.8513728,9.634860193,87.43251672,89.45120844,163.3604625,188.986932,154.3806,5.37538896,2.86005195,192.735774,1.375485381,133.1483119,84.87496754,54.5188701
11.9168874,175.3864767,6.290579209,107.825269,91.13970277,0.777230998,66.87990528,47.96493408,0.674839808,179.2435635,98.74308064,27.19490544,1.21176,35.2114867,112.9745475,,86.92636549,0.782954537,178.7403375,2.646697487,9.1766304,67.83410488,94.32496032,170.7274681,193.0720849,189.1594037,6.55022835,2.45971728,210.5418991,2.2926078,128.9465158,88.8541677,56.43353106
11.1589488,197.3047723,5.43672675,114.9299442,82.12869083,0.642590098,60.43496906,41.59374408,,194.4569203,98.00418474,32.83766892,1.6502454,32.1729524,113.7790346,,87.8552244,0.82804518,184.2074136,2.251988538,9.0321966,64.47155715,98.3565963,183.9243613,197.4323921,195.7496533,6.5502,2.8588464,214.1807072,3.32180352,149.1105845,105.3851197,55.70563104
13.70089485,244.7172221,5.197960762,125.3605864,84.0463965,0.543301649,63.684387,50.4149427,1.39107599,970.5592562,96.27385248,40.2342633,1.4296824,31.8516164,118.6159334,,91.2021174,0.8514477,167.7969043,1.9999521,10.32282414,61.25506875,99.62332452,227.40291,211.8855105,206.7361574,5.78540826,7.04606688,224.439146,3.59333991,148.1559822,116.4214512,74.10411698
19.6428078,267.2198097,5.164178362,135.1393616,98.04275694,0.472523625,67.38656166,55.70710848,1.762650461,226.7323315,97.81212672,45.779985,1.55530446,32.60250675,125.4636302,,99.07515012,0.98481096,166.1015916,1.802061,9.62448588,76.33412352,104.6922845,251.1814065,222.8238369,212.8150481,6.17426766,23.93983296,253.056339,6.3852516,175.8012379,110.4605348,231.2511552
25.37038099,270.9128219,5.571313161,144.926496,116.8240126,0.644208751,58.17285216,51.21435438,2.17916406,235.6009946,100.4227988,52.74032361,1.798821,31.3209504,152.5342126,,103.7603379,1.6034949,181.1694114,2.0284992,8.93460024,83.5710372,113.5175958,272.6944785,283.9820148,236.4701477,5.53368348,14.25518352,298.0753534,1.663767675,182.349049,114.8026106,140.2056547
22.59850428,266.3822352,5.81086224,163.0201464,138.5369584,2.60269065,147.8398176,59.3581338,2.547874815,275.5928975,103.3526628,59.30133076,2.053456261,36.74952288,167.5386186,,104.3216982,1.9530801,209.7034402,2.416813212,9.11651112,77.23470042,112.6103197,287.0535915,321.4859868,250.126461,5.73577294,7.87337928,338.8565502,2.31432768,208.0653941,130.0993131,95.2438662
17.11129698,211.86684,5.17208328,184.9717561,116.7797358,6.7236156,103.0698864,54.94758174,3.136965283,338.5263375,101.2806115,65.64846015,2.26332765,41.23411785,187.2873954,,104.7068532,1.74690432,264.2338373,2.26487664,8.88718068,85.3884882,109.5727792,332.0333092,359.2218197,278.4749419,7.098406605,4.88386206,381.4165568,2.5442424,227.7642888,147.8441349,85.31375328
18.32084296,368.7933182,4.842935957,199.8191794,101.9427394,6.659657986,88.23860955,50.62360627,4.6874052,320.1659659,99.05728076,70.71033112,2.68417125,40.77808437,159.4738501,,99.2691855,1.594221767,177.1305651,1.874820589,9.186885,80.476173,99.69992568,577.6417395,395.5833887,343.0608552,9.59893092,4.171027514,412.3309851,2.625824357,249.3097884,159.8648373,87.64004925
14.9965425,406.4995105,4.855704975,208.9806642,92.94207773,4.82127525,86.2593624,58.26058515,5.7056265,341.6495153,95.5840419,72.454824,3.10579515,37.3688316,144.0554625,,95.3810721,1.2762009,156.7508639,1.630044,9.408868875,70.99940993,103.4672778,402.2736149,450.9042876,356.7502744,10.1826072,2.7490428,451.4715799,3.419115975,284.2098908,160.9485444,65.20366688
12.34510009,435.1986461,4.590079238,209.615233,85.0411386,3.6163908,69.31584489,62.02060866,6.087628776,388.7998558,93.432528,,3.57506055,36.8745696,127.8113988,,91.98759496,1.149189285,143.5436787,1.53574785,9.25468875,79.32028897,102.6798243,481.5357955,449.556028,343.5035006,9.572021486,1.80222571,511.4136312,3.68162955,276.1422889,148.3952141,66.03830208
10.70090785,432.0841556,3.73277835,189.5586368,76.892004,3.0738528,69.73646664,59.86824696,4.446960775,409.1261616,86.9632605,,3.61155888,36.75452568,109.897293,,89.01231559,1.113375161,138.485241,1.550575791,8.48573496,88.73498842,97.82669295,458.9727786,490.3270934,351.0749628,18.66262506,2.23042734,481.0646538,4.55972976,270.4128935,135.9297606,90.91942956
10.62647989,432.0410884,2.910249,181.6540068,104.2483365,3.0279825,92.03849238,58.9107276,3.520086776,441.7682274,83.90504486,,4.06625184,39.90103932,110.3646369,,85.02719794,0.932597991,139.9421413,,8.958924,84.3300504,102.2872776,438.1643793,497.2637358,353.1518136,31.83619415,3.10386708,,4.87489266,229.892881,130.4746782,95.01378624
10.6308774,416.8056548,3.1971024,167.5711226,109.8852295,3.0921264,99.05039325,57.1680666,3.241462077,397.2176723,85.25021818,,4.36550688,35.86526653,118.8375072,,86.55535742,0.7813395,179.00946,,10.0927134,88.46037901,108.3672444,437.0973921,478.3464547,340.5376166,8.917206797,3.62493792,,4.84219296,201.4354653,125.611209,99.70338816
10.19858095,417.7629982,2.711894372,166.2071609,103.3624345,2.912386507,105.051492,59.08375872,2.72643435,352.7946576,84.10063748,,4.86065124,33.80643283,112.6061298,,88.91656589,0.737181892,158.4237256,1.443558375,9.804078,94.0465296,111.857582,405.222554,459.845863,325.0487448,6.558370606,3.539293216,,5.9542128,201.8616842,121.5768858,102.7217327
7.91859726,390.7745797,2.44373112,160.9101094,106.1881229,2.3833953,104.5943928,67.37881118,2.3964012,332.6975694,87.98677718,,5.4078246,33.37079634,134.9578519,,90.3511584,0.60604416,145.9142089,1.55391885,11.457369,96.942204,112.9068072,390.5353906,448.3844755,306.4446236,6.2171739,,321.6555709,6.124152825,187.331927,147.1067827,105.6033247
8.666819913,361.5786567,2.864766573,155.8153989,100.6727981,1.750995004,106.3171093,61.98100398,2.2669416,313.577028,87.68923444,,5.7926259,30.37882668,151.7207565,,88.98187796,0.421866893,140.8288134,1.49921928,12.8001708,92.48556099,120.68408,371.5124692,452.4478328,284.7974472,5.828659158,,317.7573514,6.11949168,176.3890425,133.7549214,103.5099664
7.82079948,352.2982172,2.61692262,156.2732417,96.87689748,1.22533236,98.0984844,59.86456146,2.33272224,338.0215001,85.16913912,,5.66770716,33.45552072,131.4539809,,89.32576752,0.36890532,131.2224365,1.40824656,12.17801088,82.2919986,123.7912065,364.285593,437.7429151,273.7355634,6.66569088,,274.6126044,5.8272696,180.125464,129.4139851,65.2584168
6.762030229,321.0748734,2.143143026,157.5583823,89.0371521,0.875742298,87.86585471,52.92851128,2.400997527,346.2818864,88.04367782,,5.613091985,30.34908011,132.3750444,,83.828196,0.345431256,126.956407,1.284430944,81.86603418,76.738185,107.5772022,348.0997733,414.84896,286.1212413,7.7566923,,272.4152852,5.96098845,182.1742125,129.4207206,83.872881
6.9650118,332.7024491,1.7516088,151.8221205,80.5400635,0.65432475,76.19634048,49.04686125,2.7073035,327.8405098,84.1436229,,5.897127487,29.38041709,122.9601384,,85.19506425,0.3847662,117.1737633,1.3227624,20.76414156,64.93793041,100.9574766,346.7856799,390.8835981,288.7570134,6.921251947,,260.347176,5.9274666,182.4817815,124.411929,75.41740753
8.980027107,345.4656301,1.325747722,146.968344,71.3221362,0.511395751,70.80104656,43.7094198,3.171879,319.6150083,82.85722259,,5.8080645,28.89431136,123.8823399,,83.399949,0.4366251,109.5906375,1.204301244,12.65951577,57.16591064,93.99268741,351.3143772,386.3687188,287.9991298,6.8033034,,254.5555248,6.20666145,175.9648038,120.9770232,71.34505425
10.1321415,342.4456828,1.168685529,146.3592365,62.03787613,0.3501225,62.90427824,40.80428148,4.813112672,358.5134767,83.4645411,64.2333024,6.146502857,25.4363185,127.9921494,,83.3884011,3.945297158,108.6759762,1.0720512,10.59163502,52.79360717,98.02171966,461.6153909,379.7507961,297.957042,9.513635356,,245.9514229,5.76203355,181.6938338,118.460043,22.78869796
10.1331217,344.4818483,0.818937,147.7914201,58.2244983,0.2757672,57.23342347,34.6086216,5.696632125,365.7273966,81.54135,69.98220964,5.490747104,27.722169,106.9888804,,79.51888318,3.44858715,93.9510819,0.980883895,10.76424331,49.829472,98.10828878,361.2128067,387.8223894,317.5072479,10.12700813,,262.9074818,245.9576512,183.3758872,115.7390208,54.3077325
10.77805373,375.8113463,0.6018003,153.1715204,56.21918265,2.663296875,59.15995177,38.01954915,,361.1833112,76.42302075,77.80512172,5.81215635,34.98467963,138.306285,,77.18649975,1.6679736,93.5740512,1.01157498,11.8360008,57.92842103,90.44465738,371.1387951,409.0064047,357.6502685,7.4930346,,262.2288634,3.599505,189.6369813,118.4559036,65.053044
10.3602915,323.7814274,1.52132526,158.769889,72.3295224,4.69827864,72.344502,38.59204095,5.58094752,373.9603626,81.06154812,76.177584,5.4668682,42.28380792,121.009451,,78.6621024,1.286604,101.0904678,1.046817,11.39963625,111.4401456,99.94909518,397.7637165,421.9023139,358.3025537,7.03662606,,277.898472,5.579088975,194.100611,144.16704,70.0153551
,,,,,,,,,,,,,,,,,,,,,,,,,,,,,,,,
,,,,,,,,,,,,,,,,,,,,,,,,,,,,,,,,
,,,,,,,,,,,,,,,,,,,,,,,,,,,,,,,,
,,,,,,,,,,,,,,,,,,,,,,,,,,,,,,,,
,,,,,,,,,,,,,,,,,,,,,,,,,,,,,,,,
,,,,,,,,,,,,,,,,,,,,,,,,,,,,,,,,
,,,,,,,,,,,,,,,,,,,,,,,,,,,,,,,,
,,,,,,,,,,,,,,,,,,,,,,,,,,,,,,,,
,,,,,,,,,,,,,,,,,,,,,,,,,,,,,,,,
,,,,,,,,,,,,,,,,,,,,,,,,,,,,,,,,
6.88730715,364.627494,,148.9410788,138.3052671,2.7769689,87.68475587,56.745468,,346.7360358,136.4911763,26.6937606,18.0064539,47.4483582,146.5278012,,115.1696948,1.6031952,163.2025746,2.3068584,17.37376966,74.6452422,144.1594544,403.013772,445.5985554,313.79238,21.9633336,,418.9179519,5.7205224,222.8158368,183.0740535,
,,,,,,,,,,,,,,,,,,,,,,,,,,,,,,,,
,,,,,,,,,,,,,,,,,,,,,,,,,,,,,,,,
,,,,,,,,,,,,,,,,,,,,,,,,,,,,,,,,
,,,,,,,,,,,,,,,,,,,,,,,,,,,,,,,,
,,,,,,,,,,,,,,,,,,,,,,,,,,,,,,,,
,,,,,,,,,,,,,,,,,,,,,,,,,,,,,,,,
2.690223727,350.2842211,,167.0381622,47.430333,0.291199499,39.02193193,27.64346266,1.2405744,324.3770129,71.28022277,23.86977328,8.673248341,17.03749222,128.6504114,,66.22023829,,59.488718,13.78098996,9.912105,46.05157948,68.18374664,362.3686165,388.1666579,289.754982,16.28241518,,419.2340305,2.79529433,192.9458531,100.9240371,
,,,,,,,,,,,,,,,,,,,,,,,,,,,,,,,,
2.3579829,321.2974431,1.796028729,144.0324612,37.2327192,0.18315,30.73860797,36.91952669,2.95272945,273.4436746,56.311065,24.6971808,6.4005525,26.63514548,102.5264142,,54.60419017,0.3802383,51.37674042,27.12692375,8.6189859,39.4905375,58.96159292,351.1639575,373.9239172,270.0934551,9.2307978,,339.4807536,2.6114886,193.4251701,78.45667833,
,,,,,,,,,,,,,,,,,,,,,,,,,,,,,,,,
,,,,,,,,,,,,,,,,,,,,,,,,,,,,,,,,
,,,,,,,,,,,,,,,,,,,,,,,,,,,,,,,,
,,,,,,,,,,,,,,,,,,,,,,,,,,,,,,,,
3.2314383,228.8205896,,105.2705849,88.49627936,2.7692847,77.87761203,59.95587465,4.451247,199.2602808,56.66478255,20.3807718,4.48508205,65.77887285,105.1795267,,53.50637252,0.398385,91.921068,51.24040763,7.600718025,96.41933217,54.48311777,237.9438504,293.066019,184.9834949,7.932082547,,255.4689375,108.2721465,143.4499808,76.6717974,
4.7363751,219.8549588,5.92583445,108.891783,97.60077184,2.1414942,102.6463455,41.42920772,7.3323063,124.096941,53.5155903,19.775988,4.879845,69.15400245,102.2924214,,54.8435286,0.455166,106.3761687,56.4612984,8.30523375,63.73845453,72.4645656,222.9435549,272.7162756,185.2516413,11.1205602,,249.9503832,4.4859906,133.1455158,83.12829663,
7.2187821,212.9345753,5.34657375,109.1600638,143.4937356,1.8523404,98.3930598,48.90034395,8.7051996,182.1794153,54.78517014,18.50469907,5.264028,48.1368501,92.30756223,,52.8230079,0.38455965,104.0540094,54.03018735,11.46906,63.3192174,63.3223386,217.7835964,268.8404952,182.1743028,27.760482,,247.606362,1.17527625,139.677773,85.20356793,
10.89448515,210.6537996,6.1835481,113.3575884,95.73180551,1.4765679,62.0713422,43.28837439,9.147546675,177.7034592,58.5409032,15.9333075,5.27021235,30.18764295,98.67692835,,63.3298176,0.5832729,163.2440385,50.33862045,11.4312303,76.5411775,73.47548882,207.8132895,257.3160251,182.0441304,36.338436,,264.5743305,1.183194,133.773822,90.78255225,
12.12538015,227.1375706,6.683119273,116.28981,80.1868815,1.421757003,63.3707793,43.5955139,7.621585235,175.5204107,68.56027978,14.86568902,4.904877688,31.94538345,133.0814425,,69.372936,0.9534591,124.49805,46.86011325,12.50602099,64.29050142,85.83268084,236.893994,247.9762512,180.0274309,42.002955,,278.3212245,2.900478375,141.3302349,92.6694405,
10.57243379,225.3454727,9.7987239,127.7082619,77.4404395,1.527054746,58.48102802,38.86319957,10.32771128,181.5387147,71.96825537,14.52638012,4.434465512,23.60178169,125.8670409,,68.57273259,1.02457305,101.5266272,44.9322444,12.08431305,61.78821228,87.42380625,230.0796732,256.7848716,183.6609984,50.00639841,,291.6118527,1.588332748,153.0964125,105.4424549,
8.965005373,225.1170306,35.09604045,139.0611012,123.4933621,1.663584296,53.39269845,34.20313452,7.709914768,199.6678981,55.56350085,13.45467725,3.99930696,21.82158011,107.3995251,,67.07125968,0.999765914,101.9269697,37.62230858,11.05384104,54.66664952,88.9234605,258.5405617,251.9413041,190.4032378,46.83954924,,309.7002406,2.02335597,150.8116671,113.2998678,
7.01361072,243.9327636,28.95064956,138.2432144,130.0637439,1.63703835,47.61817337,32.4575208,3.36009492,234.5415528,52.87967227,12.99994056,4.11264,18.90457056,116.2124145,,63.75774438,0.9463338,121.0805172,34.21987452,11.7545688,47.64369053,87.6466494,220.6730929,256.4926506,222.723961,25.06286664,,318.8783344,1.3657896,163.7747295,120.9629814,
5.276900195,242.1939257,18.8499825,129.6556687,79.17174903,1.482944404,35.96410126,33.33805776,1.83812895,229.3942437,52.57382112,11.95083619,4.17953844,16.4493585,99.07557393,,59.67647228,0.878691587,127.5221556,37.71686168,11.46902922,44.95820591,77.21632269,224.5160155,262.3151947,228.589057,25.49822274,,332.543392,2.71306854,174.4449993,110.6768083,
5.499986899,255.391299,10.35234443,121.3459116,51.93491788,1.423136704,20.50544599,33.5610054,1.3267152,154.4716684,49.63058151,11.88424135,3.83268834,16.88804208,84.0645547,62.3559627,57.48057272,0.679907238,80.11791403,34.71079666,12.79627099,45.43711,73.67607808,231.8703333,264.1059189,219.426354,26.39778335,,295.6220962,1.93905495,165.1428312,112.7736196,
5.164655175,257.6518146,8.7021,115.7261175,44.9186904,1.41872715,35.06276027,32.14243891,1.066034925,143.7075236,53.14245437,11.5973343,3.844278225,12.9914442,84.40303275,59.08016475,56.45779044,0.591512625,65.74338205,33.73566165,12.86929215,46.65840165,67.045156,239.1430109,266.7185752,211.5552006,17.99348839,,278.7076188,2.0685699,138.6698076,107.8283631,
,,,,,,,,,,,,,,,,,,,,,,,,,,,,,,,,
,,,,,,,,,,,,,,,,,,,,,,,,,,,,,,,,
,,,,,,,,,,,,,,,,,,,,,,,,,,,,,,,,
,,,,,,,,,,,,,,,,,,,,,,,,,,,,,,,,
,,,,,,,,,,,,,,,,,,,,,,,,,,,,,,,,
,,,,,,,,,,,,,,,,,,,,,,,,,,,,,,,,
,,,,,,,,,,,,,,,,,,,,,,,,,,,,,,,,
,,,,,,,,,,,,,,,,,,,,,,,,,,,,,,,,
,,,,,,,,,,,,,,,,,,,,,,,,,,,,,,,,
,,,,,,,,,,,,,,,,,,,,,,,,,,,,,,,,
,,,,,,,,,,,,,,,,,,,,,,,,,,,,,,,,
,,,,,,,,,,,,,,,,,,,,,,,,,,,,,,,,
,,,,,,,,,,,,,,,,,,,,,,,,,,,,,,,,
,,,,,,,,,,,,,,,,,,,,,,,,,,,,,,,,
,,,,,,,,,,,,,,,,,,,,,,,,,,,,,,,,
,,,,,,,,,,,,,,,,,,,,,,,,,,,,,,,,
,,,,,,,,,,,,,,,,,,,,,,,,,,,,,,,,
,,,,,,,,,,,,,,,,,,,,,,,,,,,,,,,,
,,,,,,,,,,,,,,,,,,,,,,,,,,,,,,,,
,,,,,,,,,,,,,,,,,,,,,,,,,,,,,,,,
,,,,,,,,,,,,,,,,,,,,,,,,,,,,,,,,
,,,,,,,,,,,,,,,,,,,,,,,,,,,,,,,,
,,,,,,,,,,,,,,,,,,,,,,,,,,,,,,,,
,,,,,,,,,,,,,,,,,,,,,,,,,,,,,,,,
,,,,,,,,,,,,,,,,,,,,,,,,,,,,,,,,
,,,,,,,,,,,,,,,,,,,,,,,,,,,,,,,,
,,,,,,,,,,,,,,,,,,,,,,,,,,,,,,,,
,,,,,,,,,,,,,,,,,,,,,,,,,,,,,,,,
,,,,,,,,,,,,,,,,,,,,,,,,,,,,,,,,
,,,,,,,,,,,,,,,,,,,,,,,,,,,,,,,,
,,,,,,,,,,,,,,,,,,,,,,,,,,,,,,,,
,,,,,,,,,,,,,,,,,,,,,,,,,,,,,,,,
,,,,,,,,,,,,,,,,,,,,,,,,,,,,,,,,
,,,,,,,,,,,,,,,,,,,,,,,,,,,,,,,,
,,,,,,,,,,,,,,,,,,,,,,,,,,,,,,,,
,,,,,,,,,,,,,,,,,,,,,,,,,,,,,,,,
,,,,,,,,,,,,,,,,,,,,,,,,,,,,,,,,
,,,,,,,,,,,,,,,,,,,,,,,,,,,,,,,,
,,,,,,,,,,,,,,,,,,,,,,,,,,,,,,,,
,,,,,,,,,,,,,,,,,,,,,,,,,,,,,,,,
,,,,,,,,,,,,,,,,,,,,,,,,,,,,,,,,
,,,,,,,,,,,,,,,,,,,,,,,,,,,,,,,,
,,,,,,,,,,,,,,,,,,,,,,,,,,,,,,,,
,,,,,,,,,,,,,,,,,,,,,,,,,,,,,,,,
,,,,,,,,,,,,,,,,,,,,,,,,,,,,,,,,
,,,,,,,,,,,,,,,,,,,,,,,,,,,,,,,,
,,,,,,,,,,,,,,,,,,,,,,,,,,,,,,,,
,,,,,,,,,,,,,,,,,,,,,,,,,,,,,,,,
,,,,,,,,,,,,,,,,,,,,,,,,,,,,,,,,
,,,,,,,,,,,,,,,,,,,,,,,,,,,,,,,,
,,,,,,,,,,,,,,,,,,,,,,,,,,,,,,,,
,,,,,,,,,,,,,,,,,,,,,,,,,,,,,,,,
,,,,,,,,,,,,,,,,,,,,,,,,,,,,,,,,
,,,,,,,,,,,,,,,,,,,,,,,,,,,,,,,,
,,,,,,,,,,,,,,,,,,,,,,,,,,,,,,,,
,,,,,,,,,,,,,,,,,,,,,,,,,,,,,,,,
,,,,,,,,,,,,,,,,,,,,,,,,,,,,,,,,
,,,,,,,,,,,,,,,,,,,,,,,,,,,,,,,,
,,,,,,,,,,,,,,,,,,,,,,,,,,,,,,,,
,,,,,,,,,,,,,,,,,,,,,,,,,,,,,,,,
,,,,,,,,,,,,,,,,,,,,,,,,,,,,,,,,
,,,,,,,,,,,,,,,,,,,,,,,,,,,,,,,,
,,,,,,,,,,,,,,,,,,,,,,,,,,,,,,,,
,,,,,,,,,,,,,,,,,,,,,,,,,,,,,,,,
,,,,,,,,,,,,,,,,,,,,,,,,,,,,,,,,
,,,,,,,,,,,,,,,,,,,,,,,,,,,,,,,,
,,,,,,,,,,,,,,,,,,,,,,,,,,,,,,,,
,,,,,,,,,,,,,,,,,,,,,,,,,,,,,,,,
,,,,,,,,,,,,,,,,,,,,,,,,,,,,,,,,
,,,,,,,,,,,,,,,,,,,,,,,,,,,,,,,,
,,,,,,,,,,,,,,,,,,,,,,,,,,,,,,,,
,,,,,,,,,,,,,,,,,,,,,,,,,,,,,,,,
,,,,,,,,,,,,,,,,,,,,,,,,,,,,,,,,
,,,,,,,,,,,,,,,,,,,,,,,,,,,,,,,,
,,,,,,,,,,,,,,,,,,,,,,,,,,,,,,,,
,,,,,,,,,,,,,,,,,,,,,,,,,,,,,,,,
,,,,,,,,,,,,,,,,,,,,,,,,,,,,,,,,
,,,,,,,,,,,,,,,,,,,,,,,,,,,,,,,,
,,,,,,,,,,,,,,,,,,,,,,,,,,,,,,,,
,,,,,,,,,,,,,,,,,,,,,,,,,,,,,,,,
,,,,,,,,,,,,,,,,,,,,,,,,,,,,,,,,
,,,,,,,,,,,,,,,,,,,,,,,,,,,,,,,,
,,,,,,,,,,,,,,,,,,,,,,,,,,,,,,,,
,,,,,,,,,,,,,,,,,,,,,,,,,,,,,,,,
,,,,,,,,,,,,,,,,,,,,,,,,,,,,,,,,
,,,,,,,,,,,,,,,,,,,,,,,,,,,,,,,,
,,,,,,,,,,,,,,,,,,,,,,,,,,,,,,,,
,,,,,,,,,,,,,,,,,,,,,,,,,,,,,,,,
,,,,,,,,,,,,,,,,,,,,,,,,,,,,,,,,
,,,,,,,,,,,,,,,,,,,,,,,,,,,,,,,,
,,,,,,,,,,,,,,,,,,,,,,,,,,,,,,,,
,,,,,,,,,,,,,,,,,,,,,,,,,,,,,,,,
,,,,,,,,,,,,,,,,,,,,,,,,,,,,,,,,
,,,,,,,,,,,,,,,,,,,,,,,,,,,,,,,,
,,,,,,,,,,,,,,,,,,,,,,,,,,,,,,,,
2.167590375,41.40726379,5.0516676,80.79570924,47.19751335,1.0010817,35.68195125,35.32838929,0.811367888,159.4682184,53.43141039,6.4715976,1.4138982,18.6417396,,45.52777126,53.32874151,0.324262913,37.63872022,10.40918344,7.08966,36.20719778,40.43122494,95.6309976,100.5051331,99.72485942,14.9376042,,,5.414673826,62.1290581,121.9522392,38.61983813
2.145615075,55.66846231,4.876590825,85.59409524,37.1817216,0.9195525,37.69067363,27.98674976,0.82833975,92.0720206,52.94232903,4.679992688,1.44972855,,56.28610146,,50.16228144,0.700461,37.1737377,9.4235022,6.745323601,37.1902428,37.9348596,95.15264435,95.43669685,108.5489151,13.3054002,,146.0788624,0.861274013,64.2801042,135.0349077,34.30107
2.027357983,49.92927119,4.378521825,82.98877789,33.49873775,0.808819203,30.00445572,25.3917284,0.738352369,89.99296495,50.89899279,2.562299986,1.38088314,13.73650297,51.8080854,47.82455849,48.47905862,0.371732625,38.58175062,9.125043118,6.201334756,34.67022726,35.91215522,97.96611827,100.5135369,96.51198491,10.6868727,,,1.1967804,70.36297189,121.8013844,32.95391694
1.94019165,45.70961322,5.813917763,79.18667428,31.74112551,0.735852378,29.4232419,24.92057306,0.651282731,97.18064471,48.57076035,2.144053476,1.39720086,14.02408176,49.12596705,47.03253255,45.1543005,0.449185281,37.2316824,9.012306338,6.09997738,31.7376182,33.88118426,96.29139549,100.7387692,91.89912377,9.08606795,,,1.660355951,73.69964945,129.8295224,31.83316841
2.004140138,74.18932225,3.707963525,75.41748577,33.21229928,0.688727813,29.08073005,28.01765869,0.576175519,93.31027358,46.18464443,1.979314313,1.2353526,17.01557719,47.80022732,46.51907066,43.69488724,0.461012394,36.5679961,8.74271475,6.269978813,30.4796196,32.8947291,93.57527023,106.7892204,92.21244977,7.960273244,,127.7587857,1.64168235,70.18916185,120.9831607,29.88511164
1.439368988,57.76058058,3.9440628,79.53305661,32.44027962,0.698700603,24.37076585,26.47820448,0.536868,96.44751,44.579351,1.831560764,,15.97748202,46.50428043,45.28321039,43.08202688,0.469204307,35.648748,8.657195033,6.479211061,32.9541725,32.07477553,99.82402794,106.5684749,89.9364384,7.319733075,,123.3546773,1.70091819,69.32537764,117.5246464,28.81927337
1.733311913,65.5641955,3.839242925,77.73958793,29.69545027,0.731652072,26.93490366,28.46477498,0.515421882,87.03847246,43.56916594,1.699261214,1.610504775,18.46568324,47.48572249,45.49292401,41.11894618,0.44552835,34.83720475,8.6601555,6.35203296,33.31433338,31.90550425,110.4515633,109.5248385,88.99082077,6.600691767,,119.5576693,1.517740065,68.55089066,115.8731259,31.5610382
2.009605629,67.22673791,4.1063517,76.0869598,31.132404,0.770694297,28.53996863,30.80547113,0.6545772,77.4223191,43.69024865,1.3558347,1.08085509,20.1700881,48.18602697,45.91909195,42.636888,0.416264057,36.35167885,8.066262631,5.97018384,31.46510269,32.09428825,109.6255094,112.6290087,85.11677693,6.205759009,,115.2080098,1.59068016,67.33812086,105.4086227,30.6653191
1.929442517,65.98162815,4.298157366,72.00693006,33.0784461,0.774576,29.15407775,22.54967505,0.57092607,72.21393542,42.6887118,1.357622789,0.968809275,14.66905539,63.11484656,45.52250692,43.38387135,0.416167532,34.92051919,7.786667221,5.649469336,34.23717882,32.335787,104.2016724,105.709072,85.87329853,6.012710474,,112.527122,1.394173215,63.01307772,97.54011656,29.36362995
1.852185054,65.54525112,6.54500385,67.8204753,29.51437298,0.776973372,24.52934441,26.56215909,0.797050125,69.94329206,42.3342209,1.644144961,0.91705446,18.1822914,53.53054088,45.4105035,41.4778844,0.459714819,33.7533218,7.190521875,5.357556,25.60334157,31.36908803,101.1749957,102.7740268,79.11625183,6.0150843,,108.8561329,1.353530082,63.40191535,89.7310845,31.77462938
1.8346635,41.70760067,10.38712503,73.83368974,33.05794727,0.741470625,28.62479074,21.51202158,0.8916534,65.77385088,40.852728,3.71292849,0.89474706,14.75126354,47.07695737,43.33960123,38.78236776,0.451561494,32.98554731,7.022545398,5.232430306,27.11060792,29.02902705,95.58461985,99.98584954,80.78363553,5.979771,,112.4056866,2.145003188,59.67107462,96.34763899,24.96621083
1.992497642,48.01807657,4.180283069,73.33858393,31.44452379,0.670369503,23.534307,20.067372,0.742556233,66.37112864,39.45067581,5.236944165,0.848370105,13.36743237,45.35702697,41.43710297,37.07957263,0.50875425,32.6162376,7.114316426,5.08512492,24.76116287,27.44678498,90.79674912,94.74434357,79.57997141,6.201904465,,110.3255419,2.120167745,64.75046615,101.7243641,26.26538901
2.021247,42.41952429,4.208697417,74.1506755,27.28936049,0.613826777,23.01291028,18.0449802,0.341298017,68.58491101,35.706555,5.593934115,0.85552551,12.10088565,44.68365745,40.54145918,36.88665625,0.522672531,33.2011152,6.9813441,4.890812401,23.0646452,26.79282607,91.49986642,91.0477382,74.34872604,7.258751215,,110.0551722,1.501225786,64.71888431,105.618298,24.16189213
2.177887837,43.93126203,5.642736931,70.69694985,30.67596977,0.60172875,21.78066206,19.15270515,0.523124983,73.08303571,34.81250096,6.1177302,0.83833137,12.62017502,61.1846012,40.00255941,35.85171894,0.518185794,35.75898709,6.97369419,4.7538576,21.0770401,26.93995729,91.25442022,86.33990136,77.49240258,9.37562585,,113.94007,1.148642235,65.75547873,97.53507405,22.59861768
2.2239063,54.19736407,8.11422495,72.76124943,29.673297,0.56232576,20.55956513,19.37866444,0.470703825,76.87422752,34.33492233,6.113199094,0.755746875,12.99035583,53.27587823,39.37069166,35.41148415,0.425445075,35.50476375,6.680521238,4.687275938,20.99016936,28.99931112,87.71559998,89.01057097,87.13849487,12.32380103,,112.4374621,1.127780888,64.05103281,92.9606706,20.3349447
2.256105618,51.6530697,8.171049762,81.82027064,27.027891,0.558011252,18.25456635,18.23080669,0.3961062,79.29442976,35.32658063,6.486458063,0.742158282,12.64423968,46.55498625,40.4749548,36.0565992,0.309537231,34.84204985,6.451729313,4.556835563,20.72632845,31.28492184,89.5504113,93.88603455,80.78564872,11.55801302,,130.3659041,1.169048025,60.97872629,88.29214355,20.64001078
2.297737969,51.70107852,6.990936864,76.53014325,25.1575389,0.547317,17.61187556,15.33286166,0.35206812,83.7651819,35.27765784,6.36097617,0.74710944,11.3223825,45.96787503,40.20149489,35.78948496,0.360042165,35.32437658,6.05847411,4.42917801,19.27219433,32.06665547,88.19674198,94.00356345,81.96807963,15.454962,,124.8113124,1.12510134,62.77349988,90.47399949,19.49519988
2.337428138,56.96476874,6.2392113,69.37006204,29.5544882,0.503656988,17.5819818,13.74728355,,86.97568858,33.37011405,6.382939725,0.784862962,9.662982251,45.47589784,38.0074138,34.3231506,0.413257281,31.19944759,5.82096375,4.409804025,18.63777811,31.00839886,93.97616691,96.92711479,,16.24437594,,133.174121,1.1520306,61.259727,87.84268763,18.65381805
2.32194658,50.31893876,5.341885497,72.91067314,26.75965969,0.465006373,16.5894567,14.92484414,0.317637016,86.29768753,30.92844229,6.059884037,0.73483605,10.43906765,44.80702518,35.61785831,32.17225027,0.482842131,28.27653683,5.8564242,4.32023625,16.98186364,29.51137643,95.93547984,97.88122178,,16.76429615,,129.5008391,1.137513406,66.97902279,107.6571506,17.80336803
2.299497767,62.09144371,4.667742452,76.98622384,26.83026862,0.427476488,15.98076273,14.28511318,0.25852365,85.02599499,28.65078236,3.35988324,0.723226725,10.08593264,43.43316108,32.74140555,29.94574792,0.720601194,25.3960585,5.870551028,4.322544889,16.74259243,28.46022075,96.48799895,102.534168,101.9236028,15.44794895,,141.4222808,1.352188095,67.28136363,102.8937408,15.77580466
2.25509994,65.63468663,4.30613874,71.12338272,22.72249098,0.39591288,14.90703912,14.18636953,0.2783241,83.27279316,27.17746992,4.007371219,0.712179,10.59270615,41.74129031,30.47800298,27.94252775,0.509674275,25.23896847,5.763097856,4.2882534,16.24056669,27.37012437,102.6011597,104.2377998,86.52707753,13.41347364,,143.0129739,2.29138757,64.3686519,91.30891591,15.73553115
2.247599233,60.35638279,4.078794857,68.43026547,22.00757546,0.395157488,14.61463591,15.52024314,0.251833725,82.41767171,26.05279334,5.73281172,0.66974229,10.63951317,63.63311907,29.33655388,26.6422959,0.481065981,24.15301856,5.95490805,4.100860913,16.22311268,25.98138619,105.7549689,107.5614428,88.10777432,11.7719352,,134.2133476,2.177938126,62.88759424,84.32010901,15.30683028
2.33173485,39.29178424,10.17265047,68.67607815,20.60154905,0.406006086,13.94898426,12.31211678,0.383993663,87.39912638,24.8474142,5.72205789,0.61831944,9.998941998,68.20225123,27.5455728,26.50492125,0.556012344,23.3005965,6.0054426,4.022450551,18.7905744,25.44749396,102.3434626,112.0230864,75.74006816,10.17745904,,121.0920744,1.624863375,63.44813807,89.29784239,15.2893494
2.433560832,50.0551083,15.79590588,77.46398044,21.06640559,0.403978502,14.84032289,13.99227264,0.222942375,79.31154364,23.30986613,6.54532866,0.63126945,11.20130235,44.78285849,27.33175373,24.94908135,0.681366606,21.76215791,6.15319362,4.240474875,17.1010521,25.50540075,100.8529326,126.2433627,73.34981529,10.07433872,,114.7514946,1.628339822,56.897883,81.18545919,16.04503404
2.394987206,38.62893235,16.1039529,73.11451852,23.026518,0.397519873,18.44376174,16.16770004,0.227430352,72.63004863,22.90272874,6.15851775,0.519463125,12.59878577,36.90759733,25.26115864,24.53536372,0.554702631,20.6956512,6.32892528,4.498820731,15.89095733,25.58404541,95.2092711,118.1038223,71.83677484,10.7995842,,107.4242007,2.078848125,54.09638306,70.99501568,14.46352362
2.30486931,39.6916065,15.74760352,63.87839199,25.86312828,0.38765628,15.39917568,14.73949913,0.251957655,68.83059646,22.1711985,5.68979505,0.6154542,10.33107817,52.30375808,24.2202015,24.02245418,0.40517118,21.0145941,5.952428979,4.323070047,17.1515313,26.02687437,79.75909514,111.1270954,68.67131528,12.90172455,,101.7873562,0.9834615,55.11284712,76.84671636,13.46937795
,,,,,,,,,,,,,,,,,,,,,,,,,,,,,,,,
2.2454982,44.61449906,14.2569126,58.40135706,16.41618563,0.3536406,11.96726882,12.71623872,0.211042125,71.15222082,21.16911357,3.68790141,0.532749567,11.79298579,32.63560248,22.97425481,22.39722378,0.349026306,20.45209068,6.365475878,4.351304476,15.067485,25.09642818,82.49834411,113.2425772,78.18084834,13.02466043,,113.1979212,1.555922951,66.87377013,60.12856395,15.14332463
2.215391175,37.34642093,13.61337182,61.80624135,22.46644603,0.338603794,11.94794095,12.9077091,0.218131988,76.51255464,20.65122844,2.346873885,0.493036875,10.64068448,32.14939292,22.43864734,23.33386744,0.456802538,21.3669819,6.677605575,4.30407,15.67727358,24.30119677,91.76477937,103.2488289,80.31051273,13.00899741,,,1.850871938,75.81009966,70.45350098,14.20377282
2.366970395,53.35765936,13.49107798,71.81168974,28.8598356,0.332324999,13.429017,11.88247671,0.204363,82.83011466,20.72918066,4.330836916,0.486729,11.10255762,31.81219001,22.71414555,23.76907632,0.516164957,20.32702498,6.424074539,4.18490793,15.31706467,,98.95659752,109.6766777,81.69719249,12.4194739,,,1.95130674,76.30589138,70.22687884,15.2013781
2.454957207,40.58475706,14.22984544,80.8945434,23.72077372,0.358074,5.328675451,11.6699557,,97.43235392,20.48092594,5.675714887,0.480441375,11.60494425,30.3971589,22.9687051,23.27729805,0.469063912,20.3797485,6.642456638,4.2475887,15.03470616,,94.72630858,115.4574179,78.73353733,8.200160721,,,2.215900294,67.81867864,73.69615035,8.869591701
2.572485075,39.83428839,16.17828255,74.74481391,25.48143951,0.350831249,10.47757153,14.57018766,0.198163125,88.46634209,20.92374378,5.14561005,0.512118855,14.06638204,29.29043059,22.59650723,23.12404385,0.452764682,22.42692996,6.809709015,4.05818532,14.78207182,,101.2825944,115.8860867,79.57839981,7.833054101,,,1.959232725,66.12564195,79.19472221,15.23508906
2.473772945,33.70437502,17.40630687,74.90775737,28.11429997,0.349597574,17.16081456,14.57985798,0.201783276,77.53229604,21.24411507,4.6597113,0.48679839,14.18903723,28.35458351,21.95942096,22.91709544,0.686317494,21.94290928,6.566157,4.205891386,16.27089738,,98.5311621,110.299435,67.40137171,8.30199089,,,1.460647485,67.24392911,79.25008936,14.24558306
2.324905538,30.02237468,16.4619135,69.15802478,23.18032391,0.332220376,13.1339575,12.84108471,0.259920394,79.61849438,21.37076696,5.7016305,0.462236625,11.04902775,27.89843239,21.46184606,23.31026242,0.755644494,21.71074055,7.0740891,4.01884686,17.73538628,,,98.8722585,76.10777768,8.12371224,,,1.54430658,67.8331519,68.24047501,15.8035482
2.19449169,40.24098468,14.76405198,67.46814702,21.960855,0.31940892,13.68041225,12.39566814,0.265748175,81.29685732,21.1223133,5.554618335,0.45679275,9.828530149,28.75084416,20.87937513,23.07411887,0.5018436,21.21693831,7.639205681,4.0097619,16.70237172,,,98.57394498,87.57399683,7.715335052,,,1.598794605,63.36585302,67.49585038,17.07014736
1.702432688,36.83663897,11.38202267,71.0120386,23.70720867,0.3170664,14.7418299,11.85686829,0.218330425,77.19018228,21.01294772,5.3445474,0.451548,9.186937654,32.27440275,20.74318172,21.78718003,0.499094556,21.69316636,7.944201566,3.88029852,15.26972895,,,99.85411095,73.59429963,7.052577233,,,1.66602501,61.84420097,84.48574531,15.43398192
2.133643371,34.07587921,2.58409305,69.32661516,22.95709493,0.306350889,13.791978,13.3462593,0.233645838,70.37671338,20.4812712,5.1324003,0.446299875,9.927268541,,19.03882495,21.56368483,0.52206525,21.24624938,22.77662112,4.045879531,14.58786206,,,98.04518994,74.03223828,6.403592854,,,0.67591584,60.24583235,79.50402856,15.17282928
2.167165125,39.27752605,3.856116284,65.1999699,20.38883904,0.282371626,13.01561651,11.71828458,0.225625905,66.61232909,19.91863845,5.136663263,0.441095625,8.440219916,25.83227295,18.32667464,20.97903584,0.518882957,21.01530454,8.683835348,3.932714362,15.5128608,,,96.90946215,73.63567827,5.842233826,,,0.522414563,53.58804075,62.40801132,14.76809567
2.325418666,48.04293162,1.892584667,61.99911484,18.68253525,0.260635725,12.61039331,10.25117775,,73.42109652,19.49197298,6.843866853,0.43592175,7.020540035,23.36341725,18.39357997,21.00908549,0.495827325,21.46279575,9.316822504,3.841331176,14.97416828,,,100.2730299,84.35959517,5.61668734,,,0.505444477,54.9081855,59.56814437,15.46749203
1.519776,45.35722282,1.875421145,57.30678113,18.35694158,0.249566851,13.09766074,10.36647437,,65.79393686,19.45063141,8.426632504,0.43088625,7.0287588,22.20321392,18.20848246,20.86408706,0.527599794,20.80521465,9.612073579,3.604649851,13.14636335,17.68297635,,101.8437308,66.72093768,5.49934515,,,,57.8015622,67.97626937,14.08650075
1.590931816,39.95938454,1.645902788,56.76564038,18.4591872,0.247943476,12.43911408,10.21275864,,,19.28556945,7.67194254,0.42605325,7.089497969,22.29291759,18.05763375,21.05925885,0.558792906,16.46378156,9.648553549,3.655417141,12.74453123,17.39995628,,103.3337419,64.86686859,5.252018656,,,0.495336577,58.33515342,65.89674,12.24730773
1.859149463,45.41110303,3.159325013,54.40066539,16.6067162,0.251365275,41.1908112,9.719460001,,57.20973605,18.9993762,7.729401514,0.42139575,7.01630944,22.09781925,18.01241179,20.52289103,0.5209515,15.75495796,9.938251129,3.763368,12.73237154,16.93488431,,101.5982352,62.59031922,5.56295763,,,0.40172355,47.9770452,61.95021115,11.8977413
2.000505616,38.00218172,1.64058075,52.97668798,16.098966,0.254970561,81.31385645,10.65444975,,60.63551218,19.07038095,9.038132689,0.416417625,7.224033344,20.67532733,18.60706785,20.4314961,0.480283656,18.4381661,9.93998925,3.753710776,12.6216199,16.9810992,,96.60677328,62.34010806,5.276098771,,,0.33216075,45.84641614,66.61031192,11.84046984
1.813249672,40.94733027,1.608505088,52.59821155,15.98935029,0.254815764,1.6130745,11.37044304,,59.96728121,19.08280553,9.186824929,0.411976125,7.824082534,20.66438547,18.60015953,20.07225345,0.4857678,19.48840546,9.5985,3.76337664,12.99583845,17.04486091,,88.82116776,60.49669006,5.463021009,,83.31221388,0.38309841,47.62500324,65.15616303,11.71990944
1.845734641,35.9153868,1.455194231,48.7895643,15.62146098,0.258524099,1.606176,10.28406834,,63.03289766,18.81940163,8.636526184,0.406994625,7.016468066,22.05829463,18.09602835,19.95922129,0.371308725,18.03431385,9.384416734,3.913394986,13.85245304,17.320149,,86.29993692,53.91485982,4.857085321,,86.90713855,0.35522712,44.9384274,63.62033929,11.89791558
1.773310178,38.7781722,1.423620469,44.90069668,15.63010661,0.264035249,1.59466725,10.17971766,,54.70578446,18.35846809,8.22699423,0.402242625,6.594806511,28.01170722,18.44889244,19.423206,0.453979243,14.70481546,8.84255184,3.874944286,12.86072158,17.36593597,,84.94727773,64.54693737,4.752638071,,85.67713675,0.39316995,46.30019569,61.50504522,12.6107199
1.848619463,34.00405633,3.232899356,43.2042626,16.17542101,0.289331886,6.610415519,10.7264331,,55.44315284,17.95422165,8.40672,0.399191625,7.07872095,24.2008041,18.12085523,18.94351455,0.459619313,15.58247962,9.2799756,3.762889831,12.67950948,17.75907476,,83.83572696,70.15674213,4.396054922,,84.37079598,0.3685122,44.67822705,56.56829779,12.01143168
1.927778384,29.7871128,1.785955031,45.07166532,19.11369177,0.307896188,11.04523796,11.0478384,,55.17544635,17.602974,7.029085635,0.39633975,7.816962184,22.1538888,18.28669215,19.02794385,0.390030188,18.0753903,10.00585913,3.757968271,12.60801231,17.48274044,,80.57415021,,3.875478777,,77.48846808,0.47475396,41.02285615,51.04933545,11.88516929
1.886556165,28.05483735,1.680813207,46.11816172,16.36099775,0.292217849,10.99155825,11.29741412,,54.59177358,16.9174467,7.6485384,0.39235725,7.327334287,21.7804107,18.31527281,18.78644607,0.355153275,,8.631318154,3.67990452,13.032387,17.65413158,,77.82193164,,2.841663851,,79.72261696,0.379531845,38.74776275,55.9561451,11.91728093
1.95981525,31.35813237,1.611165582,50.04258837,15.55592951,0.281406601,10.52373465,11.01110031,0.152040375,52.08399846,17.14058952,7.784561295,0.387345375,7.047811767,21.67716694,18.45360015,18.72699919,0.335123994,,8.81048259,3.729088936,13.07165648,18.23034524,56.9932686,73.55096598,,0.813916825,,76.3171416,0.34965756,36.9054063,65.68336575,12.498678
1.996679362,32.2796826,2.985502257,55.14342769,15.69369612,0.276795339,7.706552504,11.35167683,0.149887125,48.83785164,17.0992524,6.470172,0.3829275,6.595195982,22.42915891,17.86711395,18.37315279,0.317492994,17.27963348,8.14015143,3.58929792,12.73413825,18.57506611,57.02422123,76.14089706,,0.6235031,,73.93777808,0.36114876,38.12753363,65.29618306,12.20283522
1.965660075,27.83567869,8.46148464,52.12504061,15.9474447,0.2770659,3.07743975,9.898427612,0.1477035,44.98441097,16.28072156,7.524249975,0.378651375,5.93726516,21.7695477,18.53191605,17.89003786,0.351881544,16.52615975,8.529735375,3.465876095,12.27200625,17.78163393,61.6462434,73.62715281,,0.643026175,,80.61532493,0.361179,39.22866937,66.39367872,11.91442703
1.586035672,30.65788398,1.356286482,48.75233115,17.23685963,0.25617465,10.37429673,9.46286712,0.1453815,45.31283807,15.7506671,5.5009773,0.37407825,5.209615832,21.0677781,18.75012908,17.4815226,0.334549794,15.91366104,8.719726275,3.41101773,12.11993685,16.77247839,56.68698816,73.44583848,,0.6283251,,73.76415222,1.68460695,38.61852803,61.7788722,11.43905278
1.806517335,29.76709905,1.398021507,47.33197106,16.50407862,0.243300487,9.850477625,9.62417916,0.157239225,58.21208019,15.34129479,3.51893835,0.369576,5.935028432,20.84619645,18.36382211,16.91207272,0.328691925,15.93130082,8.568359637,3.35320128,11.1075992,16.15859536,57.21786284,72.22641133,,0.599969499,,69.30644918,1.94466825,38.64930188,61.5656046,11.04158237
1.847789985,28.17939575,1.440814068,47.44137582,16.45720662,0.228055163,9.594080763,10.32191775,0.14059575,63.0219825,14.93798392,2.967661778,0.36504,6.962125472,22.88354527,17.84574459,16.84957959,0.308822057,16.57668883,7.684008725,3.30142176,11.19432951,16.24142113,58.14009576,73.2307716,,0.5846796,,71.29320187,5.688742388,44.33828741,62.52045555,10.3668317
1.905018765,38.11391415,1.40623528,47.70989303,16.58652795,0.2143827,10.47645077,10.83877578,0.1383615,62.32719692,14.94893804,2.780270979,0.361074375,6.67298655,32.08369163,17.46201206,16.66239871,0.30825684,16.47369268,7.868036925,3.373967926,12.07893815,16.24744393,58.96555056,72.93796875,,0.5850522,,69.3288791,0.672419475,38.76468364,58.35777623,10.41134681
2.018908816,32.72172325,1.439814356,49.8533832,15.93906896,0.211133138,10.48420014,9.9040725,0.136053,64.94812875,15.07119089,2.57552298,0.359602875,5.7235734,24.08851212,17.02602656,17.15279144,0.30320325,16.39609473,7.13220471,3.216932146,12.47020907,15.73929661,57.85374929,69.78228469,45.2196783,0.718894326,,67.87217002,0.8455941,34.30281657,57.93715055,11.37115678
1.5188202,36.99976003,1.425549395,53.56334606,18.55142595,0.215704126,11.6795609,9.71550693,0.133812,63.00791469,15.3456687,4.99723668,0.357399,5.826856242,21.218436,17.22640081,17.38421986,0.305923956,16.92243104,6.750424238,3.223468306,11.618775,15.92076141,58.50295835,68.59602028,47.87810073,0.701607174,,67.38302431,0.757888245,34.1749611,54.90654027,11.93031666
2.251878734,34.15088867,1.492587,47.7892363,16.97413455,0.238211099,11.4667559,10.51857374,0.149255334,49.85647038,15.8414109,4.600904625,0.3523635,6.410269128,21.83905868,17.23424206,17.33220802,0.291243594,16.37059733,6.30362655,3.425342986,11.51057035,16.15197986,57.6870525,65.51586788,48.82389237,0.77812731,,67.85733622,0.730582875,32.12943766,52.0281786,11.26371825
2.053886159,34.6703004,1.45103805,45.82915182,16.02973351,0.267979949,11.07347277,10.16763314,0.1296135,49.01011596,15.88983244,2.55189312,0.346939875,6.368422308,29.15051775,17.24453179,17.60346371,0.282383319,16.81777927,6.0607278,3.40228512,11.9652957,15.99479156,56.71230255,63.8311586,52.93719981,0.779637624,,51.7750542,0.82394739,28.52704575,53.24995317,10.9744875
1.950159391,36.66458541,1.390575845,45.3502476,14.67906918,0.286025851,10.33040756,9.795333781,0.1275885,44.03136915,16.00320165,2.02902165,0.342684,6.21,25.52064788,17.01705,17.5694358,0.270667131,17.93622825,5.878242495,3.3025401,11.97709134,15.65016764,55.96734933,62.48993103,64.53682371,0.723939274,,50.68329392,0.77392719,25.62447573,54.3753756,11.22443933
1.67336526,40.61052788,1.299689981,49.5856254,15.23979765,0.280410976,10.6028677,9.278606296,0.134024392,41.23639368,16.29241594,1.9788705,0.3795876,5.910718532,21.7242384,16.75551135,17.40690296,0.2554443,17.34724702,5.7303396,3.161623591,11.57477905,15.51466139,57.21855741,62.40226865,52.43686403,0.7473708,,54.82481625,0.75912714,28.44444641,55.53624135,11.3165613
1.97418219,40.84132477,1.218446118,47.31501127,15.92808986,0.264644099,10.62071371,8.67345057,0.144376304,51.69563343,16.3168371,1.97355312,0.3344625,5.404768122,20.96905943,16.58481398,17.55441855,0.261107443,16.57275579,5.76693756,3.212707591,10.7954963,15.37579032,58.16397578,65.41036403,46.94046714,0.916380534,,57.68438039,0.85243104,38.32094896,49.67563039,10.65817359
1.864381725,37.47316883,1.117639705,44.65639688,22.04127708,0.246853799,10.4193918,9.411050645,0.182736,70.76934394,16.26210099,1.984977225,0.330264,6.056562378,20.45854834,16.30634876,17.2765883,0.260227018,15.39588006,5.379835725,3.323275257,10.16783483,15.15234614,69.09242828,65.18765419,42.44629332,0.949656488,,50.76708503,0.7954038,38.94151747,50.77478603,10.1550024
1.88643441,35.17419803,1.107109817,43.95414713,22.71487242,0.239701275,9.66941955,9.4095108,0.119826,75.30031188,16.0220673,1.95702156,0.32595075,6.86828025,19.558935,16.1075844,17.60003828,0.279241194,15.12740745,5.41488402,3.20556285,9.9323469,15.04252417,60.65752296,64.26490833,43.9465392,0.86227578,,49.23131828,0.83733696,40.4654184,48.16131195,9.675936
1.853026875,37.53997606,1.06521075,42.60329838,19.59286725,0.247829399,9.309535301,8.5956255,,65.07673326,16.14185986,2.53939644,0.32173875,6.568922281,19.867923,16.57076077,17.57902958,0.281355525,15.12224339,5.33338128,3.14314992,10.48685332,15.15767161,68.15723265,65.16549225,48.1675518,0.779004,,50.30723992,0.751232138,39.67688493,48.327567,9.5357088
1.800225915,47.5309323,1.171796417,41.30567595,15.62538735,0.257187151,9.01284985,8.24337,,43.4739474,16.40690114,2.42136,0.31813425,5.927380006,20.1126345,16.50752227,17.5493304,0.243577794,14.73679363,5.500248318,2.943607559,10.05691747,15.02977891,68.10571506,65.19716325,53.26130676,0.746525276,,53.25596661,0.806392104,38.69288442,43.47710873,9.783269902
1.758294,36.65850774,1.072181233,40.66085052,14.26093414,0.2238273,9.221061502,7.5303648,,52.9136928,16.07900949,2.3283477,0.3145905,5.3937738,19.13682075,15.91998854,17.20305014,0.2369871,14.47709355,5.126053275,2.811110343,9.485698593,14.63161487,65.71171194,66.571092,54.62611628,0.765927649,,51.26315241,0.68219415,37.97522703,44.58385935,9.336691254
1.73913726,39.81498861,0.988589683,40.02492825,16.00557975,0.2152656,8.560727646,7.060644088,,73.65067223,15.72997388,2.1464865,0.31092525,4.742545469,18.47784798,16.67177438,16.70357835,0.278326125,13.62210782,4.8764592,2.7919485,8.569935675,14.23821362,56.89105605,67.98969881,53.16741451,0.736860574,,47.19881949,0.58002345,46.56989966,45.42677985,8.436122231
1.707271186,36.62191576,0.953386633,38.73198263,17.62334381,0.206798174,8.15834592,6.8278626,,50.7078414,15.3094077,2.3385591,0.3069225,4.88092635,17.70472606,16.243254,15.86578725,0.24386535,12.62987672,4.806104608,2.6823096,7.97563719,13.43547437,57.69229725,68.00684374,49.03449164,0.761624126,,59.3609013,0.56030938,41.71666968,41.81102115,7.698208593
1.700952286,49.72364901,0.918200233,35.76868268,16.09288661,0.19359675,7.329972918,7.70765085,,36.43216785,14.88410438,2.825555415,0.30314925,5.7082563,17.60979389,15.68622888,15.36524312,0.22469589,13.02713087,4.92659685,2.6639064,7.518835439,13.16601238,51.57924413,67.14741131,46.0452006,0.88803,,60.81013239,0.5315139,37.8124038,40.97715314,7.033268475
1.693889986,45.84055522,0.94343265,36.4010112,14.28532605,0.183548701,6.96114,7.34046705,,56.38769977,14.56234056,3.096745185,0.29930175,5.645900506,17.92090575,16.12031387,15.43150845,0.275786775,12.72496352,5.018284366,2.71110942,8.1042282,13.45931807,51.93070272,67.14407,51.67502933,0.803016025,,54.33584308,0.5696838,36.40227048,40.84163505,6.908136841
1.721372639,46.47266843,1.109781,37.40903083,11.7671292,0.171924751,6.6546684,7.61619348,,49.04332988,14.43750515,1.9911528,0.295326,6.774384631,17.90278605,15.76675967,15.23980607,0.2499255,11.90777073,5.062443734,2.68562628,8.242702963,13.6164078,55.92792177,67.6464928,54.23701073,0.639580525,,46.86553442,0.64157184,36.31512505,41.99872613,7.37963055
1.696196264,45.85985303,1.071386759,37.88751797,12.95380587,0.156496501,7.1717724,7.32129138,,43.28795048,14.10653462,1.4484663,0.29141775,6.437527169,19.19318085,15.52603572,14.97847693,0.256162494,11.60794565,4.937045609,2.6779005,8.546630625,13.34832017,59.82181425,70.48416623,51.71418648,0.697359375,,45.12380379,0.7931196,36.10301743,44.64569241,7.834979609
1.751822085,41.50515624,0.7901712,36.53084739,13.43396149,0.146160001,7.048572392,7.69511394,,52.95611002,14.33898257,1.1951982,0.2877255,6.844218556,22.6785987,16.37918888,15.29562272,0.310064625,10.76805618,4.56554475,2.9212245,8.173910337,12.965876,68.06060802,73.63989788,47.57610816,0.697535975,,50.71374339,0.59575392,38.0067471,44.78442944,7.615761165
2.367919557,30.89594904,0.25245675,40.12689921,15.18129911,0.140727601,7.596728642,8.99793576,,59.1986448,14.64006474,1.528515464,0.284472,7.44113925,20.51173328,16.45130506,15.63129436,0.332438394,11.49850025,4.33441125,2.64084624,8.7258303,13.188014,69.90061185,77.30521421,,0.752906726,,56.702889,0.57343788,38.12399567,47.01768714,7.32028995
2.79648369,28.48001715,2.760163088,43.7412096,14.33738313,0.13788522,7.71444162,8.28497565,,57.10498279,15.100992,1.5543441,0.2810565,7.34427324,21.41159265,17.11980036,15.82736274,0.3274425,12.10834548,4.03850232,2.618394188,10.27012608,13.35906432,67.1383188,77.21371899,51.58046903,1.09596564,,,0.521602875,33.7642668,41.4730503,8.07020739
2.588380895,27.29431688,2.25122895,44.66837644,16.45265689,0.143896501,7.593338793,8.42231196,,62.72189235,15.22549898,1.434256889,0.277695,6.9628545,29.226945,17.03511,16.18812464,0.249075,10.68123613,3.9105963,2.41972731,9.898674614,13.54855486,70.2009504,74.80707814,52.35864469,1.1616075,,50.7091239,0.51603858,35.12722955,41.9619852,8.95199175
2.369898675,23.27924316,0.3425625,40.96385927,18.95054793,0.1464318,8.363326817,8.4112182,0.094986,42.00002213,14.82749963,1.492437586,0.2744955,7.025379075,24.36847875,17.02909043,16.07100398,0.21532095,13.04279447,4.049848815,2.454084,9.6900003,13.45902016,72.59684616,70.03930786,51.5149335,1.263028763,,49.52772675,0.4871988,33.8147865,42.09625448,8.4323565
2.075345084,24.38839641,0.32996025,41.24999177,16.88781656,0.162459449,8.168769,7.988328,0.0935415,34.8240546,14.7859425,1.4583348,0.27115425,6.763668268,21.02891475,17.4383496,15.44682164,0.1983852,12.7328544,4.06817775,2.331024075,8.7262326,12.89887214,70.4380131,68.3192313,47.7721125,1.314187245,,51.28318575,0.49016745,33.57784997,41.26521435,7.8686235
,,,,,,,,,,,,,,,,,,,,,,,,,,,,,,,,
,,,,,,,,,,,,,,,,,,,,,,,,,,,,,,,,
,,,,,,,,,,,,,,,,,,,,,,,,,,,,,,,,
,,,,,,,,,,,,,,,,,,,,,,,,,,,,,,,,
,,,,,,,,,,,,,,,,,,,,,,,,,,,,,,,,
,,,,,,,,,,,,,,,,,,,,,,,,,,,,,,,,
,,,,,,,,,,,,,,,,,,,,,,,,,,,,,,,,
,,,,,,,,,,,,,,,,,,,,,,,,,,,,,,,,
1.625508,24.56118011,0.2294865,20.83557195,,0.108056025,6.974166488,5.865228225,,31.41529515,12.0167577,2.086763175,,6.6339594,14.6860155,13.06867669,13.30697126,0.1932174,12.54109635,4.754030385,2.021078925,9.384714,10.05758471,46.03337156,73.88134605,31.96854918,0.759595725,,32.043924,0.330282563,27.39771844,17.27322368,8.438198288
1.575199138,16.08935562,0.22738725,19.4276313,,0.100429875,7.640399332,5.630039663,,28.6192035,11.84786651,1.88639388,,6.936526095,16.72927425,12.10801038,13.03601028,0.1765071,12.63830996,4.5546597,2.02813875,8.576170122,9.924390113,44.81340093,69.03038295,31.94125515,0.720905649,,29.07404685,0.32243508,25.50686384,16.4056509,8.78662512
1.45262754,20.56205452,0.225207,18.51338484,19.615365,0.09507456,5.5405539,5.97531627,,27.28014188,11.51040348,1.7212257,,7.20186093,15.55901973,12.84610536,12.93074145,0.16628976,13.78348002,4.58242488,1.99966725,7.44835338,9.91321254,40.76342496,68.0989059,32.01217706,0.735129675,,26.44609392,0.35870094,23.38055712,16.15528152,7.68745215
1.48645125,22.35808103,0.22302,19.22880315,16.19703103,0.087995699,7.3177857,6.11163576,,27.23871402,11.34354375,1.76111064,,7.08189885,14.11806432,12.39831888,12.79807189,0.177915155,12.96537379,4.56850206,1.98970425,6.672560324,9.8617851,38.1590028,68.19095592,31.60649052,0.727475175,,24.3178254,0.4026834,24.15767902,15.4030653,6.55258788
1.4622363,20.57237574,0.221157,18.44865315,14.8080555,0.0839322,6.097118029,5.84991504,,26.93823075,11.0707155,3.6707175,,7.41327795,13.57286625,12.80417029,12.39793493,0.214453575,11.84802739,4.64273046,1.99780425,6.840293251,9.75975345,37.3635612,65.83968333,33.56193204,0.8221986,,24.68944841,0.3796956,22.38681915,15.76789435,5.94345141
2.444231462,21.83049225,0.21989475,19.67619052,13.45245763,0.081270001,6.086861629,6.70251915,,28.86713424,10.97616488,4.1576571,,8.282980829,13.75540863,12.86400476,12.23679769,0.213797475,12.20959361,4.17517497,1.95952878,6.3744408,9.896460184,35.52328143,64.24572996,35.1801117,0.688802873,,31.94960625,0.35151813,23.6317884,18.30498402,6.18635556
1.48179375,19.55057357,0.21859875,21.54587205,24.72142149,0.07658145,5.998999804,6.05132208,,27.18096264,10.79680129,2.0978298,,7.119264405,12.57534168,11.8175085,11.94153716,0.24993787,10.96241097,3.95027307,1.868643,6.334933576,10.24032229,33.143526,63.98244027,39.76455591,0.704795175,,31.21243128,0.32768928,23.1872343,23.02987287,6.1345674
1.528885813,23.78492008,0.2176875,23.91474255,16.74922847,0.076547025,6.110403075,5.65164,,25.07436,10.7245296,5.13198504,,6.670466294,12.96919812,11.55918004,11.98384189,0.241486195,9.858958092,3.59496144,1.761497956,6.269088524,10.41559279,32.50003743,59.30169408,37.42223112,0.712353622,,31.11717668,0.3418065,22.83284123,26.31330888,6.48845289
1.614005113,20.7644391,0.2186055,27.34859295,9.780051375,0.0738045,6.31691497,5.69913246,,23.67022905,10.85824294,4.11140448,0.3258927,6.531561031,12.99453468,11.57447554,11.78623856,0.209357995,9.722425166,3.48464835,1.794613094,5.432458577,10.39094336,32.73170472,52.27851186,34.46170481,0.758742278,,31.76677278,0.36032931,21.9184854,31.09977978,6.3950796
1.582563163,36.1797381,0.22194675,26.96532188,11.30780691,0.073171575,6.272978255,6.09629895,,23.35840497,10.54035619,4.03345332,0.26780166,6.9054795,13.17692868,11.70786251,11.5818984,0.2189565,9.845268859,3.42624249,1.72483344,5.044842,10.18767105,32.82719076,44.80529904,34.1268984,0.807727927,,30.89155932,0.37578411,22.65694552,28.19165142,5.96288952
1.478523137,36.538315,0.22464,27.05985346,10.46939976,0.071982,5.8655205,5.92214058,,22.78196847,10.44546705,4.2714945,0.2289735,6.291575581,13.26126938,12.63039109,11.60094758,0.17203725,9.759719816,3.34851516,1.76804964,5.117449874,10.20834495,36.1023183,41.23713132,32.21180325,0.908061324,,30.6246096,0.29543589,24.06212115,30.99775781,5.669676
1.590831014,29.9999997,0.2245455,28.20126614,9.34118338,0.0768366,5.632107525,6.29716356,,27.53720928,10.38026351,3.89158182,0.22737375,6.627771932,13.32191813,12.2394726,11.76650134,0.168206405,9.841800265,3.39674769,1.86217704,4.913308723,10.63960279,39.1312512,40.88027043,32.82773508,0.959799375,,30.78922752,0.32150196,23.7991527,30.31070862,6.25171932
2.07105984,35.4575151,0.223668,28.35000675,9.12326895,0.08196984,6.06673125,6.376627125,,27.59840235,10.75968414,4.719682785,0.22610475,6.97744638,13.7326752,11.46381687,11.56469535,0.17086302,8.64121716,3.475857825,1.8321795,6.5360358,11.4420897,44.05758142,40.82761463,32.0475042,1.32736671,,32.72726592,0.317862225,23.70483738,27.94215852,6.424485975
2.438627421,37.038013,0.226503,28.27084852,9.498191625,0.084188251,6.486977108,6.18243516,,28.17044568,10.87232501,,0.22476825,7.106796225,14.25558555,11.59863705,11.93254796,0.185099513,10.69593267,3.5605548,2.1684996,8.410310325,12.45982377,48.74577084,39.74778864,35.47456992,1.23603975,,33.95218068,0.30884733,25.05945945,26.12440722,6.71731002
2.389636329,40.75133983,0.23853825,27.8038491,8.9270505,0.106006051,6.399366525,5.8351725,,19.99512864,11.18392032,5.98997565,0.2228175,6.483589165,17.48054778,12.05907177,12.39759,0.416808005,10.2592818,3.74698278,1.920159,7.767685879,12.48216852,49.17024756,39.691485,34.19518464,0.90557325,,35.3176929,0.3710448,26.96032755,23.58072282,6.57483372
2.265458381,53.001756,0.2574045,25.6082148,9.031662,0.195048451,6.048609833,5.42924694,,43.47659799,11.02135962,6.22102275,0.22079925,5.7971592,21.932478,12.2243473,12.30322985,0.479536205,10.27428705,4.31577234,1.4051772,7.444715321,12.29269533,50.38591176,43.6085856,36.46049652,1.10840805,,37.81582827,0.34895286,27.96249803,22.33696298,6.24986685
2.261466,56.18864052,0.27039825,30.69767025,10.81249074,0.29786265,5.54450994,5.431512713,,60.10712696,11.12870016,4.7403252,0.21901725,6.0805323,17.40382092,12.36483576,12.53299095,0.4384044,10.22887602,4.59539055,1.355511038,6.56243289,11.91170259,56.08768185,48.44967885,44.49642525,1.30861251,,40.84827786,0.330328125,32.39175744,26.80395759,5.846661
2.398414031,48.1012128,0.27497475,36.84771,12.4032743,0.290297248,5.728258884,5.67431865,,69.57054468,11.118437,5.40537084,0.21751875,6.991966764,17.51623952,12.36119972,12.5565066,0.257499,10.43784428,5.06672658,1.68464934,5.824221894,11.0135611,57.787182,54.9287868,51.2868888,1.76109124,,47.09158806,0.26362827,31.35784995,27.99036887,5.94247563
2.0118861,61.11237483,0.279774,36.01533921,10.5542173,0.273280948,6.112737986,6.1847631,,66.11626944,11.13437745,5.9549985,0.216459,7.86464775,16.7730507,12.3256944,13.15895027,0.198544495,10.74099825,5.24168739,1.75222602,5.787242917,10.50634565,58.20902568,65.86966278,59.9892561,1.893235275,,53.80815825,0.29107296,30.71830652,27.36321088,5.8086477
1.714296359,48.7540512,0.29187,35.52169258,9.330710294,0.2362689,5.944878588,6.76045656,,41.21115975,11.1552444,6.08668641,0.2149335,7.722119214,15.53889613,12.16380848,12.41384162,0.328175995,11.02736712,4.95151488,1.77270741,5.130674918,10.44197965,61.21275867,75.17235132,57.73434084,1.76593365,,55.77645262,0.2707587,34.380801,30.18066557,6.08050611
1.51479114,48.97799074,0.296541,39.73505355,8.8723404,0.203304148,5.951976611,6.54145389,,58.3002954,11.31037965,5.9003289,0.21329325,7.845061915,14.6908485,12.20452663,12.75007487,0.283391325,10.3663376,4.72024692,1.7192385,4.792162644,10.39899385,57.00980475,74.16428526,54.7184484,1.740619976,,56.81954632,0.286632,37.80728577,32.34146535,6.08331735
1.62609255,52.02973549,0.282393,35.9732988,8.771298647,0.179124752,6.15968955,6.45476904,,39.02468976,11.05295638,6.67872621,0.2116125,8.4573693,14.31128758,11.83681215,12.908681,0.2443608,9.886201875,4.98999447,1.6921359,5.124980329,10.23475353,57.91198032,69.65082111,52.63007184,1.70396325,,67.46938089,0.25808463,34.3788111,30.5264754,6.152895
1.592479813,48.61212903,0.26259525,34.0808067,9.45815535,0.150955874,6.231274118,6.39095886,,52.93512945,11.06837538,5.268969,0.210141,7.647412466,14.3019108,11.3076629,12.010518,0.241409245,9.357279634,5.3859978,1.65128868,5.755303723,9.968835256,62.6309064,68.72823972,46.04270688,1.62549585,,70.3806246,0.27450252,33.14791728,30.90486362,6.07158342
1.47511125,43.3937871,0.24978375,36.28113655,9.205833502,0.137191949,6.329745531,6.52078917,,48.575133,10.84509,6.998584613,0.20827125,7.46971875,13.52145613,11.33134785,12.54109713,0.218326045,9.18339525,5.40531927,1.69667919,5.191198276,9.466661141,66.69954828,67.86832644,45.68944509,1.522303875,,54.6516477,0.27339768,33.54910285,30.24828225,6.40481175
1.590279075,40.48487185,0.245889,37.78949025,9.354222772,0.148834124,6.6069135,6.29289756,,49.83379803,10.72737237,6.864687225,0.20667825,7.6105413,13.20944053,10.80544219,12.28794852,0.2425248,9.449244,5.269426631,1.69554816,4.68122625,9.08820945,69.11241084,71.5449456,46.45703502,1.46026125,,51.36531367,0.28135296,31.5649764,31.19285173,6.780582563
1.875704384,44.0154135,0.2481165,33.2863533,10.5662528,0.15672096,7.1084439,6.63786954,,56.68939575,10.65265683,7.49454525,0.202527,7.343569834,15.91479225,10.79684922,12.05637288,0.193970695,9.465760014,5.5187568,1.70834832,4.663151024,9.053660585,71.87491584,72.10148175,44.27498853,1.164332735,,49.17129908,0.25467858,29.5828848,31.25624593,6.778382479
2.095436268,44.50329027,0.2574315,33.25332583,10.4787883,0.155001601,7.0480179,6.89986836,,61.43028255,11.10207252,9.795356967,0.19818,7.474716866,14.09897622,10.56840762,12.2927544,0.208823845,10.1584071,5.78088002,1.73294532,7.6250889,9.1792224,67.106637,71.9080362,43.0544565,1.19505375,,46.49448489,0.27292896,27.38146337,30.47516258,7.194560029
2.014420482,46.8165096,0.281259,34.11529409,10.7574156,0.162165601,7.282283769,6.5188854,,58.72701755,14.20549728,8.96599152,0.1969245,6.887160034,12.33098586,10.81192995,12.47902662,0.208114195,10.7885088,6.32895388,1.71412416,7.128780673,8.831155381,56.8745982,72.22410225,43.32562225,1.16673477,,48.31386501,0.24051168,27.7998723,31.73090567,7.38643942
1.688780716,49.65876019,0.3016845,32.81938094,10.9017576,0.169940702,7.211162781,6.85140768,,53.93753799,15.0159015,7.80699465,0.1961685,6.73210116,13.04525713,10.78838628,12.73060788,0.26247375,11.02171467,6.532715679,1.80541386,6.53005395,8.977825919,55.5302142,72.72999329,44.53045675,1.145286869,,45.292662,0.24592086,27.60266942,31.24732488,7.03158165
1.489837515,41.28019875,0.2944215,32.59486575,10.5461136,0.194342848,7.0641585,6.1281792,,36.77010774,15.18806262,8.213955718,0.195075,6.0871662,13.3230582,10.75132068,12.54460365,0.236877745,10.71556212,6.756506122,1.41968862,6.1605225,9.04943745,56.372517,74.8544118,46.86373866,1.304039213,,45.0866527,0.26672112,27.1296135,33.02467875,6.242760078
1.4168385,32.61318606,0.2719845,33.97508928,5.2258122,0.20094048,6.35792112,5.33005785,,47.57157378,15.38993412,11.34347652,0.192132,5.44696326,12.65958828,10.78491645,12.04190064,0.2116368,10.65871116,7.0096644,1.8768375,4.69774512,8.63321976,62.9785314,74.5210692,46.27552032,2.186281307,,45.7116426,0.2741526,27.6243534,33.32022804,5.98906062
1.54082412,30.64510152,0.2494935,33.93379116,11.32100078,0.17376282,6.14596896,5.083282575,,37.1363616,15.70871232,7.162339275,0.188811,5.8200039,11.9102454,10.636758,12.08275596,0.20210688,10.37550924,6.00534,1.42457535,3.72973572,8.3084778,60.74385724,73.29330684,45.36096188,2.04358464,,44.52864138,0.2954367,26.3778444,33.80202522,5.623155
1.49847516,30.94084332,0.234225,31.7274408,,0.16252326,5.53833396,4.94802135,,54.008775,15.59564888,4.899574772,0.1860435,5.6589732,12.32706492,10.13706414,11.33941356,0.1779408,9.87824376,5.638156875,1.490279175,3.4546176,7.75287612,72.9909981,67.8710421,41.729985,2.6363232,,45.1945008,0.3303477,26.58955572,33.30887508,5.967879525
1.288252364,40.87287405,0.228636,31.4496459,8.558643509,0.139612501,5.296346924,5.4916461,,54.23244678,13.07493011,3.89519928,0.20601,6.008029618,11.3300208,10.04933734,11.04597864,0.1772928,9.2311002,5.48334036,1.38255768,5.98432725,7.482293658,61.58496582,58.7461248,44.56463508,3.552008435,,42.3951732,0.37279332,28.13927686,35.03814808,5.41825416
1.3716864,48.6217593,0.2286495,31.02496425,8.235189,0.12840525,5.3794179,5.3259525,,45.03452904,11.64552266,3.58399404,0.181629,6.133017117,10.9099602,10.15334325,10.903167,0.164377805,9.344002607,6.22903986,1.32990012,6.22687095,7.58081565,56.68404462,57.889242,41.197545,2.955297632,,41.61195045,0.27892188,26.69480984,31.60945812,5.30308755
1.51414245,37.65574326,0.228312,30.26753325,7.757860592,0.1170288,5.208058877,5.62032405,,39.62556612,10.82363951,3.36395268,0.1806165,6.296425232,10.32064482,11.46983895,10.52758564,0.173616295,9.202086107,6.34502484,1.3385736,6.3280494,7.715307492,58.06687824,59.70921804,44.3643264,3.40281,,42.48878876,0.3126627,23.87669609,29.49328968,6.14663424
1.367874887,37.57838377,0.227556,28.11778215,7.7121072,0.1134567,5.190800476,5.1193215,,32.891535,10.15169411,3.00978828,0.1802655,5.8445442,10.35148038,10.9707048,10.34903329,0.158359495,8.989794556,6.0068142,1.33311474,6.493764222,7.692077142,55.7109792,63.83513934,44.5022424,3.164346,,39.2390649,0.2662794,23.4928221,29.22725283,6.0612705
1.34307342,35.05058933,0.2275155,27.85254134,8.181081,0.10945665,5.046084825,4.83303456,,31.49012052,10.00491086,2.9854926,0.1793205,5.402210369,10.11929637,10.59058699,10.48392461,0.165760195,8.839744094,6.04711656,1.27299816,6.08927123,7.9054542,54.0887382,62.09673516,42.99003504,3.6534078,,38.37301668,0.27234306,23.48044524,30.16189812,5.9978448
1.591986825,30.68828532,0.2285955,29.0756304,8.40445632,0.10580868,5.3457408,5.1474852,,30.7198845,9.95695092,2.661338025,0.1780785,6.05638566,10.51629534,10.41055092,10.07938512,0.15292368,8.66966544,6.15359025,1.2922092,5.8481136,8.29066752,50.30598825,59.5564272,40.769568,2.95718904,,37.18827288,0.28327455,22.23914022,30.43068102,5.698420875
2.03391,36.03576276,0.230553,29.35352056,8.259398911,0.102836251,5.244592574,4.9229586,,28.71884808,9.911339883,2.53897146,0.1769445,6.295016218,10.36041435,10.55054442,9.951174,0.150590705,8.93072936,5.83789626,1.35162108,6.00724627,8.68820659,48.26180272,57.04344,38.6474706,2.972339129,,34.49684718,0.3061989,22.6503108,29.18776287,5.45626368
2.348775472,40.9976775,0.2353995,30.95257725,7.67799891,0.097077599,5.1658506,5.1216759,,39.2516712,10.2999735,2.73897234,0.176283,6.2317674,11.89694532,10.4950026,10.28079,0.159617245,9.451465087,5.82450588,1.3136904,5.67999675,9.066960113,47.70629136,58.65200982,32.15151468,2.9071548,,34.47458622,0.23820804,21.87436245,30.75982188,5.3985366
2.2119615,39.22690275,0.243891,32.25519374,8.316513,0.0923832,5.2737804,4.95676584,,42.006924,10.35981078,2.3006214,0.174825,7.276106216,11.73778212,10.02816618,10.33832418,0.158417995,9.6054336,5.45281632,1.28067642,5.2138728,9.114095585,48.84012936,56.37120858,35.4359178,2.92397715,,34.82129592,0.29208762,21.974895,32.40344262,5.2407756
2.09972432,38.2358162,0.247239,31.8691044,9.068112807,0.088641449,5.5448712,5.9543991,,41.31005184,10.33390632,2.0216385,0.1732725,8.243154036,12.18242025,9.893111279,10.18926438,0.145395,9.2905947,4.91657796,1.31913144,4.923856727,9.103040666,47.09334708,53.61336,35.06360508,3.04417527,,35.154054,0.25516404,22.80662985,29.672028,5.40696492
2.361953678,38.6407152,0.2546235,26.57745405,15.9674401,0.091203749,5.5853766,6.9771996,,45.36839538,10.14741,2.20185324,0.172152,9.80444471,11.41898927,9.875037271,10.36355052,0.171443695,9.154617632,4.4090298,1.57664016,5.954715,8.7968025,49.53655656,53.10064512,33.29049888,3.343949132,,34.88005728,0.27572454,24.42228765,26.43074562,5.2092018
3.205288827,38.8728529,0.267732,24.52416615,14.20085959,0.101318849,6.064675289,10.36620666,,51.5635227,10.52897052,2.14299756,0.1722735,12.89416585,10.85008693,10.21717125,10.78907568,0.185377495,11.04763455,3.9450672,1.81728036,8.1060858,9.016832374,45.62883738,52.5898224,38.35756782,3.444389966,,35.38963684,0.277668,24.45090705,24.430059,7.4060568
2.710536721,35.9196012,0.280854,25.01101395,12.92307468,0.112039199,7.3859607,9.9317502,,49.98562245,11.22994994,2.006323425,0.173988,12.61956105,11.38610867,11.26982687,12.10214894,0.2045439,13.33765305,3.589461,1.855266525,10.90389205,9.637453939,44.11951267,50.354568,38.1817638,3.027854736,,36.0525249,0.25908795,23.74764315,25.37830903,9.2927655
2.540632527,31.0601628,0.306936,26.57179245,12.88831333,0.122027851,9.01097989,9.801,,45.69696648,12.33758865,1.89168696,0.175041,10.90086484,11.79522886,11.9275335,13.07615295,0.16527915,12.7252053,2.97326376,1.69189722,10.9818575,10.5831441,42.5019231,48.5710992,34.70859882,3.51447525,,36.17073019,0.29001375,22.64812905,27.84798913,11.17632384
2.412504,33.231465,0.3461535,29.567808,14.0136156,0.13951332,10.55845476,8.3109159,,42.95774115,13.34407284,1.7771076,0.1744065,9.02689164,12.69977292,12.6625356,13.8362796,0.17003682,12.66104628,2.81834505,1.555191225,9.80983872,10.1475072,44.46578565,47.2579704,40.889745,3.640859964,,37.69565688,0.283921875,22.20669918,32.29033572,10.893096
3.0867831,35.43960114,0.379593,35.09973916,15.44872824,0.15457365,10.524448,7.28786916,,44.22942468,13.45610144,1.7928999,0.173475,8.2045332,13.70326697,12.91842331,13.9930497,0.197931605,12.3227676,2.64393558,1.56955806,8.8138611,9.520578,45.65473794,46.57264128,46.6610598,1.5948144,,,0.29575854,22.36703056,37.99271534,10.03726944
3.92613116,43.7188752,0.4125465,36.14355342,15.17503038,0.15479424,9.66159765,8.44419654,,45.0620496,13.590018,1.84693608,0.172341,9.29294775,14.18816953,13.37209398,13.99961818,0.206435255,14.25752685,2.6936064,1.61644032,7.6723659,9.433507664,47.1622473,50.32012572,45.3115026,3.152126286,,40.4996922,0.24657696,26.32679984,37.00509195,8.99150706
3.97388376,38.86234416,0.4616595,34.76711808,15.63573726,0.14346774,8.79271848,8.5912785,,46.87471418,13.6520748,1.75041405,0.170856,9.92987424,15.1443162,13.80394224,14.37971454,0.2151846,16.25097978,2.8996164,1.44583515,7.9073901,9.94083354,51.9727428,54.61869353,44.0411985,4.2089247,,44.687781,0.28204605,27.67257432,36.37509984,8.026957575
3.963296742,36.70959488,0.452304,34.83524495,14.70961587,0.125819999,7.874216009,8.65350864,,63.0678069,13.7603934,1.65545208,0.1697085,9.667124961,16.47438498,14.15664018,14.52218625,0.2239812,17.35538653,2.93139648,1.423008,8.586676883,10.251792,56.5433622,56.9875176,41.60178792,4.984036691,,51.25028963,0.2785536,30.1036608,35.527464,8.3858112
3.697948759,33.017868,0.52620165,34.5769018,14.8949334,0.1097874,7.54202016,7.86907602,,38.58049278,13.74552017,1.6399152,0.168939,9.4851405,16.89225102,13.60577717,14.380254,0.169558645,16.49660641,3.03958008,1.41476436,7.98749992,9.920232,55.84417398,59.53025178,38.61268164,6.8039757,,48.73699239,0.2449224,30.14285066,35.75496842,8.5776084
3.57303686,41.98969395,0.357291,37.97837259,16.08863636,0.097683299,8.100760134,7.48240416,,38.22542064,13.3143102,1.7835984,0.1691415,9.92963394,17.108442,12.80442257,13.9882788,0.1284012,15.1767594,3.12766272,1.31769774,7.494336,9.464634,53.79913728,63.48073194,41.02276536,6.308552756,,53.5309884,0.2598885,29.83743,35.39355102,8.49567528
3.7290861,50.24563227,8.832154479,42.82909179,17.6735277,0.095898599,8.155408132,7.56215028,,44.6572035,13.2674976,2.15054676,0.1693845,10.4045094,15.87222883,12.29700796,13.206186,0.198776695,13.52409345,3.0080916,1.32563088,7.619774478,9.0855,56.23098894,66.74909112,43.0903557,5.682563147,,38.6740413,0.26822016,30.19066895,38.52410625,8.11839834
3.9489255,46.19224854,12.452643,44.64825954,18.4209002,0.107484299,7.93144926,8.25303816,,44.39389248,13.18836301,2.83664268,0.1681695,11.319669,15.01718776,11.86142011,13.20848984,0.324655195,13.21079745,2.83733334,1.3733712,6.66159652,9.616230148,58.3967718,68.10795738,43.26167394,5.184432,,44.8396641,0.2443743,32.4283284,39.28791808,8.517852
3.85915725,41.19793488,12.568878,49.63117725,22.5272917,0.06241185,8.459101267,8.64282204,,39.68102844,13.59681374,2.9759616,0.16605,11.50713,15.39648119,11.78785919,13.45212016,0.2778921,13.49934314,2.76291,1.3700664,6.514124319,10.1432277,54.370926,69.8134815,42.987267,4.20225975,,40.81321374,0.25409646,32.482863,40.21919865,8.2410534
3.5284275,38.77154973,9.51534,52.5861151,27.06189581,0.009225,8.310240084,7.90750296,,68.7548763,13.3466697,3.8137824,0.1636875,10.42559996,16.09714996,11.66312536,12.96540389,0.3901608,14.29910986,2.62821024,1.4128506,6.2354448,9.927190946,51.41253546,67.0515948,40.80751488,3.504344879,,40.76592412,0.2440692,34.757534,38.70380009,8.6591295
3.272476532,38.3615271,17.2867122,49.2443404,28.26511391,0.000108,8.308441882,8.31823182,,53.2843569,13.00775385,6.98896458,0.1614195,10.07285629,15.08299544,11.41397475,13.10521335,0.316067855,14.76156254,2.2785786,1.4534208,5.9909139,9.461180106,48.65258034,70.45834518,38.6265348,4.31734455,,40.84252943,0.21585312,35.0350252,37.3524561,8.9901009
2.9635794,35.08294545,2.85921495,49.36579695,29.619756,0.00011565,8.66992005,9.53339382,,47.44798344,12.419352,6.87688002,0.160002,10.42731176,14.07772334,11.05566735,12.75522735,0.280655545,14.92952746,2.0285316,1.415205,6.81978528,9.311679143,43.58126916,64.63943424,37.2478581,6.06975925,,46.51256408,0.2510703,36.97137694,37.17701939,9.16223238
2.650723623,72.42962976,0.3722625,50.07077619,132.6365965,,8.439129818,8.6756157,,54.276642,11.83919925,6.63679494,0.1610145,9.1191906,13.27131375,10.96342575,12.3149376,0.2529144,14.6040894,1.80167652,1.502603962,9.8191656,9.208343559,39.71560613,55.1321532,40.87560672,6.238597894,,52.9436817,0.241893,37.98659681,35.56264336,8.64243918
2.30302278,32.21823384,0.2997945,47.9515464,15.14716632,0.00014094,8.3163456,7.613899277,,58.46304438,11.0348082,6.99467724,0.1615005,8.20249038,13.37804856,10.72899,12.0468303,0.28766664,14.0509404,1.51223328,1.464624487,9.43729542,9.47782134,35.8622316,48.00521538,45.4773528,5.0130333,,59.38131654,0.2503872,35.5374459,33.39475776,9.84786336
1.9855584,32.0407542,0.234468,48.44493414,16.67221056,0.00015606,8.52315264,7.3511064,,50.18145676,10.16437896,7.8785919,0.1598535,8.90261658,12.98214054,9.3548682,10.94445,0.23902668,13.56292674,1.3676283,1.446371964,8.3468448,9.34057818,34.35307357,43.23243996,48.77963037,3.150922543,,54.5349024,0.26324568,35.2308474,31.70182158,9.404424
1.8051012,32.3145367,0.1823985,48.18323542,26.44172649,,9.005776123,7.5876885,,51.5267649,9.226482176,8.680765445,0.2045277,9.187882236,12.03567764,9.531618426,9.7843194,0.285417005,12.66829875,1.310492706,1.393240085,7.502859827,9.216645867,34.5371796,43.62396143,50.93377982,1.717851563,,50.879367,0.241793987,36.29770134,30.28053585,8.590202024
1.88254152,42.2540064,0.150363,47.0218608,,,8.281698675,7.22383283,,57.1419528,8.342205183,8.61061056,0.17608771,8.617237165,11.20386047,8.69918805,9.23460075,0.313969505,11.95263675,1.339186506,1.375343966,6.03003285,9.133395412,35.40923125,43.94140943,49.17372975,1.62957744,,51.30028775,0.219192737,34.49086896,31.06280984,7.487748073
2.538454921,57.91543227,0.152388,50.134626,22.5939672,,3.388103172,6.945979882,,46.41964347,8.576189877,9.370837412,0.1551555,8.500795234,10.49468076,9.0371025,9.35369478,0.250373705,12.27149268,1.675854907,1.221790083,5.64678675,10.84953252,40.89406833,44.27863895,53.27039505,2.2109355,,60.7202568,0.251049138,34.54127145,30.4488801,7.128741671
3.360784461,98.6464305,0.1698705,46.44367672,28.83934935,,6.978574869,6.635197868,,62.1320117,9.91602945,,0.1559385,8.226250166,13.59907907,10.23243331,10.55862,0.354093744,13.477266,2.45592,1.1842524,5.481199733,10.73580943,51.5343129,49.61098935,59.38097526,1.8875322,,,0.23131008,36.467091,29.19362117,7.05676455
3.524685258,114.5924204,0.2340765,52.0144092,11.48442308,,6.939875318,6.774726218,,64.95965597,10.52402475,9.3726612,0.155439,9.022550435,14.97060225,11.41459185,11.61001065,0.387828,14.76664933,3.331369812,1.158027717,6.770405183,10.69386646,67.2137406,72.67946501,77.73070098,1.2361896,,,0.245606388,40.90784715,36.89790975,6.6614724
3.6183186,116.4689555,0.4204845,63.81597636,12.04528374,,6.9953436,6.54336144,,108.7178047,10.68029064,9.69940656,0.153819,8.95537944,19.87430742,11.822355,11.61486,0.3496014,15.41059452,3.22099416,1.194426,6.79417416,10.59277824,79.03151316,76.0522851,78.533064,2.10627945,,,0.2521827,41.51592576,43.16070096,6.74667792
3.4980795,109.0710018,0.5275395,73.90006785,10.74131335,,6.962087628,6.4177839,,75.05608716,10.96013684,10.7788968,0.151902,9.2336112,18.15813196,12.02418,12.98038291,0.329486394,16.12017015,3.084259511,1.190448034,7.5235392,11.7889914,84.35655408,89.13016482,74.40028517,3.52168425,,80.6311584,0.2672325,43.5133944,42.99685754,7.107332473
3.0072978,102.21957,0.5183325,81.38389427,13.4342199,,7.1222571,7.517157374,,61.76786868,11.29164497,11.84752807,0.15481711,10.1942064,16.76259647,12.52413647,12.9044448,0.30794175,13.70952735,2.995483489,1.153593033,7.1390592,12.84674205,80.42970108,106.381859,71.41298807,4.0057632,,81.63449316,0.244038138,57.12982002,45.64473255,7.7293764
2.393014468,92.79254566,0.4521285,73.4959008,11.672262,,7.330834876,7.9756164,,76.4390088,11.41381141,13.26072368,0.147339,10.5832872,15.8782248,13.77946097,,0.281020055,15.65141535,3.064836611,1.131189718,7.154320877,12.6028803,80.32424184,108.769081,81.07267994,3.3095088,,105.6347329,0.210195,62.51314124,40.38400874,7.061392725
1.86625485,89.66969011,0.3657555,65.9793219,12.04238745,0.00015795,7.037929726,7.69952304,,76.12567877,10.588449,12.93721417,0.1453275,9.794329237,14.82933392,11.8287,11.88274935,0.253165505,14.25191998,3.0669948,1.17922176,7.49212643,11.94068669,73.426122,98.99229552,80.45704485,2.72131912,,126.9797953,0.21306672,67.1763714,35.89174125,6.84167715
1.599736523,94.67299035,0.2862675,63.38092529,10.7789022,0.000315,6.326638579,6.6214665,,77.1707736,9.92694285,12.26720872,0.144423,8.90550045,13.34672386,10.4166648,10.94919584,0.221896345,12.8266092,3.011076889,0.9839907,7.574422433,10.84800028,80.47618488,97.28671904,78.77365828,2.60426502,,116.0060503,0.24502176,62.0932413,36.24188473,6.9603084
1.610876229,103.9030277,0.2288655,72.19729411,20.53318896,0.0003249,6.855569931,5.835645,,78.56516432,8.643459727,11.2835673,0.1450575,8.341362935,12.07032945,9.082260131,10.13995697,0.204400345,11.8473192,3.2687928,1.00413594,6.783356185,10.34932275,91.5618816,95.51091644,74.54809937,2.34978975,,108.763984,0.21874752,55.9058937,36.5838606,9.001156883
1.766620778,124.4934225,0.1918485,82.1706039,,0.00015885,7.071199268,5.4404028,,76.3904736,8.048099133,10.418166,0.145638,8.132133565,10.86742742,7.97393532,9.1009386,0.2542752,11.30241949,3.354552463,0.98131824,6.413929264,9.65553761,92.195334,107.7388016,76.49728648,2.261654148,,89.77666221,0.2415609,49.67483371,33.58847234,6.591959934
2.31233535,130.3569828,0.1702485,73.39111135,,0.00015615,7.246449,5.5660743,,93.77643132,8.07762915,9.11995524,0.1453275,8.664484913,10.01541613,8.188976815,9.358282686,0.2097576,11.8196469,3.745204183,1.0701396,6.140593866,9.926793,91.0746072,93.24287055,74.91615119,1.995624,,75.9826691,0.1764585,46.34079148,30.68569365,6.5982114
3.2084991,113.1750149,0.1561275,53.90541066,11.1919104,,6.9647688,5.79970368,,60.68262096,8.5061016,9.62247006,0.1450845,10.1061513,9.919826879,8.155894617,10.33759137,0.255069005,12.62265312,4.831488021,1.08937224,6.344467269,10.65183198,86.80083984,108.85685,72.9567162,3.308688036,,72.15129675,0.1982151,44.04206547,29.03757764,6.272720931
3.1716468,131.3413664,0.143046,50.21740778,10.98714248,,6.940978127,7.31437398,,65.62065559,8.9869824,9.866636929,0.145368,11.047752,10.18071372,9.509969824,11.243448,0.526201205,13.86980877,6.145649975,1.1325501,6.513571873,11.22709758,85.10688792,116.9633515,67.90582172,2.103165,,63.475488,0.2489454,40.70945321,27.56276878,6.363157573
2.92875372,109.3403351,0.145935,44.596332,9.49762368,0.00054432,6.71448744,6.80107725,,58.40518662,9.40633992,10.4282748,0.1450845,10.7269434,10.14428448,8.98713252,11.56903074,0.98251785,13.70491272,7.38484992,1.1591046,7.37669214,11.10181248,92.6778375,125.920899,60.56970858,1.3786632,,56.87382708,0.2254392,38.9422323,26.35103016,6.52117392
2.82760833,121.0682632,0.20567736,41.70282165,13.38033069,0.0022302,8.81436608,6.925257,0.017625599,52.97677822,9.6399639,11.15305848,0.1447065,10.12293364,10.11059293,8.297860823,10.98097888,1.1094165,13.22610312,7.41482505,1.18267452,7.980048374,11.49761733,80.48852226,120.672914,58.72329502,1.309218525,,53.30671965,0.26848584,36.62915603,26.81396865,7.200122478
4.22138925,111.0183723,0.393172668,43.40251101,16.3179901,0.0028026,11.3589135,6.32422242,0.020296351,52.37777385,10.12812583,10.696536,0.1458405,9.36464895,10.3177854,8.772564469,11.56866467,1.12909005,14.9994855,8.0411265,1.15820604,7.7697792,11.80396813,76.41215136,,56.0908449,12.52474272,,51.2024706,0.274343625,36.59745398,27.9773946,8.636466519
4.593496006,99.45584601,0.3195315,50.58436568,17.04703961,0.005202,10.71724986,8.25140358,0.047368799,50.7662181,11.22458836,10.88750032,0.148959,10.74832105,11.57868869,9.651423742,13.45636335,1.009282055,16.62922845,8.623324832,1.37127168,7.249445915,13.161933,74.06000964,89.6915565,54.82230426,7.177995026,,53.36739675,0.21979944,36.77529398,33.23087113,9.134190087
4.666959042,102.2317154,0.456516,50.1880212,20.07931275,0.0696384,11.5342461,9.1210644,0.1032858,51.57411489,12.10023344,12.25036575,0.1533735,14.66861767,12.29631975,10.6214085,15.15632866,0.9047943,22.31026859,8.670401068,1.27509984,8.9172127,14.09007076,66.53465172,94.48006995,54.07739379,2.591568,,55.64452753,0.27525312,39.76033073,34.19629213,9.575529653
6.612819245,95.73669352,3.926735941,51.9295617,25.7958405,0.2633148,13.31954897,12.44852496,0.14501025,55.9194192,13.8442824,14.42357415,0.157599,18.56180079,14.209101,12.2082876,16.8834456,0.594576906,28.83291636,7.949249968,1.2601116,12.08024685,16.28563725,71.88870639,90.409122,58.15842156,2.33830308,,64.2616821,0.2478438,45.88967273,34.98967786,12.8487276
8.934038921,86.83577595,8.0195319,53.8597431,37.0960074,1.250458207,16.53200656,13.95483012,0.2514402,63.12039293,19.46270045,39.2635971,0.1606095,20.40716782,15.9090372,17.47633657,23.55297815,0.852380106,39.89069969,7.964339432,1.2749319,13.87497614,23.69893653,66.02112468,85.39909056,61.83664578,2.671465537,,64.62589426,0.210654,49.3036011,35.73344265,15.11922888
9.331734961,94.84101625,5.7634794,,39.4982001,1.9666368,16.74547992,16.1345385,0.204966001,70.50703271,29.30414094,17.78056515,0.163242,25.09949888,23.5079307,28.78542125,34.54860923,0.872279094,49.22891826,7.635834932,1.10551392,15.26191875,33.69543397,85.72433904,88.8005268,64.6492279,8.614210456,,86.1083055,0.2407104,52.58951325,38.86839883,16.9977069
9.147501083,102.2560025,7.0616313,,38.7685845,1.589976,17.25575184,16.2104544,0.3183867,82.51647976,33.82822219,18.6435791,0.1666035,23.34318113,36.38931338,34.18809881,38.9028906,0.6446304,47.24884986,7.258723169,1.11761748,16.3401138,36.4858263,75.77290422,87.41488734,71.05988653,3.63862131,,91.6923374,0.3085992,47.63282085,48.01876178,17.44168829
8.476215371,115.9037563,11.37092726,110.6420269,33.36818625,1.139292,16.38969255,14.983056,0.2148282,97.18019051,32.44338186,,0.170343,20.67056454,40.13626189,31.2702062,37.24006449,0.708978606,40.63626146,6.74775363,1.05316848,16.3967625,34.98113393,87.22347462,95.6548548,95.4351288,5.663777481,,104.6966076,0.30848472,58.87919017,77.948352,17.55908145
6.944381161,110.5687908,5.474984488,136.2871764,31.24952527,0.8338869,17.01459013,13.44051792,0.16161525,106.41537,29.12683916,20.40345788,0.1918917,18.9009369,36.71878507,28.4847273,32.96055116,0.681329244,35.0404704,6.407813671,1.02961584,15.3314208,30.7958112,85.56377004,96.90762109,103.472694,7.198316187,,141.4173406,0.2593836,84.52077892,104.4534528,17.88976788
5.919839941,130.2043253,4.389200028,147.2557779,29.55280706,0.655649997,17.11054857,12.8331162,0.126936001,123.3074696,26.3144703,16.0882848,0.176634,18.81110925,30.85945054,24.67900831,28.9393386,0.540281694,31.46652873,5.740134525,1.0394379,14.30385075,26.56862972,83.8842345,97.32745485,129.5443152,7.454239287,,168.7728269,0.3638115,102.6091935,89.00926785,16.586235
6.825924,169.816108,2.8860381,139.3816221,27.1115208,0.476838002,17.11915155,14.32188,0.1061775,160.16936,24.1973514,20.447802,0.1750275,19.69746845,30.0086127,22.41726137,26.61505587,0.785002494,31.4730358,6.0217587,1.187217,14.0460956,24.59980376,113.1066936,114.9081937,145.1340245,7.777334786,,172.167204,0.3370896,104.1082094,77.0694912,16.43808735
6.674669933,216.259551,2.569484297,133.0091118,24.72304786,0.328505851,16.23869336,15.3262584,0.092798999,143.4201552,23.27873606,19.1384964,0.171612,19.37626464,24.07238747,21.1408542,26.0908452,0.681066006,32.8529196,5.43721896,1.26304164,14.7868363,24.2670978,123.4962396,134.2435664,160.5243172,5.56751303,,256.898628,0.3310713,97.49729762,66.35154208,16.312428
5.713935692,248.7991464,2.296593,128.1596935,22.6916214,0.213003001,16.64500759,16.00445628,0.0761994,115.4467674,21.71017194,20.08195686,0.168939,20.27348556,22.61495764,20.14053525,23.84207976,0.594914394,30.22303388,5.20167258,1.32645114,15.6720124,24.50880652,148.9691234,151.3194048,155.2747158,3.883670929,,193.3263585,0.36880272,88.9301025,58.05798271,14.49336564
4.78925645,238.7387665,5.26206915,126.3895731,22.35045975,0.13043835,15.8971248,16.56914616,0.056047501,120.9765376,20.06406742,20.183256,0.167508,20.83452295,21.6372411,18.9618408,22.4815446,0.521894244,29.85406875,5.98806432,1.20903354,14.57647415,24.9814827,140.2713374,176.0170306,133.7057993,5.08144725,,,0.38660328,78.9809616,53.95320027,11.42778713
4.289434694,210.7427104,1.320521369,120.1778762,20.95778264,0.0710451,16.2428588,15.32454984,0.0839808,115.0676647,19.20344355,17.77659264,0.236196,20.53171085,19.8528084,17.63891121,20.76270501,0.7261002,27.1024596,5.8265352,1.10441394,15.12653031,22.0052446,134.4960045,184.1255275,130.6535816,4.635508556,,,0.219456,81.19271107,50.1470075,11.96234325
3.72893899,208.3513469,1.299630179,113.7870211,19.59291167,0.0376704,14.6818268,15.93395064,0.088241851,121.9311576,18.9164511,17.462979,0.191727,22.00309644,17.32948155,17.49562629,19.2804757,0.748912506,25.10329157,7.288083,1.05075306,15.7761108,20.446533,142.409502,178.750246,122.2341592,5.440716395,,,0.24321546,91.7951697,46.97047575,12.896982
5.299776675,215.4461392,1.413267722,116.9325477,18.74426184,0.0176085,15.09123555,16.34152374,0.0495747,119.9362599,18.4781142,16.7015358,0.1878066,21.559608,17.9106228,19.7056442,18.2613868,0.6755238,25.57413297,8.4512511,0.98726688,15.7733352,19.07577945,136.7049122,193.9658465,119.5159752,10.48159575,,,0.250216214,98.4576492,43.34045963,16.3566108
11.5579583,215.200754,1.4288832,105.6921507,22.074687,0.0062352,17.1413245,15.92461494,0.055236601,123.8182767,20.76972278,14.913045,0.17377741,19.49317926,17.77507899,20.29960058,20.9629539,0.596968193,32.20490498,9.05949225,0.98436492,16.59826089,21.76666446,129.9471066,186.9115257,128.3882951,15.3557694,,,0.25789725,93.88829197,40.35804458,17.05653936
13.17984615,207.3863962,1.337471967,104.222673,23.76793112,0.00142695,17.61365035,13.42589094,0.07138125,125.5973688,25.24768785,17.0133993,0.17518842,17.38443684,20.83591149,23.9710968,27.83766987,0.341384393,35.778672,8.31190464,0.87997536,16.6681522,24.69788975,148.4594293,198.8343385,182.0890071,11.23994706,,,0.25979778,89.41546793,39.26859322,17.81320032
11.7029826,163.2229633,1.537893039,,25.44993239,0.0006534,18.53456996,14.66580276,0.059022,124.7074942,26.62566795,18.25906158,0.15629328,20.08212473,25.60830148,26.22091922,30.01025818,0.4141449,37.08114504,8.5521609,0.92995992,15.4458611,25.2448812,131.9547802,211.7319804,126.2911759,11.856726,,,0.3032856,88.68492354,39.84433335,18.12752352
10.427616,177.1086643,1.5687756,,27.22145778,0.0011475,19.40236632,19.72232213,0.05670405,124.2590085,25.72259112,21.8365956,0.157243275,25.20861534,27.08669808,26.09324928,28.33617492,0.302778,39.1765275,7.887437775,0.9857295,15.9940116,24.93366624,130.3222284,204.4371933,126.4566546,13.0227318,,123.977061,0.30296025,96.34127904,,17.94450105
9.247365,176.5626984,2.187,126.846,30.5386875,0.0038016,20.6467704,17.33980062,0.051408,125.4356631,25.4722752,25.80528612,0.16859071,24.996762,25.306506,25.33528935,26.53016085,0.2676888,39.1198005,8.1185166,0.994013964,22.1218506,27.7170822,148.2974488,183.5525943,130.6795276,10.15148601,,136.0059053,0.2013525,100.3564688,107.9558928,20.08522812
8.260556917,189.951341,1.578347954,131.6337075,29.81144233,0.0167508,21.10737318,17.7494976,0.049673701,132.1879222,24.4583955,27.04402188,0.15384061,26.12213092,24.94706733,25.68435814,26.46008126,0.3684366,40.3850664,8.023557565,1.080213263,19.9013976,29.25241671,148.0618286,181.9777428,144.3239252,9.58903551,,150.4329428,0.274775837,113.1509274,76.2510348,22.99230438
7.34273505,186.481178,2.2644576,127.660866,29.17078757,0.01965816,23.7168,18.4345875,0.047203201,134.6391005,24.73061876,28.39347014,0.16083359,27.8194392,24.89936787,26.57454696,26.97608186,0.441868506,40.3613739,7.868401237,1.1711385,19.3675887,30.66976506,158.615914,168.0790807,159.0887026,9.452958662,,151.6157735,0.254412014,111.0746726,60.460911,21.65357238
6.5180052,182.3475406,2.391152354,126.001144,30.5508105,0.0109998,21.55723875,18.81533475,0.03996,136.3287321,24.84558065,27.79253429,0.16317288,28.0627092,24.10276572,25.2332091,27.72670608,0.340491594,36.9643824,8.720535641,1.03556745,19.74942438,30.67176444,141.2632699,171.3996009,134.4403035,8.517458786,,142.5339227,0.2562192,107.3739273,57.02770143,21.17799978
4.6099719,218.8762372,1.997450958,121.5190485,27.6180408,0.0047583,21.23887488,16.64063514,0.036857701,127.7667104,24.18116691,24.016608,0.1741365,24.7711041,21.91499064,23.69854644,25.5930516,0.429415194,33.00486321,10.25949595,1.04135976,19.98707051,28.89239557,141.3124142,185.8286641,133.0804304,7.382096183,,141.7781729,0.33152814,103.792542,57.19959657,20.6068374
3.847479716,212.1482435,1.829565037,118.9373381,25.81237185,0.0017037,20.46005325,16.39153152,0.0370656,122.1607304,22.69416488,21.4173072,0.1891215,23.047497,20.54569374,21.77488958,24.85442273,0.540747906,31.59923515,11.5021296,1.02236256,17.6670234,27.2143476,164.3409432,205.1277696,123.6011057,5.9519475,,129.5476144,0.29382912,94.51067445,57.9675744,20.8025982
3.4798572,234.0329085,1.71363465,111.5807076,22.46323118,0.0002889,19.977354,14.1201738,0.02565,121.3343108,21.12845175,18.85741213,0.1936845,19.41807735,18.992988,21.703059,22.20566197,0.39396375,28.5327009,11.76628315,1.030805963,16.40571975,25.55388338,157.9084388,190.5262029,113.5353466,4.6187253,,117.8066248,0.290511885,88.65500085,53.698788,18.40238111
3.406113934,186.7474153,1.128481226,107.6247324,22.3086528,,17.58228829,11.98652648,0.025760701,118.9757363,19.372554,16.6889403,0.1951425,15.75716625,17.6307516,21.59529101,20.9701089,0.444555006,27.06460183,13.056768,1.114052438,15.03441,26.4863277,179.8362736,175.9751231,112.7220071,6.14086515,,120.0075426,0.254780775,87.8936751,52.20428376,18.4022442
3.33260865,171.5860692,1.328525078,104.199183,20.90062845,0.0003168,16.28791955,11.8185922,0.034981201,108.3877502,18.2385486,15.6991905,0.1883385,15.66944826,16.84273905,19.3649589,19.4669757,0.321545694,26.1110304,13.7147823,1.21770949,13.30932635,25.14050055,155.1912574,188.7479123,107.3003198,4.683096,,111.2448581,0.215433,80.9065125,50.14037295,16.20352512
3.044381879,171.3520494,1.062467981,98.44320461,20.54068875,0.00189,16.16915755,12.34350036,0.041642101,102.8668982,16.6052997,14.1545664,0.177984,16.04291226,18.19477819,18.76129217,17.76589335,0.375589806,25.88544,15.28072236,1.3842252,13.0360321,24.128496,157.5594493,189.1442556,101.7214475,6.8088924,,103.9727875,0.228798,79.57297666,46.36198869,14.3478837
3.0407157,158.99004,1.030704768,91.41688883,20.04830743,0.003177,15.17700679,13.12195248,0.059219999,98.456877,16.44701924,13.55908788,0.173178,15.65642424,17.02952352,18.1434384,17.61297194,0.306234456,25.59032084,14.546628,1.46698128,14.02187119,23.90730496,148.9822335,203.6317147,92.8629738,6.418508357,,95.11482186,0.3361932,73.74668263,43.96389281,14.95420542
4.46894955,136.7649376,0.84435615,85.89864185,19.5491232,0.0024948,15.998634,13.86439956,0.05683095,98.06200848,18.29979287,12.5631972,0.18247788,17.59858554,17.16110983,18.7714098,19.005975,0.376957356,28.2373749,12.116682,1.60336476,14.51514071,24.61621483,122.8402584,178.1088637,96.50021265,5.810554759,,87.74749848,0.3046734,60.9641964,42.31171152,16.226298
10.9988496,140.4197656,0.61806375,83.9140209,21.02375574,0.0012528,16.20231493,13.23550368,0.095674501,99.17651016,22.26072375,13.47186708,0.18741996,18.03662678,18.87668658,22.14070489,23.29915745,0.468874807,33.0191552,10.68952248,1.43828568,14.64555656,27.63303995,103.8205706,141.7798021,84.94036488,6.51217806,,91.02689457,0.2900772,64.70997338,65.04597882,17.1475056
11.66778277,133.0204218,0.5751972,,21.57371716,0.0006066,18.48719173,14.0094846,0.1181466,101.8759005,26.56551983,14.1939297,0.181089,20.4436386,21.75563541,25.0779969,27.71330737,0.409482,34.72094228,10.4265225,1.43278065,15.11902452,31.66122982,108.0297675,113.7853022,88.49827125,6.8456016,,91.78627541,0.2855952,72.638397,64.76324202,15.7843404
9.3871602,98.5848003,0.4280931,86.079051,,0.0002835,17.0008875,14.9767839,0.1023516,101.587365,28.905336,16.6463856,0.180684,22.2441066,27.1822284,36.356445,28.0452861,0.3365847,31.8184146,10.216206,1.296486,16.07148,33.89688,110.7642195,115.6484115,97.4140128,6.9272496,,103.755168,0.265572,53.0884368,46.788462,17.468784
7.7302863,115.598502,0.7252686,93.25977173,20.67602836,0.0002826,17.09295582,14.7955518,0.130600799,97.0637283,28.33509803,18.17585123,0.183627,20.80683997,23.35095335,27.20973576,28.81991273,0.469689294,30.61655259,8.751274425,1.194075041,15.6631725,31.1084064,105.0425606,109.1343895,100.8076091,9.942426,,102.9636725,0.2739825,66.38928263,51.44420228,16.89168195
8.290293235,114.7292988,0.96605458,103.407848,22.49416769,0.0005886,16.53756615,11.54325546,0.09517176,99.70414686,28.10947297,19.87055118,0.186678,17.37894683,21.63669636,27.01218217,28.07984205,0.54774225,30.32738301,8.41777596,1.206063,15.00522761,32.39307855,119.8962454,105.3742865,92.64264192,20.81530224,,143.8340588,0.2798145,71.238852,58.42137846,16.7933115
8.4642975,126.5570993,1.289034,112.0922478,22.41677175,0.0005661,16.93123992,10.17890269,0.066903749,114.8204729,30.75264024,19.39495018,0.184788,14.96495655,19.85212284,29.24116626,29.39540601,0.898950157,31.82652,8.755314791,1.18957271,13.37470785,35.69970038,130.3037226,116.7558076,93.83601533,25.87209471,,186.751224,0.278451,80.02984727,59.9542693,16.69936623
8.026722073,194.7633214,1.4949036,111.5359816,22.38321615,0.0003015,17.17785303,10.316241,0.142443001,173.0337848,33.84880984,19.76432233,0.182142,16.07327814,18.69155665,31.9725711,32.3290926,1.484698508,32.37319823,8.124941659,1.204308,12.13616621,36.02167401,138.25786,117.9339291,108.2488421,30.66497091,,200.9185236,0.2687445,80.6006871,57.50219676,16.19619648
7.26891732,213.3044879,6.05986758,104.3727098,27.58900568,0.0003132,15.76817604,12.88018368,0.1477305,191.3422867,34.68722184,18.68115312,0.1809405,19.75966272,20.72279808,32.9565348,35.557839,2.272995,32.2777764,7.6781439,1.181385,11.2507407,35.140635,250.5573756,130.8235055,113.728212,,,,0.260307,75.64529844,56.0954511,14.69812176
6.210561206,204.6301507,28.47667043,105.0461554,48.61147653,0.0003204,14.26095011,12.7871981,0.121378048,264.5882405,35.81889094,16.45884527,0.1808595,19.679922,24.59863018,34.92617876,36.2213154,2.535921434,35.09191194,7.72720965,0.992183438,12.8647764,36.0125892,186.0246413,141.2432926,112.5275004,16.2448902,,,0.257823,56.3720931,58.85352784,13.02344449
5.880006053,192.4244391,16.5669624,101.2296762,40.548222,0.0045612,7.834605186,13.57596612,0.33955335,217.0042785,36.94962213,19.05043128,0.181467,18.52323294,32.3170506,36.75861,38.1538809,1.8667314,38.7787608,7.676908238,1.17591264,14.36525415,35.88649535,167.3120516,140.7141153,120.2420646,16.72261911,,,0.26163,53.0076744,61.3072125,15.06840084
6.5087901,174.17673,15.20116065,95.99883156,34.5365505,0.03645945,10.98452718,20.92473013,0.48203856,138.9493393,38.30936256,15.49693687,0.192794175,23.13521595,35.335764,39.59859555,38.6419977,1.26735192,53.0371314,7.643865375,5.377514343,18.33446353,37.9479384,145.7783386,141.2504028,123.400096,14.4603576,,,0.2697435,59.52170088,61.09668756,22.15901865
7.070679,158.518458,87.7695588,89.059581,104.7825207,0.1391499,31.5164682,23.24727,,149.7360168,42.076908,15.7334427,0.189081,24.1762752,38.2653369,46.12653,40.2860034,0.752247,57.1532058,8.187696,3.4384014,32.0454684,41.065542,162.2862432,151.9085772,144.3256056,17.345988,,,0.2771415,77.3760735,59.3373708,30.8540988
,,,,,,,18.7851312,,133.608636,,14.439492,0.2012175,,,,50.6161872,,,8.4195207,2.158758,,,185.26212,136.0254222,146.4445008,20.9116296,,,0.3425814,,,56.379969
10.61455104,153.796938,54.83778286,77.9197392,75.58972033,0.13608,46.61213778,20.29241808,1.186726508,111.2777057,56.56542251,13.80486745,0.23094396,24.377598,52.94676427,65.1865671,58.66030211,1.6735005,205.6536864,8.31590955,2.36069964,24.09165504,58.9468738,162.9488373,128.8377036,142.4671794,20.6118432,,,0.34445736,69.85705726,54.7881408,43.21134324
13.44612137,164.0395476,62.95483064,87.05852595,87.18609342,0.1034892,52.9346151,22.3129917,0.895968,123.5725022,66.10946351,12.60294921,0.246429,25.55670607,69.8513184,74.97426825,68.7322125,1.453572017,153.7058592,8.672659235,1.947988299,22.95489928,70.98811967,138.2877568,124.9526477,132.1799472,20.82540375,,,0.446598021,75.51704744,60.50094336,35.32062584
14.93488125,177.9588468,91.66563705,77.8374657,117.7968999,0.0579123,38.776644,19.93996788,1.115289011,115.7639393,69.5642256,11.64667283,0.278208,21.08298247,79.87949948,82.40892803,75.006783,1.061725481,,8.807260464,1.837092998,24.28879037,85.7418619,138.8487099,134.1058184,119.4635628,12.22182,,,0.440928022,80.225046,73.51229658,33.33053131
13.83325155,162.2826628,,90.3306801,86.8647645,0.02598885,33.92430768,16.79324682,1.371867287,122.2899994,66.2317992,11.114658,0.3094335,17.89789687,87.6093975,80.15196368,72.20859666,0.863755221,,8.735161463,1.698480053,23.09629153,80.20509208,127.6122276,139.1760352,120.7634447,14.67714084,,150.0802182,0.478350024,89.25682761,86.9715293,33.45267585
12.50716896,149.6508777,,101.2864662,60.54635412,0.00923832,32.79139524,16.27677072,1.26587124,155.1567879,59.097276,10.0013292,0.3524175,18.06827904,79.92,73.3341924,65.73769718,0.8233758,,9.03534048,1.78133742,19.94415264,81.39218472,124.3725921,132.8266296,134.5521715,32.1323895,,169.055019,0.58629744,104.2709382,92.6670375,29.48291136
10.06053048,162.0998449,,98.01045576,54.417339,0.00133272,30.6380664,17.424558,,202.0262774,52.65803412,8.81416242,0.387963,19.80590724,70.32069,62.34806304,60.74216798,0.7506837,,11.0896128,1.9497375,18.47080908,78.367338,130.1324243,136.0617588,144.7179021,25.17075162,,128.5445078,0.404703,121.0751356,88.41115926,25.46794656
8.545707828,175.9992957,,99.30539576,45.60084675,0.0003249,25.0596246,21.29083187,1.160594083,156.9463749,49.79146283,8.216640064,0.420687,21.41129243,61.84774035,54.9370458,55.43252964,0.7168986,,10.8691902,1.911433566,19.3339818,65.44374694,158.8438512,140.9683235,143.7297858,9.60159825,,106.8037245,0.480343528,106.2660978,81.81723777,23.50413014
6.720437759,178.6990878,,93.76919781,36.92359913,,20.9159679,18.77099657,1.542208482,217.5356107,46.25806512,8.353820313,0.463104,17.90308794,54.47699153,48.8742066,50.51644785,0.676527762,,10.45064705,2.050866,22.12074257,59.5045035,148.4411499,141.3206968,139.032116,6.765122368,,98.4944961,0.4391955,84.419955,81.4287411,23.79563221
5.686600451,167.6632509,10.0443645,88.64797096,29.5435163,,14.30696625,16.82696012,1.052957268,11.27333025,42.19627665,8.1526662,0.5223285,14.65182524,49.2451029,45.50110959,46.92222085,0.9101538,,11.0360313,2.07928973,22.07990128,55.13790482,141.5830359,145.386414,131.4811008,5.380064224,,87.71249027,0.45588825,59.15643774,77.70405738,25.8021126
4.468631892,161.3018584,7.57087155,88.27046933,30.52825669,,24.54013426,16.33497062,1.019328731,78.63751352,39.61591065,8.717176507,0.5879655,14.2432155,45.37494798,40.37193647,43.18502373,0.812075391,,11.43561155,2.12969385,18.95708138,51.8929011,133.0573136,149.6857791,103.4331768,5.917489289,,77.35054151,0.529662375,63.09501077,69.15059913,24.00096209
4.260352909,164.6868202,8.370948561,80.148744,28.30824612,0.000155475,25.31686064,18.58560584,0.920047518,119.0349594,36.71607147,9.535471579,0.6304365,14.68033875,45.2793564,40.58592184,39.29170885,0.655113825,,11.90907225,2.268250957,17.66565846,49.3290945,123.3641502,140.1548427,90.85983233,4.884028956,,78.68238626,0.539589566,71.36105897,65.76846438,21.01231935
3.838090459,176.8677687,19.4217912,74.18624887,29.7426897,0.000747,23.48909385,20.12729595,0.961131168,114.5031923,34.4603808,9.2577492,0.65664,15.369129,,35.34180414,39.30431175,0.555504743,,10.8958846,2.8264545,18.58175085,46.38798698,115.3063015,121.2746451,85.99567845,3.334438876,,104.4467578,0.52195725,48.6277852,62.96528523,20.49270675
3.9339837,156.9113711,8.966294583,73.67677012,36.91029355,0.0020979,13.7160702,17.21246956,0.877545882,119.7213426,36.3327552,10.2377763,0.773101395,12.8975382,36.33315145,38.03453575,42.30026145,0.5861376,46.02723548,10.62641025,3.088962,23.59424864,43.6473738,116.0077559,107.641872,79.27111071,8.719043512,,103.8974045,0.694521035,46.68508164,57.52773225,24.52043138
,,,57.83569698,35.861265,0.0020979,26.8217082,,1.2750993,,48.7242,,,,35.282709,,,0.957096,52.86268848,,,26.1877293,53.1911205,,,,,,,,43.74127847,56.01177945,
,,,,,,,,,,,,,,,,,,,,,,,,,,,,,,,,
17.2992402,214.5206997,9.0469548,83.49586619,47.11545024,0.000455625,32.09787574,19.10660157,1.5385788,181.5533617,73.2078378,9.37212012,0.97165845,13.9603284,81.38936092,74.8855179,79.6538691,4.768969163,71.61614024,14.2095492,2.86683597,18.50894955,72.01378206,112.1303185,177.5583634,88.78839084,8.08609635,,126.6825821,0.541944,63.49481665,68.7303387,25.48844604
19.5879384,192.6812802,11.1914352,108.9642273,44.8009056,0.00091044,27.60892452,20.96199243,2.1559608,221.7981722,74.50241976,9.23056425,1.02856635,14.32499364,90.16623702,78.07214486,79.25768136,5.05844352,81.6737583,18.46809963,3.45804012,18.4498911,69.12171936,128.9642999,216.0365818,96.02380224,9.57535425,,,0.88140771,122.7463217,88.91623422,24.07653396
18.71861886,188.134731,10.00988442,131.5717662,47.18021175,0.00485595,27.5547636,19.57961835,2.862590603,265.7794336,71.2690056,8.755563446,1.0817226,12.6577566,89.75476265,77.06740464,77.44242926,4.576645377,83.29257995,18.20662284,4.300981079,21.7323216,63.27060257,130.4183236,205.3542551,108.8572052,6.252455074,,,2.828244107,106.969848,98.90067379,23.39147141
18.29881463,187.9069492,8.57860241,134.9657082,44.43116085,0.0133083,40.698126,18.8834814,4.4838684,342.0617429,74.79873767,8.25245982,1.074963825,12.39939006,83.1338759,82.7743293,82.70609088,3.851465426,92.55043196,17.85928824,5.3640873,25.99817715,65.4891777,150.9255639,182.3000683,135.1394226,9.272642211,,,4.308066,111.9020427,98.73204972,28.49504427
,,,,,,,,,,,,,,,,,,,,,,,,,,,,,,,,
,,,,,,,,,,,,,,,,,,,,,,,,,,,,,,,,
10.0769427,324.6890984,4.4254782,145.3974462,108.9978728,0.00044685,35.8431433,34.10513262,3.4679205,344.9144042,76.0591944,15.91874532,1.49886693,21.14643206,78.10694325,84.97714829,78.71975483,2.966922675,67.883265,15.9418854,4.9175775,24.12963203,61.00973663,243.3631306,212.0948132,190.5943284,7.48986264,,,3.58783425,116.3902905,115.7384876,26.98393905
8.320170064,363.11517,3.811467849,173.1610933,,6.75E-05,31.6345538,28.97934862,3.02284078,309.7117748,70.15177127,28.25191999,1.58877045,18.8831412,74.31594208,81.5944185,73.15222002,2.163375017,61.22617353,17.52914964,4.4438112,25.88555677,58.04834655,242.3651436,235.9630407,193.5273151,3.293073548,,,3.176694051,141.7199734,111.3294591,24.973515
7.961795173,300.4288724,4.92060582,195.206108,,5.09E-05,26.86214016,22.23462258,3.880062,324.8346284,63.6129774,44.04437015,1.85409675,16.6054509,71.48784644,78.51193855,68.11533379,1.815635265,54.16709222,20.562822,3.63636378,27.34116324,58.2635943,253.6196173,288.1025496,201.6174875,2.808957517,,,2.5028838,127.8603454,148.3493859,25.06743022
5.983791362,293.3848302,3.479390568,268.1856912,,4.99E-05,27.52562857,20.68075152,3.5672616,20.58012495,58.57408224,48.44283194,1.74530565,15.4013913,64.77079395,73.19070037,61.62198525,1.476392837,48.95341009,23.22819443,3.10799268,21.2037469,56.87943333,285.1573815,372.5882089,216.9747987,3.354022419,,,2.029212,110.3107458,170.2474497,24.2796015
4.925291349,307.63833,3.7152567,257.797179,60.9464655,0.0001593,82.3107751,21.2958099,2.9129139,266.4388236,53.88614912,46.83879624,1.88716716,16.23020541,60.0627205,67.5003861,56.86469607,1.303722,47.56455,25.807869,3.08491092,18.69677239,52.6815624,325.1826653,380.7996807,222.814958,3.128635125,,,2.0001735,119.5346952,139.0200285,19.90510538
4.234367207,369.1048039,5.1436917,249.65496,50.6180313,0.0003375,32.76596455,20.54585574,5.271780346,323.111579,48.91853509,47.7170131,1.98021888,17.07006652,55.7549406,64.5481953,52.65093962,1.21391684,48.11878535,27.64891314,2.7567648,20.52949995,51.186816,295.0996435,410.3270295,210.377333,2.5958583,,,1.20137418,196.9043656,104.2613338,18.353736
4.284136167,415.5624553,8.4922344,206.102417,,0.0016074,25.31433918,18.5652324,4.690791034,351.2137214,45.75334891,45.4503686,2.04341643,17.0912631,52.7007249,61.23728372,52.62497671,0.865771864,49.49006958,23.95497051,2.76084693,21.77047714,48.50872036,341.6440734,452.0280243,250.1084912,7.800137164,,,1.64297241,251.8401753,87.03406497,20.70778931
5.651368154,479.1544052,25.02401768,179.1983655,,0.0077625,30.1361668,19.63582101,8.209127662,436.7693326,48.69358886,38.94596702,2.083128975,19.91024632,56.19040684,63.5985844,57.33809764,0.895586838,59.67107697,31.4895438,2.84098266,22.57110765,51.26285372,334.8232978,468.7976321,222.7963048,18.55532543,,,2.1759435,223.4000803,72.92498853,23.6674937
5.052663046,446.3739628,65.14167839,144.1960063,108.7419093,0.0340848,32.88175223,22.40244459,9.50539941,579.9025309,58.0606603,33.49242946,1.98002961,22.56879375,63.76688138,74.8114474,68.67695202,0.899634387,73.40445007,27.86354033,3.06953388,21.72966185,59.4986607,352.601343,516.5885421,231.2370342,22.314528,,,1.97778834,177.6604024,60.09160466,25.80941923
6.5974824,510.2628001,145.0825511,143.7451852,222.8501272,0.104686875,82.26325554,28.19638836,13.28468225,373.9178336,72.47393228,34.60168384,1.91660175,26.44672073,81.66932733,97.04414436,85.96264113,1.00211175,235.5226916,28.00014939,4.52097261,29.55460927,74.8038663,349.8791069,512.1177746,,27.9814311,,,2.48875011,132.8337244,63.6054849,58.785507
5.8875552,486.9244471,145.3481105,152.1343635,242.1708111,0.179443799,291.854421,32.51592612,19.05837255,300.4749406,85.71482741,37.40701898,1.99350666,31.1668192,97.2525589,120.034635,96.71651248,1.1308059,417.2094576,35.30528775,3.96130014,53.41883014,87.63219804,320.2176391,464.7692159,375.202692,42.17668628,,,7.50427848,151.9582436,76.29436845,219.2985614
4.810140179,439.8841789,,165.2703028,,0.186884774,265.1414864,34.6152312,15.0227946,271.7832618,96.68231355,32.52930464,1.9670283,32.2164864,109.5905147,107.8098053,98.58010044,1.446620155,501.9781837,48.27683439,4.03498179,44.35573923,93.82238775,308.7471079,439.8574023,383.7730752,66.5894709,,,12.05480232,157.4144304,96.02696896,134.0197216
4.9221837,320.8507541,,167.5952035,,0.20911284,351.4240511,33.98243625,,269.3673554,100.9579669,34.7707404,1.998011813,30.30042816,108.79136,112.037904,95.4272907,1.45761876,235.7887169,65.85295491,3.84572205,38.27768778,91.47568629,323.1294964,384.3232029,,80.40523806,,,6.795364725,171.311979,105.0184775,95.16957192
5.575139941,388.5397523,,165.3838048,,0.280241099,209.8803698,38.24468865,,278.7356408,89.71179717,36.67752313,2.41013556,29.4842592,99.38434891,88.60114205,89.92498824,1.79725682,142.6610413,87.96003289,4.0264344,38.4092064,107.328078,355.1009911,504.1063205,,63.27282174,,,7.33566618,173.7306727,114.0358854,66.97630665
8.395122898,410.5422735,,160.1696195,,0.234491399,116.0253477,33.83710362,18.7839,293.716175,85.74227949,32.14338166,2.5170615,23.80184091,92.95606182,102.572949,89.5720896,2.356520175,128.2049496,105.25788,4.48797321,40.70368053,126.3419627,343.2887633,643.1114162,,49.1387337,,,10.87982847,172.03297,102.4138323,68.8304169
8.4616299,403.9747952,21.77188552,138.1616535,79.4489391,0.143289,102.8280573,35.32541544,11.52590917,321.8393048,85.89460987,25.50215475,2.47904064,24.93841163,97.56331863,101.7270685,87.56237572,3.298079955,131.4603594,,4.45974876,37.34001693,121.6060565,353.2159249,617.0360684,,39.44830708,,,8.215371,158.5513237,99.33546902,189.4308441
7.534071829,350.8618801,19.31944163,137.5333328,104.7493936,0.0688842,349.1926965,38.38361378,8.6520393,293.5919743,79.39074687,19.30695642,2.47883328,33.07813908,91.90210736,100.6975058,83.2294623,3.1096062,106.0826144,,4.93446492,40.36361159,111.0599985,346.9051611,599.8763297,,36.33645614,,,5.40443664,148.1301615,96.67748757,98.8840416
6.697568763,294.060325,16.19235535,138.1602719,90.5373334,0.036140625,209.4341333,46.77528222,12.91053065,240.172506,75.27608503,16.9066224,2.36952486,43.75222898,91.65028806,98.05437544,79.55826615,2.980373814,90.9923632,,5.21730666,49.587684,97.052823,291.5863405,539.0811593,,32.10186387,,,4.07777328,138.1542716,94.49024762,82.86542902
5.474530178,281.1457536,10.50127942,137.236916,97.33638918,0.107102475,157.5804781,98.04201205,20.72802156,215.6152365,73.50376255,16.97770125,2.44784538,,90.04746205,103.0543618,77.97569602,3.146207885,115.7373823,,5.71717224,73.27211065,88.59347506,249.0179625,505.5042415,,27.45882666,,,3.3410124,130.1227274,95.857209,95.93181057
4.512675375,226.2487354,8.844078645,131.2858636,,1.018940397,207.7030796,135.8595455,30.31588755,,81.51730836,17.2574226,2.45615355,122.7959627,85.59957549,108.6912951,87.11347907,4.90745871,128.988261,,5.0921622,86.1587779,85.9460891,253.857733,420.1105136,,27.63773136,,233.7926922,4.0445568,126.2435897,93.93953659,145.8837033
3.699588335,239.2695213,,134.9238762,,7.068528011,324.186624,132.8882663,22.98201525,,95.67144422,17.58617595,2.84462712,135.6201088,94.5637011,105.5874989,95.62641303,4.319085348,140.724868,,6.035958,103.4891635,84.71058228,264.6617879,360.2386146,,25.98197202,,212.7365877,6.78496905,130.7276073,93.18485421,250.6445903
3.14674335,239.8976801,,135.8389386,,7.52323951,381.3945549,92.641104,19.0882818,,105.1968932,16.39852533,3.07930896,82.938947,96.56036944,102.4415708,100.0088441,4.0575411,145.0524983,,5.7055671,99.23607661,82.81788589,247.2938503,338.6539814,,26.957502,,206.8987746,6.38501022,135.7819099,93.22900337,358.5090781
2.574390178,241.8035895,,147.3889224,,3.968345707,368.272494,77.023872,18.74280492,,107.345021,16.2272565,3.06340704,67.87902764,95.08551247,97.69554085,100.4346135,2.431939479,156.2695443,,5.33658132,82.65671817,78.5653583,235.6119522,332.8729331,,24.67682696,,216.2415104,4.06640466,129.3733357,98.45619605,225.9332104
2.263442601,227.1419969,,156.6016711,,2.217885745,262.3954786,63.39498858,13.7198317,,104.0368395,17.51445234,3.0756645,51.87179655,87.39124957,95.3789204,96.43205209,2.090180458,148.9273934,174.3206569,5.3737992,75.48156687,72.22261727,205.3723815,351.5007488,,22.64975989,,211.4390737,3.33670428,130.3610749,100.5331539,143.2164673
2.412127099,240.4292113,,141.4523874,,1.452886875,95.1970513,56.78151573,10.51689528,,97.72548302,15.44895585,3.3813369,43.32402729,78.967791,96.67330787,90.29457314,2.073720135,145.3883256,117.0522803,4.623318,59.08754216,69.09583366,229.1077222,408.928905,,23.3027685,,216.8797567,3.24566109,128.9131443,93.78999925,110.8720197
4.09238051,268.0731885,,131.5712931,,1.137024897,77.40028114,42.64355405,8.199954,,88.3389418,14.55963255,3.23988336,34.74506487,74.3252832,103.0403592,83.0696344,2.066563125,119.8918067,119.1854534,4.821090485,51.3644652,68.76410359,221.5295706,373.3703554,,19.7777727,0.718209113,214.6707517,2.42276832,133.1610478,95.92440798,87.58059498
5.550689872,284.82489,,117.0317749,,0.879258375,72.56021414,41.37731831,5.245682353,,80.7538365,12.6904023,3.37074021,31.90537744,75.11436611,115.004745,81.9200977,1.657457986,104.1844201,109.4097942,6.077214,41.63478811,70.56466291,239.2755404,350.2003888,,18.0981432,1.20465179,192.9455791,2.74800762,118.4794806,83.82331783,100.514229
6.166307639,293.7380414,,115.2540129,,0.6397623,88.15590752,32.93141348,2.74262598,,77.39587802,11.55064131,3.47082192,26.77445955,81.63857678,120.6082305,79.28446725,1.96726725,130.9156501,103.6588153,6.1429104,39.26547294,70.51331207,229.9615162,354.6371009,,20.28142746,2.017935462,230.3757936,3.45308292,136.1576973,85.23101478,81.39963973
5.895204361,256.8163567,,119.3976613,,0.413715151,77.27380685,34.49600219,3.381481688,240.7605913,73.06608916,10.78849881,3.53032128,30.9224222,90.62788278,121.6424163,76.24162936,2.2509819,125.4485327,96.47764308,5.96765637,34.2768888,73.0614654,225.1239075,348.3783999,,13.1986044,2.111088363,208.2034449,5.0979348,147.9440957,87.8428125,71.25476394
6.025221842,258.0119933,,124.626196,85.41022459,0.30500415,53.63022751,42.50466792,1.63897695,213.534306,69.44236044,10.01139048,3.52223154,37.29834486,91.60252673,113.1069841,71.63977772,1.530182687,101.4797984,71.92967184,5.71256712,34.56352649,79.4252736,196.7229307,338.6368717,,11.46767743,1.63251674,203.3064084,2.306136825,139.9134089,90.20329858,55.56955104
8.248117275,239.4810968,,122.5891259,79.75379444,0.387739124,58.02722494,41.34230604,2.962512225,204.5598074,67.94505448,10.92700908,3.51265356,33.97811895,91.5792082,102.5783103,68.8312431,1.49115171,93.28634666,87.9137469,6.07049316,43.09845811,78.60889038,198.1400476,310.4874909,,11.69768244,1.51451641,199.3147464,2.352332813,137.2980345,88.38653743,57.13295124
10.85125248,208.2436614,8.6731722,126.4365922,91.79197236,1.8514899,61.95202545,38.6042544,2.528361,204.3038025,68.49653868,11.1902229,3.715049813,33.3584865,94.61780748,104.4476816,68.35951748,2.563434,98.96620824,53.2893168,7.2693153,46.64277,75.42819093,199.9089744,284.0806782,,15.9882336,2.62408464,173.0221592,4.014302625,132.5578727,91.12328712,69.33670541
11.81610585,204.6610449,27.1914813,125.4662047,124.0667132,21.71706069,76.45568935,78.85661124,1.89124875,122.6484342,75.5402035,12.1553757,3.7309356,43.77881723,93.53154201,103.8669102,77.253799,2.9557739,132.5829959,39.71154168,10.66845978,83.660283,86.77584852,218.9456892,255.9036016,,13.76994921,11.46415392,156.4431564,10.24615069,114.4495737,90.28187662,95.24720208
9.63806715,187.8125535,163.5781967,131.1473127,196.0094639,46.2390256,174.7158632,81.92155998,2.065449375,191.3743409,104.6940734,14.01637068,3.77736291,48.19819604,112.9693777,127.3462436,105.6329498,2.661109,184.3283947,37.24652268,43.35967287,128.5809892,129.7888639,237.0202992,254.7168865,,11.5188696,68.59724766,158.1058526,20.37317184,121.4574564,96.49822442,
11.35198475,169.584786,212.3019069,157.5674093,,115.4377196,212.6617416,95.87722896,2.018346709,205.832583,128.8757841,14.43765303,3.954771,47.7458226,144.6623756,153.4567996,127.4153936,2.491037978,,44.38435014,105.6967834,108.1836797,150.4443635,270.6184728,258.1023796,,13.086792,50.10279407,176.2673913,10.64350287,141.4853075,125.9202919,
14.60534053,158.1071846,58.51019205,179.5864816,,72.04082405,195.42789,79.26874464,2.179953715,234.9108486,128.4431833,14.9495814,4.2487335,45.70370393,147.368563,148.0165245,126.8996336,2.3987583,,42.72613488,42.44481,70.8816906,132.8039151,237.3116292,269.6736481,,14.48690859,37.95357605,228.6894874,7.7252454,172.1139138,153.4876678,
14.279687,153.463086,36.86782938,191.6376813,,29.3425416,189.6061744,71.07390552,4.032111561,268.2376198,128.966775,13.5880983,4.77795024,45.76737027,145.0958508,131.8742964,120.7538483,1.929879,,40.48776293,21.37806371,59.99148589,120.109027,226.1700079,308.129022,,15.50083392,32.52683606,289.0093068,6.338817,179.9394282,152.4449143,
12.03060769,183.3548871,28.38520179,176.0221393,,11.4948713,374.0808893,68.71136256,4.766659387,275.7251132,120.4802525,11.72030067,5.602484475,39.9372039,135.358098,118.6302535,110.4827958,1.585659618,,45.0633024,16.2881037,64.07766225,118.5005925,242.7117145,350.9720394,,19.01661732,27.68630449,303.7577153,20.53636011,134.0178966,148.1850793,
13.36038132,266.4969006,22.59046809,171.3283158,,9.644874525,353.4700654,61.92398027,5.271506588,360.5221727,116.1554479,11.74153968,6.33940425,35.645022,129.7809135,113.6639304,110.7874406,1.530856783,,42.70492611,14.79334752,70.94701982,127.1527922,263.1709427,362.9319437,,20.23893648,13.06467716,277.3438238,15.26715702,173.7216288,140.0402817,223.5292039
14.4685565,343.1981774,19.8850626,157.6770681,150.1117596,8.766256476,136.1640204,78.1764537,9.312482925,305.87625,120.1580584,10.58810643,6.00050808,47.57757581,147.4177617,117.7910221,114.7533384,1.472728517,,38.41833645,15.14241216,74.58376092,130.2901635,336.486751,349.472327,,21.0735756,6.18327675,307.1892027,6.695930171,286.4400165,121.3419273,175.4259255
13.27555113,373.3689498,17.2430964,157.0735584,151.0102388,8.80087572,122.0881118,74.880585,7.85350215,278.7019804,120.9503232,11.17596366,6.4014462,39.47655083,,124.2716619,115.7530035,1.478894609,212.7132252,32.813019,14.23019664,82.14231642,120.8391251,328.4681939,373.7337943,,19.66035456,8.966725236,296.6509498,6.78684825,154.7025256,118.3621453,168.770084
11.37759671,342.0261903,16.12379198,152.1954522,139.0322049,8.899536849,132.1423416,71.7044508,4.555926861,262.4116066,108.8000201,10.94343912,5.91802335,34.63362641,128.4905349,124.3153006,109.979202,1.3624281,186.6701486,31.20843411,17.75338668,86.4012771,124.3727636,296.8279895,346.1413031,,16.1819749,13.41738087,269.7761484,7.57302075,145.8549272,116.1075006,189.7496375
10.0543276,288.1366864,13.27161481,149.0797049,152.8766432,9.075571851,134.0233425,73.51511076,5.843237361,253.115172,103.0282355,8.93825793,6.52234275,33.37394603,121.7087467,123.2433534,102.8195611,1.129284012,177.2369843,34.83858924,16.467624,88.42563858,123.2951139,286.6817491,331.922178,,14.4234783,8.217513872,249.2415347,44.66103939,152.5125299,113.6312093,
9.202328911,288.8902794,11.673153,150.7370367,162.16848,9.68370095,111.6689092,77.72498424,9.47701215,250.5542787,101.3841853,9.6254568,7.78866543,35.1752544,114.0903245,121.907349,104.5596708,1.179972912,163.1845276,35.74644453,16.80113664,102.1233461,128.1281969,261.7414722,351.7958709,,14.00775084,5.931202924,241.083151,9.54827595,145.4354042,112.6885156,
9.05825025,272.5220441,10.62397581,144.2392064,130.9814678,10.82048352,102.683382,88.56314265,12.54436065,200.5848603,106.970434,9.082713872,9.22703832,38.145492,117.9110572,116.2296024,101.7638681,1.25666775,169.6458661,32.81008424,19.69863206,106.6101629,124.3257496,264.8328049,333.5668897,,13.88757497,5.775952475,238.8777786,9.044663717,137.0869952,111.3424252,
8.170390621,252.9897656,8.910280262,142.4207277,129.6541361,11.04108894,111.8627947,104.1538164,10.96257483,205.9584007,115.4592614,9.133761825,9.03699062,42.94946552,136.5713479,110.5550006,107.5401509,1.3280679,160.7701214,30.8927628,19.1573343,115.3811452,117.4413208,245.3994495,347.3154805,,12.9577644,4.440059955,201.1243163,6.8445702,138.2041521,113.3672717,
8.346689889,243.8233882,7.5296628,153.0581043,135.4364914,10.60901037,117.9275321,110.9670637,0.96851295,202.6077546,117.2250444,8.789907242,10.93131504,45.26645311,109.8012097,109.4584673,108.8444112,1.481736375,158.4590653,30.54527496,15.51102696,123.4933614,110.5100674,236.441222,305.973423,,16.91897625,1.981916505,136.7792345,21.10657298,134.9517413,113.4611703,
7.574303997,242.2671446,7.365058931,152.5629449,136.299774,11.08532247,119.9914652,126.8116448,0.58169475,221.1183056,115.7804148,8.450097265,11.52521606,57.50486528,104.320079,109.8667881,108.4579528,1.223868388,156.839814,30.06027135,14.4156564,118.3078094,106.1834452,232.597503,306.3262462,,18.82919308,1.429100212,167.4259743,12.61300165,139.1401071,113.10025,
6.762405088,227.6509158,7.409720307,142.2292534,152.0970182,14.51697679,139.1100677,161.1272347,0.598161375,201.0588456,117.0253286,7.672193439,10.4986782,65.36394144,102.9205773,124.8646763,108.160603,1.090082351,163.1399025,28.10754169,16.36168399,125.3307196,97.95987476,227.7950873,292.8674951,,18.44845862,1.152036436,197.2844891,9.8482986,144.0387493,111.2435349,
6.49129734,229.6869794,10.17704166,123.6158431,166.5618938,22.02850485,172.3049593,336.3954007,20.83935196,200.7469605,124.7571161,7.190292377,10.96855752,,103.7974897,161.4508403,112.1497027,0.95513418,182.8360528,26.47906254,21.02782478,202.0285612,102.1935463,216.2569479,284.1894484,,12.128319,1.156259138,198.5654982,11.6533486,143.2853064,109.0520412,
6.0489828,247.851508,11.03461664,129.3976102,323.6061956,28.43577414,297.3708366,185.2811626,14.25661763,210.4610078,127.4043046,6.724395901,12.51799974,,109.0282896,176.7305405,113.9302098,1.09355832,213.6374504,27.2381454,21.46941734,283.1160816,108.337712,212.7646572,281.8114764,,8.47037223,0.90295722,137.4867173,9.30538277,138.4377929,113.6380238,
7.399716189,251.2599264,9.621828,131.0825542,301.3807541,14.97378231,574.9211615,126.260695,15.2463168,229.7966371,120.5526138,6.647613139,13.80477858,50.716773,134.8307235,173.0763029,111.9697833,1.078979535,327.9484474,25.90869475,17.40480643,197.9840718,107.0918719,234.2479985,283.2353182,,8.612064108,0.80702622,44.67731337,7.09485696,135.5726724,121.3391644,
5.503697552,238.1681827,7.0972308,140.9695144,280.564844,9.46435185,326.470109,97.89117369,17.35319282,226.2800448,108.2715707,5.8888863,12.89538214,48.28317458,139.7056552,147.3916365,105.0012322,0.962865462,403.4389178,24.07276089,15.15346393,154.0457061,102.415769,224.8428264,278.231457,,9.121479864,0.56482218,43.15169194,4.988054387,137.146346,121.0714391,
4.459568362,220.1434362,6.423041657,145.3059619,200.5063141,6.968453625,193.8494228,89.33163602,22.70810514,215.4769681,94.75685873,5.484834731,11.66759269,,108.0636153,121.5765106,95.15862783,0.883629,296.0133731,22.98376067,19.82946743,107.5647533,96.54056229,226.3753164,269.3484331,,10.01037285,0.461296119,47.71306147,4.012493485,138.973274,117.9024292,
3.577461717,226.841579,3.72392119,142.1369754,149.2648991,5.530696875,125.5579036,86.2235908,14.09839425,212.1986576,81.86823214,5.412679201,10.51479799,,95.2329069,101.6152755,83.72847477,0.722878192,259.5540287,22.494483,18.88611862,88.4762423,79.64825175,206.8743626,268.094556,,12.77461386,0.389820938,83.03458026,4.150710001,142.5207277,108.8614073,
2.968670925,232.5529872,2.487896744,119.3178416,110.7752254,4.345779498,101.1813836,92.6006013,32.55814927,182.1243857,75.98228706,5.763685951,10.02987584,39.7115676,104.3185285,86.93579004,75.9469851,0.590262082,204.318006,20.62450066,23.18492196,89.15458374,79.40207252,203.676717,278.518292,,11.57671556,0.471071707,167.8683541,4.7066778,141.6614907,96.47467005,
2.732628399,227.5249868,2.14806735,109.6281621,106.8234483,3.465594441,105.6886571,96.51832425,33.87734145,178.7438529,75.13882247,5.925434514,10.63940412,40.3242975,104.0526193,82.69390405,74.43317755,0.526031206,146.7360206,19.01792764,36.821304,95.94952113,83.85667157,231.0689076,265.8897921,,9.849618631,0.563911434,195.8216148,5.732038897,131.0289141,88.55431707,
2.948192639,205.9916805,2.284793464,111.2398272,107.7874655,3.324154509,107.6647363,95.78590577,27.61322076,181.7019444,76.30891472,5.658339375,10.83268526,38.17719616,82.42296752,80.17234822,79.2548342,0.594783,133.588602,16.87997356,30.54169558,114.1135644,101.0664661,212.4898637,256.3846142,,10.00293233,0.505106888,210.1349156,9.0042651,113.9010122,86.13715502,
2.866136063,194.702117,2.91473721,108.4743799,120.3290357,3.607669935,124.0795391,91.6265581,26.0472672,170.7605004,82.86081096,5.976065251,11.96128333,40.29960398,93.49986332,82.41983813,80.34665672,0.773976815,,16.38994133,24.53591809,92.69207111,116.0682882,208.6024396,238.1969974,,8.61763112,0.432277695,190.7214772,57.49531066,111.4285127,85.54197741,
3.561235228,184.9596697,3.2592294,109.5629909,110.5875152,3.887334665,113.9549026,82.23905376,,183.266574,89.85971641,6.281290125,14.7663864,39.76415685,82.9129392,86.5522699,87.65191241,0.8322561,,16.90182007,21.16752912,89.00517961,117.4878608,210.5460243,238.9244624,,9.675307575,0.378675,175.7640391,22.96341387,111.0189861,93.98271386,
3.647844112,166.0048317,3.03334875,118.6544952,104.808411,3.923275828,104.9477877,114.6933729,25.16197568,163.3739072,92.50891003,6.812732191,19.25846442,47.31529729,86.75592156,88.70319379,95.75098712,0.722781684,142.7687937,15.47033817,64.2580722,87.88175495,111.4704382,184.3249432,242.9754857,,11.70525187,0.335787195,177.6717906,9.52023996,117.1347582,101.8352843,
3.693130227,161.7530041,4.299649163,116.8955499,111.1147548,4.748772364,106.1061991,132.9985024,32.43827925,190.7345813,94.45392478,7.02311214,19.5947316,45.47486813,87.4723212,93.31272595,93.72389652,0.663606008,153.1694073,14.11464606,72.00887849,160.9670571,106.0628363,178.235408,237.1561257,,12.8113488,0.332341988,183.7709826,8.942571114,121.0133077,100.6184279,
3.846851803,170.0000292,10.15713948,118.5575738,143.7439775,7.516097345,164.679089,113.7310252,1.047644958,171.7863309,107.1905687,7.9418988,17.53391016,44.44831125,107.5915575,115.5766875,110.108863,2.17919835,152.3971328,13.06318438,37.29991438,157.9772106,115.7122928,182.7355378,219.1312579,,7.277916062,0.5004045,175.6995533,8.354475,125.5913215,102.662854,
5.172883764,246.9717228,23.3486172,132.1326711,206.1200149,10.88774716,205.71999,88.63368582,0.630939375,208.5994953,124.7585274,7.922227328,20.95169166,42.59681276,135.4850334,181.6243424,129.1557889,39.62596951,182.1486749,12.57432876,25.3866366,137.5012879,126.5713722,200.9532056,215.1255645,,3.960903376,0.74151001,202.9891463,9.400221114,135.7597665,122.514909,
8.743683535,239.0827383,35.15381007,155.8025246,188.7676804,10.42653688,155.0032679,94.8306914,2.251975458,232.8573601,135.2820243,8.587952711,25.14307392,45.9627696,170.3589273,145.3483527,140.78602,14.37650948,260.6284981,14.21319636,21.01338019,128.7043314,134.4543908,229.0819199,221.5263441,,10.80532879,0.792727662,240.7500098,22.44223584,156.5658558,150.0120463,
9.035105559,252.5742621,40.08470413,171.7934118,168.2852588,8.0429787,124.8970815,90.0376236,2.4036615,264.8746996,127.4157295,8.953547627,26.51873472,43.25553015,235.4829209,152.1864617,136.8144019,8.125080118,235.1656125,18.02322225,18.74959164,119.262532,134.6977833,221.1745375,241.1497575,,23.03229938,0.637748112,286.9432937,17.24293737,178.0460277,164.9850883,
7.80320008,308.6816497,26.26405763,191.9378923,145.479181,6.176437313,119.9930571,85.21588154,0.840892542,340.1407685,109.1638466,9.449890246,29.70667143,39.71781014,170.189854,146.8550115,126.7369112,5.951128536,169.0378319,23.06047219,17.6905485,105.5322891,126.2498677,262.0871273,270.9631533,244.4173601,22.92811908,0.499700015,305.261677,10.8165375,194.3045719,176.162795,
6.188630578,369.6898739,17.80768438,194.4015829,127.501452,4.795909887,108.5135184,89.5567058,0.64781363,347.9449851,94.87114537,9.807794552,35.32562955,40.01907181,143.3301386,141.3797143,116.1683934,4.707286734,170.4236773,27.86948668,15.60675155,99.69286884,112.4101512,330.5539843,349.4285592,272.612574,14.60951636,0.411177367,345.5190212,8.542632601,185.4951526,171.7916207,
5.290114389,398.4505587,14.29235107,175.4018349,112.2300534,3.75742017,101.4117731,74.55625679,0.64993968,328.6269471,92.40439551,10.1486304,34.43201764,35.0834463,132.1488334,127.2581093,100.7812262,3.607344586,148.829282,27.54826116,14.48805217,94.75172116,105.5393602,351.7019494,390.4098764,260.6041198,29.25394674,0.392757743,345.8367797,6.303443457,215.0766078,152.8378362,218.5377949
4.332978597,374.4403221,11.63876648,158.281197,107.1070158,3.033209017,100.910146,63.09763625,0.61192125,274.2613492,82.61328849,9.22788645,30.00937461,30.83994689,123.7906943,110.3381835,,2.891103957,129.2249426,27.64660439,14.32299429,80.88672199,101.8040947,356.0026586,410.0185423,244.4619347,13.66956118,0.626094456,335.3629845,7.79503095,223.2657472,142.9821315,139.1576565
3.52798875,329.3248547,9.01394325,151.6090219,98.95425693,2.447288544,93.137526,64.12842335,0.5932035,255.428096,76.55834357,11.34353501,30.01279824,27.43735682,114.6478349,96.57973626,89.65297081,1.949068701,123.6344256,32.76912114,14.32320436,74.08612187,96.94609833,327.2985103,407.1447403,211.1912116,6.080410888,0.603781425,356.3793533,7.018571026,174.2856898,141.0989587,101.7106853
2.701400625,334.8302686,6.425889229,146.6214409,85.77573932,2.07781065,81.43559253,59.07712807,0.576774,343.9120174,72.5526168,13.6580472,24.46062665,29.40142074,100.7571536,88.70331165,82.26520577,1.145175638,118.5738277,40.97019004,12.6309456,68.00226238,98.47160069,284.762709,370.770827,198.2607997,4.147078501,0.237240671,298.2428775,6.08234616,152.6285952,137.8647439,91.39760669
2.341399521,277.7153763,4.818742683,141.4423486,81.18366749,1.7155125,76.47057455,45.28189008,0.56653425,196.7177158,68.09533372,14.02870641,22.04821445,26.07985878,85.06141188,79.01281687,79.44422007,0.8653986,99.24024334,46.27829732,11.38728172,67.96768568,99.56437977,279.5217116,347.9997047,187.1883672,9.998170412,0.198431996,221.9023114,4.474527751,145.8671281,128.1883957,83.38796424
2.042145,262.7820337,3.795426114,143.2528771,67.98930819,1.48074075,66.60799155,41.01009912,0.562707,187.3398173,64.27356697,15.32746395,20.33109653,24.97532367,74.8045071,71.1693,73.2561165,0.643959556,88.01056217,40.1388696,10.41829168,55.91652257,97.10423693,245.572252,328.7446145,181.8301236,11.95493831,0.125377879,225.9485898,3.63959001,142.6728094,115.7554314,73.68685236
1.877560425,262.4640997,3.0718116,135.3267221,59.53264776,1.2409929,60.49694549,37.3792077,0.559321875,216.529083,59.19373688,14.0416956,16.6494042,21.74787671,65.01440699,65.54210539,67.42954026,0.536355,75.64030453,44.4810015,9.869809501,48.39339656,92.83381851,252.6929906,302.827966,188.4830755,10.212885,0.09536697,190.6376992,3.314263163,137.9587637,109.236114,60.9612733
1.863107757,245.4052885,2.666853699,134.9930682,50.1583867,1.052720213,50.1187446,35.5090504,0.55539675,147.272111,54.82538302,13.99491918,14.1150357,19.52799267,57.94131776,60.32720848,61.88223689,0.510274119,67.50594407,41.39255925,9.17337744,42.57412891,82.259064,237.9601463,300.3168123,171.4073558,9.372351375,0.084982497,191.1973741,2.98115235,133.8432607,103.0551944,54.13812442
1.9828152,208.1035179,2.295984488,129.2951362,43.96980799,0.885370047,47.51568039,35.43870042,0.616668525,161.9708597,50.97129075,13.98018893,12.73425368,19.89598545,55.42718667,55.61316606,59.32763888,0.565701407,56.09100014,37.30480482,9.257440726,40.29942699,71.00029531,253.7921842,265.0143952,158.4145229,8.522042351,0.089401722,180.6776213,2.89065645,128.6892588,98.7184428,50.27160205
2.007324095,125.777977,1.803994516,122.2436047,42.03188016,0.803519097,45.64632588,38.32793876,1.453706062,151.5393316,49.66408444,12.8979594,11.64260007,32.89831346,55.23991921,52.33925722,56.07799998,0.656991456,50.33851798,37.31894625,9.930837736,40.3724753,63.83728851,224.5969978,257.6012164,140.6663994,7.55589364,0.083604372,158.9971277,3.040105096,117.9276862,93.171195,50.943978
2.00403913,129.9497752,2.7690768,110.0170598,47.36183872,1.45209172,51.07055081,93.52226304,0.57250125,142.9298784,50.50356889,14.24314162,10.14881535,63.67919625,53.01517097,52.99936968,59.05284616,0.675135,51.76740296,33.61411035,9.90122454,83.03626709,63.20476486,208.7103407,244.0141669,125.8962784,7.470248215,0.092979904,148.4634243,4.188946996,108.0946266,85.2421696,67.96776017
2.187844763,138.5080381,8.998690275,104.0815355,80.99377331,5.76501705,74.3867262,81.92116576,0.874430138,144.7968825,56.45733707,13.98474351,10.22796275,58.90915013,57.42889155,59.21776352,66.5455775,0.728746875,63.66601822,38.11712479,11.01180812,109.6583801,67.400397,179.0721598,244.4456946,121.6983694,10.33981308,0.14305275,,18.88518983,102.1992488,83.70522719,189.1168819
3.027684825,150.1699251,16.00084656,107.476403,144.8618775,9.18260145,151.2850597,89.8329351,0.839347313,171.4389903,68.87739904,14.10032915,8.914649401,61.5915981,63.79621027,68.9077448,77.96076805,1.03125824,97.98095621,39.96587622,13.3167645,105.7177238,78.55819999,174.0073336,252.6647087,114.0532903,8.539117202,0.189772756,132.2612758,10.3629375,94.49727746,84.78496215,173.2784992
3.178329975,161.287849,19.39068878,115.6034874,139.4593161,8.22927195,121.6381116,74.04950826,0.601903913,162.0494035,81.85302161,15.07023306,8.706956896,53.66654595,75.87518975,79.81279112,91.7958096,1.614689986,146.2825312,43.19006316,12.42342522,105.2310366,85.47482477,169.1330374,251.2705995,120.4626803,17.21570144,0.28781865,144.365811,5.67627588,95.88387657,95.71310276,152.9146023
2.9602881,176.4746473,16.659405,138.2445698,129.9010674,6.231128607,111.1909585,65.36990736,0.603122211,199.4319601,85.69783295,16.07547303,7.487077861,44.94717886,79.16793493,83.72842156,94.2929424,1.217343586,146.2071546,39.7562688,11.92787114,83.01326942,78.29257606,179.2631821,248.4351629,136.5184935,22.99085303,0.254788082,156.5440675,3.8211561,108.4846554,119.8504222,131.3941025
2.752688475,173.4246336,13.432716,164.7128925,114.4449326,4.521706538,91.13080568,54.65200544,0.694422619,186.7602265,82.50844934,16.24801625,7.112093735,35.10980354,76.31185972,80.02415437,88.1322778,0.984071531,116.3590704,31.85771006,11.88378694,67.37048489,69.08867832,169.3043091,237.0859098,160.5522384,24.08307694,0.195570619,172.1506028,,125.6458475,144.782663,104.566572
2.570501588,170.6941862,10.97225287,164.9269447,89.148033,3.568246189,74.31700227,43.41708216,0.568842559,178.3028612,73.33713584,16.88305437,6.257587501,32.2105545,69.21449579,75.62607135,80.22281175,0.763518497,104.9533208,28.46643912,11.00455241,54.09742345,60.76866547,176.9117717,249.4897394,184.2320322,24.80906475,0.144981791,209.4865556,3.3551469,137.0503549,142.4065682,84.65905986
2.46546718,176.8822826,9.584525309,149.5942037,74.06315527,2.972641491,62.70139658,46.36868436,0.97942283,259.3235007,64.99343616,17.2697994,5.14643436,34.3032929,62.59321271,75.3577344,71.51996302,0.680798925,92.02864218,26.12255265,9.872627491,48.24170312,54.04890201,215.5230589,265.4284343,198.1034695,20.8329408,0.131388075,219.6691501,2.607781635,134.6728019,132.6286994,71.8750368
2.176499869,180.4615713,13.53030156,145.2893304,68.66245636,3.007449,54.67268561,48.32281799,0.49690125,279.8715861,58.47265716,19.26315459,4.692257707,35.81500551,57.87013358,78.22955177,67.0570115,0.624997512,79.50357798,25.16444921,8.998867666,49.57187838,52.36901504,234.7976923,282.5399973,189.1746796,18.65922424,0.133119956,200.6917129,2.769256351,128.1947305,125.7421867,64.58832005
5.286492,172.1516644,25.23138761,132.1987838,109.2708615,3.50878635,90.09624332,49.15005479,0.708698025,,65.50273694,23.44470345,4.215412126,40.6664388,59.5841103,86.30737633,75.0748348,0.61296885,91.91801433,25.72387065,10.0658376,55.57781841,62.42116501,245.203227,296.6312097,180.6200802,14.7122514,0.179395088,199.6761897,2.654188762,114.7325394,116.5824009,68.116896
,,,,,,,,,,,,,,,,,,,,,,,,,,,,,,,,
,,,,,,,,,,,,,,,,,,,,,,,,,,,,,,,,
,,,,,,,,,,,,,,,,,,,,,,,,,,,,,,,,
,,,,,,,,,,,,,,,,,,,,,,,,,,,,,,,,
,,,,,,,,,,,,,,,,,,,,,,,,,,,,,,,,
,,,,,,,,,,,,,,,,,,,,,,,,,,,,,,,,
,,,,,,,,,,,,,,,,,,,,,,,,,,,,,,,,
,,,,,,,,,,,,,,,,,,,,,,,,,,,,,,,,
,,,,,,,,,,,,,,,,,,,,,,,,,,,,,,,,
,,,,,,,,,,,,,,,,,,,,,,,,,,,,,,,,
,,,,,,,,,,,,,,,,,,,,,,,,,,,,,,,,
,,,,,,,,,,,,,,,,,,,,,,,,,,,,,,,,
,,,,,,,,,,,,,,,,,,,,,,,,,,,,,,,,
,,,,,,,,,,,,,,,,,,,,,,,,,,,,,,,,
,,,,,,,,,,,,,,,,,,,,,,,,,,,,,,,,
,,,,,,,,,,,,,,,,,,,,,,,,,,,,,,,,
,,,,,,,,,,,,,,,,,,,,,,,,,,,,,,,,
9.6199032,476.5087047,50.3064459,133.4454272,111.631581,1.957136395,77.46820086,56.57931033,2.142001087,499.9070045,96.2877647,9.592874552,2.44775596,29.77713495,101.0158965,135.319866,96.66137479,4.773073502,131.0657377,61.6734162,13.77521485,70.25175363,106.5982707,341.7510084,405.6811142,252.4167306,87.33657279,2.17407645,,5.408746096,162.5984861,139.0529015,84.69081498
8.858840698,450.9467692,46.72961384,138.816098,106.8684126,2.2380543,85.64343438,57.36531374,0.57406725,453.1022355,98.95346236,8.727228902,2.36012535,34.03655022,104.6803328,133.0004387,97.8687284,4.698542897,136.4989385,47.86005285,14.18567175,74.1945582,108.2436332,369.4251645,378.4619282,248.6481543,39.81310791,2.002229127,,7.71028875,166.3433658,142.1331064,85.8623166
7.943339317,452.8016559,35.62336091,156.392922,107.2957631,2.446411506,57.3654798,66.43089141,0.555433875,402.6058302,99.49624722,9.76984234,2.276122409,35.08536465,99.79239302,143.4987007,99.09251173,3.9672909,134.3266112,50.27475434,15.09968907,83.01519903,106.5548513,355.2823317,356.4779625,278.451756,33.96897945,2.097351225,,6.970122122,154.0887047,148.5534451,82.77063841
,,,,,,,,,,,,,,,,,,,,,,,,,,,,,,,,
,,,,,,,,,,,,,,,,,,,,,,,,,,,,,,,,
5.752424841,395.8226286,22.44143678,166.5492803,97.72994045,2.805497269,78.4058952,70.50866906,0.505220625,294.8075352,,6.217702087,2.575551769,34.32075199,93.97947333,129.1606793,90.48199415,2.174370328,113.4774576,48.27263688,16.53816218,70.39872708,109.3270148,328.4274782,395.8332668,262.3043026,17.78865442,1.478840119,,7.386259304,155.0189811,141.8333128,84.68735979
5.184352352,374.2674499,20.14571081,148.8943353,94.69829476,2.851936868,77.86527265,65.40433613,0.486491063,287.4807772,,5.553063,2.614757355,28.80354297,86.36167233,118.9204632,84.1524589,1.813138594,105.306967,47.91182485,17.60558635,79.6122,106.2379144,279.7487345,391.3156452,232.042687,4.821497377,1.598783044,,6.104764462,141.7279434,136.2224712,81.27817478
4.785421992,348.2102935,17.32230862,138.9153962,88.74969022,2.6723736,74.88170937,68.12840241,0.469189125,219.7446462,,5.207850859,3.53800872,29.50367856,90.00886858,116.3334528,81.79693589,1.516680349,105.0139171,43.31239172,17.87388991,76.8899616,103.6485962,285.5416482,387.1631486,209.4411533,6.347896811,1.490443442,,6.013183501,136.6294794,129.067435,87.519744
4.233675564,322.1760006,14.33991256,135.9873534,91.34151603,2.145529794,77.94956131,56.21811178,0.45368775,242.7912594,,5.108282214,3.338717536,25.85253083,85.51263858,112.6894002,81.58736814,1.261157615,105.5789863,39.88380669,16.56772056,74.17194435,101.1236694,266.2223414,355.43678,199.1595614,4.276087297,1.205867827,,5.30217873,127.0358919,126.2191761,80.35452162
3.8133855,292.441395,12.68261364,130.9304879,83.14739775,1.728589951,68.97460693,53.10756144,0.43928325,196.1115218,79.81085218,4.448486792,2.324124023,28.35597174,82.4498989,108.1038444,77.26707069,0.82823973,97.90135722,35.72043628,15.98184695,61.17874367,94.70965895,232.3708383,309.6665426,210.3503894,4.141606781,0.952516845,,5.03685648,121.3592601,123.0929068,75.94778755
3.174409913,195.0513898,10.43649276,117.9530997,77.6865978,1.512316575,61.14042384,57.63754631,0.426611813,169.3963271,73.16964403,4.595529638,2.02386195,34.5152411,75.93661913,100.2993469,71.56649917,0.666576626,86.48238731,31.96440036,13.80216348,55.57082616,89.63048353,217.6532198,293.0857784,177.5842622,3.305199464,0.775983384,229.3514805,4.92667272,118.8772643,112.7586521,60.94056562
2.843087344,162.6467952,10.07734213,107.8915881,,1.55038725,53.27946182,39.0396807,0.415337625,162.4729466,68.78649332,5.358803063,1.751700195,24.41192985,73.43557605,96.77152081,67.76617915,0.563031,82.41017473,31.79161063,12.08599664,56.27103077,82.36293139,196.4089452,281.2675645,173.1507359,3.104170299,0.700518383,215.2144262,4.15510867,120.8765896,102.114513,58.97938464
2.658045576,153.2274582,14.09918501,116.9136423,71.2980225,1.693619433,54.8676072,34.52754863,0.418398889,155.2121375,67.05782074,5.337878905,1.923407438,26.42736915,69.6078014,90.84147235,64.87515822,0.628916393,78.16845048,30.42894364,11.50073775,42.85752235,82.7242246,186.0209381,252.4602122,162.8855392,2.281641014,0.733944375,195.9514803,3.46467888,107.888141,105.6109428,58.42548293
2.535548377,141.944451,15.40427355,117.5892086,72.42210381,1.773331589,46.4596157,39.68573468,0.3955635,146.9516729,67.27203767,5.614815796,1.5922872,28.42560753,67.3535371,87.85543567,66.06692017,1.180228904,75.98678258,23.62528877,10.21646864,42.93276041,81.41423214,183.6237777,235.8312538,132.013429,3.075300794,0.635492806,177.0349718,3.285800438,103.042809,101.8459569,44.2550775
2.334316725,101.6004492,15.7305159,111.3020402,59.04464081,1.81883047,38.85097744,36.62523716,0.38633625,137.2771013,64.69174821,4.483009799,1.3470597,28.76004145,67.20103374,84.99273504,63.25163296,0.995212474,70.06576476,19.9624986,9.41413374,41.67619717,78.32230251,169.4852453,222.6055689,123.2177757,3.23911565,0.414378107,168.8831525,2.880510053,98.94533274,99.29749551,43.77032614
2.155286306,102.517294,13.62546019,101.9400806,50.48655836,1.701822942,40.03093764,32.39967276,0.377829563,133.6825389,62.01018179,4.301007864,1.14201117,27.03977338,64.02876392,79.29895172,59.98538745,0.810466256,65.64717016,17.84162457,8.510255887,38.66759944,70.644609,151.3393261,210.8871283,118.5985912,5.051892038,0.334611,185.9350646,2.557675576,101.3177737,91.77704152,42.53598846
2.129163601,88.20806241,10.97605023,91.04597338,49.40624819,1.41668274,38.34861026,30.23460557,0.418638625,138.1298285,58.4670874,5.092638481,1.091640659,24.84071415,60.53857785,73.82625711,54.78805367,0.694736325,64.54176336,15.45986695,8.197461563,36.05084615,66.38028433,152.6218069,200.3523265,123.1225778,6.902848856,0.300266104,195.807278,2.246237893,100.4265229,84.70390782,40.45854528
3.040832726,111.5193341,9.06080175,85.18022027,46.0713268,1.194051372,38.65253209,33.14290533,0.43397775,138.2230174,56.50457063,5.2234524,1.085691768,25.57440526,55.63366939,68.76598276,50.25302543,0.68850258,57.20958693,15.86320416,7.891122791,34.3079388,62.58322786,156.7757212,204.4546207,123.1556697,4.414407569,0.336819258,183.3318545,2.190286407,95.88177413,81.24987812,38.02296384
4.425995927,133.6958632,7.278062019,88.07157138,45.20886252,1.01981835,36.28108965,28.69030103,0.402577449,134.5845786,54.92630336,4.909511048,1.027032412,20.75658345,55.9345824,66.94349292,49.80052043,0.925471789,51.96797881,16.07487208,7.632924332,35.56495215,62.14725103,156.9356363,197.3809111,122.0637033,6.063365026,0.476502307,170.9906892,2.12708323,88.12880299,78.41161461,38.32013273
6.255907251,154.990365,6.746911877,88.47589906,50.68609391,0.903976197,38.44510337,28.84785989,0.349835625,125.2148617,55.97844153,4.980460568,0.990401175,21.96811948,56.57754331,67.63296387,50.70916291,1.25609919,53.53296839,17.04703968,7.937848328,34.27553092,61.70170166,154.6769945,192.1074879,116.9325546,4.576604793,0.660922538,156.1753006,2.182439835,83.12628398,78.55142285,41.51282278
6.272607937,147.6536236,6.660560213,92.06739972,52.74879215,0.854323479,41.38608141,30.75220161,0.344233125,111.6097789,56.46727586,4.9186764,0.9878517,22.90798358,57.27263157,68.45687307,50.81701996,1.321963634,55.70470492,15.8876665,7.839421043,35.08913318,61.51631134,143.3471839,189.5775415,107.7391044,3.984823204,0.713530115,146.6689734,2.228658975,79.91521604,79.14415366,39.74562108
5.769295358,146.9494461,5.791345765,91.35893375,47.5069077,0.829553402,36.72730595,31.50294086,0.383548073,103.8942929,55.76884134,4.576231823,0.90334818,23.75164521,53.35748438,67.97890931,53.96933318,1.165093875,56.46265585,15.02475966,7.763750573,36.53047862,59.59771625,128.5282116,186.5730073,99.47482614,2.855631531,0.603042469,142.8120388,2.304029813,80.11225925,77.27757507,38.67574635
5.319476043,144.7781766,4.941257684,90.37969774,43.87811715,0.741087816,34.92000205,33.68057941,0.449095894,102.8912355,53.75517623,4.642966548,1.043068552,23.4346446,52.75490251,66.2989219,50.16407762,0.967023816,54.80885883,13.85643848,7.482806467,35.95257419,55.97487535,130.615427,196.7893801,95.15399671,2.312495072,0.472222406,130.2110055,2.05116705,80.5530427,75.6059265,40.32106537
4.070642885,120.9118686,4.91614591,83.62930041,43.06016006,0.653406527,35.58932235,25.71882479,0.370619572,94.92192166,51.33404733,4.595497678,1.2099969,18.4647195,50.26357385,62.44202045,47.48976541,0.838251685,52.93720232,12.04517516,7.161320385,34.99139407,50.5565145,125.6710197,159.5781729,91.4152635,2.003573534,0.358705463,130.9814854,1.900741554,86.21127407,75.29832093,37.974825
3.449991488,127.4987665,4.099967974,78.79212891,38.40384215,0.631800002,35.65340179,25.380902,0.353972025,94.29523644,47.913484,4.92783588,1.1703204,18.27946356,48.87677311,59.04585704,44.13978888,0.7700616,50.62960215,11.25021825,6.875830057,29.43096525,48.19233104,115.3247978,148.0087007,88.46250474,1.623739838,0.285888488,132.7288955,2.10919221,84.22626051,73.88556487,35.43377906
2.788085846,127.1962952,3.514725426,76.32179142,37.75703311,0.630280238,33.47690259,26.16428081,0.348442256,93.78106694,44.36552859,5.486454506,1.047846105,17.00461613,45.67377164,55.34474924,40.70055769,0.623046607,45.12760412,10.2458682,6.324698431,27.92795406,45.03031999,114.9157233,140.6939255,86.78197803,1.465337205,0.241882027,134.8211803,2.11637448,77.56998896,67.46567005,30.44618246
2.52873296,123.4554708,3.443050383,72.6774012,36.5327145,0.613241158,28.6336262,20.86198835,6.925842225,93.41536727,43.37897004,4.45592826,1.04330862,16.40748663,43.73110125,54.10333829,39.6453938,0.540069081,42.64471037,9.729604843,5.90006592,27.86383781,42.898761,113.193909,142.837344,85.32126792,1.34841399,0.22534875,126.5631009,1.919569996,76.05873676,63.40558228,30.5417088
3.250400739,98.75390868,3.270278813,72.31312611,36.40701819,0.600871669,28.23846415,24.58135038,0.348199333,86.63029705,45.93510201,4.4368155,0.934078162,22.42782181,46.62076196,61.51987863,42.7908172,1.645937381,42.88635248,8.871707252,5.76487935,25.7225031,43.08177573,107.7672519,135.2068848,83.59956034,1.296472652,0.222753042,118.2651242,1.913061241,72.8651085,62.20880495,30.04730235
4.726668417,88.62897084,3.449729844,74.60675567,33.85752109,0.56746305,25.82942175,23.15764728,0.383420455,87.34695264,49.93735675,4.84847613,0.91151865,23.56327152,50.82186374,64.77578822,44.62720414,2.616168376,45.2954187,8.552319189,5.659149375,26.06741374,46.55086341,112.233114,130.8195857,81.68507942,1.336807931,0.257307577,115.0933216,1.71026478,68.08790644,62.71186353,28.62067571
4.941312797,95.7599781,4.194584999,84.16136604,31.9482954,0.543304127,23.96990408,20.64331474,0.437077555,92.07668779,51.86156858,4.901353133,0.893048625,20.60829007,57.78311175,66.35364854,47.14210295,2.739142488,46.35002419,8.988584854,5.36656428,26.96134158,47.0342511,113.7138483,136.5794614,81.33758539,1.460221917,0.250536483,114.9693593,1.511719537,67.7022877,70.37499777,28.25554914
4.039682625,98.04801314,4.086892968,88.79127851,30.89288008,0.520297311,26.23897421,22.13878412,0.362133357,93.78363765,49.4633547,5.416597069,0.80148312,20.5801055,58.11359582,61.69043538,45.3382718,2.729283526,44.36808215,8.156926464,5.22812556,25.49908181,45.34804458,104.9152759,130.8127491,81.77155499,2.315016157,0.214252879,127.2057667,1.60535034,69.41918774,74.60400237,28.3767109
3.62539584,109.8810603,3.738049763,91.75863991,32.67799875,0.49677381,27.56900458,19.93392661,0.335472435,93.94637173,46.87667743,4.97985705,0.735943725,18.20964537,55.73267939,62.98698309,41.5536156,2.118173558,40.42510848,8.616429173,5.152785637,24.29670262,43.86204108,105.1270684,117.2388492,88.02039857,7.979411521,0.190003185,145.0492677,1.467120938,78.55368447,77.61567264,26.0919792
4.275850443,124.6421202,3.742131291,90.3801041,30.79980011,0.476638873,25.6395105,18.65224301,0.379793269,108.9634502,44.44825261,4.459505828,0.719472375,17.93625093,51.25576963,56.93555796,40.05128634,1.796858458,39.58362031,8.057131018,4.94947341,22.17732356,43.05061406,106.4371691,114.5417254,100.3890514,21.65252513,0.217950413,151.1661619,1.480049011,80.58077199,77.11407946,27.0069583
5.159239582,131.9194188,3.999844294,89.17473257,28.27717763,0.46575,25.15533941,17.53960373,0.280423688,117.4518975,44.20355328,4.74515415,1.026981703,19.43420971,49.21094129,53.23466663,39.97603368,1.918445513,39.64198367,8.18469141,4.772492494,19.925379,42.97545423,133.6456215,119.3240662,106.6619235,18.78837896,0.457910888,150.2478872,1.361087361,81.65244225,73.08157531,23.467482
6.036566119,147.7812626,3.191824325,92.29206697,27.08256169,0.460539002,23.81694188,20.33825922,0.275965313,130.7491373,43.42775879,4.5208854,0.782165835,21.60755993,49.06217516,52.33718922,40.46505525,1.8711216,39.39452423,8.359767,4.6597194,19.75015829,45.61003914,128.8605737,130.4038976,111.7378699,15.67792766,0.412984302,144.9192476,1.548006188,82.01852035,71.92278732,22.1443335
7.219179066,158.0231691,3.100025675,90.18600794,25.4580262,0.583946102,22.8356272,17.83655586,0.293289458,116.1366413,42.87044813,4.86888246,0.676862325,20.78519182,46.24254142,52.40057689,41.10609049,1.932617513,41.02977729,8.7277934,4.555116811,23.25741531,45.5912657,138.9047651,148.1740703,106.694025,14.269074,0.478957041,141.8978793,1.27244736,79.94977711,67.8441648,22.10535698
7.777381714,145.1497887,3.199405979,87.44108222,27.07006884,0.948922422,25.71701325,25.65729898,0.409699593,125.5900837,43.57009606,5.463040478,0.683051718,28.93863271,,53.45228102,41.25778673,1.718566537,37.40859883,8.724224475,4.377971836,22.48149393,47.93935258,142.5966272,151.3463334,105.6724952,10.55671598,0.484542909,132.4277624,1.24025904,78.83477223,64.97447547,26.13599089
7.370987345,134.7357709,3.711910195,85.91185334,30.42743181,1.644712769,27.38414993,26.49337217,0.464389295,120.9244694,45.0061363,5.646628998,0.65317185,30.22276762,44.7589294,55.377421,43.10896105,1.487447254,44.84918221,14.40066203,4.274347973,24.77015869,50.26418244,129.9965659,160.6031887,101.4572088,12.56400822,0.449523216,131.2300975,1.120901818,78.7460518,63.39445841,26.39418387
6.275486309,130.7767582,4.01246164,82.2449354,31.89756774,2.146711677,26.11369415,35.93548152,0.27941112,102.2782152,45.46259628,6.39205344,0.62066061,37.59108151,44.90895252,57.31327835,44.57167916,1.32735375,44.37258981,8.432359204,3.938903438,27.66930386,53.20952858,121.1366034,152.9474044,96.75968425,10.27738884,0.775368956,136.3528345,1.192812076,77.5834119,64.92049172,29.51804741
5.350498336,130.9397448,3.961603183,83.82599025,30.05668822,1.919869088,26.71335281,25.36744716,0.339473267,101.0019768,44.60360545,7.301305444,0.65325339,26.88937857,45.963969,55.76147102,42.23912658,1.038865905,41.83363665,8.9446707,4.20934536,32.64302673,52.18855434,121.509716,147.4277372,94.65445592,10.899522,0.429267803,132.9682996,1.127330355,76.7159687,66.53331088,30.43655919
4.535760897,127.8782145,3.345952468,87.938948,31.15085039,1.515722288,28.39149862,21.33258444,2.011354386,108.9142457,42.42247458,7.539445983,0.550629495,21.45967324,41.93439255,53.046491,40.47746749,0.843879329,38.48555025,9.433816067,4.050209183,28.9932372,48.97450142,121.3745403,146.5655012,91.35809993,10.20409914,0.383810906,131.7332588,1.117782721,83.59279555,70.19335633,36.57792884
3.51362861,126.0707808,3.00191881,90.2111547,31.25167495,1.21603815,32.68239204,21.29540045,0.27584172,93.533535,39.51551284,7.441281606,0.54702675,21.48762336,34.78065581,49.98275298,37.54412698,0.730428638,35.25738431,9.849116833,3.9057714,23.93887057,44.56350706,123.5202731,137.8808786,89.93415568,8.942989277,0.348198474,137.0238721,0.954381285,79.96898292,71.11957458,30.01305757
2.841440371,126.0721644,2.334997125,88.74519349,35.03212868,0.99440196,28.28443185,17.16545891,0.2423115,98.34677985,36.3045017,7.672841608,0.591141915,18.35114856,,45.90333062,34.72382149,0.678036382,33.01195905,10.21705583,3.905368358,22.98740032,41.03702782,117.8135653,133.422633,93.90140613,8.439819974,0.283145621,145.6231645,0.896153895,79.14796118,66.70675234,24.48366224
2.831278756,120.5808123,2.024314064,83.10084433,29.03995192,0.836731353,23.84787967,18.6392907,0.297926016,103.2832789,33.43270995,7.697931559,0.64079505,18.13466222,,42.38160672,31.87107023,0.641631375,30.95778143,10.26856656,4.227035828,19.5726564,37.73175435,111.7412745,136.0935837,91.19856927,9.401503093,0.249820538,167.4550547,0.88319808,79.68165272,65.01528197,23.85388359
2.4802524,113.3565814,1.8067077,79.8032942,25.91739265,0.715186125,23.06107377,17.27471435,,106.0045393,30.9789684,7.639388778,0.5552955,18.73378125,,39.45664816,29.65278616,0.624276793,28.75581121,21.06527283,4.18585482,18.19188796,35.32108883,111.4787498,135.388546,92.32249791,8.11145288,0.245767391,,0.905257012,76.10649177,,21.37922289
2.20482,116.2040514,1.890135,71.81763472,26.41154977,0.60749404,20.97126345,19.06066181,0.322483613,139.5186034,29.55283423,7.374737946,0.536144063,18.56470168,,38.69056259,28.20674012,0.625317705,29.50040737,10.60617766,4.085289405,17.4964268,33.75002016,110.0244772,140.3729691,93.4127964,7.101882224,0.251729547,,0.92311083,71.01458065,,19.79614485
1.970628169,101.9537577,4.79285732,68.32256345,22.92550718,0.50471829,19.35354465,15.27430608,0.256267365,75.18149786,28.80898984,7.08907815,0.5208165,17.73935337,,38.66081772,27.50569574,0.521168563,31.47096041,11.87778701,3.939049171,18.45006651,32.50848356,118.0491241,138.8975031,88.46382094,5.948022565,0.252990675,,0.820468373,71.90126694,,19.67404322
1.919945493,94.82744861,1.837857938,70.45538297,20.86773862,0.437312698,18.60988643,14.98510611,0.22187925,86.93389582,27.87030694,7.111408163,0.508897687,15.60023442,,35.87486195,27.18312994,0.48162276,32.47812383,11.45083433,3.9600684,15.70034237,31.22852156,100.7938167,129.455963,84.6854514,5.302874895,0.250948803,,0.961911585,61.49762771,,19.8178567
1.969833582,77.72029909,1.942212431,68.55028313,20.53283044,0.384929267,19.0221199,16.60160489,0.217571063,84.64565003,27.2926422,6.493990053,0.496303875,17.29555942,,34.77715374,26.72277398,0.506140988,29.72743031,12.31949317,3.758746545,15.39880689,30.15830813,101.1093145,119.9289461,84.0462372,5.443991917,0.2734479,108.523916,0.926751173,56.61763921,,17.91219987
2.022987656,71.46114921,1.687486744,64.50889358,20.93136375,0.353654775,17.76275325,16.5295298,0.213345563,96.71796983,26.864217,6.492164592,0.484000313,16.74362264,,33.38373647,26.13568161,0.484065343,27.04856945,11.70379935,3.307500607,15.14752616,30.03343239,97.38822378,115.4746558,75.01995396,6.454277304,0.28732725,99.57000934,0.773938463,54.02027312,,18.1428851
2.192686012,71.88678142,1.59440897,63.91814824,19.65208736,0.3212649,17.58508213,14.5895414,0.35148897,97.22831083,26.96226184,5.97474657,0.491980905,16.26457777,,33.24593515,25.77501693,0.487667132,25.99537607,11.94971029,3.277634085,16.73256388,29.69405021,86.61930618,115.5689937,71.55833381,5.612012978,0.335673004,94.65854805,0.721163183,53.67693481,,17.5355712
2.233094063,65.34868207,1.871836896,59.7188943,19.04344044,0.283738613,17.06721739,17.90692313,0.287164238,75.87029023,26.58429045,5.557098692,0.574378695,16.6394844,,33.20800888,25.78968052,0.485910501,24.32373374,11.65454501,3.216383438,15.09662885,29.24018831,84.19832698,113.1555957,70.66780604,4.534289973,0.37889775,100.1917568,0.701192295,50.78608318,,18.60313109
2.09415962,81.05887689,1.780177984,63.78955369,18.96281346,0.275405569,17.78706084,14.89929525,0.254554862,70.3775601,26.63961659,5.258082852,0.54486675,16.01961014,,33.0381674,25.48436927,0.477347619,23.7874369,10.48758273,3.13589475,15.38227389,28.95485823,86.06821565,105.8039327,78.03196319,4.923410597,0.38928426,99.39230004,0.84224961,51.14703885,53.4665475,15.99543963
2.100924844,87.08381963,1.832983628,64.20574553,19.61711578,0.271036799,16.27460664,14.82324354,0.229640893,71.30809849,26.58695292,5.008347959,0.4635306,13.82894996,,32.43788793,25.33919581,0.483252981,23.53343715,9.90795564,3.03652044,14.65002433,28.56893073,88.15585594,98.05865748,68.75707961,5.68645208,0.389973154,92.23533686,0.73882341,51.45630553,56.88745425,17.4731256
2.055248438,56.77333961,1.799571171,63.6623761,18.56019589,0.271321311,17.42784627,14.14798677,0.231487875,68.05691947,26.32476888,5.2985583,0.47293146,13.74582454,,35.47606066,24.48091265,0.477329169,23.52864004,9.667210819,3.045645562,14.61500466,27.79671583,72.82322553,97.89414097,64.36638977,6.2279037,0.427630721,87.4466552,0.69165117,48.4379251,55.72564513,17.07263757
2.08983375,64.66273368,1.691130115,55.55147466,20.08710667,0.267021056,17.20287788,14.56629021,0.220499987,63.92876051,25.87727959,4.77197325,0.46494162,16.13334375,,35.05837191,24.32270942,0.482730081,22.82963208,9.52512048,3.145553191,14.59330571,27.3339972,67.6607357,93.03362285,62.20562399,5.9962341,0.417605509,71.72107287,0.761808645,47.60033243,49.90904644,17.16619014
2.124900862,74.6262466,1.603429405,49.19462893,19.55384919,0.272024774,17.03741725,16.02644819,0.214743623,81.63782895,25.43492278,4.46906214,0.711689895,15.56726922,,32.4195026,23.64187365,0.435990938,22.4639298,9.077063713,3.581157825,15.3076635,26.64105795,70.49312446,88.09212113,62.58879072,4.93258391,0.261718594,81.825246,0.83628855,49.41487708,43.37015419,16.31572693
2.092803732,73.98999122,1.392021619,45.97297155,19.81542656,0.262499736,16.39981822,15.24241032,0.217693575,82.90520369,25.11425503,4.222386225,0.5347188,16.68584611,,26.4537688,23.6850174,0.46199835,21.99299034,8.324796199,3.250957072,15.5563569,26.2442538,82.82104133,86.50360392,59.70638465,5.004357997,0.297081004,82.48407474,0.68938425,47.54711713,45.15134737,17.18421561
2.053363708,59.55336025,1.282037625,43.21073689,18.30750224,0.252319388,16.56654773,13.30124541,0.189705588,80.56880736,24.38250941,4.096798339,0.481064035,16.16293576,,30.48746023,23.05822855,0.426907294,21.91989674,7.626822501,3.081531601,15.0132528,26.13842173,79.38565447,85.9385385,58.53355451,2.371401257,0.267890625,86.33643778,0.706347765,45.289044,45.83561229,17.0024184
2.0134737,65.73355835,1.044538538,43.64832157,18.4541949,0.239246933,16.33687097,12.80434217,0.22655295,74.94107611,23.82764931,3.9696345,0.439342785,14.98225019,,30.20569178,22.2788718,0.4320594,22.234743,7.321632189,2.81863854,15.65171006,25.55236125,83.59940135,84.86526412,60.75264987,1.156720501,0.318258788,88.45118865,0.571414095,42.78439879,44.984646,16.25525057
1.725415425,63.7610318,1.100102006,44.58459139,18.66693114,0.21977792,16.13625469,13.30948867,0.170758125,66.38661747,23.21906553,3.949545006,0.457841052,16.79310064,,29.52652428,22.01865728,0.426576544,22.0281471,6.838411416,3.118644788,14.05513873,24.79132153,73.56005823,80.41072367,61.72955594,1.1401236,0.299051941,83.4736676,0.644007375,42.79086382,47.22100774,16.56966431
1.979050258,55.28271344,1.199328768,44.8599924,18.33913821,0.213266924,16.17443916,13.77676248,,66.43830785,22.79388022,3.643428014,0.483235875,16.79874288,,28.9646045,21.15082631,0.446560543,22.21724093,6.68994525,2.9803086,13.96934652,24.84261714,76.38215009,78.15771967,59.40070605,1.199514799,0.315651372,84.03787193,0.703955306,43.48872596,45.6850152,15.2522338
1.9529991,69.95276328,1.19440251,44.59655247,18.0840114,0.207854303,15.0193845,15.23497074,0.22344102,65.81484767,22.3715358,3.085664086,0.522764044,17.24934907,,28.42173613,21.02957041,0.4398651,22.0579009,6.630590389,2.887720599,13.8083535,25.49290927,66.16010248,78.9022637,55.99973435,2.223542505,0.37044648,79.22244825,0.629566425,40.92080158,45.99096132,14.99952319
1.96025184,71.3638296,1.112308335,40.99864194,16.79010701,0.2079108,14.6855511,16.68047073,0.234194389,79.23773357,22.49992701,3.108942,0.492273927,18.2226915,,28.37915271,20.12203242,0.43823646,22.09238064,6.576146637,2.714819227,14.5783638,26.33082552,66.03160083,84.17976333,52.61567249,3.401316765,0.4310577,75.94510482,0.6249366,48.9047382,44.44546127,15.32551861
2.31491342,75.98793181,1.096965692,41.69846477,16.6558194,0.210656476,15.23942865,16.19832565,0.254638923,80.6915655,22.85761714,2.891367394,0.404274514,17.71337888,,28.50709167,20.59911322,0.446989944,21.8369601,6.734102738,2.668752961,16.89293542,26.70768862,64.43999916,89.19752414,58.65402571,1.057395628,0.380388372,67.48619026,0.58163265,48.01363797,41.5720633,16.22288047
2.892658365,69.621552,1.01174589,42.24365433,17.32600044,0.21205017,16.88436495,16.1729109,0.20693556,88.04214945,23.03652798,3.034669556,0.383018625,19.41259095,,29.7421848,21.42857106,0.4338306,22.99618958,6.826374225,2.645784961,16.19298729,26.9933769,63.14907625,85.57276287,59.43389372,1.084549095,0.392205915,75.0181068,0.623513454,45.38324862,41.85165564,18.4210335
2.93353731,62.63849883,0.954190818,43.05224454,19.1034531,0.209260463,18.54368628,14.70775793,0.212864522,81.46222203,23.38085525,2.957734778,0.38808205,17.88465906,,30.26041217,21.53631483,0.46478745,22.90803495,7.027337676,2.575414238,16.72058093,27.01763084,61.0514787,80.47344941,65.14668064,1.055325407,0.413988747,76.6773864,0.551030379,44.91403403,39.20404798,18.22917049
3.34001745,56.996784,1.180625757,38.73945241,20.0996829,0.200663325,17.89561991,12.75233693,0.144838125,68.58323072,23.76001806,2.70671625,0.369370125,15.48523849,,30.64513674,22.03999037,0.514692008,23.30138378,7.215477662,2.619752626,15.64733126,26.48411825,61.70770203,79.32476237,67.3716528,1.53602514,0.406130625,79.86575025,0.6164235,44.83410683,34.74702692,17.86290311
4.862093584,59.25305926,1.300409505,39.37525672,19.96809813,0.195730425,18.01816569,13.9101462,0.175012515,68.69082659,25.5315456,2.750612175,0.3647295,15.0062814,,33.088419,23.96940957,0.943000974,24.40521374,7.555120624,2.608736626,14.04658827,27.03346704,,84.34690483,72.03765122,4.161698372,0.436492395,82.05893465,0.7322967,49.86467393,34.52215168,17.29047971
6.380042625,58.40617795,1.259205412,42.44741719,21.10711871,0.190914975,17.49308096,17.05394048,0.144354656,74.49947462,28.7212365,2.843223694,0.359710875,17.4149055,,36.99367774,27.66674256,1.189439983,25.95211903,8.55839115,2.557252857,12.87966943,29.07645542,,90.11154992,71.67150746,5.50374588,0.380336006,95.0172444,0.513058725,57.66597293,36.86811795,15.81979106
6.095577375,51.60319143,1.485547847,46.80525151,21.52532755,0.179534026,16.28055686,15.04904468,0.153887681,84.91667577,29.93539275,3.042846,0.35336925,16.09155282,,38.604357,28.46486813,,26.14768961,8.506187974,2.59633404,15.5484325,29.77466903,86.79856594,95.09524603,72.3648621,3.962661843,0.375499125,101.7421418,0.54738045,50.45721255,48.13334955,15.89310676
5.648120142,54.38159857,1.440405029,51.85411849,19.87269849,0.182051099,15.20375346,12.4685352,0.15627735,87.63494694,29.11947064,2.973092379,0.38853864,14.01924865,,37.75193079,27.3416418,,27.35886582,8.294163387,2.478369151,16.2981126,25.11955024,86.90761542,96.54062085,74.5577217,4.3792255,0.350321403,98.50601917,0.4688658,52.31404015,51.99029348,17.43492431
4.616524836,58.9731754,1.185873075,54.5162746,19.83646787,0.168016275,16.8879511,15.64269651,0.160744267,84.79429879,27.36671263,2.760673479,0.35430642,14.32708061,,35.84437581,26.25223182,1.253765943,28.12481117,7.511005125,2.431236331,12.41622675,28.2495681,97.30609056,97.54001875,68.84108595,4.341019402,0.319627122,104.772445,0.427517055,53.90531532,52.82060747,17.881155
3.806646639,62.41789126,0.831800475,54.84812467,22.37958265,0.157432275,17.59670747,14.63624235,0.192086269,84.25545075,25.8635943,2.865213844,0.40176,11.36824251,,33.918156,24.11292814,1.036026788,26.69513963,7.008212475,2.4214545,14.37446756,26.41275608,106.5045684,108.4323976,67.87957993,5.50516824,0.314364375,103.710661,0.418339331,57.63759442,53.14975954,14.95107281
3.353565627,43.51555804,0.5922936,53.43581144,20.19746058,0.1546182,14.1527249,10.46257938,0.121105125,85.79228669,23.8292145,2.947034205,0.378755663,8.500571026,,31.0777398,22.16387537,0.954402064,25.7071374,7.610730552,2.3864625,12.79269351,24.83213996,103.5101801,102.7939613,69.92054418,2.622000639,0.309369372,69.69972414,0.450846,64.32264446,49.722264,15.98373
2.950024388,38.93871984,0.428224521,49.8874545,17.55365659,0.154620225,15.39743635,10.76452794,0.134070083,82.86512079,22.22854364,2.833091866,0.38947635,8.434799966,,28.79596406,20.93312025,1.150763391,23.77761263,8.25216255,2.231378416,11.04558691,24.19202093,95.2854327,108.9364828,79.18606573,2.157447652,0.302844822,99.02129636,0.446958,56.6162853,49.54532468,14.46677784
2.745559891,50.48816989,0.32808105,49.21891399,18.84391493,0.154749376,13.91690241,10.87628513,0.13476093,78.01417231,21.01797705,2.822000513,0.33295158,8.8722996,21.85731338,27.0117518,19.42688029,0.778266225,21.88217444,8.008291661,2.11246488,10.00457091,23.15192358,92.48494464,120.0353276,62.27734542,1.992776176,0.282508984,91.08018604,0.42337377,53.60107979,47.68766359,12.31268724
2.497046063,48.05978472,0.439793081,44.70241948,16.51516211,0.150858112,6.769957857,9.32134473,0.11285325,70.4119882,20.341476,2.80962432,0.316720125,7.036602942,20.30390213,25.3419132,19.05529261,0.636416768,23.08319168,8.665164533,2.245629286,10.66238766,22.03168604,88.20453204,125.8857896,57.24389671,1.830037906,0.2831355,82.88327642,0.41160798,48.67626674,38.565963,12.5147025
2.304151744,50.6275869,0.607356432,39.17167132,14.01344213,0.144912599,11.82051833,10.068678,0.121335638,63.46957503,20.28971602,2.47360905,0.313966125,6.88126725,17.62048688,24.27154473,18.56503178,0.503561244,21.86704856,9.962709786,2.227200436,9.250194853,21.19722534,83.72976591,126.32458,57.5919396,1.48369009,0.278788053,76.37840526,0.42265044,48.78518824,31.84035508,11.60829268
2.26679445,59.19902822,0.517482,36.3674043,13.7968515,0.1371195,11.68828043,9.940887002,0.1293408,56.81503217,19.8428292,2.5349922,0.31003425,7.261895028,16.2338823,23.456979,18.31347326,0.5318163,20.0616858,9.9545625,2.271270376,9.30518955,20.5456797,78.27624678,124.3434645,54.2872044,1.2739194,0.28056375,66.9045383,0.50195295,46.7098704,29.8737747,10.632357
,,,,,,,,,,,,,,,,,,,,,,,,,,,,,,,,
,,,,,,,,,,,,,,,,,,,,,,,,,,,,,,,,
,,,,,,,,,,,,,,,,,,,,,,,,,,,,,,,,
,,,,,,,,,,,,,,,,,,,,,,,,,,,,,,,,
,,,,,,,7.6563792,,49.614012,,2.36623815,0.28596375,,,,,0.350352,,12.5081199,2.620013851,,,71.40780448,85.11596439,90.6353415,0.7421949,,,0.593264925,,,9.437178377
,,,,,,,,,,,,,,,,,,,,,,,,,,,,,,,,
,,,,,,,,,,,,,,,,,,,,,,,,,,,,,,,,
,,,,,,,,,,,,,,,,,,,,,,,,,,,,,,,,
,,,,,,,,,,,,,,,,,,,,,,,,,,,,,,,,
,,,,,,,,,,,,,,,,,,,,,,,,,,,,,,,,
,,,,,,,,,,,,,,,,,,,,,,,,,,,,,,,,
,,,,,,,,,,,,,,,,,,,,,,,,,,,,,,,,
,,,,,,,,,,,,,,,,,,,,,,,,,,,,,,,,
,,,,,,,,,,,,,,,,,,,,,,,,,,,,,,,,
,,,,,,,,,,,,,,,,,,,,,,,,,,,,,,,,
,,,,,,,,,,,,,,,,,,,,,,,,,,,,,,,,
,,,,,,,,,,,,,,,,,,,,,,,,,,,,,,,,
,,,,,,,,,,,,,,,,,,,,,,,,,,,,,,,,
,,,,,,,,,,,,,,,,,,,,,,,,,,,,,,,,
1.9540116,61.0742916,0.2818881,39.029445,9.5044752,0.0929421,8.39202525,6.137397,,105.7286844,16.55929575,1.9106874,0.232767,9.2929599,15.9920541,20.0069676,19.809846,0.46994985,14.98136985,7.867368,1.7587584,6.72138,17.34869745,61.7585337,61.9164972,57.2003289,2.728542375,0.2093391,47.57383125,0.3782916,33.9718752,37.6303455,7.716951
2.795017476,85.57174284,0.24586875,37.48344058,9.075718703,0.09118575,8.39788425,5.835924073,,78.32712577,17.15770183,1.9506825,0.22964175,10.62069843,16.399908,20.83912753,20.85927287,0.43763625,15.5268414,8.483242978,1.660103958,6.2607006,17.2425375,64.06920025,63.30666375,50.11088873,3.892596273,0.265815,48.33075894,0.42074235,31.824738,34.47831388,8.038665822
4.3983,91.24606665,0.268245,37.65003148,9.597500001,0.088414874,8.997688944,5.90202045,,53.66449935,19.14314206,1.76016888,0.3809673,10.33544652,17.20895071,23.09511974,23.44446014,0.448096281,17.3115981,7.52215572,1.60573725,6.183554025,19.0971594,64.54800063,63.65599029,57.75717312,4.2151347,0.38687333,47.96760083,0.4083156,33.31582632,32.86980553,7.6098096
6.670730192,86.01842316,0.349243178,36.96644673,10.31071241,0.086353199,9.075504685,6.6772674,,109.0505025,22.0817124,1.709912025,0.291321225,9.597599969,19.464165,26.59084184,26.67248055,0.4626396,20.2847787,6.74149365,1.60085835,6.03936405,22.084002,68.32323338,66.4358922,60.42425175,5.642330371,0.565138343,49.23151672,0.4165506,33.20774748,31.853304,8.2922022
,,,,,,,,,,,,,,,,,,,,,,,,,,,,,,,,
,,,,,,,,,,,,,,,,,,,,,,,,,,,,,,,,
,,,,,,,,,,,,,,,,,,,,,,,,,,,,,,,,
8.25119055,69.3417996,0.3888405,61.549065,10.86790163,0.162999675,9.102888,9.1912158,,99.64741504,27.65792925,2.259279,0.2158245,15.4889766,29.9583279,34.68729825,34.88963423,1.637996175,21.7964682,5.515359778,1.66779405,9.803754,28.33303725,100.154552,82.07351812,83.38132444,5.869319468,0.61633845,87.31624031,0.3058263,59.6975508,52.92640238,8.113689814
7.676929957,73.53084343,0.3972375,67.85482021,13.04662782,0.257266798,10.1002545,10.25622,,119.846621,27.42012475,2.182501333,0.21413025,13.2544971,29.09344095,33.04154721,33.9228605,1.37631756,21.73700906,5.4334962,1.8987885,10.39632165,28.07714494,109.7278121,90.76200474,91.49909365,4.103375781,0.775664109,106.784595,0.35246718,59.39514,57.53441227,9.6644286
7.300745611,79.94528081,0.39287025,67.15636845,13.96419152,0.308484002,12.09315015,9.45746928,,111.4997549,28.2466818,2.005628417,0.2121255,11.7836451,27.78908828,32.59038939,33.878392,1.230795,21.8542104,5.109308973,1.8209448,11.52828032,28.38776937,106.4205381,102.2926458,95.6223225,3.592008064,0.723769192,143.1409091,0.34853112,63.3089817,56.92613917,10.420137
6.331553325,110.8810174,0.36986625,64.61061525,14.98402337,0.35316,11.08210194,7.99546545,,107.8360182,27.5506454,1.92813048,0.210384,9.5856534,27.09435938,31.2940087,33.13787488,0.89030699,20.76368238,5.089149424,1.635035625,10.16684739,25.97748432,113.4031131,108.1991389,99.23459601,3.148274193,0.371047506,124.4290333,0.353878875,63.34014119,53.03847398,10.78425845
5.321178267,122.3129889,0.543488422,62.23098931,15.460038,0.372755252,12.4255529,9.08945145,,99.21518891,25.7829075,1.840131675,0.2091825,11.70050036,25.86388431,30.03987533,31.3119675,0.744000741,19.50422215,5.40563193,1.68322374,9.033640425,23.42872332,124.5744736,113.7451896,94.45947029,2.725911951,0.381912305,118.4428031,0.38946474,62.11507711,50.01677168,10.37706043
4.052976715,138.3231938,0.3555333,62.31486304,13.10481709,0.34804215,11.40300459,10.36477512,,92.08002972,23.6186064,1.9716048,0.207603,13.07207363,24.2809972,28.2433554,28.70212253,0.626724,18.49135028,6.02179002,1.8875835,9.47345625,20.98853229,129.8067593,118.8738822,86.53123434,4.33093095,0.3208329,114.5464457,0.55004184,58.7127325,48.93937178,9.477102015
3.295920796,131.6168676,0.3204522,56.37351572,11.36660175,0.304491602,9.92471535,10.42500375,,85.8978327,21.68311005,1.99213344,0.20590875,11.154429,22.15127899,17.987346,26.58424725,0.500281869,18.19718851,6.0781266,1.95293592,10.7520534,19.1694195,129.1936789,133.744966,76.2640191,5.349772842,0.289294203,99.33611102,0.5140908,57.15803395,46.04615505,9.98823636
2.767050925,160.5393157,0.320190975,54.24021027,10.08181688,0.271238625,10.43076861,10.012464,,74.29391148,19.7535294,2.06908288,0.20385,10.33365041,20.30413365,24.8451219,23.90907975,0.478792131,17.04476173,6.18290604,1.916219658,10.63281968,17.7000957,125.0873537,141.6318594,73.30488876,5.7127599,0.286983,93.91718344,0.51251616,53.89864949,42.582834,10.5261282
2.346235853,149.4814939,0.380792491,50.61134906,11.75310798,0.229321126,11.37537413,9.14756976,,69.71473656,17.9914365,2.06740026,0.20207475,9.855068368,18.53622225,23.17228889,22.09191449,0.458914944,17.1732015,5.64628725,1.95323076,10.09241423,16.5727863,132.4535846,132.794505,70.03273368,4.9947678,0.29231685,86.33299874,0.55105056,50.9328383,39.36279847,10.63490526
2.102810195,138.4669372,0.39873621,48.38834226,11.70068705,0.193031999,11.43084136,8.79112332,,64.05308172,16.78461197,2.27597283,0.200124,9.873646618,17.72380965,21.69739858,20.42472272,0.41312295,13.66644612,5.18343408,1.88387775,9.448314673,15.52556867,111.9740533,130.275405,66.3849432,4.58379405,0.291446997,86.55844171,0.52155171,46.94772964,36.18048358,10.0076634
2.14943976,133.1213095,0.42589152,47.59923852,12.37241385,0.16934022,11.14601553,10.93373505,,75.38391262,15.83790624,2.4104331,0.287576325,11.59067448,16.958214,21.34015065,19.564416,0.47852073,15.4538388,5.450842688,1.87743825,9.196362,14.9104314,107.3904116,129.4235031,57.37638141,4.42156968,0.29464479,85.98290107,0.472722075,45.531396,34.30431,9.4292316
3.30382962,109.6988513,0.29041254,46.12034889,12.1407174,0.14695344,10.61990622,9.7184529,,77.99855313,15.60623922,3.05878599,0.22016232,11.87274456,15.89860224,23.4797157,19.47347325,0.5542479,15.58885176,5.68404405,1.85884524,9.542043,15.17327154,103.828729,129.768975,55.40040792,4.110165253,0.30185784,67.68417888,0.4453515,45.36412209,33.66057222,8.8342569
4.53222459,84.25036533,0.22173075,48.09531285,11.2613085,0.13662,10.40215688,9.344577752,,79.12351724,15.9402087,3.162620947,0.19528425,10.52545914,18.07079085,25.29507906,20.26999728,0.86688001,17.00535384,5.7136833,1.87718944,10.28510993,16.28147552,100.1721452,129.7355697,57.50422499,4.304119921,0.3144852,80.08282242,0.40566489,41.18685456,32.06905006,9.410624921
6.167347145,106.950051,0.22896,,11.10131897,0.144549899,10.27348012,8.49780855,,89.87143493,17.13242332,3.244164728,0.19415025,10.0109277,19.1688717,25.21966995,22.1215929,1.045535412,19.70606595,6.148595283,1.84771935,9.8230482,17.83781265,100.768873,128.6055669,62.03158663,2.016591044,0.3566808,84.14347754,0.428457615,43.644906,31.2529158,10.7034906
6.357737925,116.7738268,0.23938875,,11.7606941,0.162756001,11.97431775,9.729719925,,79.64564617,18.29089771,3.37399425,0.192699,11.15237343,20.80488976,26.60269359,23.7933612,1.105154337,20.82444824,6.604380033,1.83776666,9.751138727,19.15790564,92.39241513,122.6198952,64.18475913,2.697661765,0.35865472,91.433286,0.412914585,41.02953748,23.28796471,10.63852973
5.768375125,140.4081743,0.244539,,13.3737866,0.180507599,12.172464,9.157695675,,87.23130108,18.60636696,3.64776534,0.1918215,10.52064987,22.43510595,26.99246025,23.93558736,1.046428887,21.11725672,6.030901767,1.78084575,9.6611751,18.67708125,95.04229567,115.1911191,68.71283336,2.792770241,0.36757553,85.59162421,0.385058235,41.763654,35.08311908,10.18317406
5.127345044,117.1712817,0.24341175,,13.8453983,0.19224,11.7783828,12.0800403,,105.6468663,18.11632966,4.164402375,0.1914705,13.75383243,22.50005778,26.44560884,23.62754864,0.639355491,20.42698785,6.0291945,1.75942125,10.2324222,18.2886639,96.39952965,114.6408228,66.0232755,4.550463943,0.367978045,78.03123329,0.3455892,42.25355484,36.75460336,9.878922
,,,,,,,,,,,,,,,,,,,,,,,,,,,,,,,,
,,,,,,,,,,,,,,,,,,,,,,,,,,,,,,,,
,,,,,,,,,,,,,,,,,,,,,,,,,,,,,,,,
,,,,,,,,,,,,,,,,,,,,,,,,,,,,,,,,
,,,,,,,,,,,,,,,,,,,,,,,,,,,,,,,,
,,,,,,,,,,,,,,,,,,,,,,,,,,,,,,,,
,,,,,,,,,,,,,,,,,,,,,,,,,,,,,,,,
,,,,,,,,,,,,,,,,,,,,,,,,,,,,,,,,
,,,,,,,,,,,,,,,,,,,,,,,,,,,,,,,,
3.826748812,85.91872638,0.208818,41.11289663,14.31375131,0.092398725,8.886078,8.7578253,,77.83254876,14.72788744,8.59992012,0.17876025,11.47765748,18.47280938,19.82733593,18.92131684,1.433105325,21.2619573,7.0760142,1.376259862,,16.55756438,80.53726154,92.9772216,60.15564956,3.33021132,0.045765,90.0825837,0.305428725,48.5117046,27.3492747,6.86353824
3.293806983,50.51926057,0.2199285,44.06836076,10.13154372,0.080428499,8.559454875,8.14512888,,93.29196101,14.32187834,8.358292858,0.1776195,11.70749562,16.1641023,19.82943891,18.70466751,1.3104504,20.63923638,6.693678,1.36689984,,16.28789345,79.58894004,90.12187305,59.94865288,2.7801549,0.045333,91.14460774,0.32416605,47.51116155,27.86936895,6.307322175
3.014868404,82.307232,0.229743,47.30909557,9.54693774,0.082151999,8.128107,8.642781,,86.62619115,14.67711999,7.5658968,0.17647875,12.77440605,16.18104457,20.26886751,18.89691781,1.069909865,19.23788262,6.697296933,1.52291016,,16.00205702,78.20721453,91.7463375,60.79267034,2.85867162,0.044388,91.21305545,0.29431188,48.9278556,27.98453078,6.244427177
2.955158131,93.70464146,0.233982,45.9326956,9.163912185,0.072946125,7.499526075,6.9410898,,85.19530797,15.19404075,7.699168069,0.17533125,12.32419857,16.39030853,21.63492788,20.18799526,1.115702989,18.90315225,7.078499966,1.42749,,16.17011775,83.60041188,88.57769825,70.384788,3.754157003,0.04386825,94.09356094,0.29874096,50.58015573,30.04607655,6.439981275
3.813314362,115.742578,0.2453355,50.83546471,8.76679686,0.0689931,7.5533499,6.35607648,,128.2081531,16.30432456,8.12840832,0.174177,12.74609697,18.55374046,23.30257552,21.57136814,1.296674987,19.395045,8.204325714,1.3571766,7.822357269,16.64821688,90.2867367,89.49268405,83.33363593,4.070748768,0.137623053,102.7464386,0.27988065,53.88036113,31.42409505,6.828026625
4.757290157,136.1157953,0.28994625,59.22936405,9.380548708,0.0754272,7.912200674,8.45308305,,148.0387955,16.85005543,8.732097396,0.17201025,14.85016759,20.79794178,24.9324642,22.32918704,1.451244392,20.12448375,10.72096736,1.3430664,7.033310481,18.01210334,98.9931926,105.931985,101.3149094,3.949786858,0.383295822,,0.26243514,54.84260925,33.61967804,6.753121722
4.854519,199.4747878,0.34672725,64.33767035,10.30296442,0.0795123,8.27236935,8.758773,,152.5615533,17.35748342,8.911354725,0.17291475,16.35624723,22.4578575,25.78119452,22.53787566,1.65463155,19.27850999,18.02576696,1.34726328,8.126451605,18.82026886,113.4758136,117.9961258,122.9079785,5.552331685,0.309786753,,0.2552256,56.59609808,37.58268043,7.323600825
4.195198762,186.977478,0.375543,75.84789184,10.84432555,0.080319599,8.0881548,8.25701769,,151.9238278,16.92330767,9.640324744,0.2819934,13.91533422,23.1399178,25.1916399,22.30594386,1.98189585,17.2270233,18.98271229,1.2611214,9.57578895,19.3511208,133.0032652,126.6850864,123.985924,7.349363916,0.304668,,0.26142048,54.76422355,40.92709518,8.0637552
3.763622217,178.4763936,0.36831375,75.5727408,11.98246805,0.0795123,8.8183485,8.04262932,,131.2172724,16.2739449,11.04425521,0.18796725,11.71702932,22.84091171,24.20690237,21.1583988,1.752079481,15.61238429,18.7224696,1.2821679,8.72268757,18.67052624,130.048251,136.478601,125.5864609,6.342553893,0.277776453,,0.28712286,57.6782613,40.73302196,9.961912649
3.32490015,143.486158,0.341577,70.82647352,14.60181385,0.082739701,7.527838125,7.89743844,,109.6008732,15.4861254,12.15703763,0.18684675,10.37608853,21.0835305,22.89152684,20.28998775,1.303627515,14.496489,16.6107348,1.22498298,8.223595581,17.89620885,138.4095295,136.0993867,122.0232668,4.696322484,0.2439801,,0.252072,61.59351278,38.2096388,8.301141297
2.895774725,120.1794656,0.309933,72.76438699,13.40670767,0.088079626,9.862367102,8.08814727,,121.2772203,14.46536985,13.85243775,0.18297225,9.769729532,19.10285308,20.6424141,19.65028748,1.1053017,13.7257408,17.02223856,1.2019752,8.102757668,17.09632543,144.6436673,133.7503631,108.1573933,5.4547857,0.2068686,,0.26267328,64.39602787,34.718139,7.782420079
2.572205625,109.5937485,0.281286,59.79265054,11.71012275,0.092265076,9.203550228,7.05093066,,127.0527617,13.38902474,14.1463727,0.1787535,9.36980055,17.84650124,19.04960146,18.00168286,1.10778749,13.09060338,16.7646996,1.16593398,7.887970282,16.3624428,143.0067005,139.0957313,97.08127142,6.167798941,0.250427703,,0.27303156,62.22449169,31.69405463,7.821046279
2.504986762,109.5547761,0.26011125,56.31370529,11.5965324,0.095355225,8.914622063,8.69616,,137.8917311,12.8206881,13.7478268,0.17489925,9.6465735,16.86220335,17.8683975,17.14360275,0.947835,12.7311561,17.05054044,1.168114533,8.033973863,15.95687445,145.1768508,136.1241288,91.0621116,4.80015315,0.0444825,,0.302789263,57.55043925,29.1132225,7.922255625
2.512145475,99.40333975,0.24586875,54.55489019,11.50321331,0.092705513,9.118984388,6.61228785,,127.466865,12.3776829,13.783932,0.17198325,7.947819225,15.1607862,17.17918875,16.948386,0.767336625,14.77855733,20.15224272,1.073199375,8.3249721,16.36394535,134.17412,155.6838107,92.3437179,3.15889794,0.266208525,105.6021628,0.244037813,55.5472161,29.67976856,7.95982788
2.614112978,85.14996745,0.23679675,53.0604648,11.6614674,0.090594001,9.631720278,6.04753128,,105.8564013,12.05139115,13.69069437,0.2033019,7.543253218,14.68708524,12.02915418,16.36692828,0.578604383,15.64450549,21.99265635,0.96793326,7.405323682,16.78293371,124.9610112,164.7346032,92.78168627,2.230269254,0.289251672,98.64282873,0.24814944,52.57420572,28.55540302,7.823475071
2.321797971,83.22568007,0.23138325,51.71078985,10.97809875,0.088996051,8.895245552,5.84043372,,94.6266948,11.9038491,13.89891138,0.18023067,7.64862345,14.19794248,16.8605954,16.09511051,0.551577593,14.16835463,23.0359437,0.970596,6.599984625,16.95064241,119.1049283,160.637148,91.67652954,2.26656495,0.276288975,91.13229543,0.24492672,49.67005713,28.09558066,7.56994545
2.097819431,85.1722695,0.22615875,50.742855,11.14893788,0.088338599,8.33044905,5.0240736,,82.13586977,12.0195576,13.15270035,0.1643625,7.700054432,13.30095668,16.118919,15.77329908,0.486084594,13.087116,22.2209946,0.946863,6.761270183,16.7832,116.6505262,149.6596026,82.91013228,2.65464,0.264708003,85.88955337,0.23390802,47.74332791,27.0283392,6.71295278
1.94295024,90.53077322,0.21955725,50.40230832,8.71149708,0.09704448,7.53184737,4.3656921,,75.05662556,11.7787662,12.49255224,0.162216,7.67712654,14.1159024,15.37758432,15.30460008,0.56531304,12.1894443,18.77243445,0.88623315,6.22274643,16.2147825,110.6594879,133.9315366,75.3080328,5.601656295,0.27139752,80.01863967,0.2239569,45.39951774,26.26193664,6.32311515
1.948931982,86.26713977,0.2127735,50.2285536,8.579628,0.099954449,7.03084237,4.89525201,,72.31717936,11.95391925,12.23962677,0.16130475,7.7771232,13.292047,14.91933252,15.11853458,0.611940381,12.5414054,19.06704188,0.88181541,5.135537025,15.50665294,112.2097895,127.3758473,70.0553192,7.422632056,0.256725003,75.11921811,0.2081268,44.91909,25.94003738,5.725500368
1.980312975,77.3825817,0.20724525,49.89336342,8.2313253,0.098606024,6.778302369,5.908518,,71.63095322,11.69456333,11.66927175,0.161298,9.885913231,13.02996792,14.62043531,14.94610099,0.5903766,11.7953064,22.23626543,0.86882868,4.977820575,14.65329927,108.5250968,122.7378657,63.10079685,11.783745,0.27867915,70.5574854,0.21548943,45.3906509,25.1824148,5.351092582
1.920591,76.11535575,0.20374875,44.77065685,8.075511817,0.091129499,6.33918278,9.37429119,,68.4019436,11.50036189,10.36248309,0.160488,11.77692573,12.85525823,14.13832511,14.93296999,0.751849869,11.13166068,20.38672125,0.95876379,6.183033234,13.51121592,98.04817722,122.6762323,58.77456909,8.943594712,0.276889278,69.19503493,0.21530934,42.20687997,23.40143605,5.478084068
1.799553617,75.58706748,0.20339775,45.2094669,6.906475125,0.091368,6.3165825,7.84129896,,69.46346135,11.27774711,10.34522651,0.15883425,8.697009632,12.7396152,14.0301882,14.50163486,0.633434631,10.5074596,22.06407924,0.953376075,8.583246,12.56837905,91.05623103,119.1278124,55.41594534,6.866419464,0.2709855,67.13970525,0.22830849,40.4740206,23.57369538,6.93586152
1.800436483,74.69329996,0.20598975,46.12775604,8.176588875,0.090657001,6.83844525,7.01612118,,64.78844969,11.57197219,9.9217791,,7.684308,12.61944102,13.8907629,14.675013,0.4830354,10.0972349,20.08634355,0.9230355,9.33878025,12.0265992,86.35286964,115.9605229,54.59712824,6.20178525,0.254839503,61.5314793,0.218457,38.68672475,24.6480246,7.73749908
1.82053872,93.4620444,0.20908125,46.06289856,8.34158466,0.0885168,8.08517916,7.309856138,,64.72828181,12.05158635,9.51193152,,8.405208,12.93939765,14.13325935,14.66450946,0.42848352,9.86603814,17.18005194,1.0061469,7.94591532,11.89864296,81.71288103,109.4851696,52.58937881,7.363915837,0.23415696,60.85825704,0.2166669,37.48579641,25.04152827,10.15796592
1.82322495,94.7189127,0.2196585,43.04690325,9.87513989,0.091129951,10.0330488,8.8583571,,62.31546713,11.82609855,9.1302876,0.1828008,9.933462032,12.78384986,14.92361561,14.74187141,0.425210394,9.399580302,15.68977914,0.93711384,7.278062335,11.5928063,71.86828032,100.2718453,50.83659902,5.242691514,0.226291953,60.31068722,0.22299354,34.78717776,24.084189,7.8492645
1.86800283,71.23718005,0.240165,41.91867936,12.13576324,0.08755236,9.69523128,7.9093098,,60.2433936,12.0375504,8.70963192,0.151524,9.35938935,10.08261108,14.3889372,14.73491277,0.39507399,9.3679335,14.51675358,0.97966935,7.8838758,12.1030686,69.4866438,92.0997945,49.03714892,4.029457462,0.2502927,58.99614912,0.204953288,34.60224474,23.38827318,7.48141056
2.24408205,69.37226208,0.260874,39.2102613,11.09460375,0.08831025,8.36676,7.66510614,,57.15406655,12.55211921,8.2675215,0.15201675,9.228035667,10.26673752,14.78306959,15.58723849,0.393690375,10.25103398,13.86535843,0.895941,8.4906954,12.69844009,65.66480676,85.23646943,49.23015977,2.649514688,0.311050121,55.01217533,0.198261,34.14968911,22.04975588,7.7589711
2.50370352,54.5376321,0.2627775,38.57028678,10.41785712,0.0927288,8.16143256,8.397683438,,53.21699091,12.94831764,7.708623525,0.1522665,10.49020848,9.5140332,15.48632925,13.83206625,0.39878568,10.8348975,12.9357405,0.849130425,8.07096312,13.417704,64.0826478,78.61060598,47.624355,2.93118885,0.34643943,58.30221672,0.19425285,32.726592,22.32131229,8.6638167
,,,,,,,,,,,,,,,,,,,,,,,,,,,,,,,,
2.394778477,47.38354887,0.25517025,38.2218608,11.94758631,0.11413845,8.969520979,9.758745,,52.38513812,13.89112335,7.141834733,0.15036975,11.30084637,11.55700305,16.5242511,13.25192388,0.358249944,14.02515011,9.593941543,0.86462778,8.718435,14.0274612,61.10467436,70.321608,43.3701638,3.919980488,0.287754747,51.86619945,0.1739475,29.57697655,22.5514368,7.815746769
2.772453125,37.99736606,0.2590785,39.4563312,11.1544209,0.1180116,8.924793821,8.491118333,,50.67775125,14.63463528,7.515852975,0.14880375,10.44357521,13.31264025,16.8351237,13.62042687,0.483327,13.90761889,8.0456409,0.913032,9.12993525,13.95444588,63.27260598,63.0506916,41.88305781,3.7163097,0.2997162,51.8654405,0.184010388,32.08421365,24.45709938,10.69281439
3.181775371,32.75077713,0.2732535,39.10938795,11.92577436,0.117858601,9.682265323,10.04538132,,52.2073357,16.2137133,7.333162589,0.14764275,12.7406547,3.623104671,17.27332425,14.41061537,0.469988768,13.80767613,8.095816762,0.86081346,9.160009944,14.74799344,,64.3464142,44.06377332,3.640247368,0.3405024,53.13193226,0.17929782,30.93505986,23.19123498,12.0038841
2.952378028,35.01683327,0.30715875,41.95197249,12.16121391,0.110411099,9.9937395,9.63623682,,52.8059798,16.70079928,7.089681317,0.20042694,12.97702458,12.76477817,17.9120619,15.109613,0.5136291,14.36518587,6.915100536,0.84929094,9.2229543,14.89779213,,63.89049555,43.84724684,3.576214125,0.330498004,48.14452826,0.18752067,32.12152764,23.83700615,9.660508127
2.653949225,52.01283702,0.34672725,43.88922699,13.16860865,0.098592749,9.88481475,7.70097213,,51.9082344,17.49482518,7.04633445,0.1469475,9.530035236,13.00512544,17.91516362,14.98825495,0.4419954,15.03369168,6.7792491,0.7978176,9.963076568,14.9717646,,66.7396908,44.78099148,7.27264764,0.294087153,48.22254,0.207927,33.34015417,25.96605493,9.2378448
2.306502021,40.67782593,0.34717275,45.2423475,13.0665671,0.092503124,8.966184975,7.62667164,,53.2574001,17.60618938,6.672587625,0.15409602,9.714765635,,17.84438897,14.8172895,0.468374181,15.23237772,6.67702926,0.802883813,8.741990317,14.34220368,55.11150792,67.3915221,44.99186472,8.068836533,0.265976097,49.72953628,0.19231884,34.12414823,26.29770017,10.00682424
2.000156381,49.85804037,0.3195045,44.93036228,12.44127699,0.08783775,9.621059175,6.98783976,,53.93925,16.57874443,6.47235225,0.14885775,8.431603234,,17.7587964,13.9325968,0.628501956,14.12609952,7.03337688,0.81118125,7.058727965,14.00590035,59.4966465,70.00192368,46.7112744,8.99245447,0.269538753,55.28584935,0.2042496,34.943454,26.95305321,8.81123535
2.135905221,48.99464719,0.2631285,45.80638155,12.29870511,0.029818125,9.010058332,6.02461638,,58.6837359,17.85291538,6.30065628,0.148122,8.379929667,,18.1756224,13.848408,0.674609167,13.76584571,7.0373718,0.7575039,7.107086187,13.9662549,63.60831642,71.71242501,48.38995109,9.89600976,0.280124772,,0.21045312,36.90964463,27.9038277,6.18542163
3.20893023,43.2639792,0.21318525,48.74768055,10.41450405,0.000560925,7.32083506,7.58289465,,64.9823915,18.58186876,6.124842,0.14718375,9.076327233,,19.40182141,14.68904999,1.8531909,15.2059842,8.329014,0.8376885,6.12825885,13.52826563,61.8006753,76.52969316,51.71390084,19.50476963,0.09032688,69.605811,0.18115488,40.5029554,,7.560594
3.7907892,45.03434424,0.30001725,45.90897504,8.8623288,,6.582042162,8.85137409,,73.56716597,18.62288806,5.86194246,0.14654925,11.30070896,,20.9880744,14.89985483,3.32904978,15.83439468,9.79656579,0.78807438,6.09689025,14.226003,65.97220392,83.1682296,54.702054,6.488430358,0.227425725,72.41674552,0.18844218,42.52738815,,5.76352854
3.8727207,55.06380044,0.441747,51.3299403,10.848168,,6.78443796,7.963619689,,75.6704592,18.35427097,5.6125953,0.145179,11.43111604,18.31116618,21.2188248,14.41111486,3.74693364,16.24223664,8.024538375,0.751830777,7.51476528,13.65989454,68.64190643,88.63739952,58.0579531,8.002314068,0.26731674,83.2524264,0.1796823,44.5672206,31.45376394,5.4492912
4.536629955,73.86018415,0.4416525,56.63212901,10.38561313,,6.355206,8.4605553,,76.94905996,17.1837666,5.33661696,0.144342,10.8348192,19.1227932,22.10407365,13.87263255,2.983558033,19.00213088,8.038913371,0.84668895,7.845100264,14.10351691,74.77663664,99.8894754,61.09661521,14.26997952,0.271325703,79.37095746,0.1782081,43.76716364,33.51278558,6.7643667
5.115899303,71.70166063,0.41042025,58.83100307,10.58755131,,6.7932459,10.50962958,,89.84372467,22.6107288,5.070151845,0.14397075,12.56396603,12.8627325,23.61235304,15.53364945,2.98835325,20.24746305,8.1697194,0.929907,7.7046957,15.33873105,82.4508677,102.9581108,69.44308717,7.420644096,0.331959371,87.69192707,0.16625952,43.48581055,34.68744264,7.6361076
4.3542283,104.5377482,0.37702125,63.79420953,10.37433591,5.83E-05,7.8326325,9.46658988,,89.29998903,23.1308784,5.034198644,0.14255325,10.29407063,17.80268557,24.93931275,16.08820583,3.128677217,17.62707254,7.566181172,0.818667,8.585124366,16.10398898,82.18969967,106.2225276,69.42000103,6.347931655,0.3134943,88.47626965,0.1760535,46.89393752,35.98355413,3.994845818
4.506641952,126.2060778,0.33324075,64.41261968,9.766899,5.74E-05,8.086122,7.99425828,,90.24308735,22.6881648,4.995812519,0.14073075,9.883417536,15.5564091,24.50752904,15.0594336,2.87599161,16.0289928,7.167663675,0.797418,9.348653313,16.01884365,82.3856751,104.8385604,70.30304417,5.623560089,0.268191,93.03184935,0.16229808,51.1141644,37.1067804,6.695543859
4.66637,129.0693603,0.28547775,70.089705,10.02061125,5.76E-05,8.075481684,7.2807579,,86.5678968,,5.077674,0.14039325,9.173184265,14.9797026,22.9318236,14.7375936,2.319869461,15.8514435,7.839411272,0.77462973,7.631948087,16.35908459,87.71271408,107.260971,73.40493996,8.8547391,0.260136222,99.586314,0.16869735,56.827266,42.40472022,9.167325236
5.670144062,126.5482103,0.2423115,78.22944861,13.08019553,6.05E-05,11.38365366,7.42885506,,97.55266971,,5.77527435,0.19409274,10.80863906,13.93450695,22.34365724,13.89569917,2.422252814,16.96472316,8.08846992,0.889668563,10.89007769,16.91500485,95.5693512,107.6178229,80.8730055,11.84169571,0.265356,105.9702453,0.160922025,68.47639961,42.983892,8.06949702
6.279846816,119.7455664,0.22619925,86.07567873,15.6260664,0.0002322,9.857373815,8.1398304,,105.924235,25.0930224,7.224903052,0.1762722,13.21472475,19.1289028,23.5618929,15.45509492,2.666008815,19.3934412,9.237406538,0.92230731,7.684865937,18.91482406,111.8151025,117.4020775,90.28756125,7.046656425,0.312815022,109.1582866,0.14695425,80.61619906,46.42371563,7.9859115
7.79637744,146.7664252,0.2598345,92.21877316,14.11565229,0.0007965,10.13708941,10.6931664,,149.3471959,19.30879639,10.26213374,0.148581,15.51382875,23.02066913,25.36209019,17.57898656,3.038490017,23.32947459,10.4077143,0.92314728,9.644017883,19.98882293,125.6213005,130.3770143,98.11840436,7.0343694,0.46250109,113.4405906,0.167643,96.33326134,57.05256357,8.3862702
7.685678925,176.6455614,0.35431425,102.5334396,16.7721661,0.001036575,12.64267927,11.98900899,,165.4928859,19.8916641,13.40573355,0.14766975,17.1438656,23.60589931,27.67976347,18.24703065,3.094585219,22.60880572,9.888033328,0.96197868,12.22049108,20.00271213,141.3367704,145.4917834,106.0106346,6.8488335,0.816536025,126.344829,0.17913474,102.9998803,55.55037582,10.72159065
7.0550865,188.6932908,0.41456475,110.82625,18.04103989,0.000810225,13.00800856,13.31590428,,222.5716119,20.31653745,17.2356056,0.14671125,19.21399785,27.3073194,27.80650101,18.3329325,2.874132205,27.94242807,12.252168,1.14242832,15.0088329,19.08761418,146.2738257,158.4780128,118.4040795,7.632304721,1.087595541,141.1215128,0.18606429,137.4127062,57.0434141,12.79247077
6.53360256,209.3227353,0.4012335,119.0376988,18.74917773,0.0009801,14.81993685,13.72963061,,229.7716366,20.1022668,19.99582943,0.14627925,19.4676129,27.89998911,27.48979782,18.48298959,2.45954556,28.03099392,13.8503196,1.114719638,17.92457505,20.06358012,150.5820193,168.7015512,132.9679129,11.47492004,1.16295588,193.948553,0.1957608,145.7921463,54.04263705,14.57612516
6.130607175,247.5899244,0.37495575,128.8946874,22.70275775,0.001413,16.70933543,11.07596754,,261.7913844,19.9728288,25.66932471,0.148149,18.84670205,28.13707373,27.44113545,18.607158,2.489998481,28.80011907,14.38879896,1.1455587,17.94726009,20.88092182,175.6452308,185.6750369,168.386094,12.88833849,1.090095308,222.2811367,0.1957932,164.6295476,55.77470663,17.04807324
5.482620723,288.7274997,0.379835976,141.3498877,25.977105,0.0009594,17.9783416,12.38340663,,256.6769999,19.37885513,27.86067144,0.152631,22.59612653,25.86998858,27.17541966,18.44675548,2.355386417,27.45850932,14.41489635,1.12154625,14.97755259,20.81816569,194.0460387,211.0608544,184.641471,10.51065172,0.950524643,231.096214,0.20170026,149.7226275,69.17444145,18.20073321
4.655989167,345.6273375,0.888443302,136.5212277,23.91894012,0.0003033,18.20066972,10.8943758,,237.9847068,18.2858006,30.0991761,0.1575855,19.45921315,23.40448425,28.15370865,17.17216875,1.743995938,27.42859935,14.02073604,1.10215215,14.11114972,20.43861102,236.4673079,218.6222346,189.3906927,8.417588464,0.827927106,227.2032828,0.1934361,148.6247677,74.69557852,14.672799
4.3546005,361.2337339,0.75302865,125.5973588,20.32277688,0.000162,15.30215955,10.0192302,,259.3816236,17.12780316,31.997916,0.15986025,15.8775876,21.91842261,26.49335121,15.7517892,1.41201144,26.60087925,15.6000897,1.010565867,12.9113028,18.78862986,249.5293432,239.2815168,177.3018413,6.7463901,0.7704882,,0.197479688,166.7596386,64.0059327,13.02945784
4.679236758,346.293676,0.891245679,118.4479362,18.20837329,0.0003501,15.64068285,9.99843048,,249.727809,15.69203766,32.42048112,0.15946875,16.39182015,21.3213735,24.00717897,14.13552533,1.146329989,26.8509357,17.6336055,0.93189474,11.79001467,17.35852179,258.3357667,248.7958929,163.4313729,5.786581453,0.805683145,,0.16662024,174.7005324,50.47855943,9.62156961
9.274677244,276.8642992,0.90476953,100.816953,17.5251708,0.001313325,14.64292674,9.81343674,,236.5539163,15.2464977,28.8357948,0.15655275,14.69460956,19.92795056,22.785786,14.58372155,1.366636039,30.24201437,17.83237021,0.89598852,11.64190725,17.08313192,240.6156429,283.6430012,155.9701018,5.801418041,0.921888,227.3017039,0.1843803,156.6275496,43.2572049,13.611078
8.444620866,261.9066433,0.888758345,91.13205024,15.63965269,0.001447875,13.43800152,8.7498684,,216.0280953,16.41701439,26.50027028,0.15246225,13.50780304,19.83820144,23.55367698,16.12316299,1.31544,28.9833147,17.6143248,0.84637872,10.72335348,18.9639364,222.3751735,288.2617697,150.2821485,6.611771212,1.11874365,206.3646727,0.17918955,116.0887832,38.23767486,13.9177467
7.930351192,265.6006596,0.92793148,86.15237674,16.7720436,0.00114525,12.59013402,8.786435329,,264.3080094,17.561765,25.24150081,0.14796,14.18443164,20.8296506,24.6569627,16.8377373,1.443420013,28.28965226,16.20734467,0.815349375,9.519429447,21.30785531,209.5634035,287.4762294,142.9077128,5.444057737,1.009330875,177.8457088,0.18972676,91.82372169,45.15218479,10.83746805
9.780117373,241.6885236,1.15550955,83.46021141,23.93061435,0.00444015,13.48867755,9.441434627,,205.5752945,20.20647082,25.03502079,0.1436265,16.65144499,20.43491828,26.78297535,18.8861463,1.365483585,29.34100935,15.17562579,0.854936521,23.0045346,24.12901508,207.190602,244.5248797,144.09194,5.168830725,1.0199358,146.8856565,0.17289001,82.2475296,41.29595662,12.42415665
10.1568357,230.5175115,1.115740829,90.48445068,18.6541623,0.018887625,13.15515524,11.86592085,,170.9328698,22.9084389,25.49946825,0.14150025,19.59438438,23.92455528,29.4445773,20.37138336,1.45297098,30.8919042,13.34765722,0.901478669,20.86593353,27.53800224,191.8450735,221.3574929,151.9767563,8.2598373,1.331303392,,0.179636615,79.7182911,53.8737669,14.73262259
10.06664018,239.0842251,1.672742475,91.19525345,18.263124,0.060758775,15.71794875,13.90659129,,150.2064028,24.9317136,25.638336,0.14177025,23.0199111,24.8370705,30.86124184,22.54660245,1.69550773,35.40992963,12.14892005,0.976455,18.27832973,30.4585056,176.7505653,228.0921542,137.0762963,7.24212225,1.48539285,131.9117184,0.180991361,81.28668187,,15.28115481
,,,,,,,,,,,,,,,,,,,,,,,,,,,,,,,,
,,,,,,,,,,,,,,,,,,,,,,,,,,,,,,,,
,,,,,,,,,,,,,,,,,,,,,,,,,,,,,,,,
10.15628617,239.6277083,6.091264866,151.7953905,51.9655689,3.017671209,29.983122,18.58681114,,193.5527474,34.18140871,37.01562503,0.1546695,26.8226748,32.82908257,40.301604,28.79485145,1.74701205,50.4562905,12.2355468,0.996091238,24.67395912,44.69951941,206.225165,268.8906321,173.3597316,10.0860795,3.216608985,191.1424554,0.270171436,135.0807938,92.95835944,29.28078653
9.47016198,262.2787068,5.998478336,162.2929572,54.19265716,3.035421667,31.58912123,19.4661414,,236.4509744,35.07838651,35.37768931,0.1585305,30.29819902,32.867694,41.04339784,30.895506,1.607353854,51.0849889,11.8348366,1.12946238,25.49939184,45.07019383,216.5792742,276.6031983,192.8780843,10.01285114,3.059547286,200.2131932,0.3141936,144.1019019,84.63883266,28.07562164
9.1575468,316.5082209,5.522009907,170.261248,58.71981602,2.925128243,30.21030675,19.379682,,309.1996839,34.31567285,41.68936217,0.16173675,32.69040914,31.15418707,42.0437493,30.98057255,1.620118145,53.642898,10.72568628,1.28151072,28.69485827,43.37290271,239.3745972,306.0972606,208.5461978,8.95797252,3.02535921,213.3287146,0.2773764,157.7964384,83.82974988,29.3465025
10.0394559,307.0357515,3.783013251,175.1161361,54.91963329,2.856411232,30.81715403,20.73620304,,262.5883024,33.46659372,44.8725285,0.1652535,31.94798956,31.40014536,40.52334017,31.08300066,1.824613631,56.9827791,9.775445359,1.22509665,31.50349663,42.24497034,247.6432816,301.5015912,268.0664935,8.379541732,2.804912534,234.6350323,0.35224632,165.4983619,78.3042741,32.93229698
10.44943133,319.9949638,2.9204307,157.4619431,45.90228805,2.4847128,34.011591,16.53831756,0.0124065,258.9777563,34.57970865,42.3351593,0.17010675,25.45833562,31.78903524,33.7206726,32.41327469,1.660659992,61.0333104,8.909147661,1.1645964,30.31808772,42.16839089,256.0033775,302.1920388,252.7466674,7.12564182,2.789743275,234.2998065,0.371736,160.3127801,71.96817032,32.0958963
9.719775078,340.2511778,2.826051525,137.7710658,40.34285344,1.841113796,32.2605828,18.32580666,0.015073649,272.3918547,35.83876538,48.11839967,0.170694,27.13525665,36.94797733,32.89445565,31.91458379,1.23946875,57.50513443,8.566664437,1.2738195,25.02085647,40.43734892,272.7142763,324.2435994,243.9646085,6.0406285,2.960693984,224.493985,0.2955744,144.3804473,65.18861454,30.60971086
8.94958821,358.419603,3.4939296,131.5146618,41.97089844,1.4063085,32.30477667,15.6142377,0.0113805,273.894397,35.21458316,50.3326791,0.16643475,23.46669698,31.45632652,30.83163346,30.62513124,0.99883476,54.0739854,8.366673263,1.163163375,23.41496322,38.9038248,346.2364623,316.6943579,241.3175683,6.90579,2.8965519,209.4593175,0.300903863,126.6957947,64.0480041,2.11029975
16.02354953,352.6676218,4.753563254,123.8606801,43.7641785,1.50814305,34.9998354,15.95941211,0.0108405,239.1406403,38.08305329,48.24998063,0.16069725,23.31341993,29.48369189,31.93414877,32.94350807,1.0076643,61.560891,7.4839275,1.25096621,28.08013963,42.4215795,286.2236678,338.7159849,230.2261947,7.227359955,3.113123414,184.8674394,0.29785455,112.7603168,63.4233159,32.81446184
16.9645104,336.4581354,4.21962912,126.3571742,63.425349,2.08553859,45.52551675,18.841977,0.02117826,257.1841955,44.40887694,48.41681175,0.1576935,26.02587024,38.5614918,36.67599378,38.27590121,1.1546091,75.40509675,7.5526425,1.919939963,27.96856695,48.29886713,282.1534358,357.0518519,219.5237032,6.80450004,3.3333498,179.6956545,0.269699625,119.9346718,63.852165,37.22172851
21.95253889,338.8230391,5.7407724,134.4629913,74.2196023,2.478670419,43.5538701,19.67703705,0.029005649,281.1317026,51.94833207,55.5337944,0.22626216,26.11540808,23.07243832,43.86347242,45.0977945,1.142158484,79.76792288,7.5631212,1.96388442,28.52095455,57.055995,294.006175,356.558787,218.6740627,8.2193373,4.396889234,172.1617875,0.334692,119.4044977,69.57493283,34.74667125
18.6944922,350.1521311,6.497320142,151.1650178,67.08602096,2.867200882,35.37552133,22.26579597,0.01714365,265.0540272,55.72320348,65.01005786,0.163917,29.3754978,41.57867025,49.13920122,49.08976784,1.177566317,81.6947937,6.71515299,1.68711687,29.1236553,64.17237562,300.0242155,340.6372553,240.4229688,8.282087497,3.469993889,174.0328605,0.33107994,124.1690242,84.897072,34.82278128
16.85928004,372.3450404,6.8713758,168.5520284,63.5335846,2.983464007,32.86737016,26.48731617,0.023148899,260.6109725,55.65636042,66.52667486,0.163998,35.03365433,43.5080295,50.66637438,46.65582627,1.482975018,77.03582078,6.58744326,1.46097216,29.78183416,65.5775818,295.9186252,355.4478283,246.0404938,11.67109222,2.837661537,191.1362508,0.33939054,142.3680712,101.8158586,33.41564415
17.40425388,390.4098264,7.2333405,195.0117687,53.92437594,2.68029,31.83208756,22.01749965,0.012987001,296.9845852,54.85577556,67.7990304,0.174906,31.63412557,48.28138606,51.52108206,41.27174959,1.744113581,72.50844562,6.85135935,1.39283955,32.21168679,66.68046039,298.0303114,378.0031941,264.7053826,15.55140546,2.743768112,228.7090391,0.33475491,170.8569392,103.5191138,34.14635352
16.60413519,393.6945168,5.49835776,195.0444997,53.3397906,2.23459587,31.90341384,21.93396368,0.01672164,326.5719141,52.67044847,70.83507713,0.179415,31.22367534,49.43303208,51.8780052,42.724773,1.91786616,65.8632222,7.7572404,1.5562854,31.92712443,65.74614401,318.0683363,387.8148051,262.8143068,15.32360025,2.94876288,278.7011453,0.360841163,207.0302069,102.2441832,36.96025815
14.22036,391.5205163,4.95658035,195.0881102,51.46468819,1.808054325,34.31895345,22.23251753,0.029295,357.3250727,49.8282624,62.75615807,0.17630325,32.77147748,46.45861988,52.6801833,39.47193653,1.9222866,62.9079885,8.6469444,1.504389375,28.30750031,61.97806937,340.7265972,423.1995323,281.6820906,12.09558015,2.716809863,312.9188136,0.3708612,190.977588,100.2815613,35.27694261
11.76199299,424.0789297,3.9672747,198.0063647,51.16737328,1.4801481,30.53244638,23.39970687,0.028553626,350.5113108,45.36090857,57.11448257,0.17417025,31.97556682,42.37930312,47.17999044,36.33762636,1.83840975,58.4361844,8.201299981,1.51535502,26.17031012,56.34409817,346.9568329,463.98629,296.338095,10.85097668,2.343918617,307.5504593,0.40432392,181.0625156,95.79096387,32.2194483
10.02313072,446.2228057,2.677582756,190.0130907,44.0288498,1.376777253,31.32895968,18.81466758,0.018809213,342.984916,42.88455958,63.67148604,0.1720845,23.91422047,40.88712939,43.47342258,34.46723557,1.294199987,57.2831298,8.074161,1.65695868,28.076895,52.50935365,359.3953868,476.5736939,295.3744988,11.1796173,3.5825976,282.5732574,0.375084,181.603232,85.66610129,34.0982097
9.2238993,427.5985429,1.808568,174.9975946,42.26381145,1.546452,32.599557,18.13998402,0.01071144,322.9793263,40.19690955,60.0723091,0.16918875,22.7874222,43.51551718,40.40914637,33.5208456,1.0673775,59.2604127,7.53377625,1.93031154,26.57182158,48.80158403,360.2506107,477.6851232,,10.16318664,4.50323415,269.7081697,0.35478,183.5378943,74.52632694,38.52317895
9.57767058,405.866316,1.99873548,155.4647866,42.7308696,1.71361062,35.8004556,20.121075,0.0099792,312.781824,39.535128,54.27675097,0.1663875,25.01989614,42.47359202,38.4496875,32.57374664,0.956620789,58.87672515,6.200137098,2.36600595,24.850962,46.14458112,350.0929642,455.0126161,279.4237236,6.724773513,4.05482436,266.2407668,0.487029375,167.5108081,64.78260312,34.15408756
12.85425652,402.7711514,1.738044933,141.6644883,41.84266613,1.9157391,32.56840007,20.44328652,0.009615375,355.9419506,42.58730485,47.65355284,0.16455825,26.59043865,42.73034416,38.9141997,33.851115,0.915147686,63.32186306,6.273144702,2.49836157,27.65965036,46.57014482,336.7739311,450.3279429,243.3020423,8.18596243,3.1345839,237.0271958,0.522747,144.5243031,58.88386995,32.06383419
16.7159322,377.7671563,1.89755865,121.4436038,39.7337184,2.026960196,31.13919523,22.21362387,0.01326375,292.4202974,48.13855922,43.10565412,0.16462575,29.86075111,44.8949223,43.80624957,40.54493983,1.189400639,70.84634344,6.380081127,2.9618298,31.09457505,51.45499383,326.6521042,424.2369849,211.4525088,7.74961398,4.0186044,193.5468477,0.55683126,133.1775352,55.58227081,36.80599708
18.03661425,317.026797,1.19331225,114.9705493,41.43334704,1.7442459,34.904844,23.79573504,0.021287475,249.9398958,53.89105466,36.13096267,0.17169975,31.5058761,49.57600374,48.44562336,44.97979336,1.19880405,83.13624601,6.199885601,2.824075125,32.0198454,56.39310756,284.62246,406.8014059,188.7613245,5.447068473,3.555213525,173.4148278,0.53364015,125.7568658,55.20272596,40.13350115
17.19785937,291.1844068,1.265225372,115.5939541,43.2603045,1.357818747,35.84538563,21.46038848,,223.6765188,54.05247045,33.3799417,0.18227025,28.91836611,52.31595872,50.94997703,46.25314314,1.05803415,74.9589498,5.4270675,2.447534475,32.29387785,55.62948107,261.0919427,397.5966555,174.6090118,4.28680755,2.79334305,158.3258993,0.6550551,117.7352496,58.8840739,39.00599353
14.96647631,305.9428867,1.088696724,116.4047342,40.32551905,0.89056395,33.9286563,21.02340609,,210.3109035,51.0205534,31.836969,0.185841,29.3012694,52.10566237,51.0210712,42.26769596,0.7324668,67.0992174,4.754767523,2.4043635,28.63033725,57.01668877,248.5533211,345.7547492,161.4607108,4.490836926,4.784652016,156.059042,0.640548,119.4479273,61.78360578,36.18110356
13.5132192,276.7801023,0.72605754,115.2609658,43.5225015,0.54284472,32.27006871,20.75357295,0.061363575,202.4399174,47.7273654,30.5953524,0.186597,28.80194436,43.81484778,49.9329117,42.51553139,0.57035664,62.53294206,4.6238742,2.442277575,26.3954808,53.76179793,222.713388,301.6247155,153.4864289,4.93468065,3.308742,159.8628623,0.560725875,121.9403792,60.85451378,33.223338
12.3343831,260.9167118,0.829262682,113.0056725,40.61185361,0.334889774,30.86868212,19.24763148,0.02925504,183.4650749,44.46805983,26.51540535,0.1932525,26.69142068,41.23864712,48.93068387,39.4676097,0.459365618,66.580218,4.155489,2.36113272,25.08617183,50.12266705,213.2515048,295.8994124,127.0358944,3.16467,3.74011427,160.2615359,0.6852195,116.3510264,55.6010676,32.69957445
13.64057089,258.5036711,0.745607268,97.72564298,44.80271393,0.217778399,33.6007278,21.5331048,0.0172773,171.5796329,44.2637197,23.3667504,0.20647575,27.08133128,41.69480881,50.03306086,40.097106,0.407942993,74.16683861,4.06461827,2.75827032,23.50116076,51.67898215,210.4138026,289.5356886,144.3208135,2.72511405,4.674489769,,1.06245432,107.1191063,51.61380806,32.901579
15.46878263,245.2276013,0.748756817,90.55332836,41.52179273,0.1367604,34.05380203,21.2729166,,176.8038904,45.48435066,20.91281876,0.23269275,25.94240055,43.67682,54.55869021,42.10176926,0.949457267,66.608325,3.893701481,2.43672462,24.54476108,52.1287704,207.0108533,261.4371583,134.5758025,5.222161315,5.4192645,,0.76455981,100.2397912,49.19003472,33.03796844
15.19477142,216.7224256,0.762873734,84.79773632,40.10840064,0.066728475,33.18690392,16.95085272,,157.5239738,47.34518582,18.7123284,0.26359425,22.28958914,48.49971877,57.90372145,43.82382339,1.32335775,74.65503118,3.835658268,2.59528698,25.77997448,51.97026993,192.7382734,252.5890838,132.1829712,3.115266107,4.8926862,,1.0067814,96.25869449,50.04745732,34.65441557
14.42915967,193.4905401,0.563311815,85.49536772,41.22880631,0.023670675,33.84110345,13.95601947,0.033704775,146.5499606,47.45539089,18.21695184,0.277911,22.420881,59.397705,58.3624764,43.03405802,1.56922785,70.0554744,3.72617172,2.5072578,22.73708828,50.3202618,177.5986066,230.250735,131.6477914,3.201179882,3.734808316,,1.08706941,93.42357752,56.38141026,34.17175142
12.36646225,186.6528774,0.415502116,86.99209994,41.73619571,0.0059778,37.20577752,16.22097225,0.031384798,148.684329,46.16380092,16.84135395,0.28752975,24.44872688,61.97714691,55.59943015,44.81140917,1.618012773,65.78622363,3.7102455,2.211867,18.94266479,48.30134432,161.2263744,213.260418,123.1124468,3.934067368,3.719821035,,0.840999375,95.69720943,61.94987964,28.88496113
10.58483599,181.3698125,0.54219375,82.9570869,60.5896848,0.001145813,28.82075918,15.76078965,0.041925938,136.3713678,48.20413545,16.6667706,0.29453625,23.3547867,58.94452822,50.12422965,43.18691346,1.6540065,62.56384923,4.765041675,2.086293713,21.5177985,49.93750238,160.869861,200.6406076,115.5254265,4.5999009,2.424048188,,0.78592275,99.54301379,64.990431,24.0371064
9.133786203,176.5464343,0.699292575,83.81432754,35.49573738,0.000321975,26.12093147,13.90487148,0.0495315,134.5484698,45.80664896,14.8107744,0.30048975,20.4056139,55.30137631,46.46894998,40.37361738,1.564444776,58.604418,3.43355544,2.11274406,19.2205926,45.71430818,164.2221103,196.2486905,113.6495705,5.20123275,1.958222035,,0.75209904,99.69323427,60.6850137,23.46654375
7.595351841,181.205015,0.566862539,79.86018827,29.54453778,0.001626075,26.6699412,20.1610728,0.10714005,124.0788791,41.9065542,12.52341756,0.30556575,21.94350127,51.2467074,42.9006564,36.19572508,1.318443729,47.2593499,2.96865162,2.4564384,18.37093176,41.91443974,161.6612264,192.8231244,112.9125957,5.450655556,2.175441963,,0.68214447,100.5763628,54.87459752,21.80979338
6.0836886,183.169165,0.654937635,75.42770276,35.632953,0.009641025,29.29975804,29.09208393,0.190998,133.1636196,38.15545924,14.1085152,0.31687875,25.8605826,42.89379969,40.59088353,32.9377104,1.124764217,41.29147125,2.68721712,8.61544971,32.07736688,39.76303588,161.278924,181.5607937,115.5528223,5.137640593,4.287042023,179.8971174,0.69240636,94.9227252,48.80477486,27.28051326
5.55805395,174.3514378,0.386653709,69.52591067,36.81664089,0.0371952,39.1011408,28.73075751,0.186333743,150.694573,41.27231277,13.91050476,0.34992,24.78781792,40.49496331,41.52140028,34.43045787,1.078496985,52.7472779,2.73327264,7.71221169,39.40096433,43.0017417,160.1150522,178.5092753,113.0502917,6.23161256,5.614553218,125.9350305,0.946674,92.79530879,47.1522546,47.63427129
5.9315814,167.4255965,0.5797413,65.40614421,46.07797563,0.0899181,54.76810972,27.3918807,0.44446949,134.5563236,45.5456041,14.68117656,0.43223868,24.86604906,42.7021779,46.58937735,38.38726014,1.108675783,60.78894075,2.59905888,6.8032872,37.79163338,45.78048062,167.8518677,184.4558001,121.0755584,5.46080535,5.40388125,105.0815274,2.168532,85.95024803,45.8891784,73.82351664
7.322602884,160.0454032,1.5107391,65.05215703,64.9217592,0.2206494,68.5309248,28.0370673,0.395789639,129.5219333,44.29171735,13.85983791,0.49559796,26.6876776,48.65912607,50.34810323,40.60448674,1.086875984,72.46798482,2.20904064,5.9018382,36.63476119,45.84793421,180.8407642,188.7546078,110.406162,5.276910375,5.03337445,109.6201107,2.92402656,86.07167525,46.0736208,60.49954044
13.13298563,168.1977333,1.75377825,67.3241004,70.9165125,0.520523999,65.88393998,33.28668675,0.3612438,123.253835,46.755873,13.58630064,0.573858,34.47699401,51.81949836,54.24470237,43.98959105,1.206575984,175.7995016,2.01807612,5.3244,38.8962486,49.54544899,152.3963284,187.9843154,103.0202712,7.002050805,4.159415475,113.1948227,3.32588592,83.734398,49.99426771,57.84032205
16.1528094,170.4395872,2.339371125,72.80293089,74.54004455,1.842237,65.61009205,48.80874348,0.5385589,133.5057641,55.698759,14.44636296,0.68673825,45.90882326,60.60464498,62.59860268,52.03041709,1.64975267,163.153845,2.11121856,5.4613413,47.69631969,55.97776485,165.713067,185.5245415,107.717783,7.952521554,3.613138401,127.887306,4.67476758,88.03265577,53.47922369,58.03699086
14.02993363,174.1596326,3.083300958,77.9981824,70.74280263,2.36721983,62.74957977,42.76142111,0.547071721,133.9747823,60.07342727,15.12730755,1.4983083,38.68758304,67.94207507,67.2483654,56.73394914,1.513332019,365.2638664,2.05003259,5.3115237,63.89762015,63.12522626,148.0723767,178.22138,112.2091785,7.76586673,2.87810773,127.2574983,3.97417185,90.51602453,59.0263146,71.07340748
11.45128104,181.397975,2.80045674,86.847174,73.98957855,1.83359052,77.7442698,39.3992586,0.51893865,138.5967996,60.5892555,15.51084876,1.3969044,38.43927306,68.26729358,68.91396167,55.39462776,1.22846976,181.389348,1.94430375,5.211945,60.86734875,63.4001904,153.8839239,187.383307,124.7229225,6.87787524,7.66412712,137.021045,3.3734961,96.96277044,66.93480713,80.89990506
9.96643116,178.2849571,2.97023409,91.8694694,88.43673424,1.4056362,83.83285188,42.0213825,0.51437025,183.3378479,59.06947277,14.16134664,1.34264925,38.364138,56.81937647,69.3068076,53.95368044,0.89138259,99.4910121,1.79766054,5.549051813,60.75141021,65.91571211,164.2561602,186.3023456,123.2485335,5.612938151,2.14801308,146.1262453,2.7470772,106.8833524,70.00488668,77.23967868
9.78786315,195.4355197,3.1730211,87.6426804,76.73528848,1.03523832,80.7415884,39.37656564,0.52531875,153.9007743,58.10901527,14.70120016,1.3052124,36.89919576,61.72550955,70.25505354,53.39775312,0.821073836,120.7741388,1.759077217,5.33584746,61.84091772,68.33179752,150.1847236,180.6687502,112.8468159,4.616772348,2.33189928,145.6931178,2.7832842,109.3305679,70.83652907,77.82092955
10.50462432,200.0703521,3.37634082,88.13062116,75.87419718,0.74476584,77.682132,35.67960866,0.5153355,155.6321105,58.71384227,15.25673799,1.38343275,34.035309,68.06380187,67.13857206,51.1100831,0.74431332,119.4655867,1.79074071,6.28832295,57.58586298,69.6591576,156.289662,186.3254016,111.3454561,5.023317555,2.2131198,151.8363563,2.43352836,113.3511624,68.52328814,77.93750988
9.590709691,213.874776,2.30950035,88.05655329,77.50436099,0.5389956,74.90463525,35.36795394,0.49923675,161.147475,58.6656675,16.91872313,1.42837344,34.53072941,68.10444407,66.7751364,52.71468255,0.756410635,105.5386732,1.83859551,6.35587155,55.86718028,83.87553375,162.649296,197.8087932,114.1271573,4.479670083,1.964669386,149.2089674,2.78002368,112.8610476,68.74927248,68.17070467
8.350331706,206.2608493,2.294476875,87.8685786,71.61530274,0.47895705,70.95420689,39.4778367,0.48692475,172.4190624,,18.61625511,1.46930382,36.81499871,65.87434755,63.7068204,51.53791254,0.69358275,95.85945319,1.76668128,6.67763136,59.76962309,74.36299368,167.6248765,205.3673579,113.7230013,5.03910004,2.421613786,145.3337372,2.68187598,108.6190713,68.15203605,73.0017171
7.97279598,198.1842736,2.03362731,84.45849914,77.87049372,0.47274678,152.0657089,37.35184752,0.4792635,160.4591476,,18.0434736,1.55896596,31.48366968,65.63811998,61.40810016,47.87573364,0.59032449,92.38326048,1.65332664,7.22530881,63.60650796,73.90563768,159.2275628,211.3447448,113.8458286,4.112716275,3.11351742,143.2432634,23.72846535,114.349461,67.81917348,77.67062784
9.072494909,205.7584437,2.127411022,86.32475704,79.84469096,0.421176599,78.23725203,39.1321406,0.553864468,167.0615377,,20.44425096,1.55885526,30.6238698,62.108883,59.87519168,48.62743157,0.510775208,105.3316283,1.40305851,7.24666824,61.60314451,74.0665296,158.7010768,206.6546383,114.0670188,3.374100041,3.094487981,147.8148912,11.57489514,101.8314291,67.41171316,74.6155776
9.687639925,201.7523833,1.884303,86.45092875,78.11844191,0.306920701,73.89853414,37.04997275,0.47378925,157.2866127,,22.16274885,1.61502066,28.53198608,63.24194679,58.23975168,48.81641582,0.443394,109.3680347,1.2777345,7.76691072,63.97387441,73.8534078,168.5806884,201.6910646,113.5211501,5.086646734,3.317510496,157.4510913,7.64344215,105.0374736,68.09301743,76.08931344
9.9302976,200.2478331,1.55860967,87.2261676,76.63025196,0.214039349,73.25422518,34.01300405,0.49247325,169.4075629,,26.45343783,1.55224188,29.48652922,64.18090892,58.95456212,52.15434347,0.413105393,108.0791424,1.16100648,7.4204235,62.28342193,74.68454367,168.126755,196.6796829,112.7785866,4.849508211,3.29307302,163.7953623,9.84528,107.8874073,67.07675774,74.09395296
9.8492031,198.920286,1.3233051,88.44880428,73.1661579,0.1440747,70.48061859,31.8690855,0.539082338,172.2787036,,43.5271293,1.579200975,28.3120542,64.16645933,60.5157075,52.76093112,0.39646179,97.55917509,1.033500263,6.9190956,59.16128868,73.87651658,160.3837476,199.9309169,110.6870204,4.854866625,2.99694087,153.5292079,20.4125184,111.5981642,72.57001871,69.1395885
9.177882188,203.3700264,1.324103963,96.0259131,67.950333,0.07971345,65.79671515,34.92897984,0.53430975,171.6468543,,20.8109979,1.6397964,27.6061446,59.07335571,57.84004296,63.7407934,0.37194795,83.29764096,0.90391599,7.07809725,53.8976025,69.54413661,162.2620253,205.510869,120.1179829,4.44941397,2.0745963,139.3831243,11.01791808,113.017601,75.5248887,57.88646913
8.2897425,194.070114,1.479099358,94.66776789,61.57069875,0.033066,57.90509318,28.47301591,0.55288575,209.8166707,,23.84701583,1.688213475,22.3859916,56.19267586,57.58184208,71.25577919,0.326604593,78.9737958,0.811434375,6.957022258,55.34896621,68.06971843,168.9547426,197.4489615,134.5481933,4.2319503,1.639509311,131.1818519,8.449905692,116.0152994,79.41757795,57.76808638
6.840171076,214.9067221,0.9764766,99.94668681,58.5340733,0.00625185,58.327614,29.7985308,0.605023162,214.2755423,,26.85597774,1.81218967,21.95740565,62.96814588,55.63968838,71.65662842,0.297454494,76.51680438,0.743236646,7.16974335,48.73605165,66.83650067,166.5729644,188.6742785,130.9498312,4.4466084,1.304711091,154.7228094,19.00694363,113.1433515,80.10286765,56.22225132
6.217852344,233.3435466,0.670882513,102.1848156,58.57279705,0.0023166,54.83472873,28.77304172,0.58473225,210.9371774,,30.8836773,1.97649396,20.25105223,55.8136818,54.24187347,70.74972987,0.282727119,67.09730666,0.727552129,7.285414276,48.72007857,63.87956151,178.9567376,203.9434956,145.0510753,2.998853582,2.61879345,152.9485769,23.03474702,112.8859416,78.40271205,52.73487418
8.013608015,237.6123606,0.586658712,106.7383933,59.18260142,0.007245,57.007719,34.70375477,0.604773,177.4007052,,35.92707017,2.07208665,25.09961747,52.74971846,56.56959,70.76084266,0.41063625,74.8785805,0.661970697,8.14776489,47.60844693,65.69045824,188.264418,203.978553,152.4949049,2.1765348,5.858599543,140.7264514,17.46907344,113.2456539,79.02906124,57.14283923
12.93684107,249.0994273,0.690991887,113.2423895,62.49856727,0.00843525,62.04948788,30.37332816,0.62597475,190.5964506,,39.10423502,2.19701808,21.16710845,56.04920235,64.34252777,81.70371722,0.340929006,78.36583788,0.62818173,7.53563304,50.6979728,69.83137975,188.4178017,214.445876,147.7709865,4.164525929,8.8834185,144.890449,27.7155648,116.0315737,84.785805,76.252968
12.84961668,271.1306761,0.633645013,145.3745961,75.18760725,0.0064638,79.87108146,32.60431008,0.694353557,206.1213869,,50.95028387,2.47565916,22.4657495,64.23647625,74.190136,89.31313853,0.303986481,78.860545,0.65891232,8.92040175,47.65735764,70.59107477,211.5605161,228.0919315,155.7605549,5.01413895,9.357720104,156.923954,8.92499958,127.1835284,94.66141365,79.95682614
11.40469549,309.404188,1.32956235,219.5374131,86.28812192,0.01656045,87.40284429,37.9339632,,273.2879744,,76.34466677,2.6276022,24.94020386,69.71350455,77.99890913,90.62919225,0.2845152,87.12866034,0.67850298,9.23616621,52.1896912,71.35196545,240.0570926,253.2815811,183.2169197,7.35675746,5.076964772,180.6240271,61.78565239,160.070391,109.7933738,64.08238698
15.12548494,436.463314,1.999142775,249.5061171,186.279912,0.06603282,164.1492104,45.756144,,306.6248358,,65.09082512,2.66178744,30.83200268,76.02646016,86.34458311,105.1736562,0.850251168,348.2836812,0.89067762,9.81526464,59.820631,78.03325149,271.1004606,305.0301337,217.8846605,12.62095867,4.55578203,261.7154469,36.75880764,207.7232504,,73.32145962
21.63817665,351.3688435,2.01535155,251.6415984,187.1692821,0.14781987,258.1211037,57.92667858,0.75789,436.2270417,94.4054784,78.58420067,2.8953045,39.28249563,91.29000836,99.33967147,113.114792,1.450152698,283.8538704,1.2841983,9.4665672,78.6106377,84.26478124,308.2458639,374.6839032,302.2835497,16.70187184,10.57313922,405.6075518,24.91498494,268.5979732,,
21.65439097,648.3162677,1.9783359,294.8109393,154.8583245,0.13080474,162.1450278,58.1266753,0.82971864,654.5102287,93.34056668,71.42939844,3.0003237,37.27874138,101.8593064,104.8367246,115.1753263,1.819650825,300.8424013,1.532910156,8.651073375,90.58001993,85.9234068,383.9348363,465.7737346,340.1368547,14.87156963,8.722728,542.0610855,19.71136944,335.4190476,,
16.83899685,763.5458185,1.892577487,297.9826375,,0.086673375,139.9167567,50.62515822,,1004.734745,87.28333931,65.47633314,2.95840755,31.3658028,104.8631508,103.5708595,115.9700587,1.5614208,218.901879,1.77126615,10.25680401,87.01598556,96.2201808,482.7501762,553.0136684,422.2775243,12.79076409,4.4423991,633.5617959,13.45304532,364.9107175,,
16.19526393,878.9747195,1.81475424,299.8979424,,0.04870395,123.6880509,52.01511493,,1048.808403,86.44286684,61.98513282,3.1084614,31.74985836,104.8171363,103.9884785,113.7829308,2.15544429,171.1105007,2.25470142,9.462366,83.64489789,108.7736397,522.5006139,623.7219243,584.7154091,6.8825862,3.8397672,,11.89751558,351.4453823,,
16.04896162,738.1884882,1.9375767,308.525328,100.390911,0.030805875,103.9474472,46.47791124,,1015.026014,83.563126,61.63597855,3.01837023,29.61241392,110.428689,102.3347496,107.1294543,2.026494876,153.6016842,2.1130092,8.378190454,79.59563958,116.2388477,631.1604467,739.9022898,616.0668079,10.31067774,3.42306,,8.88869025,336.6887417,,135.4544289
26.84365043,885.6777734,2.285928,324.9649106,112.8610354,0.0886788,107.2656011,40.38452964,,821.8874714,82.66401851,62.25269472,2.73274155,26.64974014,110.1489975,106.3636815,112.481453,1.9594575,182.2131727,1.81412163,8.088072754,89.06016128,109.6519927,695.6049962,783.5356393,581.5263977,9.588056547,3.552290076,,7.5493026,346.2482599,,99.38036883
67.81405118,887.9781448,2.581416,350.6709452,117.663265,0.370129501,127.4954121,43.28428995,,920.4906742,97.24416324,66.29456692,2.62240902,27.51903326,119.5707069,111.5670194,124.5386813,3.751946325,281.0549685,2.43655128,8.382596516,98.65907325,119.4496307,813.2384804,920.7149393,569.9569363,15.008166,6.126132111,,6.9516414,412.220334,,89.21138232
105.3388948,890.989088,2.1353625,385.0773972,124.0869431,0.522014625,140.0224591,45.68815154,,1006.302069,115.3368018,67.02392628,3.40776072,24.908067,130.6951848,111.2329699,134.1555318,4.04941324,357.3242681,4.767070725,9.316632154,91.4178258,126.7344169,819.332712,1157.905869,660.4612531,18.50150259,8.375511375,,6.87623904,506.6882193,,60.13531076
60.51212489,1077.911313,2.1769911,406.1361287,112.02354,0.408783374,118.0158362,46.51839072,,1263.19698,131.278799,,3.80198286,23.56729594,144.7988481,109.3544384,143.1544631,5.214790311,214.8098922,5.436527378,9.62142624,85.82322014,133.0618725,884.4082805,1434.917221,716.6536382,24.21664192,15.48721378,,25.70528196,551.7345353,,155.9765597
60.51418065,1237.750117,2.22244155,415.6460636,135.8671634,0.2892348,171.9067354,52.08016139,,1669.500356,138.9300329,,4.136798578,26.76142395,130.012155,111.9096284,145.9482057,4.779049275,187.5513791,8.024507531,10.24645581,85.50708705,125.1849263,940.7693609,1675.285375,772.8350407,15.55603583,16.31090858,,26.94766847,536.8033073,,129.6629154
,,,,,,,,,,,,,,,,,,,,,,,,,,,,,,,,
43.820352,887.9193822,2.21013765,428.2133013,183.8953146,0.23373225,339.2741701,56.28784772,,1142.373311,110.1609754,62.25051421,9.46471635,31.00696403,112.252068,140.6388987,134.5155552,10.12586738,176.4415224,11.36345153,10.8225585,103.8430443,109.5463197,1041.296827,1532.780816,869.7641313,30.75254775,5.9673024,760.1104422,7.40923335,497.5623342,,248.7031155
35.59025432,1090.301578,2.457201582,451.7797248,183.5218823,0.2101527,224.1599834,62.80964858,,1028.186851,105.3316501,62.87250079,5.27704254,36.97452035,108.9400653,150.9726722,133.6264595,7.13982735,203.3424319,6.4035036,11.26559043,87.65226949,105.6954278,1014.862441,1086.058449,768.2026692,21.2550534,12.93671524,728.721364,128.238262,543.4283844,217.859301,151.3847521
26.44791588,1093.043304,3.43583856,478.7383209,150.1229668,0.3806352,146.3213225,52.2633708,,1018.781449,97.1541945,54.44637345,4.29219,28.70459856,107.1849561,157.2053422,126.6998371,6.25761045,230.5516438,6.5429208,15.70009027,89.65590195,102.2420378,978.9482165,946.2726583,741.943314,20.5523784,12.25186155,651.401392,118.3379436,522.3978101,186.6443742,142.2845129
20.95497376,1031.366379,8.47541475,411.6801894,130.829364,0.801489377,122.9346889,57.61125648,,919.3207821,98.01405677,39.83836501,4.18690458,27.50017028,114.4403964,165.4948079,121.7492472,5.185689337,181.1481516,10.05718032,20.04422113,79.58429689,95.1338008,868.4199389,865.8623589,703.0102715,27.629505,6.633081225,720.195028,30.41195625,460.3138231,170.3951438,116.0682413
17.24627376,976.6308054,14.73212286,359.236229,116.5535314,0.81715122,103.128703,54.6631983,,878.7926281,101.148642,35.3601928,4.3791813,29.6070471,114.4198834,165.267547,119.4589499,4.22765568,157.2623092,14.96839662,15.41094863,81.0663552,93.01657248,827.2974071,797.0170638,,21.77388911,5.5485729,633.0095261,14.40600188,400.9002336,155.791093,94.86800193
13.7170827,926.9300988,48.69072948,320.1054368,142.2628124,0.879417,92.04623661,58.31334787,,733.6397065,96.91837459,36.2896578,4.52882259,36.9904617,123.756319,145.993344,121.2471909,3.386388634,147.9739519,22.66602969,11.84288932,79.84336454,96.08842793,793.2662418,787.6987604,,11.30234175,4.51984995,408.187871,10.1967768,351.6240194,143.8732372,96.77994415
10.89070313,816.1861294,133.4877191,289.7623942,265.9799843,1.571445003,99.64310609,58.888728,,610.9266936,108.7087041,27.16159001,4.83042474,39.74226795,130.0248655,155.5193912,134.2748212,2.8396224,165.0848873,32.4039933,13.8085182,111.6907448,110.9568065,687.1259865,706.3218993,,11.41286355,3.008086667,401.054247,8.046324,305.8407072,142.5965386,115.8051776
9.36786735,764.46416,,275.6540201,306.5488302,8.23869738,125.4575926,88.68028536,,560.7129947,132.9224015,26.50171501,5.4900072,66.91829311,151.9485423,183.5090176,150.5493868,2.2025952,275.9197355,42.55302566,12.0927816,141.5254958,129.7195574,629.5541407,635.4039635,,21.43563345,3.922214385,498.3894246,8.25951438,284.1953148,148.0480328,123.0361676
9.21527685,658.708927,,284.5095044,,24.61384706,142.6294926,164.6126744,,500.1532569,157.3584203,22.88153031,6.84521199,153.0268362,162.7754605,291.0417397,173.7627356,2.362734932,,57.19615524,11.85994656,151.7077452,150.5236932,567.8928662,637.7576565,,30.90768192,5.490540017,482.0948514,12.60775557,287.9943782,160.0166935,162.8600459
9.97368255,630.7175457,,292.0348693,,41.81298754,345.4614723,164.6181205,,506.4584018,175.3637143,20.1000069,8.5653612,122.3010812,195.0981405,322.7556368,184.59772,2.928104962,,68.3667648,17.92620619,140.9581918,161.2677461,532.1074032,635.5179687,,34.26684887,13.08516478,500.7340839,29.28663945,279.4133897,170.7510083,
,739.5252499,,306.9107091,,44.0330499,506.6689342,136.6384172,,628.8415693,185.4842928,18.0055818,8.74071,81.9781182,210.5067083,265.1100462,193.4832331,3.57923907,,95.35708868,18.88986961,87.48166644,202.7841275,496.2511624,712.681632,,36.4085172,6.94250271,536.4208922,19.029816,290.2550684,186.6759869,
,,,,,,,,,,,,,,,,,,,,,,,,,,,,,,,,
13.14711405,735.161751,,373.3009781,,103.5989231,405.7553858,149.2434801,,834.6323046,234.3865329,14.01550999,9.687889575,63.10257143,,564.1700777,222.8561762,4.608031275,,213.161166,45.90789144,94.46782207,223.5088617,544.418496,661.4070481,,91.22387673,6.533255813,622.7062535,161.2081384,291.2992781,211.2791904,
11.63354872,729.6501448,,378.6319215,,90.88998194,340.7750139,141.8291922,,708.5846925,228.8449115,11.1204576,10.5596418,65.75393358,,620.6510655,217.0437923,4.574889947,,245.2819003,27.49095318,102.1693824,239.0514412,586.125588,619.9262833,,113.1594062,3.872719146,647.0648751,40.5863865,303.6859321,203.7525435,
9.520979625,696.0091819,,376.8399889,,38.1702618,384.8277803,143.4050337,,671.8560285,246.5554707,11.14641696,11.59551885,79.95333312,,479.2458636,221.6318763,4.43408229,,220.7609607,21.82528936,92.1797712,232.9068662,593.9056385,652.0775261,,120.5132803,3.1572477,686.7379665,22.97574073,297.1994899,199.1554672,
6.7768272,606.4564871,,361.2873448,,33.43313605,301.7784252,186.8916742,,646.8214317,262.4854714,11.00836369,13.21974705,,,521.3215788,227.6602429,3.931688287,,245.742062,20.08704896,92.46774041,268.7284337,613.766082,643.7597446,,152.0071101,2.467338764,630.0709234,14.36385347,288.7545678,195.7140459,
5.58454824,541.4890201,,388.1562922,,34.4803095,297.2408511,318.9603026,,622.6407663,315.0687078,9.75141828,17.73869085,,,566.7376435,261.3932359,3.04037118,,245.6645747,18.19544418,327.3412528,304.4325571,595.725431,643.8126081,,190.9009081,1.9526832,624.3539206,12.8799801,299.1444064,200.2953269,
4.661839763,538.8112596,,412.1140918,,36.9162549,1065.256359,232.0525208,,659.4987737,335.1373556,8.95822216,20.05517865,138.6424238,,604.7929288,286.1042695,2.301943078,,257.0266686,17.37972455,294.9853132,343.8049563,544.7290905,648.3893875,,244.6481712,1.653854409,728.8431574,16.82854442,341.4108707,205.1273085,
3.9434877,591.2919166,,401.0691898,,43.9136613,695.4901569,226.3234932,,891.1686215,325.4250526,7.378232625,22.2551307,136.990764,,675.0196216,280.6787768,1.82624625,,252.9898751,17.70288953,236.1015102,294.6299876,522.638082,590.873049,,213.7049022,1.268034075,,27.413667,320.4688749,202.4606117,
3.356224875,629.1203439,,348.5211985,,43.3188108,370.7088566,317.192112,,954.69359,318.9910815,6.350139585,20.9993013,190.9984037,,662.2168163,297.9871146,1.59243165,,290.6238323,23.0969016,191.1635417,238.8291717,537.1984294,566.8118143,,159.5380164,1.073679975,,102.9051692,306.1295438,178.4702106,
2.94630534,671.9690405,,258.4452641,,37.27185836,280.5009008,193.6360771,,,312.0437213,5.4178902,22.42217835,125.1356558,,625.7104492,270.5167385,1.26829962,,314.4957101,20.0428093,128.763985,232.5626762,536.3556782,542.084117,,48.6916476,0.9539208,742.661459,44.82638658,284.4207897,153.1022407,
2.68641225,649.5797274,,206.5448984,,27.65291886,287.2669536,192.924707,,,281.3350255,2.586735,21.1795155,149.6426011,,602.1038813,259.4650617,1.081377,,302.4645689,20.76039154,112.1836392,248.3734579,566.7475376,514.7804055,,107.4064511,0.955557,639.1770645,18.32294844,269.2840853,137.4012234,
2.55618693,571.0092802,,199.0551737,,26.67294522,399.2176288,240.0008832,,,256.8692704,5.259283425,19.71864,207.7800863,,689.9743294,271.18719,0.9005904,,306.9555582,36.66158079,91.28204012,255.8301165,531.4055471,500.7678066,,128.7831131,0.68658354,614.430671,17.09229249,258.3502787,120.2749398,
2.2387212,505.2959375,,207.1859027,,36.00909594,801.0179563,378.2655442,,,243.5139175,5.411141902,22.01824721,,,653.5664761,261.803509,0.75721662,,280.2310992,31.11525867,99.7932825,253.3912902,456.3114848,461.5747643,,76.1641461,1.1738628,546.8256605,14.1467472,261.2630214,135.5504201,
2.2125852,509.2059654,,229.941713,,31.288032,1552.681048,228.2908666,,,239.0966257,5.483673,20.41186129,168.8470056,,529.6450032,246.6684906,0.7146306,,284.1609342,26.13817404,134.7727788,316.2864256,423.4907259,440.4275978,,81.98077338,1.09850985,555.9352313,13.87179648,275.1077115,158.4302911,1916.451225
2.383722,458.6852273,,224.586183,,17.7313536,1285.436579,221.3844251,,,244.5524352,,20.2602141,158.1047127,,474.786109,237.3360264,0.69715485,,280.0626281,25.28266501,76.08287611,201.302064,366.0664962,402.9282428,,60.466446,1.0310976,560.8367127,13.88444625,282.5677677,160.0406876,1281.157301
8.5726431,490.4595846,,208.750037,447.8372146,15.30066827,373.613588,131.2151029,,,267.6686996,12.3096024,14.19852797,93.46225618,,583.972115,261.4251202,0.759105,,227.5458966,26.534034,58.71850306,257.271481,365.1739605,376.2106746,,47.20027478,0.973917,522.5249129,21.1853232,282.5900663,162.5016584,599.2547975
16.6186485,490.248234,,202.5642411,391.9351101,13.85451743,323.199072,129.3686606,,,267.0308603,6.712984688,20.28113843,72.52232873,,648.6802851,257.3010414,0.9868365,,210.0057031,29.99856533,54.48126857,246.5279341,432.4068421,363.8056761,,39.00080745,1.4186907,512.1273486,,273.7921041,162.376105,364.0643638
15.77188125,478.9775903,,231.1137164,284.4410455,11.361627,272.2825733,121.4231894,,507.1985572,266.0096862,9.120111654,27.22277363,70.7419008,,615.7264444,258.4859053,1.3403691,,176.1392993,30.473874,45.51506944,239.3004111,,358.6716324,262.4906841,25.8036273,1.1736252,536.6274468,,289.2528731,211.7503843,279.7179966
13.33981913,475.2282377,,257.2522459,223.9702618,9.23076,215.3871689,123.3612129,,559.4463477,239.0931954,10.18924076,22.3833456,71.18618634,,552.8837655,251.2313671,1.64648484,373.3492501,158.3354787,28.97148424,40.69710945,253.7373632,410.6511203,360.2377797,278.2149312,17.3535075,1.003704615,599.5962539,,317.1675791,217.6778961,272.5654756
11.51993745,522.5451316,,262.1889199,202.5092509,5.556734325,251.5610875,101.0104391,,649.163663,212.929825,13.45037265,20.64315881,58.03434895,,526.4010828,,1.441826831,297.6076013,139.4687003,26.04969315,39.44385923,189.8644158,410.3837156,344.6827951,314.1833131,31.61855736,0.796068,668.2934363,,334.9075525,212.5539205,242.2377366
10.07295116,580.6615604,,249.4775736,200.2536336,4.32048087,182.1421277,78.26118239,,605.8350602,176.2384932,13.24793988,20.5996338,50.52878213,,456.3218856,189.6318783,1.264572,243.475416,127.5557188,22.4467281,36.83180672,171.3550744,365.85,349.2274746,346.9394895,21.63669447,1.12989654,679.0499287,,337.9794287,201.9394363,199.6517116
9.3848139,598.837698,,224.3928724,170.0973149,3.9737466,161.4562686,71.11426117,,564.0646626,156.7892514,11.0591055,16.66926608,47.33931297,,407.3719804,166.4474761,0.9517365,214.0965473,143.3504446,22.11490418,32.20135155,150.2305697,394.6575403,386.9556958,321.2180094,21.64048002,1.182010725,674.4297533,,334.679525,183.8107485,157.6916586
8.326763552,564.2637052,,209.6951059,141.1310142,4.415284789,137.9647821,99.08982317,,506.7749988,165.8701578,20.34606701,18.54371535,71.01802414,,376.3148194,162.9854263,0.8944047,212.3945044,103.6248842,21.79094439,84.67577446,124.2890632,418.3461423,424.1531385,292.0559009,18.120753,1.183208846,578.8812421,,298.4935212,151.0176368,145.7055945
6.593262639,525.6822985,,192.0335826,137.4626063,5.441112099,144.2568204,89.37047009,,460.8111744,175.0440343,25.7793354,17.60264541,72.79163915,,378.0978906,155.3968129,0.895741538,196.3521922,81.63769374,22.29269716,93.01447349,121.9540415,394.8515401,389.2217326,269.9097651,7.526872028,1.043699846,537.4902636,12.8844999,270.8038656,133.8831694,191.8687141
5.5917324,448.1944036,16.45004916,182.9360782,160.0053073,5.563386585,168.040791,82.44411795,1.3337865,410.0385265,174.3417337,25.36492968,15.8935608,57.06604305,,409.4459637,151.9178578,0.87722244,171.8159218,124.1761043,20.26790185,118.0066714,120.9384965,342.4550334,357.3568543,247.5198734,9.716839982,0.180139545,479.7524109,10.72848907,245.4773016,126.5102226,188.5829677
4.854301158,399.8077866,14.61022209,165.7788109,156.472344,5.418663513,162.9299448,72.04028492,0.649306125,378.593514,146.1656398,24.40216834,13.10617125,47.65051785,,363.6920014,141.2024791,0.84270375,182.7220278,109.6684863,18.38197463,114.1058339,,317.7948857,332.3477891,242.2684404,12.61686453,0.179951625,430.4462142,8.229508876,230.4635884,118.2454072,129.8202378
3.9626955,373.5173925,12.8965662,150.3024225,130.5437648,5.857636837,135.3574645,67.17624368,0.654453,352.383669,126.9079576,16.85906325,10.2633804,44.1340083,,322.4465186,128.6013713,0.742781813,190.4565724,52.22235848,17.5515174,105.9269603,,279.7815006,310.309866,212.3887662,15.70112707,0.201925575,400.9836852,7.45443,223.3719072,114.7131494,113.5498298
3.176073451,396.7018146,14.0029965,140.1206168,124.9685712,7.88408775,127.854855,118.409769,0.661557375,338.231916,119.5129309,16.2347328,13.1584257,64.32333525,,281.4203358,125.5380458,0.659289375,164.2099109,51.9420546,23.88817778,110.01096,,305.160075,284.3634033,195.7714313,26.1020475,0.1561518,350.8936808,,195.1446364,108.5951448,101.0962802
3.25963575,376.3728234,19.64011725,137.2956095,132.0769152,11.73842888,152.0667351,125.712702,0.64718325,323.5575355,85.36563002,19.51513594,11.17393853,63.9400554,,257.2670208,121.746481,0.686084175,152.2375965,40.48253269,58.7722905,122.6441318,,271.7353899,275.6666014,,16.76021794,0.20551725,316.1952747,,204.0189606,108.125955,235.5658798
3.0851766,346.9156394,19.30192875,129.3650975,153.0959663,10.77175057,136.6045571,107.8948654,0.807901088,297.1855238,102.0117622,15.0087951,11.42119271,59.79961671,,232.394682,121.0873084,0.626812425,148.9943469,39.64108714,44.46642624,119.5641668,,242.7194505,257.3424462,,5.457512129,0.209205229,323.903853,,186.5169531,107.5360045,265.0090285
2.78853047,315.1926189,14.24919803,127.7281722,197.2577495,8.360346656,188.4653325,78.4185138,0.751523586,334.1615477,92.82752635,12.96856778,8.625270826,50.01358669,,192.6272286,119.217582,0.5896152,178.363944,33.73915427,25.04258522,103.8789171,112.8309514,242.8496343,252.8069545,,20.13801264,0.272849512,342.1559728,,174.7450584,114.2874259,197.1413564
2.622452625,310.6967123,12.04880535,131.636174,168.1554438,6.580609088,165.1746139,59.88633631,0.654048844,281.7461293,90.48239003,10.55456156,6.9075747,39.88251507,,166.1022362,109.5416924,0.494911012,188.6311571,30.88302643,20.21587572,97.9546696,88.8885058,235.1880698,238.5273366,,18.90637285,0.388561556,372.4830569,,173.8463472,120.1131005,202.7210397
2.340913905,305.7305167,9.808276907,126.0917213,126.0308894,5.42889918,128.752985,50.31086294,0.61777674,295.5455173,77.14916712,10.12109766,6.379167826,35.6475168,,142.9165966,98.09214887,0.47189142,168.5962399,28.9463382,16.14285315,79.8835338,83.3370822,243.3049152,224.2885955,,18.03935975,0.46927188,341.7324135,,168.5045732,118.4207008,173.5722504
2.044676228,301.3968116,8.208878902,114.3991485,106.7168953,4.113519404,109.6534186,50.30664637,0.573724764,264.2521814,68.79743832,9.64576242,5.68069875,37.11687061,,123.4822152,89.17623618,0.462669193,137.5880473,28.56208068,16.23149942,68.87012444,72.35016527,239.4232121,231.7585538,,16.19790275,0.475409141,315.3501288,,157.1274735,128.37543,81.43206132
1.84771125,284.4561463,6.86924712,105.6945031,94.12327749,3.0322242,104.8578679,46.39933529,0.62983575,244.5063779,66.8504243,8.61158628,4.860122176,33.0468336,,108.8644887,79.51198614,0.47446452,116.0917002,28.0492497,14.33685069,68.49096141,65.42748797,222.052705,218.6394201,,15.14041038,0.50921514,287.5508683,,144.6166389,,66.54742841
1.9105848,288.7607596,6.163493177,102.0437899,97.51417068,2.432768175,108.0970758,,0.511288875,225.2418989,65.10472942,9.892886065,4.483296676,29.66025533,,100.5794658,81.61464824,0.4255416,88.744086,32.85448763,13.98459398,61.18435442,68.55635072,230.815762,207.386893,,11.9477457,0.50695065,244.451925,,147.8093954,,66.76027022
1.73784553,263.5854988,6.323747216,94.86613303,96.41363851,1.9785654,115.7947532,43.72198427,0.825766842,217.712044,96.3375552,8.403584003,4.86866241,30.875121,,95.62016423,79.9464407,0.463605306,95.93026026,29.28183582,13.95275868,60.31367598,68.94739457,225.8583459,200.8138317,,11.405016,0.506644654,241.165363,,124.9824094,,59.89099095
1.64684124,236.0399979,5.250512477,91.27880309,83.93078304,1.71415926,107.1763704,45.75492564,,182.4006384,63.64272521,6.0433317,5.122136588,30.8840364,,88.25949513,80.73997543,0.3904956,101.9404258,30.45223637,12.96045056,58.5422405,72.31645739,199.3806978,193.6182128,,10.27564076,0.5146092,234.1496417,,116.5273719,109.7070345,53.71786048
1.5898113,212.3043882,4.2415488,94.38109212,62.75096677,1.46328363,96.40120233,38.82804997,,184.8899587,60.42679178,7.872365641,4.423161196,25.959042,,84.74415333,75.1585215,0.42180264,93.7465812,36.59126007,13.35733605,66.18486269,68.66733489,181.9813298,200.5372151,,5.150151407,0.45873702,,34.6426794,115.1984295,99.88663636,51.91234601
1.66965084,191.5207369,3.639629702,91.32720839,59.08387673,1.237940685,96.21430969,36.53994729,0.79377165,191.5676833,61.2808902,7.791884102,4.0337055,26.03712816,,79.85894813,71.64203897,0.413971155,83.50073352,39.22739389,13.33099401,57.16588691,63.05709168,179.5101102,209.4226747,,5.950010055,0.381036825,,4.947657188,113.6694233,98.95186479,46.3658483
1.698235631,177.9215923,3.1775328,105.3263351,53.97520179,1.14301665,84.08894717,34.12859345,0.498566222,189.961925,54.1218374,7.1635158,3.608797726,24.500502,,75.09607877,67.55310362,0.505867056,65.56531429,34.72727074,12.2019291,49.88495914,55.98613566,176.7367043,186.2327848,,6.540509501,0.354600904,,4.363013161,112.5603871,97.85406515,41.17917082
1.692975356,175.1730192,2.260537875,92.18931906,58.29052344,1.03227345,72.42406022,32.46684527,0.452836575,193.2426266,48.4558767,7.966035452,3.277399051,23.37126615,,71.4804048,63.92374809,0.411027744,65.30712789,35.2973754,13.39828128,46.27696357,51.21750692,158.5604797,175.7325034,,11.162205,0.322833597,,3.864592351,112.4381685,94.68562265,37.12835665
1.595616975,181.7147865,1.714516875,94.09049909,54.8967058,1.0175112,72.6889086,25.3965267,0.414851625,196.8519439,44.76217412,9.414761627,3.41292285,18.21405218,,62.70144693,58.66036874,0.404876475,59.3640026,34.52914238,14.05203356,43.7064613,48.51988593,175.1806575,174.002009,,7.2118512,0.31617675,,3.512658825,109.1893891,94.3877772,32.414067
1.644251531,185.8996575,1.371150788,86.5636109,51.24826038,0.920587952,63.91172688,24.84067236,0.470582128,184.7555451,48.6021728,10.012626,2.785542075,16.51470111,,58.24911395,58.52507376,0.394678569,71.63226304,30.21308964,12.0853215,34.78757018,44.81372847,166.6517045,169.1377632,,3.305063408,0.275264216,260.6533593,2.972737873,102.2384379,87.63480978,30.22161337
1.615832982,185.5654245,1.15833375,86.03135856,51.02834961,0.786383438,59.35227835,23.28522667,0.419704875,173.3631174,41.27811167,9.811096732,2.58162795,15.79821866,,53.93239032,52.632755,0.379295994,225.3442275,28.32169323,10.81390841,32.0915965,40.26403046,211.3007232,163.5704421,125.4047201,3.150825481,0.238570653,141.8180857,2.677977155,105.0491187,84.09337721,26.48567942
1.644900075,169.3563228,0.726143063,91.50195412,41.48622467,0.770796,54.33534979,21.21585008,1.202979797,171.7879526,41.47148567,10.20194494,2.606211855,13.64204168,,51.02986994,49.84403245,0.387979419,117.811557,25.24231719,10.61519607,31.01379507,38.69359799,183.3892144,158.9726621,133.3984592,2.995984126,0.215728312,127.9859549,2.796255,96.11175511,78.61729451,24.2861
1.604797632,127.5636835,0.693951975,90.7850376,33.9239745,0.717341627,48.29521068,19.26797544,0.441568772,159.3296751,38.12504962,11.60428275,2.6599104,11.52901789,,50.79535355,47.7128043,0.350538294,41.26960529,23.59627215,9.869242501,28.63327526,36.37296627,166.2740006,154.8936306,112.4443138,1.910473291,0.209407275,117.6918306,2.32429581,90.12373197,74.17798023,22.84882857
1.64533599,127.5903792,1.143522765,80.9703432,32.13049815,0.72833148,47.76034104,17.4998907,0.40549275,147.5070865,36.67783194,11.72911185,2.410871344,11.49502347,,,46.40134746,0.34554114,37.44939487,21.0303698,7.7796855,25.21945206,34.69523854,158.171454,154.4632924,130.2807872,3.128161681,0.2093364,133.7466334,1.965369825,88.95785688,72.64984932,20.16184365
,,,,,,,,,,,,,,,,,,,,,,,,,,,,,,,,
,,,,,,,,,,,,,,,,,,,,,,,,,,,,,,,,
,131.2149662,5.580368775,74.32194353,32.2870914,0.837781313,49.57237665,23.12392739,0.38080125,123.594148,31.98926655,13.62892554,2.68231716,16.37871283,33.40450531,48.82262444,42.30027497,0.365268994,31.1286721,16.6965057,8.606098126,30.8739816,30.0602011,139.7628054,134.9202686,87.17780412,3.887997976,0.252247669,109.7714025,3.401889976,80.68419367,65.47137525,21.86940384
,126.7099832,0.30205575,71.4667189,36.84168646,1.181561058,49.48875792,30.32309622,0.37641375,125.6344494,32.54209513,14.51919113,2.13115455,19.80354839,33.85020039,59.93948028,48.38868974,0.514316256,58.62703816,15.59030596,8.486671725,33.13086016,31.0601682,138.5225155,132.7048814,85.98713325,1.243675161,0.505627197,110.6625776,3.019102876,81.02147175,63.75979767,25.24951846
1.587786975,122.6338113,0.3091635,75.0748136,37.17232513,1.093882721,53.43841097,31.70758337,0.526624875,122.865714,33.28711752,13.69453672,2.165822815,20.63091721,34.4840328,50.2356364,50.27836659,0.461397493,35.66573653,13.98409746,8.56936924,39.14757826,32.24178507,121.8960813,135.7641648,82.70728187,4.006931433,0.2361042,105.85809,3.194868981,69.16363574,62.10446241,36.87813899
1.595258456,115.829307,0.374982995,82.0021806,37.29452289,1.151877375,58.20404749,39.386412,0.446051787,115.1170249,33.45941521,13.6701912,2.546054514,24.31718564,38.5260254,50.91436506,51.1272434,0.384725256,37.24313512,14.23448556,9.018396563,41.19442112,32.68421798,115.8171756,143.3201276,95.76517061,1.088340781,0.211187925,87.55693,4.131502275,69.29037134,65.0749626,41.67644323
1.809420525,116.0873208,0.414349425,86.9353749,47.91545551,,60.00888513,,0.6390954,,35.1762912,,,26.2822968,37.77436688,51.37895477,56.13419679,0.3563865,41.6215368,,,46.36529369,33.11043076,,,,1.184897026,0.22166865,80.84068244,,81.34604549,76.30143096,
,,,,,,,,,,,,,,,,,,,,,,,,,,,,,,,,
1.758348675,102.4924678,0.30861675,115.9789388,73.03783569,1.01837115,84.57803394,56.7720414,0.423549,97.4760973,38.98726561,14.40158569,2.6336178,30.9930273,,54.65449687,63.38126342,0.5656608,48.73608,12.00433264,9.0451404,65.6421732,32.79557768,125.077446,118.2983839,74.85636534,3.483513,0.29359395,99.86810628,3.157443451,74.45543086,92.62327521,65.50445703
1.820240418,110.70054,0.332829,106.6662775,66.4651116,1.1157129,79.50878364,56.86304978,0.51273405,107.3557395,37.46990479,13.36934808,3.27338604,35.5961339,39.81862801,55.66695637,60.89138061,0.490936157,53.4545352,11.20502471,12.35329704,78.48448351,35.03456861,114.6333773,112.6729147,77.09670774,5.91861716,0.33398865,104.7022696,2.895687361,77.37521335,93.99224764,66.81516659
1.784927833,121.8818016,0.360480375,107.3595701,68.91361809,1.36277964,80.16727274,67.21813254,,426.7925945,37.99400923,13.0489137,2.9268054,42.15137064,41.65821267,52.92508258,56.62768592,0.535196019,60.68511152,10.56781242,9.299095111,73.64890173,36.79762395,112.167493,112.6232748,119.0363945,4.555610294,0.346403246,104.5979915,2.780300701,85.84065724,108.6580322,93.08172508
1.827117,136.9942458,0.399036375,102.7299915,88.34470539,2.761395757,74.20027687,84.61790295,,122.4085608,41.19683126,12.33524012,2.801403225,49.77385145,42.30959299,53.23019538,56.7921375,0.649856019,59.53540234,11.5986816,11.15900415,80.68828891,38.75006922,121.7736307,119.3193871,221.7060365,4.4760276,0.359363591,116.164636,2.9175201,97.15533355,104.6447593,89.59114296
1.83582092,175.3567525,0.513089355,100.1683244,89.04672045,5.19990435,78.28266092,62.85130688,,59.23139345,39.79764012,12.31015374,2.77966485,42.73295356,44.28390691,61.78570695,58.35876141,0.546456375,81.36440483,11.39954486,12.49073946,95.4781928,40.80665408,134.7925285,138.2089108,91.47578345,4.845799949,0.377894029,123.7981036,2.50679448,91.74384842,,142.7994398
1.780821281,232.3124213,0.582957,100.4068442,122.7975653,5.092999031,69.29145,62.0460914,,78.16305203,41.66642025,10.66333275,2.870154,43.36993227,46.8380222,61.25038508,60.61404825,0.545954175,92.46547103,10.49260324,10.83523838,92.52995261,45.00240019,148.1869991,151.2488274,389.5673719,4.525806658,0.423856125,130.3498982,2.133477532,91.4813406,,154.1873718
1.770394481,211.6321711,0.498855375,100.3485228,125.7861352,3.932926192,85.03706099,69.91423064,,121.2910713,41.53301463,9.47814075,2.880314776,44.43830956,50.99659427,60.98192732,60.54647994,0.548573856,96.93123152,12.66025464,10.34538318,83.55074701,45.32842398,144.334609,161.7915335,501.515874,4.948778773,0.445813646,134.9711411,2.19014172,92.27684029,,99.26610951
1.819896769,229.5318718,0.51280425,105.0187194,94.3611642,3.366858593,80.513402,73.6869798,,125.0050243,39.41929529,10.23335451,2.9488725,50.10224527,41.21640178,60.46732847,57.36621667,0.626116163,109.294974,19.61125507,10.75541328,84.26911224,46.34214795,147.706612,167.9902033,186.1967544,6.987752503,0.426403128,143.731098,1.99648152,101.5127113,103.3232112,107.8215855
1.785787744,225.731232,0.54087075,103.4842473,98.10700155,5.08977901,102.271892,154.5962692,,139.6420887,37.55901466,10.31025024,3.10808745,98.68255478,45.80307943,54.9675493,52.96185517,0.461733081,103.8095011,20.2491387,11.64889958,105.4945341,48.32273779,138.3108685,196.4810269,212.8234131,7.58632635,0.338695878,147.5337412,2.369507175,97.1327082,95.92542222,125.0697028
1.766351232,197.6900796,0.678645,111.0386492,112.9052547,29.88438266,101.1268361,295.3680131,,127.0122875,38.08070374,8.090353578,2.802709351,194.9205792,38.25086453,56.26700237,54.7027172,0.525004757,103.2447519,25.728445,14.05326348,174.5400049,50.40166438,145.2634841,232.210975,103.684613,4.726750001,0.445236303,147.4608504,2.6360235,94.98826958,89.57961042,338.1836683
1.571862915,195.142095,1.39712742,113.1516147,182.1939942,40.5775305,91.79931477,124.2778761,,119.3635479,38.55850372,7.484197503,2.69814888,117.6389494,27.81245376,59.3969594,57.78318061,0.5936463,123.9639682,25.96773236,16.24536702,119.569118,57.43733816,147.2642087,258.4227112,101.4209586,6.609267047,0.50864463,146.2846792,2.419410769,95.44571519,89.55719076,715.1947442
1.447051932,167.1884966,1.18910835,114.0136615,257.6700355,26.13219839,90.34444488,103.0766871,,110.0451177,39.46726044,7.181577115,2.609739,88.07597804,30.88756162,60.3379495,66.08223758,0.550259544,142.9325653,24.3474336,12.66180694,59.52611024,58.59539597,141.5553894,259.2352911,98.4463362,3.188646,0.376983447,142.5909581,2.262168,102.7264782,94.11681777,1121.80904
1.335707212,165.6256896,0.619012125,123.3479786,350.9907365,8.079861375,257.6741112,84.92468735,,125.3981546,38.64761437,8.35691661,2.49511914,73.75045073,47.7241951,56.5316702,62.43510477,0.434646506,191.1215554,19.37554426,9.55361871,48.76132973,57.41544736,131.303335,249.9019085,97.8871029,2.782100116,0.283748063,137.0672201,2.48574312,99.0141165,95.62807284,301.6124802
1.621079118,215.6299448,0.5671215,119.1452586,181.3310283,3.656298591,124.403809,60.15926576,,117.9315765,37.42650684,7.981244363,2.37989745,54.26304413,32.02097293,50.11467463,57.97867188,0.406809568,286.3523934,16.11106875,8.91205896,45.98847497,56.56754757,128.054541,239.6413279,102.4004958,2.308031213,0.317051772,152.6212308,2.113906207,113.0204078,99.95561962,175.2490721
1.777841231,223.4832593,0.521960625,120.0382363,145.3470428,4.170653992,104.7462901,41.83203865,,136.5268692,35.1176904,8.181573154,2.39031378,39.89679088,37.4516298,44.44710807,52.48465268,0.780163987,275.0224691,20.73659225,9.127861452,41.02604199,53.20481658,121.3017261,221.1541076,116.5462587,1.279058175,0.276120003,,2.06877996,109.59278,99.27372317,53.19165114
1.86080895,207.5524803,0.494802,117.9415263,137.3996162,3.551855618,100.5963576,33.84045743,,148.5518224,34.23642821,7.104152925,2.362809488,36.7448723,38.26225867,45.37271378,52.36471057,0.715109057,160.1314556,32.98526045,8.7828084,62.44209967,35.07935577,117.3546201,186.9488606,115.0194824,1.266162223,0.317127154,,1.72949175,104.5088328,95.6928718,92.11451323
1.7094051,196.3357704,0.470286,118.4467037,115.0297337,3.148705344,76.61458575,34.09484603,,143.1453296,33.67952254,6.739489578,2.28336975,37.86315975,37.38742918,41.1695838,49.56382424,0.528325431,126.6741065,528.8919246,8.48948175,51.95612667,63.01719744,116.3820944,177.7249121,130.9360427,1.141733283,0.335646671,,1.69798923,91.93750089,93.12843207,64.97766032
1.682968932,195.0540613,0.442256625,109.3166473,103.9567335,2.75163426,64.59760472,37.60173143,,132.4735795,33.80747356,6.94041075,2.22465852,44.05294688,33.70469231,35.48733779,47.08302087,0.583762494,103.9996564,412.1127863,9.624453032,46.84798518,46.53332737,109.5627897,176.5541975,115.1363052,1.199392394,0.327939435,,1.876823157,88.997832,94.5126306,53.02453656
1.6756416,167.2182821,0.43276275,106.0155814,85.22967877,2.32022205,58.95015809,34.96276546,,122.2132768,33.4480931,6.523982064,2.2123692,43.0743285,42.95750154,34.27493416,44.58420023,0.44218305,77.46883538,33.42603611,9.254109187,45.36279246,43.80773067,,173.2276547,187.5798282,1.117099857,0.40135095,,2.436062476,83.9807514,87.59121808,50.14757191
1.54477125,161.968846,0.405467975,96.6646404,,1.794689325,57.50989365,43.24322285,,125.1700229,32.62150635,6.92599054,2.116904481,37.14888072,31.90036501,41.25721284,44.64525681,0.408397494,61.12181736,40.41907394,9.873802374,50.3268117,50.22183251,128.9203256,168.4497595,,2.161549801,0.3159,,2.53208835,80.95903784,85.06015253,57.1784291
,,,,,,,,,,,,,,,,,,,,,,,,,,,,,,,,
,,,,,,,,,,,,,,,,,,,,,,,,,,,,,,,,
,,,,,,,,,,,,,,,,,,,,,,,,,,,,,,,,
,,,,,,,,,,,,,,,,,,,,,,,,,,,,,,,,
,,,,,,,,,,,,,,,,,,,,,,,,,,,,,,,,
,,,,,,,,,,,,,,,,,,,,,,,,,,,,,,,,
,,,,,,,,,,,,,,,,,,,,,,,,,,,,,,,,
,,,,,,,,,,,,,,,,,,,,,,,,,,,,,,,,
,,,,,,,,,,,,,,,,,,,,,,,,,,,,,,,,
,,,,,,,,,,,,,,,,,,,,,,,,,,,,,,,,
,,,,,,,,,,,,,,,,,,,,,,,,,,,,,,,,
,,,106.4362707,,,,,,,,7.15382685,,,,,,,,,,,,,,,,,,,,121.1612094,
1.69228089,197.9336183,0.6248664,103.7719877,86.95386786,1.7722908,78.30097485,50.05421155,,128.341584,47.1336192,7.590763128,2.875541307,34.21661495,54.3320946,46.70490132,65.3434547,0.70689294,72.62150663,23.62892277,10.60790195,70.69766508,61.82607216,160.9252541,218.4918694,116.4526847,4.256169912,0.63359253,161.375841,3.936812626,85.79261693,113.9574614,86.68295151
1.64767068,220.7787533,0.443100375,91.83840888,95.2722948,1.63541376,84.78235008,41.4917802,,124.4075254,48.37023136,7.99687485,2.96648325,27.35463758,49.73918402,51.051276,68.15599255,0.65082609,74.54948889,19.83854916,9.8184177,63.14997279,62.14597683,154.27532,203.8782275,108.1587751,4.062714133,0.59085099,148.6469698,6.104646845,85.28007404,106.8588682,83.35021881
1.711352813,221.0254452,0.458334113,87.8608215,86.22471062,1.728331425,81.110592,41.57552002,,120.3461256,51.72502362,5.775948,2.512673011,28.14724485,47.55990685,49.38990525,68.62736744,0.531193781,79.18979988,17.81729157,10.49443796,52.3932992,71.15191335,143.520257,183.0391425,103.2888328,5.691831803,0.433888988,147.7258398,7.01420192,85.71524693,105.7890228,74.2853187
2.1971844,197.9204027,0.418481438,82.29071341,82.5076277,2.0115459,49.40347378,44.0905589,,134.8585605,52.79927827,4.83459469,1.731597075,36.92379128,43.52123859,52.77818993,69.8586147,0.5699808,85.68642208,17.38533747,10.96418194,51.15323693,68.5785403,129.2920789,173.0294681,117.6938519,7.697674015,0.533059481,143.1148713,5.087466563,85.0251853,98.10450675,61.83797326
2.799599963,169.3061838,0.427093425,85.72297469,69.15883529,2.1913983,38.76239813,48.45146557,,117.391642,54.38762957,5.505043503,2.331563063,38.63702734,41.31080158,58.20505022,73.88289632,0.717363,89.59241873,16.59415343,10.96654748,57.70705478,76.180554,125.894777,172.1217867,96.54081087,5.96614896,0.717229688,134.6989805,5.308663051,82.89430381,100.390954,57.2509728
,,,,,,,,,,,,,,,,,,,,,,,,,,,,,,,,
,,,,,,,,,,,,,,,,,,,,,,,,,,,,,,,,
,,,,,,,,,,,,,,,,,,,,,,,,,,,,,,,,
,,,,,,,,,,,,,,,,,,,,,,,,,,,,,,,,
,,,,,,,,,,,,,,,,,,,,,,,,,,,,,,,,
,,,,,,,,,,,,,,,,,,,,,,,,,,,,,,,,
6.226962414,174.634871,1.29040695,122.0836496,56.22001879,2.8334772,68.20626092,43.92029529,,123.5458479,57.31539751,5.17269375,1.44636106,25.61383671,51.73021664,76.30653247,71.60410126,0.883818844,74.99997713,15.68180655,9.580272975,48.58032081,92.3105469,123.8100299,209.67506,96.81017353,5.02330005,1.079686125,155.1933908,3.486170475,111.1191939,123.4494357,41.21834559
6.600628237,160.0358998,2.471171793,120.081823,62.5584038,3.377508741,67.19891929,41.1921639,,124.8389706,57.78227679,6.797284425,1.442662988,23.19092066,55.1897803,78.3598276,70.51686416,0.664731731,67.25381162,14.94149633,9.531556875,53.52396391,97.62588352,111.3457761,206.888819,94.1742179,7.231656916,1.232156897,162.8326332,2.99173095,107.5010801,119.2829789,49.5677593
5.78823084,154.3546411,3.940820099,109.3341199,58.28593194,3.203328263,82.50278691,38.68878891,,134.8780536,55.80293444,5.150592765,1.393957688,23.28041662,87.14431574,76.30897965,73.32681937,0.744516563,65.0190718,13.33621255,8.928969052,51.13734472,97.05534048,127.3638697,201.8101431,96.15758292,5.71355936,1.259530965,165.8357536,4.42314675,108.6324797,112.1601922,56.02125377
5.232941821,155.7800417,3.57085989,108.7104918,62.91015748,2.550867053,61.95359083,46.19694324,,139.7038493,52.94585141,5.540623003,1.496664675,27.64704616,85.918833,72.44943752,67.1723442,0.619959218,61.94138673,11.96899954,8.079328666,46.9553718,94.73053065,122.1846131,193.287473,97.70614865,6.595360502,0.90890046,157.8977558,2.597985901,110.8755723,122.8273172,53.66922923
4.741155112,171.1075603,2.391994754,101.1983828,63.11986154,2.01526313,61.86735042,37.13891293,,139.1863881,49.50826144,6.64837875,1.5771429,21.80930515,95.63075796,64.82161451,76.47654499,0.548291256,58.73425762,29.05409808,7.554792376,50.74748387,88.5006216,120.9027559,170.5791225,102.8384253,9.644006138,0.63047712,165.5647999,2.691612746,111.3757605,113.4717809,47.3202098
4.130712586,163.1326677,1.738045215,94.72200952,53.96813731,1.538690344,55.63524355,36.78671444,,139.0852513,45.56750582,7.000286286,1.509793678,21.628269,58.16527704,63.42655821,67.80972846,0.65412063,54.312039,35.7567862,7.553669446,45.66961602,77.82863411,119.4499467,166.6167477,105.290885,4.707004849,0.4143474,163.0069717,2.48297724,107.7865834,115.5063093,49.93700306
3.21184954,155.2559653,1.480426234,110.7144144,51.5131559,1.298594025,56.2616145,38.6994146,,140.1377941,42.63288621,6.996321002,1.415561336,21.84386347,56.10365889,58.33315374,59.58934796,0.540673306,52.03992002,12.73694293,7.735746375,43.01899284,67.74784652,114.4958285,165.960252,104.304428,8.70956955,0.39828937,155.9532028,2.454448878,99.61756649,123.7545601,48.85164826
2.6915328,188.6149238,1.668486095,107.5289466,53.66164038,1.893046275,56.87871368,35.9700707,,134.321568,40.6890577,6.539344147,1.300955175,19.98469361,42.15866922,63.46318512,54.78575063,0.731717635,55.00900359,12.98860397,7.638335775,43.64973934,60.12662909,119.3178025,153.1260779,107.1140627,8.948701546,0.3251097,152.749235,2.649336441,98.79583904,107.9366392,46.3746476
2.202316594,169.4367234,0.699127677,101.936095,49.06784132,1.0278171,56.78618912,33.99690739,,125.7268483,39.67398709,6.31179388,1.246520312,19.92881618,39.44554589,55.41695885,54.02034653,0.544617006,53.1734021,14.14645319,7.031501824,41.18935563,55.62409196,115.5666325,154.9559818,101.0552937,6.720065033,0.284124371,138.7213553,2.575508907,93.898102,95.99306305,45.3316667
1.898539256,151.6661235,0.57446125,86.82879542,48.04557865,0.9272475,52.15618688,34.5300325,,121.5129641,39.33522302,7.396146452,1.165657838,21.25794223,35.59771682,51.75316596,50.7836257,0.501319806,48.57664754,14.39228883,6.492719026,35.8421416,53.1376848,107.5174874,148.9793684,104.1970139,3.397975313,0.247939991,127.8465547,2.41317601,89.9664003,83.46611033,41.09842809
1.8212607,152.7208064,0.37093329,82.7828505,46.62623992,0.869769171,48.8341656,31.03266641,,109.0308546,38.42993921,7.580079029,1.031415525,21.165354,34.95170574,49.19132105,48.69377592,0.5589648,49.22645327,15.85537006,6.0390792,37.17271872,52.21460706,102.5595311,146.02713,92.49973117,1.247765311,0.22588875,124.8123958,2.09264958,85.73414328,78.70567071,36.526191
1.684016983,167.4928822,0.34362225,76.65857758,41.25210327,0.826402502,40.6553364,28.93622704,,99.7044552,36.78820202,8.460880458,0.996848775,20.97815913,33.92513313,46.83387469,45.51437842,0.407239869,47.58238422,18.3189064,5.8636305,42.51686827,50.61341392,102.8534539,152.1885339,86.38291001,6.076863,0.217615159,123.2341273,1.995517012,80.99921321,76.12785643,34.91587181
1.695937483,173.7438768,0.331058813,80.24382553,38.38689563,0.83526795,41.23550194,25.20380228,,93.53335267,34.80411326,6.219785279,0.987857775,17.24503973,29.26666116,44.36802,44.59314669,0.587577606,44.49265172,18.20967743,6.019335709,34.80788329,49.76503847,96.4373754,176.4445916,81.43549243,4.213769592,0.104868003,117.4802775,2.069814539,73.8879597,73.0858587,37.20343972
,,,,,,,,,,,,,,,,,,,,,,,,,,,,,,,,
1.775265188,131.7045946,0.410663925,67.9380706,38.56022406,0.831598652,39.35140717,24.97059562,,86.72900441,33.86019645,7.068254878,0.898163269,17.56529793,26.18633716,42.65583025,45.05659767,0.704201844,42.53262919,15.05463756,6.052732088,33.25017937,42.96031931,88.13131896,140.3902321,74.19890486,3.004045312,0.251696697,96.83697286,3.251485125,63.08741775,60.24572234,41.7842955
1.83438675,129.2084915,0.372770606,65.51486145,39.52492985,0.802574998,37.59520509,26.9733645,,87.22821659,33.93014316,7.999113488,0.814426313,19.73237372,25.18852435,41.8594932,44.91785367,0.715329563,42.7035904,14.26525104,6.0549255,33.94389375,43.4199366,82.78259534,129.547431,70.68345271,1.999578353,0.2869425,99.29845551,4.138821225,63.34064847,63.02222955,38.13464228
1.7759007,122.6986016,0.37298556,73.62631488,37.62510426,0.7478001,37.97448656,31.4420778,,83.72669328,34.63753644,7.1686593,0.991798425,24.86958531,24.67055367,42.30281862,44.44330478,0.39059496,41.28375937,14.55850881,6.444499186,33.57698218,41.8709875,78.09699457,137.5309239,68.79043016,7.820602919,0.32548635,96.65592943,4.23312372,59.6615349,58.82622138,36.20907245
1.845675545,113.6567782,0.328713188,63.06868101,39.67854879,0.731773744,37.98806922,36.73845899,,81.35198584,36.11440828,5.991127032,0.918782943,25.96332549,25.9351601,44.4326715,45.54731177,0.345184538,42.09601477,14.00673938,6.975852975,33.68563257,42.49476568,73.81248768,118.0925659,68.29466019,2.875993383,0.29832705,88.20530508,3.711279262,57.28343122,56.82204108,33.85322931
1.732169008,106.596835,0.311880375,67.12252245,39.95130937,0.795917475,36.64912795,35.17739888,,84.68300114,36.84522026,5.924066426,0.968889539,23.5839708,25.47132361,44.8916279,46.2358773,0.296611538,43.78437703,12.68894818,7.962787351,40.28265306,41.53700723,71.82543828,111.051889,67.23709451,2.723187093,0.2892591,95.42452385,5.085426306,59.85257873,56.90985109,33.68382185
,,,,,,,,,,,,,,,,,,,,,,,,,,,,,,,,
,,,,,,,,,,,,,,,,,,,,,,,,,,,,,,,,
,,,,,,,,,,,,,,,,,,,,,,,,,,,,,,,,
1.79063055,85.96112983,0.682024219,66.8443408,41.61237975,0.726775089,57.77083181,42.06846122,,74.81455649,44.7203987,6.214264988,0.789766875,27.0943596,38.34362072,73.918982,51.5706048,0.462123563,48.03160545,9.16927172,7.365957244,47.60709609,54.0147999,70.22172692,92.50009825,60.29776082,2.894570606,0.422334,91.82908607,2.731267013,59.7627592,,46.49657786
1.964396138,86.36917629,0.469146769,68.37475276,57.2270265,0.929081475,53.66011286,36.87566124,,69.5362067,42.1351524,4.977520875,0.756894375,23.64235493,35.7626534,63.88483366,49.14800465,0.5937165,45.86225871,8.921879328,6.941280151,43.42402609,52.42617205,67.68783984,98.14327824,60.41824022,5.00932738,0.326217375,96.62249718,3.081989925,63.26657619,,41.1716277
2.245460485,86.19023171,0.544437197,73.17857218,46.52673691,1.05311745,44.59684525,37.05431501,,74.11494333,39.31369492,4.875481125,0.800331469,25.91287454,34.72637695,56.41454691,48.72190165,0.537244397,42.29750188,8.643694341,6.22178339,40.57042385,49.55897671,64.91790528,93.00599102,60.04956871,5.240025879,0.354822188,97.68350514,2.402411991,66.64001323,,41.1278715
2.487280331,84.24026326,0.613873181,70.44869007,43.81010247,1.059731353,43.26898315,36.61423594,,76.86206183,37.61298956,4.429779047,0.887645991,23.94951224,32.79527063,54.00778581,45.95171715,0.55523011,42.49509615,8.672665953,5.927468119,38.19100995,47.97280384,68.68200044,92.01202642,60.79521776,5.136387783,0.255656592,98.31294197,2.274460678,67.76659302,,12.821787
2.9100951,87.99393205,0.511284555,69.42890901,47.32968335,1.083329997,41.42830273,35.92035963,,79.47608421,35.44205017,5.199034476,0.86507136,22.53289029,30.91480331,47.7166788,44.75050335,0.671452875,45.31868055,8.633332102,5.626765238,38.54713678,47.43589109,69.32680328,97.53527181,61.9380432,5.283785554,0.45316908,98.62530676,2.09546244,67.52461686,,38.6657496
3.744611854,102.9814455,0.437080522,69.08616732,43.36509668,0.99622575,42.30490109,23.64249195,,79.47274043,35.15151122,6.266253656,0.826650294,16.09161795,29.58507451,43.76835197,45.72600463,0.514535856,46.2209538,9.222593683,5.056932949,37.04016334,47.49525027,79.16274798,101.2072961,65.96444199,6.80696865,0.648214882,107.549177,2.028265312,93.87296783,,40.4438611
5.332110188,107.6155668,0.6269886,69.12672909,48.13891088,0.923996363,44.7806455,21.42316053,,79.23033227,36.51428972,5.925718688,0.715420392,17.08980525,32.12472068,49.68576857,45.3810911,0.51091425,49.94968808,7.5268116,4.62184515,30.60855,48.58262668,75.77126468,102.8941812,76.26656069,8.525455265,0.886917938,102.0570007,2.034471419,64.87775504,,42.01102733
5.439241867,103.9931485,1.069225509,71.11334499,47.56740761,0.860650873,46.678421,22.96233816,,81.75086201,36.95781122,4.540139077,0.73452825,19.12704571,43.87153666,46.43901989,44.77337491,0.476307,49.87556465,6.053541075,4.331831147,28.62410767,49.9046026,72.59721518,103.9827386,71.27808546,10.73287884,0.897082209,105.2320899,1.702409217,59.54693028,,34.14184429
5.022649756,86.36793864,1.314781875,71.69535326,48.27663889,0.905880935,38.8153809,26.01232307,,80.18487114,37.08163156,4.4551296,0.714077775,23.00008568,50.68839436,49.92329133,43.74324602,0.563363775,50.53225933,6.863093552,4.014876829,27.95724112,49.2494472,69.8442077,104.6922502,68.08071802,17.82653689,0.767457891,106.907648,1.319975662,58.45644258,,30.07992078
4.680736875,94.610074,1.0905327,77.37982245,41.50333375,0.904408875,35.85311438,22.82380922,,81.19949042,36.15216579,4.93419168,0.672058687,15.86287125,69.35982474,47.80211625,43.98908683,0.475065169,51.7496202,6.929611833,4.095897976,29.1972584,48.7404151,67.45970548,104.6798134,67.03639442,15.8846346,0.697862588,111.0826131,1.295866688,63.9933453,,31.89259575
4.513501951,111.816337,0.92325555,74.20803865,45.5117778,0.927085163,33.06984908,17.39429134,,78.17665135,34.46249102,5.39216865,0.5667165,13.10726138,51.2189142,45.33736079,42.6907662,0.483639069,51.27293558,6.368627278,3.983712637,27.24997258,47.4278247,67.78841605,96.4297224,70.24803132,16.40868459,0.638163007,120.7542168,1.235241394,66.27995498,,34.94441427
4.112051467,106.273651,0.765259853,67.86605511,32.1827175,0.786915675,34.39368797,16.7401642,,80.70988005,32.12055189,4.368183593,0.579594015,13.14714746,43.44670812,43.8436908,40.26075638,0.50649948,49.73688522,5.428810755,4.012076408,23.13049669,45.8423388,69.24695043,91.59523105,71.03369572,8.068837405,0.558660038,122.0964609,1.3614804,66.12628522,,31.6189035
4.295704049,104.1962594,1.134870143,65.75041149,37.98820956,0.721283735,32.97135942,21.68121938,,81.91687107,30.07107248,4.305906024,0.56557663,15.4878912,44.37335581,41.07105216,37.50738926,0.486270945,50.43329899,5.321470473,4.017661541,20.15561948,43.92378927,73.13512535,94.87273999,73.35546484,4.866931913,0.4964895,123.1788766,1.415375139,64.15433484,,27.66492422
4.262531343,112.8424568,0.654039563,68.13456043,35.42989613,0.713619448,31.64128262,20.18011185,,81.96946533,29.29680158,5.3751114,0.537365813,15.89234243,37.8204309,38.07719685,43.0481898,0.451750669,50.12553105,5.925448774,4.16514116,24.58630125,44.08605596,78.0318535,93.42152712,77.1669457,10.31943618,0.547615688,125.3516445,1.197649311,64.89211167,,25.42500056
4.625539222,113.2533431,0.57638628,63.887967,33.33628386,0.764952579,27.526365,20.25014378,,80.75738043,28.50183828,5.7834,0.529434563,15.40608356,39.56939014,41.0326884,37.42528185,0.492675075,43.30275552,6.004899057,4.320041428,27.07550942,44.76570948,84.55612277,94.65592944,82.05417589,9.055784171,0.736892438,114.5290402,1.239164325,62.54266102,,28.90875216
6.302866499,125.8862687,0.46700955,64.31715607,31.39541843,0.821698763,31.936342,23.9629428,,84.30038713,28.75533058,6.95606454,0.521196187,18.2425289,,48.02386641,37.5146964,0.4388175,43.38881539,6.05740032,4.201899976,23.95698778,43.16270414,85.9687927,100.9650304,75.39271344,10.680525,0.791170369,108.0411527,1.142171927,62.53195783,,31.05135513
8.184938366,109.0881562,0.544114463,64.44938343,34.40994659,0.858720994,34.49435562,20.14663767,,79.93815076,29.25173134,6.302210906,0.537221869,14.3990163,,44.84411303,38.06598896,0.483150268,44.75821767,6.750022866,4.114487813,25.95350807,42.66141528,95.16233508,105.5555796,74.32246124,5.83151049,0.736053853,109.0053046,1.119184351,62.2724544,,28.8511065
7.832186325,113.2350406,0.37330875,63.21841036,34.05558216,0.84797199,31.88066749,16.12558179,,78.7526615,28.65880853,5.58294282,0.503254687,12.256042,,44.79444585,37.20703629,0.501156703,42.05299199,6.787264118,3.966751913,24.92713204,42.43275248,76.56740796,102.7964744,72.98856677,4.257059962,0.503844975,104.9440099,1.063012748,60.48624171,53.67269081,27.85203596
6.477219651,99.97200618,0.343826438,59.40398812,31.08714207,0.7361928,29.63856898,17.2934034,,77.95717063,28.297676,5.588696588,0.493838437,12.4578428,,43.12232193,37.24554445,0.510909294,36.37602,6.947567438,3.897251903,18.33866629,42.23044192,72.08261483,108.8873244,71.99509387,4.518118237,0.491843131,101.642447,0.989626613,59.16729465,54.88443704,26.25520382
5.126031,89.89756084,0.310159125,60.109663,31.47526134,0.639122737,28.17263396,16.64986489,,76.17902511,26.69809248,5.508151538,0.483818063,11.52356557,,39.01153671,34.44771078,0.47348604,32.27200137,6.789231,3.693809791,18.33362201,42.54572223,70.8359942,100.9466759,70.38228887,3.075377183,0.420120135,101.9966944,0.93305817,59.55949713,54.54268265,20.92001904
4.714531594,86.56590285,0.2816505,56.29260714,26.11418063,0.5976126,21.66428869,11.84781769,,69.82234525,25.37602324,6.302504363,0.474303937,8.701840125,,38.40057113,31.71234308,0.4697676,30.27097828,6.1821117,3.753303751,17.909829,44.8848459,67.02522865,103.6728882,69.85346613,6.914153926,0.3121794,97.30530812,0.8161614,53.40790348,54.0968085,18.7650351
4.428105638,84.47076665,0.260418375,58.37057505,21.53442814,0.49363344,19.19599172,11.86586388,,69.92019426,24.553233,5.642875631,0.465314625,7.89147934,,36.33772033,29.47182013,0.637248938,30.0174574,5.99969916,3.50439156,17.2545282,39.46613895,68.36026862,95.70609597,85.98059036,3.098760301,0.278412862,95.59346137,0.86560056,59.52650513,51.680727,19.1805975
4.79351925,71.28610034,0.246655125,51.865569,21.52476096,0.45508608,19.45999755,12.63224808,,69.78795897,23.99311226,5.141012625,0.4570155,9.4250655,,32.7939527,28.3116384,0.525606637,29.71485169,5.95325322,3.432214216,13.89105298,37.51657965,,91.11078114,78.2345088,1.231241442,0.314326575,91.30523666,0.93616803,56.16423614,,16.54402995
6.498278325,65.77343219,0.312947212,47.6786493,21.94723755,0.38290725,19.37556906,12.3328656,,65.66217245,24.17333119,5.20038225,0.44936775,10.66347383,,36.6457014,28.75514563,0.5374755,30.61816875,6.120613125,3.289566938,14.6957485,36.8859582,70.02476661,92.78501199,62.59111716,1.127019319,0.424862213,84.69629595,0.85194585,50.98336761,,14.4761175
5.524600532,62.19414629,0.329679016,50.81942854,20.5043454,0.315551026,18.59326394,13.67620234,,60.54771116,24.91361145,4.72963385,0.442182375,10.82749999,,32.7051945,29.8030057,0.529200681,33.8012298,5.819685975,3.160746226,15.70725068,38.4421952,61.52722601,95.11505323,59.41735612,1.430513964,0.5997159,78.95588346,0.8535132,50.67902313,,15.53301461
8.71469145,49.55458568,0.3265029,51.6513618,19.58421375,0.277769925,18.24308325,14.6789253,,63.95210418,26.22333285,5.1580719,0.43513875,11.7075888,,33.49588275,30.47115375,0.51039855,30.34460475,6.140699775,3.4055343,16.9548687,40.6267326,59.91836626,90.06052771,56.601558,0.6182487,0.740502,74.34262218,0.852146325,39.74157,,17.64212063
9.222579,50.90886584,0.29873475,48.97503,21.10311968,0.27267705,18.57559365,12.44738138,,56.4828768,25.76495453,6.5941506,0.42799725,14.56271055,,33.24949965,30.78062033,0.436741875,31.2269175,5.6069955,3.158219026,17.44967813,41.9533344,58.85356521,80.89250088,52.23092626,0.964813275,0.90284625,71.88652599,0.94119975,47.18939108,,17.91904815
9.353905316,47.28404127,0.305505,49.32541575,23.7946572,0.349411725,20.8333944,14.50702811,,57.94230849,26.20440585,5.618517412,0.4209705,13.885263,24.02038058,38.74351635,31.27489313,0.444271838,32.21392781,5.689339425,3.253663688,18.08933816,42.76002387,54.871912,77.48869217,54.4748166,,0.852315075,72.757116,0.827967825,45.45692157,,17.5927059
,,,,,,,,,,,,,,,,,,,,,,,,,,,,,,,,
8.8094061,45.39148877,0.2813535,51.11797275,21.58122488,0.4283037,19.81514948,10.66089735,,55.16324099,25.87274865,7.0042482,0.4080375,12.2171976,26.78378198,35.4904173,29.462292,0.43554375,28.4699016,6.8525352,3.011465926,16.818219,38.73342038,53.23736747,71.85653373,52.48625376,1.4015106,0.695245275,70.3864161,0.86250825,38.9028825,,19.6264944
,,,,,,,,,,,,,,,,,,,,,,,,,,,,,,,,
,,,,,,,,,,,,,,,,,,,,,,,,,,,,,,,,
5.009937075,54.4977349,0.268086375,42.9004296,18.37703295,0.6131376,22.93360763,14.39425991,,53.95946355,23.5967823,7.451838675,0.389923875,12.08646563,25.8010191,35.49795469,26.58978394,0.478058625,25.26220406,5.76887535,3.193651463,18.47226769,33.72837975,52.61868,76.11142725,65.71401145,1.82601,0.552817575,70.18859928,0.687822975,46.0117422,,21.30117649
,,,,,,,,,,,,,,,,,,,,,,,,,,,,,,,,
4.34170395,49.5565371,0.244609875,41.5968615,25.70890455,0.521115525,23.494941,11.71405463,,52.87658061,22.13952953,5.3443368,0.378405,9.035213853,23.34859493,32.638464,26.3871027,0.4168584,25.21416398,5.1026112,2.929169251,18.81968918,30.4779618,48.19525112,72.55789919,51.1348032,0.61769925,0.5615865,65.82389061,0.77670225,40.31753063,41.70081825,18.9402975
,,,,,,,,,,,,,,,,,,,,,,,,,,,,,,,,
3.6585945,35.29472942,0.22518,38.50564163,22.5233568,0.433627425,21.9987036,10.36531485,,48.88106394,21.75478898,4.21958295,0.366656625,8.45126595,21.919842,34.414416,25.17037875,0.4167126,21.99893985,5.259662775,2.808908551,17.0684631,27.1535166,53.9867646,72.30556128,59.56200339,0.427210875,0.4140963,60.4684602,0.668584125,29.03094,37.47220785,16.20839768
4.2355467,48.00708,0.219074625,37.88301825,24.4360557,0.402435,19.85887665,9.55824705,,50.5585584,20.7669231,4.983336,0.360828,,22.16252745,31.8751875,24.50994593,0.45129825,21.5909388,4.937436,2.776362751,13.1077656,25.9551432,49.87551374,73.25513841,54.61803609,0.6631848,0.3536784,62.4494394,0.73413675,39.12770813,36.7818165,15.03665775
4.09617675,28.18802024,0.214758,37.736874,15.89887845,0.345576375,18.06392745,8.22424995,,43.34806194,20.4637455,4.129539975,0.35520525,5.88428955,19.21249125,24.03219578,23.15462625,0.4162266,21.43716435,5.317198425,2.740755151,13.2232905,25.093152,50.7148668,71.74815099,44.42273484,0.401068125,0.363104775,55.60132815,0.650978775,36.3652146,39.097728,14.4252306
3.47840325,26.66941066,0.212081625,37.9119987,18.63381375,0.32403915,17.7899328,7.817700151,,43.42575374,19.9288782,5.4264546,0.349407,5.559682052,19.99017833,21.0592899,19.40466375,0.45091215,21.06378068,4.3943445,2.695432951,11.47436415,24.5310282,47.66731874,64.92529484,43.56592697,0.388357875,0.355442175,54.56196045,0.639205425,31.53950325,36.1315809,13.8897396
,,,,,,,,,,,,,,,,,,,,,,,,,,,,,,,,
3.5687466,26.49919051,0.215942625,36.823329,14.233401,0.299499525,14.47775775,8.674915726,,42.44550863,20.64361613,6.9769674,0.33893775,6.074779277,18.65133,19.4853384,23.64537015,0.4505085,20.166084,4.336308675,2.6233011,12.86452125,23.4465165,43.80797522,60.04428751,41.90804258,0.9625122,0.3253608,50.32199318,0.698112,34.9092585,31.6305405,13.3002891
3.885361425,33.08290276,0.219736125,35.51073372,14.49689755,0.3020976,16.29649395,9.029804233,,43.42602186,20.53386558,4.72836744,0.33384825,7.335534558,18.31497197,20.50560603,23.75314926,0.48851424,18.75563424,4.043157525,2.7752625,12.17132258,22.77113918,42.04016169,57.40783284,43.75820772,0.483389775,0.349390125,50.51124951,0.585827438,32.99373135,31.3086708,14.03159436
0.774185191,27.0994032,0.220782375,33.62218673,17.00599962,0.29808675,16.004925,8.798344299,,41.0128056,21.24132728,4.390490681,0.32852925,7.563260253,18.08273738,20.9280672,23.64094454,0.565891206,18.13274761,3.7841472,2.866163461,11.6892899,21.69284026,39.13153455,57.90952429,39.30307623,1.877059824,0.345991947,47.39193024,0.563624977,31.41060595,29.35198823,13.0291046
1.7757954,23.1176295,0.219763125,33.1971534,16.70412375,0.3310875,14.6658465,7.90305255,,40.84649978,21.2230368,4.26328245,0.32330475,7.008828753,19.5181515,20.90448,23.76523463,0.50241195,18.3738753,3.8885184,2.70995625,11.1960927,2.110910625,39.36894705,54.52330454,37.25523855,2.421804825,0.3579633,47.3919795,0.4648644,30.02531625,28.9712619,12.23075295
,,,,,,,,,,,,,,,,,,,,,,,,,,,,,,,,
1.7963694,29.47562156,0.212277375,32.39731046,,0.380536988,14.3533593,9.857507627,,37.72599975,20.85201968,3.7158264,0.313767,8.7602094,18.31746454,22.07506568,22.2950988,0.475998188,16.88050463,3.872848613,2.531448788,11.40954458,20.69112499,38.22364418,52.43122607,36.24463631,2.418240825,0.55436805,47.549187,0.5804541,29.58484804,28.57841595,10.9965033
