BM,BTG,BWQ,CLJ,CT,DMZ,FSB,GGS,GTQ,HK,HLS,HMS,JJQ,LJG,LK,NJG,PS,QJDQ,QXC,SJY,SMZ,SPY,SWB,SXC,WC,WHK,XH,XJX,YJ,YLJK,YSG,YYL,ZT
,,0.054,0.063,,,,0.0705,,,0.0445,0.0345,0.005666667,,,,,0.014,,0.039,,0.0725,,0.064333333,,,0.0755,0.04775,0.0565,0.02425,,0.082,
0.043,0.0928,,,0.071,0.127,0.068,0.0786,,0.063,0.043333333,0.0365,,,0.0695,0.055166667,,0.0155,0.092833333,,,0.066333333,,,,0.055166667,,0.046833333,,,0.078166667,0.086166667,
0.050166667,0.1126,0.133833333,,,,,,,,0.0425,0.0364,,0.101,0.060166667,,,0.018833333,0.173833333,0.038,0.0108,0.072,,0.0642,,0.055166667,0.082666667,0.050833333,0.0635,,0.0815,0.084333333,0.080166667
0.1545,,0.186,,,,0.0815,,,,,0.057,0.005666667,,,0.02925,,0.02425,,,,0.063,,0.063333333,,,0.09675,0.058,,,0.078,,0.091666667
,,,,,,,,,,,,,,,,,,,,,,,,,,,,,,,,
,,,,,,,,,,,,,,,,,,,,,,,,,,,,,,,,
,,,,,,,,,,,,,,,,,,,,,,,,,,,,,,,,
,,,,,,,,,,,,,,,,,,,,,,,,,,,,,,,,
,,,,,,,,,,,,,,,,,,,,,,,,,,,,,,,,
,,,,,,,,,,,,,,,,,,,,,,,,,,,,,,,,
,,,,,,,,,,,,,,,,,,,,,,,,,,,,,,,,
,,,,,,,,,,,,,,,,,,,,,,,,,,,,,,,,
,,,,,,,,,,,,,,,,,,,,,,,,,,,,,,,,
,,,,,,,,,,,,,,,,,,,,,,,,,,,,,,,,
,,,,,,,,,,,,,,,,,,,,,,,,,,,,,,,,
,0.057,,0.076333333,0.218333333,0.177666667,,,,,,,,,,0.054666667,,,,,,0.046333333,,0.071333333,0.07475,0.06025,0.1,0.709,,0.01475,,0.137333333,
,0.061666667,,,,0.1934,,,,,,,,0.084666667,,,0.055333333,,,0.061166667,0.008666667,0.060833333,,,,0.0635,0.117166667,0.307666667,,0.017,0.08,0.113833333,
0.036666667,,,0.079,0.144833333,0.2115,0.118166667,0.023833333,,0.0425,0.048333333,,,0.078333333,,0.0575,,,,,,0.052333333,0.096,0.073166667,,0.076333333,,0.109333333,,,0.087666667,,
,0.086833333,,0.0775,,0.191166667,0.0615,0.026,,0.048333333,0.0485,,,0.080666667,,0.053833333,0.056,,,0.0805,0.008,0.048833333,0.0865,,0.075666667,0.0746,0.111666667,,,,0.081,,
,,,0.0692,0.1786,0.1784,0.1962,0.032,,,0.0542,0.047,0.01525,0.0866,,0.0546,,,,0.0758,,0.061,,0.0775,0.0804,,,,,0.023,,0.1194,
0.0485,0.059,,,0.168,0.164,,,,,,0.048,0.014,0.088,,0.0565,,,,,0.008333333,0.057,,0.075666667,0.087666667,0.079,,,,0.010666667,0.0715,0.1125,
,,,,,,,,,,,,,,,,,,,,,,,,,,,,,,,,
,,,,,,,,,,,,,,,,,,,,,,,,,,,,,,,,
,,,,,,,,,,,,,,,,,,,,,,,,,,,,,,,,
,,,,,,,,,,,,,,,,,,,,,,,,,,,,,,,,
,,,,,,,,,,,,,,,,,,,,,,,,,,,,,,,,
,,,,,,,,,,,,,,,,,,,,,,,,,,,,,,,,
,,,,,,,,,,,,,,,,,,,,,,,,,,,,,,,,
,,,,,,,,,,,,,,,,,,,,,,,,,,,,,,,,
,,,,,,,,,,,,,,,,,,,,,,,,,,,,,,,,
,,,,,,,,,,,,,,,,,,,,,,,,,,,,,,,,
,,,,,,,,,,,,,,,,,,,,,,,,,,,,,,,,
,,,,,,,,,,,,,,,,,,,,,,,,,,,,,,,,
,,,,,,,,,,,,,,,,,,,,,,,,,,,,,,,,
,,,,,,,,,,,,,,,,,,,,,,,,,,,,,,,,
,,,,,,,,,,,,,,,,,,,,,,,,,,,,,,,,
,,,,,,,,,,,,,,,,,,,,,,,,,,,,,,,,
,,,,,,,,,,,,,,,,,,,,,,,,,,,,,,,,
,,,,,,,,,,,,,,,,,,,,,,,,,,,,,,,,
,0.070666667,,,0.089333333,0.199,,0.058333333,,,,0.042333333,0.018666667,,0.111666667,0.094,,,,0.159,0.017666667,0.084333333,0.073,,0.096333333,,,,,,0.108,,
,0.084166667,,0.106666667,0.084666667,,,0.045,,,,0.042,0.0176,,,,,,,,,,0.079,,0.0914,,0.115333333,,,0.005,,0.067166667,
,,,0.097333333,,,0.088333333,0.06,,0.1252,0.077666667,0.0414,,0.115333333,,,0.0698,,,,,,0.07375,0.076,0.1164,,0.135833333,0.3052,,0.0056,0.087833333,,
,0.0755,,,0.090833333,,,,,0.124,0.074,,,,,,0.068666667,,,,0.02,0.082333333,0.077,0.080833333,,,,,,0.005833333,0.0855,0.061,
0.038,0.0862,,0.0868,,,0.0824,,,0.111,,0.0455,0.014,0.13,0.0992,0.0868,0.074,,,,,,,,0.15175,,,0.085,,0.005,,0.0628,
,,,,,,,,,,,,,,,,,,,,,,,,,,,,,,,,
,,,,,,,,,,,,,,,,,,,,,,,,,,,,,,,,
,,,,,,,,,,,,,,,,,,,,,,,,,,,,,,,,
,,,,,,,,,,,,,,,,,,,,,,,,,,,,,,,,
,,,,,,,,,,,,,,,,,,,,,,,,,,,,,,,,
,,,,,,,,,,,,,,,,,,,,,,,,,,,,,,,,
0.056,,,,,0.142,0.048,0.0475,0.006,,,0.044,,0.084,,,0.061,,0.068,,,0.047,0.068,0.07,,0.07,0.082,,,0.005,,,
,,,,,,,,,,,,,,,,,,,,,,,,,,,,,,,,
,,,,,,,,,,,,,,,,,,,,,,,,,,,,,,,,
,,,,,,,,,,,,,,,,,,,,,,,,,,,,,,,,
,,,,,,,,,,,,,,,,,,,,,,,,,,,,,,,,
,,,,,,,,,,,,,,,,,,,,,,,,,,,,,,,,
,,,,,,,,,,,,,,,,,,,,,,,,,,,,,,,,
,,,,,,,,,,,,,,,,,,,,,,,,,,,,,,,,
,,,,,,,,,,,,,,,,,,,,,,,,,,,,,,,,
,,,,,,,,,,,,,,,,,,,,,,,,,,,,,,,,
,,,,,,,,,,,,,,,,,,,,,,,,,,,,,,,,
,,,,,,,,,,,,,,,,,,,,,,,,,,,,,,,,
,,,,,,,,,,,,,,,,,,,,,,,,,,,,,,,,
,,,,,,,,,,,,,,,,,,,,,,,,,,,,,,,,
,,,,,,,,,,,,,,,,,,,,,,,,,,,,,,,,
,,,,,,,,,,,,,,,,,,,,,,,,,,,,,,,,
,,,,,,,,,,,,,,,,,,,,,,,,,,,,,,,,
,,,,,,,,,,,,,,,,,,,,,,,,,,,,,,,,
,,,,,,,,,,,,,,,,,,,,,,,,,,,,,,,,
,,,,,,,,,,,,,,,,,,,,,,,,,,,,,,,,
,,,,,,,,,,,,,,,,,,,,,,,,,,,,,,,,
,,,,,,,,,,,,,,,,,,,,,,,,,,,,,,,,
,,,,,,,,,,,,,,,,,,,,,,,,,,,,,,,,
,,,,,,,,,,,,,,,,,,,,,,,,,,,,,,,,
,,,,,,,,,,,,,,,,,,,,,,,,,,,,,,,,
,,,,,,,,,,,,,,,,,,,,,,,,,,,,,,,,
,,,,,,,,,,,,,,,,,,,,,,,,,,,,,,,,
,,,,,,,,,,,,,,,,,,,,,,,,,,,,,,,,
,,,,,,,,,,,,,,,,,,,,,,,,,,,,,,,,
,,,,,,,,,,,,,,,,,,,,,,,,,,,,,,,,
,,,,,,,,,,,,,,,,,,,,,,,,,,,,,,,,
,,,,,,,,,,,,,,,,,,,,,,,,,,,,,,,,
,,,,,,,,,,,,,,,,,,,,,,,,,,,,,,,,
,,,,,,,,,,,,,,,,,,,,,,,,,,,,,,,,
,,,,,,,,,,,,,,,,,,,,,,,,,,,,,,,,
,,,,,,,,,,,,,,,,,,,,,,,,,,,,,,,,
,,,,,,,,,,,,,,,,,,,,,,,,,,,,,,,,
,,,,,,,,,,,,,,,,,,,,,,,,,,,,,,,,
,,,,,,,,,,,,,,,,,,,,,,,,,,,,,,,,
,,,,,,,,,,,,,,,,,,,,,,,,,,,,,,,,
,,,,,,,,,,,,,,,,,,,,,,,,,,,,,,,,
,,,,,,,,,,,,,,,,,,,,,,,,,,,,,,,,
,,,,,,,,,,,,,,,,,,,,,,,,,,,,,,,,
,,,,,,,,,,,,,,,,,,,,,,,,,,,,,,,,
,,,,,,,,,,,,,,,,,,,,,,,,,,,,,,,,
,,,,,,,,,,,,,,,,,,,,,,,,,,,,,,,,
,,,,,,,,,,,,,,,,,,,,,,,,,,,,,,,,
,,,,,,,,,,,,,,,,,,,,,,,,,,,,,,,,
,,,0.069666667,0.071,,0.059666667,0.068666667,,0.197666667,,0.051333333,0.02,0.0795,,0.050666667,0.050666667,,,,0.016666667,0.111666667,0.077,,,0.069,,,0.096333333,0.009333333,,0.067,
,,,,,0.173,0.0565,0.038,,,,,0.02,0.0815,,0.0505,,,0.085,0.0845,0.016,,0.0805,0.082,0.092,0.07,,,,,0.074,0.07,
,,,,,,,,,,,,,,,,,,,,,,,,,,,,,,,,
,,,,,,,,,,,,,,,,,,,,,,,,,,,,,,,,
,,,,,,,,,,,,,,,,,,,,,,,,,,,,,,,,
,,,,,,,,,,,,,,,,,,,,,,,,,,,,,,,,
,,,,,,,,,,,,,,,,,,,,,,,,,,,,,,,,
,,,,,,,,,,,,,,,,,,,,,,,,,,,,,,,,
,,,,,,,,,,,,,,,,,,,,,,,,,,,,,,,,
,,,,,,,,,,,,,,,,,,,,,,,,,,,,,,,,
,,,,,,,,,,,,,,,,,,,,,,,,,,,,,,,,
,,,,,,,,,,,,,,,,,,,,,,,,,,,,,,,,
,,,,,,,,,,,,,,,,,,,,,,,,,,,,,,,,
,,,,,,,,,,,,,,,,,,,,,,,,,,,,,,,,
,,,,,,,,,,,,,,,,,,,,,,,,,,,,,,,,
,,,,,,,,,,,,,,,,,,,,,,,,,,,,,,,,
,,,,,,,,,,,,,,,,,,,,,,,,,,,,,,,,
,,,,,,,,,,,,,,,,,,,,,,,,,,,,,,,,
,,,,,,,,,,,,,,,,,,,,,,,,,,,,,,,,
,,,,,,,,,,,,,,,,,,,,,,,,,,,,,,,,
,,,,,,,,,,,,,,,,,,,,,,,,,,,,,,,,
,,,,,,,,,,,,,,,,,,,,,,,,,,,,,,,,
,,,,,,,,,,,,,,,,,,,,,,,,,,,,,,,,
,,,,,,,,,,,,,,,,,,,,,,,,,,,,,,,,
,,,,,,,,,,,,,,,,,,,,,,,,,,,,,,,,
,,,,,,,,,,,,,,,,,,,,,,,,,,,,,,,,
,,,,,,,,,,,,,,,,,,,,,,,,,,,,,,,,
,,,,,,,,,,,,,,,,,,,,,,,,,,,,,,,,
,,,,,,,,,,,,,,,,,,,,,,,,,,,,,,,,
,,,,,,,,,,,,,,,,,,,,,,,,,,,,,,,,
,,,,,,,,,,,,,,,,,,,,,,,,,,,,,,,,
,,,,,,,,,,,,,,,,,,,,,,,,,,,,,,,,
,,,,,,,,,,,,,,,,,,,,,,,,,,,,,,,,
,,,,,,,,,,,,,,,,,,,,,,,,,,,,,,,,
,,,,,,,,,,,,,,,,,,,,,,,,,,,,,,,,
,0.061666667,,,0.044666667,,,,0.022333333,0.079,0.039,,,,0.052333333,,0.037333333,0.026333333,0.052,0.079666667,,,0.055666667,0.078666667,0.0855,0.077,,,,0.00575,,0.071,
0.03075,0.0895,0.0665,,,0.128,,0.052666667,0.02,,,0.077333333,0.007666667,,0.0605,0.02625,,0.0235,,0.08,,0.05125,0.056,,0.085333333,0.104666667,0.01675,0.041666667,,,0.0735,,
,,,,,,,,,,,,,,,,,,,,,,,,,,,,,,,,
,,,,,,,,,,,,,,,,,,,,,,,,,,,,,,,,
,,,,,,,,,,,,,,,,,,,,,,,,,,,,,,,,
,,,,,,,,,,,,,,,,,,,,,,,,,,,,,,,,
,,,,,,,,,,,,,,,,,,,,,,,,,,,,,,,,
,,,,,,,,,,,,,,,,,,,,,,,,,,,,,,,,
,,,0.071,0.048,,,0.04325,0.02,0.072666667,,,0.00675,,,0.043,,,,,0.0165,,,,0.0862,0.0686,0.016666667,0.0416,,0.0072,0.0695,,
,0.0945,,,,,,,0.0145,,0.045333333,0.0256,,0.151166667,0.054,0.0425,0.043833333,0.0215,0.055833333,,,,,,0.082333333,0.078166667,0.017666667,0.0405,,0.0105,0.070833333,,0.0565
,,,0.0862,,0.1176,,,0.021,0.073,0.046,0.070333333,,,,0.0432,0.0466,,0.0558,0.098333333,,,,,,0.07825,0.0176,0.045666667,,,,0.0892,0.043
,,,0.102,0.048166667,0.115,,,,,,,0.0064,,,0.043333333,0.043833333,0.019666667,0.050833333,0.113833333,,0.064333333,0.0525,,,,0.017166667,,,0.0058,,0.158833333,
,,,,0.0502,0.1154,0.0474,,,,0.0464,,,,0.072,0.0422,0.045666667,,0.051,,0.0175,,0.05,0.0745,0.0912,0.06925,0.015,0.0432,,,,0.1366,
,0.0865,,,,0.1135,0.049166667,0.0456,0.019166667,0.0934,,,0.007,0.0888,,,,,0.053,,,,0.049666667,0.08,,,,,,,0.0805,,0.049666667
,,,,0.0534,,,0.04425,,,,,0.00625,0.0802,0.0624,0.0426,,0.0234,,,0.01575,0.051,0.0488,0.0955,0.09225,,,0.0346,,,,,0.046666667
,0.089,0.043,,0.0555,0.109,,0.036,,,0.0485,,,,0.0595,0.0425,0.0455,0.0215,,0.083,,,0.049,,,0.092,,,,0.008,,,0.043
,,,,,,,,,,,,,,,,,,,,,,,,,,,,,,,,
,,,,,,,,,,,,,,,,,,,,,,,,,,,,,,,,
,,,,,,,,,,,,,,,,,,,,,,,,,,,,,,,,
,,,,,,,,,,,,,,,,,,,,,,,,,,,,,,,,
,,,,,,,,,,,,,,,,,,,,,,,,,,,,,,,,
,,,,,,,,,,,,,,,,,,,,,,,,,,,,,,,,
,,,,,,,,,,,,,,,,,,,,,,,,,,,,,,,,
,,,,,,,,,,,,,,,,,,,,,,,,,,,,,,,,
,,,,,,,,,,,,,,,,,,,,,,,,,,,,,,,,
,,,,,,,,,,,,,,,,,,,,,,,,,,,,,,,,
,,,,,,,,,,,,,,,,,,,,,,,,,,,,,,,,
,,,,,,,,,,,,,,,,,,,,,,,,,,,,,,,,
,,,,,,,,,,,,,,,,,,,,,,,,,,,,,,,,
0.038,0.062333333,0.020333333,,,,,0.05,,0.075666667,,0.065,0.006,,,,,,,0.051,,,0.054333333,,0.071666667,0.067666667,0.022666667,0.035333333,,0.009666667,,,0.042
0.033833333,,0.0195,,,0.095333333,,0.0484,,0.0748,0.043666667,,,0.092333333,,0.0475,,,0.042833333,,0.0164,,0.054,,0.0728,0.0675,,0.2974,,0.0092,,,
,0.063666667,0.017833333,,,0.094166667,0.041333333,,,0.0768,0.044666667,,,0.109166667,,0.0455,0.044,0.015333333,0.042333333,,0.0166,,0.053333333,,,,,0.0308,,0.0122,0.074333333,0.136166667,0.0492
0.03225,0.06375,,,0.05125,,,0.061333333,,0.074333333,0.0455,0.0675,0.005666667,,,0.04525,,,0.0435,0.048,0.017,,,0.076,,,,,,,,0.13775,
,0.0775,0.01225,,,,0.05275,,0.005,0.075666667,0.04575,0.077,,,0.056,,0.045,0.01525,0.04625,,,,0.05025,,0.073,,0.014,,,,,0.13375,0.04875
,,0.01425,,,,,0.0605,,0.0765,0.04725,0.073666667,,0.1195,,,0.04525,0.0145,,0.05875,,0.06675,,,,,0.0135,,,,0.07275,,
,0.086666667,,,,0.091666667,,,0.005,0.079,0.048333333,0.0615,,,,0.043333333,0.046,0.014,0.044,0.056666667,0.0195,,,,,0.075,0.014666667,0.026,,,0.072666667,0.111333333,
0.032,,0.015,,,0.088,,0.063,0.02,,0.06,0.062,,0.115,,,,0.012,0.045,0.07,,0.065,0.046,,,0.072,0.014,,,,,,0.052
,,,,,,,,,,,,,,,,,,,,,,,,,,,,,,,,
,,,,,,,,,,,,,,,,,,,,,,,,,,,,,,,,
,,,,,,,,,,,,,,,,,,,,,,,,,,,,,,,,
,0.068,,,0.054,0.0815,,0.047,,0.082,0.0585,0.051,0.005,,,,0.049,0.014,,0.0705,0.019,,0.048,,,,0.0115,0.024,,0.014,0.0735,0.133,
0.032,,,,0.04925,0.0805,0.03725,0.03975,0.0165,,,0.0425,0.005,,,,0.04675,,0.05,0.07325,,0.05575,,0.082,0.07625,,,,,,0.07075,0.11375,
,0.07425,0.01325,,,,0.043,,,,,0.044666667,,0.0805,,0.04525,0.0455,0.0155,0.051,0.072333333,,,0.04625,,0.074666667,,0.017,0.021666667,,,0.0715,,
0.033,,0.015,,0.0495,,,,0.0195,0.071,,0.022,0.005,0.101,,0.0475,0.048,0.0135,0.0525,,0.019,0.048,0.046,,,,,,,,0.074,,
,,,,,,,,,,,,,,,,,,,,,,,,,,,,,,,,
,,,,,,,,,,,,,,,,,,,,,,,,,,,,,,,,
,,,,,,,,,,,,,,,,,,,,,,,,,,,,,,,,
,0.0645,0.01225,,0.0435,,0.04175,0.04725,,,,,,0.09925,,,,0.01475,,0.08125,,0.0615,0.04525,0.07875,0.08,,0.01375,,,0.013,0.076,0.12425,
,0.0715,,,0.0455,0.0765,0.0455,0.043,,,,,0.005,0.109,,,,0.0145,0.0475,,,0.0585,0.0455,0.075,0.076,,,,,0.013,,0.1,
,,,,,,,,,,,,,,,,,,,,,,,,,,,,,,,,
,,,,,,,,,,,,,,,,,,,,,,,,,,,,,,,,
,,,,,,,,,,,,,,,,,,,,,,,,,,,,,,,,
,,,,,,,,,,,,,,,,,,,,,,,,,,,,,,,,
,,,,,,,,,,,,,,,,,,,,,,,,,,,,,,,,
0.0355,,0.0125,,0.0455,,,0.0395,,0.0805,,,,,,0.0455,0.038,,0.0505,,0.0205,0.0495,,0.074,,,0.061,,,,,0.188,
0.037333333,,,,,0.068333333,,0.06475,0.015,,,,0.005,0.133,,,0.036333333,,,0.082,,,0.050333333,0.077666667,,,,,,,,,0.0355
,,,0.1336,0.045,,,,,,,,,0.107,,0.046,0.038,,0.053666667,0.0832,,,0.050166667,,,,,,,,,0.166666667,
,,0.005666667,,0.040666667,,0.028,0.045,,,,0.043,,0.085,,,0.038,,,,,0.064666667,,0.0825,,0.07,0.068333333,,,0.012,,0.139,
,,,,,,,,,,,,,,,,,,,,,,,,,,,,,,,,
,,,,,,,,,,,,,,,,,,,,,,,,,,,,,,,,
0.037,,,,0.043,0.075,,,0.015,,0.054,0.005,0.005,,,0.0465,,,,,0.018,0.062,,,,,0.048,0.024333333,,0.0105,0.0945,0.162,
,,,0.149,0.04,0.0785,,,0.017,,0.0535,0.022333333,0.005,0.088,,,,,0.051,,0.017333333,0.0595,,,,,,0.023333333,,,,,0.052
,,,,,,,,,,,,,,,,,,,,,,,,,,,,,,,,
0.038,,,0.195,0.048,0.076,0.046,,,0.092,,,,0.081,,,,,,,0.018,0.049,0.053,,,,,,,0.014,0.099,,
,,,,,,,,,,,,,,,,,,,,,,,,,,,,,,,,
,,,,,,,,,,,,,,,,,,,,,,,,,,,,,,,,
,,,,,,,,,,,,,,,,,,,,,,,,,,,,,,,,
,,,,,,,,,,,,,,,,,,,,,,,,,,,,,,,,
,,,,,,,,,,,,,,,,,,,,,,,,,,,,,,,,
,,,,,,,,,,,,,,,,,,,,,,,,,,,,,,,,
,,,,,,,,,,,,,,,,,,,,,,,,,,,,,,,,
,,,,,,,,,,,,,,,,,,,,,,,,,,,,,,,,
,,,,,,,,,,,,,,,,,,,,,,,,,,,,,,,,
,,,,,,,,,,,,,,,,,,,,,,,,,,,,,,,,
,,,,,,,,,,,,,,,,,,,,,,,,,,,,,,,,
,,0.005,,,0.067333333,0.032333333,0.044,,0.054,0.056666667,,,,,,,,0.051,0.090666667,,0.052,0.051,0.075666667,0.086666667,0.065333333,,0.015666667,,0.012666667,,,0.034
,,0.005666667,0.11,0.032666667,0.068,0.029,,,,,0.029,,0.098,,0.04,,0.009,,0.09,0.016333333,,0.050333333,0.074,0.086,,,0.016666667,0.185666667,0.01,0.068333333,,0.036
,,,,,,,,,,,,,,,,,,,,,,,,,,,,,,,,
0.037,,,,0.034,,0.033,,,,,0.042,,,,0.041,0.0415,,,,0.016,0.0585,0.0465,0.0795,0.081,0.067,0.066,0.022,,,0.0715,,
,,,,,,,,,,,,,,,,,,,,,,,,,,,,,,,,
,,,,,,,,,,,,,,,,,,,,,,,,,,,,,,,,
,,,,,,,,,,,,,,,,,,,,,,,,,,,,,,,,
,,,,,,,,,,,,,,,,,,,,,,,,,,,,,,,,
,0.072,0.005,,,0.07075,,,0.01675,,,0.03825,0.005,,,,,0.00975,0.04025,0.08325,,0.04975,,,0.0815,0.058,,0.0222,,0.01025,,0.06375,0.03925
0.038166667,0.075166667,,0.068833333,0.036833333,,,0.0608,,0.0616,0.051,0.0386,0.005,0.125333333,,0.0435,0.039833333,,,,,,0.047833333,,,0.063,0.045666667,0.021166667,0.104833333,,0.072666667,0.0685,0.0396
0.038666667,0.07425,0.005,,,,0.02875,,0.016,0.073666667,0.05025,,,0.1085,,0.04375,,0.01,0.04,0.0855,,0.05975,0.049,,0.081333333,,,,,,,0.06325,
,,,,,,,,,,,,,,,,,,,,,,,,,,,,,,,,
,,,,,,,,,,,,,,,,,,,,,,,,,,,,,,,,
,,,,,,,,,,,,,,,,,,,,,,,,,,,,,,,,
,,,,,,,,,,,,,,,,,,,,,,,,,,,,,,,,
,,,,,,,,,,,,,,,,,,,,,,,,,,,,,,,,
,,,,,,,,,,,,,,,,,,,,,,,,,,,,,,,,
,,,,,,,,,,,,,,,,,,,,,,,,,,,,,,,,
,,,,,,,,,,,,,,,,,,,,,,,,,,,,,,,,
,,,,,,,,,,,,,,,,,,,,,,,,,,,,,,,,
,,,,,,,,,,,,,,,,,,,,,,,,,,,,,,,,
,,,,,,,,,,,,,,,,,,,,,,,,,,,,,,,,
,,,,,,,,,,,,,,,,,,,,,,,,,,,,,,,,
,,,,,,,,,,,,,,,,,,,,,,,,,,,,,,,,
,,,,,,,,,,,,,,,,,,,,,,,,,,,,,,,,
,,,,,,,,,,,,,,,,,,,,,,,,,,,,,,,,
,,,,,,,,,,,,,,,,,,,,,,,,,,,,,,,,
,,,,,,,,,,,,,,,,,,,,,,,,,,,,,,,,
,,,,,,,,,,,,,,,,,,,,,,,,,,,,,,,,
,,,,,,,,,,,,,,,,,,,,,,,,,,,,,,,,
0.0415,0.0485,0.005,0.011,0.0425,0.0815,,,,,0.048,,0.005,,,0.0445,,,,0.0895,0.0145,0.0605,0.046,0.0815,0.087,,,0.038,0.087,0.007,,0.0595,
,,,,,0.079666667,0.047333333,,,0.088,0.046666667,,0.005,,,0.046,,,,,,,0.046,0.084666667,,0.074333333,0.048666667,0.034666667,,0.011666667,0.073666667,0.062333333,0.050333333
0.04875,0.06875,0.005,,,0.08225,0.04625,0.04,,0.088333333,,,0.005,,,,0.03725,,,0.08225,,0.05775,0.04525,0.088666667,0.079333333,0.087,0.04575,,0.0905,0.011,,0.0625,0.058666667
0.049,0.0656,,0.041666667,0.0465,0.081833333,,,,0.0782,,,,0.081,,0.045166667,,0.015833333,0.046,,0.0164,0.045333333,,,,0.0814,,,,0.0068,,0.0605,
0.0525,,,,0.0495,,0.0435,,0.017,,,0.009,0.005,,,,,0.016,,,0.016,0.043,0.0455,,,0.08,0.0465,,,,0.071,,
,,,,,,,,,,,,,,,,,,,,,,,,,,,,,,,,
,,,,,,,,,,,,,,,,,,,,,,,,,,,,,,,,
,,,,,,,,,,,,,,,,,,,,,,,,,,,,,,,,
,0.09175,,0.05475,0.03425,0.069,,,,,,,,,,,0.03675,,,0.09375,0.015,,0.04825,,0.0884,,0.0275,,0.083,,,0.05875,
0.045,,,,,,,0.051,0.011,,,0.015,,0.108,,,0.037,,,0.096333333,,,,0.078,0.091,0.0675,0.023,0.032,0.083,,0.068333333,,0.043
,,,,,,,,,,,,,,,,,,,,,,,,,,,,,,,,
,,,,,,,,,,,,,,,,,,,,,,,,,,,,,,,,
,,,0.07,,0.070333333,,0.054666667,,0.069,0.039666667,,0.005,0.082666667,,,0.036,,0.038333333,0.097666667,0.017,,0.051,0.072666667,,0.06,,0.0405,0.096,,0.084666667,0.048666667,
,0.0784,,0.0654,,0.0674,,,0.031,0.06925,0.0438,,0.005,,,0.009,0.0342,0.02,0.0386,0.0884,0.0165,,0.0498,0.06725,,0.05925,0.0478,0.0385,0.1066,0.008,0.0834,,0.04875
,,,,,,,,,,,,,,,,,,,,,,,,,,,,,,,,
,,,,,,,,,,,,,,,,,,,,,,,,,,,,,,,,
,,,,,,,,,,,,,,,,,,,,,,,,,,,,,,,,
,,,,,,,,,,,,,,,,,,,,,,,,,,,,,,,,
,,,,,,,,,,,,,,,,,,,,,,,,,,,,,,,,
0.045666667,,,,,0.055,0.045333333,0.051666667,,0.0615,,0.019,,0.099666667,,,,0.018666667,,,,0.042,0.052333333,,0.063666667,,0.056333333,,0.088333333,0.097,,0.057333333,0.036333333
0.0425,0.0685,,,0.0375,0.0555,0.041,0.048,,,0.0425,0.019,,0.1015,,0.046,,,0.044,0.081,0.015,0.0465,0.0535,,,0.0575,,,,0.012,0.0645,,0.0325
,,,,,,,,,,,,,,,,,,,,,,,,,,,,,,,,
,,,,,,,,,,,,,,,,,,,,,,,,,,,,,,,,
,,,,,,,,,,,,,,,,,,,,,,,,,,,,,,,,
,,,,,,,,,,,,,,,,,,,,,,,,,,,,,,,,
0.0475,,,0.0425,,,,,,,0.0455,0.018,0.005,0.0885,,0.2265,,,0.0415,0.075,0.014,,,,,0.054,,0.0265,,0.051,,0.05,
0.049,,0.005,,0.0435,,0.0485,,,,,,0.005,0.09075,,,0.04175,,0.04025,,0.015,,,0.0606,,0.0544,,0.0254,,0.0242,0.0565,,0.03925
0.0458,0.0556,,0.0478,0.0408,0.05125,,0.04225,,0.05925,0.0454,,,0.09225,,,0.03975,,0.04,0.06925,,,0.0408,,,0.0545,0.0488,0.02375,,0.00725,,0.055,
0.048333333,,0.005,0.045333333,0.036333333,,0.04,0.034,0.019,,0.045666667,0.021666667,,,,,,0.014,,,,,,0.056333333,,,0.055333333,,,0.006666667,0.055,0.054666667,
0.04325,0.06125,,,,0.05025,,0.0395,,,,0.02825,,0.081,,0.06725,,0.0125,,0.065,0.01375,0.03875,0.043,,,,,,,0.00675,0.05175,0.05675,
,0.071,0.005,,0.0305,,0.039,,,,,,,,,0.048,0.041,0.0165,0.045,0.0605,0.014,,,,0.059,,,0.028,,0.005,,0.058,
,,,,,0.0515,0.035666667,,,0.054,,0.028,,,,,0.04,,0.0465,0.0625,,0.0365,,,,0.0512,,0.0272,0.076333333,,0.055166667,0.058333333,
0.04175,,,0.0565,0.032,,,0.031333333,,,,0.031,0.005,,,0.005,,0.013,0.04575,0.06225,,0.034666667,0.04575,0.065666667,0.056333333,,,0.028,,0.006666667,,,0.027666667
0.041333333,0.054333333,0.005,0.055,0.0255,,0.034,,,0.054,,,,0.068,,,,0.018333333,,0.069666667,0.013666667,0.035,,0.0615,,0.049,,0.022666667,,0.006,,,0.026
0.04125,,,0.05525,,,,,,,,0.0342,,,,,,0.037,,0.0708,0.0132,,0.0462,,0.0594,0.0498,0.0554,,0.085666667,,0.0582,0.0584,
0.043,0.0675,0.005,,0.022666667,0.0415,0.031,,,,,,,,,,,,,0.0734,0.022,0.032833333,0.044666667,,,,0.117333333,0.029,,0.0052,,,
0.039,,,,,0.041,,,0.022333333,,0.045666667,0.034333333,0.005,0.097,,,0.040333333,0.166666667,,0.071,,,0.044,0.060666667,,0.069333333,,0.031,,,,,0.025666667
,,,,,,,,,,,,,,,,,,,,,,,,,,,,,,,,
,,,,,,,,,,,,,,,,,,,,,,,,,,,,,,,,
,,,,,,,,,,,,,,,,,,,,,,,,,,,,,,,,
,,,,,,,,,,,,,,,,,,,,,,,,,,,,,,,,
0.045,0.106,,0.082,0.045,,,0.052,0.022,0.081,0.044,,,0.105,,0.005,,0.088,,,,,,,0.065,,,0.04,0.097,,,,
0.0475,,0.005,,,0.041,0.056,,0.0245,,0.0425,0.036,,,,0.005,,,0.0305,0.084,,0.062,,0.0745,0.07,0.071666667,,,,,,0.055,
,0.076833333,0.005,,,0.040333333,,0.0558,0.022666667,,,,0.0056,0.1215,,,,0.087666667,0.033666667,,0.0134,0.0655,0.037833333,,0.0732,0.070166667,,,0.119166667,,0.077666667,0.053833333,0.057333333
,0.069,,,,,0.062833333,0.0538,0.022833333,0.121333333,,,0.005,0.128,,0.005,,,,0.0625,,0.061,0.038833333,,0.076,,0.172166667,0.041666667,0.1185,,,0.0545,0.058
,,0.005,0.057666667,0.0675,,0.0645,,0.0245,0.148166667,0.0395,,0.005,0.1255,,,0.036,,0.0495,,,,,,,,0.136666667,,0.117166667,,,,
0.046,,0.005,0.052833333,0.062333333,0.048166667,,0.0602,,,0.039166667,,0.005,0.125833333,,,0.037333333,,0.060333333,,0.0128,,,0.0732,,0.0906,0.115666667,0.052,,0.0054,,0.054833333,0.0544
,,0.005,0.0632,,,0.0592,0.06325,,0.116333333,0.0394,,0.00575,0.129,,,0.0362,,,0.074333333,,,0.0386,,,,0.1064,,0.1084,,,,0.05425
,0.0604,,0.0574,,,,,,0.099,0.0406,0.043,,0.1096,,,0.0358,0.0358,,0.0736,,0.0692,,0.08975,,0.07875,,0.045,0.1006,0.005,0.0696,0.0624,0.05675
0.0545,0.0555,,0.056,,0.060833333,,,0.0218,0.0992,0.040833333,,0.005,,,,0.036,,,0.085833333,,,,,,0.0696,0.087,,0.092666667,0.006,0.069,0.061666667,0.0604
,0.0532,0.0072,,,0.062,0.09,0.05825,0.024,,,,,0.119,,,0.0368,0.0238,0.0642,,0.01375,,,,,0.07,,,0.0818,,0.0706,0.0706,0.05925
0.0515,,0.005,0.063,,,,0.06275,0.0226,,,0.03825,0.005,0.1216,,,,0.0186,,,0.01475,0.0748,,0.084,,0.07375,,0.082,,,0.0774,0.0814,
,,0.005,,0.073,0.066666667,,,,,,0.038833333,,,,,0.036833333,0.015333333,,,0.0134,0.0735,,0.0822,,,0.079,0.059333333,,0.0064,,0.074833333,
,0.069166667,,0.052166667,,0.069666667,0.061833333,,,0.076,0.0395,,,0.114333333,,,,0.014833333,0.059333333,,0.0138,0.074333333,,,,,,,,0.006,0.075166667,0.0675,0.061333333
0.047666667,,0.005,,,,,0.0456,,0.075,0.039,,0.005,,,,,,,,,,0.028166667,0.0784,,,,,,,0.073833333,,
,0.087333333,,,,0.081333333,0.065666667,0.04275,,,0.038,0.043,,,,,,0.014666667,0.06,0.0692,0.0142,,,0.0766,,,0.0675,0.0512,,,0.071333333,,0.0606
,,,,0.06525,,0.06325,0.0594,0.028,0.071,0.03725,,,,,,0.0344,,,,,0.0545,0.03125,,,0.0652,,0.0488,,,,0.066,0.051
0.0435,0.0748,,,0.060666667,,,,0.0636,0.063666667,0.037333333,0.0432,,0.1538,,,0.0344,0.023,0.0535,0.061,,0.05625,0.0365,,,,0.059166667,0.0465,,0.009833333,0.0628,0.06325,
0.04,,0.00525,,0.05375,0.08325,,0.0526,0.1468,0.061,0.037,,,0.132,,,0.035,0.0122,,,,,0.0416,,,0.0598,,0.045,0.0788,0.0088,0.0636,,0.0454
,,,,,,0.0478,,0.133333333,0.061,0.037,,0.005,,,,0.0354,0.0116,,,,,0.045,,,0.0566,0.0608,,0.0766,,,0.0614,0.0634
0.0455,0.055,,0.067,,,,,0.0816,0.05975,,,0.005,0.088666667,,,0.036666667,,,,,,,0.073833333,,,,0.047833333,0.062666667,,0.064166667,,
,0.05475,0.005,,,,,0.047,0.0715,,0.03625,0.04475,,,,,0.0365,0.01225,0.064,0.059,,0.05075,,,,,0.06225,0.04975,,,,,
,0.060166667,,0.063333333,,,0.049666667,0.046666667,,0.276666667,0.036666667,0.0442,,0.093833333,,,0.0335,0.0175,,0.062333333,0.012833333,,0.054166667,,,,,0.072833333,,0.008333333,,,0.045166667
0.046,,,0.0595,0.0464,0.090833333,,,0.0514,0.0102,,,0.005,0.100166667,,,0.034833333,0.0215,0.055166667,,,0.071166667,,,,,0.0845,0.064,,0.0082,,0.065166667,
0.04975,,,0.0565,0.0655,0.092,0.059,,0.045,,,0.04675,,0.1055,,,,,0.06825,0.0785,0.01175,0.05625,,0.0625,,,0.072,0.0545,0.07475,0.0065,,0.0625,
0.05675,0.068333333,0.005,0.0605,0.068333333,0.101,,0.0775,0.0452,,0.035,,,0.150833333,,,,0.050333333,0.058166667,0.081333333,,0.068666667,0.052333333,0.0616,,,,0.0552,0.074666667,,0.0655,0.061333333,
0.05575,0.08,0.0085,0.057,0.06475,,,0.071666667,,0.081333333,,,,,0.063,,0.03425,,,0.078,,,,,,0.069,,0.0515,,0.007666667,,0.06375,0.0825
0.050666667,,,,,,,0.0572,,,,0.0474,0.005,0.126333333,0.052,,,0.038833333,0.053,0.075666667,,0.097666667,0.048333333,,,0.0704,,0.0556,0.085166667,,,0.068666667,0.1008
0.053333333,,0.019,,0.096833333,,0.081,0.0486,,0.0715,,,,0.115333333,,,0.040833333,0.034166667,0.052666667,,,0.079166667,0.049333333,,,,0.0605,0.0542,0.088333333,0.008,0.0675,0.067333333,0.0904
,,0.026666667,,,,0.089333333,,0.04575,,0.04225,0.0464,,,,,0.040166667,,,0.078,,,0.049666667,0.0782,,,0.062666667,0.0524,0.0895,,,,
0.049333333,0.095833333,,0.056333333,,,0.0625,0.0426,,,0.045,0.0464,,0.115833333,0.059,,0.042666667,,0.061,0.078666667,0.0116,0.062333333,0.048,,,0.0666,,0.0566,,0.0106,0.067,0.063166667,0.0638
,,0.017166667,0.05225,0.064666667,0.124,,0.0436,0.036,,,0.0448,,0.109,0.055833333,,,0.033666667,0.066833333,0.0755,0.0124,,,0.0868,,,0.065666667,,0.088666667,,0.0625,,
,,0.013333333,,,0.122,,0.0558,,,,0.0444,0.005,,,,0.044833333,,0.064333333,0.073833333,,0.058666667,0.050666667,,,,0.069833333,,0.083666667,0.007,,0.0635,
,,0.0158,,,0.1212,,0.04975,,0.06425,0.051,,,0.1214,0.0474,,,,,,,,,0.078,,0.06575,,0.0565,,,0.0612,0.0666,
,,,0.049,,,,0.0424,0.034333333,0.060333333,0.051,,,0.10575,0.0505,,0.045,0.07675,0.0615,,0.012,0.06275,0.05025,0.086,,0.0676,,0.0596,,,0.06125,0.066,
0.051166667,,0.016333333,,0.053833333,0.135666667,0.057,,0.031833333,,0.051,,,0.112666667,,,0.045833333,0.045833333,,0.079666667,,0.061833333,,0.081833333,,0.066,0.161,,,,0.059666667,,
0.051166667,0.084833333,0.025,0.0395,0.064,,0.0582,,,,,,,,0.089833333,,0.044333333,0.038,,0.078,,,0.046333333,,,,0.099333333,,,0.006,0.0575,,
0.049333333,,,0.054,,,,0.04225,,,,,0.0054,,0.091166667,,0.044333333,,,,0.011333333,0.054666667,0.047666667,0.079,,0.067,,,,,0.057666667,,
,0.068,,0.061833333,0.054833333,0.127666667,0.050166667,,,,,,0.005,,,,,,,,0.012,0.0518,,,,,,,,,,,0.045166667
,,,0.049666667,,0.119,,,,0.067833333,0.049333333,0.046833333,,0.1195,0.069166667,0.041,0.046333333,0.063666667,0.0565,0.0814,0.012,0.0645,,,,0.065333333,,,,,,0.077166667,
,0.068666667,,0.049666667,,,0.058333333,0.0595,0.0238,,,,,0.12325,,0.0385,,0.0425,0.058,,0.012833333,,,0.072166667,,,0.080666667,0.072,,,0.0775,,0.0605
,0.08,0.0495,,0.081333333,,,0.064833333,0.0265,,,0.048333333,,0.1442,,,,0.042,,,,,,0.076,0.077,,0.070333333,0.075833333,,,0.075333333,0.082,0.065166667
0.0456,0.0812,,0.0478,0.0756,,,,0.0292,,,0.04875,0.005,,,,,0.0416,,,,0.0814,,0.07375,,0.06775,,0.0535,0.1036,,,,
,,,,,,,,,,,,,,,,,,,,,,,,,,,,,,,,
0.045,,0.0475,,,,,0.0452,0.022,,0.04325,,,0.114333333,,,,,,0.0765,0.0116,0.064666667,,0.073,,0.0692,,0.049,,,0.0705,0.0685,
,,,,0.073333333,0.136166667,0.066,0.042166667,0.021833333,,,,0.005,0.104333333,,,,0.023333333,0.059833333,0.075166667,0.012333333,,,,,,0.071833333,0.0475,,0.0076,0.065333333,,
0.045166667,0.075833333,0.0335,,0.065333333,,,0.0455,0.025666667,0.0865,0.024,,0.005,0.106666667,0.0754,,0.047666667,0.023333333,,0.074666667,,,0.048166667,,0.0745,,,,0.0875,,,,
0.044,0.073166667,,,0.056166667,,,,0.025666667,0.083166667,0.045,,0.0065,0.114,,,0.048666667,0.021666667,0.064,,,0.0515,,0.08,,0.059166667,0.072833333,,0.0825,0.009,0.063166667,0.062833333,0.044166667
0.043,0.072333333,,0.046,,,0.060666667,,,0.083166667,,,,0.113,0.054833333,,,0.0225,,,,0.061666667,,,0.077,0.059,0.069666667,0.047,,,0.059666667,0.060833333,0.0465
0.043,0.07075,,0.05625,0.0905,0.1585,0.06575,,0.01925,,0.04675,0.044,,0.1605,0.05575,,0.0475,0.02325,0.0655,0.07,,0.096,0.04775,,0.07475,,0.07325,0.05025,0.0745,0.00975,0.06225,,0.05525
,0.05425,,,0.0855,,0.082,0.0765,,,0.04775,,,0.1408,0.06375,,0.0486,0.021,0.0605,,,0.11425,0.04875,,,,0.06825,0.0856,,,,,
,,,,,0.2066,,0.075,0.0224,0.084,0.0466,0.04525,0.00575,,0.061,,,,,,0.0145,0.117,,,,0.061,,,0.07975,0.01325,0.0642,0.0806,
,,,,,,,,,,,,,,,,,,,,,,,,,,,,,,,,
,,,,,,,,,,,,,,,,,,,,,,,,,,,,,,,,
,,,,,,,,,,,,,,,,,,,,,,,,,,,,,,,,
,,0.042333333,0.054333333,0.103,0.280333333,,0.0865,,,0.044,0.045333333,,,0.063,,,0.017666667,0.0885,0.074333333,,0.129666667,,,0.072666667,0.062,,0.088,,,0.065333333,0.079,
,0.0685,0.03925,0.0625,0.12875,0.245,,,0.0325,0.0884,0.046,,,,,,0.049,,,0.07425,,,0.0525,0.0676,,0.0624,,,0.107,,,,
,,0.0392,,0.1478,0.1956,,,,0.084833333,0.0458,0.045,0.0055,0.173666667,0.065333333,,,0.016,,,,0.110166667,0.0534,,,,0.054833333,,,,0.059833333,0.062833333,
0.044333333,0.068666667,,,0.119,,,0.064,0.032833333,0.082333333,,,,,,,0.049666667,,0.284,,0.014166667,,,,,0.070666667,0.0525,,0.089833333,0.018666667,0.057833333,0.059166667,
0.042166667,,,,,,,,,0.083666667,,0.045333333,,,0.056666667,,,0.016833333,0.126,0.0678,,,0.066166667,0.071333333,,,0.0525,,,,0.055333333,0.06,
,,,0.036,,,0.0805,,,0.081,0.049,,0.005333333,0.145833333,0.064333333,,,0.016333333,,0.068333333,0.013166667,,,,,,0.052333333,,0.074,,,,
,0.0682,0.0402,0.033166667,,,0.077,0.0585,,0.083833333,,,,,0.0635,,,0.016333333,,,0.0135,,0.0654,0.071,,0.07025,0.048,0.095,0.073666667,0.019,,,
,,0.0424,,,,0.0714,,0.026,0.074666667,0.049,0.043,,0.1554,0.06,,0.0508,0.0168,0.1104,0.065666667,0.013,,0.0636,0.06975,0.072333333,0.059666667,,0.0875,,0.01775,,,
,0.0655,,0.05275,,0.149,0.0665,0.06,,0.073,,,,,0.0635,,,0.0165,0.0995,0.06325,,0.06675,0.06875,0.06875,0.0714,0.08325,0.04825,0.0724,,,,,
,0.060666667,,0.072,0.074666667,,,,0.027,0.067,,,0.005833333,0.139166667,,,,,,0.086833333,0.014,0.067833333,,,,,0.047166667,0.075,,0.01175,,0.056666667,
,0.0615,0.043333333,,,,0.063166667,,,,,,0.006,,0.067,,,,0.098,,,,,0.0634,,,0.046333333,0.083166667,0.073,,0.048833333,0.058,
,,0.1182,,,0.1422,0.066,,,,,,0.006,,0.0708,,0.0582,0.0214,0.215,,,0.0626,0.0628,,0.0674,0.0572,0.0466,0.0818,0.069,,0.0518,0.064,0.0582
0.032833333,,0.101166667,0.035833333,,,,0.049833333,,0.057,,0.0455,,,0.062166667,,,,,,,0.071166667,,,,,,,,,,0.067666667,0.057833333
0.04,,0.0408,,,,0.069,,,,,0.045166667,0.0065,0.129,0.07025,,0.06025,,0.1196,,0.018166667,0.087166667,,,0.066666667,0.0555,,0.070166667,0.082,,,0.065166667,
,0.0568,,,0.0892,,0.0718,0.043833333,0.030333333,0.058333333,,0.045166667,0.006833333,0.1246,,,,,,0.064,,,,,0.072,,0.0464,,,,0.0598,0.061333333,0.060166667
,0.063666667,0.050833333,0.0426,0.082666667,,0.068166667,0.0504,0.027666667,,,0.0452,0.0068,,0.075,,,,,,,0.071333333,0.065333333,,0.0722,0.0648,,,,,,,0.0582
0.036,0.0656,0.0455,0.043,0.072166667,,0.059333333,0.0434,,,,,0.0092,0.108333333,0.0744,,0.059,0.0214,0.126,0.061833333,,,,0.0622,,0.0604,0.05,0.081,,,0.0572,0.069833333,0.0558
0.0355,0.0734,,0.0452,,0.143833333,,,,0.2616,0.0624,,,,,,0.059,0.0222,0.1086,,,,0.0652,,0.069,,0.0454,,0.078333333,0.013333333,,0.076,0.07325
0.0385,0.072333333,0.045333333,0.0466,0.0838,0.14125,,,,,,0.045,,0.1055,,,,,,0.062,,,,,,0.054333333,,0.5392,0.085,0.02275,,,
0.044666667,0.0662,0.047333333,0.046,0.0984,,,0.0518,,,0.0546,0.045333333,,0.096,0.0844,,,0.037,0.102,,,0.084,,0.0675,,,0.0468,,0.094666667,0.00575,,,
,,,,0.1134,,0.1345,0.058,0.057666667,,0.054,,0.011166667,0.1054,,,,,0.1156,,0.0136,0.0746,0.0606,,,,,,,0.0076,,,0.089
,0.0426,0.0392,0.0482,,,0.0892,0.0514,,0.065,0.0522,,0.0115,0.1145,,,0.054,0.0348,,,,,,0.066333333,0.0752,,0.052833333,0.1022,0.0994,0.008,0.061,0.077,
0.038666667,,0.037333333,,0.076666667,0.160833333,0.0735,,0.0796,,0.051333333,,0.0125,0.114166667,,,,,,0.059333333,0.0125,,,0.105,,0.062,,,,0.008166667,,,0.0745
,0.07025,0.03975,,0.07025,,,0.0535,,0.0575,,0.045,,0.108,0.073,,0.051,0.02575,0.08925,,0.01275,0.06275,,0.06825,0.078,,0.0555,,,0.01075,0.0685,0.0805,
0.036333333,0.072166667,,0.0515,0.066,,,,,,0.0525,,,0.108,0.067333333,,,,0.086333333,,,0.071166667,,,,0.056833333,0.049833333,,,,,,0.0576
0.034166667,0.070666667,,0.0485,0.06,0.144,0.059166667,,,0.068,0.0515,,,0.104333333,,,,,,,0.0108,,0.0595,0.0735,,,,0.0586,,,0.0665,,
0.033333333,,0.031,,,,0.072833333,,,,0.050166667,,0.0146,0.108166667,0.064333333,,,0.032833333,,,0.0104,0.068,,0.070666667,0.0788,,0.201166667,,,0.0142,0.0595,0.072166667,0.0752
,,,0.049166667,0.075833333,,,,0.040166667,,,,,0.093666667,0.068666667,,0.049333333,,,,0.011,0.066833333,0.061833333,0.0722,,0.0596,0.063166667,0.0738,,,0.055833333,0.0725,0.0736
0.033166667,,0.031833333,,,,,,,,,,0.0162,0.088166667,,,0.048333333,0.030333333,,0.06125,0.01,,0.061166667,,,0.0596,0.049833333,0.075666667,,,,,0.0726
,,0.0298,,0.0672,0.143,0.0696,,0.0296,,,,,0.0882,,,,0.0256,0.0782,0.06725,0.0105,0.0656,,0.06975,,0.05875,0.049,,,,0.0576,0.0816,
0.033333333,,,,,0.139166667,0.067833333,0.0414,,0.062,0.045666667,,,0.082833333,0.078833333,,0.046333333,,,,,,,0.0692,,0.056,,,,0.0158,,,
0.0338,0.0692,0.0326,0.0492,,0.1334,,,0.0288,,0.0442,,0.0164,,,,,0.0196,,0.0688,0.0112,0.0558,,,,0.054,0.0478,,,,,0.0674,0.043
,0.063166667,0.027666667,0.049666667,,,,0.037833333,,,,,,,0.068666667,,0.045,,0.0705,,,,,0.067666667,0.079666667,,,,,,0.057166667,0.066666667,0.0575
0.031,,,,0.053333333,0.1325,0.053166667,,0.033,0.064333333,0.046833333,,,,,,0.0475,0.021,,,0.0202,,0.057,0.067333333,0.0755,,0.043333333,,0.0775,,0.0575,,
0.032333333,,0.019666667,0.048,,0.139166667,0.051166667,,0.038,,0.046666667,,,0.0926,,,,0.023,,0.070833333,,0.043166667,,0.068,0.0745,0.055833333,,,,0.0165,,0.064666667,
,,0.018833333,,0.044333333,0.133,,,0.056833333,,,,,,0.070833333,,0.047,,0.062666667,0.066,0.011166667,0.041333333,0.055833333,,0.073,0.0575,,,0.074833333,,0.0585,,
,0.06525,0.014,0.047,0.043,,,,,0.069333333,0.04675,,0.017666667,0.09,,,0.045666667,0.1005,0.05575,,,,,0.068333333,0.074,0.060333333,,,,,,,0.0425
,0.0695,0.0095,,,0.13375,0.04575,0.03025,,0.06575,0.04475,0.03725,0.01925,0.10275,0.078,,,,0.056,,0.013,,,,0.0766,0.0656,,,,0.01,,,
,0.0578,,,,,,,,,,0.035,,0.0972,,,0.0452,0.038,,0.0685,0.0125,,,0.07075,0.07625,,0.0646,,,0.01525,0.0584,,
,,,,,,,,,,,,,,,,,,,,,,,,,,,,,,,,
,,,,,,,,,,,,,,,,,,,,,,,,,,,,,,,,
,,,,,,,,,,,,,,,,,,,,,,,,,,,,,,,,
,,,,,,,,,,,,,,,,,,,,,,,,,,,,,,,,
,,,,,,,,,,,,,,,,,,,,,,,,,,,,,,,,
,,,,,,,,,,,,,,,,,,,,,,,,,,,,,,,,
,,,,,,,,,,,,,,,,,,,,,,,,,,,,,,,,
,,,,,,,,,,,,,,,,,,,,,,,,,,,,,,,,
,,,,,,,,,,,,,,,,,,,,,,,,,,,,,,,,
,,,,,,,,,,,,,,,,,,,,,,,,,,,,,,,,
0.047,0.066,,0.045,,0.157,0.057,0.04,,,0.065,,,0.124,,,0.055,0.034,0.082,,0.017,,,,0.074,,,,0.106,,0.064,0.078,
,,,,,,,,,,,,,,,,,,,,,,,,,,,,,,,,
,,,,,,,,,,,,,,,,,,,,,,,,,,,,,,,,
,,,,,,,,,,,,,,,,,,,,,,,,,,,,,,,,
,,,,,,,,,,,,,,,,,,,,,,,,,,,,,,,,
,,,,,,,,,,,,,,,,,,,,,,,,,,,,,,,,
,,,,,,,,,,,,,,,,,,,,,,,,,,,,,,,,
0.038333333,,,,0.043,0.132333333,,,,,,0.028666667,0.031666667,,,,0.051333333,,0.049333333,0.072666667,0.014,0.047333333,0.054666667,0.071333333,,0.06,,,0.110666667,,,0.062,
,,,,,,,,,,,,,,,,,,,,,,,,,,,,,,,,
,0.071,0.028333333,0.052666667,0.038,,0.033666667,,,0.065666667,,0.032,,,0.084,,0.048666667,0.0195,0.048333333,0.090333333,,0.045,0.054,0.075,0.072333333,0.063,,,,0.012,,0.058,
,,,,,,,,,,,,,,,,,,,,,,,,,,,,,,,,
,,,,,,,,,,,,,,,,,,,,,,,,,,,,,,,,
,,,,,,,,,,,,,,,,,,,,,,,,,,,,,,,,
,,,,,,,,,,,,,,,,,,,,,,,,,,,,,,,,
0.038,,,0.053,,0.169,0.08,,0.041,0.0695,0.0445,0.038,0.019,0.177,0.0835,,0.042,0.02,0.0725,0.0935,,,,,0.073,0.063,0.055666667,,,,,,
,0.075,0.031,0.055,0.084,0.134,,,,,0.041,,0.02,0.199,0.078,,,,,,,0.07,,0.073,0.072,0.066,0.068,,0.112,,0.066,0.068,
0.038,0.0755,,0.0545,,0.136,0.0965,,,0.067,0.0405,0.0405,,0.141,,,0.039,,0.0755,0.101,,0.062,,0.0745,0.0745,,0.152,,0.109,0.005,0.069,,
0.041,,,,,,,0.0375,,,0.039,,0.0195,,,,0.042,,0.102,0.097,0.014,,,,,,0.184,,0.1115,,0.065,0.0675,
,0.080333333,0.030666667,,0.055,,,,,,,,0.018666667,,0.081333333,,0.04,,,,0.01525,,0.049333333,0.082333333,,0.06375,,,,0.01275,,,
0.039833333,,0.043,0.0575,,0.138333333,0.048,,0.1015,,,,0.016833333,,0.068666667,,0.037833333,,,0.094,,,0.0495,0.0785,0.0745,,,,0.116333333,,0.071,0.065833333,
0.040666667,,0.1455,0.058166667,0.08725,,,0.0314,,0.067666667,,,,,0.057666667,,0.038333333,0.024666667,,0.086833333,0.0146,0.049166667,0.0525,0.0868,0.072666667,,,,0.118166667,0.0086,,,
0.0376,,0.1204,,0.094,0.1306,,,0.0364,0.0765,0.0316,0.0376,,,,,,,,,0.016,,,0.07325,0.074,0.0738,0.0904,,,0.006,0.0672,,
,,,,0.06,0.118166667,0.033,,0.021,0.073,0.0328,0.036333333,0.0168,0.0575,0.058,,,0.022333333,,,,,0.049666667,,0.073833333,0.073166667,0.090166667,,0.1185,0.0124,,,
0.037666667,,0.052333333,,0.041833333,,0.019833333,,0.016,,,0.038166667,0.0156,,0.0515,0.0405,,0.018333333,,,,,0.050333333,0.0728,0.073,0.07,,,,,,,
,,0.05,,0.038,0.103,,,,,,0.0395,,,,0.0405,,0.0165,0.0485,0.0835,0.0195,0.0485,0.0485,0.0745,,0.069,,,,,0.062,,
,,,,,,,,,,,,,,,,,,,,,,,,,,,,,,,,
,,,,,,,,,,,,,,,,,,,,,,,,,,,,,,,,
,,,,,,,,,,,,,,,,,,,,,,,,,,,,,,,,
,,,,,,,,,,,,,,,,,,,,,,,,,,,,,,,,
,,,,,,,,,,,,,,,,,,,,,,,,,,,,,,,,
,,,,,,,,,,,,,,,,,,,,,,,,,,,,,,,,
,,,,,,,,,,,,,,,,,,,,,,,,,,,,,,,,
,,,,,,,,,,,,,,,,,,,,,,,,,,,,,,,,
,,,,,,,,,,,,,,,,,,,,,,,,,,,,,,,,
,,,,,,,,,,,,,,,,,,,,,,,,,,,,,,,,
,,,,,,,,,,,,,,,,,,,,,,,,,,,,,,,,
,,,,,,,,,,,,,,,,,,,,,,,,,,,,,,,,
,,,,,,,,,,,,,,,,,,,,,,,,,,,,,,,,
,,,,,,,,,,,,,,,,,,,,,,,,,,,,,,,,
,,,,,,,,,,,,,,,,,,,,,,,,,,,,,,,,
,,,,,,,,,,,,,,,,,,,,,,,,,,,,,,,,
,,,,,,,,,,,,,,,,,,,,,,,,,,,,,,,,
,,,,,,,,,,,,,,,,,,,,,,,,,,,,,,,,
,,,,,,,,,,,,,,,,,,,,,,,,,,,,,,,,
,,,,,,,,,,,,,,,,,,,,,,,,,,,,,,,,
,,,,,,,,,,,,,,,,,,,,,,,,,,,,,,,,
,,,,,,,,,,,,,,,,,,,,,,,,,,,,,,,,
,,,,,,,,,,,,,,,,,,,,,,,,,,,,,,,,
,,,,,,,,,,,,,,,,,,,,,,,,,,,,,,,,
,,,,,,,,,,,,,,,,,,,,,,,,,,,,,,,,
,,,,,,,,,,,,,,,,,,,,,,,,,,,,,,,,
,,,,,,,,,,,,,,,,,,,,,,,,,,,,,,,,
,,,,,,,,,,,,,,,,,,,,,,,,,,,,,,,,
,,,,,,,,,,,,,,,,,,,,,,,,,,,,,,,,
,,,,,,,,,,,,,,,,,,,,,,,,,,,,,,,,
,,,,,,,,,,,,,,,,,,,,,,,,,,,,,,,,
,,,,,,,,,,,,,,,,,,,,,,,,,,,,,,,,
,,,,,,,,,,,,,,,,,,,,,,,,,,,,,,,,
,,,,,,,,,,,,,,,,,,,,,,,,,,,,,,,,
,,,,,,,,,,,,,,,,,,,,,,,,,,,,,,,,
,,,,,,,,,,,,,,,,,,,,,,,,,,,,,,,,
,,,,,,,,,,,,,,,,,,,,,,,,,,,,,,,,
,,,,,,,,,,,,,,,,,,,,,,,,,,,,,,,,
,,,,,,,,,,,,,,,,,,,,,,,,,,,,,,,,
,,,,,,,,,,,,,,,,,,,,,,,,,,,,,,,,
,,,,,,,,,,,,,,,,,,,,,,,,,,,,,,,,
,,,,,,,,,,,,,,,,,,,,,,,,,,,,,,,,
,,,,,,,,,,,,,,,,,,,,,,,,,,,,,,,,
,,,,,,,,,,,,,,,,,,,,,,,,,,,,,,,,
,,,,,,,,,,,,,,,,,,,,,,,,,,,,,,,,
,,,,,,,,,,,,,,,,,,,,,,,,,,,,,,,,
,,,,,,,,,,,,,,,,,,,,,,,,,,,,,,,,
,,,,,,,,,,,,,,,,,,,,,,,,,,,,,,,,
,,,,,,,,,,,,,,,,,,,,,,,,,,,,,,,,
,,,,,,,,,,,,,,,,,,,,,,,,,,,,,,,,
,,,,,,,,,,,,,,,,,,,,,,,,,,,,,,,,
,,,,,,,,,,,,,,,,,,,,,,,,,,,,,,,,
,,,,,,,,,,,,,,,,,,,,,,,,,,,,,,,,
,,,,,,,,,,,,,,,,,,,,,,,,,,,,,,,,
,,,,,,,,,,,,,,,,,,,,,,,,,,,,,,,,
,,,,,,,,,,,,,,,,,,,,,,,,,,,,,,,,
,,,,,,,,,,,,,,,,,,,,,,,,,,,,,,,,
,,,,,,,,,,,,,,,,,,,,,,,,,,,,,,,,
,,,,,,,,,,,,,,,,,,,,,,,,,,,,,,,,
,,,,,,,,,,,,,,,,,,,,,,,,,,,,,,,,
,,,,,,,,,,,,,,,,,,,,,,,,,,,,,,,,
,,,,,,,,,,,,,,,,,,,,,,,,,,,,,,,,
,,,,,,,,,,,,,,,,,,,,,,,,,,,,,,,,
,,,,,,,,,,,,,,,,,,,,,,,,,,,,,,,,
,,,,,,,,,,,,,,,,,,,,,,,,,,,,,,,,
,,,,,,,,,,,,,,,,,,,,,,,,,,,,,,,,
,,,,,,,,,,,,,,,,,,,,,,,,,,,,,,,,
,,,,,,,,,,,,,,,,,,,,,,,,,,,,,,,,
,,,,,,,,,,,,,,,,,,,,,,,,,,,,,,,,
,,,,,,,,,,,,,,,,,,,,,,,,,,,,,,,,
,,,,,,,,,,,,,,,,,,,,,,,,,,,,,,,,
,,,,,,,,,,,,,,,,,,,,,,,,,,,,,,,,
,,,,,,,,,,,,,,,,,,,,,,,,,,,,,,,,
,,,,,,,,,,,,,,,,,,,,,,,,,,,,,,,,
,,,,,,,,,,,,,,,,,,,,,,,,,,,,,,,,
,,,,,,,,,,,,,,,,,,,,,,,,,,,,,,,,
,,,,,,,,,,,,,,,,,,,,,,,,,,,,,,,,
,,,,,,,,,,,,,,,,,,,,,,,,,,,,,,,,
,,,,,,,,,,,,,,,,,,,,,,,,,,,,,,,,
,,,,,,,,,,,,,,,,,,,,,,,,,,,,,,,,
,,,,,,,,,,,,,,,,,,,,,,,,,,,,,,,,
,,,,,,,,,,,,,,,,,,,,,,,,,,,,,,,,
,,,,,,,,,,,,,,,,,,,,,,,,,,,,,,,,
,,,,,,,,,,,,,,,,,,,,,,,,,,,,,,,,
,,,,,,,,,,,,,,,,,,,,,,,,,,,,,,,,
,,,,,,,,,,,,,,,,,,,,,,,,,,,,,,,,
,,,,,,,,,,,,,,,,,,,,,,,,,,,,,,,,
,,,,,,,,,,,,,,,,,,,,,,,,,,,,,,,,
,,,,,,,,,,,,,,,,,,,,,,,,,,,,,,,,
,,,,,,,,,,,,,,,,,,,,,,,,,,,,,,,,
,,,,,,,,,,,,,,,,,,,,,,,,,,,,,,,,
,,,,,,,,,,,,,,,,,,,,,,,,,,,,,,,,
,,,,,,,,,,,,,,,,,,,,,,,,,,,,,,,,
,,,,,,,,,,,,,,,,,,,,,,,,,,,,,,,,
,,,,,,,,,,,,,,,,,,,,,,,,,,,,,,,,
,0.0335,0.056,,0.0585,0.101,0.05,0.0535,,,,0.152,0.008,0.088,,0.05,0.059,0.0185,0.043,0.0795,,0.053,0.0455,0.076,0.0705,0.0785,,,,0.033,0.0595,,
0.041,,0.057,,0.048,0.095,0.055,,,0.0695,,0.1105,,,,,,,,0.076,,,0.044,0.0755,,,0.068,,0.1145,0.0055,,,0.051
0.039333333,,,0.078833333,,0.090666667,0.045833333,,,0.068333333,0.059833333,0.060833333,0.0084,,,0.055666667,,,,0.077666667,0.0154,,0.043333333,0.0756,0.072333333,0.072833333,0.063,,,,0.066333333,0.1314,0.051333333
,0.0345,,,0.044833333,0.089166667,0.0468,,,,,0.051166667,0.0088,0.072666667,,0.057,,,,0.080833333,,,0.042666667,0.0724,,,,,,,0.069666667,0.1428,
0.0395,,0.050333333,0.074833333,0.048166667,,,,0.010166667,0.073166667,,,0.008,0.0865,,,0.055833333,0.026333333,,0.0825,,,0.043,0.07,,0.071333333,,,,0.011,,,
0.0285,,,,,0.089666667,0.039666667,,0.0096,,0.058333333,,,,0.057833333,,,0.026833333,,,0.0168,,,0.0754,0.074,,0.0615,,0.105,,,,0.047166667
0.0345,,,,0.042833333,0.089833333,,,0.009333333,0.072166667,0.0575,,,0.093666667,,,0.054333333,0.0255,,,,,,,0.077,0.072166667,0.061333333,,,0.0106,0.0695,,
0.040166667,0.054166667,0.051,0.082833333,,,0.047,,0.012,0.0665,0.057333333,,,,0.061833333,,,,0.048666667,0.087666667,,0.054166667,,0.086,,0.071333333,,,,,0.0705,,
0.038666667,0.054833333,,0.079666667,0.049166667,,,,0.0106,,0.056,,,0.080333333,0.080666667,,,0.023833333,0.0475,0.088333333,0.0162,0.061333333,,0.084,,0.0745,,,0.106333333,0.0106,,,
,,0.077,0.075333333,,0.088333333,0.0435,,,0.063833333,,0.040333333,,0.104,,,,0.026333333,0.047166667,0.085,,,0.043,0.0842,0.0775,0.070833333,,,,,0.0695,,0.0575
0.037,,,0.082,0.052333333,,0.052833333,0.0434,0.017,,0.056,,0.0068,0.087833333,0.061166667,,0.053333333,0.025833333,0.0475,0.086333333,,,,,,,,,,,,,0.047
0.040166667,,0.044333333,0.082,,0.084666667,0.045,,,,0.055333333,0.1294,,0.0815,0.0605,,0.052166667,0.029,,0.090666667,,0.049666667,,0.0804,,0.073833333,0.059833333,,0.107833333,,0.0715,0.131166667,0.051166667
,0.039166667,0.042333333,,0.044833333,,,0.038,0.006666667,,0.05,,,0.0735,0.060666667,,0.051833333,0.029666667,0.049666667,,0.016,,,0.0828,,0.069333333,0.0615,,0.107333333,,,,
,0.040833333,,,,,,0.041,,,0.0485,0.152,,0.076166667,,0.055333333,0.050166667,0.029333333,0.053166667,,0.016,,,,,,,,0.109833333,,,,0.0458
,,,,,0.0848,0.0418,0.0425,,,,0.15225,0.00625,0.0796,,0.0542,,,,,0.01625,0.0446,,0.08075,,,0.061,,,0.01075,0.0734,,0.042
0.042666667,,,,,,,0.04125,0.008,0.07075,0.047,,,,,0.054,,0.017666667,,,,,0.042666667,0.08225,0.08075,,0.04675,,,,,,
0.04375,,,0.089,0.039,,0.03775,0.0358,0.0072,0.0722,,,,0.075,,,0.0472,,,,0.0162,,,,,0.072,,,,,,,0.0426
,0.05,0.042,0.079333333,,0.0855,,,,,,0.159,,,0.0585,0.051166667,0.047,0.023666667,,,0.0165,,0.044166667,,,,0.063166667,,0.117,,0.070666667,0.1155,0.042
0.044166667,0.042833333,0.041833333,,,,0.037666667,0.036666667,0.006666667,0.072666667,,,,,0.059666667,0.0505,,0.027666667,,0.088,,,0.044333333,0.0816,0.080333333,,0.065166667,,0.113,0.012166667,0.076166667,,0.041166667
,,,0.087333333,0.049166667,0.0855,,0.035833333,,0.071,0.0435,,0.0065,0.072833333,0.060833333,0.049,0.045666667,,,0.090333333,0.016833333,0.040833333,0.045,0.079666667,0.0815,0.085333333,,,,0.014833333,0.075333333,,0.037333333
0.0438,,,0.0832,0.0434,0.0836,0.0354,0.03625,0.006,0.069,,,,,,0.0478,,0.029,,0.08925,0.017,,0.0452,,,,,,,,,0.124,0.038
0.043333333,,,,0.0435,0.0855,0.035333333,0.0402,,0.0688,0.042833333,0.1384,0.0062,,,0.047666667,,0.027166667,,,,0.041,0.0445,,,0.0728,0.058,,0.119166667,0.025,0.072166667,0.12,0.0376
0.0435,0.031833333,0.123333333,,,,,,0.0085,,,0.1366,0.0058,0.0746,0.107833333,0.046,,0.031333333,0.041833333,,,0.048,,,0.082,,,,,0.019,,,0.038
,,,,0.043333333,,,0.0368,0.005,,0.0405,0.1544,0.006,,,,0.0435,0.038666667,,0.0956,,,,,,,,,0.111333333,,,,
,0.032666667,0.196,,,0.088333333,,0.0426,,0.068,,0.1435,0.005,,,,,0.031666667,,,,,0.0465,,0.0856,,0.059,,0.108,0.025,,0.113,
,0.035,0.1954,,,0.0876,0.0384,,0.0058,,0.0396,0.131,0.006,0.07425,0.089,0.043,,0.0232,0.0388,0.093333333,0.018333333,0.0444,,0.066333333,0.082666667,,0.0572,,,,,0.1258,0.034
,,,,,,,,,,,,,,,,,,,,,,,,,,,,,,,,
0.044,,,,0.035,0.086,0.030333333,0.034666667,,,,0.082333333,0.005333333,0.087666667,0.056333333,,,,,0.097333333,,,,0.0735,0.091,,,,0.112,0.019666667,,,
0.043,,0.19525,,0.04875,,0.03075,0.03575,0.00525,,,,,0.081,,0.0405,0.0425,,0.041,,0.019,,0.04575,,,,0.06625,,,0.02375,0.10125,,0.0372
0.043833333,0.044833333,,0.0995,,,,,0.005,,0.037666667,,,0.0855,0.055333333,,,0.028833333,,,0.0186,0.041833333,,,,,0.071333333,,,,0.101,,
0.044333333,0.034,,0.1115,,,,0.03275,,,0.0375,0.11725,0.005,0.08975,0.053,0.04175,,,,,,,,,0.0845,0.0725,0.05225,,,,0.08925,,0.023666667
0.047,0.034166667,0.191,0.102333333,,,,,,,0.038666667,0.1005,0.0054,,,0.0415,0.042833333,0.025833333,,0.0914,0.0184,,,0.078,,,,,,0.0262,0.087,0.137333333,0.040833333
0.046833333,0.029833333,0.190333333,,0.060333333,,,,,0.0762,,,0.0052,0.115166667,0.050333333,,,,0.041833333,,0.0194,,,0.079,,,,,,0.0198,0.088666667,,0.03875
0.0455,,,,,0.082166667,0.035833333,,0.00675,0.07875,0.0395,,0.005,0.093,0.049666667,,,0.043333333,,0.0872,,,,,0.073,,0.054166667,,,0.0212,,,0.044
0.0438,0.0372,,0.0926,,,0.0382,,,,,0.0782,,,0.0512,,,,0.0422,,,,,,0.0754,0.085666667,0.054,,,0.0222,0.0842,0.1196,0.0486
,0.034333333,,,,,,,0.005833333,,0.040666667,0.0688,0.005,,,,0.042333333,0.028666667,,,,,,,,0.072,0.054166667,,,0.0234,,0.150166667,0.0448
,,,,0.0555,,0.04,,,,0.041,,,,,,0.043333333,0.03,0.045,0.255666667,,0.0445,,,0.0778,0.073,,,,0.0096,,,0.0448
,0.037333333,,0.092,,0.083166667,0.038333333,0.0372,0.0062,,,0.0595,,0.0785,,,,0.029833333,,0.09525,,0.048,,,,0.07375,0.053166667,,,,,0.113333333,
0.048666667,0.0465,,0.089833333,0.047,0.081,,0.033,,,0.041,0.0772,0.005,,0.046,,0.044333333,0.0285,,0.1,,,,,0.0816,,0.053833333,,,,0.076,,
0.032,0.044833333,,,,0.080166667,,,,,0.041666667,0.0936,,0.068,0.044666667,,0.044833333,0.030333333,0.046666667,,0.018,,0.039,,0.0844,,0.0555,,,,,,0.0434
,0.040333333,0.0285,,0.048,0.080166667,,,,,0.042,,0.005,0.069333333,,0.039,0.046,0.032166667,0.0375,,0.0184,0.041,,,0.0875,,,,,0.007333333,0.085166667,0.13,0.0382
0.0395,0.046833333,0.0555,,,,0.1276,,,0.0635,,,0.005,0.0685,0.046,0.0395,,0.03,,0.103,,,0.0385,,0.088,0.0678,0.062666667,,,,0.072,,
0.042666667,0.040166667,0.029,,0.0425,0.080833333,0.2525,0.035,,,,,,,,0.041333333,,,0.042833333,,,,0.039,,,0.0694,0.061333333,,,,,0.136666667,
,,,,0.042166667,,0.005,,,,0.043,,0.005,0.076666667,,0.041666667,0.045333333,0.028,0.045333333,0.1,0.0192,,,,,,0.063833333,,0.111666667,,,,
,,0.025833333,,,,,,,0.0754,,0.0984,0.005,,0.0475,,0.045166667,0.0214,,,0.0202,,,,,,0.056333333,,,0.0054,0.072,,
0.038166667,0.0445,0.025166667,,0.0415,0.081833333,,0.0344,,0.0666,,,,0.065666667,0.0605,0.0415,0.044,,0.034333333,0.0944,,0.042333333,0.040166667,,0.0814,,,,,,,0.1315,0.0402
0.03975,,0.057166667,0.073666667,,0.083833333,0.020833333,0.036,,0.0686,0.040666667,0.1,,0.0695,,,,0.0265,0.0365,,,0.041666667,0.041166667,,,,0.052333333,,,,0.074,,
0.041333333,,0.031833333,0.0775,0.0508,,0.0345,,,0.0694,,,0.005,,,,,0.0225,,,0.0196,,0.040666667,,0.0814,,,,0.110833333,,0.068833333,,
0.040666667,,0.030333333,0.079833333,0.043166667,,0.034,,,,0.0385,,,0.072666667,0.047333333,0.0415,0.042833333,0.0205,,0.098,,0.0425,,,0.0802,,0.036166667,,,,,0.121166667,0.0374
0.0425,,0.029333333,,,0.084666667,0.033,,0.005,,,0.1006,0.005,,0.047166667,,0.0425,0.019333333,,0.1026,,,0.042166667,0.067,,,,,,,,,
0.0435,0.0405,,,,,,0.0394,,0.0642,,0.0862,,0.067666667,,,,,,0.0974,,,0.043333333,0.06825,0.081,,,,,,0.0655,,0.0398
0.043,0.0355,0.1568,,,,0.01,0.0348,,,0.0375,,0.005,,,0.042333333,,,,0.105,,,,0.0752,0.0798,,0.008666667,,,,0.067833333,0.1445,
0.034833333,,0.025333333,,,,0.034166667,,,0.060833333,0.036833333,0.078,0.005,,0.046333333,0.0435,,,,0.1105,,0.042,0.040333333,,,,,,0.110833333,0.026,,,0.038333333
,,0.026333333,,,,,0.0344,0.0055,0.078833333,0.036333333,0.0515,,,0.0465,,0.040166667,,0.039333333,0.111833333,,,,,0.0814,,0.008166667,,,0.03,,0.134333333,
,,0.027166667,0.085333333,,0.086166667,0.032166667,,0.005,0.086,0.035666667,0.044833333,0.005,,0.051666667,,0.040333333,0.017833333,,0.103333333,0.0182,,,0.0744,,,,,0.108166667,,0.077833333,0.137833333,
,0.051,,0.087,,,,,0.005,,0.035666667,0.043333333,0.005,0.069,,0.0415,0.039833333,,0.040833333,0.109,0.0186,,,,,,0.008,,,0.0105,,,
0.042666667,0.044166667,,0.092,0.0445,,,,,0.09,,,0.005,0.058,0.054833333,0.040166667,0.040666667,0.0175,,,0.0178,,0.038333333,,0.0825,0.062,0.009833333,,,0.013,0.0615,,0.038333333
0.031,,0.024166667,,,0.081666667,,,,,,0.0828,0.005,0.058833333,0.048,,,0.017666667,,0.09925,,0.04,0.038166667,0.0774,0.082166667,,,,,0.0114,0.062,0.124833333,0.0398
0.045833333,0.046833333,0.024,0.089166667,,0.081333333,,,0.005666667,,,0.0785,0.005,,,0.039833333,0.040166667,0.016833333,0.038833333,0.0954,,0.039166667,0.038166667,0.077,,0.0682,0.0108,,,,0.058833333,,
,0.048,0.0235,,0.043166667,,,,,,0.0365,,0.005,,0.064666667,0.0395,0.0405,,0.039666667,0.0944,0.0184,0.0405,0.0375,0.0764,0.0782,,,,,,,0.1205,0.036
,0.051333333,,,,,,,0.005,0.0636,,,0.005,0.064,0.056166667,,0.040333333,,,0.0942,0.018,0.040833333,,0.0762,,0.0922,,,0.080333333,0.0118,0.047166667,,
,0.0575,,,,,0.034666667,,,0.0596,,0.0366,0.0056,,,0.038333333,0.040166667,,,,,0.039666667,0.036666667,0.0788,0.0782,,,,0.0862,,,,0.0376
,,0.022666667,0.0865,,0.079333333,,0.0302,0.005833333,,,,,0.056166667,0.046166667,0.038333333,,,,,,,0.036833333,,0.083,0.0674,0.010833333,,,,,,
0.041,0.053666667,0.021166667,0.0815,0.061333333,0.077333333,,,,,,,0.005,0.0634,0.0455,,0.040833333,0.015166667,0.037666667,,,,0.036666667,,,,,,,,0.0705,0.111666667,
,,0.021166667,,0.063166667,0.0765,,,0.005,0.1068,,0.0388,,,0.044,0.038,0.041833333,0.016333333,,,,,,0.085333333,0.0834,,,,,0.0128,,,
,0.053166667,,0.078666667,,0.079333333,0.030666667,0.0308,,0.0924,0.038333333,,,0.069666667,0.045,,0.041833333,,0.037166667,,,,0.036833333,,,0.068,0.01,,0.077666667,,0.071666667,0.107666667,0.032
0.040666667,0.067,0.022666667,0.077,0.0445,0.083666667,,0.03,,0.062,,,,0.063166667,,0.039166667,,0.014333333,0.036666667,0.103166667,0.016666667,,,,,0.075333333,,,0.082666667,,0.070333333,0.097833333,
,0.051666667,,,0.041166667,0.0755,,0.028,,0.076,0.038833333,0.049,,0.058,,0.038166667,0.041666667,,,0.0985,,,0.036333333,0.091166667,0.0865,0.077666667,,,0.080166667,0.011,,,
0.039833333,0.056333333,0.019333333,,0.047,,0.029666667,,,,0.0385,0.046,,,0.0426,,,0.0165,,0.096,0.0165,,0.035833333,,,0.076166667,,,0.074333333,0.0095,,,
0.039333333,,,,0.052666667,,0.0288,,,0.074,,,,,,0.04,,,,,0.016,0.029666667,0.034333333,,0.088333333,0.070833333,,,,,,,0.027666667
,0.0714,,0.0685,0.048666667,0.0725,0.026166667,0.0295,,,0.0375,0.062666667,,,,0.0392,,0.0134,,0.1015,,0.028166667,,,0.087666667,0.067,,,0.096833333,,,0.094666667,0.0255
0.039333333,0.066333333,0.019,,,,,0.0282,,0.083333333,,0.069833333,0.005,,0.043,,0.0395,,0.033833333,0.105666667,0.0164,,,,,,,,,0.0098,0.068666667,0.0955,0.025166667
0.040166667,0.067666667,0.0225,0.073333333,,,,,,0.072833333,0.037166667,0.0455,,,,,,,0.031833333,,0.0164,,,,,,,,0.075833333,,0.069166667,,0.027
0.039666667,,,,,0.069166667,0.026,0.0284,,,0.036333333,,,0.069333333,0.047,,,,0.031166667,0.105833333,,0.0325,0.035333333,0.085,,,,,,0.014,0.069333333,,0.028833333
,,0.016,0.073166667,0.041333333,,,,,,0.036333333,,,0.073166667,,0.0415,0.038833333,,,0.0975,,,0.034166667,0.0934,,,,,,0.0106,0.0735,,
0.044833333,,,,0.046666667,0.067166667,,0.0344,,0.087166667,0.035833333,,,0.0775,,0.040333333,0.038333333,0.019833333,0.030166667,,0.0162,,0.034166667,,,,0.009666667,,,,,,0.027
,0.039,,0.088,0.0434,0.0668,,0.0315,,,,0.037,,,0.0502,0.0408,0.0378,,,0.0872,0.01625,,,,,0.074666667,0.0132,,,,,0.1012,
,0.0375,,0.08875,0.048333333,,0.027166667,0.0324,,,,0.034166667,0.005,0.07,0.066833333,,,0.015,,0.086,0.0154,0.037166667,,,0.085333333,0.07625,,,0.082,,,,0.0325
,,,0.079666667,,0.069,,0.033,0.005,0.062333333,0.034833333,0.035333333,0.005,,0.055,0.039833333,0.037833333,0.013,0.032333333,,,0.037,,0.0912,0.079833333,0.0755,0.011166667,,0.079,0.0088,,,0.031
0.042333333,0.034333333,0.005,0.078666667,0.049666667,,0.03,0.032,,,,0.034,0.005,0.070333333,0.047333333,,,0.012,0.032,0.0925,,0.034,,,,0.07,0.009666667,,0.079,,,0.094666667,0.0295
,,,,,,,,,,,,,,,,,,,,,,,,,,,,,,,,
,,,,,,,,,,,,,,,,,,,,,,,,,,,,,,,,
,,,,,,,,,,,,,,,,,,,,,,,,,,,,,,,,
,,,,,,,,,,,,,,,,,,,,,,,,,,,,,,,,
,,,,,,,,,,,,,,,,,,,,,,,,,,,,,,,,
,,,,,,,,,,,,,,,,,,,,,,,,,,,,,,,,
,,,,,,,,,,,,,,,,,,,,,,,,,,,,,,,,
,,,,,,,,,,,,,,,,,,,,,,,,,,,,,,,,
,0.03475,,,,,0.02825,0.0255,,,,,,0.074,,0.03675,0.03775,0.012,0.037,,0.01475,0.04,,,0.0895,,0.0105,,0.055,0.00675,,,
0.039166667,0.0234,,0.042,,0.0545,,,,0.045,0.033833333,0.0376,,,0.045,0.034333333,,0.011,0.037666667,,,0.036833333,,0.0614,,,0.010166667,,0.051,0.0066,0.053333333,,
,0.03075,,,0.068,,,,,0.04375,,0.0345,,0.0814,0.0422,0.0368,,,,0.0968,0.015,,0.0294,,0.0866,0.05025,,,,0.0074,0.0496,,0.0322
,,,,,,0.0305,,,0.0444,,,,,0.038666667,,,0.011166667,,0.0948,,0.029333333,0.0295,,,,,,0.044,,0.051833333,,0.0278
0.037,,0.005,,,,0.025666667,0.0262,,0.0445,,0.075,,,0.0375,0.037333333,0.0365,,,0.0948,,,,0.056,0.0886,0.0546,0.012,,,,0.0485,,
,,0.005,0.044166667,,0.050166667,0.025666667,,,0.0482,0.0325,,,0.093666667,0.038333333,0.037833333,,,,0.0846,,,0.030166667,,0.0888,,0.010166667,,,0.0074,0.051666667,0.050166667,0.0264
0.0375,,0.005,0.048833333,0.087666667,0.0495,,0.0268,,,0.032166667,,,,,,,0.015833333,,0.0794,,0.027666667,,0.052,0.0906,0.0662,0.0105,,0.058166667,0.0068,0.051166667,0.063666667,
,0.039166667,0.005,0.054666667,0.059166667,0.0515,,,,,0.032,,,0.072833333,0.036666667,0.034333333,0.035833333,0.015333333,0.030333333,0.0714,0.013333333,0.027333333,0.031833333,,0.0856,0.0628,0.010666667,,,0.007,,,
,0.0345,,0.063,0.0345,,0.026333333,,,0.0405,,0.0888,,0.070666667,,0.034333333,,0.013333333,,,,,,,,0.05825,,,,0.0074,0.049166667,,0.027
,,,,,,0.026166667,0.027,,,0.031333333,0.0884,0.0058,,0.037333333,,,0.014,0.030166667,,0.0132,0.022,,,0.0664,,,,0.058833333,,0.051166667,,
,,,,0.036833333,,0.0245,,,,,0.095,0.005,0.067166667,,,,,0.029833333,,,0.022333333,,0.059,0.0616,0.055,,,0.0585,0.0062,0.054666667,,
,0.0505,,0.065166667,0.032833333,0.054,,,,,0.030666667,0.0876,,,0.0375,0.036,,0.010666667,,,,,,0.064,,0.0562,,,0.0584,0.0068,0.054,,0.0264
,,0.005,,,,,,,,0.0314,,0.005,0.0692,0.0384,,0.0338,,0.0254,0.0685,,,0.034,0.0715,0.06125,,0.0166,,,,,,
,0.061333333,0.005,,,0.051666667,0.026166667,,,,0.030833333,,0.005,0.0685,0.0395,0.033,0.033833333,,,0.0688,0.017,0.0355,0.035666667,,0.0588,,,,,,0.055333333,,0.0274
,0.065166667,,,,0.049666667,0.0255,0.025,,,,0.137,,,0.047333333,0.033166667,,,0.0285,0.0692,0.0152,,,0.0742,0.0568,,,,,0.008,0.0585,0.065666667,0.0266
,0.08,,0.056,0.03,0.049666667,,,,0.0686,0.029666667,,,0.056,0.0575,,,0.030666667,0.0285,,,0.031333333,0.033833333,,0.0576,,,,0.066166667,,0.0595,,
,,0.005,0.065,0.0356,0.053,0.0222,,,,,0.104,,,,0.0328,0.0334,0.028,,,,,,,0.05725,,,,,0.00725,0.0672,0.0722,
,,0.005,,0.040333333,0.048333333,0.022666667,,,,0.029166667,0.1112,0.005,0.065333333,0.044333333,0.032333333,0.033,0.0165,,,0.0132,,,0.068,0.0594,0.0752,0.014666667,,,0.0058,,0.073333333,
0.037,0.0806,,,,0.046333333,,0.0258,,,,0.11,0.005,0.0725,0.042,0.032,,0.012833333,,0.0894,,,0.028166667,,0.0674,,,,,0.0064,,0.070166667,
0.034833333,0.064,0.005,0.068333333,0.029333333,,,0.0286,,0.0554,,,,0.071833333,,0.0315,0.032333333,,0.029666667,,,0.020833333,0.027833333,,0.0764,0.0788,,,0.082666667,0.006,0.065,0.076333333,
,,0.005,0.0755,,0.038833333,,0.0282,,,,,0.005,0.074333333,,0.031666667,,0.0185,0.028166667,0.0824,,0.019833333,,,0.0774,0.072,0.011833333,,,,,,0.0242
0.0395,0.065833333,,,,,0.0245,0.0284,,0.0496,,0.0834,,,,,0.034166667,,,,,,,0.0688,0.0744,0.0674,,,,,0.0635,,0.025
0.040166667,,,0.0645,0.0315,,,,,0.0658,,,0.005,0.075833333,0.036,,0.0325,,0.026833333,0.0954,,,0.027833333,,,,,,,0.0062,0.061166667,,
,0.053,0.005,,,,,,,,0.03,0.07475,,,,,0.034833333,0.014333333,,0.0962,,0.022666667,,,,0.0562,0.0115,,,,,,0.027
0.0385,,0.005,,0.032166667,,0.0275,,,,0.030166667,,,0.0765,,,,0.016,,0.093833333,0.0142,,0.0265,0.0804,0.0772,,,,,,,,
0.039333333,0.053,0.005,0.0655,,,,,,,0.029833333,,0.005,,,0.030166667,,0.012833333,0.027666667,,0.0144,,0.026333333,,0.0775,,0.011166667,,,0.0058,0.056,0.080166667,0.028666667
,,,0.066833333,0.035666667,,,,,0.0805,0.030666667,,,0.072333333,0.037666667,,0.034,0.013833333,,,0.0148,,,,,,0.0125,,0.072333333,,,,
,,,,,0.037166667,,0.0292,,0.078833333,,,,0.066666667,0.0326,0.0295,0.034166667,0.013833333,0.0305,,0.0148,,,0.067,,0.056666667,,,,,,,
0.035166667,,0.005,0.067833333,0.036,,0.029666667,0.0312,,0.074166667,0.041,0.0805,,0.0666,0.034166667,,0.034833333,0.0175,0.031166667,0.103833333,0.0158,,0.025166667,0.0666,,0.059666667,,,,,0.055166667,0.083333333,0.0295
0.034166667,,0.005,0.0675,,0.039833333,0.0295,0.0286,,,,,,,0.0348,,,,0.030666667,,0.0126,,,,0.082333333,,0.011833333,,,0.0058,0.055,,
,0.0434,,0.0704,,,,,,0.0674,0.0428,,,0.0566,,0.02975,0.0336,,,,0.01675,,,0.079,0.0834,,,,0.074,,0.0564,,0.0262
,0.0418,0.005,0.0706,0.04025,0.0398,0.0268,0.02425,,,,,0.005,0.061,,,0.0346,,,0.088,,0.0172,0.0246,,0.0838,,0.0158,,,,0.054,,
,,0.005,0.0666,,0.0426,0.0244,0.0235,,,,,0.005,0.059,0.0334,0.0294,,,,0.08125,,,0.0236,0.0965,,0.058,,,0.072,0.00725,,0.0876,
,,0.005,,0.031333333,0.041666667,,0.0258,,0.0762,,,0.0056,,,,,,0.029,0.0786,0.0122,0.0275,,,,0.0618,0.033666667,,0.069,,0.058166667,0.093166667,0.0242
0.0315,0.067,0.005,,0.03,0.0425,,,,0.0648,,,0.005,,,0.0305,,0.011166667,0.029166667,0.0898,0.0118,0.0285,0.0235,,,,0.030666667,,,,0.055833333,0.085666667,0.0235
,0.052333333,0.005,,,,,,,,,0.0444,,,0.029666667,0.0345,0.031833333,0.011833333,,0.0924,0.012,,0.023833333,,,,0.0375,,,0.007,0.050833333,,
,0.053333333,,,,0.0435,,,,,,0.0414,,,,0.033,0.031333333,0.010833333,0.028166667,0.0886,0.0122,0.030166667,,0.076,0.0786,0.066,,,0.069,,,0.082833333,
0.0338,,0.005,0.064666667,0.03,,0.022333333,,,,0.030166667,0.0428,,,0.029166667,,0.031666667,,,0.0908,,,,0.0756,,,,,0.069166667,,,,0.0272
,,,0.068,0.0312,,0.024,0.02525,,,0.0294,0.03975,0.005,,,,,,,,,,0.0256,0.0725,,,,,0.0684,0.0065,,0.0878,0.02625
,0.0558,0.005,,0.030833333,0.046166667,,,,,,,0.005,,0.02925,0.030166667,0.0285,,,0.0938,0.0124,0.028666667,,0.071666667,,0.062,0.033666667,,0.064166667,,,0.084166667,0.0252
0.036166667,,,,0.028333333,,,,,0.0644,,0.0442,,,,0.0295,0.029,0.010833333,,0.0958,,0.0265,,,,,,,,0.0054,,0.088333333,0.0244
0.035,0.0635,0.005,,0.03,0.047,,0.0232,,0.069,0.028833333,0.0385,,,,,,,,,,0.024,0.026333333,,,0.058,0.0335,,0.064833333,0.0066,0.05,0.091666667,0.0232
0.035166667,,,,,0.046833333,0.024,0.027,,0.0678,,,0.005,0.076666667,,,,0.01,,0.1004,0.0118,0.022333333,0.026166667,0.0754,,,,,,,,,
0.036333333,0.0635,,0.0595,0.055166667,,,,,0.0742,0.028,0.0394,0.005,0.080833333,0.030333333,,,0.011833333,0.025833333,,,,0.025,0.0802,,0.0544,,,0.063666667,0.0062,,,0.022
,,,,0.044833333,,0.022666667,0.0362,,0.0838,,,0.005,,0.028666667,,0.028833333,0.012833333,0.0285,,0.0126,,0.024166667,0.0742,,0.0626,,,0.063166667,,,0.0655,0.027
,0.059,,0.0555,,,,,,0.08025,0.027666667,,,0.0915,,0.028333333,,,,0.095,0.01275,,,,,0.062,0.028166667,,,,0.051666667,,0.0295
0.031666667,,0.005,0.058833333,,0.043166667,0.027333333,,,0.0726,0.027333333,0.0372,0.005,0.082666667,0.028333333,,,0.0115,0.027,0.0888,,0.037333333,,,0.078,0.0558,0.0325,,,0.00625,0.049333333,0.073666667,
,0.054,0.005,,,0.0404,0.0334,,,,0.0276,,,0.0722,0.0276,,,0.0118,0.0268,0.09025,,0.0352,0.0212,,0.076,,,,,,0.0482,0.0828,0.03625
,,0.005,,,,,0.0286,,0.0686,0.027333333,,0.005,,0.027666667,0.026166667,0.0285,0.013666667,,,,0.033,0.02,,0.0738,,0.0145,,,0.0066,0.047666667,,0.0352
,0.066,,,0.040833333,,,0.0338,,0.0678,,,0.005,,0.027833333,,,,0.0285,0.0866,0.0128,,0.019166667,,0.0772,,,,0.066,,0.053333333,0.080333333,0.0326
,0.0568,,0.0608,,0.0382,0.0312,,,0.06775,,,0.005,0.0846,,0.0264,,,0.0318,,,,,,0.07975,,0.0394,,0.069,,0.0516,,
,0.052166667,,0.059166667,,0.038833333,,0.0362,,0.0882,0.026,,,,0.030666667,0.026666667,,,0.034333333,,,0.034666667,0.02,0.078,,,0.040166667,,0.075666667,0.0065,,,0.032
,0.045,,,,,0.0288,,,,0.026666667,0.0374,,,0.031333333,,,0.011833333,0.034166667,,0.0124,0.033333333,,,,0.0526,,,,,,,0.034
,0.0545,0.005,0.061333333,0.049166667,,,0.0326,,0.0488,,0.041,,,,0.025666667,,,0.033,,,,,,,,,,,0.0062,,,0.0348
,0.062666667,,0.068333333,0.0565,0.039333333,0.033166667,,,,0.028,0.0492,,,,,0.028,0.013833333,,,,,,0.0658,,,,,,0.0064,,0.0735,0.0338
0.0325,,,,,,,,,0.0544,,,0.005,0.0925,0.030666667,,0.028333333,,0.030333333,0.0862,,,,,0.0746,0.0522,,,,0.0058,0.052,,0.035
0.0325,0.0492,,,,,0.033833333,0.0356,,,,0.064,0.005,,0.031833333,,0.028666667,,,0.09,,,0.023,0.0606,,0.0534,0.0425,,0.055666667,,,0.0815,
0.0325,,,0.087833333,0.085166667,0.041666667,0.033166667,0.0332,,,0.0285,0.074,,0.085333333,0.033166667,,0.027833333,0.027,0.033333333,0.0926,0.0126,0.026,,,0.0724,,0.040166667,,0.057833333,0.0062,0.057666667,,
0.034166667,,0.2045,0.082333333,0.086166667,0.04,0.033666667,,,,,,,0.084166667,0.031333333,,,,,0.086,,,,0.0598,,,0.0435,,,0.0056,,0.079,
,,0.0335,0.0815,,,0.0355,,,0.0638,0.0275,0.0866,,0.087333333,0.029833333,,0.028333333,0.019833333,,,,0.0288,,0.0572,0.0776,,0.040333333,,0.068166667,0.0065,,0.078833333,0.0378
,,,0.081333333,,,0.034333333,,,,,0.0662,0.005,,,0.024666667,,0.018,0.0355,0.0798,0.013333333,,0.021833333,0.05525,0.071,,,,,0.0062,,,
0.0318,0.0472,,0.076,,,,,,0.0702,,0.0564,0.005,,,0.025,,0.0206,,0.0724,0.013166667,,0.0234,0.052,0.0654,0.0594,,,,0.0064,0.0606,0.0728,0.0408
0.032,0.0455,,,,,0.0356,0.033,,,0.0254,,,,,0.023,0.0275,0.0172,0.0374,,,,0.0246,,0.0614,,0.024166667,,,0.0068,0.0586,0.0706,0.04
0.0315,0.043166667,,0.073166667,0.097666667,0.061166667,0.038833333,0.035,,0.0585,0.024833333,,,,,0.025166667,0.0265,0.020666667,,0.069666667,0.013166667,0.034333333,,,,0.060333333,0.015333333,,0.07,0.006333333,0.058833333,0.069333333,0.037833333
,0.054,,0.072,,,,,,0.063833333,,0.048166667,0.005666667,0.082333333,,,0.0265,0.021666667,0.0365,,0.013333333,0.0285,0.027166667,0.047666667,0.062666667,0.0575,0.0162,,,0.005833333,0.054166667,0.073666667,0.034166667
,,0.005,0.0775,,0.071833333,0.015666667,,,,,0.050166667,0.005,,0.0282,,0.0254,,,,,,,0.051333333,,0.059166667,0.0225,,,,,0.0745,0.033666667
,,0.005,,0.1205,0.075666667,0.033666667,0.032666667,,,,,,0.079833333,0.035333333,,0.025,0.020833333,,0.08,0.012,,,0.057333333,0.0585,,,,,,,0.074333333,0.0345
,,0.005,,,,0.034166667,,,0.050333333,,0.049,0.005,0.085666667,0.0345,,0.025333333,0.0225,,0.090166667,0.011833333,,0.026333333,,,0.062333333,,,,0.006833333,0.0545,,
0.0276,,,,0.0434,,,0.0308,,0.0834,0.0228,0.0508,0.005,0.0798,0.0418,0.025,0.025,0.0202,0.0386,0.0892,,,,0.0596,,0.06,0.0165,,,0.007,0.0544,,
0.0265,,,,0.034166667,0.076333333,,,,0.0586,0.022833333,,0.005,0.0765,0.037166667,0.025,0.027166667,0.019333333,0.036666667,,0.011666667,0.0345,,0.058666667,0.062333333,0.057333333,,,0.078,0.0074,,0.100666667,
,,0.005,,,0.07,,0.033666667,,,,0.058666667,0.005166667,,0.033666667,,,0.0185,0.030666667,0.090833333,0.011666667,0.032,,0.056166667,,0.055833333,0.016,,0.074666667,0.006833333,,,
0.024833333,0.070333333,0.005,0.084,,0.063333333,,0.037,,,,,,,0.031,,,0.017166667,0.0365,0.092166667,0.011833333,,,,,0.061666667,,,,0.006,0.072166667,,0.031333333
0.0235,0.067833333,0.005,0.074333333,0.0405,,0.031833333,0.0374,,0.053666667,0.022833333,0.055833333,0.005,,,,0.025833333,,0.036166667,0.092,,0.035833333,,0.055,,0.0585,,,0.107666667,,,,
,0.0695,,,,0.058333333,,0.0334,,,0.0235,0.051333333,,,,,,0.013833333,0.036,,,0.037833333,,,0.070333333,0.055833333,,,,,0.068666667,,0.0335
,0.074666667,0.005,0.084333333,,0.060166667,,,,,0.022666667,,,0.079666667,0.027166667,,,0.012833333,,,0.0114,,,,0.068833333,0.053166667,0.01375,,0.096833333,,0.062333333,,
,0.089,,,,0.058833333,0.034666667,0.028,,,0.022833333,0.044,,,,0.022166667,,0.016,,0.083166667,,,0.029166667,0.066,0.076166667,0.054833333,0.015666667,,0.083166667,,,0.070833333,0.033333333
,,0.005,,,,,0.0278,,0.0702,,,,,0.026666667,,,,,,0.012,0.031166667,0.03,,0.0645,0.053833333,,,,0.005,,0.069666667,
,0.074666667,0.005,,,0.052333333,,,,0.0468,,,,0.0855,,0.023166667,0.029166667,0.015666667,,,,0.030666667,0.030333333,0.0568,,0.054,,,,0.0054,0.053666667,,
,0.0895,0.005,0.073166667,0.044666667,0.051,,,,,0.024,,0.005,,0.027666667,,0.03,,0.038166667,,,,0.030333333,,0.073333333,0.052833333,0.0225,,,,0.052166667,0.073166667,
,,,,,,,,,,0.0248,,0.005,0.087,0.0264,,0.0306,0.0615,0.0388,0.0896,0.01175,0.0326,0.0304,,0.078,,,,,,0.053,,0.0284
,,0.0056,,0.048666667,,0.036666667,,,,,,0.005,,,0.021833333,0.029166667,,0.036666667,0.0835,0.0116,,,,0.077666667,0.051333333,,,,,0.052666667,,
0.0365,0.091833333,,,0.054166667,,0.045,,0.006166667,,,,,,0.026,0.022333333,0.029333333,0.0695,0.037,,,0.032,,,,0.0505,,,0.062,,0.054166667,0.074,0.035333333
,,,0.077833333,0.051666667,,0.039833333,0.0318,0.014333333,,,0.055166667,,0.071833333,,,0.030833333,,0.0365,,,0.028333333,0.03,,,0.050166667,,,,,,0.085666667,0.035166667
0.036666667,0.090166667,,,,,,,,0.047833333,0.025333333,0.0595,0.005,0.067666667,,0.0225,0.031666667,,0.045833333,0.090333333,0.0116,0.029666667,,,,0.049833333,0.032,,,,0.057666667,,
,0.085166667,0.022333333,0.0765,0.0485,0.054,0.034833333,0.0328,0.04125,,,0.0635,,,,,,0.035166667,,,0.011,0.0315,,0.061666667,,,,,0.077,,,,
0.037833333,,,0.073,0.0465,,,,,,,,0.005,,0.028,,,,,0.083166667,0.011,,,0.0556,,,,,0.074833333,0.005,,,0.0328
,,,,,,,,,0.057666667,0.026833333,0.0635,,,,0.027666667,,,,,,0.0375,0.029833333,0.0688,,0.054166667,,,,,,0.076333333,
,,0.0185,,,0.068,,,0.069,,,0.061333333,0.005,,0.031666667,0.027666667,0.0315,,,,,0.0435,0.0305,0.0578,,0.055666667,,,0.088166667,0.007,,,0.040166667
0.039666667,,,,,,,,0.0445,0.065833333,,,,,,,0.032166667,0.040666667,0.039333333,,0.0094,,,,,,0.023166667,,0.083833333,0.0068,,,
0.037666667,,0.020666667,,,,,,0.0345,,,0.05875,0.0055,0.1055,,,0.032333333,0.039833333,0.039,0.074833333,0.0094,0.048,0.032,0.0606,0.066166667,0.065,,,,,0.054666667,0.087,0.049833333
0.033333333,0.080666667,,0.077,0.050833333,0.078333333,,,0.028666667,,,,0.005,,0.030166667,0.026666667,0.032333333,,,0.07025,,0.0475,0.031333333,0.055,0.06425,0.0652,0.028666667,,,0.0078,,0.0755,0.05
,,,,,0.078666667,0.0505,,,0.0634,,0.0565,0.005,,,,,0.046333333,0.042166667,,0.01,,,,,0.0604,,,0.078166667,0.0072,0.054166667,0.072,0.05175
,0.09,0.018166667,0.0765,,0.081166667,,0.0508,0.023333333,0.056,0.030166667,,0.005,0.114833333,,,,,0.0465,,,,,0.0554,0.0686,0.0628,0.023166667,,0.119,,0.052666667,0.069333333,
0.032833333,,,0.078333333,0.049166667,0.081666667,,0.0538,0.0206,,0.030166667,,,,,0.0275,0.033333333,0.035333333,,,0.0106,0.051166667,,,0.064,,0.018333333,,,,,,0.0442
0.032166667,0.096333333,,0.081,,,,,0.015666667,0.052333333,,0.06,0.005,,0.0295,0.028,,0.030833333,,0.0912,0.0102,0.049833333,0.0395,0.0554,0.0684,0.0564,,,,0.0084,,0.066666667,0.03625
0.032166667,,0.014333333,0.079666667,0.051666667,0.0735,0.052333333,0.0556,,0.0524,,,,0.127666667,0.029,,0.033166667,0.042,0.0485,,,0.054333333,,,0.0714,0.0582,0.027666667,,,,,,0.0405
0.031166667,,0.015166667,0.077333333,,,,0.0568,0.026166667,,0.031,,0.006,,,0.028333333,0.031833333,0.041666667,0.048166667,,0.0098,0.0565,,,,0.0556,,,,,,0.0655,0.045
,0.093333333,0.016833333,0.081,0.0498,0.071666667,0.0515,,0.01525,0.053,,0.054,,0.1225,,0.032666667,0.030833333,,,0.097,,0.056,,,0.0756,0.053,,,,,,,0.0568
0.039333333,0.089666667,,,0.0575,,0.057666667,0.056166667,0.017666667,0.053,,0.05,0.005666667,,,,,,,0.10025,,0.058666667,0.034166667,,,,,,,,,0.061333333,0.0588
,,,0.074,0.058833333,0.0755,,0.0462,0.0235,,0.0315,0.059,0.0058,,,0.0305,0.034666667,0.015333333,,,0.0088,,0.032833333,0.0582,,0.077,,,,0.0066,,,0.0596
,0.066333333,0.013166667,,,0.080666667,,,,0.0548,,,,,0.030666667,0.030833333,0.035666667,,,,,0.051333333,,0.0512,0.0764,0.0546,,,,0.0076,,,
,,0.012,,0.0594,0.085,,,0.0195,0.055,,,,,0.0312,,0.0348,,0.055,0.08225,0.0095,,0.0336,,0.0745,0.05575,,,0.065,0.0075,,,
0.043,,0.016,0.075,,,0.058,,0.0175,0.0545,,0.073666667,,,0.03,,0.0335,,,0.082,,,,,,0.057333333,,,0.0695,,0.0615,0.127,0.056666667
,,0.011333333,,,,,,,,,,0.005166667,,,0.032333333,0.033666667,,,,0.009833333,,,,0.071,0.061166667,0.035333333,,,0.006833333,,,
,,0.016,,,0.0958,,0.0525,0.014666667,,,,,0.119,0.030666667,0.0338,,0.023666667,,0.070666667,,,0.041833333,0.0658,,0.064333333,,,0.0718,0.006166667,0.061833333,,0.058333333
0.042,0.073166667,,,0.0595,0.097,,,,0.0535,,0.065166667,0.0052,0.1215,0.030166667,,0.0368,,0.054,0.071166667,0.0095,,0.043166667,,0.066666667,0.053,,,,0.006,,,0.057833333
,,,0.073,,,0.058333333,0.0498,,,,,0.005,,0.0284,0.032666667,0.036,,,0.075333333,0.0098,,,0.0554,,0.052666667,,,,,,,
0.037833333,,0.016666667,0.074833333,0.055666667,0.105166667,,0.0512,0.013,,0.034333333,,0.005,0.11,0.0282,0.032333333,,0.031166667,,,0.0096,,,0.0644,,,,,0.065666667,,0.0565,0.074,
,0.095,,0.074,,0.107,,0.046,,,,,0.005,0.1005,0.028,0.035,,,0.05225,0.075333333,0.009333333,,0.04475,0.062666667,0.070666667,,,,,0.006333333,,,
,0.076333333,,,,,0.055333333,0.04025,,,,,,0.0875,0.028,0.037333333,,0.024666667,,0.08,,,0.049,0.07175,,0.04825,,,,,,,0.05925
0.0355,,0.020333333,0.079,0.0555,0.117333333,0.052833333,,0.013166667,0.0496,0.034,,0.005,,,,0.0365,,,,,0.044833333,0.0495,0.062166667,,0.0476,0.0275,,0.063833333,0.005,0.055,0.0755,
,0.0735,0.018333333,0.080666667,,0.116666667,0.052166667,,,,0.033,,0.005,0.088666667,0.032666667,,,0.021166667,,0.0926,0.0108,0.042666667,0.0505,0.0644,,,,,0.063333333,0.005,,0.074833333,
,,,,0.052166667,,,0.0406,,0.0508,,,0.005,,,0.037,,,0.053833333,,0.0108,0.043833333,0.050666667,0.0634,,0.046,0.049333333,,0.0626,,,0.075333333,0.0462
,0.065833333,,,,,0.045,,,,,0.0408,0.0052,,0.033333333,,0.037,,0.0535,,,,0.048333333,0.0552,0.0714,0.0505,,,0.061166667,0.006,,0.076333333,
,0.070833333,,,0.0494,0.116,0.043166667,,,0.0546,,0.0446,0.0052,0.091833333,0.034666667,0.038166667,0.039166667,,,,,0.043166667,0.047166667,0.0492,,0.0456,,,,,,,0.048
0.053666667,0.068666667,0.012,,0.050333333,0.112333333,,0.0405,0.034,,0.038666667,,,0.099,0.034666667,,,0.02,,0.075,0.0105,,0.047666667,0.053,0.0505,,,,,0.0055,,0.122333333,0.0435
,,0.009,0.083,,,0.045,0.043,0.027,0.055,,0.052,0.005,0.103,,,,0.017,,0.077,0.01,,,0.055,,,0.048,,,0.005,0.048,0.082,
0.043,,,0.084333333,,0.104666667,,,0.032333333,0.053,,,0.005,0.095666667,,,,0.024333333,0.049333333,0.06975,0.009666667,0.045,,0.052333333,,0.0545,0.04875,,0.071666667,0.005,0.059333333,0.078333333,
,,,,0.052166667,0.109,0.0445,0.0346,0.0228,,,,0.005,,,0.039333333,,,0.047666667,0.0682,,0.044166667,,0.0584,,,,,0.091833333,0.005,0.06,0.079833333,
0.0375,,0.02,0.090833333,0.051166667,0.104833333,,0.031333333,,0.054833333,,,0.005,0.0745,0.027666667,0.040833333,,,0.047,,,0.0405,0.052166667,,0.051333333,0.046833333,,,,0.005,0.062333333,,
0.036666667,,,0.088666667,,,0.046833333,,0.032666667,,,0.050166667,,,0.024666667,,0.042,,0.047666667,,,0.037666667,,,,0.049333333,,,,0.005,0.059833333,,
0.0378,0.0922,0.0354,0.0812,,0.116,,,0.031,0.0832,,0.0476,0.005,,0.0256,,0.046,,0.047,0.063,,,,0.1046,,0.0496,,,,0.005,0.0554,0.0754,0.0434
,,0.135833333,0.079166667,0.088166667,,0.041666667,0.042333333,0.021833333,0.116166667,0.045333333,0.042833333,0.005,0.1065,,,0.046,,0.048166667,0.0645,0.008666667,0.042,,,,0.049,0.063,,,,0.041,,0.039833333
,,,,0.0712,,,,0.0485,0.0965,0.045333333,,,,0.038,0.045,,0.037,0.052,,0.0084,0.0445,,,0.051,,0.061333333,,,,,0.0746,0.0452
,0.075,0.0705,,,,0.0254,,0.0482,0.06275,,,0.00525,0.1155,0.04,,0.04525,0.0248,,,,0.045666667,0.0464,,,,,,,0.005,,0.0724,
0.035,,,0.065,,,0.063,,,,,0.047,,,,0.05,0.043,0.015,,,,0.076,,0.068,0.058,0.066,,,,,0.055,,
,,,,,,,0.048,,,,,0.005,,,,,,,,,,,0.08,,0.068,0.059,,,0.006,,,
0.0384,,0.128333333,0.057166667,0.079833333,,0.088666667,,0.051666667,,,0.047166667,,,0.046833333,,,0.035,0.167,,0.0156,,0.049666667,,,,0.0585,,,,,,
,,,,,0.118666667,0.101,,,0.059833333,0.045333333,0.046333333,0.005,,0.052166667,0.0525,0.047,,0.108,0.082666667,,,0.050666667,,,,0.0555,,,,0.054833333,,0.073333333
0.0375,,0.201333333,0.0485,0.120666667,,,,,0.055833333,0.0435,0.046166667,,0.100666667,0.050833333,,0.047,0.018333333,,,,,,0.062166667,,,,,,,0.055,,
0.0395,,,,,,,0.045166667,,,,0.0475,,,,0.051333333,,0.013666667,,,0.010666667,,,0.0585,0.057333333,0.056333333,0.023833333,,,0.006666667,,,
,0.069,,,,0.1222,0.0708,,,0.0615,,0.046,,0.0896,0.0512,,0.04775,,,0.0776,0.0106,,0.0644,,0.056,,,,0.07,0.0076,0.0572,,0.0678
,,,0.0532,0.073,0.1234,,0.045,,,,0.0434,,0.0994,0.05,,0.04975,,,0.0896,0.0106,0.0478,,,,,,,0.051666667,,0.0636,,0.0592
0.039833333,0.067666667,,0.058666667,0.06575,,,0.053333333,,,0.045333333,0.042666667,0.005,0.108333333,0.0495,0.049,0.050833333,0.0165,,,,0.0485,0.064666667,0.062,,0.054,0.0225,,0.045,0.005666667,0.058,,0.054166667
0.037666667,,,,0.056833333,0.119333333,,,0.028833333,0.088333333,0.046833333,,,0.093333333,0.048833333,,,0.019166667,,0.074166667,0.01,0.054833333,,0.055333333,,,0.019166667,,,0.005,,0.063,
0.038333333,,,,,,,0.042333333,0.019166667,,0.047166667,0.042,0.005,,0.049,0.049833333,0.052833333,,,,,,,0.053833333,,0.056,,,0.045,0.005,,0.067,
,0.069166667,,,0.053666667,,,0.040833333,0.018333333,0.038,0.0485,,0.005,0.082,0.049666667,0.048333333,,0.031333333,,0.076666667,0.0095,,,0.053833333,,,0.022166667,,,0.0055,,,
0.034333333,,,,0.051833333,0.115166667,,0.044666667,,,,,0.005,,0.054,0.052833333,0.052666667,,,0.079,0.009166667,0.043166667,,0.054,0.054,0.045666667,0.020166667,,,,,,
,0.089,0.188,0.067666667,,0.110666667,0.052666667,,0.017666667,0.063666667,0.048,,0.005,,,,0.055,,,0.072333333,0.01,,0.067666667,,,,,,,0.005,,,0.045666667
,0.084333333,0.089666667,0.071666667,,,0.028,0.035666667,0.016333333,,0.049,,,,,0.051666667,,,,,,0.049333333,0.062,,0.048,,0.03825,,,,0.041666667,,0.0495
,,,,,0.111,,,,,0.05,,,,,,,,0.061,,,0.053,0.063,,,,,,,,0.041,0.073,
,,,,,,,,,,,,,,,,,,,,,,,,,,,,,,,,
0.04475,,,0.06975,0.066666667,,0.05575,,0.02475,0.1012,0.0535,,,0.086,0.05925,0.0545,0.0585,0.06525,0.06175,,,0.039,0.06075,0.0552,,0.0514,,,,,,,
0.048,,0.088,0.0712,,0.1124,0.0488,0.0426,,,0.0534,,0.007,0.0872,,0.0552,,0.0624,0.0698,,,,0.0564,0.061,,,,,,0.0074,0.0884,0.0682,0.0446
,,,,0.063,0.109,,,0.043833333,,0.052,0.041166667,,0.0734,,,0.0568,,,0.099333333,0.011833333,0.0415,0.051,0.0588,,,0.011833333,,,,,0.067166667,
0.0455,0.079333333,,0.075166667,0.057,0.106,,,0.069,0.1248,0.053166667,0.0396,0.0065,0.066666667,0.055833333,0.0585,,0.048666667,0.0735,0.1038,,,,0.0626,,0.052,,,,0.03,0.0595,0.065333333,0.0462
,,,,,,,,,,,,,,,,,,,,,,,,,,,,,,,,
,,,,,,,,,,,,,,,,,,,,,,,,,,,,,,,,
,0.10175,0.052,,,,0.047666667,,,0.1144,0.056,0.0444,,0.10875,,,0.05825,0.04425,,,,0.03475,0.04825,0.0704,,0.063,0.0216,,,0.0225,,0.0755,0.037
,,,,,0.05,0.042833333,0.043666667,,,0.055,,,,,0.063,,,0.054166667,,0.0095,0.038333333,0.048833333,,0.0625,0.060833333,,,,0.020666667,0.064166667,0.074,
,0.087666667,0.0806,,,0.037666667,,0.0356,0.0645,,,,0.011,0.089,,,0.058166667,,0.052,0.105,,,0.053,,,,,,,,,0.1035,0.037166667
,,0.063166667,,,,0.042166667,,0.056,0.0055,,,,,,0.066666667,,,0.051666667,,,0.035333333,,0.073,0.089833333,0.059333333,0.016166667,,,0.015,0.044833333,0.127,
0.032333333,0.080166667,0.058,,,0.039333333,,0.038,,,,,0.0124,0.085666667,,0.0665,0.057333333,,,,0.0084,0.032833333,0.057666667,0.0802,,,,,,,,0.110833333,
0.032833333,0.088833333,0.049,0.096,0.074,0.05,,,0.059833333,0.074666667,0.051666667,,0.0128,0.083166667,,0.067,0.056,0.039833333,,,0.008,0.037,0.06,,,,,,,0.0092,0.070333333,,
,,0.051,0.083,,0.062666667,0.042833333,,,,0.048666667,0.038333333,,0.076166667,,,0.056166667,0.025833333,0.056333333,0.091333333,,0.038833333,,0.073,0.093666667,,,,,,,,
0.041333333,,0.098666667,,,,,0.0338,,0.097166667,0.047333333,,0.0115,0.085333333,,0.0625,0.055666667,0.024833333,0.059833333,,0.0082,0.039,0.053166667,,,0.048833333,0.0665,,,0.015,,0.07,
,,,0.066333333,,,,0.0366,,,,,,0.095,0.056666667,0.061666667,,0.024166667,,0.1035,0.0082,0.035666667,0.0515,,0.095333333,,,,,,,0.058333333,
0.048,,0.249833333,0.067833333,0.172666667,0.083833333,0.115666667,0.0408,0.094666667,0.0915,,,0.009,0.1005,,,0.054833333,0.0255,,,,0.043333333,0.052333333,0.0712,0.094333333,,0.067,,,,,0.057,0.085
0.0415,,0.257,0.068333333,0.1746,,,0.0424,,,,,0.0086,,,0.068666667,,0.0235,,0.135,0.0084,,0.054333333,0.0688,,,0.062833333,,,0.0424,0.067166667,,0.276333333
0.034833333,0.1075,,,,0.089833333,0.307,,,,,0.037666667,0.0082,,0.059,0.0595,0.055166667,,0.3185,,0.0082,,,,0.0886,,,,,0.0684,0.067166667,,0.159666667
,0.0772,,0.0662,,,0.4038,,,0.0632,0.0586,,,0.1104,0.0586,0.064,0.0558,0.0248,,0.2138,,0.0482,,,0.078,,,,,,0.0682,,
0.031333333,0.088333333,,0.066333333,,,0.2385,0.049,,,,0.050833333,,0.108,0.055833333,,0.055166667,,,0.252166667,0.008,0.0485,0.0715,,0.09725,,,,,0.0412,,0.061333333,
0.038166667,,,0.067666667,,,,,0.12,,0.053333333,,0.01,0.086333333,0.054166667,,0.056,0.0355,,,0.0086,0.050333333,,0.0716,0.11925,,,,,,,,
,0.087,0.093833333,,0.069,,,,,,0.054333333,0.0425,,,0.057333333,,,,,,,,,0.0718,,,,,,0.0424,,0.057333333,0.213833333
,0.080166667,0.1005,0.063333333,,0.102666667,,0.04225,,,,0.035333333,,0.102166667,0.054666667,,0.055166667,0.029,,,0.0084,,,,,,0.086666667,,,0.0288,,0.056666667,0.108166667
0.035666667,,0.101833333,0.065333333,0.078333333,,,,0.080666667,0.07,0.051333333,0.034,0.0092,0.1035,0.056333333,0.066166667,,0.027833333,0.066833333,,,,0.07,,0.103166667,,,,,,0.062333333,,
0.034166667,0.077333333,0.0735,0.066833333,,,,,0.121666667,0.0675,,0.0375,0.0092,,0.056666667,0.070333333,0.053833333,0.029666667,,,0.0104,,,0.062,,,0.0916,,,,,0.058,0.087333333
0.0325,0.067333333,0.065666667,,,,0.1695,0.1126,,,,0.0418,,0.1926,0.053333333,0.070833333,0.057,0.0506,0.086,,,,,0.0692,,,0.1026,,0.094,,0.060333333,0.058166667,0.1208
0.030833333,,,,,0.214166667,,0.1122,0.127,,0.059833333,,,0.235833333,,0.065833333,,,,,0.01,0.084666667,0.054833333,0.0776,,,,,,,0.064166667,,
0.031,,,0.068,,,0.305,0.08,0.108,,0.065833333,0.0474,,0.159833333,0.057333333,0.063666667,,0.054,,,,,0.053833333,,0.083,,,,0.087166667,0.0268,0.067666667,,
,,,0.073333333,,0.192666667,,0.069,,,,0.051,,0.142833333,0.057333333,,,,,,0.0084,0.071666667,0.052666667,0.074,,,0.073666667,,,0.0178,0.0645,0.059333333,0.1912
,,,,,0.154333333,0.229166667,,0.085833333,,,0.0596,,,0.054833333,0.063833333,0.065666667,,0.108166667,,,,0.051,,0.09125,,0.071333333,,0.088333333,0.0156,,,0.128
,0.083666667,,0.073333333,,0.1375,0.088666667,0.058,0.0688,,,,,0.109833333,,,,,0.112,,,0.058333333,,,,,0.0836,,0.091833333,,,0.0585,
0.034333333,0.093166667,,,,0.131333333,,0.0462,0.056,,,,0.0112,0.096166667,,,0.0625,,,0.227,,0.054,,,,,,0.03025,0.093666667,0.0126,0.068666667,0.063,
,0.1,,0.067166667,,0.1205,,,,,0.059833333,0.0524,0.0118,,0.054166667,0.085,0.060833333,0.040333333,,0.217,0.011,,,0.077,0.0926,,0.0848,0.040333333,0.087166667,,0.0638,,0.1052
0.033833333,,,0.068333333,,0.114,0.090666667,,,,0.056,,,0.083,,,,0.045,0.100166667,,,0.0435,0.053,0.0746,0.0944,,,0.058166667,,0.0184,,,
0.032166667,,,0.070833333,,,0.080666667,0.0394,,,,,,0.100333333,0.063166667,,,0.051,0.097833333,,0.0106,0.0385,,0.075,,,,,0.099,,,,0.0766
0.034333333,0.099,,0.073166667,,,0.057333333,0.0496,,0.09,0.052166667,,0.0134,,0.064833333,0.084166667,0.054,,,0.1602,0.0104,,0.062,0.0682,,,,,,0.0135,0.079666667,,
,0.095,,,,,,0.0478,0.0235,,,0.0442,,,0.0655,,,,0.0755,,0.0114,0.049333333,,,,,,0.048666667,,,,0.062166667,
0.0522,,,0.075333333,0.0836,0.117,,0.04175,0.02,0.0875,,0.04275,0.01425,,0.0658,,0.0516,,,,,,,,0.086,,0.087,,,0.0215,0.0758,0.0646,
,0.0845,0.08325,,,0.128333333,0.063166667,0.0754,0.015,,0.050833333,,0.014,0.1095,0.061666667,,,,,0.0976,0.0166,0.07,0.057333333,0.084,,,,,,,,,0.077
0.0395,0.078,0.2866,0.0725,0.09075,0.153166667,0.108833333,0.073,0.0165,0.083,0.051333333,,0.0138,0.115666667,0.0615,,,,,0.0958,,0.0886,0.060333333,0.092,,,0.071,0.382666667,0.079166667,0.0896,0.068333333,0.062166667,
,,,0.073333333,,,,0.0848,,0.085,0.051166667,,,,0.060166667,,0.0505,,,,0.1472,0.075333333,,0.104,0.0846,,0.08,0.305833333,0.081833333,0.0462,0.071333333,,
,,,0.069333333,,0.458666667,0.126,,0.018166667,0.0872,0.051333333,,0.015,,0.0565,0.0585,,0.041,,0.1144,0.06,,,,,,0.0814,,0.09275,0.034,0.074,0.065333333,
0.039166667,0.056,0.122166667,,,,,0.0662,0.034833333,0.0898,0.055833333,0.0476,0.0168,,0.058,,0.0525,0.035,,,,,,,,,,,,0.0278,,,
,,,0.064833333,,,,,,0.0842,,0.0414,0.01975,0.114,0.058333333,0.054666667,0.052,0.029666667,,0.128,,,,,0.1068,,0.0668,0.261166667,0.099,,0.0485,,
,,0.084166667,,,,,0.055,0.045666667,,0.055666667,,0.0222,0.1032,0.059,,,,,,,,0.061833333,0.077,0.1016,,,,0.088666667,,0.064,0.0605,
0.039166667,,0.078,,,,,0.0686,,0.09,0.056166667,0.0374,,0.139666667,,,,0.028666667,,0.117,,,,0.0914,0.0892,,0.066,,,0.028333333,0.11,0.054833333,0.127
0.035833333,,0.073,0.064,,0.1202,0.0848,0.065,0.067,,,0.0394,,0.1185,,0.057166667,,0.030833333,,0.103,0.0176,,,,,,0.0616,0.082666667,0.100833333,,,,0.1222
0.033833333,0.100666667,,,0.083833333,,,0.061,0.039333333,0.0818,0.0515,,0.0194,0.106166667,,0.058333333,,,0.091833333,,,0.067,0.0602,,0.0852,,,,,0.0326,,,0.137
0.034166667,0.087666667,0.065833333,0.060833333,0.092166667,,,,,,,,0.021,,,0.059666667,0.050333333,,,0.1092,0.0192,0.067,0.0615,,0.085,,,,0.087166667,0.1906,,,
0.034333333,,,,,0.127833333,0.075833333,,0.0795,0.0804,,0.0356,0.0238,0.104,0.0545,0.06,0.052,,,0.1094,,,,,,,0.049666667,,,,,,
,0.0858,0.056666667,,,0.136333333,0.068166667,,0.106,0.066,0.053,,0.0272,0.112,,,,,,,0.0214,,,0.0802,0.09,,0.049166667,,,0.0354,0.057166667,,
,0.0816,0.0504,0.0614,,0.1428,0.0724,0.07775,,,,0.0365,,0.1254,0.0652,,,,,0.092,0.0195,,,0.076,,,,0.0654,0.075,0.026,,0.0544,
,0.080833333,,0.0655,0.078,,0.0754,0.082,,,0.0575,,,0.132,,0.053333333,,,0.0796,0.0918,0.0156,,,0.0754,0.086,,,0.0342,0.051,0.081,0.0576,0.0542,
0.035166667,,,,0.078833333,0.134833333,,0.090166667,,0.075,,0.037166667,0.034833333,0.143,,,,,0.08,0.092166667,,,0.053666667,,0.088666667,,,0.0295,0.061166667,0.048833333,,0.053833333,
0.035333333,,,0.0605,,0.134333333,0.083666667,,0.005,,0.057833333,0.0355,,0.1302,,,0.053833333,,,,0.016333333,,0.049333333,0.0755,0.086833333,,0.048333333,0.027333333,0.071166667,,,,
,0.076833333,0.058666667,0.0528,,,0.0978,,0.1756,,,0.035,0.030666667,,0.0492,,0.053666667,0.0286,0.0872,,,0.118,,0.071166667,,,,0.0295,,0.040666667,0.0606,0.0524,
,0.0824,,0.0546,0.167,0.2876,0.1684,0.1196,0.1226,,,0.0344,,,,0.081,,,0.1005,,,0.1672,0.0508,,0.0836,,0.0262,,0.0506,,0.0586,,
0.0455,,0.06,,0.1615,,,,0.128,0.078833333,,0.035666667,0.039333333,0.113,,,,0.0262,,,0.0172,,,0.076166667,,,0.026666667,,,0.0256,0.0565,,
,,,0.057,,,,0.071,0.1358,0.0768,0.053,0.033,0.037666667,,0.0645,,0.051666667,,,0.086166667,0.015833333,0.1032,,0.073666667,0.082333333,,0.0285,0.0244,0.0155,,0.055666667,0.0546,
0.037333333,,0.050333333,0.060166667,0.125333333,0.137,0.132666667,0.0685,,0.072166667,0.050166667,,,,,,,,0.167333333,,,,0.052833333,,0.080166667,,0.0335,,,,0.056166667,,
0.036333333,0.0755,0.034333333,0.062166667,,0.1375,,0.0665,0.095,0.071833333,0.047333333,,,,,0.057833333,0.048666667,0.029333333,0.159,,0.0206,0.0655,,0.067666667,,,,,,0.016,0.059333333,,
0.0365,0.077833333,0.026833333,,,,0.073,,,,,0.034,0.027833333,,0.060666667,,,0.028166667,,,0.024333333,,,0.0665,,,,,0.064833333,,0.0625,,
,,0.026,0.0555,0.069666667,0.131333333,0.072833333,0.0675,,0.067,,0.0345,0.028666667,,,,0.046666667,,,,,,0.053,0.076833333,0.080333333,,,0.020166667,,0.019666667,0.062166667,,
0.041833333,,,0.059,0.066666667,0.126666667,0.069833333,,0.1896,,,,0.0282,,,0.048333333,0.047833333,0.028,,0.078333333,0.0282,,,,,,,,,,,,
0.03725,0.073666667,,0.0578,,0.1262,0.0766,0.0585,,,0.0474,,,0.093,,0.047166667,,0.026333333,,0.079333333,0.021833333,,,,0.075666667,,,0.0166,,,0.0585,0.0518,
0.042666667,0.073333333,0.042,,0.063833333,,0.068833333,,,,,0.0355,,0.0935,,0.0475,0.048166667,,,,,0.054833333,0.065,,,,0.0515,,,,0.058,,
0.0445,,,0.058166667,,0.134833333,,,0.1935,0.0695,0.049833333,,,,0.0462,0.047666667,0.051666667,,,,0.0554,0.0535,0.060833333,0.07,0.081333333,,0.047833333,0.014166667,,,,,
0.046166667,0.067333333,,0.0555,0.060833333,,0.0615,0.0798,,0.077166667,0.050166667,,,,,,,0.026666667,,,0.06,0.093666667,0.056833333,,,,,,,0.0285,,,
0.045166667,0.0685,,,,0.127666667,0.091166667,,,,,0.044,0.0416,0.094,0.05,,,,,,0.0306,,,0.0718,0.079333333,,,0.02,0.072666667,0.025,0.058666667,0.0535,
,,,,0.092666667,,,0.0514,0.005,0.077666667,,0.042833333,0.0498,,0.051333333,,0.054166667,,0.078833333,,,0.074833333,,0.0752,0.077,,,,0.079833333,,0.06,,
0.044833333,0.085333333,,0.055,0.081666667,,,0.0556,0.017833333,,0.052166667,,,,,0.055166667,0.0545,,,0.0876,0.0172,0.070666667,,,0.0745,,0.0235,,0.082333333,,0.060666667,,
0.044333333,,0.106666667,,,0.1405,,0.054,,,,,,0.096666667,0.081666667,,0.052166667,0.067666667,,,,0.0675,0.0535,0.0715,,,0.027,0.018166667,0.079666667,,,0.059166667,
,0.086166667,,0.061333333,0.0695,,0.067833333,0.0528,,,,,,0.091666667,,0.0575,0.051,0.055666667,0.072833333,0.1425,,0.062166667,,,0.077833333,0.061333333,,,0.073666667,,,,
0.042333333,0.086666667,0.070166667,0.0635,0.065,,,,0.005166667,0.079,,,0.0772,,,0.059833333,0.0505,0.054833333,0.079166667,,,0.061,0.050833333,,,0.062,0.018333333,,,0.024,,,
0.0445,0.0885,,0.060833333,0.060833333,,0.062333333,0.04925,0.0052,0.077833333,0.043166667,0.046,0.0735,0.086,,,0.047333333,0.052166667,,,0.01325,0.060333333,,,0.083,0.060333333,,0.018333333,,0.01775,0.0705,0.059,0.136
0.044166667,0.0865,0.069,,,0.132333333,,,,,0.0415,0.040333333,0.06175,,,,,0.052333333,,0.142166667,0.0132,0.052833333,,0.077,0.0825,,,,0.094666667,0.021,0.078,,
,,,,0.058333333,,,,,0.070833333,,,,0.069166667,0.056666667,,,0.049166667,,0.132666667,,,,0.0756,,,,0.0415,0.1102,0.019,0.065166667,,0.06575
,0.089833333,0.055166667,0.061666667,0.051833333,0.131,0.053166667,0.0408,0.005,,,,0.0546,,,,0.045666667,0.0365,0.067833333,0.129666667,,,0.055666667,,,,0.012,,,0.0176,,,0.06025
0.036666667,0.0805,0.048166667,,,,,,0.005,0.063,,,,,0.0465,,,0.034,,0.114333333,,0.048833333,0.058666667,0.0758,,0.058166667,,,,,,,
0.035,,,0.0655,0.047,,0.049333333,0.0328,0.005,0.06375,0.039333333,0.0622,,0.0695,0.043,0.043,,,,,,0.043333333,0.061166667,0.0718,0.08175,0.060166667,,0.011666667,0.0865,,,0.063,
,0.0868,0.0396,,,,0.0482,0.03225,0.005,,,,0.044,0.0662,,,0.0446,0.029,,0.0884,0.012,,,,0.07975,,,0.0092,0.077,0.01175,0.0628,,
0.034333333,0.085833333,0.037666667,,,,0.043,0.0326,0.005,0.0556,,0.0594,0.0386,,0.038333333,,,0.028333333,,,0.0116,0.038166667,,,,0.063166667,,,0.0815,0.011,,,0.047333333
0.037,,0.0345,,0.037166667,,,0.0326,,0.0646,0.038666667,0.061,,,0.039333333,,,0.031833333,0.044666667,0.0755,0.0118,,,,,0.0615,0.057833333,0.008833333,,,,0.064333333,
0.037833333,0.048833333,0.027833333,0.070833333,0.035333333,,0.0405,,0.012833333,,0.039333333,0.0568,,0.092333333,,0.041166667,,0.037166667,,,0.0126,,0.051333333,0.083,0.07825,0.057833333,,0.008333333,0.077333333,0.0118,,,0.045
0.038166667,0.053333333,,0.067833333,0.037166667,0.100333333,0.042666667,0.0768,,0.064,0.039333333,0.059333333,,0.1525,,0.041333333,0.046,0.0375,,,0.0124,,,0.0814,,,0.062166667,0.008666667,0.07725,0.0162,0.0625,,0.0562
,,0.0515,,,0.1105,0.056666667,0.062,0.007666667,,0.039666667,,,,,0.042,0.046666667,0.0375,0.043,0.0885,,0.080666667,,,,,,,,0.0695,,0.064,
,0.064666667,,,0.084666667,,,,,,,0.048333333,0.024,0.123,,0.041833333,0.046666667,0.035833333,0.056333333,,,,,,,,,,0.0718,,,0.062833333,
,,,,,,0.081833333,,,,,,0.0238,,0.0415,,0.048,,,,0.0142,,,,,,,,0.074666667,0.0198,0.058666667,0.063333333,0.1036
0.0385,,0.056,0.0695,,0.118333333,0.077333333,0.0508,0.005666667,,,0.0516,,0.103333333,,,,,0.078,,,,,,0.0836,0.0596,,,0.072833333,0.0142,0.0605,,
,,,,,,0.06825,,0.00675,0.071,,,,,0.03825,,,0.02875,,0.104666667,0.015333333,0.05325,,0.065333333,0.079666667,,,,,,0.06125,0.073,
,0.064833333,0.055166667,0.074666667,0.062,,,,,0.061,0.043166667,0.0546,,,0.037333333,,,,0.067166667,0.1008,0.0154,0.0465,,,,0.0656,,,,0.014,,,0.0706
,0.061,0.056833333,0.0715,0.056333333,0.107833333,,0.0446,0.009833333,0.0855,0.042166667,,0.0172,,0.037166667,0.048,,,0.064833333,0.0996,0.0148,,,0.0726,0.0838,,0.056,0.013,0.082,0.0114,0.061,,
0.0395,,0.055166667,0.074833333,0.052166667,0.107,,0.048,,,0.0405,0.0536,,,,,,,0.058333333,0.101,,0.047333333,0.038,0.074,,,0.057333333,0.0135,0.0795,,0.0615,,
0.04,,0.059,,0.0735,0.108,,0.048,,,,,0.015,,,,,0.026,0.058,0.106,,0.0525,0.04,,0.084,,0.041,,0.0835,0.011,0.059,0.074,
,,,,,,,,,,,,,,,,,,,,,,,,,,,,,,,,
,,,,,,,,,,,,,,,,,,,,,,,,,,,,,,,,
,,,,,,,,,,,,,,,,,,,,,,,,,,,,,,,,
,,,,,,,,,,,,,,,,,,,,,,,,,,,,,,,,
,,,,,,,,,,,,,,,,,,,,,,,,,,,,,,,,
,,,,,,,,,,,,,,,,,,,,,,,,,,,,,,,,
,,,,,,,,,,,,,,,,,,,,,,,,,,,,,,,,
,,,,,,,,,,,,,,,,,,,,,,,,,,,,,,,,
,,,,,,,,,,,,,,,,,,,,,,,,,,,,,,,,
,,,,,,,,,,,,,,,,,,,,,,,,,,,,,,,,
,,,,,,,,,,,,,,,,,,,,,,,,,,,,,,,,
,,,,,,,,,,,,,,,,,,,,,,,,,,,,,,,,
,,,,,,,,,,,,,,,,,,,,,,,,,,,,,,,,
,,,,,,,,,,,,,,,,,,,,,,,,,,,,,,,,
,,,,,,,,,,,,,,,,,,,,,,,,,,,,,,,,
,,,,,,,,,,,,,,,,,,,,,,,,,,,,,,,,
,,,,,,,,,,,,,,,,,,,,,,,,,,,,,,,,
0.043666667,0.136666667,0.107,0.058666667,,,0.065,,0.018333333,0.147333333,,0.054,0.009666667,0.089,0.046,0.063333333,0.045666667,0.052,,,0.018666667,0.064,0.054333333,,,,,,,,0.071666667,,0.073
,0.131333333,0.109666667,0.058666667,0.062666667,0.124,0.067333333,0.05,0.005,0.133,,0.052,,0.097666667,,,,0.052333333,,0.114,,,0.054,,0.094,0.073,0.045666667,,,,0.072,0.065,
,,0.096333333,,,,,,0.005,,0.046666667,,,0.098,0.044333333,,,,,,,0.068,,0.101666667,0.09,0.081666667,0.046,0.027,,0.022333333,,,
,,,,,,,,,,,,,,,,,,,,,,,,,,,,,,,,
,,,,,,,,,,,,,,,,,,,,,,,,,,,,,,,,
0.03725,0.1215,0.089,,0.062,0.12925,0.0595,0.059,0.005,,,,,,0.04625,,0.0475,0.04625,,0.1366,,,,0.09775,0.1044,0.0836,,,,,,,0.0656
0.038,0.119666667,0.085,,0.06,,0.058166667,0.0528,0.005,0.098333333,,0.043,0.0098,,,0.064,,,0.0605,0.1435,,0.0625,0.060166667,0.0864,0.106666667,,,,,0.0198,0.061666667,0.066833333,
,0.116666667,0.078666667,,,0.124,0.054833333,0.0546,0.005,0.079,,0.042333333,0.0136,0.088833333,,,0.045333333,,,,,,,,,0.0735,,,,0.02,,,0.065
0.037333333,0.113333333,,,0.059166667,0.119333333,,,,0.0915,,,0.0134,,,0.063,0.046,0.043333333,0.062333333,,,,,0.0902,0.105833333,0.073333333,,0.028166667,,,,0.067,
,,0.071333333,,,,0.054833333,,0.005,0.077166667,,0.0396,,,0.046166667,,0.045666667,,,0.127833333,0.0198,,0.057833333,,,0.081,0.0155,,,0.0184,,,
0.037,,,0.060333333,0.058,0.1155,0.0522,0.055,0.005,,0.046166667,,0.009,,,0.0625,,,,,0.0186,,0.059,,0.0962,0.071166667,,,,,,0.063,0.053333333
,0.065166667,,0.057833333,,,,,0.005,,0.046,0.05175,,,,0.064,,0.0315,,,0.0178,,,0.0762,0.096666667,0.0718,,,0.097,0.017333333,0.062,,0.055333333
,,0.063,0.0664,,0.115833333,0.0532,0.0374,0.005166667,0.06825,,,,,0.046166667,,0.044833333,0.031333333,,0.131,,0.044333333,0.060833333,,,,0.012333333,0.0305,0.092666667,,0.058,,
,,0.062,,,0.115833333,0.0478,0.0454,0.005,,,0.05825,0.008,0.097666667,,0.060833333,,0.037166667,0.0575,,0.0178,,,0.0764,,0.0594,,0.030333333,0.088333333,0.015,0.0585,0.066833333,0.0466
,,0.066,,0.050833333,,,0.0442,0.005,,0.047,,,,0.046,0.061,,0.029666667,0.055666667,0.0972,,0.048166667,0.0605,,0.0858,,0.010833333,,,0.0138,0.058666667,0.066666667,
0.0385,0.048166667,,,0.0465,,,,,,0.048,,,0.099833333,,0.0605,0.046666667,0.0285,0.055666667,,0.017,0.0475,0.058,0.0686,0.0848,,,,0.09,0.013,0.0615,,
,,0.059833333,0.0585,,,,0.0415,0.005666667,,,,0.006166667,,0.0465,0.0605,,0.029,0.058666667,0.0852,,0.047333333,,0.0715,,,,0.024666667,0.0925,0.012166667,0.062166667,0.060166667,0.0512
0.038666667,,,0.057666667,,0.118333333,0.0505,0.048333333,,,0.05,,,,,,,,,0.0928,,0.048,,0.072833333,0.0882,0.056,,,0.090833333,,0.0615,0.061166667,
,0.061,0.054333333,,,,,0.043333333,0.005666667,0.0658,0.049833333,,0.006166667,0.092,0.048,,,,,,0.017666667,0.052,,,,,0.019,0.023666667,,0.012333333,,,
0.042666667,0.073333333,0.055,,0.059,0.109333333,0.052666667,,0.005,0.06525,0.050833333,,0.006,0.0988,0.048833333,,,0.027666667,0.051666667,,,0.050666667,,,,0.0588,0.0165,0.023,0.0885,,,,
,,0.057333333,0.0695,,,0.056166667,,,,0.051,,0.006,,0.049166667,0.0615,0.046,,0.0535,,0.0178,,,0.0688,0.082,0.0576,,,,,0.058666667,,
,,0.0545,,0.056,0.112666667,,,,,0.051166667,0.0554,,0.103166667,,0.061833333,,,,0.1104,0.0178,0.053166667,0.056833333,0.0654,,0.0562,,0.0225,,,0.0595,,
0.0445,,0.05225,,,,0.04825,,0.00675,0.061666667,0.05125,,0.006666667,,,0.0625,0.048,,0.05625,,0.017666667,0.05325,,,0.094666667,0.056,0.01275,,,,0.0595,,0.057333333
,,0.058333333,0.062333333,0.054666667,0.104666667,0.051,0.040666667,,,,0.055666667,,0.083,0.046666667,,,,,,0.017666667,,,,0.081,,0.012333333,,,,0.063333333,0.066,0.056
,,,0.060166667,,,,0.0418,,,0.0515,,0.008,,,0.0625,,,0.059,0.095,,,0.054,,0.0786,0.0538,0.011,,,0.0136,0.062333333,0.067333333,
0.039833333,0.077166667,,,0.052666667,0.109,,,0.0055,,0.051,0.06575,,,,0.062666667,0.047,0.031166667,0.0558,,,0.0465,,,,0.0534,,0.020833333,0.090166667,0.0144,0.058833333,,0.049
0.038833333,0.075833333,0.049833333,,,,0.046666667,0.0374,,,0.0504,0.0532,,0.081166667,0.048833333,,,,0.054833333,0.0892,0.0168,0.048333333,,,0.08,0.0536,0.010833333,,0.087833333,0.0138,0.06,,0.0512
,0.061833333,0.0475,0.063833333,0.054166667,,0.047333333,,,0.0576,0.051,,0.007,0.112166667,,,0.047833333,,,0.084,0.017,,,0.066,0.0768,,,,0.085833333,0.0144,,0.0675,0.052
,,,,,,,,0.006333333,0.0604,,0.0582,,,0.05,,0.046333333,0.03,0.0545,0.0822,,0.047333333,0.054166667,,,,0.011833333,,,,,,
0.036666667,0.063333333,0.048,,0.048,0.101666667,,,,,,,,0.100166667,,0.065166667,,0.028833333,0.055,0.0868,0.0168,,,,,0.0566,,0.017833333,0.087333333,,0.0595,,
,,,,0.0465,,,,,,,0.0665,,,0.052,0.062166667,0.047166667,,,,,,0.052333333,0.0686,0.0772,,0.011333333,,0.091166667,0.0132,,0.069833333,0.0514
,0.0752,0.0402,,,0.0988,0.0495,0.03875,0.0058,,,0.062,0.006,0.0878,0.0522,,,0.0286,,0.08775,,0.046,,,,,,,,,,0.0698,
,0.081833333,0.043666667,,0.0485,,,,0.006666667,,,,,,0.051333333,,,0.029166667,0.050833333,0.0848,,0.043166667,0.0535,0.07,0.07,,0.066,0.017,0.0885,,0.061,0.070833333,
0.0358,,0.0505,0.0734,0.0458,0.1,0.047,0.03625,0.005,0.0645,0.0512,,,0.0996,0.0516,0.0608,,0.033,,,,0.04,0.0536,0.08175,0.07175,,0.061,0.0242,0.0878,,,0.071,0.045
0.035333333,0.080333333,0.042833333,,,0.098666667,0.045166667,,0.005,0.0732,,,,,,0.0602,0.0475,,,,,,0.056833333,0.0708,,,0.057,0.017166667,,,0.0655,0.073666667,
,,,,,0.093666667,,0.0356,0.0054,0.0684,0.05,,0.006,,0.049666667,0.0605,,0.035833333,,0.100166667,,0.046166667,,0.0722,,0.0606,0.059333333,,,0.0128,0.0665,,0.0422
,0.080666667,,0.076833333,,,0.045833333,,,0.0782,0.049666667,0.0694,0.006166667,0.118166667,,0.060666667,0.047166667,0.0355,0.044333333,,,,,0.075,,0.0634,0.049333333,0.017166667,,,0.067166667,,0.047
,,0.037666667,0.075666667,0.0445,,,,,0.0785,,,,0.123166667,,,0.0475,0.032833333,0.050833333,0.168333333,,0.044833333,0.057,,,,0.0645,,0.0924,0.011833333,0.067833333,0.068166667,0.045666667
0.036666667,,0.036333333,0.0718,0.045833333,,0.0446,,,0.0682,,,,0.161833333,0.0465,0.0615,,,0.050333333,,,,,0.0706,0.0804,,,,,,0.067166667,,0.0518
,0.0838,,0.071666667,,,,,,,0.049,,,,,,,0.0308,,,0.0164,,,0.0742,,0.0632,,0.0222,,0.012666667,,,
,,0.033333333,,0.048666667,0.089,0.053166667,,0.040166667,,0.049,,,0.1055,0.0445,0.060333333,0.047,0.028166667,0.0485,0.0964,,0.059,0.059333333,,,,0.059333333,0.0225,,0.0128,,,0.0706
0.033166667,0.083666667,,0.076333333,0.052166667,0.089,0.064666667,0.0484,0.0056,0.0628,0.049,,,0.112666667,,,0.046833333,,0.048166667,,,,0.058166667,,,0.0604,0.0558,0.024166667,0.098833333,0.0108,0.066666667,,0.0612
,,0.03,,0.062333333,0.090166667,,0.0398,,,0.048833333,0.0745,,0.101666667,,0.0605,,,0.049,0.0932,,0.051166667,,0.0766,0.08,,,0.023333333,,,0.066333333,,
0.037833333,0.079666667,0.028833333,0.076,0.054,,,0.0432,0.00625,0.07,0.048666667,,0.0056,0.1045,,,0.046666667,0.035,,,,,0.057666667,0.0726,,,0.070666667,0.023,0.125,,,,0.0522
,0.075166667,,,0.04925,0.095,,0.0406,,0.074,0.048,0.071,0.005,,,0.060166667,,,0.047666667,,,,0.057,,0.0814,0.063,,,,0.0102,0.068666667,,0.0472
,0.0785,,0.074333333,0.05125,,,,,0.1016,0.047666667,,,0.1165,,,0.045666667,0.0358,,0.0876,,,,0.0722,0.0844,0.066,,0.024333333,,,0.067833333,,0.0446
,,0.082666667,0.075,,0.0916,0.044,,0.005666667,,0.047833333,,0.005,0.1155,,,0.045833333,,,0.097,0.0164,0.044666667,0.055833333,0.0794,,0.0654,0.056333333,,,,,,0.0458
0.036166667,,0.0325,,0.043166667,,0.043833333,0.0388,,0.0704,0.047666667,0.06675,0.005,,,0.060666667,0.046666667,,0.059,0.0938,0.017,,0.055333333,0.0704,,,0.054333333,0.024666667,,0.0116,0.066166667,,
0.037333333,,0.0345,0.082,,,,0.0438,,,,,0.005,0.118,,,0.047166667,0.029,0.0555,0.10175,0.0164,0.0395,0.055,0.074,0.0774,,0.059666667,,0.10625,0.0114,,,
0.0375,,0.029666667,0.079666667,,,0.044,0.0442,,0.0868,0.048,,0.005,0.11625,,0.059166667,0.046833333,,,0.0978,0.0146,0.0395,,,0.0778,0.065,0.0746,,0.102,0.0098,,,
,0.061166667,0.027166667,0.081333333,,0.088,0.044166667,0.0396,,,,0.0598,,0.113833333,,0.0595,0.046666667,0.027833333,0.0495,0.1018,,,0.0558,0.0702,,0.0648,,0.031666667,0.1005,0.0094,0.065166667,,
0.035,0.058166667,0.029666667,,0.041833333,0.083,0.0435,,0.007,0.0732,0.0485,,,,,0.060166667,0.047166667,0.027833333,,,,,,0.0716,0.0838,,,,0.1095,0.0094,0.0635,,
,0.075,0.026833333,0.085,0.042166667,,,,0.006333333,0.0698,,,0.006,0.118333333,,0.060166667,,0.027333333,0.045666667,0.0942,0.015,,,0.0764,,0.0756,0.058333333,0.038166667,0.111333333,0.0116,,0.092,0.0428
,0.08325,,,,,,,,,,0.05475,,,,0.059666667,0.047166667,0.027666667,,,,0.041833333,0.054833333,0.0812,,0.0684,0.060333333,0.038666667,,,0.0675,,0.048
0.0375,0.0558,,,,,,,,,,0.05975,,0.1065,,0.066333333,,0.027333333,,,,,,,0.082,0.0654,,,,0.0098,,0.097833333,
,0.065,,,,0.0845,0.0475,,0.005833333,0.0664,,,,0.125,,0.0665,,,0.046166667,,,,,,,,0.054333333,0.034833333,,0.0108,,0.088333333,0.0484
,,0.026333333,,0.046333333,,,,0.0058,,,,,0.121166667,,,,0.025,0.046,,0.018,,,,0.0782,0.0648,0.047166667,0.0225,,,,,
,0.076166667,,0.066,,0.086333333,,0.04675,,0.088,0.0495,,0.0064,,,,,,0.045666667,0.0886,0.0166,0.046333333,,0.0836,0.0785,,0.050833333,0.026666667,0.097666667,,,0.082,0.0492
,0.061833333,0.0225,,0.044666667,0.085666667,,0.0415,,,,,,0.13,,0.0605,,,0.046333333,,0.016,0.0455,,0.080833333,0.07925,0.062166667,0.024666667,0.025,,,,0.0844,0.0495
,0.0692,0.019,0.0646,,0.0842,0.0474,0.0404,0.0065,0.0826,,0.052,,0.1214,,,0.0456,0.0248,0.048,,,0.0482,,,,,,,,0.0084,0.0614,,0.0482
0.034,,0.0205,,,,,0.042,0.005,0.074333333,,0.053166667,,,,,,0.0245,0.0485,,,0.0435,0.0535,0.076833333,,0.068,,,0.103666667,0.0095,,,
,,,,,0.080333333,,,,,0.048333333,0.050333333,,0.133,,,0.045,,,,0.016,,,0.081333333,,,0.013166667,,0.106,,,0.088,
0.039,,,,,0.0806,,,0.006833333,,,,0.0065,0.1384,,,,,,0.085666667,0.015666667,,0.0564,,,,0.025666667,,0.10175,,0.0615,0.090166667,0.045333333
0.0384,0.0805,,,0.0434,,,0.054166667,,0.092833333,,,,0.1494,,0.0606,,0.0248,,,,0.0462,0.0584,,,,,0.0438,0.0988,0.0095,,,0.046833333
,0.086666667,,,,0.085666667,0.046166667,,0.008166667,,,0.04275,0.005166667,,,0.060166667,,,,,0.014666667,0.054166667,,,0.090166667,,0.012666667,,0.087833333,0.009,0.0735,0.083833333,0.050166667
,,,,,0.0878,,,0.0068,,0.0474,,0.005,,,0.061,,0.023,0.0498,,0.014666667,,0.058,0.070833333,,,0.0126,0.0386,0.0962,,,,
,0.072,0.017666667,0.068333333,,,,,0.007166667,0.093833333,,0.045333333,0.005166667,0.1494,,0.060666667,0.0436,0.023,,,0.0145,,0.057333333,0.068666667,0.0825,,,0.040833333,,,,,
0.0385,,0.020166667,,,,0.055666667,,,,,0.042,,,,,0.043666667,,,0.097166667,0.015,0.0515,0.056166667,,0.0805,0.0765,0.0122,,0.097,,0.067333333,,
,,0.0206,,,,,0.0474,,,,0.043,,,,,,,,,,,,,0.0825,0.079166667,,,,,,0.066333333,0.0555
0.0425,,0.01775,,,0.087,,,,0.072,0.04675,,0.005,0.151,,,,0.023333333,0.04775,,0.01475,,0.05275,,0.0845,0.0735,,0.03825,0.093,0.0085,,0.0685,0.05125
,0.0505,,0.065166667,0.054333333,,0.051666667,0.0522,0.00575,,,,0.005,,,0.06,0.045,,,,0.0152,0.052666667,,0.086,,,0.014166667,0.037,0.093,0.0092,,0.0835,
0.044666667,0.048666667,0.016666667,0.065833333,0.049833333,0.086333333,,0.044,,,0.0465,0.046833333,,0.12425,,,,,,,0.0148,0.056,,0.0794,,,,0.034666667,0.087666667,,,0.081,
,,0.0145,,,0.081,,,,,,0.043333333,,0.130333333,,,,,0.054666667,0.0965,0.0148,,0.052,,0.0795,,,,0.09075,0.0074,0.066166667,0.0762,0.06
,0.05,,,,0.077,,,,0.0675,,0.04475,,0.10675,,0.059,0.04325,,0.055,,0.015,,,,0.08275,0.054666667,0.0208,,0.08775,,,,0.05125
0.042166667,,0.0085,,0.055333333,,,,0.005,0.068,,,0.00575,0.082166667,,0.058,,,,0.095166667,0.015,,0.0515,0.0802,,,0.011833333,0.032333333,0.059166667,0.008,0.071833333,0.072833333,
0.0415,0.030333333,,0.06,,0.0755,0.053666667,,,0.066833333,,0.043833333,,,,,0.043,0.041333333,0.054333333,0.0985,,0.041166667,0.053,,0.078,0.062666667,,,,,0.063833333,0.077,
,0.039333333,0.0055,,,,0.049333333,0.0422,,,,0.0435,0.0052,,0.0415,,0.042166667,0.033,,,0.0136,0.037833333,0.053166667,,0.085,,,0.029833333,,,,,
0.0425,0.038333333,0.007833333,,,,0.024333333,0.0366,,,,,0.005,0.071833333,0.041,0.056333333,,0.031833333,0.057,0.087833333,0.0146,0.040833333,,0.0678,,0.048833333,,,,,0.059833333,,
,,,,,0.072333333,,0.04,0.0055,,,0.038,0.005,,,0.056166667,,0.028333333,,0.092166667,,,0.052333333,0.0664,,,0.012666667,0.029666667,,,0.063333333,0.060833333,0.043166667
0.043,0.052,0.01,,0.0425,,,,0.006,,0.048,0.039,0.005,0.077,,,0.0445,,0.052,0.085,,,0.052,0.065,0.09,,,,,,0.064,,
,,,,,,,,,,,,,,,,,,,,,,,,,,,,,,,,
,,,,,,,,,,,,,,,,,,,,,,,,,,,,,,,,
,,,,,,,,,,,,,,,,,,,,,,,,,,,,,,,,
,,,,,,,,,,,,,,,,,,,,,,,,,,,,,,,,
,,,,,,,,,0.062,,0.038,,,,,,0.02,,0.092,0.018,,,0.076,0.075,0.11,,,,0.011,,,0.037
,,,,,,,,,,,,,,,,,,,,,,,,,,,,,,,,
,,,,,,,,,,,,,,,,,,,,,,,,,,,,,,,,
,,,,,,,,,,,,,,,,,,,,,,,,,,,,,,,,
,,,,,,,,,,,,,,,,,,,,,,,,,,,,,,,,
,,,,,,,,,,,,,,,,,,,,,,,,,,,,,,,,
,,,,,,,,,,,,,,,,,,,,,,,,,,,,,,,,
,,,,,,,,,,,,,,,,,,,,,,,,,,,,,,,,
,,,,,,,,,,,,,,,,,,,,,,,,,,,,,,,,
,,,,,,,,,,,,,,,,,,,,,,,,,,,,,,,,
,,,,,,,,,,,,,,,,,,,,,,,,,,,,,,,,
,,,,,,,,,,,,,,,,,,,,,,,,,,,,,,,,
,,,,,,,,,,,,,,,,,,,,,,,,,,,,,,,,
,,,,,,,,,,,,,,,,,,,,,,,,,,,,,,,,
,,,,,,,,,,,,,,,,,,,,,,,,,,,,,,,,
0.036,0.084,,0.075,,0.058,,0.028,,,0.045,,,0.102,,,0.054,0.027,,0.09,0.014,0.03,,0.082,0.072,,0.0325,,,0.008,,,
0.038333333,0.119666667,,0.072333333,,0.057,,,,0.113333333,,0.038,0.005,,,0.054666667,0.054333333,0.025,0.042,0.099666667,0.013333333,0.028,,0.086666667,0.075,,,0.025,0.076333333,,,0.087666667,0.034333333
,0.129,0.005,0.072333333,,,,0.027,,0.077,,0.0344,0.0084,,,0.054666667,0.054166667,,,,,,,,0.0766,0.0828,,,,,,,0.032
,0.121333333,0.005333333,0.069666667,0.032666667,,0.035666667,,,,0.044,0.0335,0.0065,0.103333333,,,0.053,0.024,,,,0.027,0.046,,,,0.065333333,,,,0.060666667,0.08,0.034
,,,,,,,,,,,,,,,,,,,,,,,,,,,,,,,,
,,,,,,,,,,,,,,,,,,,,,,,,,,,,,,,,
,,,,,,,,,,,,,,,,,,,,,,,,,,,,,,,,
0.041,0.076,0.005,,0.0315,,0.034,,,0.1,,0.044,,,0.043,,0.0565,0.0345,0.039,,0.013,,0.049,0.107,,0.088,0.028666667,,,,0.079,,0.031333333
0.037833333,,,,,,0.035,,,,,0.042333333,,,,,,,0.037833333,,,,,0.1112,0.085666667,0.088333333,0.019833333,0.028666667,0.1,,,,
0.040166667,0.0765,,0.074833333,0.036333333,0.054666667,0.0395,,,0.0955,,0.038666667,0.005,0.1005,0.041833333,0.052833333,0.055333333,,0.038,,0.0136,0.042166667,0.048166667,0.1022,0.092833333,,,,0.126333333,,,0.082333333,0.035
,0.098166667,,,0.039333333,0.0545,,0.0315,,0.089166667,,,,,,0.051333333,,0.028333333,0.037666667,,0.0125,,0.045166667,,0.094166667,0.083166667,0.018333333,0.019166667,,,0.068333333,0.0785,
0.042166667,0.102,,0.070333333,0.0425,,0.042333333,,,,0.045,0.0345,0.005,0.105333333,0.040666667,,,,0.038166667,,0.0132,0.0345,0.043333333,,0.093666667,,,,,,0.067666667,0.075333333,
,0.1125,,,,0.0515,0.040666667,,,,0.0445,0.036,0.005,,,0.052,0.0545,0.028,,0.0778,,,,,0.0925,,,,0.1055,,0.064833333,,0.035166667
,,,,0.035,,0.037,,,0.0754,0.0445,,0.005,,,0.036,0.055,0.025833333,,,0.0156,,,,0.1002,,0.042666667,0.028166667,0.094166667,,,0.0735,0.0386
0.037166667,0.135166667,0.0065,0.066666667,,,,0.044,,,0.044,0.035333333,0.005,,0.0395,0.054,,0.027166667,0.042666667,0.0778,0.015333333,0.044666667,0.042,,,0.0646,0.051,0.03,,,,,0.042
,0.1295,,0.065666667,,,,,,,,,,,0.039,,0.053166667,,,0.069,0.0156,0.043166667,0.042,,0.1,,,0.0315,,0.0118,,,
,,,0.066333333,,0.053333333,,0.0392,,0.0614,0.042333333,,0.005,,0.039833333,0.053666667,0.051833333,0.0235,0.037666667,,,0.040833333,,0.0948,,0.0614,0.0495,0.031333333,0.092666667,0.0114,0.059166667,0.070833333,0.0414
0.0328,,0.0096,0.0684,0.0426,,0.0454,0.049,,,,,,0.1228,,,,,0.0428,,,,0.0408,,0.1005,0.05425,,,,,,,0.03925
,0.0962,,,0.042,0.0544,0.0434,0.0442,,,0.0404,0.0474,,0.1262,,,,0.0262,,0.061,0.0152,0.042,,,,,0.048166667,0.0296,0.0776,0.01,,,
0.0346,0.074,,0.072166667,0.039,,0.042666667,,,0.079166667,,,0.005,,,,,0.028666667,0.0404,,0.015666667,0.045833333,0.040333333,,,,0.049833333,,,,0.056333333,,0.039833333
,0.094,0.005,,0.038166667,,,,,0.088833333,0.038166667,,,,0.042833333,0.057,,,0.042833333,,0.0155,,,,0.093166667,,,0.028,0.096166667,0.009666667,0.06,,0.045166667
,0.102666667,,,,,0.0475,,,0.078666667,0.037666667,,0.005,0.111166667,0.042666667,0.055166667,,,,0.066666667,,0.042166667,,,,0.062,,,,,0.056833333,,
,0.1245,,,,0.062833333,0.0475,,,0.087166667,,,0.005,,0.043,0.0545,,,0.045833333,,0.015,0.0415,,,0.083166667,0.066833333,0.022666667,,,0.008833333,,0.077166667,0.041166667
,0.106,,,,,,,,,,,0.005,,,,,0.023333333,0.045666667,,,,,0.0795,0.084,0.065,,,0.088666667,0.008,0.057666667,,0.04
,,,,,,,,,,,,,,,,,,,,,,,,,,,,,,,,
,,,,,,,,,,,,,,,,,,,,,,,,,,,,,,,,
,,,,,,,,,,,,,,,,,,,,,,,,,,,,,,,,
,,,,,,,,,,,,,,,,,,,,,,,,,,,,,,,,
,,,,,,,,,,,,,,,,,,,,,,,,,,,,,,,,
,,,,,,,,,,,,,,,,,,,,,,,,,,,,,,,,
,,,,,,,,,,,,,,,,,,,,,,,,,,,,,,,,
,,,,,,,,,,,,,,,,,,,,,,,,,,,,,,,,
,,,,,,,,,,,,,,,,,,,,,,,,,,,,,,,,
,0.067,,0.05375,0.05375,,0.0395,0.042,,,0.03625,,,,,0.0485,0.04675,,,0.0776,,,0.0425,,,,,0.005,0.08675,,,,0.0312
0.033666667,0.039166667,,,,,,,,,0.035166667,,0.005,,,,0.046166667,,0.055333333,,,,,,0.063333333,,0.023,,,0.0078,,0.0635,0.0285
,,,0.0595,,,,0.042,,0.0705,,0.044,,0.131,,,,,0.052666667,0.068666667,,,0.042333333,,0.0625,,,0.005,,0.0072,,,0.028333333
,0.0705,,,,,0.0335,,,,,,,0.127333333,0.036166667,,,,0.0515,,0.0136,,0.043,0.0606,0.058833333,0.0545,0.023666667,,0.082,,,,
0.033833333,,0.005,0.059333333,0.032333333,,0.034,,,0.085333333,0.034666667,,0.005,,0.038166667,0.048833333,,,,,,,0.0425,,,,0.023833333,0.015666667,0.0765,,,0.068666667,
,,,,0.033833333,0.048,,,,0.087,0.033833333,,,0.150833333,,0.049,,,0.049,0.095333333,0.013,,0.043166667,,0.0605,0.0615,0.022666667,,,0.0066,0.0535,0.071333333,0.031166667
0.038,,,0.066666667,,,,,,,0.034166667,0.0555,,,0.039,,,0.0286,0.045666667,,0.0132,0.038833333,0.043333333,,,0.069,0.028333333,0.029666667,,0.0064,,,0.0335
,0.0955,,,0.036166667,,,,,,,0.057333333,0.0078,,0.039333333,,0.044833333,,0.041,,0.0126,,0.044333333,0.0634,0.05775,,,0.028,,,0.0495,0.074166667,0.0365
,0.092,0.005,,,,,,,,0.0335,,,,,0.048666667,,0.030833333,0.038166667,0.144,,,,0.06175,0.0595,0.069833333,,,,,0.051,0.069833333,0.045166667
0.039,0.075166667,0.005,0.065166667,0.049666667,,,,,,0.0335,0.053666667,,0.1055,,0.048333333,0.044333333,,,0.121,0.0124,0.039833333,,0.0674,0.0595,0.066833333,,,,,0.053666667,0.064666667,0.038166667
,0.062833333,0.005,0.066833333,0.047166667,0.049166667,0.044833333,0.0406,,0.0668,0.033166667,,,,0.036833333,,0.0455,0.0305,0.036833333,,0.012,,0.043666667,,,,0.026,0.0232,,,,0.06,
0.0375,0.057166667,0.005,0.055833333,0.0425,,,,,,0.032666667,0.049333333,,0.099,0.036833333,,,0.035833333,,,,,0.044,,0.0625,0.053333333,0.034833333,,,,0.054333333,0.0575,0.036833333
,0.05775,0.005,0.05425,0.043,,,0.044,,0.079,,,0.005,0.102,0.03725,,,0.035,,0.091333333,,0.03975,0.04475,0.072,,,,0.005,,0.007666667,,0.05625,
,,,0.05475,,0.04575,,,,0.075,0.033,0.045,,0.08325,0.0355,0.045,,0.03025,0.0435,0.0972,,,,,,0.053,,0.02775,0.07975,0.00625,0.051,0.06125,0.0376
0.039333333,,0.005,,,,0.044333333,0.0304,,0.064666667,,0.044833333,0.006,,,0.032333333,0.044833333,,0.046333333,,0.0098,,,0.064,0.073,,,0.028833333,0.078,0.0064,0.050333333,0.062833333,0.036666667
0.037166667,,0.005,,,0.047666667,,0.0296,,0.0605,,,,,,0.046166667,0.044833333,0.025333333,,0.098,0.01,0.0325,,,0.0725,,,0.0285,0.076,,,0.065333333,0.0355
0.036333333,,0.005,,,0.047833333,,0.026,,,0.034,,,0.081166667,,,,,,0.092,,,0.05,,,,,,0.075833333,,0.051166667,,
,,0.005,0.0624,0.0338,,,0.023,,,0.034,,,0.0822,,0.0438,0.0444,,,,0.0095,0.0318,,0.0635,,0.0504,0.041666667,,,0.006,,0.0656,
0.035833333,,,,0.034,0.050333333,0.033666667,,,,0.035,,0.005,0.0835,,,0.0445,,,,,,,0.0658,,,0.056333333,,0.072833333,0.0056,,,
,,,,,,0.032666667,0.0308,,,0.0345,,0.005,,,,,0.033,,,0.0092,0.0255,,0.0654,0.0625,,0.0955,0.031,,,,,0.026333333
,0.0525,,0.059666667,0.032333333,0.043833333,,0.0486,,0.053333333,,0.038666667,0.005,,,0.041666667,0.044833333,,,0.0875,,,,,0.064333333,,0.078333333,0.030166667,0.072166667,0.0058,0.052666667,0.062833333,
0.034666667,,0.005,0.062,,,,0.0408,,0.0562,0.034166667,0.03925,0.005,0.090666667,,,0.044166667,0.034166667,,,0.01025,,,0.06,0.0656,,0.063333333,0.03,0.0725,0.0062,0.052,,
,,,,,,,0.0366,,,,,,,,,,,0.032833333,,,,0.0385,,,0.0444,0.057,0.028666667,0.068666667,0.006,,0.068,0.0376
0.0364,,,,,0.048,0.0386,,,,0.037,0.0368,,0.0872,,0.043,0.0452,0.0244,0.0322,0.0874,,,,,0.0676,0.0442,,0.0268,,0.006,,,
,0.077833333,0.005,,,0.052166667,0.048,0.0466,,,,0.036,,,,,,0.024333333,,,0.0104,0.037333333,0.037333333,,0.065333333,0.044,,0.026166667,0.070833333,0.0062,,0.068,
,,,,,0.0518,,,,0.0548,0.037,0.0354,,,,0.044,,,0.03,0.0844,,,0.0386,0.0555,0.063,0.0436,,,0.0712,,0.0508,0.0668,0.0368
0.0365,,0.005,,,0.0525,,0.0404,,0.053666667,,,,,0.029666667,0.044333333,,,0.0315,,0.01,0.044,0.039333333,0.0542,0.060833333,0.045,0.023833333,0.025833333,0.0685,0.0056,0.051833333,0.0635,0.038
0.0366,0.049,,0.0636,,,,,,0.05175,0.0376,,,,0.027,0.045,0.0402,0.0228,,0.08625,0.0095,0.0414,0.04,,0.05825,0.045,0.0265,0.0278,,,0.0512,,0.042
,,,,,,,,,,,,,,,,,,,,,,,,,,,,,,,,
0.035333333,,,0.064666667,,,0.042333333,,,,,,,0.109333333,,,,0.020333333,,,0.009666667,,,,0.056,,0.03325,,0.069,,0.048333333,,
0.036333333,,0.005,,,,,,,,0.040333333,0.03925,,,0.035,,,0.026,,0.066,,,0.040333333,,,,,,0.068333333,,,,
0.036333333,,,0.0645,,,,0.0494,,,0.043,0.040333333,,,0.009333333,,,,,0.070333333,,0.044166667,,,0.0545,0.044833333,0.028166667,0.028,,0.0052,,,
0.034666667,,,,0.043333333,0.052833333,,0.0476,,,0.043166667,,0.0068,0.1196,0.031833333,0.046,0.039166667,,0.039166667,0.064166667,,0.0445,,,0.0555,0.044333333,0.0275,0.028666667,0.061166667,,0.050333333,0.063166667,
,,0.005,,,,0.045,0.0386,,0.0528,0.045166667,,,,,,,,0.041333333,0.0676,0.009,0.048666667,,,0.059,0.0452,0.0466,,0.06,0.006,0.051166667,,0.043
,0.040666667,,0.07,0.045333333,,0.0415,,,0.0538,,0.04125,0.0052,,,,0.039,,0.042666667,0.0726,,,,0.0532,,,0.040333333,0.029833333,,,0.051833333,0.066833333,
,0.049833333,0.005,,0.044666667,,,,,0.0524,,0.041,0.005,0.082666667,,0.0465,0.036833333,,,0.0776,0.0095,0.036166667,,,,0.0464,0.042666667,,,,,,0.043
0.034666667,0.048166667,0.005,,0.047333333,0.0465,,0.0324,,,,0.0408,,0.083833333,,0.0465,0.0355,,0.040666667,0.0734,0.009,0.037833333,0.039,0.0586,0.0612,0.0458,,0.033833333,,0.0064,,,0.0314
0.035166667,,,0.071,0.043833333,0.046166667,,0.041,,,,,,,,0.046333333,,,0.044,0.085,,,0.0375,0.0546,0.0604,,,0.0112,,,,,
,0.0365,0.005,,,0.042666667,,0.0466,,,,0.0396,,,,,,,0.044333333,0.1034,0.0094,0.033,0.038,,0.061,,0.037166667,0.0285,,0.0062,0.053,,
0.034,,,0.0694,,,,,,0.056,0.042166667,0.039,0.005,0.103666667,0.0372,0.048,,0.0794,,0.0885,0.009166667,,,0.0514,,,0.039166667,,0.0715,,0.0538,0.0722,
0.033333333,,0.005,,,0.0415,0.0325,0.043,,0.055166667,,0.0384,,,0.038,0.049333333,0.031166667,0.057833333,0.0455,,,,0.034333333,0.0524,,0.044333333,,0.028666667,,0.006,,,
,0.049166667,,0.068833333,0.0378,,0.034,,,,,,,0.1105,,,0.033,0.057,0.045666667,,,0.039,,,,0.048833333,0.025666667,,,,0.0485,0.070166667,0.038
0.028833333,,0.005,,,0.043166667,0.0385,0.0484,,0.06,,,,0.0925,0.0335,,0.0335,,0.040666667,,,,,0.053,,0.047333333,0.022333333,,,0.006,,0.071333333,0.019666667
0.031333333,,,,,0.0425,,,,0.060166667,0.048,,0.005,0.091666667,,,,,0.038,0.0885,0.01,0.049166667,0.036666667,,,,,,0.0705,,,,0.033833333
,0.0845,0.005,0.0675,0.039,,0.040833333,,,,,0.038,,,,0.049,0.032,0.054833333,,0.094333333,0.0098,,0.038166667,0.0556,0.064666667,0.0478,,0.029833333,,0.0058,,0.079833333,0.047833333
0.030666667,0.077,,,,,0.058666667,0.0396,,0.0592,,0.041,0.0068,,0.027,,,0.058666667,0.0386,0.0848,,,,,0.0626,,,0.03,0.0745,0.0055,0.058666667,0.08,
,,,,0.063,0.043,,0.0416,,,0.048,0.046666667,,0.115,,0.0455,,,,,,,0.039666667,0.0586,,,,0.031833333,,,0.060833333,0.0875,0.042
0.0394,0.071833333,,,0.054666667,,,,,0.076833333,,0.055166667,0.005,,0.0395,0.044166667,0.030833333,,0.048166667,,0.0108,0.047833333,0.0395,0.0586,0.060333333,,,0.0326,,,0.066166667,,0.0415
0.0395,0.084,,,,0.045166667,,,,0.079666667,0.033,,0.005,,0.036833333,0.0455,,0.055166667,,0.069833333,,,0.037666667,,0.061166667,0.052,,,0.071333333,0.0058,0.067333333,0.101333333,
0.0385,,0.005,,,,,,,0.101833333,0.033,,,0.1305,,,0.03,0.048833333,,0.08,0.0116,,,,0.064166667,,,,0.076333333,0.0058,,0.095166667,0.050333333
,,,,,,,0.05225,,,,,0.005,,0.0406,,0.0298,,0.0512,,,0.069,,0.0645,0.067,,0.043833333,0.0444,0.0964,,,,
0.0385,,0.005,0.066333333,0.061166667,,0.0565,,,,0.032,,0.005,,0.040666667,,0.03,0.044833333,0.052333333,0.0844,0.011,,,0.0724,,,0.050166667,,0.102666667,0.006,0.087,0.0825,0.0594
0.038166667,,0.005333333,,0.07,,,,,,0.0315,0.0518,,0.1515,,,,0.046166667,,,0.011,,,0.0752,,,0.046333333,0.046833333,,0.0062,0.075,0.1005,0.0638
,,0.012833333,,0.066666667,,0.063166667,0.044,,,,0.049,,,0.035,0.0465,,0.043166667,0.0535,,,,,,,0.066,0.043666667,0.047666667,0.0998,0.006,,0.108333333,0.0536
0.038,0.1244,,,0.0592,,,0.042,,0.088,0.0302,,0.005,,,,,0.0392,0.055,0.08775,,,0.0364,,0.0795,0.06025,0.041,,,0.00625,,0.0942,0.04975
,0.116666667,,,0.054833333,0.064833333,0.0585,0.0436,,0.0862,,0.0472,0.005,,,,,,,0.098,,,,0.0856,0.079,0.0558,0.040833333,0.050333333,,0.0054,,,0.0382
0.055333333,0.093666667,0.014833333,0.0604,,,,0.0444,,,,0.0424,0.005,0.117333333,,,0.027833333,0.042833333,,0.097833333,,,0.034166667,0.078833333,,0.054666667,0.046666667,,,0.006,,0.0686,0.0552
,,,,,0.0825,0.0496,0.0406,,,,,0.005,,,,0.028833333,0.042,0.0535,,,,,,0.0888,0.055,,,,0.0058,,0.0634,0.0572
,0.096166667,,0.059166667,0.052,0.084833333,,0.041333333,,,,,0.005,,,0.041666667,,0.036666667,,,0.0095,0.044166667,0.038333333,0.071666667,,0.055,0.049666667,0.0505,0.099166667,,,,
,0.0916,0.017,,,0.084333333,,0.042833333,,,,,,0.127166667,0.031333333,0.0415,0.0285,0.029833333,,,,,0.0415,,0.0795,,0.0465,0.052,0.086,0.005666667,0.054,0.0705,
0.041,0.0898,0.012666667,0.061,,,0.049833333,0.049,,,0.031,,0.005,0.133833333,0.0324,0.0398,0.0276,0.0284,,,,0.087666667,,,,0.0625,,0.055333333,,0.005833333,,0.086,0.058833333
,,0.0145,0.055333333,0.044,,,,,,,0.04,,,0.03,,,,,0.074666667,0.01,0.0695,0.0445,0.066333333,,,,,,0.005666667,0.051333333,,
,,,,,,,,,,,,,,,,,,,,,,,,,,,,,,,,
,,,,,,,,,,,,,,,,,,,,,,,,,,,,,,,,
,,,,,,,,,,,,,,,,,,,,,,,,,,,,,,,,
0.040333333,,,,,,,,,0.05675,0.034,0.04575,,,,,0.028666667,,,0.086,0.008666667,,,,,,0.042,0.073333333,,0.006333333,,0.092,
0.0404,0.075666667,0.031333333,,0.084833333,,0.071833333,,,,0.034,,,,,0.039666667,0.03,,,0.086333333,0.0092,,0.046833333,0.0618,0.078,,0.039833333,,0.071666667,,0.056833333,0.079833333,
,0.086,,0.062833333,,0.133833333,,0.056,,0.079833333,0.033833333,0.043,,0.160166667,,0.041,,0.027166667,,0.081833333,,0.075333333,0.046166667,0.0644,,,0.0376,0.068833333,,,,,
0.0415,,,,,,0.0665,0.0602,,0.064833333,0.034166667,,0.005,,,0.041,0.031833333,,0.0635,,,,,0.0634,,0.067166667,0.041333333,0.056833333,,0.0076,,,
0.0405,,,,,0.148,0.073166667,0.0488,0.005,0.0625,0.0355,,0.005,,0.0305,,,0.033166667,0.067666667,,0.0088,,0.045333333,,0.073166667,0.061333333,0.0418,,,0.008,0.0575,,
0.041666667,,0.0255,0.053666667,,0.146833333,,0.0532,,,0.037833333,0.043,,,0.036166667,,0.033833333,,,,0.01,,0.045333333,,0.076,0.058833333,,,,0.0064,,,0.073333333
,,0.028,,,0.146,,,0.005,,,,0.005,0.1115,,0.0342,0.0346,,,,0.0095,0.0618,,0.0815,,0.05925,0.05,,,0.00675,,0.06225,0.005
,,0.034333333,0.052666667,,,0.073,,,0.061333333,,0.043333333,0.005,,,0.035,,,,,,,,,0.077333333,,,0.075666667,,,,,0.075666667
0.0576,,0.0224,0.0548,,,,0.0525,0.0102,0.06575,0.0426,,,,,0.0358,0.0366,,,,0.01575,,,0.0675,0.08225,,0.0482,,,0.0065,,0.065,0.08325
,0.082833333,,0.058166667,,0.144833333,,0.053,,,,,,,0.020333333,0.037333333,0.037833333,0.023333333,0.070166667,0.073,0.0164,,0.05,0.0698,,0.0544,,,0.0625,0.008,0.048333333,0.070833333,
0.059,,,0.061666667,0.085666667,0.141166667,,,,,,0.0496,0.0052,,0.0325,,0.038666667,0.023166667,,0.0674,,0.0695,,,0.0784,0.058,,0.084166667,,0.0076,,,0.0752
0.052333333,,,,0.083666667,,0.066666667,0.0706,,,0.044166667,,0.005,,0.0325,0.039833333,,0.028166667,,,,,,0.0666,,0.0576,,0.076166667,0.066,,,0.081833333,0.073
0.047833333,,,,,,,,,,0.044166667,0.0464,0.005,,0.036333333,0.041166667,,,0.063333333,0.0706,0.0118,,0.056666667,0.0654,,,0.0542,0.070833333,,,,0.0775,
0.0454,0.0832,,,,0.1514,,,0.0078,0.0665,,0.04825,0.005,,,0.042,0.035,0.0336,,,0.01275,0.0778,0.0566,,0.081,0.05425,0.051,,,0.00775,,0.076,
0.045,0.07775,0.027,,,0.1505,0.073,,0.014,,0.043,0.0422,0.005,,0.03625,,0.03425,,0.06125,0.0888,,,,,,0.0556,,,0.08825,0.008,0.06075,,0.0798
,0.0815,,0.063833333,,0.1465,,,0.014166667,,0.043,0.036833333,,0.143666667,,,,,0.0625,0.087666667,0.0124,0.068333333,0.057,0.0654,,0.0575,,0.046166667,,0.0088,,,
0.041333333,,,0.0615,0.072666667,0.144166667,,0.0526,,0.066333333,0.044333333,,,0.109666667,,0.044166667,0.035833333,0.033333333,,0.09,0.0124,0.073,0.0575,,,0.057,0.043,0.054,,0.008,0.057333333,,0.076166667
,0.0818,,,0.071,,0.068,0.0486,,,0.044166667,0.037666667,,0.102,0.043333333,0.0438,,0.03,0.071,,0.0134,0.0666,,,0.087,,0.0456,,0.0786,,0.059166667,,0.083666667
,,,,,,0.073,,,0.064,0.045,0.035666667,,,,0.0434,0.0372,,0.071,,0.01575,,0.0548,,0.083833333,,,,0.0818,0.0095,,0.0622,
0.0435,0.081,0.017666667,0.057,,0.1485,0.064666667,0.0508,0.0055,0.077666667,0.047166667,0.033666667,,0.111166667,0.046333333,0.043333333,,,,,0.0158,,,,,0.0515,,,0.078166667,0.01,0.053333333,,
0.044,0.080166667,,,,0.155333333,,0.0522,0.0075,,,0.033166667,,,,0.044333333,,0.029166667,0.070166667,,,,,0.0664,0.082333333,,,,0.068666667,0.0102,0.053333333,,0.072833333
0.045,0.072166667,,,0.065833333,,0.065,,,0.0635,0.049333333,0.030333333,0.005,0.118,0.046333333,0.044666667,,,0.079166667,0.080166667,,0.0695,,0.0614,,,0.038166667,0.0615,,0.009,,0.058333333,
0.047666667,0.071833333,0.015333333,,,,,,,0.061166667,0.0495,,0.005,,,,,0.027,0.0745,0.074,0.0155,0.071,,0.0605,0.086666667,0.046333333,,,0.064166667,,,,0.076833333
,0.0815,,0.0515,0.068333333,0.1585,,0.0502,,,0.0495,0.031,,,,,0.0412,0.0235,0.071,0.067666667,,,,0.0624,0.081,,,,0.0642,0.01,,,
,,,0.0508,0.0764,,,0.0495,0.0315,,0.0494,,0.005,,0.0418,,0.0442,0.0224,0.0702,0.068,0.01425,0.061,,0.06,0.0762,,,,,,,0.0544,0.068
0.040666667,0.075833333,,0.051666667,,,,0.0462,0.0128,0.0545,,,0.005,,0.042,0.053,,,,0.065,0.0136,0.0585,0.0565,,0.079666667,,0.024,,0.0654,0.01,,0.052,
,,0.014166667,0.047666667,0.0795,0.135333333,0.067,,0.006,0.052833333,0.0465,0.028,0.005,0.114666667,0.044166667,,,0.019333333,0.081833333,,,,0.0565,,0.0812,0.04375,0.0235,,,0.0144,0.049333333,,0.068
,0.075,0.014666667,,0.0735,0.134,,0.0498,,0.057666667,,,0.005,0.1095,0.043,,0.041333333,,,,0.0132,,,0.0616,,,0.050333333,,,0.0094,0.049166667,,
,,0.015833333,,0.0704,0.136166667,0.064166667,,,,,,,0.091833333,0.043166667,0.0535,,,,0.069166667,0.0132,,,,0.075,,0.032166667,0.086,,0.0116,0.050166667,,
,,,0.046,,,0.064833333,,0.0065,0.0544,,,0.005,0.09,0.05,0.053,0.04,0.0205,0.074,,,,0.051,0.0582,,,0.033666667,,,,0.05,0.052166667,0.067666667
,,0.008666667,,,0.123,0.070333333,0.035,,,,0.0285,0.005,,,0.052333333,0.043333333,,0.072,,,0.040333333,,,,0.0465,,0.084333333,,,0.050666667,0.053333333,
,,,0.0445,0.106,0.12125,,,0.00625,0.05275,0.0485,,0.005,,,,0.04375,,,,0.01025,0.047,,0.05875,,,0.0465,0.06275,,0.009,0.05225,,
,,,0.045833333,0.0652,0.11925,0.052666667,,,0.0526,,0.0296,0.005,0.090166667,,0.048833333,0.043666667,0.021333333,0.0725,0.0784,,,,0.0618,,0.0442,,,,,0.052833333,,
,0.0705,,0.045,0.0566,0.1095,,,,0.0494,,,0.005,0.100666667,0.051,,,0.020833333,,0.0732,0.0104,,0.053333333,,0.072,,0.041333333,,,,,0.05,
0.0365,,,0.044666667,0.06,,,,0.012,0.0542,0.048333333,,0.005,0.113833333,,,0.042,,,,,,0.053833333,,0.0686,0.0464,0.039666667,,0.091,0.0082,,0.047333333,0.0462
,,0.007833333,0.044166667,0.052166667,,0.059,0.0538,,0.0632,,,0.005,,0.047333333,,0.042666667,,,0.0688,,0.0695,0.054,,,,0.052333333,0.058833333,0.066166667,0.01,,0.0495,0.0722
,0.062333333,0.0095,0.044666667,0.0634,,,,0.014333333,0.0588,,0.0356,0.0054,0.093833333,0.048166667,,,,,0.0704,,0.0675,,,,0.0516,0.0495,0.0625,,,,,
0.036833333,,0.0195,,,,,,0.009166667,,,,,0.091666667,0.050166667,,0.042666667,,,0.0656,0.0216,0.062666667,0.049166667,,,0.0494,0.0475,,0.0645,,,0.053,
,0.0705,0.0175,,0.09,0.126833333,0.0945,,,0.059,,0.0344,,,,0.053,0.042166667,0.025333333,0.156833333,0.0612,,0.0605,,0.0574,0.067,,0.052333333,0.0545,,,,0.053666667,
0.039,0.073333333,0.0195,,0.085333333,0.142,,,0.007166667,0.0634,,0.0362,,,,,,0.028166667,,0.0638,,,,,,0.0508,,0.049833333,0.075666667,0.0282,,0.053333333,0.0762
0.037166667,0.075833333,,0.047166667,0.076,0.150166667,0.077666667,0.05825,0.006333333,,,0.037,0.0094,,0.051,0.0505,,0.026666667,,0.065333333,0.014,,0.047833333,,,0.0515,0.047166667,,0.0715,,0.056666667,0.0535,0.0885
,0.0782,,,0.0776,0.1476,,,,,0.045,0.0372,0.008,0.1132,,,0.0412,,0.14,,,0.0786,0.048,,0.0738,,,0.1528,0.0732,0.018,0.0562,,0.0988
,,0.0254,0.0468,,,,0.054,,,,,,,,,,,0.079,,,,,0.06575,0.07375,0.0524,0.037833333,,0.0726,0.014,0.0564,,0.0926
0.0338,0.080166667,,,0.079166667,,,,,0.0605,,0.034333333,0.0068,,,0.0542,,,,,,0.0762,,,,0.0455,,0.0464,0.068,,,,0.091
0.0354,,0.0372,0.0444,0.0778,,,,,0.0588,0.045,0.0342,0.007,,,0.0514,,,,,,,0.054,0.06,,,,,,,0.056,,
,,,,,,,0.0418,,,,0.0355,0.0072,0.103166667,,0.051,,,,,0.0126,0.0655,0.0655,0.06,0.074,,0.035833333,0.047333333,0.0685,0.0128,0.056,0.051333333,
0.034166667,0.075833333,,0.0445,,,0.077333333,0.0458,,0.064,,0.0366,,,0.0495,0.049666667,,,0.077333333,,,0.068666667,0.0594,,,0.0422,,,0.067333333,,0.054166667,,
,,,0.0432,,0.1434,0.1602,,,,,0.034,0.0082,,,0.0484,0.0378,,0.0732,,,0.0714,,,,0.0422,,0.0626,,0.103,0.0572,,
0.033333333,0.0755,,,,0.146333333,0.08,0.0428,0.005833333,0.0616,,0.0378,0.0082,0.092,0.047666667,0.046166667,,0.022666667,0.080333333,,0.0126,0.067166667,0.057,0.0572,0.0738,0.042,0.027166667,,,0.0474,,0.051333333,0.0774
,0.073166667,,,,,,,,,,,0.0086,0.0865,,0.0432,0.036,0.02,,,0.0128,,0.0545,,0.0722,0.0416,0.041833333,0.052166667,0.074,,,,0.0758
0.032,0.072166667,0.026166667,0.044,,,0.071,0.0366,0.005,,,0.049666667,0.0084,,0.046,0.042,,0.018833333,0.0768,0.0694,0.0124,0.065833333,0.053166667,,,,,,0.076833333,,0.054,,0.0734
0.033,0.072,,,0.069,0.1386,0.0704,0.035,0.00525,,,0.082,0.0085,0.0898,0.0446,,,,,0.06675,0.01175,,,0.0565,,,0.04425,,,0.08025,,,
0.03375,,0.02475,,0.066,,0.0675,0.0382,0.005,,,0.0366,,0.089,,0.04175,,0.01725,,0.0634,0.0118,0.05875,,,,0.0438,0.0422,,0.06375,,,0.053,0.0604
0.0335,,,0.045666667,0.0605,0.139166667,,0.030666667,,0.073166667,,,0.0085,,,,,0.016333333,,,0.011166667,,,,0.07,0.047666667,0.041,,,,,,
,0.0755,,0.048333333,0.0576,0.140333333,0.06,,0.005333333,0.072333333,,0.036666667,,,,,,,0.061333333,,0.011,0.0515,,0.0585,,,0.0442,0.046833333,0.069833333,,,,
,,,0.049,,0.143,0.054666667,0.029666667,0.005,,,0.038,,,0.043,0.042833333,0.056166667,0.015833333,0.054166667,,0.010833333,,,,0.071,0.048333333,,0.0455,0.069333333,0.081166667,0.054,,0.052166667
,0.079,0.015666667,,,,,,0.005,,,,,,0.040833333,,0.054666667,0.023,0.055166667,,0.0118,,0.050333333,0.0628,0.0692,0.0496,,0.045666667,,0.0592,,0.060333333,
,0.080166667,,,0.053,0.135833333,0.054166667,,,,,0.0376,,,0.041333333,,,0.019166667,0.050833333,0.0662,,,,,0.071,0.046,,0.0815,,,,,
0.035333333,0.081333333,0.016666667,0.062,,,,,,0.0576,,,,0.072333333,,,,,,,0.0118,0.044333333,0.045,0.0638,0.07225,,,,0.067666667,0.0276,0.0565,0.070666667,0.0694
,,,0.081333333,0.066833333,0.1305,0.0708,,,0.0682,,0.051,0.0106,,,0.048666667,,,,0.0694,0.0118,,,0.0642,,,,,0.071666667,,,,0.0534
,,0.0315,0.0778,0.135,,0.125333333,0.04,,,,,0.0104,0.0895,,,0.058,0.015666667,0.1945,0.0756,0.0124,,,,,0.0488,,0.050666667,0.081,0.1082,0.0698,,
0.0535,,,,0.132333333,,0.1925,0.0502,,0.073,0.047,,,,,,0.056333333,,0.1502,,,,0.043666667,0.061666667,,0.0545,0.052333333,0.115833333,0.094666667,,,,
0.051166667,,0.0306,,0.11,0.1444,,0.0485,,,,,0.011,0.1005,0.047166667,0.051,,0.0235,0.158666667,0.079666667,,,,0.063,0.0846,,0.0495,0.105,0.11,,0.077833333,,
0.039,0.1052,0.02975,,,0.1525,,,,0.1365,0.0434,0.0355,,,,,,0.0192,,,,,,,0.0822,0.057333333,0.046666667,,0.121,0.036166667,,,
0.0366,,0.0302,,,0.1678,0.0872,,,0.1384,,,,0.0888,0.0492,,0.0564,,0.0878,,0.01,0.0636,,0.06475,0.0802,,,,,,0.0712,,
,,,,0.06725,0.164166667,,0.0362,,0.1306,,0.0316,0.0102,0.085666667,0.051666667,,,0.027833333,,0.0776,,,0.057666667,,,,,,,,,,0.098
,,,,,0.161,,,,0.1018,0.037833333,0.0292,0.009,0.078333333,0.05,,0.051333333,0.026,0.0815,0.0766,,0.070166667,0.049833333,0.08,0.09,,0.040833333,,,0.0206,0.0665,,
0.0845,0.102833333,,0.065666667,0.076166667,,0.0865,0.0345,,0.1056,,0.0286,0.0084,,,,,,,0.0738,,,0.048666667,0.0898,0.102,,,0.052333333,,0.0185,,,
0.1205,0.094833333,0.0375,,,0.1635,,0.0352,,0.103,0.044,,,0.074,0.048,,0.051166667,,0.139833333,0.0765,,,0.048833333,,0.1196,0.069333333,0.071666667,,,0.0176,,,0.040833333
,,0.043,0.064833333,0.068,0.166833333,,0.0344,,0.123,,,0.0108,0.070166667,0.051,,0.053666667,0.044333333,,,0.0096,0.062833333,,,0.1354,0.069333333,0.103333333,0.096166667,,0.0642,0.083333333,,0.102666667
0.07425,,0.049,0.0635,0.08175,0.158,,0.036333333,,,0.05275,,0.011333333,0.07725,0.0455,0.04225,0.0555,0.0385,0.07425,,0.009666667,,0.0485,,0.1465,,,0.1145,,,,,
,,,,,,,,,,,,,,,,,,,,,,,,,,,,,,,,
,,,,,,0.2,,,,,,,0.0855,0.04,0.054,,,,,0.01,,0.0435,,,0.079,,0.048,,,0.068,,0.151
0.057833333,0.0955,,0.064,,0.159333333,0.135833333,0.0432,,0.0954,,,0.0154,,0.039333333,,,0.061,,,,,0.0435,0.0844,,,,,0.088333333,,,0.076,
0.0486,0.0994,0.0462,0.0696,0.0888,,0.0904,,,,0.0394,0.0255,0.0125,0.0792,,,,0.0546,0.1014,0.104,,0.0608,0.0438,,,0.07,,0.1234,,,,,0.09025
0.044666667,,0.055,0.063333333,,,0.0775,,,,,,0.0122,0.0765,0.044,0.068666667,0.051166667,,,0.1264,0.0192,0.054666667,,0.0788,,0.0695,,,,0.075,0.067833333,0.0625,0.075
,,0.0546,0.0598,0.0652,0.1514,0.0674,,,,0.043,,,,0.0452,,0.051,0.0384,,0.1332,0.0155,0.0576,0.0416,0.07725,0.0722,,0.07075,0.078,,,,0.0592,
0.0405,0.097,,0.058166667,0.07075,,0.062833333,0.04325,,,,0.022,0.0138,,0.049333333,0.061166667,,,0.064166667,0.134333333,0.0126,,0.041833333,0.0774,0.072666667,,,,,,,,0.0675
,,0.141666667,0.0565,0.111666667,0.156666667,,,,0.0785,,0.018333333,,,0.048833333,,,,0.062833333,,,,0.042833333,0.074,0.068833333,,0.033,,0.066,,0.056,,0.0795
,0.097166667,,,0.1135,,0.074833333,,,0.0762,,0.02,0.016,0.101833333,,0.062333333,0.050833333,0.026,,0.127833333,0.012,,0.045166667,,,,,,,,,,
0.039,,,0.058166667,,,,,,0.0685,,0.019333333,,,0.049333333,,0.0505,,,,,0.082333333,0.046,,,,,,,0.0302,0.057,0.053666667,
0.041,,,,,0.354166667,0.177666667,0.09575,,0.069833333,0.046666667,,,,0.051333333,,0.0494,0.025833333,,,,,0.046166667,0.0684,,,,0.206333333,0.081166667,,,,
,,,0.058,,0.2422,0.2488,0.0754,,0.084666667,0.0492,0.019,0.022,0.1444,,0.068,,,,0.139666667,,,,,,,,0.0858,,,0.0556,0.0488,
,,,,,,,,,,,,,,,,,,,,,,,,,,,,,,,,
0.051,0.09,,,,0.44975,0.1755,0.07975,,,0.059,0.01825,,,,,,,,0.22625,,,0.06025,0.064,,,,0.08875,0.08275,0.339333333,,,
0.0515,,,0.07,,0.504166667,,,,0.085,0.059166667,0.016,,0.120666667,,0.157,0.0565,,,0.231166667,,0.048,0.065833333,0.067,,,,0.062166667,0.085666667,0.0825,0.054833333,0.047,
,,,0.0725,,,0.177,,,,,,,,,,0.059666667,0.0374,,0.1915,0.017,,0.065666667,,,,,,,0.046333333,,0.047333333,
,,,,,,,0.095666667,,,,0.019166667,0.029333333,,,,0.058666667,,,0.2035,,0.043166667,0.070833333,,0.063666667,,0.113666667,0.059166667,,0.028666667,,0.048333333,
,,,,,,0.1354,,,0.0864,0.0748,,0.0398,,,0.1338,0.0622,0.0308,,0.199,,,0.0742,0.0722,0.0652,,0.1376,,0.0944,,0.0596,0.0484,
,,,0.080166667,,0.26075,,,,,,,0.045333333,0.198166667,,0.143666667,0.069166667,0.027166667,,,,0.140166667,,,,,,0.058666667,,,0.066166667,0.046666667,
0.0415,,,,,0.317,,,,,,0.01675,,0.18,,0.17225,0.073,0.025,,,,,,0.07025,0.065,,,0.05425,,0.053,,0.0465,
,0.0885,,0.07475,,,,,,,,0.015666667,0.046,,,,0.083,0.02525,,,0.019,,0.0685,,0.0635,,0.1236,,,,,,
,,,,,0.296333333,,,,,0.0924,0.0145,,,,,0.0804,0.0238,,,0.0166,,,,,,0.045166667,,0.127333333,,0.0632,0.0408,
,,,0.0518,,0.2396,,0.0914,,,,0.0075,0.0468,,,0.1854,,0.0242,,0.158166667,,0.051,0.0784,,,,0.121833333,0.06275,0.1218,,,0.0392,
0.0422,0.0958,,0.0528,,,0.1692,,,,,0.0165,,0.197,,,0.0804,0.024,,,,0.038,0.0758,0.0834,,,,0.0492,,,0.0664,0.036,
,,,,,,,0.163333333,,,,,0.04675,,,,,0.0236,,0.156,0.02425,,,0.0784,,,,0.0902,,0.0255,,0.0398,
0.0392,0.1012,,,,0.384,,,,,,,0.04325,0.182,,,,,,0.1728,0.0206,0.058,0.0934,0.079,0.0595,,0.1562,0.087,0.125,,0.071,,
,,,,,0.2515,,,,,,,,,,,0.074,0.0245,,,0.02,0.034,,0.0725,,,0.1285,,0.1265,,,,0.566
,0.102,,0.057,,0.231666667,0.165666667,,,,0.081666667,,,0.112666667,,,0.079666667,,,,,,,0.074,,,,,0.121666667,0.036,,,
0.054,0.1025,,0.054,0.13875,,0.14,0.0575,,,,0.02275,0.03775,0.09275,,,0.074,,,,,,,0.08775,,,0.099,,0.1235,,,0.04925,0.15825
0.05,0.1025,,0.0535,,0.222,0.115,,,,0.076,,,0.096,,0.175,,,,,0.02,0.0195,0.0725,,,,,0.074,0.125,,,,
,0.1008,,,,,0.0932,0.0574,,,,,,,,0.1608,0.074,0.0308,0.12,0.171166667,0.0198,,,0.085666667,0.061833333,0.0565,,,,,,,
0.042,,,,,,,0.0515,,0.1108,0.06725,,,0.09475,,,,0.02925,,,,,,,,0.0558,,0.0525,,,,0.06025,
0.0398,0.0988,,,,0.1572,,0.0434,,,0.0616,0.025166667,0.0464,,,,,0.03,0.094,0.168833333,,,,0.064,,,,0.0822,,,0.0696,0.0604,0.104166667
,,,,0.081,,,,,0.094,,0.0215,0.0385,,,,0.0645,,,,,,,0.0635,0.0575,0.0525,0.039333333,0.0915,,,,,0.087
0.042,,,0.054333333,0.068333333,0.129333333,0.076333333,,,0.092,0.068333333,,,,,,,,0.093,0.1615,,0.047333333,0.053333333,,,0.05125,0.0402,,0.12,,0.072,0.054333333,
0.0385,,,0.0545,,,0.0795,,,0.0926,,0.056,,0.1354,,0.1585,,0.0305,0.086333333,0.136166667,0.019,,,,,,0.019666667,,0.124,0.029,,,0.106333333
0.0368,0.089,0.060333333,0.0554,0.07775,0.1422,,0.04975,,0.0906,0.074,,0.039,0.114,,0.173,0.0646,,0.0766,,0.01775,,0.053,0.06475,,0.05275,,0.0146,0.1212,,0.0708,0.0516,0.1072
0.037333333,,,,0.08,0.150333333,,,0.005,0.09,,0.0615,0.034,0.101333333,,0.158666667,,,0.085666667,,,,,,,0.056,,0.015,0.115666667,,0.070333333,0.049,0.077666667
0.0365,0.0875,0.056,0.0495,,,,0.043,0.005,,0.0595,,,0.0905,,0.1495,,,0.095,0.107,,,,0.063,,,,0.017,,,0.071,,0.07
0.034,0.098,,0.049,,0.154,,0.072,,,0.058,,0.036,,,,,0.025,0.081,0.113,0.023,,,,,0.05,,0.012,0.102,,,,
0.035,0.097,0.065,0.051,0.064,,0.086,,0.005,0.0885,0.04,0.0625,,0.117,,,,,0.071,,,0.07,,0.068,,,0.0515,,,,0.072,,
0.033,0.093666667,,0.049666667,0.074333333,0.183,,,0.0065,0.086,0.046333333,0.052,,0.118333333,,0.105666667,,,0.068666667,,0.0415,,,,0.0585,,,,0.105,,,,0.152
0.03125,,,,0.101,,0.1125,0.05225,,,,,0.023,0.10875,,0.08825,,0.027,0.0855,,0.02475,0.06475,0.053,0.0665,,,0.0656,,,,,,
0.0325,,0.053,,0.094,,,,0.00575,,0.04425,0.0425,0.0195,,,,,,0.098,,0.02175,,0.04475,,0.0595,,0.06125,0.03275,0.12725,,0.067,0.0545,0.13375
0.0326,,0.0518,0.0506,,,0.0906,,0.0056,,0.0412,0.04375,,0.0864,,,,0.0264,,,0.019,,0.046,,,,,,,,,,0.124666667
,,0.052166667,,0.071666667,,0.083,0.041,,,0.040333333,0.0446,,0.090833333,,0.071333333,,,,,0.0202,,0.043833333,,0.0598,,0.062166667,0.042166667,0.112,,,0.0638,0.0626
0.03,,0.0508,,0.0662,0.1432,0.0818,,,,,,,0.0792,,,,,,0.0772,0.0178,0.0542,,,0.057,,,0.0428,,,,,
0.032,,0.049,0.051,0.069,,0.084,,,0.082,0.043,,,,,0.066,0.054,0.024,,,,0.048,0.046,,,,0.0605,,,,,,
,,0.051166667,0.050166667,,,0.0895,0.035,,0.085333333,,0.045833333,,0.0755,,0.063333333,0.053166667,0.026166667,,,0.0168,,,0.0736,0.056166667,,0.064,0.040666667,,,,,
0.0268,0.0874,0.0442,0.0494,,,0.0836,0.0375,,,0.0422,,,0.0798,,,,0.022,,,,,0.0486,,0.05675,,,0.042,0.109,,0.0612,,0.04225
,0.0836,,,,,0.078,,,0.079666667,,,0.0142,,,0.0566,0.0506,0.0238,0.0652,0.104666667,,0.0558,0.047,0.067,,,,0.0392,,0.123,,0.0652,
,,,,0.0466,0.1294,0.083,,0.009,0.0824,,,0.01375,,,0.0552,0.0502,,0.0614,,,,0.0452,,0.0672,,0.023833333,,,,0.0602,0.0648,
0.029833333,0.074833333,,0.055,,0.134,0.078,0.0344,,,0.040166667,0.0392,0.013,,,0.055,0.050333333,,,0.1095,0.018,0.048666667,,0.0698,,,,,,0.0176,0.058666667,,
,,0.027,0.049,,,0.072,,,,,,0.0124,0.081,,,,,,0.118,,,,,,,0.045,,,0.0164,0.0585,0.0655,
0.029,,,0.052,,0.136,0.077,,0.005,0.0815,0.038,0.045,,,,,0.05,0.023,0.0535,,0.0235,0.0485,,0.0695,0.061,,,,,,0.058,,
0.030166667,0.076,,0.050333333,,0.129666667,0.0714,,0.005666667,0.078166667,0.043833333,,,,,0.051833333,,0.022333333,0.068333333,,0.021,0.0405,,0.066,,,0.016333333,,,0.013666667,0.0565,,
0.029833333,,0.0175,0.052833333,0.055,,,,0.005,,,,,0.064833333,,,,0.021333333,0.225,0.110833333,,,,,0.058166667,,0.0176,0.023666667,,0.012833333,,0.0695,
,,0.0115,0.059333333,0.046333333,0.122,,,,0.078666667,,,0.0114,0.058666667,,,,,0.122,0.102666667,0.019333333,0.038666667,,,0.0575,0.059333333,0.019,,0.0685,,,0.068666667,0.029666667
,0.056333333,0.0115,,0.039,0.119166667,,0.0252,,,0.039,,,,,,,0.019833333,0.044,0.099833333,0.0184,,0.038166667,,0.057666667,0.052333333,,0.021,,,0.058166667,,0.028666667
0.0306,0.059,,0.058,,0.1234,0.0608,,,,,0.0452,0.01125,,,,0.049,0.0196,,0.0926,0.015,,0.0374,,,0.0636,,0.021,,,0.0604,,0.026
,,,,,,,,,,,,,,,,,,,,,,,,,,,,,,,,
,,,,,,,,,,,,,,,,,,,,,,,,,,,,,,,,
,0.0695,,,,0.09325,0.06225,0.0282,0.005,0.0706,,,,,,,,0.02075,,0.084,0.015,,0.03375,0.0712,,0.0484,,0.02475,0.075,0.017,,,0.0272
,,,0.059166667,,0.093833333,0.0576,,0.005,0.074666667,,0.060666667,0.0098,0.079833333,0.0365,0.065,,,0.061833333,0.082833333,,0.037666667,0.0335,,0.061833333,0.049666667,,0.049333333,,0.015,,,0.029
0.029,,,,,,,,,,,0.059333333,0.009833333,,0.036,0.0515,,,0.035166667,,,0.042333333,0.0325,,0.066,0.049666667,0.040666667,,0.078,0.015333333,0.056833333,,
0.029166667,,,0.069,,0.0874,0.060333333,0.04,0.005833333,0.0735,0.032,0.061666667,0.011166667,0.092833333,0.037833333,,,,0.035,0.084166667,,,,,,0.059666667,,0.0205,0.066333333,0.018666667,0.058,,0.042833333
,,0.007,,0.044,,0.058,,0.008,,,,,,,0.047,0.051,,,,,0.044,,,,,0.013,,0.062,,0.068,0.077,
,,,,,,,,,,,,,,,,,,,,,,,,,,,,,,,,
0.031,,0.005,,0.063,0.086,0.077,0.054,,0.0635,0.032,0.0745,,,,0.045,0.052,,0.04,,,0.061,,0.08,0.0675,,0.037,0.026,0.073,0.014,,0.083,
0.030833333,0.0725,0.005,,,,0.073666667,,,,0.030333333,,0.0136,,,0.045,0.049333333,,0.044,,0.0168,,0.028666667,0.0744,0.0662,,,,,,0.057833333,,0.0624
,0.078,,,,,,0.0602,,0.2625,,,0.012,0.118166667,,0.042833333,,0.030333333,,,,0.066,,0.0718,,,,,0.070666667,0.012,,0.0885,0.084
0.03,0.082666667,,0.0705,,0.128666667,,,,,,0.0738,0.0114,0.135666667,0.0335,,,0.036833333,0.046333333,,0.014,0.067833333,,,,0.1335,0.044,0.032166667,0.0755,,0.0675,,
0.030666667,0.100333333,,,0.066666667,,0.0625,0.0508,,0.03425,0.029833333,0.0772,,0.117166667,,0.046666667,,0.031,0.05925,,,0.0755,0.030333333,0.0698,0.0732,,,0.033666667,,,,,0.1132
,0.13,0.006,,0.089,,,0.051333333,,,0.02925,0.07,0.012,,,0.04325,,,0.06425,,0.013,,,,,,0.04125,0.0385,0.08075,,,,
0.030833333,,,0.064166667,0.094,,,0.0604,,0.068,0.028666667,,,,,0.042,0.041833333,,0.0685,,,,,0.0712,0.0728,,0.039833333,,0.082,,,,
0.032666667,0.125833333,,,,,,,,0.0686,0.028,,,,,,,,0.08,0.1704,0.0144,,,0.0744,,0.1028,,,0.084,0.0088,0.064333333,0.072,
,,,0.063,0.072333333,,0.081333333,,,,0.027166667,,,,0.032333333,,,0.026166667,,,0.0158,,0.035166667,,,0.114333333,0.0485,,,0.0102,0.059666667,0.066333333,0.09775
,0.104,0.0055,0.068333333,,,0.073,0.21975,,,0.026166667,0.0626,0.0116,0.341833333,,0.039,0.0375,0.029833333,,,0.0186,,,0.0688,,,0.031333333,0.045666667,,,,,
0.0294,,0.0104,0.0694,0.1182,,0.0652,0.0952,,,0.0246,,0.0112,,,,0.0368,,0.0778,,0.0214,0.0866,0.0364,0.0676,,0.052,0.046666667,,,0.01025,0.05825,0.0626,
,0.084666667,,,0.173333333,0.597333333,,0.0845,,0.057,0.024666667,0.0595,,0.184333333,0.019333333,0.037666667,,0.031333333,0.091333333,0.192,,0.046,,,0.1055,,0.024,,0.079333333,,0.0625,,0.8455
0.0255,0.084,0.005,0.06975,0.25375,0.23225,0.206,,,,0.025,,0.0108,0.16975,0.02975,,0.0405,,,,,,0.038,,,,0.0222,,,,0.0585,0.061,0.2462
,,0.005,,0.142166667,,,,,0.060333333,,0.070166667,,,,0.034166667,,0.023166667,0.2095,,,,0.040166667,0.060666667,0.1005,,,0.032333333,,0.010333333,,,
0.032166667,,0.005,,,,,0.0418,,,,0.073833333,,0.101666667,0.026,,0.039,,,,0.015333333,0.039333333,,0.0584,0.095,,0.0115,0.026666667,,,,,0.049833333
,0.103166667,0.005,,0.120833333,0.170833333,,,,,0.026833333,,,,0.028333333,,,,,0.1785,0.0155,0.062833333,,0.0564,,0.0564,,0.028666667,,0.00875,,,
0.031,,0.005,0.074666667,0.105833333,,,0.037,,,,,0.01,,0.029166667,,,0.030166667,0.108833333,2.236,,,,0.0552,0.075666667,,0.011666667,0.030333333,,0.0084,,,0.066666667
0.031333333,0.096333333,0.005,,,,0.067666667,,,,0.029,0.065,0.0094,0.125,,,0.0405,0.033333333,,,0.017666667,,0.040833333,,0.073,0.059,,,,,0.056,,
0.032,0.08525,0.00525,0.07275,,,0.06275,0.038333333,,0.067333333,,0.060333333,,,0.0365,0.03025,,0.02525,,,0.016333333,0.049,,,0.070666667,0.100333333,,,,,,,
0.03,,,0.068666667,,0.143,,0.046333333,,0.071666667,0.029666667,0.062666667,0.008666667,,,0.037333333,0.040666667,0.023333333,,,,0.053333333,,0.065,0.068666667,,,0.032,,,,0.071333333,
,,,,,,,,,,,,,,,,,,,,,,,,,,,,,,,,
,,,,,,,,,,,,,,,,,,,,,,,,,,,,,,,,
,,,,,,,,,,,,,,,,,,,,,,,,,,,,,,,,
,,,,,,,,,,,,,,,,,,,,,,,,,,,,,,,,
,,,,,,,,,,,,,,,,,,,,,,,,,,,,,,,,
,,,,,,,,,,,,,,,,,,,,,,,,,,,,,,,,
,,,,,,,,,,,,,,,,,,,,,,,,,,,,,,,,
,,,,,,,,,,,,,,,,,,,,,,,,,,,,,,,,
,,,,,,,,,,,,,,,,,,,,,,,,,,,,,,,,
,,,,,,,,,,,,,,,,,,,,,,,,,,,,,,,,
,,,,,,,,,,,,,,,,,,,,,,,,,,,,,,,,
,,,,,,,,,,,0.069,,,,,,,,,,,,,,,,,,,,,
,0.0886,0.0064,,,0.119,0.0718,0.0475,,,,0.075,0.010333333,0.1126,0.042,0.0366,,,,,,,0.049,0.068666667,,0.0558,0.022333333,0.0516,0.088,,,,
,0.1052,,0.0622,0.0802,0.1198,0.0774,,,,0.038,,0.0108,0.0914,0.0384,0.04,,,0.0596,0.0844,,,,0.0696,0.0788,,,,,0.02275,0.0564,0.0824,
0.03075,,0.0055,0.05975,0.072,0.1285,0.073,0.03825,,,,0.06,,0.094,,,,0.03025,,,0.0135,0.0475,,,,,0.036666667,0.0355,,,0.05775,,
0.03275,,0.00525,,0.0675,,,,,,0.041,0.0515,0.0065,0.123,0.0335,0.041,0.05425,,,,,0.04525,,0.06575,,,,,0.08675,0.0175,,0.07575,0.05425
,0.093,,0.05825,0.05525,0.1365,0.033,,,,0.041,,0.00875,0.1305,0.03125,0.044,0.055666667,0.04,,0.079,,0.05025,0.0575,,0.0785,,0.0456,0.03125,,0.018,,,0.049
,,,,,,,,,,,,,,,,,,,,,,,,,,,,,,,,
,,,,,,,,,,,,,,,,,,,,,,,,,,,,,,,,
,,,,,,,,,,,,,,,,,,,,,,,,,,,,,,,,
,,,,,,,,,,,,,,,,,,,,,,,,,,,,,,,,
,,,,,,,,,,,,,,,,,,,,,,,,,,,,,,,,
,,,,,,,,,,,,,,,,,,,,,,,,,,,,,,,,
,0.089,,,0.0465,0.123,0.0625,,,0.0644,,0.0625,0.00675,,,,0.05,0.0475,0.05325,0.087,0.014,,0.06525,,0.093,,0.023,,0.0845,0.0145,,0.087666667,0.0386
0.033,0.08125,0.0165,0.074,0.0515,,,0.043,,,,0.082,0.007,,0.0375,0.0535,,0.0355,0.047,0.08425,0.0145,,,0.054333333,,,,0.03725,,0.013,,0.08325,0.0475
,0.0776,,,,,,0.0418,,,0.038,0.0618,,0.0826,,0.0518,0.05,,,,0.0142,0.0524,,,,,,0.0396,0.0866,,,,
0.0296,,,,0.0542,0.1294,0.0622,0.0522,,,,0.065833333,,0.1026,0.0578,0.05,0.0468,0.0342,0.0452,0.071166667,0.0134,0.0506,0.0674,,,0.048333333,0.028666667,,0.0818,,0.0662,,0.0554
,,,,,0.129666667,,0.043666667,,,,,,,0.066333333,0.047,0.056333333,0.030666667,,,,0.057333333,,0.058,,0.0505,0.043,,,0.012666667,0.065666667,,0.0515
,0.07925,,,,0.1225,,0.0446,,0.068166667,,0.081,,0.086,0.0428,,0.0538,0.0356,0.046,0.2172,,,0.0636,0.057,0.0725,0.051333333,,,0.084,,,0.0796,
0.031333333,0.075,0.014666667,0.069666667,0.053,,,,,0.0695,0.036333333,,,0.087333333,0.044333333,0.049,,,0.047333333,0.076666667,0.014,,0.059666667,0.054333333,0.072,,0.0495,0.027333333,,0.011333333,,,
,0.0915,,0.0715,0.057,,0.067,,,,0.037,0.07425,,0.08025,,,,0.03925,,,0.014,,0.05625,0.0565,,0.0535,,,,0.01225,0.062,,0.05525
0.0315,,,,0.0535,0.1226,,,,0.0675,,0.0715,0.006666667,0.08225,0.0355,,0.051666667,,0.053,,0.013333333,0.051333333,0.054333333,0.055333333,0.067166667,,,,,,,0.0795,
,,0.007666667,,,0.12,0.065,,,,0.039,0.084,0.0065,,0.0335,,0.0505,0.028666667,0.0505,0.08125,,,0.054,0.053,0.0655,0.057,,,,0.012333333,0.063,,0.052166667
,,,,,,0.064,,,,0.0398,0.086666667,0.006,0.095,,,0.0506,,,0.08475,,0.0512,0.0556,0.052333333,,0.0535,0.0116,0.023,,0.0112,,0.0728,0.048833333
,0.095333333,0.005,,,,,,,0.063,,,0.006,0.097666667,,0.050333333,,0.023333333,0.054666667,,,0.061333333,0.056666667,0.0545,0.068666667,0.052666667,,0.022333333,,0.011,0.062333333,0.073333333,0.049
0.033333333,,,,,0.132,0.059,,,0.061666667,0.039666667,,,0.082,0.031333333,0.05,0.051,,0.053333333,,0.013666667,,,,0.082,,,0.010666667,,0.011333333,0.059,0.073333333,0.054
,,,,,,,,,,,,,,,,,,,,,,,,,,,,,,,,
0.035,0.086,0.006,0.0615,0.051666667,0.134666667,0.058,,,,0.041,,0.0055,,0.030333333,,0.054666667,,0.053,,,0.05,,0.053,0.071333333,,,,0.074666667,,0.054333333,0.066,
,,,0.0615,0.05225,,0.05475,0.04,,0.06375,,0.097,0.005,,0.02975,0.05075,0.054666667,,,,,,0.0535,,0.069,,0.0178,,0.079,0.022,,0.07175,
0.0336,0.086,,0.071,,0.129,,,,0.0628,,,0.006,,,0.0508,0.0534,0.0224,0.05,0.0856,,,,,,0.0504,0.0608,0.0252,,,,,
,0.082166667,,0.061666667,0.0505,0.1295,0.052833333,0.052333333,,,,0.0745,,0.129333333,,,0.053833333,0.0198,0.050166667,,,0.047666667,0.050666667,0.050333333,,,0.022333333,,0.073,0.019,,0.0672,0.047333333
0.034333333,0.079,0.005,0.065666667,,0.139,,0.046,,,0.043,,,0.1205,,0.052333333,,,0.051666667,,,0.053666667,,,0.067666667,0.051333333,,,,0.024333333,0.058,0.067,0.045333333
,,,,,,,,,,,,,,,,,,,,,,,,,,,,,,,,
,,,,,,,,,,,,,,,,,,,,,,,,,,,,,,,,
,,,,,,,,,,,,,,,,,,,,,,,,,,,,,,,,
0.036,0.068,,,0.0475,,,,,,0.045,,0.005,0.154,0.038,0.074,0.052,,,0.0715,,,,0.054,0.063333333,0.048,,0.036,,,,,0.058666667
0.037,0.0685,,0.06,0.07,0.133,,0.0545,,0.0555,0.044,,0.005,0.138,0.0355,,,,,0.073,,,,,,0.048,,0.0275,,,,,
,,0.00975,,,0.132,,0.059,,0.058,0.043,,0.0055,0.15525,,0.061,0.0535,,0.0495,,0.01375,,,,,,,,0.07975,,,,0.06
,0.066,,,,0.12825,,,,,0.043,,0.006333333,0.14775,0.03525,0.061,,,0.052,0.078,,,0.057,0.05325,,,0.054666667,0.019666667,0.07775,,0.05825,,0.02
0.036,0.0672,,0.063,0.0686,,,,,,0.042,,0.0064,0.1418,,0.056,0.0532,,,,0.0145,0.0666,,,0.0694,0.046,0.054333333,0.0312,,0.0148,0.0588,,
0.036333333,0.076333333,0.006666667,,,,0.070333333,,,0.05925,,0.08925,0.006333333,0.101,,,0.054333333,,0.058333333,0.0905,0.013666667,0.066333333,0.058666667,0.058333333,,0.0485,,0.032666667,0.086,0.015,,,
0.043,0.078666667,0.009,,,,,,,0.06,,,0.005666667,,,,,0.028,,,0.013,0.056,,0.054333333,,0.056666667,0.058333333,,,,0.060333333,,
,0.0765,,0.069666667,,0.124333333,0.079666667,0.04475,,0.062333333,,0.065333333,0.006,0.116,0.048666667,,,0.026,0.060666667,0.0645,,0.053666667,,0.05175,,0.053666667,,,0.085,,,,
,0.064333333,,0.069333333,,0.128333333,,,,0.060666667,0.041666667,0.064,,0.141,,0.055666667,,,0.060666667,,,,0.058,0.050333333,,0.051333333,0.073666667,0.029333333,,0.011,0.056666667,,
,,,0.0735,0.06025,0.122,0.065,0.0474,,,,,0.0058,,0.075666667,,0.04975,0.0265,,,0.013,,,,,,,,,0.011,,,0.06
0.039666667,,0.007,,0.068,0.12425,0.062,,,,,,0.005,0.085,,,0.049333333,,,0.07575,,0.055666667,0.057,,0.066,0.0505,,0.028666667,,,,,0.06775
,,,,0.05,,0.0658,,,0.0562,,0.0606,,0.087,,,,0.0288,,,,0.0475,0.0576,,0.0628,0.0496,,0.027,0.0894,,0.062,,0.0622
,,0.0114,0.063,0.060666667,,0.0632,0.045,,,,,0.005166667,0.1024,,0.0512,0.0476,,,0.066833333,0.012333333,,,,0.064166667,,0.017,0.026,,0.012166667,,,
,,0.0075,0.067,,,,,,0.056333333,0.038,0.072,,0.101,0.0465,0.049,,0.0255,0.068,,,,0.059,0.053333333,,0.052666667,,,0.092,,,,0.049
,,0.0072,0.065,,,0.05,0.0405,,0.056333333,,0.0765,0.005,0.093,0.049666667,0.0528,0.0484,0.0278,,,,,,,,,,0.0282,0.0866,0.0105,0.0606,,0.053833333
0.056,,,,,,,0.048,,0.0608,,,0.005,,,,,,0.057,0.0768,0.013,,0.05625,0.0576,0.0644,,0.05,0.02725,0.08525,0.009666667,0.0625,,
,,,,,0.1005,,,,,0.037333333,0.08225,,,,,0.048666667,0.027666667,0.059333333,,0.013,,0.055666667,,,0.054,0.0274,0.026333333,,,,,0.053
0.08975,0.08125,,0.0665,,,0.0585,,,0.0608,,,,0.079333333,,0.05775,0.0485,,0.05775,0.0842,0.013,,0.05675,,0.0658,,0.019,,,,0.063,,0.053
,0.074333333,,,0.052666667,0.096,,0.038666667,,0.060666667,0.038333333,,0.005,0.084666667,,0.057666667,0.050666667,0.029333333,,,,,,,0.071333333,,0.021,0.026333333,,0.009,0.061666667,,
,,0.005,0.0636,0.0568,,0.0578,0.039,,0.0596,0.0384,0.0722,0.005,0.082,,0.0552,,,0.0504,,0.0132,,,,0.0682,,0.016166667,,,,,0.0686,0.0444
,0.0665,0.005,,,0.104,,0.029,,,0.039,0.083,,,,0.058,,,0.0505,0.074,,,0.072,0.0505,,,0.042,,0.084,,0.056,0.07,0.042
,0.0655,0.005,0.06575,0.0435,0.0984,,,,,0.04,0.07475,0.005,,,0.05825,0.04825,0.0365,0.05275,,,0.04225,0.067,0.052,,0.0684,0.0216,0.02575,0.08525,0.0088,0.06375,,0.045
,,0.005,0.06125,0.04525,0.1024,,0.0332,,,,0.0686,0.005,0.074,,0.054666667,,,0.05375,,0.0138,0.03525,0.066,,,,0.009666667,0.027,,,0.06225,,0.04025
,,,0.059,0.04725,,,,,,0.04125,0.07,0.005,,,0.062,,,,0.0725,,0.03825,,0.055,0.067,,0.00975,,,0.009,,,0.036
0.056666667,0.052,,,0.044,0.085666667,,0.0365,,,,0.064333333,,0.085666667,,0.055,0.050333333,,,,,0.041,0.066666667,0.049666667,0.07,,,0.028,0.080333333,0.009,,,0.0385
,0.043,,0.068,0.041,0.079,,0.039,,0.061,,,0.005,0.092,,,,0.029,0.051,,0.014,0.044,0.068,0.05,0.068,0.052,,,0.079,0.009,,,0.043
0.081,0.046,0.005,0.065,0.043,,,,,0.056,,0.092,,0.114,,,,,0.051,0.067,0.013,,,,,0.05,,,0.079,,,,0.043
0.0875,,0.005,,0.048,,0.048,0.0385,,0.059,,0.0795,0.005,,0.037,0.0605,0.049,,0.0525,0.0685,0.0135,,0.0685,,0.0625,0.054,,0.029,,,,,0.042
,,,,,,,,,,,,,,,,,,,,,,,,,,,,,,,,
,,,0.065,,0.092,0.047,0.029,,,,0.102,,0.096,0.041,0.057,,,0.049,0.084,0.013,0.044,,,,,0.012,0.029,0.077,0.01,,,
,,,,,,,,,,,,,,,,,,,,,,,,,,,,,,,,
,,,,,,,,,,,,,,,,,,,,,,,,,,,,,,,,
,,,,,,,,,,,0.113,0.005,,,,,,,,,,0.062,,,,0.02,0.029,,0.0085,,,0.0545
,,,,,,,,,,,,,,,,,,,,,,,,,,,,,,,,
,0.049,0.005,,0.058,0.097,0.06,0.035,,0.055,,,0.005,0.078,,,0.049,0.024,,,0.014,,,,,,,0.034,0.075,,0.053,,
,,,,,,,,,,,,,,,,,,,,,,,,,,,,,,,,
0.071,0.036,,0.055,0.056,0.099,0.062,,,,,,0.005,0.079,0.04,0.067,,,0.047,0.073,,,0.056,,,,0.005,0.036,,0.009,0.04,0.066,0.047
0.084,,,0.055,0.063,0.1,,0.031,,0.056,,0.08,0.005,,0.042,,,,0.048,0.07,,0.041,0.056,0.05,,0.059,0.008,,0.076,0.01,0.055,0.066,0.045
0.082,,,,0.042,,0.054,,,,,0.067,0.005,0.057,0.038,,0.05,,0.049,0.077,,,0.056,0.052,0.067,,,,,0.009,0.052,0.072,0.044
,,,,,0.094,,0.026,,,0.044,0.089,,,0.041,,0.043,0.026,,,0.014,,,,0.062,0.049,0.005,,0.069,,0.046,,0.043
,,,,,,,,,,,,,,,,,,,,,,,,,,,,,,,,
0.072,0.03,0.005,,0.039,0.093,0.045,0.029,,0.051,,0.117,0.005,0.057,,0.044,0.054,,0.048,0.067,0.014,0.042,0.055,,,0.049,0.013,0.032,,0.01,,0.065,
,0.0382,0.005,,0.03975,,,,,0.0536,,,,0.0678,,0.0468,0.05475,,0.0448,,0.015,0.0398,0.0538,0.047,0.0586,0.0524,,,0.06925,0.0085,,,0.0444
,,,0.057,0.046666667,0.079,0.05,,,0.052,0.049,,,0.07,0.039666667,,,0.032666667,0.043333333,0.061,0.015666667,,0.051333333,0.044666667,0.060333333,0.048333333,0.025666667,,0.066666667,,,0.063,0.041333333
,0.028,,,,,,,,0.053,0.049,0.074,,0.066,0.043,,0.055,,,,0.015,,0.005,0.046,0.058,0.047,,0.036,,,,0.063,0.039
,,,,,,,,,,,,,,,,,,,,,,,,,,,,,,,,
,0.0375,,,,0.0755,,,,0.0505,,,,0.086,,0.051,0.052,0.0275,,0.0665,0.0145,0.039,0.0495,,,,0.033,,0.07,0.009,,,0.036
