BM,BTG,BWQ,CLJ,CT,DMZ,FSB,GGS,GTQ,HK,HLS,HMS,JJQ,LJG,LK,NJG,PS,QJDQ,QXC,SJY,SMZ,SPY,SWB,SXC,WC,WHK,XH,XJX,YJ,YLJK,YSG,YYL,ZT
92771.5,100252.5,97803.875,100126.625,95912.0,97594.875,97783.625,96096.125,67897.125,99203.0,94312.5,100202.375,81072.875,95968.375,100145.125,98664.875,94741.0,99385.125,98228.25,100309.5,95968.375,96912.125,96576.0,99952.25,100416.125,100241.125,100213.125,97602.375,100108.375,87571.375,100099.375,100137.0,97688.5
92923.25,100315.625,97895.75,100182.875,96019.875,97594.75,97897.875,96080.25,67815.5,99242.625,94328.5,100235.375,81063.0,95953.25,100132.875,98645.125,94804.0,99355.25,98501.625,100346.125,95953.25,96940.375,96891.0,99991.5,100462.25,100321.625,100219.25,97659.0,100169.0,87431.375,100129.875,100191.125,97747.5
92862.875,100235.5,97748.75,100066.625,95897.875,97385.75,97740.25,95888.875,67697.25,99148.625,94325.125,100143.75,80954.25,95765.0,99963.375,98512.25,94809.375,99192.5,98406.5,100261.375,95765.0,96733.625,96854.25,99905.25,100408.0,100211.625,100081.375,97438.5,100053.625,87268.5,99993.0,100075.25,97540.5
92891.125,100194.875,97745.0,100021.375,95899.25,97395.375,97727.25,95894.0,67730.625,99126.625,94289.0,100135.0,80881.125,95768.625,99867.375,98402.5,94791.25,99082.125,98393.25,100273.375,95768.625,96741.125,96845.625,99886.875,100390.625,100175.25,100005.5,97440.5,99993.875,87270.25,99926.875,100028.25,97544.125
93073.5,100342.875,97912.625,100124.875,96073.125,97592.375,97921.625,96092.875,67927.125,99269.75,94443.0,100278.5,80979.0,95971.875,100003.625,98555.0,94932.75,99226.5,98550.125,100470.5,95971.875,96942.375,96972.125,100075.75,100589.5,100299.0,100138.375,97649.125,100128.75,87702.75,100059.125,100129.25,97738.5
93138.875,100649.375,97876.5,100279.25,96064.625,97537.625,97884.375,96037.375,68015.75,99514.625,94556.625,100513.0,81277.25,95913.5,100198.625,98733.25,95017.625,99423.375,98563.0,100779.5,95913.5,96893.375,96999.875,100393.625,100902.625,100568.25,100341.625,97594.625,100358.375,88052.625,100265.625,100285.375,97703.5
93060.25,100743.375,97718.0,100314.125,95911.75,97485.625,97717.5,96012.75,67996.75,99592.5,94583.0,100589.625,81086.125,95897.875,100218.875,98770.625,95032.125,99457.125,98381.75,100916.375,95897.875,96817.0,96932.375,100506.5,101036.875,100646.75,100382.625,97489.25,100416.875,87706.5,100313.25,100318.5,97582.25
92932.375,100530.25,97732.625,100143.75,95883.375,97499.75,97726.875,96008.5,67952.25,99463.375,94363.25,100455.75,80905.875,95885.75,100009.25,98541.25,94811.25,99230.25,98302.0,100755.0,95885.75,96832.25,96784.375,100312.875,100873.125,100495.25,100185.375,97515.75,100235.75,87436.75,100114.75,100148.25,97602.875
92778.75,100395.375,97680.125,99975.75,95824.0,97415.0,97669.875,95921.625,67886.0,99267.125,94240.875,100266.125,80848.875,95802.75,99837.5,98385.125,94705.0,99070.5,98189.0,100534.375,95802.75,96749.0,96650.625,100126.625,100654.875,100328.75,100009.625,97438.25,100043.5,87394.125,99940.75,99977.875,97530.625
92648.375,100270.25,97546.75,99841.125,95690.875,97254.0,97515.875,95761.25,68052.375,99166.875,94072.0,100157.375,80902.0,95639.5,99720.875,98277.75,94539.375,98966.25,98084.375,100392.875,95639.5,96594.75,96555.375,100000.375,100515.875,100216.75,99897.875,97271.25,99943.875,87371.625,99829.25,99841.5,97374.875
92728.375,100081.25,97571.75,99751.75,95735.25,97259.75,97578.125,95764.5,68187.0,98960.75,94038.5,99964.375,80923.875,95641.625,99699.75,98265.25,94519.75,98947.5,98196.25,100228.75,95641.625,96608.125,96594.75,99832.25,100331.125,100019.75,99820.625,97316.875,99825.5,87473.125,99736.25,99756.125,97409.625
92734.375,100136.5,97512.0,99829.5,95690.875,97212.0,97518.375,95722.0,68215.125,99028.375,94165.25,100036.875,81087.5,95594.25,99758.0,98334.0,94639.125,99005.625,98169.25,100298.25,95594.25,96554.75,96589.25,99888.75,100401.625,100095.75,99877.875,97251.0,99873.375,87712.25,99795.125,99834.25,97345.125
92710.5,100108.375,97532.75,99816.875,95688.625,97224.5,97494.5,95761.125,68097.125,99033.875,94152.0,100028.25,80976.25,95645.75,99684.25,98246.5,94637.0,98918.5,98129.5,100292.125,95645.75,96551.875,96640.625,99873.5,100408.875,100063.0,99823.5,97223.75,99845.625,87536.0,99751.75,99823.625,97321.375
92655.375,100145.375,97430.5,99845.625,95602.5,97139.5,97427.75,95666.25,68021.75,99101.75,94082.625,100102.125,80998.75,95545.125,99690.0,98228.625,94550.75,98911.75,98053.875,100328.125,95545.125,96486.375,96499.0,99911.25,100439.375,100142.75,99878.75,97182.5,99895.625,87633.875,99803.375,99847.25,97264.0
92563.875,100152.625,97403.5,99716.625,95564.875,97092.125,97393.0,95610.625,67871.125,99085.625,93979.75,100091.5,80869.375,95495.25,99611.625,98172.625,94442.75,98863.375,98029.375,100325.875,95495.25,96435.75,96462.375,99898.25,100433.75,100136.625,99795.25,97123.75,99869.625,87526.5,99733.875,99716.5,97216.625
92663.875,100039.375,97528.625,99737.0,95681.625,97266.375,97528.25,95790.625,68147.25,98967.5,94090.0,99972.75,81006.75,95671.875,99659.5,98235.0,94570.125,98921.75,98112.25,100181.0,95671.875,96605.875,96575.875,99761.125,100300.0,99987.75,99722.25,97300.375,99761.875,87496.625,99649.875,99743.5,97384.75
92800.875,100212.375,97585.0,100021.875,95772.25,97277.5,97601.875,95785.375,68018.75,99191.5,94294.25,100194.75,81054.75,95661.25,99938.125,98494.5,94760.375,99172.375,98261.25,100182.0,95661.25,96623.25,96719.875,99843.125,100323.125,100243.375,100047.125,97328.75,100032.125,87636.375,99966.5,100028.875,97421.125
92883.75,100536.0,97735.375,100194.5,95909.5,97423.625,97737.875,95911.75,68190.75,99427.625,94356.375,100433.0,81026.75,95789.0,100034.875,98545.625,94844.0,99235.375,98369.0,100674.75,95789.0,96779.0,96849.125,100267.125,100797.0,100487.375,100238.625,97472.375,100235.875,87513.75,100156.875,100199.625,97563.375
92977.75,100455.375,97806.875,100122.25,95977.25,97519.125,97833.125,95997.125,68152.875,99411.375,94327.75,100410.5,81013.375,95865.625,100050.375,98569.5,94817.5,99279.25,98444.75,100574.5,95865.625,96865.625,96856.25,100185.5,100667.75,100455.375,100224.5,97573.375,100243.125,87662.5,100142.75,100127.0,97664.5
93013.5,100361.375,97855.375,100128.0,96012.375,97573.0,97843.375,96073.75,68232.625,99349.0,94366.25,100345.25,81185.375,95949.5,100045.75,98581.25,94868.125,99277.125,98447.375,100501.0,95949.5,96909.375,96875.625,100109.875,100598.0,100371.75,100165.5,97598.5,100166.625,87871.5,100085.875,100135.0,97691.75
93153.25,100507.375,97912.625,100300.0,96089.375,97591.375,97905.375,96109.875,68303.5,99567.625,94655.375,100575.0,81370.875,95983.5,100220.5,98763.125,95156.625,99444.625,98584.25,100553.75,95983.5,96936.0,97111.5,100219.25,100674.375,100562.875,100336.5,97621.375,100346.375,88012.625,100254.625,100306.25,97725.125
93212.75,100587.75,98011.25,100355.625,96175.375,97686.375,98009.375,96199.625,68334.75,99598.375,94623.25,100607.625,81342.75,96080.875,100151.25,98687.75,95144.625,99371.875,98657.5,100573.625,96080.875,97027.125,97122.625,100257.25,100744.75,100610.0,100325.25,97719.0,100383.0,87941.125,100261.125,100358.625,97825.625
93000.875,100465.25,97693.625,100247.375,95878.375,97362.25,97692.5,95890.125,68046.5,99527.0,94423.375,100541.625,81435.0,95775.875,99961.375,98467.875,94940.25,99145.625,98393.625,100540.375,95775.875,96696.0,96944.125,100145.5,100715.625,100547.0,100190.5,97365.75,100301.5,88037.25,100148.875,100248.125,97479.875
92697.25,100564.0,97404.0,100228.75,95581.25,97157.0,97388.125,95698.75,68270.5,99572.625,94270.5,100574.875,81422.875,95576.375,99939.75,98424.125,94733.0,99098.5,97998.875,100650.25,95576.375,96482.0,96574.5,100268.25,100805.25,100587.625,100224.25,97157.5,100325.5,87934.0,100173.375,100228.125,97252.625
92815.5,100521.75,97602.625,100106.875,95768.75,97280.875,97592.75,95802.625,68416.375,99519.0,94182.75,100505.875,81458.5,95681.375,99792.75,98285.125,94703.0,98952.5,98264.5,100636.0,95681.375,96626.0,96787.625,100237.375,100777.0,100532.0,100062.25,97312.625,100186.625,87927.75,100024.5,100105.75,97410.625
92771.5,100211.25,97505.0,99853.75,95695.125,97135.875,97499.125,95649.625,68432.875,99243.75,94091.75,100238.0,81277.875,95530.375,99619.125,98151.375,94606.875,98840.125,98179.125,100305.75,95530.375,96488.5,96654.375,99909.5,100453.0,100249.625,99809.875,97172.25,99925.5,87839.0,99768.875,99852.875,97280.75
92644.25,100174.5,97267.875,99837.375,95475.25,96951.25,97256.25,95477.5,67959.875,99180.875,93945.875,100174.125,81128.5,95351.875,99502.125,97981.0,94444.0,98658.5,97922.75,100276.25,95351.875,96312.5,96452.375,99880.875,100425.5,100188.125,99812.625,96981.625,99923.75,87709.125,99774.5,99837.25,97082.25
92640.125,100377.25,97163.75,100008.0,95404.25,96832.5,97155.25,95374.625,68135.875,99370.0,94128.125,100361.0,81124.5,95252.125,99716.375,98216.25,94590.875,98884.0,97860.25,100485.5,95252.125,96183.125,96453.875,100083.0,100624.5,100397.25,100012.25,96832.25,100098.875,87653.875,99966.625,100006.5,96958.875
92851.75,100603.5,97557.25,100219.625,95729.125,97275.375,97516.75,95831.875,68228.875,99549.625,94391.25,100543.875,81246.25,95725.75,99996.25,98533.625,94856.75,99194.25,98115.125,100763.25,95725.75,96604.875,96693.375,100343.375,100885.875,100578.125,100239.875,97259.375,100305.0,87823.25,100181.25,100219.375,97377.375
93130.75,100572.125,97972.5,100226.75,96136.5,97672.125,97983.375,96183.875,68400.25,99485.25,94530.75,100481.5,81459.125,96070.0,100138.875,98685.875,94994.875,99366.5,98628.125,100793.25,96070.0,97018.25,96989.25,100362.375,100927.75,100518.125,100261.0,97716.375,100287.375,88085.5,100183.5,100229.0,97817.375
93004.625,100481.5,97758.375,100118.625,95927.0,97451.0,97758.125,95979.375,68485.375,99333.25,94328.125,100342.625,81296.25,95861.875,99956.125,98501.5,94800.0,99178.25,98394.625,100612.5,95861.875,96800.0,96848.75,100220.5,100722.625,100422.125,100096.375,97498.5,100191.25,87900.125,100039.75,100119.75,97597.25
92907.125,100409.5,97710.0,100036.75,95871.125,97426.875,97697.625,95943.375,68300.25,99299.125,94285.875,100295.0,81142.5,95822.25,99905.625,98457.75,94759.5,99137.875,98285.75,100598.125,95822.25,96765.0,96735.75,100168.125,100706.5,100376.25,100057.5,97453.25,100082.75,87715.0,99987.625,100042.75,97560.875
92937.125,100501.75,97688.875,100099.75,95875.875,97361.125,97698.75,95866.375,68128.375,99400.875,94295.375,100398.875,81086.75,95737.0,99974.375,98510.5,94768.375,99205.125,98337.75,100731.375,95737.0,96712.75,96790.0,100298.25,100842.375,100454.125,100151.75,97411.625,100203.5,87666.375,100084.875,100105.375,97519.125
92917.125,100595.0,97643.375,100140.625,95831.125,97328.625,97644.25,95839.25,68061.375,99413.25,94330.625,100402.375,81072.125,95715.375,100006.0,98548.375,94800.25,99220.5,98288.875,100863.75,95715.375,96670.125,96760.625,100417.125,100981.625,100464.75,100182.875,97348.625,100221.25,87646.5,100111.5,100142.375,97465.625
92850.25,100576.25,97564.5,100056.875,95764.375,97226.0,97570.5,95745.5,68000.125,99353.875,94326.5,100346.25,81095.5,95617.0,99945.625,98517.375,94788.5,99186.125,98200.875,100832.25,95617.0,96580.75,96721.5,100394.75,100931.5,100417.375,100126.125,97272.125,100176.375,87689.75,100055.125,100058.625,97386.625
92799.375,100405.875,97494.5,99934.0,95701.125,97183.25,97502.5,95721.125,67943.125,99205.5,94248.0,100191.125,81050.875,95596.0,99890.375,98458.0,94698.125,99134.125,98120.375,100629.75,95596.0,96530.5,96621.875,100214.5,100714.375,100294.375,100036.375,97223.25,100067.0,87677.125,99963.75,99938.875,97325.625
92780.75,100311.0,97429.625,99939.625,95640.75,97098.625,97428.375,95645.625,68012.0,99116.625,94317.75,100113.25,81064.375,95521.75,99921.625,98502.0,94772.5,99177.75,98083.375,100522.0,95521.75,96454.625,96642.625,100125.0,100593.375,100218.375,100034.25,97138.25,100021.625,87664.0,99948.0,99947.125,97250.875
92863.0,100140.125,97614.75,99925.5,95770.125,97294.125,97572.375,95833.25,68009.25,99046.875,94381.25,100050.75,81045.75,95720.375,99946.625,98555.5,94838.75,99219.625,98201.75,100296.0,95720.375,96625.875,96740.625,99924.125,100353.375,100124.625,100018.0,97310.375,99987.5,87737.625,99923.25,99935.375,97410.625
92812.875,99731.625,97546.125,99809.625,95732.875,97231.0,97540.25,95741.125,67946.5,98833.125,94189.625,99833.875,81103.0,95617.125,99752.625,98332.25,94647.375,99004.25,98145.75,99716.75,95617.125,96586.75,96634.0,99431.875,99700.625,99859.25,99835.875,97284.125,99768.75,87727.0,99740.25,99819.0,97386.5
92585.5,99116.875,97327.375,99543.375,95516.75,97062.75,97307.625,95614.75,68175.875,98436.375,93924.25,99436.125,80911.5,95502.0,99463.0,98033.875,94401.375,98704.375,97904.0,99124.875,95502.0,96412.75,96385.0,98820.375,99106.125,99431.5,99521.5,97098.125,99421.625,87473.75,99427.0,99553.25,97192.875
92635.5,98797.25,97356.875,99417.375,95560.125,97082.75,97389.875,95629.625,68159.625,98226.375,93870.625,99242.25,80926.5,95520.75,99355.5,97937.125,94357.875,98617.375,98037.375,99011.375,95520.75,96442.375,96455.375,98496.375,99114.125,99159.125,99376.625,97137.375,99241.5,87520.625,99270.125,99426.5,97230.0
92583.25,99209.75,97293.625,99482.875,95505.25,97005.0,97314.375,95549.875,68175.125,98415.375,93834.75,99426.25,81007.5,95438.375,99384.25,97946.0,94330.75,98618.625,97994.375,99336.625,95438.375,96366.625,96452.0,98889.375,99480.75,99295.375,99423.75,97058.625,99336.0,87622.625,99322.5,99492.5,97150.0
92622.625,99750.875,97315.0,99625.375,95523.125,97008.875,97316.875,95551.125,68188.625,98801.125,93887.375,99803.375,81173.0,95434.75,99473.125,98014.75,94374.875,98687.875,97971.75,99763.75,95434.75,96373.625,96459.25,99418.625,99897.25,99787.5,99626.5,97066.875,99643.625,87674.0,99555.625,99630.5,97161.625
92576.25,99757.5,97242.375,99514.625,95457.875,96952.875,97252.0,95496.125,68368.875,98748.0,93860.25,99741.25,81094.875,95379.625,99339.375,97891.125,94342.625,98559.25,97880.625,99856.25,95379.625,96314.125,96380.5,99481.125,99985.625,99764.625,99517.375,97004.0,99554.125,87729.75,99447.375,99520.0,97106.375
92593.5,99670.75,97310.5,99450.125,95519.125,97077.5,97335.125,95597.75,68301.125,98678.875,93813.875,99670.125,81117.375,95476.0,99294.5,97855.25,94295.75,98524.125,97914.375,99782.875,95476.0,96431.125,96330.125,99401.125,99901.875,99695.375,99454.625,97124.125,99486.625,87776.625,99386.125,99455.25,97217.25
92542.0,99704.125,97245.25,99436.75,95448.75,96974.375,97237.25,95508.875,68167.25,98665.75,93818.375,99651.25,81079.875,95391.375,99296.375,97867.75,94300.0,98528.75,97836.375,99843.25,95391.375,96324.125,96291.375,99462.125,99954.875,99678.625,99442.375,97000.75,99479.375,87641.5,99371.5,99441.5,97106.375
92628.75,99980.5,97270.5,99656.375,95493.375,96993.375,97278.125,95530.5,67999.75,98869.875,94051.5,99854.375,81097.25,95420.875,99615.25,98191.375,94490.75,98869.625,97895.625,100151.0,95420.875,96349.5,96387.375,99749.5,100250.125,99928.25,99744.375,97031.75,99749.625,87666.25,99656.875,99662.5,97132.25
92827.125,100222.875,97406.125,99870.125,95636.75,97069.25,97405.0,95609.0,68133.5,99040.875,94266.125,100029.375,81182.75,95495.625,99862.25,98443.0,94716.625,99119.75,98066.125,100417.875,95495.625,96433.25,96600.0,100011.25,100503.25,100129.875,99967.625,97113.5,99938.625,87748.875,99879.625,99879.0,97226.625
92761.75,100137.0,97389.5,99718.625,95604.875,97060.0,97376.625,95605.875,68034.625,98901.625,94176.25,99892.625,81213.5,95493.875,99715.125,98313.25,94628.375,98977.375,98019.75,100367.625,95493.875,96414.75,96531.25,99944.5,100470.375,99999.625,99803.125,97094.5,99767.25,87737.125,99707.0,99728.25,97204.375
92671.375,99960.875,97395.25,99609.125,95586.5,97188.125,97393.125,95759.125,67916.5,98777.25,94052.875,99770.875,81090.75,95653.5,99573.375,98158.75,94501.75,98829.0,97971.875,100179.25,95653.5,96513.125,96450.375,99767.0,100283.0,99846.125,99672.875,97166.375,99663.625,87622.25,99583.625,99616.125,97269.25
92641.0,99956.75,97306.25,99661.0,95517.375,97024.0,97303.75,95585.5,67853.0,98802.125,94078.0,99793.875,81073.0,95470.75,99626.5,98202.375,94536.375,98881.0,97930.625,100137.375,95470.75,96365.0,96460.625,99733.125,100242.0,99871.0,99709.0,97032.5,99672.125,87542.0,99612.625,99670.875,97139.0
92744.875,100207.5,97544.5,99898.375,95703.25,97254.875,97526.5,95776.625,67949.625,99088.0,94350.125,100078.125,81065.5,95660.25,99865.625,98471.5,94808.875,99133.875,98086.25,100358.25,95660.25,96593.75,96632.875,99963.375,100453.875,100155.5,99966.75,97271.125,99981.375,87501.625,99880.25,99907.625,97385.125
92860.0,100381.0,97678.125,100059.125,95831.25,97428.375,97677.125,95951.75,68352.625,99280.375,94364.875,100268.375,81056.875,95843.125,99956.375,98521.375,94844.625,99195.75,98283.375,100483.625,95843.125,96766.625,96783.5,100112.25,100597.25,100339.5,100084.625,97446.125,100127.5,87583.75,100008.25,100060.75,97540.25
92850.875,100323.0,97640.0,99981.375,95824.75,97321.375,97666.25,95843.25,68161.25,99216.125,94269.375,100206.375,81322.625,95723.375,99961.5,98490.75,94757.25,99203.625,98293.125,100472.5,95723.375,96680.375,96720.0,100085.0,100582.125,100293.0,100057.125,97400.375,100072.375,87942.625,99962.625,99990.75,97494.125
92886.5,100405.875,97654.125,100174.875,95855.25,97384.125,97684.625,95887.75,68091.75,99321.75,94359.625,100319.125,81187.0,95770.75,100083.0,98605.25,94847.625,99309.125,98342.5,100538.875,95770.75,96724.625,96820.375,100150.25,100653.875,100391.5,100203.0,97402.125,100172.5,87801.0,100115.875,100184.375,97511.25
93104.75,100627.75,97860.5,100322.75,96043.875,97559.875,97863.625,96104.0,68192.375,99531.875,94626.5,100541.875,81270.75,95992.0,100221.75,98793.5,95116.5,99467.625,98527.0,100763.0,95992.0,96888.25,97035.5,100377.5,100876.0,100596.5,100337.0,97563.625,100372.125,87877.625,100257.25,100329.0,97678.75
92952.125,100511.0,97784.5,100157.25,95954.0,97620.375,97823.5,96151.5,68302.5,99401.5,94469.875,100402.625,81214.75,96040.75,100100.0,98668.75,94937.25,99362.625,98380.75,100652.0,96040.75,96947.5,96836.25,100279.75,100740.0,100450.375,100215.625,97625.875,100247.875,87758.75,100137.25,100163.125,97715.5
92868.375,100328.75,97750.125,100138.125,95910.875,97508.75,97770.375,96012.375,68170.25,99226.75,94490.625,100233.125,80998.25,95896.75,100177.0,98759.75,94947.75,99458.875,98359.375,100445.125,95896.75,96846.875,96835.0,100086.25,100524.25,100307.375,100218.0,97538.625,100133.25,87690.5,100108.25,100149.5,97630.0
93181.125,100693.125,98003.375,100441.25,96156.75,97673.875,98009.125,96186.0,68070.375,99532.125,94686.875,100550.75,81212.0,96070.125,100411.625,98965.75,95149.125,99665.0,98630.0,100806.375,96070.125,97007.5,97078.0,100424.75,100911.25,100619.0,100505.25,97700.375,100478.125,87951.25,100419.25,100449.625,97824.75
93376.25,100967.5,98118.0,100746.875,96289.375,97733.125,98120.125,96221.0,68110.875,99912.375,94865.125,100915.875,81397.0,96098.125,100649.625,99167.625,95325.75,99872.125,98767.5,101089.0,96098.125,97076.375,97251.5,100710.875,101191.375,100954.75,100780.75,97769.875,100781.5,88046.625,100704.875,100753.625,97905.5
93311.625,101028.375,97913.375,100782.125,96120.875,97574.625,97904.125,96127.625,68225.75,99970.25,94876.5,100976.875,81422.25,96016.75,100654.875,99173.125,95338.0,99857.875,98614.25,101095.25,96016.75,96891.0,97179.0,100741.75,101206.25,101021.25,100848.25,97566.375,100847.875,88049.25,100770.875,100786.75,97702.75
93151.875,100902.125,97814.125,100604.5,96001.25,97570.375,97816.625,96085.25,68302.375,99821.125,94778.625,100829.625,81392.75,95970.5,100497.375,99046.875,95233.0,99723.875,98448.875,100999.75,95970.5,96905.0,97035.875,100627.5,101106.875,100880.5,100655.75,97576.75,100679.0,88019.25,100582.125,100608.375,97691.5
93083.875,100752.125,97771.125,100411.25,95956.0,97474.75,97771.75,95996.625,68145.375,99646.5,94609.5,100654.375,81319.875,95881.125,100321.125,98866.0,95070.125,99556.625,98392.375,100889.25,95881.125,96816.75,96955.375,100502.125,100997.5,100707.125,100469.25,97480.75,100487.875,87951.25,100389.0,100416.5,97602.375
93039.125,100589.5,97687.0,100295.0,95889.375,97418.75,97680.25,95951.375,68365.0,99552.625,94430.625,100562.0,81372.0,95836.625,100091.625,98626.875,94894.5,99292.875,98319.5,100742.5,95836.625,96751.0,96853.625,100343.5,100854.625,100573.5,100311.875,97408.875,100359.375,88006.125,100247.25,100296.125,97533.625
92991.75,100390.125,97694.25,100205.875,95875.125,97450.5,97682.75,95977.875,68398.75,99411.5,94397.875,100415.875,81480.625,95861.625,100018.75,98564.75,94883.5,99249.5,98298.75,100447.375,95861.625,96782.25,96862.75,100087.625,100584.125,100439.5,100238.375,97451.75,100244.375,88058.625,100158.375,100202.75,97558.125
92696.0,100523.875,97294.875,100163.875,95517.5,96983.375,97286.875,95536.375,68199.0,99438.0,94301.875,100440.25,81295.0,95416.25,100041.0,98567.0,94744.75,99254.5,97926.375,100596.625,95416.25,96329.375,96532.25,100225.375,100715.875,100501.0,100222.375,96995.25,100266.0,87799.125,100152.5,100166.375,97107.5
92571.0,100300.125,97393.125,99867.75,95537.25,97192.75,97363.875,95731.5,68187.0,99229.875,94036.5,100226.75,81009.375,95617.75,99690.375,98225.625,94499.75,98892.5,97902.625,100479.5,95617.75,96513.25,96387.875,100059.75,100599.125,100271.5,99903.875,97181.0,99986.5,87497.25,99845.0,99868.625,97269.5
92879.5,100058.75,97734.25,99909.625,95893.375,97433.0,97734.875,95935.125,68281.75,99105.75,94179.75,100102.25,81116.125,95811.375,99892.75,98440.25,94653.125,99140.0,98394.875,100073.75,95811.375,96772.625,96791.625,99723.5,100203.125,100131.625,99982.625,97462.125,99937.75,87758.625,99872.375,99918.25,97570.625
93106.125,100325.375,97889.75,100266.0,96069.5,97589.875,97916.0,96096.25,68210.0,99313.875,94452.875,100328.25,81285.875,95977.75,100103.0,98613.0,94932.125,99296.25,98530.0,100345.625,95977.75,96939.375,96962.625,100006.875,100464.375,100351.375,100239.25,97645.5,100231.25,87884.0,100167.375,100272.125,97743.125
93247.375,100767.0,98055.875,100595.125,96187.625,97739.625,98022.875,96296.125,68173.375,99789.375,94819.25,100796.0,81201.625,96185.25,100472.375,99021.5,95294.625,99697.125,98716.5,100811.75,96185.25,97035.375,97232.75,100450.875,100939.0,100808.25,100612.375,97698.125,100636.875,87864.75,100543.125,100598.125,97829.0
93684.5,101037.25,98694.375,100911.0,96798.5,98456.25,98695.0,96935.0,68409.75,99961.5,95110.875,100966.625,81453.875,96815.125,100911.75,99430.125,95609.5,100134.0,99301.25,101092.25,96815.125,97765.0,97673.375,100744.875,101188.625,101041.0,100936.75,98461.375,100865.875,88174.875,100832.125,100921.25,98561.625
93668.875,101163.25,98563.125,101048.125,96687.0,98230.5,98558.75,96690.125,68255.625,100122.625,95109.625,101118.875,81531.625,96565.0,100934.75,99416.625,95596.5,100133.875,99215.5,101242.125,96565.0,97550.125,97633.875,100885.5,101333.5,101161.625,101075.375,98247.625,101045.0,88249.875,100977.5,101054.0,98378.375
93312.875,101090.875,98297.875,100775.75,96411.875,98022.25,98288.5,96500.5,68293.875,100033.375,94817.25,101030.75,81471.75,96379.875,100622.5,99132.75,95265.875,99808.75,98889.375,101202.0,96379.875,97339.5,97253.0,100819.375,101302.375,101078.125,100836.625,98028.625,100867.75,88117.875,100769.875,100779.625,98146.875
93404.0,101042.375,98345.0,100662.0,96474.75,98030.875,98348.5,96486.125,68147.75,99967.625,94784.0,100969.25,81543.0,96357.125,100459.125,98989.0,95276.5,99650.625,98990.875,101199.625,96357.125,97362.125,97375.125,100812.375,101297.875,101015.0,100705.125,98064.25,100773.625,88144.375,100643.375,100662.625,98183.625
93273.25,100983.625,98105.625,100659.875,96216.75,97802.0,98050.0,96306.5,68262.625,99948.5,94786.875,100958.5,81523.25,96181.75,100458.0,98986.625,95251.25,99659.875,98661.25,101129.375,96181.75,97124.375,97177.625,100729.875,101246.375,100988.25,100687.625,97787.25,100753.375,88093.25,100627.875,100660.5,97916.25
93430.5,100896.5,98291.5,100649.75,96426.75,98032.0,98269.125,96545.625,68503.0,99906.5,94849.25,100913.125,81531.625,96431.5,100498.875,99017.375,95326.125,99689.75,98811.75,100956.5,96431.5,97356.375,97274.75,100595.0,101090.375,100933.75,100702.375,98035.875,100725.75,88127.5,100634.5,100653.75,98143.5
93416.375,100905.0,98262.75,100679.375,96404.875,97989.0,98246.5,96501.0,68455.375,99846.875,94825.5,100847.75,81528.375,96386.375,100659.875,99146.125,95312.0,99863.5,98804.0,100999.125,96386.375,97318.625,97277.5,100629.25,101098.0,100902.375,100763.75,98001.625,100712.25,88151.125,100662.375,100684.125,98115.875
93165.25,100768.625,97869.75,100537.75,96050.375,97588.125,97858.375,96109.5,68225.375,99715.625,94624.875,100702.5,81432.0,95992.0,100448.5,98949.5,95108.125,99648.5,98510.75,100834.375,95992.0,96917.125,97037.25,100467.875,100927.875,100759.75,100587.375,97579.25,100560.75,88067.875,100495.25,100547.0,97704.0
92793.125,100657.0,97345.625,100226.0,95573.625,97032.5,97339.25,95592.75,68130.75,99542.375,94336.5,100534.625,81163.125,95480.5,100048.25,98598.875,94799.25,99259.625,98038.875,100840.25,95480.5,96361.875,96634.875,100417.75,100939.5,100583.0,100249.75,97017.875,100313.5,87711.625,100187.875,100230.5,97148.5
93062.5,100663.25,97900.5,100307.25,96061.625,97704.75,97914.875,96208.5,68121.75,99616.0,94468.875,100615.5,81221.25,96094.5,100168.625,98663.5,94941.625,99359.25,98459.75,100848.25,96094.5,97036.25,96894.25,100421.125,100964.125,100656.5,100369.125,97709.0,100415.25,87854.5,100297.0,100312.25,97809.875
93380.375,101090.5,98309.875,100803.75,96445.875,98040.375,98282.375,96548.25,68473.625,99935.5,94905.625,100938.25,81571.375,96430.125,100778.25,99280.25,95341.25,100005.375,98827.875,101102.0,96430.125,97353.0,97233.0,100765.75,101200.375,101033.5,100907.375,98016.75,100836.5,88278.125,100812.625,100813.625,98149.75
93999.25,101324.75,99027.125,101208.0,97139.25,98799.375,99048.875,97281.125,68926.0,100225.0,95430.125,101223.625,81882.125,97173.0,101202.875,99736.0,95917.625,100441.125,99583.25,101299.75,97173.0,98133.625,97968.0,100971.125,101407.875,101316.375,101269.375,98859.5,101168.125,88664.625,101157.625,101217.25,98940.125
93940.0,101283.75,98847.0,101121.875,96984.625,98515.0,98832.5,96981.375,68812.375,100208.0,95317.375,101227.875,81944.75,96855.25,101036.125,99547.875,95822.375,100251.0,99515.875,101327.375,96855.25,97845.0,97921.75,100974.5,101435.0,101282.0,101158.125,98539.0,101122.625,88749.875,101069.125,101129.625,98662.25
93718.875,101030.375,98641.125,100822.75,96774.75,98323.25,98613.125,96819.125,68704.25,99977.375,94980.5,100986.125,81688.0,96699.625,100653.375,99142.375,95495.5,99840.125,99263.375,101177.25,96699.625,97644.375,97644.625,100770.125,101299.625,101010.75,100829.75,98325.125,100844.25,88399.625,100756.375,100828.25,98451.375
93823.375,100908.875,98735.375,100733.75,96871.25,98462.125,98766.0,96928.5,68777.625,99914.25,95009.125,100927.25,81782.25,96792.875,100586.0,99134.375,95527.75,99810.375,99318.25,101012.0,96792.875,97772.125,97661.0,100623.75,101134.75,100935.5,100753.125,98465.375,100777.625,88563.0,100678.125,100739.5,98591.0
93562.75,100881.5,98406.875,100612.25,96557.75,98120.125,98407.125,96605.625,68664.375,99803.5,94918.5,100804.5,81735.25,96478.75,100490.875,99036.125,95402.25,99707.375,99020.375,101031.625,96478.75,97448.875,97445.125,100633.875,101141.25,100846.5,100655.25,98139.125,100671.625,88469.25,100578.875,100617.0,98262.0
93196.875,100690.25,98027.75,100334.25,96174.125,97706.125,97995.375,96217.125,68399.0,99491.5,94686.75,100488.625,81371.625,96099.0,100264.875,98835.25,95151.25,99500.0,98682.75,100900.875,96099.0,97034.0,97160.625,100482.0,100999.625,100570.375,100386.875,97690.75,100391.5,87981.5,100300.875,100339.25,97829.875
93344.875,100719.75,98140.25,100338.25,96296.25,97829.375,98144.375,96308.625,68145.75,99514.375,94744.375,100520.0,81229.125,96180.0,100327.375,98922.75,95223.25,99595.0,98764.625,100911.0,96180.0,97165.5,97264.75,100523.375,100965.5,100622.375,100441.5,97862.25,100428.75,87837.375,100348.875,100345.25,97983.5
93586.125,100949.5,98318.5,100843.25,96496.0,97962.875,98318.0,96471.875,68254.375,99959.25,95129.625,100975.25,81630.0,96354.0,100793.0,99349.75,95596.625,100035.875,98986.75,100933.125,96354.0,97297.0,97511.625,100658.375,100974.875,101023.5,100899.875,97985.875,100855.875,88310.125,100806.75,100851.625,98112.25
93767.5,101347.125,98373.0,101121.375,96582.75,97995.125,98386.25,96519.5,68337.625,100310.125,95357.75,101326.75,81783.875,96408.25,101056.375,99601.375,95814.875,100291.875,99098.125,101340.625,96408.25,97316.25,97686.5,101040.125,101407.75,101398.5,101188.0,97989.375,101182.625,88458.5,101097.375,101128.875,98126.625
93555.875,101251.5,98215.875,100950.875,96395.875,97986.875,98208.125,96506.375,68443.0,100193.75,95144.75,101212.75,81653.875,96392.375,100870.0,99393.625,95598.875,100089.125,98875.75,101303.125,96392.375,97302.5,97452.75,100957.375,101387.75,101259.75,101032.125,97949.5,101068.75,88276.75,100956.0,100956.25,98052.125
93394.375,101024.375,98291.125,100708.875,96427.0,98077.75,98319.375,96573.375,68295.625,99963.375,94875.125,100965.875,81440.5,96461.75,100607.875,99127.875,95342.5,99832.0,98896.375,101084.0,96461.75,97403.75,97260.625,100738.0,101178.125,101020.0,100784.625,98100.375,100812.375,88040.5,100706.875,100712.5,98197.0
93363.125,101181.375,98236.875,100681.75,96384.125,97958.625,98241.375,96433.75,68128.0,100031.25,94925.375,101032.375,81409.625,96313.625,100596.25,99162.375,95401.125,99840.75,98897.25,101297.5,96313.625,97288.25,97301.5,100917.125,101405.25,101098.5,100813.75,97974.875,100863.625,87976.0,100744.0,100686.0,98092.0
93212.0,101091.125,98205.75,100543.125,96323.5,97998.375,98198.625,96495.125,68668.0,99943.625,94673.625,100941.0,81486.25,96384.75,100402.875,98926.375,95137.875,99594.375,98725.0,101325.125,96384.75,97314.0,97036.0,100889.0,101450.5,100988.5,100612.625,97990.75,100709.0,88011.0,100547.75,100545.375,98097.125
93673.375,100602.375,98591.25,100494.375,96725.125,98310.875,98618.375,96762.25,68858.625,99630.375,94717.625,100628.375,81623.75,96636.75,100396.25,98893.875,95253.625,99598.625,99200.0,100783.25,96636.75,97647.125,97482.375,100340.375,100933.5,100601.625,100515.125,98355.25,100467.875,88386.125,100434.75,100503.0,98461.625
93676.625,100769.5,98508.25,100755.875,96652.25,98143.375,98495.375,96609.5,68667.625,99885.75,94897.75,100907.625,81722.875,96483.0,100519.75,99000.75,95424.5,99699.25,99156.625,100733.0,96483.0,97480.0,97575.625,100396.625,100868.0,100847.375,100713.75,98183.375,100755.125,88459.75,100654.625,100759.125,98310.0
93380.75,100733.0,98107.625,100556.875,96280.375,97798.5,98107.5,96297.875,68274.125,99840.0,94831.25,100847.25,81600.5,96178.875,100325.0,98848.25,95338.0,99519.375,98808.125,100744.0,96178.875,97136.875,97324.375,100379.875,100905.25,100818.0,100551.25,97817.875,100620.375,88265.125,100490.75,100559.75,97942.875
93249.25,101085.125,97865.875,100710.75,96063.75,97557.0,97855.875,96082.625,68209.875,100044.375,94863.625,101042.0,81567.0,95965.5,100512.625,99021.875,95330.625,99695.0,98553.25,101170.625,95965.5,96882.625,97160.625,100792.625,101309.125,101076.625,100775.5,97552.0,100851.25,88185.375,100713.25,100712.25,97680.75
93406.125,101391.0,98068.25,100865.125,96249.625,97803.25,98047.5,96320.0,68330.5,100267.375,94994.75,101266.875,81659.125,96206.0,100654.375,99166.5,95459.875,99831.125,98709.375,101624.375,96206.0,97124.0,97295.75,101191.0,101741.5,101308.625,100937.875,97786.875,101037.125,88314.125,100874.125,100865.125,97909.5
93350.375,101371.5,97957.5,100794.875,96159.625,97675.5,97944.375,96204.75,68334.25,100193.25,94884.625,101192.25,81658.375,96089.875,100554.125,99036.75,95357.125,99735.75,98616.125,101687.875,96089.875,96992.375,97195.875,101202.75,101817.25,101228.875,100843.125,97656.625,100929.0,88276.125,100786.625,100794.25,97786.875
93352.0,101255.875,97936.875,100775.875,96149.625,97627.25,97930.625,96153.375,68362.75,100106.625,94861.375,101106.75,81678.125,96038.875,100537.0,99027.375,95336.625,99708.25,98622.875,101529.875,96038.875,96949.5,97210.125,101066.25,101654.875,101153.25,100797.75,97606.625,100874.125,88311.875,100736.5,100775.875,97743.75
93483.5,101159.5,98292.0,100829.25,96429.25,98060.875,98244.75,96588.875,68571.0,100045.0,94972.375,101042.0,81790.625,96477.25,100771.5,99258.125,95436.625,99985.5,98800.75,101349.375,96477.25,97361.375,97307.0,100924.625,101470.5,101090.125,100910.0,98014.125,100893.5,88440.25,100819.5,100837.125,98134.875
93448.625,101155.0,98440.625,100878.5,96564.875,98184.75,98438.0,96659.125,68611.375,100001.0,94923.5,100990.0,81689.125,96533.5,100792.0,99290.75,95368.5,100008.625,98974.625,101200.375,96533.5,97511.125,97310.125,100844.25,101301.625,101086.125,100939.5,98193.375,100894.75,88303.875,100856.0,100883.5,98313.5
93596.375,100763.625,98561.25,100596.875,96685.0,98286.625,98571.625,96754.625,68899.875,99707.75,94816.0,100701.5,81638.875,96630.75,100556.0,99045.75,95324.0,99744.0,99141.375,100873.625,96630.75,97616.125,97479.625,100491.375,100991.0,100742.75,100649.375,98324.875,100587.25,88303.5,100548.375,100608.375,98432.125
93553.5,100952.25,98425.5,100798.875,96564.75,98094.875,98405.5,96575.5,68736.875,99872.5,94969.0,100893.5,81705.25,96454.0,100687.0,99182.5,95462.125,99889.625,99048.0,100989.0,96454.0,97422.125,97490.75,100637.125,101093.5,100957.0,100825.5,98107.5,100811.375,88361.0,100742.875,100804.5,98242.25
93434.375,100905.0,98246.75,100678.5,96400.875,97938.75,98233.0,96439.625,68745.5,99859.75,94824.625,100875.875,81592.0,96315.375,100510.75,99012.5,95324.125,99691.125,98864.5,100996.0,96315.375,97272.625,97334.5,100621.25,101120.375,100893.0,100691.75,97957.5,100735.625,88224.5,100611.0,100682.75,98085.125
93355.625,100907.75,98134.875,100617.5,96295.0,97831.5,98133.25,96341.875,68518.375,99887.125,94820.0,100887.625,81554.625,96229.0,100465.625,98985.75,95292.625,99668.875,98764.0,101005.25,96229.0,97171.875,97243.75,100616.375,101137.25,100909.875,100673.625,97859.75,100729.125,88163.0,100580.0,100621.25,97973.375
93047.0,100970.875,97657.25,100500.75,95861.0,97347.5,97646.75,95886.625,68142.25,99916.25,94630.875,100912.625,81440.0,95773.25,100296.625,98813.875,95098.375,99485.5,98327.75,101156.75,95773.25,96682.5,96941.375,100733.0,101300.25,100942.5,100560.0,97348.25,100687.375,88016.625,100477.75,100501.0,97475.625
93003.0,101062.875,97523.0,100568.5,95759.875,97129.875,97519.125,95670.0,68057.625,100013.125,94584.625,101009.5,81393.25,95558.75,100307.375,98763.625,95049.125,99472.125,98231.5,101271.125,95558.75,96472.375,96848.375,100818.875,101428.25,101046.0,100601.0,97147.625,100745.125,87941.375,100532.0,100568.375,97287.375
93289.0,101327.0,97925.125,100854.125,96081.375,97621.125,97883.375,96171.125,68152.125,100263.0,94930.625,101264.625,81543.5,96054.375,100662.625,99134.625,95396.875,99839.625,98541.625,101527.375,96054.375,96928.0,97186.25,101096.0,101673.75,101299.875,100949.5,97601.875,101045.25,88141.0,100862.25,100854.5,97718.875
93434.25,101553.625,98383.125,101139.0,96475.0,98141.875,98339.75,96623.5,68250.5,100342.625,95161.875,101341.125,81641.25,96498.5,101204.75,99636.875,95593.25,100405.5,98771.5,101690.0,96498.5,97458.375,97321.625,101265.75,101807.875,101493.375,101356.0,98138.0,101264.0,88231.875,101220.375,101146.75,98251.75
93510.25,101362.0,98617.25,101276.125,96700.375,98365.875,98586.75,96830.625,68276.625,100250.625,95136.375,101245.75,81382.375,96713.25,101323.875,99749.0,95555.625,100523.0,99082.125,101446.5,96713.25,97674.0,97372.25,101048.75,101557.75,101348.75,101396.25,98367.125,101282.0,88006.125,101246.375,101287.125,98475.375
93735.25,101522.25,98731.0,101374.875,96831.0,98430.375,98744.125,96875.5,68275.75,100366.625,95343.0,101361.375,81303.625,96742.625,101356.25,99796.125,95805.625,100545.875,99361.125,101435.0,96742.625,97750.375,97714.375,101126.125,101530.25,101492.875,101471.125,98462.875,101384.625,87986.625,101342.375,101381.375,98582.75
93749.0,101527.875,98647.5,101295.875,96751.5,98308.625,98615.75,96792.875,68061.0,100381.125,95312.375,101382.75,81260.125,96673.875,101267.0,99728.25,95776.75,100466.875,99250.0,101594.875,96673.875,97615.0,97710.25,101234.25,101696.375,101509.75,101409.125,98298.75,101362.25,87992.625,101286.0,101304.0,98439.875
93912.0,101471.25,98925.375,101331.25,97018.875,98702.25,98896.5,97179.375,68146.625,100365.0,95381.25,101366.125,81433.5,97063.25,101337.125,99805.375,95841.0,100557.0,99467.25,101592.25,97063.25,98003.5,97870.125,101202.25,101705.875,101465.125,101443.125,98693.25,101353.375,88225.0,101312.0,101339.0,98799.625
94206.875,101901.125,99394.5,101821.875,97418.375,99182.875,99349.375,97626.25,68201.25,100670.375,95921.75,101694.75,81644.125,97498.125,101942.5,100441.0,96376.125,101205.25,99864.375,101894.5,97498.125,98461.0,98295.375,101573.5,101943.5,101867.5,101951.0,99151.125,101756.5,88415.5,101779.25,101834.5,99265.875
94313.875,102175.75,99395.5,101930.75,97459.125,99068.25,99381.75,97492.875,68291.625,100906.75,96011.75,101950.25,81723.625,97357.875,101978.125,100473.0,96475.375,101208.625,100021.25,102256.125,97357.875,98368.875,98378.5,101899.0,102324.625,102096.875,102018.25,99083.625,101925.625,88478.5,101873.875,101943.375,99218.75
94306.125,102047.125,99347.625,101712.625,97408.25,99048.5,99313.625,97491.375,68386.75,100736.625,95872.875,101771.375,81691.375,97363.25,101784.625,100304.5,96338.25,101025.0,99940.125,102184.625,97363.25,98353.5,98287.875,101814.0,102243.625,101930.0,101833.125,99061.25,101762.375,88430.25,101702.375,101725.25,99184.0
94291.875,101770.25,99333.5,101594.875,97420.625,99081.25,99322.5,97532.75,68317.5,100625.875,95714.75,101650.75,81704.875,97402.125,101598.375,100113.0,96191.25,100848.75,99937.125,101874.875,97402.125,98390.75,98259.5,101514.375,101940.0,101763.875,101658.375,99098.625,101608.25,88429.375,101531.5,101605.125,99208.5
94230.0,101600.0,99364.625,101631.5,97418.75,99134.0,99342.5,97592.75,68246.625,100545.375,95718.625,101564.75,81825.25,97473.0,101670.25,100149.625,96201.875,100902.125,99875.875,101675.5,97473.0,98437.875,98211.5,101305.75,101760.0,101629.75,101707.875,99147.625,101561.375,88618.125,101562.5,101639.875,99251.125
94560.625,101983.375,99766.0,102029.125,97802.75,99544.625,99765.25,97970.75,68267.625,100870.125,96160.75,101903.625,81861.875,97838.125,102127.875,100625.25,96642.875,101364.5,100305.25,101980.375,97838.125,98839.125,98645.75,101655.5,102031.125,101995.0,102099.875,99557.75,101939.375,88671.875,101938.125,102043.375,99669.75
95152.75,103044.625,100312.375,102726.0,98343.375,100051.125,100312.875,98449.5,68483.875,101709.625,96795.625,102779.0,82143.75,98320.5,102818.5,101317.0,97297.75,102051.75,100946.125,103095.375,98320.5,99339.125,99337.875,102755.75,103160.75,102937.25,102871.75,100064.25,102795.625,89172.875,102724.75,102741.375,100183.625
94806.125,102783.25,99802.0,102556.125,97870.25,99430.5,99793.375,97847.875,68345.375,101632.25,96363.0,102703.75,82124.0,97713.75,102450.5,100855.625,96856.0,101617.125,100513.125,102888.25,97713.75,98725.375,98908.75,102506.5,102998.125,102764.875,102596.75,99444.125,102597.375,89032.25,102481.375,102564.25,99591.125
94421.0,102177.125,99473.25,101999.0,97538.75,99145.375,99466.625,97560.0,68220.5,101138.5,95783.625,102196.875,81869.625,97427.125,101808.75,100208.0,96287.5,100947.0,100136.875,102249.0,97427.125,98444.25,98460.75,101864.25,102381.25,102190.0,102014.0,99166.125,102052.875,88685.75,101925.125,102001.875,99303.125
94096.125,102399.25,99145.625,101948.5,97211.25,98829.5,99126.125,97253.375,67959.0,101131.125,95877.5,102176.875,81707.5,97132.375,101946.75,100432.125,96338.25,101162.875,99803.375,102497.25,97132.375,98126.0,98259.5,102132.5,102590.75,102284.375,102106.0,98836.5,102100.625,88286.25,101991.75,101955.25,98968.875
94410.75,102315.5,99510.375,102003.0,97567.375,99237.0,99488.75,97661.5,68263.625,101041.25,95967.25,102104.5,81533.0,97543.5,102031.0,100475.875,96472.25,101234.125,100176.25,102381.0,97543.5,98524.75,98557.5,102008.625,102487.875,102230.125,102123.125,99230.0,102084.0,88156.625,101987.625,102015.5,99353.25
94725.375,102437.75,99855.625,102289.25,97900.875,99551.625,99844.75,97957.0,68391.25,101362.0,96154.5,102431.625,81578.375,97835.75,102160.25,100591.25,96657.25,101325.875,100477.75,102442.375,97835.75,98853.125,98802.625,102090.375,102547.375,102476.25,102308.125,99585.25,102311.5,88806.75,102196.75,102294.5,99699.75
94848.625,102746.875,99895.75,102441.5,97952.875,99523.25,99885.625,97914.75,68453.375,101578.25,96333.375,102649.75,81956.25,97785.875,102356.625,100797.875,96826.75,101535.0,100571.375,102797.625,97785.875,98820.375,98906.5,102427.75,102905.875,102715.0,102522.25,99549.125,102535.625,89053.625,102409.375,102445.125,99689.375
94724.75,102592.125,99743.75,102306.375,97817.25,99394.125,99742.75,97808.125,68527.0,101421.875,96208.0,102476.875,81920.375,97693.0,102246.5,100693.25,96696.375,101422.25,100400.25,102748.125,97693.0,98691.0,98760.75,102337.875,102858.25,102519.125,102381.0,99404.875,102386.875,88867.25,102269.375,102313.875,99556.625
94586.25,102367.125,99615.625,102179.5,97696.875,99339.5,99616.625,97760.125,68357.375,101266.375,96051.5,102326.0,81873.375,97642.5,102061.875,100503.625,96535.125,101233.75,100266.875,102513.875,97642.5,98638.75,98638.875,102101.875,102617.5,102353.875,102212.625,99349.0,102227.75,88676.0,102105.0,102185.625,99485.375
94169.25,102094.75,99189.375,101765.625,97254.75,98901.625,99166.75,97330.625,68091.125,100947.125,95664.25,101994.875,81598.125,97216.5,101644.25,100091.5,96143.125,100818.75,99799.25,102234.5,97216.5,98196.125,98173.0,101821.125,102348.5,102041.0,101827.0,98888.75,101860.25,88293.625,101722.875,101770.875,99019.75
94435.375,101960.375,99535.0,101809.125,97589.75,99244.625,99531.0,97661.25,68231.375,100885.5,95873.875,101927.875,81656.75,97543.875,101725.25,100226.0,96386.375,100930.375,100175.75,102089.5,97543.875,98543.625,98528.625,101672.0,102209.25,101956.75,101838.5,99265.5,101835.375,88381.375,101723.875,101818.0,99380.0
94521.125,102171.875,99576.25,101948.625,97641.625,99251.375,99554.5,97661.375,68317.5,101041.125,95982.25,102087.375,81729.125,97543.0,101861.5,100346.0,96491.625,101066.75,100235.0,102326.25,97543.0,98545.875,98583.375,101910.625,102434.625,102138.875,101972.75,99252.625,101975.625,88438.25,101857.625,101954.5,99392.375
94565.5,102280.0,99620.75,101956.75,97683.25,99313.125,99601.625,97728.25,68588.75,101122.375,95952.25,102161.25,81808.25,97613.125,101871.375,100344.0,96464.75,101071.625,100266.125,102421.5,97613.125,98599.125,98611.625,102019.125,102523.125,102207.125,102017.375,99310.5,102030.25,88481.25,101905.75,101963.75,99440.0
94671.375,102171.625,99721.125,102007.75,97795.875,99418.875,99730.5,97810.125,68743.625,101075.375,96022.125,102121.375,81915.875,97683.5,101895.125,100363.75,96554.625,101082.25,100412.0,102270.5,97683.5,98715.875,98737.5,101883.5,102374.625,102151.25,101998.875,99437.375,102002.75,88659.5,101892.375,102014.625,99562.75
94472.375,102250.375,99477.5,101952.25,97564.875,99163.125,99480.375,97573.25,68432.75,101126.0,95926.75,102160.625,81802.5,97448.5,101836.25,100287.0,96425.625,101004.75,100169.75,102364.0,97448.5,98457.125,98524.5,101969.25,102483.875,102202.5,102005.25,99159.625,102036.625,88478.375,101906.75,101957.875,99303.5
94523.625,102293.0,99580.75,101967.875,97642.375,99282.125,99565.5,97698.125,68379.0,101126.25,96051.0,102160.375,81730.875,97584.875,101886.375,100401.625,96557.625,101104.375,100241.25,102439.25,97584.875,98581.0,98590.375,102028.5,102551.875,102227.625,102007.75,99304.25,102023.0,88465.125,101904.75,101971.75,99423.625
94556.875,102332.125,99611.25,101992.75,97673.75,99293.375,99605.625,97702.0,68537.375,101144.5,96062.5,102189.375,81832.875,97588.375,101928.0,100417.625,96577.0,101137.75,100270.0,102550.5,97588.375,98589.625,98665.375,102115.75,102641.0,102215.625,102048.375,99314.125,102037.625,88551.5,101958.875,101999.875,99445.0
94395.75,102140.25,99439.375,101869.625,97510.75,99109.0,99427.125,97527.375,68323.75,101025.25,95841.0,102076.5,81826.375,97411.75,101767.125,100218.75,96345.5,100943.0,100096.375,102337.375,97411.75,98399.25,98438.375,101906.25,102454.75,102093.75,101915.75,99108.625,101917.75,88537.75,101832.75,101874.5,99248.625
94016.625,101812.625,99029.75,101515.0,97110.0,98725.75,99020.125,97155.0,68155.125,100708.375,95504.875,101743.25,81677.75,97041.375,101424.25,99898.875,95997.5,100616.625,99688.875,101967.75,97041.375,98017.25,98057.75,101543.875,102095.75,101790.75,101565.875,98718.25,101576.625,88380.0,101486.0,101518.0,98851.25
93555.5,101450.875,98545.75,101121.875,96628.5,98232.0,98521.0,96667.125,68075.375,100326.0,95081.75,101350.875,81558.75,96550.5,100978.25,99457.75,95571.25,100164.375,99182.875,101650.375,96550.5,97530.125,97572.125,101214.5,101773.375,101392.375,101150.125,98219.625,101182.375,88210.5,101071.625,101122.125,98362.375
93411.875,101101.875,98403.0,100847.5,96498.25,98070.5,98386.375,96498.875,68082.25,99992.875,94917.0,101013.0,81439.125,96379.75,100799.25,99290.5,95402.0,100014.75,99048.375,101270.375,96379.75,97380.25,97427.0,100847.125,101371.375,101080.75,100911.375,98080.5,100880.875,88082.5,100819.5,100852.125,98215.75
93645.5,101423.875,98846.375,101109.875,96878.75,98569.75,98783.5,96998.125,68046.25,100191.5,95225.625,101224.375,81371.0,96874.125,101135.375,99624.5,95705.875,100349.125,99367.375,101630.875,96874.125,97848.625,97686.75,101214.625,101734.375,101331.375,101236.625,98509.875,101138.75,88049.875,101119.25,101115.5,98661.0
95146.625,102370.625,100571.375,102675.5,98544.25,100311.125,100543.75,98667.875,68364.5,101297.0,96418.875,102380.75,81682.375,98540.375,102579.125,100902.5,96984.75,101693.75,101119.625,102140.0,98540.375,99579.75,99319.25,101893.875,102224.875,102477.0,102697.875,100322.0,102576.625,88649.25,102588.75,102679.125,100439.75
94922.25,102611.875,100192.0,102567.125,98185.125,99834.125,100145.125,98189.75,68275.625,101565.75,96291.125,102662.375,81697.125,98055.75,102384.375,100757.75,96839.375,101511.625,100840.125,102569.875,98055.75,99104.875,99168.0,102218.625,102701.5,102678.0,102536.25,99820.625,102536.5,88733.75,102452.25,102566.0,99983.625
94910.125,102097.875,100181.0,102220.25,98179.0,99865.125,100166.75,98206.0,68577.625,101210.25,96134.875,102290.875,81647.5,98073.625,102048.5,100493.125,96716.25,101212.25,100830.5,101997.0,98073.625,99149.375,99107.875,101666.25,102151.75,102246.875,102146.625,99887.75,102150.75,88509.875,102070.5,102221.5,100018.875
94541.875,101929.375,99733.125,101922.375,97760.125,99365.875,99706.125,97735.375,68355.75,100976.125,95878.875,102044.875,81578.375,97604.125,101730.875,100173.75,96422.5,100888.625,100447.125,101872.25,97604.125,98647.75,98753.0,101531.125,102005.875,102002.625,101877.0,99379.375,101890.875,88477.75,101795.375,101922.5,99528.875
94650.375,102168.5,99879.75,102046.625,97898.0,99552.625,99872.375,97925.625,68218.25,101098.125,96082.75,102160.375,81504.25,97798.75,101961.0,100436.375,96614.125,101146.875,100534.75,102150.875,97798.75,98838.25,98848.5,101799.25,102265.625,102172.375,102076.5,99574.25,102055.875,88298.5,101992.625,102049.75,99708.25
94815.375,102192.375,100012.875,102108.75,98033.0,99670.75,100017.0,98017.5,68301.25,101152.375,96091.125,102202.25,81611.5,97885.875,101976.625,100414.0,96656.875,101141.375,100662.75,102220.625,97885.875,98964.0,98948.0,101849.625,102367.25,102212.125,102085.125,99717.375,102076.125,88664.75,102004.375,102109.875,99848.125
94585.625,101978.125,99753.5,101919.5,97782.25,99385.25,99749.625,97752.375,68221.5,101016.0,95894.25,102081.25,81529.375,97618.5,101712.5,100152.75,96432.875,100863.375,100460.0,101988.0,97618.5,98668.75,98732.25,101615.625,102143.0,102040.375,101881.5,99405.25,101913.5,88631.125,101811.0,101919.375,99553.875
94310.375,102032.25,99515.125,101743.875,97537.875,99173.875,99505.875,97558.25,68266.125,100977.25,95687.375,102025.25,81448.5,97426.25,101589.625,100016.875,96207.0,100738.0,100180.125,102073.625,97426.25,98467.5,98417.75,101689.5,102221.125,102045.875,101786.25,99193.375,101850.375,88299.25,101723.0,101740.625,99334.5
94181.5,101945.125,99388.25,101627.75,97412.625,99086.0,99364.375,97468.0,67759.375,100810.625,95589.5,101842.75,81370.25,97341.0,101524.75,99995.625,96103.875,100725.625,100006.375,102067.875,97341.0,98371.625,98314.625,101673.0,102206.625,101881.375,101672.0,99086.25,101677.875,88115.5,101581.625,101629.0,99220.625
94537.625,102185.5,99777.0,101855.375,97795.625,99433.75,99761.75,97795.875,68159.5,100988.25,95948.625,102028.0,81478.125,97664.125,101818.375,100308.625,96476.375,101020.875,100414.5,102365.25,97664.125,98725.75,98654.25,101950.375,102487.625,102095.25,101913.125,99455.75,101890.5,88257.375,101823.625,101858.5,99597.875
94651.375,102050.5,99838.375,101902.875,97867.75,99492.625,99834.25,97832.875,68615.75,100984.125,95927.25,102038.0,81743.5,97697.0,101773.125,100221.25,96479.625,100946.75,100498.125,102187.625,97697.0,98785.75,98785.25,101780.625,102304.625,102052.75,101888.75,99522.875,101867.5,88632.75,101798.75,101904.75,99655.5
93771.125,101610.25,98890.875,101278.25,96923.5,98596.625,98867.625,96984.375,68156.5,100582.25,95150.0,101612.875,81474.625,96855.125,101048.75,99495.75,95659.625,100187.5,99534.5,101753.25,96855.125,97878.625,97839.75,101330.875,101887.0,101637.0,101291.75,98572.25,101362.375,88240.75,101225.125,101275.25,98718.75
93619.75,101537.25,98737.0,101076.125,96780.625,98427.0,98727.5,96807.5,67698.75,100380.625,95007.5,101401.5,81078.625,96675.125,100956.25,99420.75,95498.125,100156.25,99373.125,101733.75,96675.125,97730.5,97678.625,101284.375,101844.875,101489.0,101165.75,98437.5,101224.125,87818.25,101096.0,101074.0,98582.25
93911.0,101497.125,99098.25,101336.25,97134.75,98806.625,99087.0,97197.5,67860.625,100430.125,95346.75,101468.5,81093.25,97077.75,101306.25,99764.625,95833.5,100502.75,99707.5,101731.125,97077.75,98105.5,97982.75,101290.5,101861.25,101496.75,101423.625,98831.875,101368.5,87863.5,101326.875,101338.75,98955.0
94635.875,102145.375,99934.125,102239.875,97921.0,99721.25,99897.0,98124.375,68053.75,101083.5,96203.5,102156.75,81428.125,98012.125,102173.25,100630.625,96719.0,101371.875,100503.625,102061.0,98012.125,98974.875,98860.125,101753.25,102135.875,102215.625,102307.625,99691.5,102196.5,88391.0,102198.75,102239.875,99806.875
94858.0,102787.875,100114.25,102627.625,98118.75,99831.25,100122.25,98176.25,68023.0,101633.125,96275.5,102729.625,81500.625,98041.375,102499.5,100866.75,96779.625,101643.5,100730.625,102771.25,98041.375,99115.5,99039.25,102413.375,102876.0,102801.75,102669.75,99851.25,102631.0,88846.75,102579.625,102629.875,99986.0
94837.875,102525.875,100095.75,102360.5,98104.5,99773.125,100091.0,98123.125,68383.25,101493.5,96138.25,102570.0,81670.25,97991.375,102137.25,100521.0,96685.875,101253.375,100720.375,102552.875,97991.375,99052.5,99017.875,102166.875,102701.75,102568.875,102355.125,99794.375,102404.125,88957.5,102290.625,102361.0,99936.125
94576.75,102034.75,99788.75,101909.875,97809.0,99442.125,99775.0,97802.0,68480.25,101136.375,95894.75,102203.375,81792.875,97672.25,101690.875,100123.125,96436.0,100832.0,100447.625,102039.125,97672.25,98725.375,98761.0,101659.25,102208.5,102134.625,101911.625,99462.125,101975.75,88912.125,101849.375,101910.0,99606.875
94503.0,102120.25,99702.375,101922.125,97721.625,99350.75,99677.375,97725.875,68279.375,101079.0,95939.5,102150.5,81771.0,97593.25,101779.0,100236.0,96465.625,100947.75,100366.5,102186.0,97593.25,98632.625,98676.375,101792.625,102313.875,102142.5,101956.875,99354.75,101976.5,88691.125,101881.375,101921.625,99508.0
94709.125,102710.75,99881.875,102292.875,97909.125,99615.375,99876.0,97987.5,68393.5,101481.375,96240.625,102541.5,81803.875,97861.125,102229.75,100680.0,96728.75,101406.25,100540.375,102883.625,97861.125,98896.125,98873.375,102464.125,102976.5,102617.0,102394.625,99624.125,102405.5,88772.875,102308.875,102292.25,99749.75
94733.75,102889.625,99871.25,102377.875,97899.25,99569.25,99865.375,97945.0,68549.0,101596.875,96233.875,102647.5,81915.625,97820.0,102327.0,100756.875,96707.75,101502.25,100509.375,103184.0,97820.0,98855.5,98812.625,102701.75,103297.375,102719.875,102483.625,99573.875,102492.875,88858.5,102397.25,102378.625,99714.25
94558.0,102483.5,99655.625,102256.0,97696.5,99361.875,99641.125,97755.625,68411.5,101352.375,96048.875,102394.625,81888.5,97631.625,102168.625,100591.625,96526.25,101338.25,100286.375,102685.25,97631.625,98644.375,98614.125,102246.125,102812.375,102444.875,102280.875,99356.875,102274.875,88791.375,102195.5,102259.375,99501.5
94993.25,102287.5,100278.25,102413.0,98271.75,100006.875,100257.5,98383.625,68647.75,101247.25,96326.625,102306.875,81930.25,98265.625,102357.0,100771.5,96863.25,101521.875,100871.875,102228.625,98265.625,99276.5,99121.5,101900.625,102332.375,102314.5,102435.25,100004.5,102306.0,88901.0,102320.0,102423.0,100129.875
95031.375,102822.75,100211.875,102697.875,98232.5,99832.5,100183.375,98193.25,68506.625,101699.375,96467.625,102785.875,82125.0,98061.25,102580.0,100968.625,96994.625,101719.5,100931.875,102751.0,98061.25,99111.875,100502.0,102427.5,102849.125,102835.25,102745.125,99849.625,102729.75,89290.375,102646.125,102695.375,100001.25
94850.75,102911.875,99997.625,102629.5,98020.125,99684.625,99987.875,98047.625,68670.625,101765.625,96299.0,102851.0,81929.5,97923.375,102505.75,100903.375,96790.625,101652.25,100687.5,102961.875,97923.375,98973.25,102332.375,102574.75,103083.125,102902.625,102692.75,99697.375,102719.0,88900.0,102581.125,102627.375,99837.875
94831.375,102336.625,100007.0,102317.625,98020.5,99695.375,99981.375,98054.75,68501.125,101385.375,96124.25,102476.0,81917.75,97929.5,102137.625,100554.0,96659.875,101286.875,100673.0,102300.0,97929.5,98983.875,102333.0,101928.375,102454.875,102438.75,102286.75,99719.75,102326.75,88849.625,102181.875,102319.0,99842.375
94742.375,102525.0,99892.75,102349.25,97917.0,99585.625,99865.375,97943.0,68508.375,101455.625,96175.875,102544.25,81915.75,97809.125,102185.125,100610.125,96687.5,101341.25,100577.25,102568.125,97809.125,98861.0,102261.875,102183.625,102693.375,102571.75,102378.25,99582.25,102419.0,88865.125,102277.5,102347.375,99713.0
94736.875,102651.25,99876.25,102322.5,97905.375,99550.125,99860.375,97932.875,68676.625,101495.75,96144.5,102565.25,82020.625,97805.875,102190.25,100617.625,96651.125,101343.125,100567.5,102800.25,97805.875,98834.75,102205.25,102369.0,102928.5,102597.25,102388.625,99556.375,102425.625,88964.25,102281.75,102323.125,99696.875
94600.625,102457.875,99700.75,102192.625,97741.5,99347.875,99675.5,97725.25,68668.875,101339.25,96038.125,102410.125,82075.875,97592.875,102057.375,100479.625,96556.625,101211.375,100412.0,102591.25,97592.875,98640.75,102145.5,102162.875,102713.75,102439.625,102232.625,99358.375,102272.0,89010.0,102128.875,102193.0,99504.375
94445.375,102623.5,99508.875,102344.0,97549.75,99212.375,99492.875,97598.0,68101.625,101481.625,96175.125,102539.25,81856.375,97475.125,102273.875,100700.625,96642.375,101445.125,100182.375,102718.625,97475.125,98501.0,101931.125,102321.0,102832.375,102591.875,102432.5,99219.25,102431.125,88724.5,102323.375,102344.25,99348.5
94456.625,102929.25,99440.75,102455.125,97489.75,99176.25,99419.875,97574.375,68072.875,101603.25,96239.5,102655.0,81651.75,97453.75,102444.75,100828.875,96694.75,101606.75,100123.125,103111.375,97453.75,98456.75,101968.125,102688.625,103199.375,102769.875,102579.625,99161.25,102556.0,88435.25,102444.25,102461.0,99289.625
94842.875,102669.125,100006.125,102511.0,98023.125,99702.125,99989.25,98067.5,68683.375,101553.0,96294.25,102599.25,81804.375,97943.125,102430.0,100829.875,96802.875,101583.875,100651.875,102883.75,97943.125,98986.125,102339.5,102439.375,103002.625,102629.625,102526.125,99711.625,102495.875,88624.75,102406.875,102517.0,99842.875
94602.625,102571.375,99700.25,102352.25,97729.125,99387.0,99675.875,97771.875,68267.0,101465.5,96096.0,102523.125,81878.25,97644.375,102220.625,100617.375,96581.625,101364.125,100387.0,102623.0,97644.375,98664.5,102073.75,102241.625,102745.375,102558.0,102389.75,99371.625,102417.25,88658.875,102286.875,102351.625,99517.375
94398.375,102532.25,99572.0,102092.375,97582.375,99296.75,99549.75,97678.875,68067.0,101259.25,95949.875,102292.375,81688.375,97560.75,102048.75,100502.0,96422.75,101243.0,100169.0,102742.5,97560.75,98573.0,101796.5,102306.0,102844.125,102374.125,102142.0,99293.75,102145.25,88429.875,102023.875,102096.0,99420.25
94899.625,102676.375,100159.5,102558.25,98163.25,99925.5,100152.0,98311.25,68761.25,101477.25,96410.5,102517.625,81873.625,98195.25,102556.0,100948.875,96913.5,101722.75,100765.25,102804.625,98195.25,99201.25,102434.0,102408.875,102888.25,102605.75,102602.625,99926.0,102494.875,88647.5,102454.875,102564.875,100038.625
95172.875,103175.25,100355.125,102919.0,98374.0,99992.125,100341.375,98341.125,68779.5,101928.5,96628.625,103013.625,82024.125,98211.5,102842.375,101213.375,97128.75,101999.75,101069.375,103250.25,98211.5,99279.875,102727.5,102863.375,103355.75,103107.25,102981.625,100025.375,102945.375,88992.875,102850.25,102921.0,100155.125
94427.625,102632.25,99448.25,102308.75,97500.0,99108.75,99427.625,97501.375,68326.625,101475.25,95917.125,102550.625,81742.375,97373.75,102122.75,100511.75,96398.625,101249.625,100173.5,102772.875,97373.75,98384.625,101890.0,102341.25,102905.625,102572.0,102352.375,99091.625,102407.75,88648.5,102256.75,102310.0,99237.125
93996.0,101998.25,99060.5,101723.625,97100.375,98754.0,99049.0,97150.75,67931.625,100941.875,95408.375,101983.25,81482.25,97027.75,101550.875,99939.125,95889.25,100692.25,99734.75,102103.75,97027.75,98038.5,101392.0,101679.875,102248.625,101989.75,101765.25,98747.75,101804.25,88300.875,101663.25,101721.0,98889.0
93945.375,101814.625,99094.625,101587.0,97118.125,98797.375,99076.5,97189.5,67744.125,100706.75,95415.875,101736.5,81363.0,97067.375,101523.25,99948.75,95892.375,100696.5,99737.75,101971.375,97067.375,98083.375,101353.25,101537.375,102071.125,101794.25,101666.375,98800.625,101654.125,88139.625,101543.875,101587.875,98934.375
94711.0,102343.125,99949.0,102347.75,97950.125,99657.5,99920.375,98046.75,68045.125,101273.875,96293.5,102338.375,81553.0,97927.625,102299.875,100752.0,96799.875,101475.375,100576.625,102399.625,97927.625,98932.125,102271.25,102023.875,102495.125,102372.125,102405.75,99659.375,102315.125,88470.125,102270.75,102347.75,99784.375
95080.375,103289.875,100280.375,103045.375,98276.75,99953.0,100249.5,98314.625,67697.375,102043.0,96655.875,103139.375,81714.0,98191.5,102975.125,101335.75,97126.125,102127.5,100951.0,103378.875,98191.5,99228.25,102631.0,102990.0,103486.625,103252.125,103162.875,99951.25,103092.0,88746.375,103035.5,103047.75,100092.5
95134.25,102989.0,100415.375,102877.0,98398.25,100106.625,100413.625,98441.125,67703.5,101933.75,96573.625,103018.5,81717.125,98308.875,102714.375,101067.125,97084.625,101835.875,101043.75,102994.75,98308.875,99394.25,102699.625,102610.5,103136.75,103029.75,102882.625,100145.375,102904.625,88724.25,102775.5,102878.125,100265.0
94624.625,102385.625,99870.5,102219.125,97862.625,99537.75,99838.375,97892.25,67929.875,101388.625,95978.5,102457.625,81692.875,97758.0,102010.75,100398.375,96504.625,101146.75,100520.875,102439.625,97758.0,98821.0,102181.375,102033.75,102596.5,102445.375,102233.375,99555.25,102293.125,88613.5,102137.0,102219.625,99689.125
94531.0,101861.75,99742.25,101750.625,97744.25,99392.875,99724.125,97743.125,68471.375,100924.125,95761.125,101988.125,81620.875,97608.0,101545.75,99995.875,96306.25,100699.375,100415.5,101892.25,97608.0,98677.75,102023.125,101509.75,102047.625,101930.875,101743.0,99424.75,101794.875,88483.875,101646.25,101750.625,99563.375
94362.625,101896.75,99591.25,101717.125,97595.25,99234.25,99572.625,97584.625,68461.0,100856.625,95735.75,101923.125,81676.75,97447.0,101545.375,99997.875,96255.75,100701.625,100231.5,101982.875,97447.0,98513.375,101890.125,101580.125,102112.625,101927.375,101731.5,99254.875,101774.5,88632.625,101628.75,101716.375,99403.25
94079.0,102080.25,99236.25,101722.125,97246.75,98921.625,99216.125,97292.875,67826.0,100928.0,95607.125,101985.25,81554.75,97164.75,101579.875,100017.0,96100.75,100735.375,99917.125,102258.875,97164.75,98204.125,101592.0,101815.0,102387.625,102008.375,101776.75,98926.0,101821.625,88444.375,101674.0,101723.625,99065.5
93936.5,101784.625,99126.625,101510.25,97141.75,98834.0,99117.25,97224.375,68118.375,100654.375,95380.5,101714.375,81464.125,97100.875,101422.0,99836.375,95882.25,100572.5,99775.75,102017.5,97100.875,98118.5,101377.875,101554.75,102109.125,101733.25,101586.75,98843.125,101574.5,88331.375,101470.25,101511.125,98972.5
94478.125,102878.75,99587.75,102539.625,97605.5,99213.5,99569.875,97576.25,68188.125,101487.125,96140.0,102554.0,81661.75,97444.875,102554.625,100901.0,96595.125,101711.0,100277.375,103005.625,97444.875,98504.0,101994.5,102627.75,103051.5,102745.75,102699.5,99236.375,102550.25,88588.25,102542.375,102546.0,99385.5
94885.375,103966.75,99929.5,103444.625,97953.0,99554.375,99912.25,97925.625,67947.875,102517.375,96908.625,103635.875,81793.75,97792.375,103517.25,101820.0,97353.25,102671.125,100661.75,104072.25,97792.375,98824.25,102579.875,103693.375,104155.25,103840.75,103656.875,99540.125,103563.625,88727.75,103516.375,103449.875,99698.875
95480.75,104048.875,100658.375,103876.5,98618.875,100342.25,100631.0,98691.625,68009.5,102820.5,97255.0,103948.375,81880.125,98561.625,103811.125,102096.0,97743.625,102924.875,101385.5,104100.875,98561.625,99577.5,103281.875,103713.25,104213.25,104040.375,103897.625,100299.25,103846.75,88817.625,103764.875,103878.75,100436.625
95151.75,103446.75,100415.5,103243.875,98377.75,100061.625,100394.25,98387.0,68000.875,102267.0,96665.125,103353.375,81848.5,98251.625,103055.125,101345.875,97161.125,102132.875,101104.875,103539.25,98251.625,99327.375,102832.125,103114.75,103671.625,103402.375,103229.125,100065.0,103248.25,88715.25,103121.5,103245.125,100218.125
94881.625,102701.875,100204.375,102659.25,98168.875,99890.75,100179.625,98223.875,68220.0,101698.75,96230.875,102769.5,81863.75,98086.375,102430.75,100760.5,96759.25,101528.625,100863.375,102752.5,98086.375,99150.5,102540.875,102351.875,102902.375,102747.25,102623.75,99886.375,102644.5,88639.5,102522.75,102659.0,100032.5
95182.5,102886.375,100468.875,102807.75,98443.0,100136.125,100452.875,98449.25,68191.625,101829.375,96566.0,102923.375,81996.75,98310.0,102637.625,101030.25,97105.125,101773.125,101154.875,102840.25,98310.0,99404.0,102871.625,102477.0,102970.25,102936.75,102834.375,100146.625,102836.875,88819.125,102724.875,102805.625,100294.875
95121.25,103144.875,100393.25,102860.0,98355.625,100053.25,100357.375,98374.625,67956.125,101962.875,96558.25,103050.25,82001.75,98244.625,102729.0,101110.75,97074.125,101870.0,101058.75,103220.5,98244.625,99319.125,102744.25,102820.75,103346.375,103094.125,102897.5,100057.125,102908.375,88837.5,102788.0,102862.125,100204.75
95011.375,102976.25,100284.875,102672.375,98261.75,99988.375,100277.5,98326.0,68452.0,101770.625,96329.75,102842.0,81900.25,98195.625,102549.625,100920.5,96854.25,101696.0,100924.75,103226.25,98195.625,99257.0,101282.25,102752.375,103347.625,102863.875,102702.0,100002.0,102699.25,88657.75,102607.5,102674.625,100140.875
94940.75,102692.5,100187.125,102544.75,98179.875,99831.0,100172.625,98152.375,68578.875,101624.625,96359.625,102725.25,81889.75,98018.875,102352.875,100737.625,96905.375,101477.125,100859.375,102769.875,98018.875,99099.5,99194.75,102365.0,102905.5,102698.0,102549.0,99834.125,102571.5,88736.75,102477.5,102542.875,99987.625
94536.625,102662.75,99672.0,102298.125,97684.375,99351.875,99671.875,97694.875,68366.25,101492.25,96045.625,102565.875,81811.75,97563.375,102148.5,100544.125,96558.625,101289.625,100361.25,102836.375,97563.375,98628.25,98709.625,102397.125,102949.125,102593.375,102350.125,99355.625,102383.875,88609.875,102272.125,102298.25,99505.375
94258.375,102398.875,99447.5,102015.25,97451.25,99139.875,99438.125,97507.875,68045.75,101230.5,95778.875,102271.375,81672.75,97379.375,101908.0,100306.625,96280.25,101068.125,100069.25,102578.625,97379.375,98427.375,98409.5,102139.375,102688.875,102329.375,102077.0,99157.5,102098.25,88442.25,102001.0,102013.25,99296.25
94157.25,102150.625,99390.625,101885.75,97401.375,99048.625,99392.75,97397.625,68183.375,100952.0,95650.875,101981.125,81619.75,97267.875,101881.75,100257.75,96142.625,101049.375,100024.125,102480.25,97267.875,98347.625,98338.375,101983.375,102573.375,102067.875,101937.125,99093.625,101885.25,88378.625,101846.875,101891.125,99225.0
94271.5,102522.25,99467.375,102392.625,97484.875,99155.375,99456.625,97518.5,68207.0,101377.75,95969.375,102454.75,81540.75,97386.5,102326.375,100686.125,96437.375,101480.375,100118.125,102662.875,97386.5,98443.75,98477.0,102264.125,102734.25,102512.875,102470.375,99177.875,102375.0,88337.375,102363.625,102395.375,99307.0
94664.625,103087.125,99807.5,102722.375,97823.875,99477.875,99808.25,97839.125,68157.625,101768.25,96345.75,102857.625,81585.625,97711.875,102696.25,101074.375,96816.875,101863.25,100465.125,103249.125,97711.875,98762.75,98841.75,102837.75,103349.625,102967.0,102811.5,99499.625,102761.5,88465.125,102712.5,102727.125,99625.875
94667.125,102886.0,99813.0,102636.375,97822.875,99476.25,99803.0,97834.75,68246.0,101719.875,96242.375,102797.125,81549.125,97702.875,102551.375,100911.375,96717.25,101693.5,100475.25,103007.25,97702.875,98754.0,98812.0,102596.75,103115.625,102853.0,102692.25,99487.25,102656.75,88355.75,102603.875,102638.875,99621.625
94542.25,102500.75,99741.5,102341.75,97743.875,99421.625,99732.625,97780.875,68358.625,101377.0,95988.375,102453.375,81444.875,97650.25,102234.125,100610.0,96486.125,101376.125,100389.875,102626.0,97650.25,98699.125,98696.75,102205.125,102740.875,102484.25,102362.875,99437.75,102332.25,88284.25,102273.5,102345.0,99569.875
94092.75,102280.0,99179.625,102001.375,97201.75,98845.5,99146.625,97220.5,68063.25,101149.875,95616.125,102231.125,81338.25,97089.875,101834.125,100214.375,96102.375,100959.625,99857.625,102381.625,97089.875,98115.25,98243.75,101962.25,102510.5,102262.875,102042.25,98820.75,102060.0,88068.125,101964.625,102001.0,98970.25
94612.25,102415.0,99830.125,102333.25,97843.25,99580.625,99834.375,97958.0,68036.875,101308.125,96042.875,102390.5,81477.0,97841.75,102220.875,100598.375,96551.75,101367.375,100452.625,102452.875,97841.75,98864.125,98749.75,102069.875,102563.375,102440.75,102372.875,99610.0,102318.875,88227.625,102282.25,102335.125,99711.625
94350.125,102650.125,99415.0,102334.375,97460.75,99031.375,99402.5,97401.75,68022.125,101482.5,95910.125,102579.5,81545.0,97272.75,102179.625,100517.375,96413.375,101274.25,100110.125,102822.625,97272.75,98322.875,98528.25,102377.625,102956.75,102615.75,102383.75,99051.25,102420.625,88280.0,102297.5,102334.375,99187.875
94500.0,102423.5,99686.125,102308.875,97699.875,99395.25,99674.375,97785.625,67804.5,101331.5,95948.25,102419.25,81582.75,97666.375,102206.5,100571.75,96451.5,101347.625,100344.125,102456.625,97666.375,98669.0,98687.375,102067.75,102589.375,102456.75,102371.875,99404.25,102300.0,88262.5,102265.0,102311.5,99519.75
94373.75,102904.25,99462.125,102469.5,97481.125,99084.875,99436.0,97439.75,67820.25,101658.0,96077.5,102747.625,81492.375,97316.125,102394.25,100766.125,96547.625,101538.875,100154.375,103010.75,97316.125,98370.625,98587.375,102599.375,103127.125,102822.0,102576.5,99108.125,102560.625,88166.125,102494.125,102470.75,99245.0
94163.5,102342.5,99331.0,102061.75,97345.25,98983.375,99303.875,97345.375,67968.375,101225.375,95675.75,102305.0,81619.5,97213.625,101910.875,100288.875,96170.75,101028.625,100016.5,102479.75,97213.625,98257.375,98394.5,102043.375,102615.0,102334.625,102117.875,98973.625,102134.625,88265.5,102037.0,102062.125,99118.875
94469.75,102394.5,99705.875,102197.75,97706.75,99377.0,99694.5,97740.75,68124.25,101252.125,95947.5,102313.125,81641.125,97611.5,102050.5,100421.625,96456.25,101177.25,100361.375,102484.5,97611.5,98652.5,98673.125,102077.875,102608.875,102354.5,102215.375,99384.75,102189.125,88343.0,102131.625,102199.5,99515.125
94720.625,102652.375,99950.5,102385.75,97948.0,99622.125,99945.625,97970.25,68701.875,101434.0,96132.5,102503.5,81661.5,97838.75,102260.875,100632.25,96656.125,101396.25,100625.5,102867.5,97838.75,98907.375,98931.125,102415.875,102981.75,102545.625,102378.375,99648.75,102366.5,88588.875,102287.25,102386.25,99771.0
94695.5,102715.5,99901.125,102458.5,97907.5,99552.875,99883.0,97910.125,68821.5,101551.125,96180.375,102624.25,82102.625,97777.125,102362.625,100741.0,96691.0,101514.375,100574.125,102916.75,97777.125,98824.25,98915.0,102467.375,103030.75,102666.0,102511.375,99570.125,102479.25,89201.375,102425.75,102459.625,99703.125
94480.875,102368.0,99636.625,102181.125,97650.875,99329.25,99619.375,97690.875,68443.25,101258.0,95863.25,102329.5,81940.125,97560.0,101994.5,100377.25,96403.875,101126.375,100325.625,102537.875,97560.0,98611.75,98673.125,102084.875,102672.625,102356.25,102196.375,99346.75,102194.5,88940.375,102112.375,102180.0,99469.125
94030.25,102426.875,99129.25,102015.375,97160.25,98828.625,99108.5,97218.25,67800.875,101184.875,95682.25,102245.5,81503.375,97092.875,101953.5,100308.375,96145.375,101102.5,99795.875,102625.75,97092.875,98109.5,98195.375,102182.625,102730.625,102324.5,102109.25,98820.875,102100.125,88395.875,102021.75,102018.25,98949.25
93788.375,102667.875,98790.25,101948.75,96826.0,98478.125,98778.625,96869.125,67636.125,101250.5,95686.375,102296.0,81257.375,96749.0,101921.75,100318.25,96132.25,101085.375,99460.75,102995.125,96749.0,97772.75,98028.125,102513.0,103100.375,102423.125,102097.25,98480.375,102082.125,88011.5,102009.625,101949.375,98613.0
93756.625,102252.125,98849.625,101792.375,96881.375,98497.25,98839.125,96875.0,67531.125,100992.125,95457.0,102026.0,81231.125,96748.25,101792.5,100134.75,95931.375,100948.875,99521.375,102575.375,96748.25,97786.0,97932.375,102088.875,102685.875,102136.875,101904.875,98505.75,101877.5,88029.25,101802.875,101802.25,98648.75
93483.125,101747.5,98613.375,101551.25,96635.75,98283.375,98587.25,96669.75,67425.625,100556.375,95198.125,101588.875,81099.5,96542.625,101571.875,99925.0,95655.5,100725.25,99236.5,101964.875,96542.625,97569.75,97594.625,101533.125,102054.25,101680.375,101619.75,98284.5,101524.75,87802.0,101504.75,101558.5,98421.75
93899.125,101971.875,99042.375,101942.5,97068.5,98717.375,99023.875,97108.75,67589.375,100759.25,95572.75,101830.75,81227.625,96982.875,101927.375,100268.375,96049.25,101072.0,99669.375,102122.25,96982.875,98001.125,98065.375,101731.375,102188.125,101903.25,101950.25,98711.125,101823.875,87949.0,101836.625,101948.625,98850.0
93997.25,102288.625,99121.625,102115.25,97139.125,98791.25,99103.375,97172.0,67573.875,101093.75,95643.25,102173.75,81290.75,97049.5,102058.25,100385.75,96111.625,101185.125,99757.375,102410.625,97049.5,98067.75,98160.625,102011.0,102510.5,102220.0,102154.0,98783.25,102078.25,88069.0,102051.5,102120.125,98919.0
93887.25,102345.75,98977.375,102039.125,97003.5,98625.375,98958.375,97023.25,67417.375,101097.875,95630.375,102152.125,81242.5,96904.75,101966.0,100344.0,96094.375,101113.75,99637.875,102475.25,96904.75,97902.375,98064.0,102062.125,102590.75,102239.625,102092.125,98627.5,102050.0,88045.125,102002.5,102045.5,98769.0
93985.0,102310.125,99104.75,102005.75,97125.25,98770.75,99075.5,97160.0,67345.0,101034.5,95673.875,102099.5,81300.625,97041.625,102010.75,100376.25,96153.0,101177.75,99763.625,102568.125,97041.625,98048.75,98171.0,102125.875,102647.75,102192.625,102076.125,98766.75,101996.125,88005.875,101969.25,102012.25,98899.875
94264.875,102712.25,99407.75,102415.75,97405.5,99085.5,99373.5,97476.5,67265.5,101384.625,96062.25,102475.375,81309.125,97354.625,102439.75,100791.5,96541.0,101597.375,100064.0,102853.0,97354.625,98339.5,98523.625,102440.0,102953.75,102597.25,102503.625,99050.0,102433.375,88074.25,102405.75,102423.0,99190.625
94352.875,102670.625,99619.125,102393.375,97588.25,99352.625,99587.125,97720.375,67638.5,101354.125,96052.5,102441.75,81250.25,97597.0,102388.625,100757.375,96546.125,101555.25,100247.375,102795.125,97597.0,98610.125,98639.25,102376.125,102900.25,102547.375,102464.5,99337.0,102392.125,87999.625,102365.5,102400.875,99457.25
94242.875,102453.0,99476.25,102281.125,97466.0,99131.125,99462.25,97453.75,67767.125,101231.625,95790.25,102334.75,81219.0,97317.5,102158.0,100495.75,96281.25,101295.625,100160.25,102500.625,97317.5,98415.25,98497.375,102117.25,102628.375,102421.75,102280.5,99160.0,102242.5,87996.125,102180.625,102285.875,99291.0
94356.5,102689.5,99594.375,102463.375,97590.875,99305.5,99575.125,97668.5,67713.5,101553.75,95933.375,102649.625,81181.0,97535.75,102297.125,100628.5,96418.25,101403.125,100251.125,102699.25,97535.75,98568.125,98616.25,102311.5,102828.5,102686.375,102488.625,99289.125,102493.125,88000.75,102402.875,102462.625,99410.375
94422.75,102699.375,99581.125,102459.0,97586.5,99210.125,99554.125,97565.125,67512.625,101525.875,96063.5,102612.5,81250.75,97434.875,102336.375,100714.75,96539.875,101481.0,100262.0,102763.625,97434.875,98490.375,98628.375,102362.25,102895.25,102672.75,102497.5,99222.5,102496.25,88153.125,102414.0,102462.25,99360.125
94538.25,102922.875,99769.375,102518.875,97752.125,99378.625,99751.125,97723.0,67295.25,101581.125,96225.25,102680.125,81144.0,97585.25,102505.25,100903.375,96709.875,101675.5,100436.0,103116.5,97585.25,98647.75,98779.125,102680.875,103225.25,102791.375,102629.125,99377.875,102589.75,87893.0,102532.125,102521.5,99529.375
94673.625,102849.0,99941.375,102596.375,97920.5,99609.125,99928.125,97949.5,67730.875,101603.75,96229.25,102696.0,81404.25,97822.875,102464.625,100849.25,96727.625,101613.5,100607.125,103000.0,97822.875,98880.5,98925.25,102582.75,103125.625,102761.875,102613.875,99613.5,102586.125,88411.875,102524.625,102603.625,99751.0
94554.375,102733.875,99774.625,102463.25,97768.125,99430.0,99744.5,97795.125,67826.75,101523.75,96045.25,102619.125,81522.5,97672.25,102305.625,100647.625,96537.875,101427.25,100417.125,102817.125,97672.25,98694.125,98760.75,102415.125,102942.0,102662.125,102493.75,99419.375,102490.25,88446.375,102412.25,102461.75,99563.5
94725.75,102921.625,99902.5,102667.875,97902.0,99547.125,99885.25,97906.0,67647.375,101789.125,96223.0,102885.875,81599.0,97781.75,102513.625,100852.5,96709.125,101641.375,100563.0,102991.5,97781.75,98819.625,98911.0,102587.375,103103.375,102948.0,102704.0,99555.25,102711.75,88426.75,102619.875,102665.125,99685.25
94454.125,103203.25,99540.125,102627.75,97554.625,99163.125,99515.125,97530.75,67315.375,101841.875,96270.375,102940.25,81385.375,97407.25,102589.875,100962.125,96722.0,101742.125,100231.0,103371.25,97407.25,98446.875,98677.875,102951.375,103485.25,103072.5,102756.5,99168.75,102747.0,88204.75,102668.25,102628.75,99307.0
94151.75,102810.375,99352.5,102278.0,97345.25,98985.25,99322.75,97347.25,67706.25,101469.0,95975.875,102536.5,81213.375,97221.75,102311.5,100679.5,96456.125,101475.0,100019.5,103083.125,97221.75,98259.0,98451.875,102620.5,103186.0,102651.75,102464.5,98986.875,102420.125,88024.25,102371.5,102276.75,99131.375
94336.375,102575.125,99576.375,102518.75,97550.25,99196.875,99530.625,97544.875,67590.5,101461.875,96022.75,102556.25,81336.875,97419.25,102465.75,100794.375,96506.125,101612.0,100223.875,102715.875,97419.25,98471.125,98588.25,102309.75,102795.5,102567.75,102533.5,99188.625,102462.75,88163.375,102428.875,102524.125,99344.125
94491.875,102785.875,99733.25,102555.5,97709.5,99422.75,99714.625,97780.625,67558.0,101597.25,96101.25,102687.0,81319.625,97655.0,102453.375,100808.75,96591.25,101588.875,100384.375,102892.125,97655.0,98689.75,98729.625,102469.875,103003.625,102736.75,102596.625,99422.75,102558.125,88038.5,102505.75,102552.875,99555.375
94304.125,102448.75,99509.875,102307.625,97482.875,99157.625,99460.875,97502.875,67489.75,101351.25,95811.375,102443.375,81373.0,97373.125,102094.0,100421.625,96310.5,101194.625,100167.75,102549.5,97373.125,98433.375,98538.375,102142.375,102675.625,102462.375,102279.125,99154.375,102298.625,88088.375,102210.625,102307.75,99292.75
94021.75,102316.75,99246.375,101968.25,97226.375,98944.875,99210.125,97303.0,67417.5,101097.5,95595.75,102163.125,81213.0,97178.875,101865.875,100239.0,96081.375,101007.125,99852.875,102498.375,97178.875,98223.75,98205.875,102060.125,102627.125,102235.375,102027.375,98942.5,102039.25,87808.0,101947.5,101968.0,99070.125
94234.25,102212.625,99436.75,102073.25,97443.5,99084.75,99415.75,97436.375,67477.25,101111.25,95741.25,102186.125,81386.75,97306.375,101960.125,100332.375,96239.0,101113.125,100117.75,102466.875,97306.375,98373.0,98460.25,102017.25,102580.25,102208.5,102075.125,99122.75,102058.5,88062.0,101986.75,102074.0,99251.5
94257.125,102188.0,99431.5,102064.125,97446.125,99111.0,99408.125,97487.625,68150.0,101075.375,95719.625,102146.5,81280.375,97364.625,101953.625,100324.875,96217.25,101101.5,100134.625,102314.75,97364.625,98392.5,98462.625,101913.625,102414.125,102197.75,102076.75,99125.125,102036.875,87962.75,101985.625,102065.75,99249.875
94149.375,102205.875,99237.375,102036.25,97268.625,98812.75,99195.125,97191.375,68069.0,101119.625,95645.875,102204.75,81406.25,97054.375,101883.5,100229.125,96170.75,100998.375,99969.25,102272.625,97054.375,98098.375,98370.375,101872.375,102395.125,102237.0,102056.875,98832.5,102048.375,88216.625,101974.0,102035.625,98985.125
94067.0,102403.875,99183.25,102087.875,97207.625,98841.5,99121.5,97244.125,67989.375,101221.875,95666.5,102298.75,81399.25,97126.625,101957.0,100332.5,96141.75,101091.125,99836.625,102517.25,97126.625,98123.5,98229.25,102103.0,102625.0,102351.875,102171.625,98829.25,102148.375,88111.5,102081.25,102088.875,98971.125
93853.25,102361.75,98831.375,101940.625,96890.5,98446.5,98797.5,96835.125,67676.75,101089.875,95577.375,102167.875,81260.0,96704.875,101834.75,100220.5,96013.625,100982.125,99535.375,102580.125,96704.875,97750.375,97956.375,102132.0,102691.625,102250.25,102023.125,98479.5,102020.125,87895.375,101941.625,101939.125,98612.375
93590.75,102365.0,98525.25,101682.75,96591.25,98087.125,98489.375,96475.5,67315.125,100871.75,95488.25,101945.875,81008.25,96347.875,101701.75,100127.625,95947.875,100881.875,99253.0,102704.75,96347.875,97393.875,97787.75,102210.625,102805.75,102103.25,101858.125,98113.125,101841.75,87578.0,101771.0,101685.0,98264.625
93836.5,102552.75,98868.625,101995.5,96907.75,98469.375,98823.25,96877.25,67336.125,101077.25,95638.375,102156.25,81011.75,96752.125,102069.75,100412.75,96105.125,101242.625,99569.625,102880.375,96752.125,97750.875,98039.25,102413.625,102980.875,102293.5,102143.125,98459.625,102082.5,87603.125,102029.75,102003.625,98615.125
94342.75,102580.875,99518.25,102501.875,97513.375,99205.375,99456.5,97591.75,67528.25,101400.125,96046.0,102480.25,81203.25,97469.625,102461.125,100806.125,96513.375,101617.625,100147.75,102756.0,97469.625,98463.625,98544.875,102345.0,102849.0,102537.625,102539.75,99169.25,102441.25,87869.0,102433.0,102507.0,99312.875
94912.5,103164.5,100210.5,102960.5,98175.75,99928.5,100179.25,98282.75,67607.875,101955.875,96541.0,103051.0,81127.25,98161.625,102904.75,101269.125,97027.75,102061.75,100804.125,103188.875,98161.625,99185.5,99136.625,102826.75,103293.875,103145.5,103065.0,99924.75,102977.25,87913.25,102960.875,102962.75,100054.75
94843.25,103235.25,100102.5,102916.75,98075.625,99717.125,100055.75,98045.625,67306.125,102019.125,96422.375,103138.25,81091.0,97915.75,102777.0,101105.625,96895.625,101897.625,100756.375,103312.5,97915.75,98988.375,99052.25,102888.375,103451.75,103193.125,102949.625,99721.875,102959.625,88477.625,102872.75,102915.5,99870.375
94950.5,103107.125,100257.875,102897.0,98229.5,99898.25,100207.625,98231.25,67517.375,101954.25,96394.25,103051.75,81323.75,98094.5,102719.625,101051.375,96885.625,101817.5,100874.125,103196.5,98094.5,99165.375,99164.5,102784.125,103326.625,103077.25,102890.625,99908.875,102881.0,88676.125,102801.25,102899.5,100044.625
95186.25,103279.625,100474.25,103041.625,98438.5,100136.25,100433.125,98458.875,68138.625,102116.75,96592.625,103218.5,81842.5,98328.0,102872.375,101205.125,97110.25,101974.625,101134.5,103391.125,98328.0,99411.375,99400.25,102953.5,103513.0,103267.375,103034.875,100160.625,103064.625,89216.875,102957.875,103045.25,100283.625
95122.375,103358.0,100313.75,103057.25,98304.375,99921.25,100257.125,98276.75,68062.875,102137.625,96572.625,103240.0,81928.75,98151.125,102906.125,101222.75,97068.0,102004.375,101005.625,103515.125,98151.125,99194.125,99327.0,103057.5,103631.125,103312.375,103090.625,99932.375,103106.75,89135.125,103015.5,103055.75,100080.25
94881.75,103051.0,100079.25,102738.625,98079.0,99729.5,100049.5,98092.625,67954.0,101842.875,96280.875,102931.75,81796.875,97970.375,102543.5,100887.25,96784.5,101642.75,100739.75,103199.25,97970.375,99003.25,99057.375,102757.125,103346.375,102958.25,102750.5,99743.0,102777.75,88832.625,102677.875,102741.0,99889.25
94570.0,102455.25,99758.875,102271.0,97770.375,99439.75,99726.0,97822.5,68003.75,101403.375,95869.875,102484.75,81705.75,97702.75,102041.0,100413.125,96385.0,101156.5,100423.5,102574.625,97702.75,98716.75,98718.75,102142.75,102725.125,102468.75,102261.5,99443.75,102289.375,88479.5,102189.75,102271.25,99578.0
94501.625,102265.875,99669.25,102070.875,97693.5,99355.875,99656.625,97712.875,67941.875,101216.25,95824.375,102295.0,81802.75,97585.875,101872.25,100275.375,96336.0,101026.625,100290.75,102316.0,97585.875,98649.25,98627.0,101931.0,102453.875,102288.125,102081.0,99394.375,102112.125,88430.625,102006.875,102070.375,99516.125
93723.875,101899.25,98756.875,101465.375,96809.5,98404.375,98716.0,96812.875,67736.75,100736.75,95359.5,101768.75,81595.375,96690.5,101314.625,99769.125,95854.0,100478.625,99441.25,102143.25,96690.5,97689.875,97889.5,101672.25,102276.5,101799.25,101499.25,98382.125,101559.625,88194.625,101429.75,101463.75,98536.75
94044.125,101511.125,99172.5,101484.375,97206.75,98874.625,99122.5,97292.25,68075.75,100532.125,95603.625,101574.625,81610.125,97177.75,101404.875,99904.5,96113.375,100587.125,99840.875,101560.0,97177.75,98159.0,98245.125,101184.5,101679.0,101564.125,101517.5,98860.375,101492.625,88230.75,101427.75,101486.25,98987.75
94412.0,102084.375,99501.0,102032.625,97547.5,99133.25,99480.75,97513.125,68321.25,101046.125,95939.625,102132.125,81740.375,97389.5,101885.125,100290.875,96462.25,101051.125,100224.375,102189.375,97389.5,98428.25,98614.125,101780.375,102293.625,102125.375,102036.0,99149.25,101988.75,88414.625,101945.0,102031.375,99286.25
94053.625,101916.875,99128.5,101623.375,97176.25,98757.5,99101.0,97154.125,68106.75,100823.625,95463.75,101863.5,81616.375,97030.75,101447.375,99871.0,95965.625,100585.0,99831.75,102020.625,97030.75,98058.125,98166.75,101610.375,102171.875,101888.125,101669.0,98784.5,101692.375,88235.5,101598.875,101621.25,98920.625
93843.25,101475.75,98897.625,101284.5,96955.125,98533.875,98853.25,96929.625,68122.125,100405.5,95304.375,101429.375,81507.625,96808.375,101170.0,99643.375,95827.375,100350.375,99620.875,101582.25,96808.375,97835.25,97991.875,101183.625,101719.375,101460.125,101286.875,98540.875,101286.25,88087.75,101202.0,101285.625,98685.625
93952.5,101422.25,99024.5,101344.625,97078.25,98694.5,98990.5,97091.0,67839.5,100424.0,95418.75,101463.75,81361.0,96975.0,101178.875,99652.125,95935.5,100361.125,99704.125,101451.5,96975.0,97998.125,98070.25,101085.25,101582.75,101475.375,101319.125,98708.75,101333.375,87972.125,101246.875,101348.25,98839.375
93725.375,101957.5,98771.125,101310.125,96819.25,98391.75,98720.125,96788.375,67938.5,100545.5,95374.375,101585.75,81283.625,96662.0,101243.625,99722.5,95868.5,100436.0,99419.125,102257.0,96662.0,97691.125,97873.375,101781.75,102371.125,101709.5,101397.25,98380.875,101404.875,87831.625,101325.625,101316.125,98542.625
94237.5,102113.375,99317.875,101730.125,97371.875,98990.25,99286.25,97398.375,68934.875,100815.25,95714.375,101872.625,81604.125,97278.75,101757.625,100170.5,96227.625,100924.125,99973.0,102346.875,97278.75,98293.25,98420.75,101881.0,102467.875,101985.375,101808.5,99020.75,101776.0,88330.0,101716.875,101737.75,99141.875
94003.625,102025.25,98884.75,101854.25,96987.375,98503.75,98858.875,96928.125,68730.75,101054.875,95589.75,102119.875,81875.75,96810.125,101595.5,99960.0,96081.125,100697.375,99669.25,102068.75,96810.125,97804.125,98146.5,101685.625,102219.875,102083.375,101838.0,98498.75,101896.75,88640.375,101778.75,101853.625,98656.75
93244.125,101634.375,98079.875,101141.0,96188.375,97800.5,98049.375,96248.0,68265.25,100580.5,94891.25,101611.25,81400.375,96139.875,100911.125,99353.0,95339.25,100054.0,98728.75,101781.125,96139.875,97113.75,97248.25,101359.625,101930.625,101643.5,101219.625,97801.5,101334.25,87921.875,101166.75,101134.125,97933.25
93447.25,101566.875,98328.25,101130.375,96440.5,98064.375,98299.0,96512.0,68282.125,100449.0,95034.25,101473.5,81331.375,96407.125,100999.625,99468.5,95474.125,100187.125,98919.375,101798.0,96407.125,97384.5,97379.125,101333.0,101931.0,101505.125,101184.875,98069.125,101241.75,87865.125,101115.375,101132.125,98192.0
93404.125,101212.875,98243.875,100903.0,96369.875,97909.25,98212.875,96352.625,68235.0,100178.625,94871.25,101200.375,81313.625,96238.625,100709.125,99199.0,95353.0,99896.25,98904.5,101361.875,96238.625,97235.5,97411.75,100938.875,101506.75,101208.625,100925.625,97925.125,100973.25,87852.375,100858.875,100900.5,98058.5
93135.125,101219.0,97864.625,100786.625,96019.0,97511.875,97830.875,95986.375,68039.25,100118.25,94727.875,101135.5,81247.375,95874.375,100586.75,99052.875,95170.375,99753.375,98554.0,101471.625,95874.375,96839.125,97093.125,100997.5,101578.5,101153.0,100821.75,97527.0,100890.875,87700.875,100760.5,100784.5,97664.75
93218.75,100818.125,97989.25,100553.0,96133.25,97663.75,97964.625,96137.125,68338.75,99835.0,94545.5,100851.625,81282.75,96024.25,100342.875,98815.75,95020.125,99511.25,98621.75,100957.5,96024.25,96993.125,97102.375,100539.5,101098.375,100848.75,100563.25,97685.25,100613.625,87769.125,100499.25,100552.5,97808.375
93221.125,100904.75,97973.875,100587.0,96124.5,97625.125,97947.25,96089.625,68539.25,99834.125,94587.125,100849.0,81375.875,95975.5,100359.25,98847.625,95066.625,99533.25,98624.375,101109.0,95975.5,96955.75,97113.5,100669.875,101205.375,100867.75,100595.375,97635.875,100637.5,87866.375,100532.25,100583.5,97771.375
93494.25,101343.25,98300.5,100928.625,96440.5,98032.625,98300.125,96493.625,68567.875,100126.25,95016.0,101149.875,81462.5,96373.875,100883.5,99360.875,95454.5,100097.5,98917.375,101517.5,96373.875,97371.25,97384.0,101110.375,101642.5,101219.5,101025.75,98084.125,100968.75,88118.25,100934.375,100931.625,98178.0
93068.625,100973.625,97737.75,100642.625,95913.875,97411.375,97698.0,95906.375,68074.0,99941.25,94620.875,100952.5,81205.5,95792.375,100458.75,98938.25,95063.125,99628.25,98422.75,101168.5,95792.375,96731.875,96995.75,100721.625,101308.875,100949.0,100668.875,97414.0,100729.875,87756.625,100599.875,100641.0,97536.125
92892.375,100776.75,97687.625,100248.125,95846.25,97362.375,97683.125,95824.0,68097.875,99533.875,94474.875,100539.25,80971.625,95716.625,100272.75,98807.375,94929.0,99525.625,98393.5,101144.875,95716.625,96695.875,96855.5,100633.0,101221.125,100601.375,100370.75,97348.375,100343.875,87455.5,100281.125,100249.75,97491.75
93287.5,101343.875,98065.625,101374.25,96202.375,97742.0,98047.125,96209.625,68477.25,100159.625,94990.625,101208.875,81234.0,96102.5,101355.0,99665.75,95401.75,100514.125,98742.375,101404.625,96102.5,97066.625,97237.25,101073.625,101433.625,101309.625,101416.125,97756.625,101206.375,87821.875,101275.875,101379.625,97878.75
92965.375,101236.5,97634.375,101013.625,95799.875,97278.125,97606.625,95753.0,68220.625,100198.375,94607.125,101221.125,81253.5,95632.75,100807.75,99183.125,95043.75,99932.625,98323.625,101324.75,95632.75,96601.75,96905.25,100926.125,101454.375,101236.25,101061.625,97277.625,101073.5,87822.75,100975.375,101010.75,97418.25
92588.125,101544.125,97152.375,100925.125,95317.125,96788.25,97091.125,95304.625,67612.75,100168.75,94727.625,101173.375,80874.0,95191.875,101014.25,99434.25,95114.375,100208.0,97847.5,101832.125,95191.875,96113.375,96547.125,101389.875,101907.5,101368.125,101121.125,96769.25,101070.625,87309.25,101013.875,100930.875,96920.125
93032.375,101853.875,97918.0,101347.0,95980.25,97607.375,97828.125,96083.0,67335.625,100449.0,95101.25,101458.375,80890.5,95969.0,101377.625,99744.375,95537.125,100546.75,98501.375,102148.25,95969.0,96898.0,97200.0,101680.625,102230.25,101626.375,101453.5,97567.75,101378.0,87238.875,101342.5,101354.375,97696.125
93654.5,101928.625,98677.5,101553.625,96714.375,98389.0,98615.25,96812.625,67512.125,100537.125,95411.5,101587.875,81144.5,96696.5,101588.0,100009.5,95875.75,100773.25,99327.0,102255.5,96696.5,97672.5,97818.25,101776.375,102326.0,101717.625,101641.375,98372.625,101584.25,87491.875,101542.625,101563.75,98497.0
94198.0,102240.5,99329.625,102011.125,97359.75,99008.375,99286.875,97406.375,68277.375,100963.875,95748.875,102049.125,81342.375,97287.5,101982.5,100359.25,96239.375,101153.375,99987.25,102398.5,97287.5,98302.125,98375.625,101970.25,102507.75,102150.75,102041.375,99016.25,101969.875,87796.875,101931.875,102018.875,99145.625
93703.75,101804.25,98738.125,101610.125,96808.75,98350.75,98702.375,96737.625,67895.125,100775.5,95162.5,101814.875,81263.75,96608.75,101369.875,99731.875,95652.375,100463.125,99421.125,101892.0,96608.75,97659.75,97826.375,101465.375,102044.25,101829.75,101613.0,98365.25,101644.625,87848.875,101546.125,101611.125,98513.75
92693.625,100965.25,97652.5,100488.375,95746.125,97368.0,97629.5,95808.25,67398.125,99896.25,94249.875,100894.5,80913.375,95690.375,100314.5,98738.125,94697.75,99436.5,98271.75,101197.625,95690.375,96674.625,96705.0,100737.75,101360.375,100966.75,100549.5,97368.625,100597.25,87279.875,100473.0,100489.375,97502.5
93370.75,100653.625,98400.625,100828.5,96471.125,98113.125,98369.5,96549.0,67539.125,99680.5,94801.625,100718.625,81228.125,96434.375,100779.875,99242.75,95301.0,99973.625,99043.25,100602.25,96434.375,97413.25,97431.5,100269.0,100741.25,100737.25,100835.5,98103.625,100721.25,87685.125,100731.0,100834.75,98231.625
94157.625,101704.125,99305.0,101673.375,97331.875,99091.25,99264.5,97506.75,68193.0,100662.25,95612.625,101722.0,81402.125,97397.125,101527.0,99971.75,96135.0,100706.125,99895.5,101720.875,97397.125,98375.375,98363.625,101355.25,101837.875,101755.25,101657.875,99081.5,101602.75,88114.625,101567.5,101673.5,99184.125
94267.875,102045.625,99326.25,101818.875,97374.625,98935.875,99302.25,97309.75,68421.75,100924.0,95667.75,101981.375,81832.375,97184.5,101610.25,100048.625,96152.375,100779.75,99957.375,102253.875,97184.5,98245.625,98310.875,101820.5,102355.0,101994.0,101791.625,98974.25,101789.75,88778.875,101711.625,101818.875,99110.375
93618.125,102111.875,98500.875,101596.375,96584.25,98158.375,98449.75,96613.875,67847.125,100928.125,95287.375,101965.75,81439.0,96504.625,101376.875,99757.125,95730.0,100470.875,99137.5,102392.375,96504.625,97463.375,97689.75,101909.875,102530.125,101995.0,101633.375,98145.125,101706.0,88107.625,101565.0,101596.125,98289.25
93666.5,101623.125,98607.125,101287.75,96692.0,98317.75,98586.0,96767.625,67777.625,100594.875,95193.75,101621.5,81182.125,96661.75,101062.125,99527.75,95681.125,100215.0,99235.125,101822.0,96661.75,97636.5,97693.625,101349.625,101956.75,101623.625,101314.375,98344.25,101365.5,87672.875,101245.625,101286.875,98458.5
94132.375,101927.75,99203.125,101609.0,97244.875,98908.625,99155.5,97339.75,67657.625,100752.625,95748.25,101793.5,81377.0,97230.625,101571.375,100135.125,96224.125,100822.375,99844.125,102120.375,97230.625,98192.375,98274.0,101713.375,102201.75,101874.0,101737.125,98890.0,101708.0,87867.875,101651.75,101609.75,99015.0
94986.875,102915.625,100173.125,102507.75,98177.625,99972.375,100121.625,98397.125,68502.375,101552.5,96568.0,102627.375,81667.0,98297.375,102579.5,101037.25,97071.375,101778.375,100790.75,103064.125,98297.375,99230.625,99256.875,102670.375,103156.5,102800.125,102676.25,99933.0,102605.25,88822.75,102568.125,102512.0,100028.5
95355.0,103092.0,100537.25,102847.625,98548.75,100264.75,100514.0,98638.25,68830.625,101941.625,96651.25,103034.125,82446.625,98521.125,102736.75,101140.0,97149.125,101898.125,101178.875,103196.25,98521.125,99549.5,99457.25,102800.0,103304.25,103072.125,102853.0,100280.375,102858.0,89667.375,102772.625,102849.375,100381.25
94970.25,102734.625,100123.25,102457.75,98160.0,99770.625,100100.25,98135.75,68550.625,101612.25,96261.5,102672.25,82549.0,98006.5,102241.625,100642.0,96774.875,101377.75,100740.125,102908.625,98006.5,99061.125,99102.625,102461.375,103029.375,102692.875,102452.375,99798.0,102475.0,89566.625,102379.625,102457.5,99932.375
94400.25,102633.875,99360.875,102139.375,97429.25,98970.875,99287.25,97425.375,67921.5,101433.0,95922.0,102479.625,81947.125,97305.625,101963.5,100373.125,96375.5,101100.875,100041.875,102827.0,97305.625,98256.5,98506.375,102377.125,102956.75,102519.75,102207.125,98947.125,102276.0,88834.625,102151.125,102141.5,99090.75
94673.875,102298.125,99767.5,102039.25,97815.0,99460.875,99747.5,97874.75,68469.375,101209.875,95988.375,102245.75,81828.5,97758.125,101881.875,100323.75,96509.875,101045.875,100424.375,102497.5,97758.125,98751.875,98775.125,102059.5,102637.375,102257.125,102053.625,99474.0,102079.625,88728.0,101977.25,102038.75,99581.875
94633.125,101900.625,99774.625,101752.875,97812.25,99434.375,99735.375,97818.375,68589.25,100905.375,95879.125,101957.0,82097.625,97687.875,101528.0,99966.125,96437.25,100667.125,100412.5,101993.25,97687.875,98725.5,98769.0,101585.125,102147.625,101902.5,101740.0,99434.125,101757.125,89299.375,101663.125,101753.125,99580.625
94588.25,101798.375,99719.375,101608.625,97759.625,99361.75,99679.25,97760.875,68901.25,100771.25,95779.125,101816.875,82351.0,97634.625,101419.625,99885.75,96322.25,100590.0,100347.75,101900.375,97634.625,98665.0,98687.625,101500.375,102038.375,101809.125,101619.625,99388.5,101642.625,89409.875,101548.5,101609.625,99513.25
94179.75,101669.0,99150.125,101419.0,97231.75,98761.875,99109.375,97182.375,68521.25,100637.375,95487.375,101665.125,82084.0,97061.375,101215.375,99683.875,95994.625,100384.0,99827.625,101799.125,97061.375,98069.125,98230.875,101381.625,101928.25,101675.875,101430.0,98777.5,101468.375,88991.75,101361.125,101417.625,98919.875
93588.875,101282.125,98415.625,100994.0,96524.875,98156.0,98378.125,96614.25,68346.375,100302.0,94990.875,101336.5,81586.125,96508.75,100718.75,99170.625,95486.5,99860.25,99064.375,101402.5,96508.75,97478.375,97557.5,100988.875,101571.625,101319.25,100990.875,98160.0,101065.75,88343.375,100927.5,100991.125,98275.875
93391.75,100902.125,98282.125,100583.125,96385.75,97956.5,98254.375,96398.25,68311.625,99913.125,94616.625,100925.25,81394.75,96280.625,100288.625,98739.75,95114.75,99429.0,98890.625,101051.125,96280.625,97289.75,97276.125,100627.375,101207.5,100922.625,100564.75,98006.375,100646.25,88053.0,100507.125,100580.625,98116.375
93173.0,100795.0,97968.625,100486.5,96097.625,97621.625,97930.875,96088.0,68127.0,99813.5,94518.25,100824.375,81311.375,95970.75,100188.875,98651.0,95000.75,99339.625,98600.25,100926.125,95970.75,96941.75,97075.5,100507.75,101082.125,100819.75,100466.875,97627.5,100534.25,87901.625,100406.125,100482.5,97762.0
92812.25,100688.0,97638.75,100336.75,95768.875,97355.5,97584.625,95850.375,68277.375,99689.25,94361.5,100700.375,81149.5,95739.625,100090.875,98566.25,94806.75,99244.375,98179.625,100793.875,95739.625,96670.625,96721.375,100400.75,100941.5,100699.25,100364.375,97313.75,100441.75,87634.625,100300.875,100332.0,97434.5
93164.125,100782.375,98246.125,100355.125,96313.25,97966.0,98216.125,96398.625,68074.75,99472.75,94722.375,100475.875,81102.0,96277.125,100523.0,99105.75,95163.0,99797.75,98780.75,100989.375,96277.125,97276.375,97189.25,100579.75,101052.375,100661.375,100542.875,97970.125,100394.25,87797.375,100415.625,100369.875,98083.625
93293.875,101211.5,98152.5,100965.875,96263.75,97778.875,98112.375,96247.875,67853.625,99994.375,94918.25,101038.5,81043.75,96132.125,100926.375,99369.5,95345.25,100137.25,98817.125,101266.125,96132.125,97088.875,97298.625,100926.75,101350.5,101124.125,101033.5,97764.75,100981.875,87493.0,100930.125,100967.875,97911.375
93553.625,101788.0,98445.75,101421.25,96539.875,98015.0,98412.375,96460.0,67775.625,100547.625,95466.875,101588.625,81124.75,96352.375,101496.75,100003.875,95905.0,100729.875,99129.375,101880.125,96352.375,97332.5,97690.875,101544.75,101959.875,101730.875,101567.375,98032.625,101521.625,87671.875,101455.875,101424.375,98181.125
93954.125,102166.0,98976.125,101755.125,97014.0,98538.125,98915.375,96982.0,67711.25,100872.25,95897.375,101945.125,81134.5,96872.375,101839.5,100400.625,96360.125,101104.375,99660.25,102273.75,96872.375,97813.75,98289.125,101886.625,102380.375,102056.0,101901.75,98514.125,101869.75,87636.625,101802.5,101756.375,98686.25
94159.25,101980.125,99276.25,101781.875,97293.375,98952.375,99227.25,97363.75,67827.125,100846.125,95768.5,101916.125,81146.5,97247.875,101724.0,100199.25,96261.875,100936.375,99917.875,102143.75,97247.875,98223.5,98350.0,101715.5,102253.0,101952.25,101774.0,98925.0,101762.0,87636.875,101683.375,101785.875,99061.5
94334.25,101776.875,99523.375,101750.5,97535.25,99245.25,99476.75,97639.625,68141.25,100781.625,95694.75,101841.75,81346.75,97525.0,101616.375,100059.125,96212.5,100785.75,100115.625,101918.0,97525.0,98520.875,98448.5,101496.375,102046.5,101809.25,101713.125,99239.0,101694.25,87914.25,101627.375,101753.375,99352.625
94473.875,101782.625,99623.375,101795.875,97659.75,99333.5,99592.5,97720.75,68257.875,100846.5,95731.375,101912.5,81674.875,97605.625,101592.25,100022.125,96253.375,100757.0,100220.125,101818.875,97605.625,98633.125,98548.25,101434.125,101956.125,101859.125,101742.125,99360.375,101743.5,88769.375,101663.625,101794.5,99475.5
94190.5,101698.25,99214.375,101580.875,97285.5,98899.625,99186.0,97308.5,68570.0,100712.375,95489.25,101763.25,81587.875,97186.75,101363.75,99797.875,95990.25,100523.75,99826.375,101750.625,97186.75,98214.625,98200.875,101363.25,101867.25,101746.625,101541.25,98926.375,101564.875,88450.625,101467.75,101579.875,99047.0
93417.375,101111.5,98251.625,100909.125,96365.875,97857.375,98214.5,96293.75,68371.625,100167.5,94829.25,101208.25,81465.375,96171.0,100668.5,99126.25,95311.75,99837.625,98938.75,101192.5,96171.0,97172.0,97430.875,100797.5,101345.875,101168.75,100897.875,97867.125,100978.0,88236.875,100829.625,100907.125,98012.75
92879.375,100807.5,97621.875,100494.375,95759.625,97315.875,97579.375,95800.375,67922.25,99857.625,94424.125,100881.0,81097.5,95696.375,100190.125,98653.5,94879.375,99336.125,98255.125,100904.75,95696.375,96636.25,96808.75,100502.5,101063.5,100855.5,100498.75,97304.875,100593.75,87670.375,100438.75,100489.875,97432.0
93106.25,100871.0,97927.75,100571.875,96069.75,97659.0,97919.25,96141.75,68199.625,99799.625,94605.5,100823.875,81121.5,96042.375,100389.375,98888.625,95042.625,99586.5,98521.625,100957.0,96042.375,96995.75,96976.125,100574.875,101083.125,100862.125,100614.125,97684.25,100632.625,87682.875,100538.125,100569.125,97794.0
92980.625,100853.375,97673.5,100561.75,95827.0,97327.375,97631.5,95812.5,67964.0,99788.375,94554.125,100811.5,81210.0,95704.25,100383.875,98862.25,94980.75,99566.5,98316.125,100963.0,95704.25,96659.25,96885.125,100575.75,101106.375,100816.375,100598.0,97330.0,100624.75,87713.875,100520.875,100557.625,97463.25
92693.0,100543.5,97665.0,99948.0,95754.25,97397.25,97608.5,95887.0,68010.5,99400.75,94124.25,100405.5,81094.75,95775.625,99787.5,98337.0,94590.25,99010.5,98201.5,100778.5,95775.625,96706.5,96634.25,100333.0,100925.375,100452.625,100045.125,97375.625,100128.625,87419.5,99977.625,99943.25,97498.875
93044.625,100091.875,97964.25,100037.0,96076.375,97696.0,97950.125,96154.625,68212.875,99126.625,94286.125,100153.25,81144.125,96044.25,99938.5,98462.5,94782.25,99157.875,98538.875,100249.25,96044.25,97009.5,96952.75,99841.75,100359.0,100110.0,100008.625,97698.0,99962.375,87484.875,99908.75,100038.125,97828.5
93188.125,100799.5,98007.625,100413.625,96140.25,97680.25,97987.25,96133.5,68178.875,99609.875,94585.125,100623.5,81178.25,96019.125,100289.875,98808.875,95050.25,99507.875,98645.125,100964.25,96019.125,97010.125,97115.5,100568.75,101077.125,100700.875,100465.375,97700.5,100485.25,87562.125,100388.375,100414.625,97831.625
93074.125,101300.25,97858.0,100570.125,95979.5,97502.375,97798.625,95982.0,68306.375,99944.5,94722.125,100950.5,81272.0,95882.5,100489.5,99066.125,95148.875,99744.875,98463.75,101648.375,95882.5,96807.5,97017.875,101173.375,101748.625,101063.625,100696.875,97461.125,100738.625,87615.125,100620.875,100566.875,97608.25
93571.5,101352.375,98622.875,101073.5,96695.625,98336.625,98612.125,96769.75,68309.25,100120.625,95120.5,101135.375,81380.125,96647.625,101185.125,99613.75,95576.5,100392.875,99150.75,101526.875,96647.625,97654.25,97536.625,101120.625,101589.25,101255.375,101234.5,98366.125,101081.875,87858.5,101100.375,101078.375,98479.875
93715.0,101936.625,98573.375,101623.375,96674.5,98200.5,98546.875,96645.375,68274.125,100748.25,95454.0,101783.25,81307.75,96531.625,101520.875,99941.625,95878.0,100690.75,99204.25,102016.875,96531.625,97513.0,97710.375,101632.875,102135.625,101878.625,101669.125,98210.375,101646.375,87737.125,101570.25,101627.0,98350.625
94306.375,101938.75,99467.375,101826.375,97464.25,99302.875,99366.625,97765.375,68166.125,100830.25,95813.25,101891.375,81416.375,97658.625,101770.375,100231.0,96320.875,100972.125,99983.5,101995.0,97658.625,98545.125,98424.625,101622.5,102098.125,101945.125,101867.25,99207.625,101802.125,87985.0,101757.125,101831.5,99309.5
94561.375,101785.25,99721.625,101818.0,97755.0,99475.5,99710.625,97865.625,68233.125,100844.625,95779.25,101914.0,81835.125,97754.375,101642.375,100084.0,96294.25,100811.25,100301.625,101779.375,97754.375,98771.625,98586.0,101414.0,101914.375,101894.125,101779.125,99503.625,101757.875,89035.0,101687.625,101817.625,99604.625
94454.25,101693.0,99507.0,101616.125,97561.125,99195.25,99470.25,97596.25,68436.5,100716.75,95670.75,101762.125,82074.5,97476.375,101398.75,99875.25,96194.625,100579.875,100140.375,101723.625,97476.375,98509.125,98480.375,101352.0,101868.5,101747.125,101578.5,99231.375,101596.75,88957.25,101502.0,101615.25,99347.25
94139.375,101650.0,99109.125,101473.125,97192.625,98779.25,99074.375,97193.5,68460.375,100639.375,95503.75,101677.75,82149.625,97071.5,101264.25,99711.0,95995.375,100418.125,99726.25,101748.875,97071.5,98091.375,98139.5,101351.5,101905.625,101668.5,101461.0,98806.125,101496.375,89014.125,101391.0,101472.75,98936.125
93659.25,101355.5,98506.625,101051.625,96621.75,98163.125,98470.75,96619.375,68362.75,100318.5,95034.625,101353.0,81836.5,96510.0,100806.625,99259.25,95518.375,99958.875,99159.5,101522.25,96510.0,97481.0,97616.25,101094.5,101670.375,101346.125,101055.25,98167.875,101118.125,88493.125,100988.125,101049.125,98302.0
93295.125,101068.625,98067.625,100671.0,96202.75,97765.75,98025.125,96243.875,68246.0,100021.125,94680.375,101046.125,81561.125,96136.25,100407.5,98868.5,95163.625,99563.375,98705.125,101257.25,96136.25,97092.625,97216.625,100828.5,101401.125,101044.625,100682.5,97769.625,100780.375,88242.25,100619.75,100669.0,97892.375
93300.625,101076.0,98073.75,100659.75,96205.875,97775.375,98043.375,96242.375,68217.75,99996.875,94729.125,101015.375,81434.875,96125.375,100425.75,98927.875,95179.5,99619.5,98675.375,101249.0,96125.375,97107.625,97170.125,100826.125,101365.375,101040.875,100709.625,97793.625,100789.125,88128.625,100642.5,100652.5,97911.875
93528.5,101491.5,98190.25,101015.75,96351.0,97805.0,98166.125,96259.625,68071.125,100253.75,95062.625,101275.5,81362.5,96142.375,100901.75,99416.875,95512.75,100142.75,98879.375,101835.75,96142.375,97149.25,97391.75,101371.5,101913.125,101336.375,101101.25,97837.125,101092.75,87958.625,101010.375,101015.0,97973.75
93356.75,101396.25,98028.25,100952.625,96184.0,97604.0,97971.75,96080.125,68261.125,100232.875,94953.125,101251.75,81262.25,95964.25,100905.625,99367.0,95386.0,100123.5,98698.5,101695.0,95964.25,96940.25,97270.375,101229.625,101789.625,101336.625,101054.875,97610.5,101076.125,87835.0,100965.25,100953.625,97748.625
93327.75,101375.5,98297.0,100939.125,96385.375,98028.375,98251.0,96491.875,68253.625,100112.5,94919.125,101126.5,81220.75,96385.75,101008.25,99432.25,95377.625,100212.75,98897.125,101606.75,96385.75,97324.125,97360.75,101166.375,101708.875,101236.125,101100.125,98001.0,100997.125,87963.0,100985.875,100940.125,98111.875
93233.25,101121.375,98057.375,100878.0,96192.125,97676.25,98032.0,96133.25,68039.0,99976.5,94756.125,100992.375,81230.125,96003.5,100780.625,99229.125,95186.375,99976.75,98687.625,101302.625,96003.5,97011.75,97155.0,100887.875,101399.375,101072.125,100943.75,97699.5,100895.875,87887.125,100846.25,100882.25,97846.375
93403.0,101207.25,98281.875,100904.875,96396.25,97970.625,98281.625,96428.0,68233.5,100038.75,94907.875,101058.125,81007.125,96316.625,100865.375,99348.0,95348.375,100086.75,98878.0,101385.125,96316.625,97293.5,97326.0,100976.75,101486.125,101141.125,100974.625,97997.375,100956.25,87717.75,100880.875,100907.125,98118.625
93195.875,100936.75,97959.5,100638.375,96096.25,97612.0,97940.25,96063.5,68069.625,99743.125,94684.5,100767.75,81066.5,95950.75,100587.0,99084.375,95119.875,99810.5,98607.5,101126.375,95950.75,96940.625,97049.5,100705.125,101235.0,100838.125,100701.625,97625.625,100652.5,87772.25,100607.25,100639.5,97755.125
93250.25,101196.25,97980.375,100932.25,96120.25,97564.0,97935.625,96052.0,67867.0,100001.875,94982.0,101038.125,80956.75,95940.375,100921.125,99394.625,95426.0,100132.25,98650.0,101323.125,95940.375,96890.5,97298.375,100928.125,101436.875,101118.375,101034.375,97574.0,100930.0,87534.25,100933.5,100933.5,97714.5
93836.875,101625.875,98866.0,101411.875,96921.25,98602.125,98818.5,97075.125,68191.5,100449.0,95564.0,101498.75,81111.5,96975.125,101427.25,99967.125,96055.375,100668.875,99519.5,101740.75,96975.125,97887.875,98086.875,101361.0,101868.25,101584.5,101502.875,98587.625,101410.25,87766.5,101398.875,101414.125,98669.875
94240.875,101604.25,99340.875,101572.625,97381.375,99070.25,99313.875,97476.125,68459.5,100583.75,95592.875,101639.25,81411.0,97355.25,101451.0,99917.375,96097.875,100647.125,99949.5,101612.5,97355.25,98372.5,98282.0,101257.625,101750.5,101653.875,101533.375,99097.5,101500.125,88545.625,101442.125,101573.625,99204.125
94025.75,101305.25,99054.625,101317.625,97137.75,98746.875,99044.0,97159.875,68248.125,100408.0,95313.25,101449.875,81629.625,97035.625,101081.75,99516.25,95817.0,100237.75,99667.125,101310.75,97035.625,98064.5,98032.5,100945.375,101468.75,101398.0,101258.375,98786.5,101279.875,88480.5,101189.5,101317.0,98904.5
93815.875,101367.75,98790.5,101164.625,96864.375,98501.0,98749.75,96940.625,68069.0,100393.375,95186.5,101429.625,81320.0,96824.25,100948.625,99405.375,95669.625,100117.375,99403.5,101384.75,96824.25,97798.0,97810.0,101023.5,101544.25,101407.75,101172.25,98499.75,101222.125,88164.875,101103.125,101163.0,98615.5
93766.0,101487.625,98760.625,101220.375,96829.125,98484.875,98749.25,96917.5,68181.75,100403.875,95245.0,101435.875,81253.625,96803.5,101099.75,99559.125,95739.5,100282.375,99394.0,101631.125,96803.5,97791.75,97836.75,101229.0,101779.75,101447.625,101276.25,98508.5,101275.625,87782.625,101191.125,101219.125,98613.5
93787.125,101296.25,98770.625,101074.0,96855.25,98441.125,98753.625,96864.5,68414.625,100213.75,95057.5,101245.875,81331.625,96741.25,100983.5,99422.375,95543.375,100150.125,99411.0,101419.0,96741.25,97759.125,97765.0,101019.0,101532.5,101306.125,101132.875,98481.0,101137.375,87919.875,101046.5,101077.0,98600.0
93536.75,101023.75,98475.375,100905.25,96580.75,98154.75,98448.375,96592.5,68072.75,100024.375,94854.625,101059.375,81136.25,96476.625,100756.625,99222.125,95330.875,99940.75,99089.875,101072.125,96476.625,97479.625,97511.5,100690.75,101201.5,101072.75,100911.125,98178.0,100916.5,88012.25,100827.625,100902.5,98295.25
93391.0,100877.0,98329.0,100682.5,96437.0,98025.375,98309.875,96487.875,67953.375,99842.625,94694.25,100875.625,80914.125,96374.875,100537.75,99011.5,95152.875,99730.25,98922.375,100981.5,96374.875,97341.875,97289.75,100592.375,101116.875,100870.75,100702.125,98045.375,100709.0,87757.5,100623.125,100681.625,98156.25
93286.5,100672.625,98187.875,100548.25,96296.5,97891.375,98179.0,96325.375,67819.125,99696.625,94526.625,100723.875,80843.875,96197.125,100375.0,98840.125,95015.125,99559.0,98822.0,100834.75,96197.125,97213.125,97236.25,100431.125,100971.5,100702.875,100517.25,97927.0,100526.125,87736.375,100442.5,100546.375,98042.125
93267.625,100918.25,98147.5,100642.25,96265.625,97829.75,98101.5,96294.25,67815.125,99889.625,94633.0,100916.625,81090.0,96178.75,100483.0,98949.875,95085.5,99669.875,98743.375,101096.375,96178.75,97157.625,97182.75,100668.75,101248.0,100917.375,100656.5,97836.5,100705.5,87802.75,100584.0,100642.25,97967.5
93338.625,101004.75,98188.125,100710.5,96298.75,97923.375,98139.75,96421.375,67970.375,99930.5,94781.75,100948.0,81196.25,96324.125,100529.125,99037.625,95236.875,99733.25,98758.125,101177.75,96324.125,97233.5,97269.875,100756.0,101307.75,100948.875,100706.75,97908.0,100737.875,87801.0,100630.625,100711.5,98020.625
93071.875,100772.5,97982.25,100471.5,96080.625,97730.375,97935.125,96215.875,67903.0,99655.25,94816.0,100666.875,80996.125,96105.375,100452.75,99041.375,95283.25,99715.75,98546.75,100916.5,96105.375,97044.875,97158.75,100527.75,101021.25,100699.5,100563.125,97719.375,100550.625,87464.25,100476.5,100473.625,97832.625
93116.375,100551.875,98011.125,100415.375,96124.625,97715.125,97993.875,96181.125,67588.125,99502.125,94601.25,100526.25,80886.625,96069.75,100324.25,98842.0,95076.375,99542.0,98654.625,100702.875,96069.75,97028.625,97081.5,100312.625,100804.375,100519.75,100400.5,97719.125,100354.25,87503.125,100303.75,100417.5,97829.75
92933.5,100376.5,97803.25,100228.25,95919.125,97573.5,97791.0,96058.375,67711.5,99386.75,94396.0,100402.5,80707.875,95955.0,100138.625,98649.125,94871.375,99365.5,98432.5,100487.125,95955.0,96886.25,96934.25,100101.125,100606.625,100381.25,100244.625,97570.5,100226.875,87211.75,100160.25,100230.625,97671.0
92806.625,100176.375,97708.375,100001.0,95825.875,97382.375,97696.0,95827.125,67862.0,99195.875,94086.125,100206.0,80749.375,95699.375,99794.25,98273.625,94592.25,98985.125,98319.75,100266.125,95699.375,96711.25,96766.375,99878.25,100410.375,100207.0,99985.375,97402.375,100026.0,87160.5,99916.5,100000.375,97528.25
93026.375,100015.5,97987.375,99909.375,96106.25,97702.0,97982.125,96158.875,67942.25,99097.125,94196.25,100125.375,80896.625,96044.0,99705.0,98229.5,94690.125,98912.375,98552.0,100067.25,96044.0,97023.125,96910.125,99688.625,100201.75,100077.5,99895.25,97723.25,99921.375,87372.375,99821.875,99907.75,97835.625
93255.875,100598.375,98104.75,100291.75,96249.75,97792.125,98116.25,96237.375,67821.125,99482.875,94539.75,100493.75,81084.625,96116.5,100154.75,98695.375,95028.25,99391.875,98761.5,100745.75,96116.5,97130.625,97183.375,100356.5,100857.625,100549.0,100302.625,97830.5,100318.25,87916.0,100226.875,100292.5,97947.875
92956.125,100417.75,97750.75,100190.125,95893.375,97441.75,97710.875,95939.375,67943.625,99446.0,94343.25,100462.375,80989.875,95828.875,100002.125,98522.5,94816.375,99212.375,98344.5,100580.75,95828.875,96763.125,96839.875,100167.0,100717.625,100444.25,100196.375,97435.75,100229.875,87685.75,100124.75,100190.0,97560.75
92794.375,100335.75,97683.5,100050.0,95811.625,97390.625,97663.5,95860.125,67865.0,99326.875,94216.625,100338.375,80912.125,95743.375,99925.625,98471.0,94679.75,99166.375,98242.75,100367.375,95743.375,96726.375,96654.125,100002.0,100499.0,100382.0,100124.375,97418.5,100162.875,87408.875,100053.375,100048.875,97524.625
92546.875,100216.875,97429.125,99842.0,95573.875,97125.75,97419.125,95603.125,67688.25,99205.25,94012.125,100205.25,80788.5,95488.125,99702.75,98258.5,94465.25,98952.75,97973.5,100413.625,95488.125,96469.375,96410.375,99990.125,100549.0,100217.5,99900.625,97154.375,99957.625,87197.5,99825.875,99838.75,97269.125
92557.875,100188.125,97395.375,99769.0,95547.875,97080.625,97382.875,95557.25,67756.875,99106.375,93937.625,100117.25,80832.5,95438.625,99583.75,98149.625,94383.25,98824.875,97956.75,100426.375,95438.625,96430.25,96372.0,99990.25,100557.75,100139.125,99808.25,97128.375,99859.25,87264.75,99739.0,99763.625,97234.5
92753.25,99970.125,97741.0,99730.375,95848.75,97574.625,97722.625,96074.625,67956.75,98953.75,94023.875,99971.875,80931.125,95971.125,99621.375,98194.125,94488.625,98874.875,98205.375,100074.125,95971.125,96886.125,96561.375,99694.0,100202.25,99974.25,99751.125,97559.875,99766.375,87332.625,99668.125,99728.625,97647.0
93157.25,99940.625,98051.0,99940.75,96183.25,97737.625,98053.125,96191.25,68008.875,98972.375,94384.5,99993.75,80935.0,96080.625,99868.75,98464.0,94892.25,99122.875,98713.625,100022.25,96080.625,97073.25,97055.25,99658.5,100113.125,99997.625,99914.625,97778.125,99848.25,87665.5,99816.875,99943.375,97884.375
93189.625,100165.125,98075.25,100078.375,96213.0,97755.375,98068.75,96213.875,68049.125,99234.75,94384.75,100245.5,81181.0,96094.375,99925.875,98471.125,94863.625,99149.25,98689.625,100220.625,96094.375,97092.125,97050.25,99872.25,100342.5,100220.25,100060.0,97789.125,100074.25,88025.75,99984.75,100079.375,97909.25
93143.875,100670.5,97960.0,100164.375,96105.375,97672.875,97941.5,96145.875,68096.375,99481.375,94475.875,100476.625,81344.125,96029.625,100060.5,98605.25,94926.125,99297.0,98558.875,100853.25,96029.625,97011.25,96986.75,100440.125,100977.5,100568.125,100236.125,97702.125,100292.625,88029.875,100169.125,100164.0,97810.0
93116.25,100578.125,97941.5,100120.0,96084.625,97655.25,97929.0,96124.0,68090.375,99454.75,94458.25,100454.625,81098.0,96013.125,99989.625,98558.375,94945.875,99235.25,98561.5,100779.25,96013.125,96990.0,97018.125,100358.125,100921.5,100477.125,100197.25,97677.625,100245.875,87872.625,100128.5,100119.875,97784.875
93190.0,100513.5,98097.75,100084.875,96217.75,97805.75,98083.375,96277.0,68068.125,99416.75,94495.625,100422.5,80987.75,96173.125,100014.75,98612.375,94984.875,99277.375,98684.0,100765.0,96173.125,97133.0,97079.75,100318.375,100896.625,100416.375,100182.875,97827.0,100214.875,87747.0,100104.875,100085.25,97934.875
93182.75,100719.625,98063.375,100226.875,96196.5,97809.0,98062.125,96286.0,67978.5,99489.875,94491.25,100496.625,80994.875,96176.5,100105.0,98673.375,94949.875,99351.125,98652.875,100900.375,96176.5,97139.375,97039.375,100496.5,101036.0,100543.375,100282.25,97829.625,100321.25,87759.875,100207.125,100221.625,97933.0
93159.125,100886.625,98035.75,100374.625,96147.625,97738.625,98004.375,96203.5,68097.375,99700.75,94646.5,100704.625,81039.375,96087.75,100310.125,98887.25,95098.5,99556.0,98627.5,101076.0,96087.75,97057.5,97090.375,100652.25,101196.75,100742.75,100481.375,97745.125,100510.625,87714.875,100408.375,100376.125,97864.875
93192.625,100594.875,98103.0,100364.625,96221.5,97816.25,98082.875,96290.125,68265.875,99529.25,94613.0,100550.625,81090.125,96181.375,100307.5,98823.75,95096.75,99518.0,98715.0,100756.375,96181.375,97139.0,97139.125,100345.25,100882.75,100568.5,100402.75,97829.125,100413.125,87753.625,100322.0,100366.875,97931.375
93339.0,100385.75,98237.375,100284.75,96372.625,97950.875,98239.125,96408.125,68223.625,99405.125,94531.125,100424.0,81296.25,96290.75,100077.375,98588.875,95027.75,99271.625,98848.5,100479.875,96290.75,97286.25,97218.75,100074.25,100591.625,100396.375,100224.75,97987.375,100247.875,88239.125,100153.125,100285.375,98091.25
93298.625,100505.875,98107.125,100318.375,96256.25,97764.625,98085.125,96235.875,68316.125,99537.875,94492.125,100547.125,81664.125,96122.0,100116.375,98627.875,94980.5,99326.625,98734.5,100524.125,96122.0,97103.75,97153.75,100175.0,100643.625,100549.625,100307.375,97790.125,100339.0,88421.625,100239.25,100316.75,97911.5
93191.125,100579.75,97948.5,100319.0,96103.5,97689.75,97933.75,96185.625,68168.0,99610.5,94433.5,100621.75,81470.375,96080.5,100052.0,98553.625,94906.875,99249.0,98546.5,100646.625,96080.5,97028.125,96988.0,100268.375,100793.625,100614.875,100303.75,97702.0,100377.875,88231.125,100238.375,100316.5,97808.375
93043.125,100389.625,97869.625,100207.0,96011.875,97556.25,97855.5,96023.5,68106.0,99474.875,94263.375,100480.625,81182.25,95912.0,99911.125,98375.875,94734.125,99074.875,98448.0,100432.25,95912.0,96892.5,96853.0,100061.875,100591.375,100467.625,100157.75,97591.0,100226.125,87822.625,100097.625,100202.5,97701.625
92787.75,100266.5,97556.875,100035.375,95720.75,97235.75,97570.0,95692.25,67899.75,99313.125,94034.625,100311.375,80990.625,95570.125,99813.125,98287.5,94465.625,98990.125,98165.625,100342.125,95570.125,96582.75,96550.875,99963.0,100478.75,100327.5,100012.25,97276.25,100055.5,87482.25,99937.375,100033.5,97394.25
92656.0,100185.75,97444.5,99866.75,95605.5,97151.5,97450.625,95634.875,67773.375,99242.375,94063.5,100247.25,80888.375,95523.0,99710.875,98275.0,94514.375,98955.375,98053.125,100312.125,95523.0,96493.375,96475.75,99913.0,100432.625,100252.625,99935.875,97178.625,100004.375,87313.5,99869.375,99860.125,97295.75
92567.25,100116.125,97342.0,99752.375,95513.875,97054.875,97335.0,95553.625,67747.25,99097.625,93953.25,100106.75,80823.625,95439.0,99595.5,98164.25,94403.5,98839.375,97969.75,100255.5,95439.0,96394.875,96437.375,99831.375,100356.375,100151.5,99861.75,97087.5,99905.25,87264.625,99789.875,99746.375,97195.5
92365.125,99951.625,97051.375,99658.875,95242.625,96774.25,97041.625,95288.625,67565.5,98964.125,93870.125,99973.125,80719.125,95177.375,99499.375,98081.75,94304.25,98747.5,97663.5,100130.5,95177.375,96106.75,96201.875,99726.0,100226.375,99982.625,99692.625,96771.5,99723.125,87133.125,99619.375,99653.875,96886.875
92388.25,100117.75,97010.75,99744.75,95209.125,96736.5,97000.75,95263.25,67721.875,99091.5,93871.125,100101.0,80770.375,95161.25,99537.625,98070.25,94306.125,98756.5,97661.75,100260.875,95161.25,96083.75,96179.0,99839.25,100394.0,100124.0,99765.375,96743.25,99815.375,87178.625,99698.125,99741.5,96852.5
92616.75,100269.25,97296.125,99999.125,95475.75,97011.875,97269.25,95531.75,68204.5,99380.5,93978.0,100400.625,81006.75,95425.375,99651.25,98140.375,94454.875,98821.625,97876.125,100300.75,95425.375,96363.0,96427.0,99929.125,100452.625,100360.125,99955.75,97033.25,100050.125,87541.75,99905.75,99990.75,97145.375
92964.75,100148.5,97795.125,100031.25,95936.25,97522.0,97785.25,95993.625,68231.875,99297.5,94255.375,100314.875,81239.25,95883.0,99786.5,98350.125,94762.375,99024.5,98390.875,100131.5,95883.0,96854.75,96849.75,99816.625,100283.75,100270.5,100002.375,97541.0,100068.875,87958.375,99936.0,100026.125,97649.375
92827.625,100220.75,97590.0,99959.5,95753.625,97289.375,97567.625,95784.75,67970.375,99228.0,94088.625,100245.875,81272.5,95671.5,99683.375,98209.875,94562.875,98899.625,98189.875,100226.125,95671.5,96623.875,96633.75,99857.375,100399.625,100264.75,99940.125,97302.125,100026.875,87869.375,99883.0,99948.125,97423.375
92460.0,100157.625,97047.125,99833.375,95249.75,96756.5,97022.75,95281.0,67943.75,99204.625,93887.25,100205.125,81051.875,95167.375,99508.375,97988.25,94351.375,98673.375,97684.375,100253.0,95167.375,96096.875,96281.875,99864.375,100397.625,100204.25,99806.0,96742.875,99895.5,87535.125,99756.25,99825.0,96866.75
92447.25,100164.75,97144.375,99844.625,95317.125,96938.875,97116.875,95478.625,68235.375,99250.5,93847.25,100249.5,81105.625,95373.25,99502.625,97919.125,94323.0,98636.125,97702.75,100250.625,95373.25,96244.75,96258.75,99854.25,100410.0,100221.625,99785.125,96890.125,99903.125,87564.125,99745.875,99836.75,96999.0
92697.125,99904.5,97492.375,99647.75,95661.375,97262.25,97518.875,95739.5,68334.25,98992.25,93979.25,99987.75,81151.25,95617.0,99457.75,98023.125,94474.625,98683.875,98089.125,99985.25,95617.0,96610.75,96501.5,99589.625,100141.125,99938.125,99626.125,97320.125,99666.5,87820.375,99566.0,99646.25,97401.75
92816.75,99855.625,97578.25,99721.0,95748.125,97306.125,97580.5,95802.625,68323.125,98971.125,94027.625,99981.125,81274.625,95693.75,99475.625,98016.5,94524.25,98682.5,98182.25,99892.125,95693.75,96648.125,96623.625,99535.375,100053.5,99964.0,99691.0,97337.625,99761.0,87909.75,99623.25,99717.375,97448.125
92800.75,100125.75,97533.125,99847.375,95709.625,97244.375,97512.625,95755.625,68249.5,99215.5,94093.875,100232.125,81254.125,95644.375,99636.25,98177.5,94567.0,98859.0,98123.5,100211.25,95644.375,96583.875,96604.875,99833.875,100363.125,100219.375,99888.5,97256.5,99946.5,87937.125,99816.25,99843.0,97370.625
92948.75,100493.25,97690.625,100083.625,95861.25,97417.375,97679.75,95929.125,68247.75,99420.25,94310.625,100421.5,81211.5,95828.625,99927.375,98473.25,94763.375,99165.875,98252.75,100623.75,95828.625,96768.5,96741.75,100214.125,100772.5,100454.875,100127.25,97455.5,100175.75,87762.5,100057.625,100081.75,97567.0
93073.75,100557.375,97890.625,100148.75,96039.25,97619.125,97881.5,96119.5,68243.625,99471.25,94475.625,100465.875,81249.625,96008.125,100010.375,98595.25,94954.875,99260.75,98469.375,100777.875,96008.125,96941.625,97004.25,100339.0,100921.0,100508.5,100207.75,97626.125,100262.125,87822.25,100140.0,100148.125,97736.875
92933.75,100424.5,97821.625,100020.0,95942.125,97576.75,97778.5,96065.875,68288.25,99323.5,94346.625,100322.25,81108.375,95957.875,99923.625,98505.5,94823.75,99194.0,98345.25,100667.375,95957.875,96898.0,96820.0,100226.5,100798.0,100341.5,100068.75,97568.625,100121.75,87804.875,99990.875,100016.375,97670.75
92683.0,100143.625,97532.875,99768.875,95680.625,97263.75,97521.25,95752.875,68182.75,99101.5,94037.75,100099.625,80994.125,95635.125,99672.75,98230.125,94491.125,98919.25,98053.5,100344.75,95635.125,96604.0,96489.625,99922.25,100466.0,100123.25,99835.75,97283.875,99882.0,87563.75,99762.125,99768.125,97393.375
92545.75,99989.25,97315.625,99484.75,95491.625,97056.375,97302.125,95555.5,68321.375,98888.125,93896.625,99879.75,80953.125,95444.25,99471.25,98068.875,94357.625,98754.25,97900.25,100192.375,95444.25,96404.375,96356.75,99764.875,100305.875,99948.875,99628.5,97063.75,99651.375,87472.125,99532.0,99484.5,97174.0
92657.25,99765.0,97399.875,99545.25,95588.125,97125.125,97393.125,95637.75,68535.375,98725.75,93842.0,99728.0,81157.125,95530.25,99422.375,97956.125,94349.75,98674.375,98049.5,99916.0,95530.25,96471.625,96547.375,99505.25,100040.375,99751.125,99450.625,97155.25,99437.25,87668.25,99347.75,99550.375,97258.375
92796.375,100042.75,97476.5,99975.5,95674.0,97171.875,97471.5,95673.0,68521.25,99123.125,94189.25,100136.75,81235.75,95558.5,99813.625,98361.75,94642.25,99035.375,98147.25,100061.5,95558.5,96525.75,96667.25,99720.375,100201.5,100098.375,99952.375,97204.75,99943.375,87768.625,99864.625,99976.25,97319.375
92886.125,100383.5,97537.25,100155.625,95734.75,97217.875,97513.875,95730.25,68266.75,99425.375,94323.5,100426.875,81127.125,95622.625,99978.0,98507.75,94769.5,99198.625,98165.375,100422.625,95622.625,96566.5,96693.75,100071.625,100546.625,100433.125,100166.5,97242.125,100207.125,87643.5,100098.0,100151.0,97361.0
92836.375,100259.0,97466.125,100027.75,95668.125,97145.5,97449.625,95657.0,68042.25,99321.75,94131.5,100329.375,81198.75,95547.625,99772.75,98288.375,94596.125,98970.625,98100.25,100306.75,95547.625,96496.25,96620.75,99940.0,100424.0,100315.5,100016.875,97166.875,100094.0,87731.25,99958.625,100022.875,97289.625
92660.375,100126.875,97241.375,99893.375,95458.0,96894.0,97234.25,95407.875,67846.875,99182.25,94019.125,100186.75,81104.875,95291.5,99607.0,98160.375,94488.0,98821.625,97874.875,100238.0,95291.5,96256.875,96440.5,99853.0,100360.25,100177.375,99863.5,96927.875,99941.625,87638.125,99806.5,99889.125,97049.375
92587.625,100124.75,97109.125,99921.125,95338.625,96705.75,97097.5,95229.875,67807.625,99207.625,93980.125,100210.25,81181.5,95116.5,99590.875,98073.625,94438.75,98741.0,97763.125,100226.375,95116.5,96074.875,96351.375,99837.75,100359.75,100177.625,99874.375,96762.875,99945.125,87695.125,99823.375,99914.75,96890.0
92512.25,100252.25,96966.625,99961.625,95213.625,96545.875,96955.875,95099.75,67854.125,99292.625,93959.0,100292.25,81144.125,94994.125,99646.375,98087.375,94419.875,98786.0,97654.75,100358.5,94994.125,95915.75,96283.0,99969.625,100483.875,100295.0,99943.375,96607.5,100024.75,87617.75,99891.125,99953.125,96732.125
92495.375,100161.0,96988.125,99906.625,95231.125,96615.375,96975.125,95180.5,68026.375,99223.5,93975.25,100223.125,81084.0,95079.875,99590.125,98055.625,94443.375,98736.375,97668.125,100222.375,95079.875,95966.25,96307.375,99856.5,100360.0,100212.875,99880.25,96628.25,99958.75,87559.625,99828.75,99900.75,96756.625
92584.625,100129.375,97104.125,99896.875,95339.0,96805.5,97094.5,95359.625,68089.5,99174.5,94026.5,100174.875,81054.125,95260.25,99601.875,98098.375,94481.75,98763.625,97757.125,100158.625,95260.25,96144.625,96374.0,99812.125,100289.875,100182.875,99885.0,96791.375,99938.75,87556.0,99819.375,99890.875,96915.0
92636.25,100071.375,97167.0,99888.5,95401.25,96821.875,97152.0,95369.75,68013.5,99147.125,94013.875,100146.875,81109.875,95271.125,99603.75,98110.875,94471.5,98781.0,97812.75,100100.125,95271.125,96179.875,96402.5,99751.5,100216.25,100133.375,99864.5,96841.125,99920.875,87609.375,99802.875,99882.5,96967.25
92544.0,99933.125,97067.0,99789.125,95308.125,96694.5,97058.75,95221.125,68075.125,99032.75,93926.875,100028.625,81127.375,95119.125,99496.625,98014.125,94390.25,98684.375,97721.125,100019.5,95119.125,96054.375,96324.25,99647.875,100124.0,100009.25,99759.75,96721.625,99812.5,87600.0,99697.125,99782.25,96850.75
92567.0,99842.5,97220.75,99657.25,95419.75,96977.25,97189.25,95553.0,68032.375,98917.75,93912.375,99912.375,81116.25,95453.875,99445.875,98017.875,94365.0,98674.625,97796.125,100013.0,95453.875,96299.375,96316.125,99613.625,100141.875,99904.0,99648.125,96937.75,99690.25,87542.375,99575.625,99652.5,97049.25
92728.625,99761.375,97440.625,99781.5,95618.25,97245.25,97428.875,95763.0,68051.5,98881.0,94007.125,99891.625,81025.0,95658.25,99621.0,98151.125,94464.625,98836.5,98056.0,99744.375,95658.25,96578.25,96557.625,99406.5,99895.625,99846.25,99743.875,97241.0,99757.125,87458.625,99672.625,99779.625,97338.0
92707.375,100067.375,97537.875,99838.0,95673.75,97271.375,97515.625,95765.25,68078.75,99047.75,94089.0,100052.625,80860.0,95656.25,99683.375,98246.625,94528.5,98914.625,98069.125,100157.125,95656.25,96603.25,96492.875,99788.5,100265.5,100063.125,99854.0,97288.625,99858.875,87384.125,99775.875,99836.875,97387.375
92892.875,100254.5,97786.75,99927.25,95919.875,97555.75,97780.125,96039.75,68270.375,99254.0,94092.875,100260.625,80951.125,95928.5,99731.0,98283.25,94563.875,98958.875,98333.625,100361.75,95928.5,96886.375,96696.5,99962.75,100490.0,100262.375,99930.875,97576.75,100004.875,87701.0,99868.625,99920.375,97671.125
93248.75,100433.375,98034.125,100342.375,96188.375,97726.25,98039.0,96187.75,68209.5,99507.875,94486.0,100519.125,81474.125,96068.125,100233.125,98732.75,94974.0,99445.125,98654.125,100455.875,96068.125,97067.125,97117.75,100121.625,100586.75,100517.875,100368.125,97767.375,100340.375,88289.25,100273.5,100339.25,97881.0
93193.625,100788.125,97854.625,100564.625,96035.25,97551.0,97826.875,96055.0,68665.875,99763.875,94674.25,100773.0,81614.625,95949.625,100343.125,98874.625,95125.75,99557.5,98485.0,100849.0,95949.625,96880.375,97070.125,100501.0,100979.5,100769.375,100565.125,97534.125,100601.125,88309.875,100496.5,100560.625,97658.0
93314.0,100450.75,98321.125,100290.875,96410.375,98076.875,98271.5,96552.25,68791.5,99516.625,94462.0,100518.625,81554.75,96451.375,100047.75,98533.5,94956.0,99219.75,98757.5,100557.5,96451.375,97390.125,97118.625,100169.625,100688.5,100496.375,100261.375,98055.875,100292.0,88184.875,100190.25,100286.75,98175.75
93249.0,100394.25,98046.5,100332.25,96198.25,97752.125,98035.375,96228.25,68499.125,99405.5,94522.125,100406.125,81621.125,96113.25,100251.125,98753.875,95021.75,99463.125,98668.0,100386.5,96113.25,97078.5,97122.5,100077.25,100500.0,100402.0,100390.625,97747.5,100347.0,88241.125,100307.625,100332.375,97890.5
92960.375,100493.625,97681.875,100197.625,95847.625,97420.0,97662.25,95928.25,68363.0,99441.625,94369.125,100446.75,81547.75,95815.75,100050.875,98574.875,94823.875,99262.875,98242.25,100631.25,95815.75,96761.625,96781.0,100240.375,100742.25,100451.625,100226.5,97421.75,100253.625,88115.125,100152.25,100200.75,97537.875
92867.125,100463.0,97530.0,100058.75,95723.625,97232.625,97532.375,95756.0,68514.0,99383.75,94255.875,100376.5,81588.5,95647.25,99816.75,98332.375,94753.125,99011.625,98107.5,100609.0,95647.25,96585.375,96661.625,100190.25,100728.875,100437.125,100057.5,97261.5,100123.5,88098.5,99992.375,100054.875,97389.125
92686.5,100375.125,97330.25,99995.25,95540.75,97041.875,97330.375,95566.875,68367.75,99361.75,94264.875,100364.375,81383.625,95459.125,99837.875,98452.25,94707.375,99095.125,97911.375,100462.75,95459.125,96384.875,96563.5,100085.25,100557.375,100410.5,100122.5,97047.5,100178.75,87895.875,100048.25,99990.125,97186.0
93155.5,100374.25,97936.0,100077.625,96093.625,97627.875,97927.0,96128.625,68512.375,99312.875,94510.375,100309.25,81406.125,96024.0,99969.0,98551.75,94997.125,99210.625,98602.875,100513.875,96024.0,96943.875,97101.625,100127.875,100631.75,100351.875,100074.25,97621.25,100109.25,88039.375,100006.625,100081.5,97732.75
93132.125,100351.5,97888.375,100208.0,96068.125,97607.625,97888.625,96100.625,68531.75,99324.5,94457.125,100326.75,81533.75,95991.125,100090.875,98638.375,94921.5,99324.375,98509.625,100511.25,95991.125,96944.875,97018.0,100137.5,100630.625,100348.75,100252.875,97620.625,100200.25,88135.625,100155.375,100211.5,97732.375
93006.25,100456.125,97694.75,100263.875,95885.25,97403.25,97678.75,95909.5,68459.125,99393.75,94476.875,100393.125,81333.25,95800.375,100161.75,98698.25,94912.5,99395.375,98302.375,100588.375,95800.375,96739.25,96842.0,100209.875,100689.375,100438.125,100282.625,97395.0,100243.125,87868.375,100189.75,100266.625,97529.375
92910.375,100261.75,97516.875,100157.25,95727.5,97228.875,97509.5,95749.375,68271.625,99267.625,94354.75,100279.5,81183.25,95653.5,100044.625,98585.75,94784.625,99274.25,98146.125,100376.875,95653.5,96572.875,96715.125,100007.25,100470.125,100286.875,100164.375,97226.125,100138.25,87799.875,100077.625,100158.0,97352.5
92874.25,100228.375,97462.5,100085.0,95674.75,97125.375,97448.125,95639.25,68013.875,99244.375,94300.625,100248.75,81285.625,95534.125,99955.75,98502.25,94734.75,99179.75,98110.375,100287.5,95534.125,96477.75,96658.875,99952.125,100382.25,100270.25,100109.625,97149.125,100097.625,87922.625,100025.0,100085.0,97281.625
92907.0,100429.375,97500.875,100169.75,95704.75,97256.875,97493.25,95794.75,68010.625,99413.0,94408.75,100420.5,81221.75,95697.5,100019.625,98565.0,94860.25,99239.75,98131.0,100538.125,95697.5,96584.25,96741.625,100165.5,100642.875,100430.875,100201.75,97227.5,100222.5,87859.875,100125.75,100167.125,97357.5
93073.25,100542.875,97730.25,100277.25,95914.5,97469.125,97702.125,95993.375,68021.75,99528.25,94519.0,100525.5,81369.75,95895.625,100103.5,98654.375,94982.75,99314.5,98300.0,100700.625,95895.625,96801.875,96918.375,100307.25,100822.75,100544.5,100298.25,97454.75,100333.5,88040.0,100228.125,100275.0,97583.375
92986.5,100503.375,97630.875,100234.625,95834.375,97368.125,97622.75,95904.0,68236.5,99515.375,94464.75,100523.125,81380.75,95800.875,100056.75,98607.25,94912.625,99276.625,98196.375,100673.125,95800.875,96718.0,96823.875,100269.0,100793.125,100539.25,100267.0,97390.375,100312.375,87998.5,100197.375,100228.75,97513.5
92971.25,100477.875,97667.75,100197.625,95846.0,97467.75,97663.25,95989.625,68341.25,99533.875,94429.5,100536.5,81339.625,95894.5,100045.125,98588.625,94865.75,99268.375,98212.75,100567.125,95894.5,96802.75,96789.625,100196.375,100693.25,100531.375,100221.25,97461.25,100281.875,88034.125,100152.125,100197.25,97579.375
92947.125,100439.375,97693.125,100167.25,95872.125,97456.875,97705.0,95957.375,68346.875,99520.875,94324.375,100515.25,81282.0,95845.0,99973.5,98492.0,94760.5,99177.375,98219.625,100482.0,95845.0,96793.75,96703.25,100130.75,100606.875,100515.625,100162.875,97464.0,100240.625,87886.5,100093.875,100165.5,97572.5
92968.75,100372.875,97617.125,100142.0,95813.5,97327.375,97623.625,95831.5,68158.5,99418.75,94208.0,100415.75,81245.0,95720.25,99855.875,98335.5,94667.5,99009.5,98209.375,100446.125,95720.25,96676.0,96700.125,100064.0,100591.5,100417.25,100118.375,97357.75,100165.25,87838.875,100057.625,100137.875,97479.0
92950.125,100315.625,97544.875,100059.625,95758.25,97236.5,97546.5,95744.75,68194.875,99368.25,94190.875,100363.875,81323.0,95639.5,99736.875,98226.0,94667.625,98899.625,98155.5,100403.25,95639.5,96583.875,96678.75,100025.875,100552.25,100356.25,100018.0,97254.0,100082.75,87883.375,99962.0,100053.25,97384.25
92855.875,100362.75,97452.125,100059.875,95671.625,97133.75,97442.0,95652.25,68222.75,99420.75,94197.75,100417.625,81357.5,95545.625,99754.75,98254.0,94656.75,98913.0,98046.375,100472.25,95545.625,96481.125,96596.625,100089.875,100609.125,100428.625,100052.125,97150.0,100119.625,87900.125,99989.875,100054.875,97284.0
92797.5,100366.5,97363.75,100084.625,95587.375,97063.5,97356.875,95593.375,68059.875,99394.625,94245.875,100390.625,81219.75,95495.75,99860.0,98367.125,94692.75,99032.5,97972.875,100434.25,95495.75,96416.25,96554.25,100073.25,100570.625,100406.5,100099.625,97082.0,100136.25,87791.875,100029.0,100082.375,97205.375
92907.5,100412.875,97507.5,100182.75,95722.875,97212.375,97488.125,95733.0,68202.5,99484.375,94344.25,100481.375,81260.75,95628.625,99997.5,98509.875,94781.0,99184.25,98103.875,100463.75,95628.625,96554.0,96679.25,100114.25,100587.75,100474.375,100194.75,97212.75,100234.0,87804.875,100122.75,100182.75,97341.25
92947.5,100446.875,97546.25,100215.375,95767.0,97223.625,97544.875,95730.75,68286.0,99506.5,94335.625,100500.75,81163.0,95622.5,99975.75,98480.0,94776.25,99138.875,98137.125,100481.75,95622.5,96586.125,96701.5,100130.875,100613.875,100504.0,100220.125,97256.0,100243.75,87705.625,100150.5,100212.25,97388.0
92857.0,100346.125,97423.5,100117.875,95652.5,97066.25,97424.875,95572.875,68166.5,99398.5,94188.25,100392.875,81285.125,95463.0,99819.0,98290.75,94642.75,98968.125,98031.25,100411.5,95463.0,96434.0,96576.625,100042.125,100546.0,100400.125,100095.75,97116.75,100142.125,87836.0,100034.75,100114.25,97245.5
92744.375,100282.25,97279.0,100026.375,95509.625,96930.875,97264.0,95435.625,68063.25,99334.875,94127.5,100322.5,81261.875,95326.75,99765.375,98251.875,94577.5,98918.125,97910.25,100352.5,95326.75,96293.125,96497.5,99991.5,100484.25,100326.125,100036.5,96962.5,100059.125,87784.0,99968.25,100024.125,97091.375
92790.125,100233.0,97363.125,99996.0,95590.125,97058.0,97353.375,95589.75,68181.875,99291.625,94122.375,100282.0,81275.625,95489.75,99728.25,98230.375,94573.375,98896.625,97955.875,100276.125,95489.75,96410.5,96531.125,99915.5,100411.375,100272.5,99983.25,97076.375,100012.25,87786.75,99916.5,99992.25,97203.125
92794.125,100095.625,97385.25,99927.875,95603.5,97104.625,97372.625,95636.875,68268.125,99172.5,94194.375,100171.5,81299.25,95539.5,99696.5,98255.5,94625.5,98905.875,97982.125,100132.875,95539.5,96461.375,96522.375,99782.25,100270.5,100164.5,99928.75,97120.625,99947.75,87901.125,99855.0,99925.625,97239.25
92737.875,100329.375,97276.125,99989.75,95514.125,96960.375,97267.125,95480.5,68281.375,99266.625,94350.125,100260.5,81293.0,95376.375,99862.875,98450.625,94825.875,99114.0,97906.625,100434.75,95376.375,96326.875,96582.375,100075.25,100543.875,100317.5,100034.375,96994.625,100073.25,87849.125,99955.0,99989.0,97114.375
92697.0,100439.875,97188.875,100004.375,95432.75,96836.0,97179.5,95361.625,68130.125,99355.125,94266.5,100355.25,81211.25,95262.125,99841.125,98416.875,94700.5,99093.5,97845.625,100639.5,95262.125,96200.25,96456.875,100221.0,100748.25,100386.5,100067.5,96868.625,100144.375,87785.0,100003.75,99999.25,96995.125
92680.25,100205.875,97191.5,99908.875,95434.875,96866.875,97182.75,95419.75,68164.0,99217.375,94126.375,100207.625,81198.375,95316.0,99680.875,98209.875,94577.25,98874.125,97815.5,100376.75,95316.0,96215.875,96424.125,99955.25,100492.625,100212.625,99914.75,96882.125,99973.375,87718.125,99845.75,99905.0,97006.75
92773.125,100161.625,97348.625,99959.875,95576.875,97084.625,97330.125,95631.375,68326.125,99244.125,94204.25,100236.0,81256.25,95538.125,99749.125,98286.375,94653.5,98949.375,97955.375,100195.125,95538.125,96426.5,96561.125,99845.5,100330.0,100231.875,99971.875,97076.875,99991.625,87791.75,99899.125,99956.875,97195.25
92785.5,100417.75,97333.375,100097.875,95572.25,97015.25,97327.25,95526.75,68194.625,99420.375,94296.375,100411.0,81277.375,95418.0,99912.0,98463.375,94733.5,99142.625,97948.125,100565.25,95418.0,96382.0,96548.125,100167.875,100660.25,100434.75,100112.625,97050.375,100150.0,87848.875,100035.75,100096.125,97177.0
92683.625,100229.5,97203.125,100013.625,95443.0,96809.25,97201.25,95300.375,68116.625,99296.5,94028.625,100288.0,81172.25,95178.25,99688.25,98150.875,94481.0,98819.75,97829.875,100372.25,95178.25,96198.125,96363.625,99958.625,100499.0,100277.5,99973.0,96891.125,100020.125,87697.625,99913.125,100007.625,97018.0
92765.5,100186.375,97353.125,100010.625,95574.375,97002.5,97320.75,95533.0,68193.5,99248.5,94164.5,100244.75,81337.75,95427.5,99731.875,98256.875,94617.375,98922.875,97953.75,100235.0,95427.5,96359.5,96531.125,99881.75,100372.5,100237.0,100023.0,97027.25,100044.75,87832.5,99955.375,100006.75,97162.375
93021.125,100694.25,97560.0,100374.25,95787.625,97201.625,97531.25,95721.375,68348.125,99501.5,94621.875,100491.25,81440.375,95617.625,100366.875,98888.875,95048.5,99613.875,98205.625,100850.0,95617.625,96564.125,96787.625,100491.125,100913.875,100607.25,100507.5,97227.375,100407.75,87939.375,100403.875,100376.75,97355.875
92978.0,100769.5,97528.75,100384.375,95758.0,97188.75,97502.0,95710.25,68301.75,99576.0,94563.875,100553.625,81505.625,95600.625,100326.25,98846.125,94977.25,99553.5,98150.375,100942.0,95600.625,96557.875,96756.125,100553.75,101041.0,100669.5,100467.75,97212.125,100419.125,88015.75,100382.375,100386.75,97340.375
92986.125,100707.875,97559.5,100392.0,95776.625,97278.25,97536.5,95829.5,68293.625,99599.625,94573.75,100592.125,81312.875,95733.5,100311.0,98829.625,94998.625,99538.25,98176.0,100872.125,95733.5,96622.0,96759.5,100484.125,100964.875,100651.875,100451.125,97268.875,100429.25,87881.25,100362.375,100392.625,97390.0
93089.875,100760.125,97716.625,100430.75,95927.25,97400.625,97712.5,95900.625,68144.375,99636.625,94536.25,100637.5,81236.25,95796.875,100280.625,98795.25,94961.75,99482.625,98325.625,100909.5,95796.875,96756.625,96858.375,100533.5,101014.25,100681.25,100476.875,97423.25,100471.75,87847.0,100395.25,100425.25,97556.25
92895.75,100979.75,97408.875,100401.25,95636.875,97031.375,97392.625,95560.625,68112.875,99737.0,94515.0,100731.75,81388.125,95460.5,100426.875,98915.25,94932.625,99652.0,98086.125,101162.0,95460.5,96395.0,96669.125,100773.25,101271.625,100867.25,100537.375,97065.125,100539.625,87960.75,100449.0,100404.5,97205.25
92814.125,100821.0,97440.125,100489.125,95629.625,97217.75,97408.375,95776.75,68190.875,99668.25,94480.75,100655.75,81347.5,95686.5,100479.125,98962.25,94886.0,99704.125,97999.375,101062.25,95686.5,96527.375,96606.625,100628.375,101187.25,100717.625,100521.5,97148.5,100484.75,87868.125,100414.75,100494.625,97276.5
93148.25,100970.625,98153.25,100895.875,96263.375,97979.875,98118.0,96480.25,68275.5,99856.625,94910.25,100853.25,81478.25,96377.375,100861.75,99357.5,95315.0,100089.375,98549.25,101016.625,96377.375,97288.5,96978.25,100671.5,101113.0,100938.875,100959.5,97940.75,100867.75,88003.0,100856.125,100902.125,98059.125
93679.125,101101.375,98738.625,101073.25,96818.875,98488.375,98713.25,96936.375,68324.0,100044.5,95191.0,101048.625,81407.875,96824.375,101037.125,99525.375,95649.375,100249.0,99251.75,101118.25,96824.375,97805.25,97628.875,100785.625,101209.125,101092.5,101107.25,98496.875,101006.625,87984.75,100999.125,101077.625,98607.125
93880.875,101231.875,98900.0,101083.125,96976.0,98530.625,98850.375,96983.0,68259.375,100124.375,95325.625,101141.5,81400.75,96870.5,101000.25,99515.25,95824.0,100214.0,99491.5,101268.0,96870.5,97852.875,97941.5,100931.0,101374.75,101209.5,101108.25,98549.125,101056.0,88292.75,101012.75,101085.75,98684.125
93981.25,101291.625,98939.125,101141.5,97031.625,98594.75,98907.625,97044.25,68307.875,100192.0,95459.125,101221.25,81650.25,96928.875,101075.0,99625.875,95945.625,100309.0,99605.0,101394.125,96928.875,97913.5,98015.625,101034.625,101484.125,101281.375,101193.0,98619.125,101141.5,88644.375,101097.0,101143.25,98751.5
93793.375,101069.625,98720.0,100870.0,96825.5,98399.5,98693.625,96853.0,68282.5,99942.5,95199.5,100960.25,81419.125,96740.375,100841.0,99419.25,95676.25,100104.125,99341.5,101172.875,96740.375,97714.75,97739.875,100832.75,101241.625,101030.625,100931.25,98406.625,100868.625,88313.375,100832.375,100874.75,98542.25
93756.75,100698.375,98749.375,100674.0,96833.625,98483.25,98713.25,96956.0,68339.75,99683.625,95057.5,100702.5,81276.375,96856.125,100651.625,99224.375,95554.75,99899.625,99349.0,100736.25,96856.125,97780.625,97729.625,100418.0,100807.625,100745.5,100699.5,98472.375,100623.125,88188.625,100599.75,100681.625,98589.0
93735.0,100487.375,98697.0,100529.875,96808.5,98434.375,98684.0,96897.25,68516.0,99512.125,94900.0,100521.375,81721.875,96788.875,100455.625,98995.75,95411.125,99687.875,99271.75,100530.75,96788.875,97752.25,97652.875,100211.5,100591.5,100551.875,100535.375,98445.25,100466.375,88619.0,100443.75,100534.5,98566.75
93635.75,100579.5,98529.375,100525.25,96658.25,98253.875,98499.75,96722.5,68586.0,99631.25,94881.375,100637.25,81919.0,96616.375,100391.625,98944.625,95377.75,99619.125,99081.625,100574.375,96616.375,97580.0,97526.125,100256.125,100670.5,100647.375,100516.375,98269.375,100487.5,88657.25,100433.25,100526.5,98385.75
93766.875,101142.5,98609.25,100884.25,96753.25,98337.75,98579.0,96820.375,68744.375,100110.5,95172.0,101110.5,81981.375,96711.5,100766.625,99298.875,95630.0,99980.875,99159.375,101208.625,96711.5,97669.0,97647.0,100833.25,101368.75,101138.5,100933.625,98355.5,100959.625,88715.625,100856.875,100881.375,98472.5
93921.375,101557.375,98827.625,101173.625,96939.0,98534.5,98757.375,97046.625,68804.5,100445.5,95495.5,101448.5,82056.875,96942.5,101093.125,99659.5,95953.0,100331.375,99323.625,101657.25,96942.5,97851.25,97900.0,101301.75,101759.75,101502.75,101271.375,98506.75,101290.125,88773.125,101195.5,101172.75,98639.25
94184.125,101589.5,99231.375,101243.625,97318.125,99009.75,99188.125,97498.875,68959.125,100470.375,95571.0,101481.875,82020.0,97381.0,101190.625,99726.75,96078.75,100421.375,99712.875,101731.125,97381.0,98302.875,98181.25,101353.5,101829.125,101538.25,101320.875,98963.875,101317.875,88711.375,101237.25,101241.5,99093.375
94197.625,101443.25,99197.25,101121.875,97291.0,98934.5,99201.875,97368.5,69005.5,100300.625,95429.25,101309.625,82013.75,97240.0,101060.5,99602.25,95933.375,100293.625,99768.625,101629.75,97240.0,98252.875,98122.5,101226.0,101740.5,101358.5,101179.875,98958.625,101152.625,88778.875,101086.75,101124.125,99082.625
93910.75,101249.125,98853.25,100943.875,96967.0,98569.5,98844.25,97014.375,68862.125,100135.75,95136.875,101139.25,81906.25,96894.0,100849.875,99374.25,95605.125,100070.125,99403.625,101404.5,96894.0,97893.125,97806.125,101013.625,101511.625,101190.375,100985.375,98582.125,100976.25,88698.75,100897.875,100944.375,98712.375
93627.625,101096.875,98532.0,100807.25,96656.5,98250.25,98499.25,96729.375,68611.5,100002.125,95054.375,101010.0,81681.75,96615.75,100742.0,99303.75,95492.625,99979.75,99053.25,101248.0,96615.75,97570.75,97523.0,100858.875,101347.25,101043.0,100884.0,98250.375,100861.0,88380.875,100797.75,100807.125,98376.75
93483.75,101033.25,98275.75,100775.875,96424.25,97991.75,98252.5,96474.875,68357.25,99922.125,95070.375,100925.5,81553.125,96365.25,100705.125,99267.25,95521.25,99947.875,98851.0,101167.25,96365.25,97327.75,97391.5,100798.125,101255.25,100992.25,100830.875,98014.25,100795.875,88289.5,100736.625,100777.75,98134.25
93484.25,101113.25,98179.0,100909.25,96359.875,97831.0,98157.125,96340.0,68320.25,99994.125,95248.0,101008.625,81542.0,96229.75,100874.875,99467.5,95721.375,100136.125,98843.5,101192.625,96229.75,97165.875,97588.625,100842.875,101272.5,101075.125,100969.0,97824.125,100900.625,88173.5,100871.75,100913.875,97963.875
93423.0,100699.5,98183.75,100803.5,96315.75,97890.625,98116.5,96435.375,68442.5,99792.125,95061.5,100815.75,81408.75,96328.75,100742.75,99305.25,95527.625,100002.625,98774.0,100571.25,96328.75,97190.875,97446.25,100326.0,100597.625,100843.875,100828.625,97845.75,100723.125,88016.875,100722.125,100807.625,97965.125
93250.625,100429.375,98197.625,100523.125,96304.875,97926.5,98172.75,96393.25,68094.0,99524.125,94661.875,100557.125,81207.25,96276.25,100390.75,98915.625,95117.625,99621.75,98707.625,100236.375,96276.25,97247.375,97167.125,100013.5,100402.25,100533.5,100506.5,97920.875,100456.5,87968.75,100419.875,100524.125,98055.25
93103.0,100576.25,97946.25,100382.25,96062.625,97655.375,97891.75,96161.0,67940.875,99530.5,94611.75,100540.25,81056.0,96050.25,100251.0,98781.75,95078.0,99461.25,98473.625,100657.25,96050.25,96969.875,97004.875,100291.375,100773.125,100576.375,100428.625,97635.0,100410.125,87699.5,100341.125,100381.625,97766.375
93189.125,100644.375,98062.625,100393.375,96182.75,97840.75,98014.375,96343.5,68135.625,99562.25,94696.875,100570.25,81334.5,96228.0,100286.125,98842.5,95174.125,99517.5,98552.875,100770.875,96228.0,97158.0,97135.75,100399.75,100869.5,100615.375,100449.25,97821.875,100437.375,87910.375,100363.875,100393.625,97940.125
93136.625,100754.125,98071.625,100493.25,96188.875,97813.625,98021.0,96317.5,68194.0,99662.625,94803.5,100667.0,81428.25,96185.625,100431.625,99004.5,95267.875,99682.125,98514.875,100798.125,96185.625,97135.75,97105.5,100479.5,100882.5,100728.0,100565.625,97793.75,100525.125,87976.625,100476.0,100493.5,97919.5
93264.75,101194.5,98106.625,100705.5,96219.0,97856.25,98034.75,96376.5,68340.625,99945.125,95095.0,100959.625,81400.0,96285.5,100705.625,99283.25,95550.875,99959.625,98596.25,101290.375,96285.5,97167.0,97272.875,100947.875,101376.0,101087.5,100835.625,97806.125,100807.5,87999.5,100744.875,100709.5,97934.125
93664.125,101561.25,98603.625,101135.625,96698.0,98422.125,98587.0,96888.375,68386.875,100299.375,95464.0,101320.75,81591.625,96801.625,101199.375,99765.5,95927.375,100450.125,99209.25,101685.0,96801.625,97727.375,97821.5,101315.5,101776.875,101457.25,101273.875,98408.25,101198.375,88297.875,101168.25,101142.125,98512.875
93832.875,101396.5,98732.75,101263.5,96822.625,98401.0,98694.25,96846.75,68355.875,100305.5,95293.0,101322.875,81568.375,96748.875,101182.0,99638.375,95785.0,100362.125,99395.5,101558.5,96748.875,97716.75,97856.375,101145.625,101670.75,101337.75,101278.5,98402.25,101231.25,88246.125,101190.375,101268.25,98543.0
94043.5,101242.25,99032.375,101241.5,97117.875,98767.75,98998.25,97218.125,68309.625,100248.75,95382.5,101282.625,81536.25,97135.0,101056.625,99561.75,95887.375,100248.25,99652.125,101314.125,97135.0,98062.125,98038.25,100942.5,101416.375,101267.0,101211.875,98732.875,101180.0,88321.875,101125.0,101243.625,98858.5
94203.625,101688.25,99168.5,101420.125,97238.375,98843.625,99126.0,97290.625,68354.75,100480.75,95633.625,101503.0,81589.0,97195.25,101374.125,99940.0,96119.125,100631.375,99801.375,101845.25,97195.25,98128.75,98222.5,101464.875,101941.875,101603.0,101473.625,98815.875,101399.0,88546.25,101374.0,101422.0,98960.125
94110.125,101604.125,99095.375,101342.0,97169.75,98764.125,99064.5,97204.75,68480.25,100422.25,95477.5,101442.0,81564.375,97112.75,101317.875,99808.5,95978.25,100523.5,99730.125,101753.875,97112.75,98056.0,98113.625,101351.75,101861.75,101519.0,101392.875,98755.75,101321.875,88334.5,101290.5,101348.125,98888.75
94026.25,101437.625,98995.875,101258.375,97087.875,98683.75,98988.5,97095.5,68417.625,100355.5,95342.875,101375.375,81643.75,96992.125,101135.625,99625.75,95832.75,100331.625,99635.25,101606.75,96992.125,98000.0,98009.125,101190.875,101718.875,101377.75,101280.25,98705.375,101276.25,88408.875,101192.875,101260.125,98831.875
93751.0,101426.625,98742.0,101070.125,96821.75,98472.125,98693.0,96914.25,68175.125,100222.625,95215.875,101237.5,81509.75,96819.625,100976.25,99502.875,95681.625,100190.875,99305.625,101617.625,96819.625,97769.5,97756.0,101197.5,101740.75,101287.5,101117.125,98455.375,101113.5,88156.5,101029.25,101072.75,98583.625
93875.25,101234.375,98914.25,100985.0,96992.375,98681.0,98914.125,97123.0,68486.125,100080.75,95329.0,101087.0,81430.125,97032.5,100979.875,99546.125,95824.625,100224.375,99487.375,101449.375,97032.5,97992.625,97908.125,101036.0,101555.375,101154.0,101041.25,98697.5,100972.5,88092.5,100938.625,100991.125,98798.625
93862.0,101226.875,98825.5,101023.625,96920.0,98491.5,98814.75,96911.875,68364.25,100088.375,95206.875,101101.0,81505.625,96809.0,100888.375,99378.25,95716.625,100087.875,99462.75,101395.875,96809.0,97813.875,97885.625,100986.5,101525.375,101145.25,101022.375,98537.0,100999.375,88436.0,100941.125,101025.0,98658.875
93603.25,101238.25,98522.625,100883.5,96638.5,98181.5,98488.75,96636.375,68386.75,100083.0,95044.5,101083.0,81581.25,96546.25,100736.625,99241.125,95525.25,99936.625,99171.875,101425.375,96546.25,97501.5,97599.75,100998.625,101536.25,101135.125,100920.625,98191.625,100922.0,88321.25,100841.75,100882.625,98334.125
93357.125,101136.375,98176.375,100728.75,96299.125,97879.625,98132.375,96358.125,68360.875,100018.25,94913.375,101023.25,81558.875,96272.5,100552.0,99083.625,95375.375,99754.5,98787.375,101362.875,96272.5,97198.625,97320.0,100919.125,101476.5,101044.0,100777.0,97865.0,100823.25,88256.875,100708.125,100725.375,98004.125
93213.875,100981.0,97874.5,100600.0,96052.75,97641.5,97814.625,96141.25,68379.125,99941.125,94679.875,100941.5,81427.375,96063.625,100330.25,98820.125,95185.5,99502.875,98449.0,101177.625,96063.625,96959.875,97070.0,100748.625,101303.875,100934.875,100600.375,97630.625,100663.875,88104.5,100540.875,100594.0,97743.5
93232.625,100862.5,97855.875,100640.0,96053.375,97581.625,97799.25,96080.375,68336.5,99906.875,94724.875,100909.0,81532.25,96005.75,100345.75,98812.375,95224.125,99511.125,98421.375,100962.25,96005.75,96900.5,97071.875,100575.0,101120.375,100896.625,100608.125,97561.875,100665.875,88163.5,100553.375,100635.125,97689.875
93426.0,101020.25,98311.375,100832.25,96413.625,98065.125,98182.75,96556.5,68442.375,99983.75,94935.375,100985.25,81763.25,96478.0,100688.625,99138.25,95369.5,99863.375,98681.375,101068.625,96478.0,97363.0,97269.375,100728.125,101181.625,101029.625,100907.5,97988.625,100852.125,88404.125,100823.125,100831.375,98122.625
93790.875,102212.125,98911.625,101790.125,96995.5,98644.875,98844.125,97069.125,68473.875,100785.125,95661.625,101802.75,81767.375,96977.625,101887.375,100263.625,96047.25,101086.375,99393.625,102353.125,96977.625,97949.25,97795.25,102001.625,102427.375,102013.5,101944.0,98634.875,101762.25,88436.375,101795.375,101798.5,98771.75
93735.875,102264.125,98831.25,101990.0,96895.625,98546.875,98731.0,96987.75,68477.625,101010.75,95751.875,102030.125,81671.125,96901.625,102025.875,100420.875,96138.875,101216.125,99276.75,102466.125,96901.625,97839.125,97758.875,102068.375,102557.375,102138.75,102073.75,98519.5,101954.125,88320.625,101946.125,101999.375,98666.5
94345.5,102278.75,99507.0,102214.5,97546.875,99227.375,99441.25,97624.75,68396.375,101121.75,96076.375,102170.25,81667.875,97529.5,102200.25,100612.375,96576.375,101386.0,99997.75,102408.0,97529.5,98515.75,98504.5,102030.5,102501.375,102229.625,102241.75,99228.625,102114.5,88339.75,102113.125,102222.875,99356.5
94408.875,102346.5,99454.75,102148.875,97510.0,99112.5,99382.75,97506.5,68288.25,101183.25,95954.625,102243.5,81577.75,97413.375,102035.375,100455.625,96464.75,101209.625,100036.5,102441.375,97413.375,98404.875,98530.125,102049.625,102551.75,102306.75,102174.25,99123.125,102125.75,88314.375,102074.375,102154.125,99263.125
94458.25,102118.5,99561.625,101989.25,97611.625,99252.5,99486.125,97658.375,68482.0,101010.875,95867.375,102058.5,81564.125,97569.75,101896.625,100324.25,96394.875,101074.5,100118.5,102233.25,97569.75,98539.625,98552.875,101858.5,102366.25,102078.625,102005.375,99245.5,101954.125,88263.875,101903.25,101993.5,99381.75
95154.0,102477.125,100336.75,102596.875,98365.375,100059.0,100257.5,98461.375,68700.75,101448.875,96524.375,102528.375,82056.875,98372.125,102499.625,100925.875,97079.625,101664.0,100854.875,102413.625,98372.125,99327.0,99235.125,102097.25,102528.75,102532.5,102605.375,100036.625,102513.75,89340.875,102493.125,102599.5,100170.25
94733.5,102570.375,99864.375,102392.75,97919.25,99532.375,99792.625,97922.25,68540.625,101469.875,96202.75,102532.5,82080.5,97823.125,102263.875,100687.625,96700.875,101426.25,100408.5,102588.5,97823.125,98824.0,98843.5,102229.75,102706.875,102595.5,102429.25,99544.875,102394.0,89168.375,102334.375,102394.625,99688.625
94332.75,102438.125,99416.375,102008.125,97472.875,99108.75,99322.5,97551.0,68303.5,101223.0,95897.5,102272.25,81724.0,97472.375,101918.625,100364.0,96362.5,101093.5,99924.0,102566.25,97472.375,98396.0,98415.375,102165.625,102685.75,102336.75,102099.125,99100.5,102107.375,88727.125,102016.125,102009.0,99229.125
94344.0,102305.5,99410.875,101872.125,97479.125,99163.25,99357.875,97589.875,68139.0,101075.625,95837.25,102109.625,81532.0,97506.75,101805.75,100294.625,96287.5,101003.5,99897.75,102541.125,97506.75,98456.375,98332.875,102106.875,102653.625,102172.75,101973.375,99172.125,101966.75,88381.125,101883.125,101873.0,99285.75
94388.0,102013.625,99533.25,101706.875,97595.25,99261.0,99479.75,97677.375,68323.5,100833.125,95757.875,101867.125,81553.625,97589.625,101650.0,100150.875,96236.375,100853.75,100016.25,102206.75,97589.625,98553.0,98391.75,101800.375,102312.0,101912.0,101767.75,99271.875,101728.5,88322.75,101671.125,101708.5,99395.75
94401.875,101811.25,99518.5,101599.125,97590.25,99212.625,99470.125,97618.25,68284.5,100670.375,95716.25,101704.125,81599.25,97528.5,101516.25,100030.25,96238.5,100738.875,100031.75,101954.75,97528.5,98515.5,98418.75,101559.0,102065.875,101753.0,101623.375,99235.625,101579.0,88667.125,101522.75,101599.5,99367.0
94487.0,101819.375,99586.75,101584.5,97658.0,99284.875,99521.375,97697.75,68627.875,100660.375,95736.875,101696.125,81742.5,97608.75,101495.25,100007.0,96283.75,100719.875,100116.375,101938.25,97608.75,98586.25,98538.375,101554.75,102048.25,101753.25,101611.25,99304.5,101572.5,88868.375,101516.0,101586.0,99432.875
94675.375,102005.125,99734.125,101744.125,97812.5,99430.625,99670.875,97846.125,68867.875,100826.25,95975.0,101853.5,82161.75,97758.875,101690.25,100224.5,96509.125,100916.75,100287.25,102127.625,97758.875,98733.0,98722.125,101753.375,102216.375,101938.375,101812.0,99455.625,101748.5,89238.0,101705.0,101747.5,99576.125
94667.75,102497.0,99680.875,102175.5,97767.25,99366.0,99616.625,97771.0,68790.875,101274.875,96227.375,102328.5,82264.875,97679.25,102179.5,100666.625,96713.375,101397.25,100232.875,102633.375,97679.25,98672.25,98720.625,102259.25,102723.125,102422.25,102317.0,99394.75,102223.875,89188.625,102198.25,102178.375,99514.125
94556.625,102560.125,99481.125,102176.875,97590.875,99124.375,99417.75,97527.125,68424.5,101348.25,96091.875,102393.625,82107.875,97428.875,102088.125,100542.875,96556.0,101268.0,100076.125,102674.625,97428.875,98430.625,98563.125,102287.625,102784.5,102480.875,102260.5,99161.0,102244.875,89001.5,102171.75,102176.75,99293.625
94182.75,102478.375,98998.875,101910.5,97136.875,98624.625,98938.625,97056.625,68144.5,101225.75,95853.25,102255.625,81886.5,96973.125,101835.875,100308.375,96306.875,101020.125,99620.875,102688.0,96973.125,97935.875,98215.875,102255.875,102814.875,102327.875,102037.25,98653.125,102077.5,88765.0,101966.75,101910.625,98793.125
94107.625,102149.375,98973.125,101733.625,97084.375,98671.375,98884.25,97107.375,68551.75,100992.75,95676.375,102014.125,81862.5,97025.375,101606.875,100081.0,96152.375,100794.5,99541.375,102394.5,97025.375,97975.875,98109.0,101943.0,102522.25,102054.125,101796.25,98680.625,101822.875,88713.125,101720.375,101732.25,98808.375
94424.875,102021.0,99421.0,101866.0,97516.25,99100.375,99346.0,97518.375,68753.375,100929.625,95846.5,101946.125,82058.0,97430.75,101726.625,100216.5,96350.25,100918.125,99968.5,102121.375,97430.75,98410.0,98435.875,101741.375,102236.25,101965.75,101870.75,99124.375,101865.75,88902.625,101782.25,101868.125,99252.75
94522.875,102110.625,99514.25,101855.625,97616.875,99188.375,99455.5,97594.75,68811.75,100962.25,95986.125,101983.875,82132.125,97500.375,101772.5,100292.625,96477.125,100986.75,100077.125,102218.625,97500.375,98504.25,98532.75,101842.5,102324.5,102047.375,101895.625,99219.625,101859.25,88968.0,101802.0,101857.0,99350.125
94363.375,102268.0,99340.375,101782.875,97458.375,98997.75,99285.625,97407.375,68625.625,101004.0,95939.875,102043.125,81987.0,97309.0,101738.25,100261.0,96431.25,100965.25,99942.75,102401.375,97309.0,98302.875,98478.125,102004.0,102517.125,102151.75,101901.625,99013.125,101900.625,88804.125,101811.375,101780.625,99147.25
94289.125,102366.75,99280.5,101831.25,97384.0,98906.75,99217.875,97323.375,68622.0,101116.125,96037.75,102150.375,81829.125,97229.0,101823.75,100362.625,96554.75,101045.625,99911.875,102530.625,97229.0,98209.375,98530.5,102118.125,102657.75,102198.125,101948.625,98903.125,101965.625,88646.25,101874.25,101835.375,99051.625
93861.5,102201.125,99034.75,101665.0,97112.0,98708.125,98964.625,97130.5,68497.125,100948.0,95710.75,101963.625,81735.5,97032.5,101615.75,100121.5,96212.125,100827.75,99620.125,102487.125,97032.5,98008.875,98116.75,102023.125,102610.0,102024.125,101774.25,98705.375,101778.75,88503.5,101691.625,101665.25,98853.75
94121.25,102041.875,99222.25,101706.875,97292.875,98904.125,99144.875,97317.875,68547.0,100844.75,95690.625,101874.875,81734.75,97228.375,101714.625,100189.125,96186.5,100918.875,99771.125,102250.0,97228.375,98206.0,98204.125,101831.5,102361.375,101989.25,101838.125,98924.75,101780.5,88560.5,101732.5,101709.75,99048.5
94421.75,102322.5,99415.0,102112.25,97496.625,99047.875,99352.375,97447.375,68555.25,101113.625,96076.25,102167.375,81720.625,97352.25,102081.625,100562.875,96583.0,101299.5,99997.625,102533.25,97352.25,98347.625,98525.0,102116.375,102627.75,102227.625,102140.25,99064.625,102079.625,88481.875,102032.125,102117.5,99204.0
94404.0,102456.0,99385.375,102044.375,97474.375,99000.5,99320.625,97407.75,68486.125,101164.375,96014.375,102216.25,81739.375,97314.25,102011.875,100481.125,96506.375,101221.125,99958.625,102655.5,97314.25,98292.0,98481.375,102244.875,102756.125,102324.125,102131.5,99007.0,102101.5,88483.625,102030.75,102048.125,99154.625
94418.0,102303.75,99473.75,101965.125,97541.0,99152.375,99391.75,97570.125,68779.125,101058.0,95940.125,102101.875,81726.5,97477.5,101942.125,100425.625,96435.375,101166.75,99999.375,102476.125,97477.5,98435.0,98454.375,102062.75,102575.25,102194.625,102013.5,99139.375,101975.25,88504.875,101918.125,101969.375,99276.25
94400.875,102098.125,99590.75,101905.25,97662.75,99279.625,99530.5,97683.75,68987.0,100925.5,95900.75,101974.0,81814.125,97590.5,101833.875,100331.375,96412.0,101050.125,100176.875,102250.25,97590.5,98577.75,98589.0,101853.875,102355.0,102037.5,101925.0,99309.125,101861.75,88647.5,101817.0,101907.625,99430.25
94550.875,102150.5,99630.25,101938.75,97704.5,99328.0,99560.0,97734.625,68921.125,100970.25,95976.5,102017.875,81971.625,97642.25,101878.375,100366.875,96486.625,101084.375,100160.625,102286.0,97642.25,98631.125,98626.375,101895.125,102384.375,102108.5,101986.875,99357.5,101930.875,88865.0,101879.625,101940.25,99468.25
94138.0,102145.0,99069.875,101693.75,97160.625,98716.75,99033.625,97146.5,68492.5,100869.5,95723.25,101917.25,81820.25,97052.5,101623.25,100108.0,96188.125,100822.5,99722.875,102313.375,97052.5,98016.875,98201.0,101912.625,102409.25,102017.875,101780.875,98734.375,101777.375,88597.5,101691.875,101693.375,98877.0
93886.125,101780.75,98800.375,101397.625,96894.0,98484.625,98751.0,96936.125,68302.125,100603.125,95448.25,101639.375,81546.125,96843.625,101320.875,99817.25,95910.125,100522.125,99421.0,102010.75,96843.625,97787.375,97909.75,101575.625,102122.25,101693.5,101477.0,98481.375,101487.625,88285.75,101392.875,101398.125,98620.25
94213.0,102103.375,99218.0,101749.0,97287.875,98931.875,99167.0,97384.625,68493.625,100870.625,95787.625,101911.125,81680.75,97298.75,101741.0,100211.75,96245.75,100961.375,99827.0,102264.0,97298.75,98224.875,98262.0,101872.875,102353.25,102019.875,101856.0,98920.25,101785.0,88468.25,101749.75,101750.875,99047.375
94554.875,102656.5,99645.5,102219.5,97684.75,99374.625,99603.625,97775.5,68818.0,101364.625,96168.125,102424.75,81954.125,97679.75,102208.125,100644.125,96651.25,101401.0,100248.125,102788.625,97679.75,98659.25,98678.375,102392.5,102891.625,102541.375,102321.0,99370.375,102263.25,88722.25,102220.625,102224.125,99500.0
94352.5,102515.625,99400.625,102076.25,97455.75,99088.375,99354.875,97489.25,68836.25,101287.75,95919.875,102346.125,81985.75,97390.375,101972.875,100408.125,96381.375,101149.625,99990.5,102685.0,97390.375,98381.875,98426.0,102265.625,102809.75,102411.875,102142.625,99083.5,102162.25,88799.125,102061.375,102078.25,99225.75
94074.875,102007.875,99091.75,101686.75,97156.0,98771.125,99045.5,97194.625,68517.875,100935.875,95544.25,101975.25,81863.625,97104.5,101503.0,99952.25,96025.25,100665.5,99676.375,102200.125,97104.5,98068.875,98117.375,101754.75,102346.875,101991.25,101716.875,98761.875,101759.125,88650.5,101641.375,101685.75,98907.5
94027.25,102046.875,98990.125,101697.125,97066.0,98709.75,98951.125,97157.75,68506.0,100912.875,95639.5,101946.875,81696.125,97076.875,101602.375,100074.0,96088.625,100802.625,99559.375,102179.625,97076.875,98005.125,98043.375,101776.5,102284.75,102000.875,101786.125,98703.875,101786.625,88460.125,101697.625,101696.125,98835.5
93996.0,102028.875,98947.875,101610.0,97028.625,98620.5,98918.375,97038.375,68563.5,100839.75,95632.125,101870.25,81778.25,96943.125,101499.625,99997.625,96113.5,100705.375,99597.5,102265.125,96943.125,97915.875,98163.375,101828.375,102378.625,101927.375,101667.625,98603.75,101692.375,88559.625,101586.375,101610.75,98755.75
93844.25,101817.25,98836.625,101447.75,96913.75,98535.375,98798.625,96972.875,68415.75,100693.25,95486.125,101727.125,81776.375,96880.25,101312.5,99809.875,95956.125,100509.625,99415.125,101995.625,96880.25,97834.875,97902.125,101579.5,102115.375,101761.375,101499.75,98526.125,101534.5,88545.625,101421.75,101447.375,98662.25
93626.5,101769.75,98586.125,101211.25,96660.625,98289.25,98541.25,96731.5,68177.0,100566.875,95311.0,101590.125,81729.25,96639.875,101119.75,99625.375,95770.375,100323.375,99127.0,102033.75,96639.875,97591.875,97665.875,101592.75,102133.125,101646.75,101334.875,98273.125,101373.625,88476.625,101259.875,101209.625,98408.5
93476.125,101502.75,98493.125,101010.875,96560.75,98198.5,98417.75,96631.625,68005.875,100368.0,95152.625,101385.0,81676.75,96576.5,100976.0,99482.875,95610.875,100194.625,98981.5,101778.125,96576.5,97498.25,97506.125,101317.875,101896.625,101442.25,101154.0,98173.5,101171.5,88409.75,101068.0,101009.625,98314.875
94008.875,101722.75,99277.25,101657.375,97297.125,99041.5,99233.125,97451.875,68022.25,100567.5,95636.875,101590.75,81647.375,97367.625,101730.625,100171.25,96071.75,100925.875,99763.75,101729.25,97367.625,98325.625,98053.625,101393.0,101813.125,101683.75,101776.5,99030.625,101600.125,88357.5,101655.25,101663.0,99156.875
94437.625,102442.25,99607.375,102235.75,97626.25,99261.625,99561.375,97658.5,68156.125,101203.25,96103.875,102244.375,81708.125,97539.5,102234.875,100681.5,96572.125,101433.625,100239.625,102525.625,97539.5,98559.0,98591.25,102171.875,102617.5,102356.375,102314.875,99293.875,102193.125,88439.5,102196.25,102240.75,99428.75
94361.125,102166.875,99506.125,102040.75,97535.625,99141.375,99465.75,97529.5,68269.375,101074.0,95809.75,102123.0,81733.25,97403.125,101876.0,100269.875,96315.625,101021.125,100150.875,102217.625,97403.125,98437.25,98526.0,101847.625,102351.0,102173.0,102048.0,99167.5,102029.0,88465.5,101962.0,102039.125,99307.0
94060.125,102043.5,99174.125,101705.875,97213.625,98809.25,99124.125,97201.375,68232.875,100943.375,95554.875,101976.5,81602.75,97075.375,101559.125,99984.0,96034.0,100719.875,99821.0,102135.25,97075.375,98106.25,98179.125,101739.5,102266.75,101972.75,101753.75,98809.0,101786.0,88300.375,101678.375,101708.875,98964.375
94027.25,101745.5,99115.875,101555.5,97159.5,98772.0,99083.0,97156.625,68090.625,100665.25,95434.75,101700.25,81530.625,97034.5,101415.125,99862.125,95917.375,100596.875,99771.625,101970.75,97034.5,98082.375,98106.625,101539.0,102084.125,101648.625,101563.25,98785.0,101568.125,88223.375,101476.875,101555.625,98925.5
93760.625,101882.75,98776.25,101539.25,96825.0,98454.875,98727.125,96857.0,68034.75,100773.75,95371.75,101821.75,81554.5,96735.125,101433.0,99858.625,95826.375,100598.75,99424.125,102064.0,96735.125,97756.0,97836.75,101633.125,102166.875,101833.875,101612.75,98427.75,101637.125,88250.875,101537.875,101539.75,98580.125
94284.75,101926.75,99379.5,101814.0,97434.25,99078.125,99364.0,97493.375,68528.625,100855.625,95774.375,101894.375,81773.125,97381.125,101764.25,100219.375,96256.5,100957.625,100014.25,102081.75,97381.125,98375.875,98334.5,101676.125,102192.125,101929.875,101867.5,99099.375,101823.125,88537.0,101768.75,101819.875,99228.5
94121.875,101870.25,99147.75,101734.875,97215.5,98772.75,99106.375,97176.125,68458.875,100818.75,95596.375,101870.625,81828.125,97058.0,101574.875,100002.125,96103.375,100737.75,99809.0,101857.125,97058.0,98071.0,98267.875,101515.5,101971.5,101895.75,101769.875,98782.0,101738.875,88699.125,101682.25,101734.75,98935.875
93635.125,101800.125,98627.25,101382.0,96705.75,98296.375,98600.125,96741.875,67886.5,100668.125,95218.875,101708.875,81538.625,96623.375,101227.625,99665.0,95689.625,100380.875,99258.5,101907.375,96623.375,97594.625,97676.5,101530.875,102017.125,101751.0,101467.375,98298.75,101521.75,88346.625,101398.5,101377.625,98444.25
93868.375,101614.75,98919.875,101346.875,96984.75,98597.0,98886.625,97023.125,68188.125,100489.625,95377.875,101507.75,81380.0,96907.0,101359.875,99839.5,95861.375,100578.25,99535.5,101808.125,96907.0,97904.25,97939.375,101406.875,101918.875,101592.125,101470.125,98629.5,101394.125,88168.625,101357.5,101352.25,98752.75
94117.125,101760.25,99189.875,101747.625,97230.875,98833.0,99140.0,97249.5,68116.625,100755.625,95636.375,101804.5,81528.875,97127.125,101696.5,100148.0,96116.125,100895.0,99796.625,101815.625,97127.125,98126.75,98203.375,101474.125,101901.375,101826.25,101807.25,98844.25,101715.0,88367.625,101705.625,101750.875,98990.25
94125.75,102002.75,99173.375,101754.875,97223.125,98846.25,99138.25,97253.875,68373.375,100890.0,95622.5,101933.75,81551.125,97141.125,101674.125,100117.25,96112.75,100856.125,99801.5,102114.625,97141.125,98147.0,98207.375,101720.75,102229.625,101978.875,101830.75,98864.25,101806.75,88345.5,101741.5,101751.75,99000.625
94097.0,101795.25,99143.5,101600.125,97207.625,98794.25,99106.875,97199.0,68663.75,100716.25,95450.375,101761.25,81657.125,97077.125,101431.375,99853.75,95952.125,100580.75,99771.0,101975.25,97077.125,98091.5,98141.75,101538.125,102107.0,101785.25,101627.0,98803.0,101623.875,88438.5,101544.75,101599.75,98949.5
93998.125,101526.375,99030.625,101375.75,97089.125,98662.25,98988.25,97086.75,68733.125,100524.5,95381.875,101582.375,81831.75,96966.75,101226.0,99681.0,95907.625,100403.625,99658.375,101610.375,96966.75,97956.375,98085.875,101232.125,101724.875,101574.75,101417.5,98675.875,101440.75,88674.0,101341.875,101373.125,98816.75
93326.125,101499.0,98261.125,101024.125,96347.375,97962.25,98246.25,96397.0,68129.75,100360.375,94895.875,101398.25,81464.375,96278.0,100878.5,99329.0,95359.625,100057.125,98892.875,101733.0,96278.0,97264.875,97342.5,101280.0,101862.0,101421.375,101104.25,97974.125,101166.625,88175.375,101034.25,101020.875,98107.0
92629.125,100912.5,97623.5,100323.25,95713.5,97342.375,97580.0,95813.625,67623.0,99814.625,94297.75,100843.375,81235.625,95706.5,100221.5,98717.125,94752.875,99435.125,98172.125,101123.25,95706.5,96650.0,96636.625,100670.75,101265.625,100889.125,100429.125,97339.5,100518.375,87905.25,100366.625,100322.75,97468.25
93327.75,101132.25,98365.375,101068.25,96438.375,98058.375,98318.5,96509.75,67986.625,99994.75,95064.5,101027.625,81385.375,96399.625,101133.5,99561.25,95502.25,100352.75,98954.125,101161.625,96399.625,97356.75,97402.25,100820.75,101269.75,101145.25,101191.0,98062.75,100998.5,88043.5,101077.5,101068.75,98187.25
94138.75,102870.875,99225.375,102485.0,97207.25,98908.0,99114.75,97327.0,68137.875,101387.125,96261.0,102478.125,81499.0,97206.25,102578.75,101008.75,96693.0,101802.875,99747.375,102943.875,97206.25,98182.75,98379.125,102601.125,102982.0,102692.75,102686.875,98873.625,102511.75,88215.25,102549.25,102494.25,99012.875
94928.875,103698.375,100075.75,103347.25,98034.125,99810.5,100011.0,98165.875,68001.5,102352.375,96896.0,103464.0,81558.375,98042.25,103401.375,101747.25,97358.75,102567.125,100721.25,103739.125,98042.25,99061.875,99234.125,103385.375,103813.75,103593.625,103497.25,99776.0,103413.0,88277.375,103385.875,103352.75,99912.25
95020.0,103383.25,100249.0,103167.5,98226.375,99951.875,100226.125,98291.25,68131.25,102189.125,96641.125,103291.0,81488.75,98167.625,103067.625,101391.875,97137.875,102192.25,100933.0,103456.75,98167.625,99219.875,99264.5,103062.0,103569.5,103352.125,103203.875,99961.625,103184.25,88193.25,103119.25,103169.75,100098.125
94418.25,102629.125,99644.625,102399.0,97616.625,99275.375,99579.125,97636.5,68022.25,101520.0,95925.375,102590.875,81490.25,97511.125,102205.125,100535.25,96415.75,101297.875,100291.5,102747.625,97511.125,98551.375,98620.5,102328.5,102881.0,102609.0,102412.875,99280.625,102427.875,88230.25,102339.625,102399.125,99433.25
94483.125,102624.125,99763.0,102356.0,97740.875,99453.75,99709.125,97814.625,67741.875,101426.875,96014.875,102497.0,81455.75,97693.75,102289.75,100689.75,96494.75,101450.875,100379.25,102715.75,97693.75,98723.125,98654.5,102342.375,102807.0,102578.0,102423.375,99455.5,102384.125,88244.0,102330.5,102358.375,99590.75
94928.125,103083.75,100195.5,102891.25,98177.625,99871.25,100153.375,98225.125,68185.875,101767.625,96575.5,102877.25,81540.0,98106.25,102871.375,101222.375,97060.875,102006.75,100849.375,103176.0,98106.25,99148.125,99150.5,102785.375,103263.625,102979.125,102953.375,99894.875,102860.75,88351.0,102843.875,102898.875,100023.75
94737.875,102967.375,99941.875,102781.75,97939.625,99563.875,99899.125,97922.625,68183.5,101806.875,96341.125,102898.5,81618.125,97795.625,102633.0,100975.375,96826.75,101755.875,100628.0,103046.375,97795.625,98830.75,98974.375,102656.0,103148.875,102967.5,102801.75,99560.75,102784.5,88519.25,102724.25,102782.75,99719.125
94446.125,102569.125,99650.0,102352.875,97647.25,99323.375,99604.25,97700.375,68082.625,101419.75,95932.0,102505.375,81395.75,97581.875,102221.375,100580.0,96420.0,101349.75,100293.5,102723.625,97581.875,98594.125,98617.5,102302.875,102851.625,102531.5,102398.625,99318.375,102377.375,88170.625,102316.75,102353.875,99464.75
94397.25,102392.625,99602.5,102214.75,97596.375,99253.75,99548.75,97625.75,68109.625,101297.875,95840.75,102378.25,81448.625,97505.125,102072.0,100442.25,96337.125,101202.25,100245.375,102563.75,97505.125,98527.25,98577.875,102138.75,102683.125,102398.875,102247.25,99250.0,102228.125,88264.125,102168.875,102215.0,99404.5
94422.0,102252.75,99616.75,102127.125,97626.75,99278.5,99580.75,97651.5,68144.25,101172.125,95789.375,102255.75,81488.375,97532.375,101994.25,100373.375,96292.75,101138.375,100259.25,102325.875,97532.375,98558.25,98577.0,101938.375,102439.75,102287.25,102150.125,99288.75,102126.375,88343.875,102070.375,102125.5,99434.5
94250.25,102088.25,99423.5,101925.0,97439.25,99109.375,99383.125,97494.625,68071.25,101003.5,95683.75,102083.0,81393.25,97372.875,101801.875,100215.875,96192.875,100954.5,100073.625,102114.5,97372.875,98384.375,98420.75,101750.625,102228.875,102108.875,101965.5,99104.125,101940.875,88258.375,101883.0,101924.0,99250.0
94403.25,102406.75,99584.0,102221.5,97593.0,99269.25,99548.625,97637.875,68037.0,101219.375,95990.875,102294.25,81284.5,97515.625,102219.25,100615.25,96460.125,101403.375,100228.75,102458.125,97515.625,98552.0,98571.125,102105.5,102544.5,102396.5,102351.5,99284.125,102230.375,88215.625,102242.75,102224.125,99418.25
94467.375,102682.875,99608.25,102505.25,97612.875,99261.0,99535.875,97659.125,68046.5,101483.0,96136.375,102579.5,81351.375,97543.125,102443.0,100783.5,96620.0,101588.25,100250.375,102769.5,97543.125,98520.75,98659.25,102388.625,102874.75,102653.25,102570.625,99221.875,102512.625,88271.0,102482.0,102508.0,99379.0
94599.5,102546.0,99809.75,102474.875,97813.25,99485.5,99768.0,97869.25,68013.875,101499.625,96079.25,102596.375,81574.625,97753.25,102321.125,100687.125,96593.75,101439.75,100454.0,102545.125,97753.25,98751.375,98767.625,102178.0,102685.125,102600.5,102494.0,99476.25,102480.375,88604.875,102415.25,102473.5,99619.5
94757.0,102867.375,99994.875,102587.75,97982.875,99744.875,99967.75,98117.125,67905.0,101692.625,96313.875,102775.5,81390.5,98005.125,102519.125,100907.625,96799.625,101669.875,100626.125,102924.0,98005.125,99007.75,98928.125,102550.75,103045.625,102839.875,102666.875,99740.125,102651.125,88388.75,102582.375,102587.125,99863.25
94570.625,102738.25,99711.25,102334.25,97711.75,99338.875,99674.5,97689.5,67910.375,101568.25,95970.25,102646.875,81477.75,97562.625,102165.375,100526.75,96476.0,101267.125,100376.375,102908.0,97562.625,98620.5,98707.75,102456.25,103052.875,102681.5,102392.625,99358.5,102451.25,88461.125,102323.0,102331.0,99509.0
94158.125,102250.375,99349.0,101912.875,97341.125,99042.75,99312.125,97416.875,67855.5,101044.125,95651.75,102102.25,81191.625,97299.75,101849.125,100232.25,96146.0,101001.125,99959.75,102464.375,97299.75,98320.375,98272.125,102029.75,102582.625,102153.625,102017.75,99054.75,101965.25,87973.875,101919.0,101913.375,99188.75
95175.625,103257.375,100452.125,103150.5,98419.375,100117.25,100400.0,98477.875,68300.125,102008.875,96742.0,103101.625,81515.25,98363.0,103141.375,101477.625,97241.0,102301.25,101093.25,103302.375,98363.0,99368.25,99395.0,102954.0,103373.0,103254.5,103260.75,100103.875,103107.25,88455.875,103138.25,103151.625,100252.375
95796.75,103677.25,101185.75,103675.125,99125.375,100880.875,101152.625,99196.375,68493.625,102605.0,97088.875,103738.0,82273.0,99067.125,103534.375,101858.0,97612.5,102653.125,101801.75,103605.75,99067.125,100146.625,99990.375,103260.875,103729.625,103768.25,103706.25,100913.0,103676.75,89647.375,103620.5,103677.125,101035.125
94882.0,102787.375,100201.75,102629.375,98153.25,99820.625,100140.0,98139.375,68273.625,101813.0,96269.5,102920.75,82031.5,98010.5,102379.375,100727.25,96821.625,101475.375,100849.625,102835.25,98010.5,99091.375,99170.125,102427.875,102996.375,102869.25,102640.75,99843.125,102702.625,89169.25,102580.375,102627.375,100002.875
94049.125,102382.875,99316.375,101894.125,97294.375,99014.0,99273.375,97384.5,67890.25,101255.5,95602.0,102312.75,81464.75,97262.5,101735.0,100139.125,96095.625,100873.75,99940.75,102568.0,97262.5,98286.5,98240.5,102116.0,102712.25,102344.375,101998.25,99016.25,102070.125,88451.25,101938.125,101891.125,99156.625
94627.625,102028.375,99886.25,102034.25,97870.875,99566.875,99873.5,97905.0,68223.75,101019.875,95910.0,102108.5,81356.25,97787.5,101886.625,100320.5,96447.875,101049.5,100545.25,102054.75,97787.5,98845.75,98784.25,101679.0,102192.75,102097.625,102007.125,99616.75,101974.25,88399.125,101924.0,102035.375,99734.875
94348.5,101714.125,99541.75,101716.25,97531.75,99161.25,99478.75,97527.125,68009.75,100788.25,95670.75,101882.75,81409.0,97403.25,101475.875,99935.125,96229.25,100636.75,100234.375,101692.5,97403.25,98433.875,98568.125,101347.0,101816.125,101846.875,101679.125,99158.625,101713.5,88549.625,101611.75,101715.625,99315.625
94276.75,102430.75,99517.75,102071.25,97505.375,99178.125,99464.375,97542.0,67864.625,101216.125,95745.625,102305.375,81261.875,97419.25,101989.75,100353.25,96240.75,101115.625,100175.0,102391.25,97419.25,98455.125,98465.125,102054.5,102503.375,102406.75,102204.5,99195.5,102161.75,88321.25,102123.375,102069.625,99332.0
94393.5,102569.0,99603.0,102132.5,97602.25,99276.25,99554.125,97627.375,68122.625,101401.875,95830.5,102488.375,81392.625,97504.0,102025.5,100427.5,96347.25,101168.375,100232.5,102651.375,97504.0,98556.5,98590.625,102255.25,102779.5,102534.75,102244.75,99289.875,102287.75,88386.875,102171.125,102132.75,99429.625
94160.0,102855.0,99212.875,102310.375,97237.125,98879.0,99167.625,97270.375,67535.125,101627.875,95968.75,102703.25,81522.25,97152.5,102283.5,100668.5,96419.625,101437.625,99884.5,102933.625,97152.5,98155.75,98352.375,102552.0,103047.625,102798.25,102481.75,98875.5,102508.5,88446.0,102402.625,102310.0,99027.0
94390.25,102855.625,99660.0,102432.625,97625.625,99399.25,99612.0,97789.25,67752.875,101594.625,96201.5,102659.125,81513.0,97677.0,102458.25,100838.375,96683.75,101602.375,100195.875,102964.875,97677.0,98666.375,98673.0,102559.25,103086.75,102747.75,102541.25,99410.125,102500.125,88276.5,102444.5,102438.375,99525.0
94633.875,102905.625,99863.25,102652.75,97845.875,99526.625,99819.375,97876.875,67830.75,101733.75,96255.0,102810.0,81614.75,97753.5,102549.75,100905.25,96743.875,101683.625,100520.0,103018.125,97753.5,98807.5,98858.75,102612.125,103139.0,102869.375,102709.75,99549.875,102682.75,88366.5,102618.125,102653.625,99684.875
94927.5,103079.875,100176.125,102906.125,98132.0,99908.875,100131.0,98260.25,67939.875,101950.875,96522.125,103039.25,81611.25,98143.375,102820.875,101199.125,97035.875,101981.125,100816.125,103168.5,98143.375,99168.75,99167.75,102771.0,103276.25,103079.5,102937.0,99913.0,102915.625,88584.375,102849.5,102909.125,100033.75
95152.25,103315.0,100390.875,103064.0,98354.375,100047.375,100348.125,98385.5,68188.625,102165.625,96643.625,103261.25,81706.25,98259.125,102935.25,101294.875,97144.125,102067.375,101044.0,103411.5,98259.125,99313.875,99325.125,103014.5,103522.75,103304.75,103115.625,100056.875,103104.875,88857.375,103026.875,103064.625,100201.75
95209.375,103367.875,100468.25,103081.875,98431.625,100121.25,100433.25,98433.625,68404.375,102170.25,96674.75,103276.125,81899.125,98299.5,102938.75,101306.125,97171.625,102071.125,101101.625,103495.5,98299.5,99394.5,99376.125,103080.625,103614.875,103313.75,103126.25,100142.625,103129.875,89026.25,103044.25,103081.625,100281.875
95042.625,103275.25,100272.625,102965.25,98239.0,99952.375,100218.0,98301.25,68242.25,102123.0,96510.5,103212.625,81971.375,98174.375,102794.0,101158.375,97009.25,101920.25,100892.25,103405.625,98174.375,99204.0,99217.875,102983.125,103539.25,103236.75,103002.875,99929.875,103029.625,89001.875,102918.875,102963.625,100084.5
95007.625,103099.875,100272.5,102877.0,98252.25,99966.75,100241.25,98307.125,68010.875,101930.125,96509.625,103007.375,81728.5,98183.25,102737.125,101114.0,97010.625,101870.75,100876.0,103244.375,98183.25,99234.125,99158.375,102817.5,103374.5,103033.5,102906.5,99971.375,102892.375,88771.125,102825.875,102877.375,100106.875
95001.5,103111.75,100280.375,102870.25,98249.25,99957.125,100226.0,98306.875,68077.5,101928.0,96568.75,103005.625,81717.125,98189.25,102806.25,101211.125,97058.125,101980.375,100903.125,103276.25,98189.25,99223.25,99209.875,102845.375,103386.75,103061.125,102909.875,99960.125,102886.75,88826.25,102815.5,102874.625,100097.875
95169.875,103272.25,100433.875,103031.5,98406.0,100106.625,100399.25,98444.25,68274.75,102099.875,96711.75,103200.875,81818.25,98322.25,102932.625,101322.25,97207.75,102090.0,101077.375,103396.75,98322.25,99378.0,99392.375,102985.25,103508.75,103252.0,103076.625,100131.375,103073.0,88948.625,102995.5,103032.125,100265.25
94860.625,103086.625,100050.75,102738.25,98034.375,99682.5,100007.75,98032.125,68026.5,101909.5,96363.625,103001.25,81667.0,97907.25,102609.5,100975.5,96866.125,101739.0,100703.5,103232.375,97907.25,98954.125,99061.125,102793.375,103361.5,103037.125,102813.75,99691.375,102834.25,88735.0,102731.125,102736.875,99840.125
94731.375,102790.0,99945.0,102495.625,97932.625,99621.875,99910.25,97995.125,67939.75,101663.125,96220.75,102738.0,81608.75,97880.875,102395.375,100770.25,96719.0,101545.625,100578.125,102995.625,97880.875,98885.625,98888.75,102532.125,103125.25,102770.125,102542.625,99623.25,102556.125,88623.0,102459.5,102498.125,99766.875
95140.875,102812.5,100396.875,102688.625,98381.25,100066.125,100364.25,98407.25,69054.875,101743.875,96507.5,102816.0,81828.625,98284.25,102601.125,101005.375,97043.125,101762.625,101033.5,102867.375,98284.25,99341.0,99347.125,102461.0,102985.625,102840.25,102727.125,100091.0,102693.375,88927.0,102640.375,102693.875,100228.375
95170.75,102501.75,100413.25,102502.125,98395.125,100018.375,100354.75,98345.375,69259.5,101554.5,96542.5,102645.5,82197.25,98214.375,102281.5,100707.375,97106.5,101417.125,101086.5,102489.5,98214.375,99282.75,99460.75,102115.0,102636.625,102603.125,102474.0,100037.375,102512.75,89385.75,102401.0,102502.0,100189.5
94379.375,102133.25,99575.0,101821.625,97573.75,99260.75,99534.375,97619.25,68897.625,101122.625,95794.125,102183.125,81684.0,97499.5,101592.125,100014.75,96330.625,100725.125,100270.25,102265.625,97499.5,98532.875,98557.125,101820.625,102423.0,102171.375,101860.25,99267.125,101927.5,88839.125,101787.5,101820.375,99404.0
94323.75,102015.125,99552.0,101702.375,97545.875,99219.375,99493.75,97594.5,68799.75,100979.5,95679.625,102021.75,81616.875,97470.5,101553.75,100006.5,96220.5,100730.375,100220.75,102132.375,97470.5,98496.375,98542.875,101713.75,102272.75,102036.5,101778.375,99231.875,101806.875,88739.75,101694.625,101698.75,99374.25
94500.0,102538.875,99716.25,102130.125,97716.75,99381.0,99655.75,97757.25,68795.5,101266.125,95993.0,102322.5,81749.5,97635.5,102131.25,100530.0,96490.0,101301.625,100406.125,102809.25,97635.5,98658.25,98733.25,102357.25,102891.5,102405.75,102256.0,99387.875,102176.25,88876.125,102152.625,102133.0,99523.75
94132.25,102466.625,99275.75,102073.0,97289.625,98954.0,99228.0,97348.875,68261.375,101275.5,95733.5,102316.25,81511.25,97231.125,101993.5,100366.125,96208.875,101138.875,99975.875,102696.75,97231.125,98234.375,98318.375,102232.875,102813.25,102382.75,102159.0,98950.25,102124.125,88580.375,102070.875,102075.5,99082.5
93409.75,101805.125,98532.375,101356.25,96539.125,98236.5,98468.0,96643.625,68000.5,100668.875,95036.875,101713.25,81230.125,96526.25,101215.875,99621.0,95505.75,100378.75,99116.0,102040.125,96526.25,97524.5,97459.75,101569.0,102167.625,101752.5,101422.0,98231.125,101427.125,88170.5,101331.625,101354.125,98358.125
92981.375,101047.75,98096.625,100601.75,96137.375,97749.75,98046.125,96148.375,67442.375,99987.875,94499.625,101020.5,81031.5,96023.25,100523.5,98944.875,94998.125,99697.25,98725.0,101188.75,96023.25,97038.125,97094.625,100759.125,101320.0,101047.625,100694.25,97760.75,100714.375,87866.0,100607.25,100600.5,97896.25
93216.0,100992.375,98438.5,100858.625,96446.5,98121.75,98352.0,96529.5,67330.625,99816.375,94758.625,100843.0,80964.0,96410.375,100915.0,99314.0,95221.25,100108.0,99001.5,101201.375,96410.375,97395.875,97338.5,100769.0,101287.125,100957.125,100940.125,98107.25,100770.75,87714.5,100824.375,100861.375,98234.5
94210.25,102374.875,99682.5,102247.875,97619.75,99443.5,99622.625,97800.625,67162.25,101007.125,95905.5,102081.875,80856.875,97678.375,102370.5,100679.375,96371.25,101534.875,100189.25,102434.125,97678.375,98696.25,98434.75,102099.5,102480.25,102254.625,102431.0,99419.75,102180.5,87731.625,102289.0,102254.75,99544.0
94934.875,103132.625,100382.125,103029.5,98301.375,100074.0,100332.0,98377.625,67169.0,101941.25,96472.125,103062.25,80974.375,98253.625,102940.375,101250.875,96975.875,102070.75,100989.375,103102.875,98253.625,99325.0,99243.125,102743.0,103217.625,103165.375,103101.0,100089.375,102962.0,87981.375,102992.375,103033.125,100210.5
94837.0,103065.875,100251.75,102888.75,98178.125,99906.875,100195.5,98219.5,67255.75,101901.125,96349.0,103021.625,81083.0,98089.125,102762.5,101073.125,96862.375,101879.375,100879.125,103132.625,98089.125,99166.25,99141.625,102729.375,103261.25,103058.125,102919.75,99929.5,102861.625,88019.25,102827.75,102889.0,100058.25
95102.875,102958.875,100507.75,102943.75,98446.5,100161.0,100464.25,98463.125,67329.625,101919.125,96535.5,103046.25,81277.125,98340.25,102782.75,101127.75,97073.5,101904.5,101142.375,102992.375,98340.25,99429.0,99397.5,102585.0,103130.125,103046.75,102910.875,100196.0,102850.625,88218.75,102820.625,102942.75,100315.875
94846.25,102793.75,100190.5,102614.375,98140.875,99799.0,100132.875,98103.375,67739.25,101728.125,96257.375,102833.625,81391.375,97965.875,102439.125,100788.75,96800.875,101550.5,100837.0,102856.0,97965.875,99062.5,99128.0,102445.75,102999.5,102825.625,102643.5,99821.125,102633.875,88345.375,102564.25,102613.625,99970.375
94830.0,102611.25,100137.5,102463.0,98102.0,99765.0,100092.75,98073.875,67705.75,101569.0,96230.625,102678.375,81403.75,97941.125,102294.25,100680.75,96771.125,101433.0,100799.0,102639.875,97941.125,99026.75,99084.0,102249.125,102787.625,102657.625,102498.625,99789.125,102467.375,88379.5,102412.5,102460.875,99934.625
94628.0,102879.75,99897.25,102414.25,97879.25,99523.25,99861.0,97841.25,67523.875,101592.625,96159.0,102677.25,81264.25,97709.375,102349.25,100735.875,96655.75,101508.5,100588.25,103115.75,97709.375,98801.125,98884.875,102653.25,103226.375,102760.75,102519.625,99554.75,102489.0,88191.875,102435.0,102415.5,99683.375
94095.625,102144.5,99361.5,101878.375,97338.125,99018.125,99312.125,97377.125,67311.25,100990.5,95602.375,102044.125,81030.375,97257.375,101799.875,100176.625,96102.25,100952.375,99995.5,102420.375,97257.375,98285.25,98317.5,101922.125,102526.5,102085.125,101940.25,99034.5,101899.0,87740.875,101842.875,101877.625,99165.25
94254.25,102209.375,99508.625,102033.625,97494.125,99135.875,99446.75,97472.125,67442.125,101048.0,95731.75,102131.0,81069.75,97344.875,101929.75,100316.75,96241.375,101082.375,100154.75,102286.125,97344.875,98413.875,98501.375,101912.875,102383.625,102170.125,102042.375,99160.0,101999.875,87846.875,101953.0,102037.25,99296.0
95011.5,102957.375,100289.5,102815.375,98260.0,99956.0,100241.0,98301.25,67905.75,101745.125,96536.125,102836.5,81138.0,98178.375,102803.0,101186.125,97036.875,101983.5,100939.875,103026.625,98178.375,99230.375,99237.0,102660.25,103101.375,102931.75,102926.625,99982.625,102774.0,88189.75,102806.0,102819.125,100108.875
94969.25,103812.875,100159.625,103397.25,98149.875,99776.625,100108.875,98136.75,67767.5,102507.5,96675.5,103636.0,81566.625,98021.375,103303.5,101570.625,97133.625,102397.25,100860.375,103910.25,98021.375,99036.375,99266.0,103490.75,104019.625,103751.875,103527.375,99772.75,103482.125,89072.5,103445.375,103397.25,99917.125
94117.875,102590.375,99272.0,102173.625,97267.25,98976.125,99223.0,97331.0,67574.375,101442.5,95651.75,102526.25,81062.875,97209.0,102022.625,100360.0,96160.625,101123.125,99943.25,102763.625,97209.0,98252.625,98325.75,102309.125,102908.25,102550.25,102266.0,98984.875,102275.5,87993.25,102184.25,102173.75,99111.5
94770.0,102697.375,100078.25,102565.5,98049.375,99775.5,100038.75,98116.75,67731.875,101582.25,96260.625,102693.0,80974.875,98003.625,102503.25,100894.625,96791.125,101675.5,100718.625,102737.125,98003.625,99046.0,99023.5,102360.0,102832.875,102736.25,102643.375,99796.5,102564.75,87843.125,102552.125,102567.625,99915.25
95147.625,103263.0,100442.75,103145.25,98409.75,100095.125,100392.0,98432.875,67729.75,102158.375,96639.75,103272.0,81311.125,98310.5,103018.25,101363.25,97133.625,102149.5,101070.5,103268.375,98310.5,99378.375,99382.625,102887.625,103390.5,103314.375,103180.375,100135.125,103106.375,89012.0,103087.625,103147.75,100250.125
94871.0,102774.875,100148.125,102661.125,98127.875,99790.125,100104.375,98131.0,68207.25,101742.75,96244.0,102861.25,81440.125,98010.0,102479.0,100834.875,96764.75,101599.25,100768.375,102777.5,98010.0,99067.625,99054.5,102386.125,102930.875,102860.25,102683.125,99841.75,102676.125,88954.25,102605.5,102660.75,99960.5
94649.5,102459.125,99825.375,102333.625,97819.125,99428.25,99761.625,97767.625,68553.75,101495.0,96059.25,102597.0,81894.625,97645.375,102117.5,100484.625,96604.875,101239.5,100498.75,102476.25,97645.375,98703.5,98858.875,102081.125,102630.625,102557.125,102350.125,99449.625,102370.0,89135.75,102275.625,102332.75,99596.75
93805.0,101973.25,98931.75,101578.75,96934.625,98615.5,98864.0,96997.5,68261.5,100965.25,95331.375,102010.5,81423.625,96888.625,101313.875,99730.625,95853.125,100454.0,99527.5,102113.875,96888.625,97904.625,97917.125,101669.875,102267.75,101986.625,101644.875,98628.25,101708.25,88486.25,101576.0,101576.0,98758.875
93403.875,101419.625,98545.0,101037.875,96565.125,98237.0,98490.0,96624.5,67744.625,100324.25,94906.375,101358.75,80980.125,96514.625,100918.875,99371.375,95393.625,100112.125,99129.125,101551.125,96514.625,97524.625,97488.25,101137.75,101684.0,101386.25,101120.0,98258.75,101131.25,87837.25,101040.875,101035.125,98386.625
93810.75,102326.5,98905.25,101744.375,96926.625,98538.625,98836.875,96924.5,67554.625,100860.75,95611.0,101926.25,81058.75,96807.5,101807.5,100195.875,96080.0,101010.0,99537.125,102620.75,96807.5,97832.625,97963.375,102176.125,102706.875,102090.125,101890.375,98558.375,101772.25,87740.375,101778.25,101748.125,98703.375
94310.375,102720.125,99394.5,102397.625,97430.25,99021.25,99364.125,97396.375,68296.625,101460.625,95975.5,102525.25,81350.375,97280.375,102361.125,100681.125,96465.75,101500.25,100093.875,102875.5,97280.375,98313.875,98484.5,102454.25,102986.5,102602.5,102460.875,99054.75,102365.75,88147.375,102352.375,102401.0,99187.125
94033.0,102430.875,99092.375,102163.5,97131.5,98728.375,99055.0,97131.25,68048.75,101265.75,95652.625,102329.75,81315.875,97019.75,102051.0,100382.875,96129.75,101182.625,99783.125,102585.875,97019.75,98018.875,98149.75,102138.875,102712.75,102358.375,102197.25,98739.125,102144.75,88130.5,102105.875,102165.25,98875.875
94068.375,102293.625,99097.75,102006.75,97126.5,98686.25,99045.875,97058.0,67867.0,101071.75,95654.5,102145.25,81135.375,96937.75,101889.875,100268.25,96138.125,101050.375,99803.0,102548.25,96937.75,97989.5,98185.375,102079.5,102669.0,102175.875,102014.75,98728.75,101984.5,87905.5,101934.625,102010.0,98858.875
93824.375,101869.75,98892.375,101664.125,96916.625,98522.25,98821.75,96923.75,67812.875,100786.625,95328.75,101831.375,81096.75,96804.375,101507.5,99888.0,95829.5,100655.125,99564.125,102081.875,96804.375,97803.375,97975.875,101631.25,102210.25,101842.625,101681.875,98513.75,101650.625,87875.5,101597.75,101665.875,98657.125
93777.25,101770.125,98911.0,101574.375,96933.25,98578.75,98855.75,96972.375,67600.5,100682.0,95285.625,101741.375,81037.5,96854.375,101448.625,99833.25,95773.5,100601.625,99564.375,101916.625,96854.375,97860.625,97916.375,101490.875,102015.875,101759.75,101597.125,98586.0,101557.25,87846.875,101506.25,101576.25,98719.75
93934.75,102205.375,99027.5,101819.875,97044.0,98699.5,98969.25,97090.75,67421.125,100976.0,95590.75,102031.0,81037.5,96975.0,101746.625,100159.75,96049.875,100919.625,99639.25,102408.75,96975.0,97993.875,98039.875,101966.25,102517.125,102125.25,101923.0,98716.75,101862.625,87863.5,101824.125,101819.25,98839.375
93885.5,102287.875,98955.5,101697.75,96986.75,98625.375,98899.125,97028.25,67795.0,100898.125,95601.0,101962.125,81177.25,96902.625,101730.25,100140.875,96074.625,100920.125,99576.75,102627.0,96902.625,97915.0,98026.75,102132.0,102733.625,102061.625,101851.125,98633.375,101798.375,87960.375,101760.625,101701.125,98760.5
94031.0,101937.625,99117.75,101956.25,97148.125,98742.625,99071.0,97141.625,67703.125,100924.25,95567.25,101999.25,81236.25,97017.75,101898.125,100246.5,96048.0,101043.125,99809.25,102072.625,97017.75,98034.5,98183.125,101665.375,102171.625,102020.5,101995.0,98767.875,101895.875,88080.875,101896.375,101962.5,98909.0
93569.125,101982.75,98569.625,101620.75,96622.375,98232.875,98515.75,96643.625,67501.875,100772.5,95234.625,101825.75,81094.75,96515.5,101548.125,99912.0,95707.125,100689.375,99237.5,102206.625,96515.5,97525.25,97670.0,101747.625,102332.5,101902.375,101707.0,98238.875,101662.5,87862.5,101614.5,101623.875,98373.75
93155.625,101596.875,98098.0,101205.0,96159.75,97784.875,98045.75,96210.625,67113.0,100409.5,94934.0,101428.75,80988.375,96095.125,101168.0,99584.375,95365.5,100351.625,98723.875,101902.75,96095.125,97079.25,97138.0,101419.375,102006.75,101491.5,101282.5,97776.375,101246.25,87668.375,101185.875,101209.875,97909.75
93672.375,101560.875,98814.625,101550.0,96812.5,98511.625,98729.5,96945.0,67042.0,100451.75,95406.25,101492.625,80990.0,96830.0,101609.125,100011.875,95874.75,100795.875,99389.5,101620.0,96830.0,97797.375,97823.375,101236.75,101696.625,101553.5,101622.5,98505.25,101442.75,87674.125,101493.25,101557.375,98624.125
94595.625,102691.625,99876.75,102603.75,97853.0,99603.125,99829.75,97986.25,67907.0,101474.375,96274.875,102567.875,81239.75,97864.375,102610.0,100963.125,96772.0,101778.25,100455.5,102763.875,97864.375,98880.5,98848.625,102380.0,102848.125,102681.625,102667.5,99619.875,102494.75,88006.75,102535.75,102609.625,99734.0
94764.5,102935.25,99992.875,102812.375,97980.875,99617.125,99937.125,97978.75,68069.875,101801.875,96356.5,102902.5,81404.375,97850.75,102682.625,101005.5,96848.875,101801.0,100659.125,103023.875,97850.75,98900.25,99025.75,102634.875,103146.25,102945.125,102829.25,99635.875,102755.375,88364.0,102724.125,102813.625,99778.0
94849.75,103182.875,100032.5,102866.25,98021.625,99679.875,99981.375,98042.625,68193.5,101969.375,96418.75,103061.0,81454.5,97918.75,102749.125,101092.875,96906.5,101878.0,100688.125,103324.5,97918.75,98959.375,99068.125,102886.875,103440.875,103122.375,102922.5,99697.0,102890.0,88319.25,102832.75,102866.125,99829.5
94507.125,102673.25,99665.0,102385.5,97667.75,99275.75,99605.0,97655.625,68305.25,101522.75,96002.75,102586.75,81557.625,97528.625,102219.375,100584.125,96509.0,101353.75,100354.125,102876.125,97528.625,98559.875,98718.375,102411.625,103015.25,102613.25,102429.25,99292.5,102403.75,88377.25,102342.125,102384.75,99436.5
93904.625,102016.5,99009.125,101658.0,97044.375,98631.5,98959.625,97049.375,68184.375,100915.875,95348.75,101972.125,81470.25,96922.25,101480.625,99878.125,95874.375,100625.375,99682.875,102193.75,96922.25,97932.5,98053.875,101749.125,102319.0,101998.25,101723.0,98660.375,101732.75,88283.125,101648.125,101656.25,98798.875
94567.25,102149.0,99772.0,102085.75,97786.0,99466.0,99735.375,97864.875,68315.5,101075.625,95965.5,102133.875,81362.75,97748.375,102036.25,100448.0,96485.25,101216.25,100419.125,102175.75,97748.375,98759.625,98714.375,101810.0,102287.5,102151.75,102142.5,99506.875,102030.75,88238.375,102042.5,102091.375,99615.75
94727.375,102677.625,99874.0,102430.25,97885.75,99489.875,99810.5,97877.875,67981.125,101491.375,96168.25,102570.375,81452.75,97752.375,102354.125,100740.5,96672.5,101521.0,100536.625,102829.25,97752.375,98789.25,98906.0,102404.0,102943.25,102654.875,102491.375,99520.75,102394.875,88400.0,102397.25,102432.125,99655.75
94569.625,103035.5,99674.5,102339.25,97690.375,99292.625,99618.5,97692.5,67825.25,101644.75,96303.125,102708.375,81334.75,97575.125,102345.5,100763.625,96792.25,101519.75,100357.625,103253.75,97575.125,98574.25,98809.375,102799.75,103357.0,102859.875,102507.125,99296.875,102486.375,88096.625,102424.875,102339.875,99433.25
94791.5,103283.125,99902.5,102531.25,97920.25,99476.5,99858.25,97842.625,67886.375,101847.5,96504.75,102912.25,81371.5,97718.75,102587.625,100999.625,97004.75,101761.375,100619.5,103544.375,97718.75,98762.75,99082.625,103086.75,103653.25,103050.125,102780.125,99501.0,102710.25,88133.5,102678.875,102535.5,99646.75
94503.625,102679.125,99683.5,102415.625,97678.5,99328.125,99629.75,97701.625,67841.625,101507.625,96020.875,102571.875,81286.75,97578.375,102330.75,100673.75,96519.75,101471.625,100355.25,102873.375,97578.375,98606.75,98670.625,102431.375,102979.75,102594.875,102477.625,99347.5,102414.25,88017.5,102388.75,102418.625,99482.75
94450.0,102385.125,99706.25,102213.375,97694.625,99383.0,99653.375,97766.375,68038.875,101239.625,95881.125,102315.375,81398.5,97641.625,102113.625,100464.75,96394.25,101246.375,100317.75,102548.0,97641.625,98672.625,98637.875,102120.625,102667.125,102341.125,102259.25,99411.875,102174.875,88164.25,102164.25,102217.5,99533.625
95037.875,103071.125,100257.25,102835.875,98267.375,99920.5,100234.5,98284.5,68425.625,101926.5,96495.5,103010.375,81621.25,98152.5,102708.375,101058.125,96989.125,101841.125,100904.375,103155.875,98152.5,99221.75,99215.625,102759.875,103259.5,103068.25,102895.0,99987.25,102844.75,88925.25,102804.375,102834.875,100102.0
95370.5,103864.5,100445.5,103411.75,98479.625,100049.125,100401.75,98411.25,68683.25,102594.5,97056.125,103690.875,82020.25,98276.25,103374.75,101734.125,97527.375,102530.5,101131.75,104012.125,98276.25,99354.375,99527.625,103585.875,104126.5,103777.375,103541.875,100103.625,103496.5,89381.0,103447.25,103415.125,100236.125
94985.5,103591.875,99964.625,103060.375,98019.125,99523.25,99901.75,97912.5,68443.375,102333.625,96654.375,103408.25,81964.0,97779.875,102960.0,101315.5,97123.25,102094.25,100666.625,103785.125,97779.875,98831.0,99144.375,103323.5,103920.25,103475.625,103173.375,99553.25,103176.0,89133.625,103096.875,103060.75,99703.875
94431.25,102798.375,99430.5,102386.0,97482.0,99054.5,99359.5,97488.5,68181.875,101653.0,96065.75,102707.625,81749.0,97363.75,102247.5,100643.625,96531.375,101385.5,100103.0,103031.125,97363.75,98346.125,98558.375,102555.5,103176.375,102727.5,102461.375,99045.5,102456.75,88725.25,102383.875,102384.0,99192.875
94582.75,102339.625,99757.75,102161.875,97759.875,99411.375,99676.625,97822.25,68197.875,101293.5,96052.25,102369.75,81715.875,97708.875,102028.625,100457.625,96566.125,101193.0,100381.625,102394.0,97708.875,98709.125,98716.25,101996.0,102538.75,102381.5,102184.75,99432.25,102141.125,88543.0,102099.25,102161.375,99550.125
95034.25,102710.0,100227.0,102492.375,98217.125,99832.625,100160.0,98232.375,68284.375,101570.5,96440.0,102637.25,81727.625,98114.125,102410.5,100847.125,96973.125,101604.125,100863.625,102844.75,98114.125,99134.25,99214.5,102426.875,102950.375,102694.875,102541.125,99877.75,102446.5,88609.375,102444.375,102493.625,99992.25
94932.125,102929.25,100099.625,102459.125,98106.25,99742.5,100047.625,98141.875,68559.625,101697.625,96353.875,102757.625,81701.25,98020.75,102389.0,100803.75,96873.875,101546.0,100735.75,103097.625,98020.75,99026.25,99073.5,102666.125,103232.5,102805.75,102556.375,99748.5,102536.125,88512.375,102471.125,102462.25,99892.625
94973.0,102511.625,100139.75,102345.875,98147.125,99783.625,100106.25,98141.375,68667.375,101475.5,96193.25,102554.25,81777.375,98002.125,102127.0,100532.625,96738.375,101267.375,100760.75,102670.25,98002.125,99085.625,99041.75,102216.0,102817.25,102496.125,102330.625,99833.375,102312.25,88814.875,102250.75,102345.625,99954.375
94692.5,102434.875,99766.75,102258.125,97798.25,99445.75,99706.625,97862.5,68530.875,101453.5,96081.5,102521.125,81745.625,97741.0,102008.375,100392.625,96593.375,101125.75,100405.375,102577.375,97741.0,98743.125,98813.625,102118.25,102729.375,102476.625,102248.5,99457.75,102254.625,88696.125,102177.375,102259.5,99585.25
94276.625,102166.375,99320.375,101878.625,97353.0,98977.0,99243.0,97389.375,68373.625,101161.375,95717.875,102222.375,81592.375,97259.375,101628.875,100038.375,96216.875,100755.0,99902.25,102307.75,97259.375,98282.125,98318.375,101848.875,102453.0,102202.5,101908.375,99004.5,101933.0,88433.75,101840.375,101876.25,99130.0
94165.375,101852.125,99271.25,101504.375,97297.625,98878.75,99200.75,97282.625,68329.5,100832.875,95577.625,101876.25,81435.125,97157.875,101344.125,99823.5,96099.5,100527.625,99880.0,101966.375,97157.875,98184.5,98253.5,101536.0,102123.625,101873.625,101551.5,98920.25,101563.875,88171.0,101477.375,101503.75,99046.125
94171.75,101645.375,99280.625,101436.375,97315.375,98902.625,99230.5,97321.25,68494.0,100631.5,95481.375,101664.875,81529.5,97193.625,101248.75,99702.75,96017.0,100419.0,99932.875,101762.875,97193.625,98209.5,98278.25,101337.5,101906.625,101670.625,101458.875,98943.875,101448.625,88211.0,101378.0,101437.125,99066.375
94451.875,101696.375,99531.25,101627.375,97585.5,99148.5,99486.875,97562.25,68688.125,100821.0,95708.625,101888.625,81638.375,97438.0,101410.25,99860.0,96270.625,100587.5,100191.5,101664.625,97438.0,98470.125,98574.5,101304.625,101819.125,101860.875,101625.625,99213.375,101652.125,88590.0,101560.5,101625.25,99323.875
94012.25,101700.5,98957.875,101534.875,97036.0,98568.75,98878.625,97022.375,68143.125,100798.25,95472.875,101841.25,81532.25,96895.0,101308.0,99706.875,95967.125,100431.75,99648.875,101724.0,96895.0,97879.5,98085.5,101333.0,101872.0,101813.125,101557.5,98575.25,101567.5,88301.625,101481.75,101537.5,98713.25
93903.875,101487.5,98872.875,101208.875,96947.75,98479.125,98828.25,96936.5,68373.0,100456.0,95361.625,101496.5,81369.0,96824.25,101091.75,99569.0,95881.375,100273.125,99573.375,101632.0,96824.25,97794.5,98029.125,101207.875,101778.25,101510.25,101263.25,98512.25,101262.25,87995.25,101190.125,101210.125,98638.25
94276.125,101899.25,99403.0,101767.0,97438.375,99091.25,99302.875,97547.625,68660.0,100825.375,95875.5,101872.125,81457.375,97430.25,101706.25,100154.375,96352.625,100896.375,99987.0,101955.25,97430.25,98388.0,98456.625,101585.75,102038.75,101941.0,101892.125,99084.25,101794.125,88282.0,101796.375,101766.75,99201.0
95254.5,102919.625,100620.125,102730.375,98590.375,100373.75,100589.5,98755.375,68935.625,101719.875,96600.875,102791.5,81619.0,98631.0,102678.875,101068.25,97120.375,101845.875,101178.375,103041.0,98631.0,99640.125,99454.625,102615.75,103144.75,102897.625,102822.625,100390.875,102665.75,88855.25,102713.75,102735.75,100498.125
94161.25,101882.125,99230.625,101652.375,97260.375,98814.5,99149.875,97208.25,68549.0,100895.625,95466.25,101943.875,81505.75,97076.0,101357.625,99716.75,96012.25,100443.75,99916.0,102014.5,97076.0,98108.125,98311.5,101562.125,102189.625,101921.875,101619.875,98825.875,101659.625,88601.125,101561.875,101651.0,98973.75
93432.125,101101.0,98460.0,100769.125,96518.625,98136.0,98400.625,96572.0,67943.875,100142.875,94741.25,101176.375,81115.125,96463.875,100479.375,98915.5,95258.625,99616.875,99069.25,101246.375,96463.875,97449.625,97434.875,100800.875,101415.75,101152.75,100786.5,98150.875,100832.75,87916.125,100723.875,100764.5,98281.375
93576.0,102048.25,98620.875,101438.25,96672.625,98309.0,98566.75,96741.5,67780.375,100723.375,95383.125,101753.125,81350.625,96623.125,101456.125,99885.0,95804.875,100667.125,99124.25,102355.125,96623.125,97627.875,97583.125,101899.625,102427.875,101833.125,101614.5,98347.125,101528.875,88069.125,101517.125,101439.125,98468.25
93738.625,102162.75,98909.875,101769.125,96920.25,98540.125,98815.5,96969.625,68168.0,100766.0,95549.875,101785.375,81425.125,96851.5,101841.0,100189.0,95993.5,101014.125,99427.375,102575.0,96851.5,97841.5,97864.25,102079.125,102671.75,101894.875,101809.25,98556.5,101644.25,88146.625,101676.0,101778.75,98685.375
93938.75,102270.25,98967.0,102148.75,96996.75,98577.75,98865.375,97026.5,67955.125,101124.125,95719.75,102195.0,81317.875,96902.25,102077.0,100419.875,96157.5,101222.875,99604.75,102381.0,96902.25,97871.25,98071.75,101984.125,102470.375,102270.875,102204.875,98556.375,102054.875,88009.375,102091.625,102149.0,98703.75
93932.125,102192.5,98933.625,101900.75,96967.125,98569.75,98886.75,96986.625,67908.5,100996.5,95560.625,102056.625,81224.25,96867.0,101829.25,100211.625,96022.625,100981.125,99599.875,102323.25,96867.0,97875.125,98008.0,101903.0,102442.875,102132.0,101967.0,98591.75,101887.5,87875.875,101866.125,101905.5,98718.875
93482.375,101561.375,98457.875,101367.125,96508.125,98027.75,98386.625,96451.875,67655.25,100489.0,95046.5,101532.5,81085.375,96326.75,101251.125,99633.5,95527.375,100390.625,99123.625,101783.625,96326.75,97335.375,97575.75,101301.625,101904.625,101522.875,101389.625,98039.75,101336.0,87698.5,101299.875,101370.125,98196.0
92941.25,100944.625,97861.75,100713.125,95944.75,97518.75,97802.75,95981.625,67591.875,99858.5,94483.0,100882.75,81020.125,95867.25,100599.875,99015.875,94959.5,99756.75,98509.625,101132.25,95867.25,96826.625,96971.25,100683.375,101243.875,100918.625,100757.125,97514.25,100704.375,87624.875,100670.875,100715.875,97651.625
92753.375,100612.625,97704.5,100454.375,95780.125,97360.875,97633.125,95819.625,67484.375,99557.625,94281.25,100569.75,80962.75,95705.0,100363.625,98782.0,94724.75,99543.625,98298.5,100771.875,95705.0,96678.25,96695.375,100351.5,100885.0,100591.875,100492.875,97350.375,100424.625,87571.0,100401.5,100455.375,97489.875
93051.5,100709.0,98020.125,100713.875,96051.125,97667.625,97900.5,96148.25,67326.625,99693.625,94675.5,100728.625,80862.375,96033.0,100611.0,99080.5,95136.375,99812.75,98626.25,100747.375,96033.0,96971.875,97105.25,100379.75,100837.625,100783.875,100728.5,97653.25,100604.0,87523.875,100630.125,100714.25,97779.0
93346.25,101494.5,98453.5,100975.75,96472.0,98193.75,98404.625,96630.75,67658.5,100134.25,95061.625,101188.75,80939.25,96519.5,101071.75,99548.5,95511.5,100303.25,98979.5,101621.5,96519.5,97487.0,97438.875,101234.5,101721.125,101330.375,101110.25,98196.5,101019.25,87593.625,100998.375,100980.25,98306.25
93818.5,102133.5,98958.5,101668.375,96971.875,98608.125,98894.0,97011.375,67776.25,100816.0,95669.375,101889.25,81135.375,96882.125,101703.75,100190.75,96130.25,100924.625,99572.0,102266.125,96882.125,97901.5,98038.5,101850.375,102375.875,101990.25,101773.625,98610.25,101736.125,87785.375,101675.75,101673.625,98745.875
94046.25,102029.375,99181.375,101803.0,97194.875,98801.625,99120.625,97199.625,67807.5,100904.0,95645.25,101972.125,81099.25,97082.125,101694.875,100111.875,96122.875,100864.75,99831.0,102108.625,97082.125,98108.875,98197.375,101698.125,102220.875,102010.625,101828.25,98834.0,101777.125,87788.625,101741.375,101806.125,98959.5
94133.875,102108.25,99228.875,101759.625,97242.875,98847.25,99164.25,97270.625,67676.0,100926.25,95683.375,101983.625,81047.375,97153.5,101718.75,100143.0,96158.875,100895.75,99841.0,102245.75,97153.5,98140.75,98217.875,101804.0,102370.75,102017.25,101863.625,98855.75,101795.875,87697.0,101772.0,101763.5,98986.0
94247.0,102059.625,99320.5,101799.5,97343.75,98958.625,99264.625,97363.5,67787.375,100941.75,95634.625,101991.25,81180.375,97240.875,101659.25,100068.25,96113.875,100808.5,99933.0,102234.125,97240.875,98256.75,98291.5,101785.0,102378.5,101997.75,101811.625,98983.75,101768.25,87890.375,101728.75,101803.375,99113.0
94156.125,101970.0,99273.25,101753.5,97294.125,98933.0,99214.125,97347.125,67938.0,100872.25,95650.125,101922.25,81297.375,97229.75,101593.875,100029.625,96138.0,100765.5,99853.875,102235.875,97229.75,98232.0,98222.375,101756.625,102364.25,101895.875,101739.25,98957.375,101698.375,87993.625,101653.625,101754.625,99082.5
93971.875,101697.375,99061.625,101493.25,97093.875,98680.875,99027.5,97081.75,68007.0,100593.625,95394.125,101653.125,81189.875,96954.5,101350.375,99769.0,95889.375,100511.25,99698.25,101932.75,96954.5,97997.0,98045.25,101468.625,102063.125,101604.75,101480.5,98730.125,101425.875,87888.75,101398.875,101494.125,98861.75
93627.5,101640.625,98612.0,101238.0,96675.125,98227.125,98550.25,96647.875,67925.5,100424.625,95094.125,101472.75,81026.5,96522.75,101088.75,99510.375,95544.75,100262.375,99238.125,101838.75,96522.75,97538.875,97645.25,101395.0,101953.5,101517.5,101243.875,98245.0,101224.125,87676.25,101168.0,101239.25,98393.0
93631.5,101502.25,98589.125,101093.125,96652.75,98236.0,98546.625,96658.0,67926.375,100354.5,94962.75,101391.875,81113.0,96538.875,100934.625,99365.125,95419.375,100090.25,99174.0,101717.0,96538.875,97551.875,97556.875,101274.75,101831.75,101419.875,101139.875,98269.0,101150.125,87745.0,101071.25,101090.25,98399.875
93075.5,101267.375,97811.0,100720.75,95931.875,97396.375,97753.25,95879.625,67385.0,100146.125,94608.625,101167.75,81016.875,95759.25,100530.25,98971.125,95039.875,99683.375,98472.75,101493.75,95759.25,96708.125,96993.0,101032.5,101600.125,101193.625,100818.875,97398.5,100880.5,87623.625,100755.75,100717.875,97545.125
92319.125,101106.375,97072.625,100126.25,95188.625,96765.75,96997.625,95279.125,67230.5,99802.0,94158.0,100813.375,80888.625,95173.375,100056.0,98555.375,94589.0,99258.625,97633.5,101496.625,95173.375,96087.875,96291.125,100964.375,101635.375,100870.75,100285.0,96774.75,100411.875,87495.625,100233.875,100123.625,96881.75
92385.875,100559.625,97531.0,99935.125,95570.5,97166.625,97410.625,95654.375,67511.625,99298.0,93984.0,100313.375,80915.875,95538.75,99964.75,98398.25,94413.625,99142.75,97898.25,100982.0,95538.75,96478.5,96353.375,100392.0,101129.25,100361.625,100057.5,97150.125,99972.875,87485.125,99957.0,99927.75,97282.0
93000.75,100804.0,98024.625,100850.375,96104.625,97641.625,97952.75,96098.875,67646.0,99811.5,94743.875,100851.0,80941.875,95982.25,100814.875,99279.875,95185.125,100017.125,98636.625,100758.125,95982.25,96966.875,97121.75,100423.75,100878.5,100788.0,100950.375,97640.25,100796.625,87531.875,100845.875,100853.25,97774.5
93668.25,101569.125,98748.75,101384.5,96794.375,98393.375,98680.375,96876.375,67980.75,100395.875,95302.5,101427.25,81133.75,96759.625,101356.125,99786.375,95792.375,100527.625,99334.25,101571.625,96759.625,97676.125,97820.25,101207.5,101692.375,101514.125,101444.625,98359.5,101310.0,87722.5,101345.75,101392.25,98498.125
94194.625,101704.25,99347.125,101667.75,97375.375,99012.875,99312.0,97410.625,68121.0,100715.25,95480.5,101782.75,81297.0,97283.5,101504.75,99900.875,95974.75,100651.5,99916.5,101697.0,97283.5,98328.25,98218.125,101325.0,101826.5,101778.375,101660.75,99071.625,101609.75,87973.25,101579.875,101666.625,99169.625
94463.625,102276.5,99549.5,102052.375,97580.875,99185.75,99494.875,97583.0,68159.625,101208.25,95938.75,102258.75,81353.875,97454.75,101943.75,100372.625,96419.5,101126.25,100174.625,102335.125,97454.75,98494.875,98553.75,101937.875,102447.25,102283.75,102104.75,99230.25,102058.25,88009.875,102021.875,102054.5,99345.5
94339.375,102234.125,99383.875,101908.125,97437.875,99006.875,99331.5,97410.375,68344.75,101123.625,95803.625,102173.75,81442.875,97279.125,101764.0,100185.75,96299.75,100913.75,99984.875,102370.375,97279.125,98322.125,98418.125,101927.125,102501.0,102199.125,101957.25,99045.5,101954.75,88102.75,101882.625,101910.25,99178.125
93719.375,101441.125,98638.625,101122.125,96722.25,98268.625,98589.625,96697.5,68333.25,100440.25,94997.125,101473.625,81274.875,96580.5,100861.375,99302.625,95486.375,100011.125,99254.125,101596.375,96580.5,97592.375,97643.0,101149.625,101744.625,101453.875,101138.25,98301.75,101184.125,87821.25,101076.125,101120.125,98431.875
93171.875,100851.875,98097.125,100570.75,96210.75,97731.375,98036.0,96200.875,68308.0,99916.125,94519.125,100937.875,81229.125,96084.0,100310.25,98765.875,95014.0,99472.625,98668.75,100956.25,96084.0,97053.25,97147.375,100533.75,101110.25,100913.375,100597.875,97730.875,100635.75,87721.25,100528.75,100567.375,97874.125
93410.0,101233.625,98284.625,100879.25,96406.125,97946.75,98252.375,96419.125,68376.125,100093.125,94998.0,101095.5,81224.25,96302.25,100816.125,99321.125,95435.25,100054.25,98851.625,101435.25,96302.25,97282.0,97329.25,100992.75,101530.125,101155.75,100964.0,97985.25,100902.625,87800.375,100876.125,100882.0,98096.75
93393.375,101407.875,98226.375,100796.125,96350.625,97774.125,98180.625,96231.125,68118.375,100135.25,94869.875,101133.625,81133.125,96110.25,100688.0,99178.25,95330.625,99900.875,98868.625,101737.125,96110.25,97098.5,97431.875,101237.25,101884.125,101211.375,100855.25,97801.875,100871.375,87685.375,100781.75,100798.5,97938.875
93268.625,100897.0,98234.375,100503.125,96322.625,97900.0,98190.875,96376.5,68283.25,99869.625,94648.75,100884.5,81082.625,96262.25,100387.75,98902.125,95140.25,99616.875,98826.75,101076.875,96262.25,97226.0,97227.625,100627.625,101231.0,100907.5,100612.25,97918.625,100630.875,87635.25,100539.375,100499.5,98031.5
93786.125,100908.625,98722.125,100965.5,96839.125,98413.375,98691.5,96902.5,68712.25,99943.75,95245.125,100979.125,81177.375,96800.25,100933.5,99470.25,95747.25,100167.5,99377.625,100980.75,96800.25,97739.0,97836.875,100602.5,101074.125,100975.875,100992.375,98454.125,100851.875,87906.0,100884.5,100971.5,98552.125
93495.375,100632.0,98291.625,100714.5,96432.25,97886.625,98249.625,96354.5,68683.625,99822.375,94768.375,100850.0,81400.125,96237.875,100425.875,98866.375,95282.75,99565.75,98932.75,100686.125,96237.875,97225.75,97431.75,100281.625,100838.125,100782.125,100602.25,97927.875,100619.5,88178.125,100536.75,100716.0,98061.75
92548.625,100555.875,97191.75,100096.25,95374.875,96846.5,97143.375,95363.125,68016.75,99521.625,94105.125,100512.625,81020.625,95258.125,99812.0,98276.75,94545.625,98961.5,97829.0,100828.5,95258.125,96184.375,96453.625,100334.625,100955.125,100509.625,100113.75,96851.25,100184.625,87562.125,100051.375,100093.375,96972.25
92600.625,100490.875,97281.875,100163.25,95454.125,96975.75,97238.0,95498.25,68236.375,99559.875,94182.375,100543.875,81058.0,95397.375,99890.5,98355.5,94635.25,99038.75,97872.75,100650.0,95397.375,96312.75,96489.25,100194.375,100805.875,100531.5,100182.5,96975.875,100222.25,87469.375,100128.125,100156.75,97085.0
93107.75,100551.75,98043.125,100288.875,96161.0,97695.5,98019.375,96148.75,68371.625,99534.375,94451.75,100543.75,81032.0,96021.625,100214.5,98754.0,94909.125,99450.125,98641.625,100722.0,96021.625,97040.5,97015.5,100282.625,100829.0,100573.75,100380.75,97756.375,100333.875,87649.625,100287.75,100291.625,97862.25
92917.625,100448.875,97676.125,100176.125,95831.5,97279.125,97629.0,95736.25,67890.125,99322.875,94340.625,100338.25,80824.375,95612.75,100060.625,98581.375,94780.5,99297.0,98320.125,100706.875,95612.75,96619.625,96776.125,100261.0,100802.625,100383.875,100185.875,97292.375,100155.875,87398.375,100104.25,100178.25,97430.125
92748.375,100690.375,97521.375,100163.0,95663.0,97145.25,97468.5,95645.75,67595.5,99446.375,94304.75,100443.625,80763.375,95530.375,100065.75,98571.875,94730.625,99283.5,98099.625,100958.5,95530.375,96472.5,96631.125,100489.0,101069.625,100519.375,100265.625,97149.625,100249.75,87248.25,100188.25,100164.125,97273.25
92686.375,101433.25,97538.5,100516.875,95621.75,97257.25,97444.25,95760.375,67653.125,99915.125,94647.25,100922.75,80882.0,95642.375,100697.75,99153.75,95063.75,99942.375,98036.0,101757.5,95642.375,96549.75,96739.875,101307.0,101841.875,101122.125,100763.375,97211.0,100682.0,87378.625,100652.875,100527.5,97318.375
93072.0,101512.125,98169.75,101269.5,96210.125,97875.125,98091.25,96338.375,67427.875,100292.0,95141.625,101291.5,81023.0,96211.0,101375.0,99782.5,95534.5,100576.125,98633.0,101803.75,96211.0,97175.375,97191.375,101334.5,101891.125,101421.625,101378.875,97871.875,101202.25,87557.25,101253.375,101278.625,97986.375
93921.25,101835.75,99044.875,101776.625,97051.875,98718.75,98958.125,97147.375,67655.75,100681.375,95728.5,101726.875,81283.875,97020.625,101827.75,100282.0,96189.25,101052.375,99578.0,102169.375,97020.625,98013.0,98081.875,101698.0,102247.5,101727.125,101799.625,98715.0,101651.0,87871.0,101684.5,101786.875,98834.0
94321.0,102005.5,99476.75,101941.375,97488.375,99113.0,99396.875,97520.75,68311.375,100897.0,95825.375,101956.375,81412.375,97392.25,101922.875,100319.75,96309.75,101108.0,100077.25,102174.625,97392.25,98414.875,98474.25,101757.25,102289.125,101976.75,101946.125,99135.5,101821.625,88006.25,101832.375,101948.5,99263.375
94220.125,101652.125,99305.125,101625.5,97366.5,98911.75,99266.125,97327.75,68343.625,100698.125,95482.625,101764.0,81311.25,97190.625,101422.5,99821.0,96011.25,100558.375,99913.375,101659.875,97190.625,98242.125,98285.125,101286.5,101790.25,101734.0,101586.375,98977.125,101565.375,88065.75,101512.5,101625.0,99093.75
93668.0,101644.375,98563.5,101266.25,96658.875,98122.375,98487.625,96591.125,68176.125,100584.5,95082.875,101616.25,81138.125,96465.625,101063.25,99459.875,95528.0,100189.375,99205.125,101795.125,96465.625,97439.875,97617.5,101353.125,101931.125,101632.25,101312.625,98130.0,101349.0,87735.875,101243.125,101266.0,98276.25
93321.625,101269.5,98173.0,100872.875,96269.0,97792.5,98089.625,96282.0,68042.875,100232.375,94712.5,101245.875,81141.125,96160.125,100653.375,99083.25,95170.25,99795.0,98788.25,101465.5,96160.125,97103.875,97258.0,100998.375,101603.375,101266.875,100924.25,97782.875,100968.125,87644.375,100849.75,100873.375,97925.625
93908.0,101133.125,99032.875,101171.125,97078.0,98750.75,98952.625,97233.5,68308.125,100190.625,95358.0,101217.5,81303.375,97119.25,101131.125,99646.25,95864.0,100361.25,99550.625,101154.125,97119.25,98034.75,98001.75,100797.875,101266.375,101240.25,101214.25,98730.125,101109.875,87942.0,101109.25,101171.125,98845.375
94128.625,101501.625,99165.375,101430.25,97237.5,98827.625,99133.25,97241.375,68347.625,100528.5,95372.375,101577.75,81239.125,97112.125,101257.375,99667.625,95886.625,100427.625,99752.375,101473.375,97112.125,98151.125,98131.125,101109.75,101603.75,101571.375,101439.375,98873.875,101391.75,88114.25,101360.75,101431.875,98987.375
93655.75,101334.75,98575.625,101121.25,96678.75,98224.375,98529.625,96667.0,68097.0,100401.875,95067.75,101425.0,81205.0,96540.625,100919.625,99354.25,95545.75,100067.625,99191.625,101369.25,96540.625,97550.375,97678.125,100985.0,101522.25,101404.625,101158.625,98259.0,101184.875,88038.875,101089.5,101118.625,98373.5
93210.375,101382.0,97930.75,100859.25,96070.25,97552.0,97858.375,96066.375,68042.25,100298.625,94794.5,101311.375,81204.375,95949.75,100685.25,99120.375,95210.0,99842.5,98564.75,101585.25,95949.75,96867.375,97111.75,101127.5,101738.25,101327.125,100943.25,97534.125,101016.25,87824.625,100880.625,100859.5,97658.875
92937.375,101088.5,97658.125,100537.375,95789.875,97312.125,97596.625,95810.75,67811.75,100038.125,94533.25,101045.75,81226.25,95727.375,100341.125,98808.625,94986.5,99512.5,98283.375,101365.25,95727.375,96640.75,96857.0,100869.625,101520.0,101066.625,100634.75,97316.375,100705.375,87799.125,100572.125,100535.5,97432.25
92382.875,100596.75,97241.625,99936.0,95379.125,96908.875,97172.125,95438.125,67838.5,99509.5,94073.125,100500.25,81183.625,95344.875,99722.625,98288.25,94514.625,98962.375,97784.375,100868.125,95344.875,96243.125,96364.5,100385.75,100995.75,100560.375,100020.0,96903.75,100125.25,87663.5,99959.75,99928.125,97029.875
92545.125,100014.75,97422.625,99872.75,95563.375,97075.75,97360.0,95574.875,67766.0,99072.625,94121.625,100083.25,80993.875,95484.5,99818.75,98355.125,94581.375,99064.125,97978.625,100129.125,95484.5,96410.5,96542.0,99719.875,100282.25,100102.375,99956.75,97094.875,99864.125,87412.0,99844.25,99872.0,97203.125
92596.0,100272.5,97467.875,100041.125,95594.75,97193.125,97410.25,95727.5,67799.0,99166.0,94232.125,100175.625,80834.625,95653.625,100009.75,98552.25,94686.0,99245.625,98053.25,100305.25,95653.625,96509.875,96589.625,99949.125,100414.75,100265.0,100160.375,97185.375,100058.75,87229.75,100066.5,100045.875,97284.75
93062.5,100787.125,98049.125,100605.5,96151.875,97745.0,98019.625,96230.125,67959.625,99596.875,94734.875,100618.0,80875.5,96136.875,100701.5,99199.5,95188.625,99955.125,98615.875,100886.375,96136.875,97067.75,97102.0,100509.5,100979.375,100739.5,100727.25,97770.25,100567.75,87311.875,100599.125,100614.875,97869.125
93680.125,101410.5,98565.5,101269.0,96640.125,98135.25,98483.5,96584.375,67899.375,100309.25,95407.625,101338.5,80934.5,96477.75,101252.5,99775.875,95873.875,100494.5,99215.5,101491.125,96477.75,97458.125,97825.125,101116.125,101587.75,101394.75,101304.875,98162.375,101208.375,87484.0,101202.875,101274.125,98284.75
93816.875,101788.25,98714.875,101359.375,96806.25,98294.25,98669.375,96757.25,67740.0,100584.25,95519.5,101609.375,81042.75,96667.5,101322.625,99847.625,95978.75,100556.625,99337.5,101942.375,96667.5,97601.75,97878.75,101516.875,102052.625,101696.875,101457.0,98311.375,101424.5,87520.5,101369.0,101364.5,98440.0
93666.375,101561.375,98645.375,101171.125,96714.0,98266.25,98581.375,96711.0,67852.875,100395.25,95278.875,101396.0,81038.5,96616.625,101167.0,99689.625,95751.0,100408.625,99256.25,101791.5,96616.625,97574.375,97777.375,101338.25,101899.375,101456.25,101259.5,98268.5,101213.25,87521.375,101172.875,101178.5,98403.0
93997.5,101627.125,99099.75,101444.625,97149.25,98768.25,99036.125,97231.375,68058.5,100520.75,95488.25,101549.0,81215.25,97141.875,101438.25,99898.125,95983.625,100645.75,99669.125,101806.25,97141.875,98079.5,98090.0,101375.5,101919.875,101604.375,101521.875,98788.75,101435.75,87823.875,101418.25,101451.375,98896.875
94262.625,101656.625,99285.875,101568.75,97369.0,99003.75,99265.375,97450.125,68523.75,100656.125,95540.125,101692.125,81443.125,97365.0,101403.5,99866.5,96030.5,100604.375,99864.625,101762.25,97365.0,98324.75,98213.875,101348.875,101891.625,101692.375,101549.625,99050.75,101521.375,88181.875,101469.25,101568.625,99140.875
94120.0,101374.75,99084.375,101256.75,97185.875,98772.75,99047.625,97235.25,68810.75,100410.25,95347.5,101449.125,81372.875,97137.0,101027.875,99495.0,95862.0,100193.875,99654.25,101435.625,97137.0,98103.5,98080.125,101030.875,101569.375,101409.625,101229.25,98820.625,101237.625,88318.875,101164.0,101255.125,98917.125
93813.75,101002.125,98736.125,100923.0,96845.875,98368.875,98688.25,96821.25,68815.625,100143.75,95113.75,101165.375,81649.75,96722.0,100708.375,99207.0,95626.625,99889.875,99341.125,101008.25,96722.0,97697.0,97800.375,100634.375,101155.5,101116.375,100910.75,98403.625,100929.5,88658.75,100847.875,100923.25,98525.0
93439.0,100693.125,98280.75,100559.125,96405.25,97933.375,98235.5,96399.0,68402.75,99816.625,94697.5,100829.375,81735.125,96310.25,100307.875,98788.375,95207.125,99479.25,98892.5,100705.375,96310.25,97258.375,97360.5,100336.0,100858.75,100803.375,100548.25,97958.875,100570.25,88580.0,100486.875,100557.5,98077.5
93062.375,100555.0,97858.75,100282.125,96003.875,97469.375,97821.625,95938.375,68062.875,99621.625,94347.75,100622.5,81177.5,95853.875,100000.5,98455.5,94840.25,99148.0,98505.625,100662.125,95853.875,96807.5,96934.875,100252.5,100806.625,100619.75,100281.375,97510.125,100325.25,88106.0,100219.125,100279.375,97627.625
92817.875,100441.75,97651.25,99985.875,95805.25,97270.25,97630.875,95759.0,67981.125,99413.125,94238.25,100410.625,81096.375,95665.875,99888.375,98459.125,94735.375,99133.25,98314.875,100574.5,95665.875,96616.125,96796.375,100140.75,100725.5,100453.125,100048.125,97316.25,100093.375,87726.25,99979.875,99988.125,97433.875
93138.375,100356.375,97992.0,100273.125,96127.375,97722.375,97942.0,96256.75,68384.375,99319.25,94462.125,100331.0,81123.375,96165.125,100115.375,98620.625,94942.875,99309.375,98578.375,100453.0,96165.125,97039.375,97047.75,100056.75,100568.125,100369.625,100268.125,97718.625,100203.875,87748.75,100180.125,100274.25,97814.0
93460.0,100822.875,98464.375,100573.25,96545.5,98110.25,98417.25,96575.625,68401.25,99750.5,94867.125,100759.25,81071.625,96479.375,100454.0,98998.5,95362.375,99670.625,98967.625,100931.5,96479.375,97438.0,97392.375,100552.125,101021.0,100798.5,100609.5,98137.5,100578.5,87673.625,100532.0,100575.0,98253.5
93310.375,100841.0,98199.375,100443.125,96309.375,97847.875,98154.125,96308.875,68109.0,99721.5,94693.75,100715.375,80948.375,96201.75,100292.875,98818.5,95193.75,99504.625,98800.5,101029.875,96201.75,97167.75,97277.75,100596.25,101164.375,100765.0,100480.125,97863.625,100484.5,87531.125,100404.0,100446.0,97988.5
92995.375,100682.375,97823.375,100299.125,95952.125,97443.875,97781.0,95926.375,67906.125,99637.875,94380.125,100644.5,81002.25,95826.875,100128.625,98605.0,94864.25,99302.75,98434.625,100885.25,95826.875,96771.625,96923.25,100436.625,101028.125,100652.625,100347.75,97453.375,100361.75,87514.625,100275.125,100298.0,97584.75
93181.125,100703.5,98286.75,100629.125,96342.625,97970.375,98180.5,96473.125,68181.375,99616.0,94739.875,100610.625,81154.5,96387.5,100689.875,99144.25,95196.375,99903.25,98751.375,100896.625,96387.5,97275.875,97186.375,100486.875,100963.0,100682.75,100734.125,97950.625,100528.25,87610.25,100600.625,100634.875,98074.125
93887.625,101376.125,98921.875,101278.5,96991.0,98558.125,98865.5,97006.75,68341.375,100335.75,95348.25,101365.875,81189.0,96905.125,101198.75,99669.75,95842.5,100385.375,99582.5,101369.625,96905.125,97875.25,97963.25,101008.0,101494.25,101429.125,101300.625,98589.25,101226.125,87653.0,101206.125,101279.875,98703.0
93598.375,101163.875,98529.25,100995.875,96628.875,98093.375,98481.5,96533.25,68399.125,100087.75,95002.125,101106.0,81013.625,96427.625,100874.625,99346.5,95510.375,100065.875,99208.25,101308.25,96427.625,97432.5,97665.125,100894.125,101450.375,101109.875,100995.125,98146.625,100945.0,87585.25,100913.75,100998.0,98275.5
93084.625,101090.0,97942.25,100776.125,96052.125,97552.625,97872.75,96055.0,68037.0,99996.5,94661.75,101023.375,80930.875,95960.125,100616.375,99055.75,95109.625,99783.125,98553.5,101251.875,95960.125,96884.75,97065.875,100815.375,101373.625,101047.875,100810.5,97557.125,100799.5,87464.25,100736.875,100773.375,97699.75
93188.125,101058.125,98116.125,100625.375,96234.75,97801.25,98085.75,96295.25,67638.5,100005.625,94704.875,100996.875,81058.25,96211.0,100537.375,99057.875,95140.0,99753.875,98670.25,101231.125,96211.0,97131.625,97084.875,100788.75,101364.125,101048.375,100739.125,97828.375,100741.625,87604.5,100659.625,100625.25,97930.125
92997.0,100971.5,97914.625,100432.875,96029.75,97590.0,97876.375,96073.75,67567.5,99809.25,94601.25,100803.875,81030.5,95983.25,100394.75,98906.875,95058.25,99612.5,98507.75,101141.625,95983.25,96923.75,96963.625,100700.375,101272.125,100895.125,100537.375,97616.5,100558.5,87545.0,100454.5,100439.75,97729.25
92829.875,100726.625,97814.625,100239.125,95929.125,97539.25,97789.75,96013.0,67658.25,99648.25,94373.375,100642.75,80975.0,95925.625,100127.625,98655.75,94829.875,99347.5,98330.625,100852.0,95925.625,96879.0,96733.375,100437.0,100998.625,100709.25,100313.0,97580.625,100361.75,87467.125,100243.125,100239.0,97677.125
93014.625,100679.5,97918.875,100387.0,96052.25,97556.5,97866.375,96046.875,67885.625,99659.875,94511.5,100659.875,81082.25,95953.25,100363.625,98864.0,94968.125,99587.125,98489.25,100808.5,95953.25,96897.875,96983.75,100412.25,100925.875,100694.625,100476.5,97583.75,100438.75,87613.75,100385.5,100386.75,97706.125
93112.0,100802.25,97972.875,100546.875,96102.0,97628.125,97906.375,96155.0,68257.25,99691.75,94601.375,100680.25,81194.5,96073.75,100554.0,99051.375,95044.75,99763.25,98471.375,100994.375,96073.75,96962.75,96989.875,100581.125,101060.75,100773.0,100630.75,97629.625,100530.375,87710.0,100531.625,100553.0,97752.25
93187.625,100762.0,97955.875,100581.625,96122.625,97557.25,97939.25,96055.375,68050.75,99620.5,94708.375,100609.0,81094.875,95963.875,100561.25,99075.0,95139.25,99783.375,98588.625,100877.375,95963.875,96915.875,97065.25,100489.125,100972.0,100718.25,100657.875,97606.75,100526.75,87630.875,100549.25,100587.875,97725.5
92847.875,100582.375,97565.75,100351.75,95712.375,97156.25,97471.0,95715.0,67868.875,99493.375,94577.875,100493.625,80757.375,95626.125,100304.875,98829.0,95040.25,99525.0,98168.875,100729.0,95626.125,96473.75,96863.375,100318.5,100842.25,100566.625,100400.25,97133.625,100335.625,87265.125,100304.125,100355.625,97271.625
92951.25,100315.125,97841.375,100210.0,95958.875,97549.625,97758.75,96036.875,67556.875,99310.0,94484.75,100305.5,80607.5,95941.125,100113.75,98688.5,95005.125,99352.25,98321.5,100418.5,95941.125,96888.0,96907.75,100027.375,100525.125,100340.0,100207.625,97572.625,100157.75,87125.0,100116.875,100212.625,97678.875
93098.625,100625.875,98036.875,100450.625,96146.625,97761.25,97966.625,96237.125,67659.75,99598.125,94778.375,100593.0,80664.375,96144.875,100461.25,99034.5,95264.125,99705.875,98486.5,100704.0,96144.875,97085.75,97073.75,100317.875,100804.125,100662.0,100558.875,97758.375,100469.375,87198.75,100454.125,100453.625,97876.875
93244.375,100984.625,98218.125,100690.5,96315.5,97925.25,98143.25,96394.875,67717.5,99872.625,94896.375,100866.75,80807.375,96302.5,100688.375,99199.375,95371.75,99906.375,98675.5,101202.375,96302.5,97246.5,97250.0,100751.75,101325.5,100943.5,100792.5,97921.375,100705.0,87377.875,100684.625,100698.625,98044.625
93328.125,100850.0,98367.125,100648.5,96462.125,98083.0,98294.0,96549.25,67910.625,99705.625,94794.625,100685.75,80769.375,96457.0,100690.875,99173.125,95273.0,99901.875,98831.625,101153.5,96457.0,97405.625,97315.0,100673.75,101212.625,100778.5,100732.625,98082.875,100579.375,87359.625,100606.125,100657.5,98201.5
93654.75,100923.0,98641.625,100859.125,96758.75,98288.625,98583.375,96740.25,68047.875,99864.25,95013.5,100871.0,80825.125,96644.125,100783.875,99270.75,95560.0,99978.75,99185.625,100979.375,96644.125,97630.25,97672.875,100602.75,101072.5,100930.5,100866.75,98339.0,100767.625,87602.5,100758.875,100865.125,98454.5
93452.0,100829.75,98345.625,100683.75,96477.625,97960.5,98258.625,96429.5,67843.625,99841.625,94781.5,100849.625,80945.75,96327.625,100503.875,98996.75,95289.0,99685.0,98888.5,100916.25,96327.625,97298.25,97405.75,100518.75,101053.75,100855.375,100696.125,97978.75,100671.375,88061.25,100612.5,100684.125,98114.625
93477.5,100574.25,98420.5,100429.0,96550.5,98109.5,98359.0,96590.375,68132.625,99620.625,94800.5,100626.25,80985.75,96499.375,100312.25,98878.5,95375.75,99529.125,98951.375,100633.375,96499.375,97448.25,97456.625,100247.875,100769.75,100616.625,100484.5,98132.875,100480.375,87799.75,100413.25,100428.75,98243.375
93520.75,100323.375,98459.0,100276.5,96586.25,98100.25,98396.5,96544.0,68253.25,99442.625,94734.875,100451.125,81171.0,96440.875,100113.875,98679.5,95306.0,99328.875,98993.625,100350.625,96440.875,97447.625,97473.375,99976.5,100494.375,100420.75,100266.875,98151.25,100253.875,88316.625,100189.625,100277.5,98267.25
93262.875,100075.0,98168.5,99994.625,96313.75,97861.75,98109.375,96331.75,68270.375,99218.5,94377.375,100210.25,81300.0,96228.375,99796.625,98351.0,94927.625,99003.75,98673.5,100124.25,96228.375,97204.75,97131.375,99737.5,100264.75,100182.5,99973.5,97905.0,99973.875,88218.625,99904.625,99995.875,98008.625
93100.125,99966.75,97953.0,99840.5,96114.25,97647.125,97904.625,96106.375,68235.375,99049.25,94243.75,100045.875,81307.125,96007.5,99651.75,98196.875,94807.375,98859.125,98463.0,100063.375,96007.5,96999.25,96970.625,99655.75,100190.875,100023.625,99835.625,97696.25,99817.5,88232.125,99764.625,99841.125,97802.875
93047.5,100305.25,97862.0,99954.0,96025.875,97533.75,97790.875,96023.875,68260.625,99221.0,94260.875,100212.25,81099.0,95928.625,99847.0,98407.75,94779.5,99057.875,98392.875,100483.625,95928.625,96886.25,96882.375,100052.875,100590.5,100267.75,100019.625,97595.75,100012.25,88027.0,99952.75,99951.625,97680.75
93050.375,100268.375,97897.125,100048.25,96053.5,97568.75,97850.75,96016.25,68165.0,99176.125,94366.5,100165.125,81051.375,95913.125,99956.625,98533.375,94879.625,99199.5,98412.0,100495.25,95913.125,96917.375,96877.875,100054.75,100601.375,100202.75,100036.375,97622.75,100004.875,88147.0,99957.25,100052.375,97721.25
93085.375,100365.5,97927.125,100234.875,96082.5,97649.25,97855.375,96144.125,68193.75,99381.375,94464.25,100390.0,81098.25,96048.25,100115.25,98651.125,94950.625,99332.25,98428.125,100448.875,96048.25,96987.125,96969.75,100047.375,100580.875,100409.875,100254.5,97667.75,100246.625,88193.5,100182.125,100237.25,97772.0
93352.25,100554.625,98214.75,100402.5,96344.75,97879.5,98126.875,96349.875,68197.0,99607.375,94618.0,100600.125,81047.25,96255.875,100268.375,98808.0,95115.375,99481.875,98740.625,100629.75,96255.875,97214.125,97217.875,100246.5,100743.75,100611.875,100421.125,97893.375,100412.75,88104.125,100346.875,100404.375,98016.75
93240.375,100770.125,98120.625,100387.0,96231.125,97751.375,98023.0,96226.25,67910.75,99640.125,94613.125,100630.5,80779.75,96134.5,100263.25,98798.875,95149.375,99491.75,98699.5,101001.375,96134.5,97063.25,97204.0,100541.125,101122.875,100710.75,100435.125,97739.0,100445.375,87710.5,100358.875,100389.625,97872.375
92955.25,100796.625,97849.25,100290.625,95969.75,97519.25,97769.25,95974.75,67640.25,99719.75,94489.125,100712.75,80733.5,95878.75,100218.625,98752.625,94976.25,99441.5,98350.5,100992.125,95878.75,96847.75,96899.125,100551.75,101136.375,100775.5,100414.125,97526.625,100464.125,87410.875,100354.375,100291.875,97655.125
92805.75,100598.375,97739.375,100040.0,95867.375,97385.5,97666.25,95853.625,67985.875,99490.625,94230.125,100486.0,80768.125,95757.25,99968.625,98502.625,94712.75,99204.0,98235.375,100827.875,95757.25,96737.875,96711.625,100366.375,100945.5,100536.875,100168.125,97425.0,100216.5,87370.5,100102.875,100035.75,97546.375
92961.25,100237.5,97828.0,99969.0,95985.25,97475.75,97778.625,95963.875,68243.125,99214.0,94176.875,100217.0,80719.875,95869.125,99942.0,98439.125,94725.125,99149.25,98383.875,100416.25,95869.125,96818.125,96891.125,99978.875,100522.25,100235.375,100012.625,97505.875,99985.25,87485.25,99921.75,99976.375,97624.125
92964.625,100072.0,97788.0,100076.375,95958.5,97453.125,97730.625,95941.5,68128.875,99157.625,94225.375,100162.0,80821.125,95849.375,99940.25,98438.875,94756.375,99131.625,98350.75,100113.0,95849.375,96806.375,96872.375,99724.375,100245.75,100166.625,100051.125,97499.625,100030.625,87764.25,99974.375,100080.0,97607.625
92954.875,100251.875,97810.75,100123.625,95952.875,97488.375,97708.75,96013.375,68063.0,99308.625,94311.25,100316.625,80825.125,95929.375,99970.875,98481.25,94808.625,99161.0,98277.875,100331.75,95929.375,96819.875,96819.875,99941.75,100449.75,100351.75,100120.0,97492.25,100102.625,87710.0,100041.25,100125.0,97604.0
93300.375,100493.375,98315.25,100248.875,96422.625,98050.0,98239.25,96519.625,68244.625,99502.25,94746.0,100502.125,80862.875,96424.875,100202.25,98845.875,95281.375,99457.375,98812.625,100594.875,96424.875,97371.5,97288.625,100213.625,100714.0,100508.75,100319.5,98049.25,100296.0,87832.25,100244.375,100249.0,98159.625
93306.875,100641.75,98246.625,100354.125,96373.75,97912.75,98188.375,96369.25,68394.875,99607.5,94762.625,100613.25,80913.625,96267.0,100334.125,98933.125,95294.875,99590.25,98773.875,100729.75,96267.0,97253.625,97299.875,100348.25,100858.25,100664.375,100460.75,97947.125,100423.25,88018.125,100371.5,100361.5,98070.75
93205.5,100572.0,98062.75,100311.125,96208.25,97702.875,97992.0,96171.875,68498.75,99480.75,94499.75,100489.5,81013.25,96074.75,100196.0,98709.875,95023.625,99395.25,98596.375,100810.0,96074.75,97050.625,97129.625,100360.5,100949.25,100518.25,100356.625,97736.0,100345.25,87981.625,100282.5,100313.375,97857.5
93165.375,100516.625,98006.0,100342.625,96162.5,97630.375,97925.625,96111.25,68410.5,99498.875,94460.5,100507.875,81042.5,96006.125,100164.625,98700.75,94977.375,99385.25,98582.875,100713.75,96006.125,96976.25,97121.5,100281.375,100813.875,100510.75,100314.75,97659.125,100314.0,87922.625,100239.375,100345.375,97783.875
93145.5,100481.125,97934.0,100366.125,96099.125,97574.375,97857.5,96064.125,68348.0,99573.125,94486.875,100586.0,81106.0,95965.875,100181.5,98690.625,94997.5,99375.125,98471.0,100532.25,95965.875,96927.875,97007.5,100143.125,100678.375,100566.75,100356.25,97615.375,100350.25,87868.75,100278.75,100366.125,97730.375
92998.0,100565.75,97675.375,100347.625,95873.5,97276.875,97600.0,95786.0,67976.0,99637.0,94403.625,100643.125,81024.0,95694.875,100128.5,98599.125,94897.25,99289.5,98242.375,100629.0,95694.875,96631.625,96849.75,100248.0,100778.75,100608.125,100369.0,97307.0,100383.625,87750.75,100293.375,100347.0,97437.5
92751.25,100595.875,97286.75,100265.25,95507.0,96825.5,97204.125,95356.25,67975.625,99652.375,94260.125,100650.5,80933.375,95270.75,99979.625,98452.625,94758.875,99117.625,97894.25,100700.5,95270.75,96194.25,96599.25,100289.25,100852.75,100647.5,100272.875,96877.25,100319.75,87588.875,100218.125,100259.25,97000.375
92716.375,100351.75,97507.0,100066.375,95654.875,97201.875,97392.625,95742.75,68104.875,99451.5,94145.0,100445.25,80878.125,95661.375,99788.125,98255.5,94672.0,98932.625,97961.25,100424.875,95661.375,96535.25,96612.75,100022.125,100576.25,100426.375,100048.5,97179.5,100101.0,87515.125,99996.625,100061.125,97293.25
92792.625,99993.0,97666.0,99798.25,95811.0,97371.875,97599.0,95869.25,68155.375,99065.75,94090.75,100059.0,80712.875,95786.375,99690.625,98251.25,94619.125,98931.0,98166.25,100020.0,95786.375,96714.875,96666.75,99644.625,100151.875,100067.375,99852.125,97392.875,99830.125,87339.75,99771.5,99796.875,97493.25
92766.25,100139.25,97570.875,99949.25,95734.625,97253.875,97522.75,95753.0,67924.75,99105.25,94111.5,100114.75,80656.75,95659.625,99826.125,98328.625,94609.5,99038.0,98093.625,100212.625,95659.625,96597.625,96597.375,99836.875,100354.375,100142.125,99954.875,97275.75,99914.125,87347.875,99869.25,99952.5,97397.125
92630.25,100328.125,97489.375,99982.5,95614.625,97132.0,97428.5,95617.125,67887.25,99314.5,94216.5,100309.25,80688.375,95523.625,99862.75,98410.25,94661.5,99090.0,98000.125,100488.875,95523.625,96476.375,96530.875,100057.0,100600.0,100343.5,100049.75,97145.5,100085.375,87345.75,99979.875,99983.0,97276.5
92583.625,100333.5,97385.25,99909.875,95536.75,97025.625,97331.125,95550.625,67828.0,99329.5,94087.875,100321.125,80723.25,95460.5,99686.25,98221.125,94549.125,98881.5,97934.0,100496.375,95460.5,96367.125,96494.75,100091.375,100621.875,100342.375,99952.5,97049.625,100020.0,87381.875,99887.375,99905.25,97167.125
92661.5,100168.375,97619.375,99859.375,95714.25,97361.375,97535.25,95885.375,68363.0,99252.125,93981.375,100244.25,80715.75,95813.375,99602.5,98070.125,94451.25,98752.0,98003.0,100249.875,95813.375,96689.25,96476.625,99849.875,100388.75,100263.375,99854.875,97350.0,99918.25,87392.0,99791.375,99856.0,97444.375
93150.25,99988.75,98038.25,100059.625,96176.125,97703.625,98022.0,96168.375,68200.5,99119.375,94421.25,100123.75,81126.125,96069.625,99956.125,98494.875,94922.125,99167.875,98635.375,99977.625,96069.625,97048.125,97050.5,99630.125,100105.375,100086.375,100058.875,97767.0,99969.75,88047.25,99960.125,100065.0,97862.25
92572.375,99976.25,97316.375,99827.0,95484.5,96966.5,97262.875,95475.25,67921.125,99095.125,94036.5,100105.25,80899.25,95382.125,99598.375,98112.5,94502.125,98770.625,97915.25,100025.75,95382.125,96310.875,96455.125,99644.0,100173.5,100049.75,99825.125,96983.0,99849.375,87591.75,99768.625,99824.0,97104.125
92492.125,99816.5,97254.25,99618.0,95432.75,96908.0,97210.625,95425.5,67972.75,98956.25,93826.875,99948.875,80834.25,95342.5,99345.5,97901.5,94324.875,98546.375,97838.25,99951.25,95342.5,96263.625,96396.375,99528.75,100079.5,99919.625,99581.25,96944.125,99623.875,87419.625,99518.75,99612.625,97053.625
92745.125,99943.0,97536.25,99747.25,95702.25,97221.625,97507.25,95719.75,68167.125,99026.0,93951.625,100024.0,80906.375,95632.5,99517.875,98050.375,94451.875,98720.25,98101.125,100038.625,95632.5,96565.625,96570.625,99617.625,100181.75,100032.5,99721.75,97239.125,99766.25,87542.375,99654.5,99743.0,97356.0
92926.625,100188.5,97694.5,100015.0,95859.0,97325.0,97660.625,95806.5,68242.25,99323.25,94212.125,100329.125,80985.0,95702.75,99781.875,98283.5,94718.875,98979.25,98340.5,100179.875,95702.75,96685.625,96827.375,99812.5,100351.0,100306.25,100027.25,97389.625,100116.5,87857.875,99973.25,100010.25,97495.375
92850.5,100312.25,97551.75,100042.25,95735.75,97213.625,97528.0,95703.875,68143.5,99415.25,94154.75,100422.125,81057.25,95605.625,99740.375,98209.75,94649.125,98897.25,98185.5,100308.5,95605.625,96558.125,96686.625,99934.0,100469.625,100421.875,100015.75,97238.375,100137.375,87947.75,99966.5,100038.625,97353.875
92558.0,100194.0,97155.75,99862.0,95366.625,96734.625,97111.25,95253.875,68036.5,99233.75,93993.5,100222.875,80905.875,95163.0,99563.25,98029.5,94478.125,98717.125,97791.75,100371.0,95163.0,96092.875,96401.125,99960.75,100507.25,100228.75,99860.5,96774.25,99925.625,87705.75,99807.75,99858.0,96899.75
92491.5,100182.0,97080.75,99823.625,95295.25,96722.375,97037.75,95244.5,68022.375,99233.5,93913.25,100222.625,80874.75,95173.0,99531.125,97997.0,94385.375,98669.125,97705.75,100313.875,95173.0,96068.625,96321.75,99894.375,100442.0,100226.375,99836.5,96731.875,99901.125,87588.875,99777.875,99816.875,96853.75
92494.875,100107.875,97081.75,99804.875,95300.25,96793.75,97048.0,95358.0,67929.25,99195.125,93897.125,100183.25,80881.75,95280.75,99499.625,97970.5,94373.125,98646.125,97695.5,100214.0,95280.75,96135.25,96297.0,99804.25,100356.0,100177.125,99793.875,96790.5,99866.5,87595.25,99750.0,99800.5,96889.5
92725.875,100050.625,97647.375,99839.25,95756.625,97459.875,97562.125,96024.625,68263.875,99137.625,94108.0,100131.75,80869.0,95958.0,99706.625,98250.125,94573.625,98925.875,98041.875,100097.0,95958.0,96760.375,96582.0,99715.5,100249.5,100128.0,99879.75,97399.5,99864.75,87604.75,99792.875,99839.625,97498.0
93426.125,100007.625,98375.25,100080.0,96491.75,98072.125,98359.125,96535.0,68534.25,99122.75,94467.5,100130.375,81090.0,96441.125,99961.875,98492.375,95005.75,99180.5,98981.375,100041.125,96441.125,97411.625,97331.125,99679.125,100170.875,100113.125,100050.625,98132.5,100004.375,88055.0,99967.125,100081.75,98217.625
93252.875,100160.875,98121.875,100017.0,96274.0,97778.125,98090.75,96259.25,68662.125,99106.875,94463.0,100104.0,81311.5,96165.5,99929.875,98515.5,94978.625,99169.25,98734.5,100222.0,96165.5,97120.875,97194.0,99836.75,100366.625,100150.0,100039.625,97815.875,99994.125,88181.25,99951.875,100019.75,97927.625
93160.25,100545.5,97932.125,100179.25,96104.875,97601.5,97894.875,96099.75,68445.875,99417.125,94577.5,100414.25,81111.0,96007.125,100139.75,98702.75,95043.25,99377.5,98527.125,100657.5,96007.125,96947.0,97047.125,100259.875,100771.75,100497.0,100277.0,97631.125,100253.5,87968.5,100182.75,100181.625,97746.125
93199.5,100651.625,97944.5,100341.875,96115.5,97589.75,97894.375,96092.375,68516.625,99567.25,94675.875,100565.75,80992.25,96007.25,100295.5,98855.125,95132.125,99527.25,98531.875,100810.125,96007.25,96933.625,97090.125,100411.125,100896.75,100648.625,100438.875,97618.625,100404.375,87852.125,100348.75,100341.75,97738.75
93387.375,100769.5,98115.125,100475.75,96281.5,97762.5,98097.625,96234.375,68509.375,99716.0,94877.0,100707.5,80941.0,96142.125,100444.875,99020.25,95349.0,99694.5,98734.375,100921.5,96142.125,97121.125,97260.25,100511.125,101031.25,100752.0,100551.75,97825.125,100520.25,87814.375,100461.375,100478.875,97927.625
93311.125,100619.375,98158.625,100393.375,96296.75,97833.375,98134.625,96298.5,68398.25,99632.5,94680.0,100629.625,81003.5,96197.125,100258.5,98811.0,95177.25,99479.625,98781.75,100807.625,96197.125,97161.125,97270.625,100374.625,100924.5,100649.125,100432.75,97843.25,100426.625,87964.0,100351.625,100394.5,97956.625
93215.625,100523.125,98037.375,100247.375,96171.875,97701.375,97966.625,96191.5,68525.5,99540.375,94473.0,100545.875,81188.25,96098.875,100047.625,98571.875,94988.0,99255.625,98626.875,100622.75,96098.875,97028.75,97128.5,100229.625,100742.0,100567.5,100284.125,97692.25,100305.125,88128.125,100214.125,100246.125,97815.0
93334.25,100512.5,98166.125,100239.625,96314.0,97839.75,98150.5,96325.125,68675.75,99553.875,94574.0,100556.25,81432.5,96232.375,100127.25,98633.875,95101.625,99328.375,98793.625,100601.375,96232.375,97178.75,97224.25,100179.875,100740.75,100603.5,100248.875,97881.875,100310.75,88341.875,100183.875,100241.25,97988.0
93276.25,100589.125,98064.625,100356.75,96221.75,97693.0,98019.5,96175.875,68541.75,99660.125,94573.125,100677.5,81489.75,96079.375,100134.625,98647.25,95066.375,99332.375,98662.25,100662.375,96079.375,97036.125,97147.375,100264.375,100809.0,100674.625,100373.75,97714.375,100436.375,88340.875,100313.625,100351.25,97838.75
93035.5,100531.25,97720.125,100246.5,95912.125,97368.5,97689.75,95869.5,68397.25,99601.5,94444.0,100600.875,81181.375,95778.75,100048.75,98553.75,94915.875,99237.25,98338.25,100603.5,95778.75,96724.375,96890.875,100206.5,100735.5,100614.0,100287.75,97398.75,100318.625,87999.25,100212.625,100245.625,97517.125
93020.5,100506.25,97804.375,100175.5,95959.0,97528.125,97767.5,96009.5,68424.75,99511.5,94453.625,100503.75,81064.125,95917.375,100052.25,98575.0,94935.5,99280.0,98426.375,100624.625,95917.375,96847.125,96944.5,100221.5,100756.75,100537.75,100246.875,97515.75,100279.0,87860.375,100179.375,100171.625,97631.75
93031.625,100609.125,97810.375,100337.875,95964.125,97461.375,97780.5,95968.875,68328.375,99552.75,94525.375,100546.125,81040.875,95874.375,100215.75,98729.25,94985.0,99416.125,98414.125,100777.125,95874.375,96799.5,96928.75,100363.375,100899.375,100588.375,100390.5,97485.0,100367.875,87840.25,100301.625,100337.125,97599.25
93000.125,100624.875,97799.375,100252.625,95942.5,97510.5,97776.625,96005.0,68266.5,99512.0,94557.75,100504.5,80857.375,95919.25,100183.875,98759.125,95018.375,99426.0,98338.75,100906.625,95919.25,96839.5,96893.5,100431.875,101017.25,100578.625,100346.875,97527.75,100348.25,87611.25,100271.25,100253.875,97631.875
92902.25,100446.625,97703.125,99956.875,95845.0,97363.0,97662.0,95870.75,68308.75,99216.25,94399.5,100205.75,80697.875,95789.75,99948.125,98541.375,94870.5,99203.75,98265.875,100756.625,95789.75,96701.125,96835.875,100297.5,100877.625,100290.0,100072.75,97396.5,100029.375,87569.375,99975.625,99959.75,97508.625
92833.375,100131.875,97711.25,99672.125,95856.0,97397.0,97687.0,95907.875,68371.25,98862.75,94113.0,99862.125,80843.5,95820.375,99642.25,98223.0,94594.5,98896.0,98241.125,100558.875,95820.375,96730.875,96700.25,100042.875,100659.875,99942.75,99755.125,97433.125,99700.125,87698.5,99659.375,99676.375,97539.375
92797.375,100088.375,97570.75,99720.625,95735.625,97259.125,97549.375,95750.5,68189.375,99026.0,93991.75,100021.875,80965.0,95654.125,99601.0,98121.5,94483.875,98815.375,98138.625,100430.625,95654.125,96611.625,96611.375,99915.625,100580.0,100039.75,99692.125,97303.125,99723.375,87757.25,99621.875,99718.75,97409.0
92682.25,100404.75,97410.375,99938.5,95586.5,97081.0,97373.5,95585.5,68077.875,99337.0,94041.375,100331.5,80867.5,95496.125,99731.625,98226.25,94509.875,98913.25,97986.5,100624.375,95496.125,96433.75,96535.75,100172.375,100763.25,100367.75,99975.75,97105.875,100038.25,87716.0,99911.5,99933.625,97226.75
92843.0,100555.875,97553.25,100110.125,95728.25,97235.0,97519.625,95755.125,68035.625,99476.125,94224.0,100472.5,80855.375,95672.375,99928.5,98457.625,94672.875,99141.25,98113.25,100769.125,95672.375,96581.0,96624.25,100310.25,100886.625,100528.375,100177.75,97268.25,100220.5,87722.125,100108.375,100110.0,97381.75
92950.0,100520.75,97775.5,100154.25,95923.125,97464.375,97743.0,95970.0,68246.5,99394.125,94368.375,100388.25,80928.625,95884.75,100022.625,98565.625,94830.125,99252.875,98318.625,100748.125,95884.75,96802.875,96824.375,100311.375,100858.875,100436.125,100177.25,97485.0,100181.875,87835.75,100098.375,100154.75,97598.25
92987.625,100322.625,97743.375,100071.75,95893.375,97391.375,97708.75,95889.125,68102.25,99240.25,94310.125,100232.5,80867.0,95792.75,99963.75,98494.0,94768.5,99177.625,98346.25,100526.625,95792.75,96728.5,96829.625,100102.375,100633.375,100271.625,100079.375,97417.5,100064.5,87686.125,99997.125,100073.0,97535.625
92952.625,100161.625,97685.0,99931.875,95854.875,97348.25,97652.125,95852.125,68169.375,99113.625,94199.125,100102.0,80852.75,95758.0,99802.75,98344.5,94657.0,99013.5,98292.75,100329.5,95758.0,96694.375,96754.125,99908.875,100425.75,100130.75,99943.125,97385.0,99928.875,87692.875,99862.5,99934.25,97494.75
92913.625,100062.5,97653.625,99847.25,95823.625,97350.375,97621.25,95863.75,68206.5,99062.5,94126.75,100050.875,80964.75,95774.875,99677.25,98213.125,94614.5,98882.25,98231.25,100206.5,95774.875,96689.625,96727.125,99793.0,100303.875,100075.25,99852.0,97362.375,99848.0,87773.875,99774.25,99847.75,97479.5
92743.5,99868.625,97523.125,99637.875,95681.0,97184.875,97472.75,95697.75,68121.5,98881.75,93971.625,99873.25,80865.0,95608.25,99455.875,98004.0,94482.875,98671.0,98090.625,99989.25,95608.25,96520.75,96592.5,99582.875,100105.25,99879.625,99668.125,97181.5,99671.125,87764.375,99593.0,99635.875,97311.25
92617.25,99817.0,97371.0,99626.5,95541.0,97130.75,97350.625,95630.25,68113.5,98830.125,94000.0,99815.75,80731.375,95537.75,99566.0,98113.75,94461.5,98794.5,97923.625,99928.0,95537.75,96472.375,96421.625,99545.875,100020.0,99838.125,99693.75,97147.5,99619.5,87517.875,99604.5,99627.5,97246.25
92720.5,99955.875,97486.125,99721.25,95653.875,97173.5,97475.875,95674.25,68033.0,98918.625,94078.5,99903.625,80728.375,95579.125,99665.375,98235.0,94541.75,98907.0,98072.375,100113.25,95579.125,96518.5,96532.75,99721.25,100206.25,99930.0,99785.0,97211.625,99737.5,87559.25,99691.375,99722.125,97321.25
92809.125,100190.75,97502.25,99926.875,95689.5,97152.375,97476.5,95668.875,68048.125,99112.75,94287.25,100104.0,80860.375,95580.5,99877.125,98447.125,94748.25,99115.5,98106.875,100326.5,95580.5,96503.625,96659.875,99936.0,100415.75,100181.125,100002.625,97188.25,99938.75,87641.625,99902.375,99927.625,97312.0
92956.5,100364.375,97608.75,100141.75,95802.0,97229.625,97571.0,95762.25,68229.375,99345.0,94445.0,100337.125,80995.0,95673.75,100087.75,98653.375,94894.125,99330.0,98207.0,100417.875,95673.75,96578.5,96783.125,100070.375,100515.125,100386.625,100202.875,97264.75,100147.375,87796.125,100109.0,100147.125,97392.875
92977.5,100357.25,97632.125,100152.625,95832.875,97269.125,97598.75,95794.875,68332.5,99341.875,94429.875,100337.375,81067.625,95708.625,100087.25,98624.625,94879.75,99312.0,98256.75,100422.375,95708.625,96622.625,96859.875,100049.5,100533.625,100387.25,100218.25,97293.125,100183.0,87886.625,100130.5,100157.0,97416.75
92728.125,100132.0,97368.375,99881.5,95555.875,97047.125,97316.125,95580.75,68307.375,99127.375,94140.625,100117.625,80822.75,95498.75,99762.0,98295.875,94593.0,98970.125,97979.875,100245.875,95498.75,96391.25,96531.25,99849.25,100371.75,100148.625,99925.375,97063.625,99923.5,87654.5,99850.375,99881.875,97180.625
92812.375,99938.125,97719.125,99784.5,95851.125,97447.0,97655.0,95953.5,68218.375,99008.125,94101.375,100002.875,80944.875,95867.25,99674.0,98223.875,94571.375,98888.875,98163.0,100065.5,95867.25,96776.625,96655.125,99662.875,100197.125,100005.875,99809.25,97455.375,99777.25,87810.25,99722.375,99786.5,97553.875
92889.125,100109.375,97649.75,99993.0,95810.5,97335.125,97603.25,95853.25,68090.5,99137.25,94302.375,100133.875,80976.125,95762.625,99949.375,98504.625,94767.625,99193.0,98219.0,100152.5,95762.625,96678.875,96742.875,99806.75,100253.875,100164.375,100023.125,97360.25,99964.875,87836.125,99920.75,99998.5,97474.75
93039.0,100327.5,97740.75,100163.5,95917.75,97388.375,97697.75,95898.375,68042.625,99344.375,94469.375,100343.375,80900.375,95807.375,100060.25,98638.125,94924.625,99300.125,98324.125,100417.375,95807.375,96737.375,96884.125,100032.125,100512.75,100370.25,100189.875,97410.5,100155.25,87693.875,100104.125,100165.25,97535.0
93097.0,100409.0,97800.875,100235.375,95974.125,97458.25,97747.75,95970.0,68131.625,99403.0,94511.375,100403.625,81013.375,95880.375,100114.125,98665.625,94966.5,99339.0,98386.125,100507.625,95880.375,96803.5,96937.25,100112.25,100626.0,100427.0,100250.375,97476.0,100210.875,87807.125,100159.125,100236.75,97599.25
93062.625,100305.625,97763.5,100161.25,95939.0,97422.5,97706.625,95962.375,68232.875,99327.75,94411.0,100336.5,81115.625,95877.5,100012.875,98548.25,94879.75,99220.75,98345.125,100439.625,95877.5,96764.25,96894.25,100037.625,100553.625,100333.25,100169.625,97434.375,100145.375,87884.375,100089.5,100159.75,97560.125
93080.25,100307.875,97810.75,100087.75,95986.125,97572.875,97786.875,96126.0,68524.5,99252.25,94420.125,100245.125,81176.875,96049.25,99950.25,98510.5,94888.0,99169.0,98364.875,100468.0,96049.25,96906.625,96891.75,100049.0,100577.375,100279.375,100107.25,97577.0,100075.875,87961.5,100023.5,100088.75,97678.25
93139.75,100444.25,97935.5,100146.125,96095.875,97674.25,97923.875,96211.125,68287.25,99372.25,94520.375,100362.375,81147.0,96124.0,100067.5,98647.75,94979.625,99311.75,98448.375,100648.5,96124.0,97017.25,96921.75,100221.5,100752.5,100415.0,100190.0,97708.25,100173.5,88032.0,100103.0,100147.625,97807.625
93175.5,100573.25,97928.625,100241.5,96093.875,97632.875,97882.125,96149.875,68400.125,99501.5,94616.375,100491.875,81143.0,96062.875,100177.0,98772.375,95081.875,99418.75,98512.375,100827.25,96062.875,96962.75,97056.625,100379.875,100936.125,100542.625,100296.5,97628.375,100296.875,87953.125,100210.75,100244.0,97740.375
93162.625,100497.125,98023.75,100227.125,96148.0,97794.75,97955.75,96307.75,68458.875,99514.5,94508.25,100506.375,81068.25,96217.375,100116.125,98670.25,95002.75,99345.25,98549.625,100695.0,96217.375,97110.0,97066.5,100254.125,100818.125,100528.75,100263.75,97775.25,100273.0,87921.0,100187.875,100230.5,97887.5
93176.5,100205.625,98021.75,100135.75,96177.5,97742.875,98017.75,96218.875,68503.375,99288.75,94353.875,100295.375,81229.625,96117.0,99967.0,98495.375,94850.0,99170.375,98557.125,100270.75,96117.0,97081.375,96990.75,99880.25,100394.125,100302.0,100089.125,97760.0,100069.75,88184.5,100012.625,100137.25,97873.0
93012.875,100283.5,97747.25,100149.875,95920.875,97441.125,97708.5,95942.875,68299.5,99278.75,94412.25,100286.375,81198.875,95847.25,100008.5,98548.0,94872.125,99216.75,98321.25,100342.25,95847.25,96785.125,96868.0,99967.25,100451.875,100328.0,100169.125,97454.625,100096.5,88025.75,100076.5,100150.125,97576.0
93033.625,100541.25,97837.125,100246.125,95986.625,97548.125,97772.375,96065.75,68230.375,99488.5,94500.125,100491.125,80926.25,95977.0,100159.625,98688.875,94977.625,99372.375,98379.5,100664.5,95977.0,96863.75,96971.75,100276.625,100767.75,100533.5,100333.75,97534.125,100321.75,87869.375,100254.375,100247.375,97657.125
93273.875,100710.125,98158.375,100450.25,96274.875,97864.75,98091.625,96367.375,68159.5,99663.25,94688.5,100657.0,81014.25,96256.75,100371.625,98909.375,95160.625,99594.5,98666.75,100855.0,96256.75,97178.75,97195.125,100445.25,100959.75,100711.625,100524.625,97848.625,100496.75,88028.875,100439.25,100453.125,97970.0
93015.5,100694.75,97769.75,100319.875,95914.75,97468.75,97726.5,95979.125,67965.75,99599.375,94641.5,100599.375,80873.5,95880.25,100278.0,98849.5,95107.25,99518.375,98410.875,100899.625,95880.25,96797.75,97063.25,100468.25,101000.25,100657.5,100452.125,97467.125,100428.375,87741.75,100370.625,100319.25,97576.875
92673.25,100338.25,97623.875,99846.375,95745.875,97428.25,97598.75,95943.25,68129.25,99247.0,94091.375,100236.25,80703.75,95853.25,99739.375,98292.875,94571.125,98954.75,98143.0,100646.375,95853.25,96746.625,96601.0,100175.625,100753.0,100272.375,99926.125,97429.0,99962.25,87396.875,99855.5,99843.625,97520.5
93086.125,99978.125,97983.75,100025.625,96124.5,97636.25,97960.0,96128.0,68195.0,99015.0,94347.5,100015.75,80850.75,96016.0,100082.25,98581.375,94830.125,99312.0,98605.625,100113.625,96016.0,96977.25,96989.875,99686.5,100239.875,100021.875,100031.0,97681.75,99886.75,87924.125,99919.375,100036.625,97799.25
93317.375,100459.0,98171.5,100516.375,96309.125,97867.875,98135.75,96296.375,68087.5,99492.0,94716.125,100510.0,81208.75,96204.0,100470.375,98981.5,95186.375,99693.375,98758.0,100415.5,96204.0,97160.875,97224.0,100092.0,100528.125,100545.75,100532.75,97869.75,100407.375,88089.125,100424.25,100523.0,97993.125
93551.125,100873.375,98403.25,100726.75,96525.375,98099.0,98370.25,96585.125,68198.125,99823.875,94974.875,100837.625,81264.5,96484.5,100690.25,99223.0,95436.75,99915.875,98944.0,100949.75,96484.5,97416.25,97429.25,100580.5,101054.5,100880.625,100776.875,98101.125,100696.125,88217.875,100675.625,100732.5,98221.625
93671.875,101162.0,98569.5,100819.875,96695.625,98295.0,98542.375,96758.125,68353.375,100008.5,95088.125,101023.0,81446.125,96656.0,100773.0,99310.625,95561.125,99997.625,99104.0,101201.5,96656.0,97629.75,97581.375,100823.125,101337.5,101117.625,100894.75,98336.625,100846.5,88538.625,100804.625,100822.75,98430.75
93565.875,101092.25,98382.625,100720.75,96518.375,98049.0,98330.625,96518.625,68469.0,99942.25,94987.875,100951.125,81318.0,96412.0,100647.75,99185.5,95453.5,99863.75,98963.875,101224.875,96412.0,97379.125,97475.125,100818.25,101333.375,101023.25,100795.125,98065.75,100773.5,88274.375,100709.875,100722.75,98192.125
93606.75,101052.5,98509.0,100657.875,96630.375,98234.0,98441.75,96731.625,68773.125,99865.0,94980.375,100864.75,81299.25,96638.875,100633.0,99181.0,95455.125,99863.875,99034.75,101217.5,96638.875,97548.0,97498.875,100805.125,101319.875,100967.5,100765.125,98225.0,100726.0,88396.75,100676.625,100661.375,98335.875
93442.125,100940.5,98330.75,100592.75,96461.25,98032.125,98276.5,96507.0,68715.0,99765.625,94876.625,100766.875,81402.375,96398.75,100571.0,99122.375,95333.0,99808.875,98848.125,101082.375,96398.75,97365.5,97329.5,100681.0,101183.75,100862.625,100689.5,98054.25,100630.75,88312.0,100593.25,100600.5,98165.625
93381.125,100856.5,98207.25,100650.75,96346.625,97910.0,98152.25,96397.625,68501.125,99769.625,94833.5,100776.375,81224.625,96295.375,100552.625,99077.75,95288.875,99760.875,98734.375,101006.5,96295.375,97241.375,97241.75,100611.25,101105.875,100831.375,100699.75,97932.625,100680.625,88148.125,100619.5,100655.0,98041.125
93430.0,100885.75,98188.125,100634.75,96342.125,97866.875,98137.5,96360.25,68413.625,99758.5,94923.5,100757.625,81259.75,96257.25,100579.75,99123.75,95380.75,99805.125,98753.875,101055.875,96257.25,97205.0,97308.5,100654.125,101145.25,100852.25,100714.75,97895.25,100671.75,88175.5,100628.875,100640.375,98011.25
93482.0,101028.125,98202.75,100686.625,96367.875,97819.875,98154.75,96308.375,68386.0,99854.125,95026.0,100862.375,81297.75,96204.75,100687.0,99248.625,95480.0,99936.875,98806.75,101208.625,96204.75,97162.75,97385.5,100797.75,101305.5,100963.5,100789.75,97857.75,100744.625,88173.0,100695.75,100692.375,97986.0
93574.875,101136.125,98284.75,100760.875,96452.875,97896.375,98237.875,96382.0,68474.25,99998.625,95083.875,101011.75,81363.0,96279.5,100753.875,99314.0,95532.375,99999.375,98884.875,101306.75,96279.5,97244.75,97480.25,100896.75,101415.5,101070.5,100867.25,97919.125,100827.625,88248.875,100782.75,100762.0,98053.5
93584.5,101110.0,98278.125,100708.25,96450.125,97911.875,98239.625,96409.125,68441.625,99969.875,95042.625,100973.25,81409.625,96311.125,100686.75,99249.75,95492.75,99915.0,98875.875,101317.125,96311.125,97252.625,97413.0,100889.0,101425.75,101040.0,100822.375,97915.875,100797.875,88427.5,100737.375,100711.5,98048.875
93405.0,100955.625,98106.375,100581.875,96281.5,97758.25,98061.0,96248.875,68432.25,99839.375,94834.125,100838.5,81309.875,96148.25,100496.0,99047.625,95282.125,99723.625,98685.875,101165.75,96148.25,97101.0,97243.75,100740.625,101283.5,100890.75,100654.125,97771.125,100647.0,88182.75,100576.625,100584.0,97895.125
93204.875,100747.5,97905.875,100363.375,96082.5,97543.5,97843.25,96063.875,68463.75,99656.0,94579.75,100653.25,81132.5,95963.0,100238.625,98768.5,95039.5,99449.625,98485.75,100977.125,95963.0,96880.75,97038.75,100527.875,101092.75,100684.625,100416.375,97538.375,100431.125,87977.125,100344.75,100363.75,97668.0
93078.875,100614.375,97827.125,100252.125,95990.625,97586.875,97794.125,96092.5,68215.25,99549.75,94528.75,100550.125,81061.375,95998.875,100170.75,98701.875,94999.875,99374.25,98371.125,100818.0,95998.875,96926.0,96950.125,100381.0,100915.5,100586.125,100320.25,97574.625,100312.5,87994.625,100236.0,100251.0,97683.125
93004.0,100637.125,97881.875,100313.875,96002.375,97703.125,97823.5,96238.25,68512.5,99527.875,94725.0,100519.875,80904.375,96150.875,100328.25,98927.625,95204.375,99590.0,98440.625,100823.5,96150.875,97017.25,97091.125,100415.25,100926.125,100598.875,100420.625,97671.5,100358.0,87732.25,100312.625,100318.875,97763.875
93470.75,100701.125,98483.0,100555.5,96565.75,98245.875,98456.75,96705.25,68742.625,99603.0,94929.5,100597.5,81169.625,96606.625,100614.5,99205.875,95422.5,99889.0,99017.625,100878.0,96606.625,97572.75,97481.375,100477.0,100965.375,100687.5,100629.75,98268.125,100498.0,88226.0,100511.625,100563.875,98364.875
93643.75,100888.125,98538.25,100816.0,96655.75,98202.375,98502.625,96647.625,68659.25,99873.0,95059.5,100891.5,81426.25,96538.75,100767.375,99311.625,95542.25,99996.375,99119.125,100954.75,96538.75,97538.375,97577.25,100598.25,101038.625,100929.625,100858.875,98235.25,100779.875,88330.75,100760.875,100821.125,98354.375
93604.25,101111.25,98418.125,100874.625,96555.625,98050.0,98368.75,96510.125,68574.375,100029.625,95049.0,101046.875,81255.625,96399.625,100776.25,99302.625,95506.875,99991.625,99012.875,101205.0,96399.625,97390.625,97513.125,100835.0,101314.0,101103.125,100911.5,98071.875,100887.375,88165.75,100842.625,100876.75,98205.25
93557.75,101086.25,98343.5,100842.875,96488.0,97968.875,98288.875,96442.875,68466.5,100053.125,94949.5,101071.5,81251.5,96340.625,100708.375,99206.125,95416.625,99901.125,98945.125,101210.125,96340.625,97313.125,97445.25,100805.75,101326.375,101097.75,100864.0,97992.375,100869.5,88153.5,100807.625,100843.125,98121.75
93418.0,100984.5,98150.125,100727.25,96313.625,97807.375,98105.625,96302.0,68334.5,99984.75,94816.125,100995.0,81272.25,96202.5,100547.375,99040.125,95292.375,99725.125,98761.125,101107.75,96202.5,97144.625,97300.125,100705.0,101226.375,101000.75,100757.625,97811.5,100784.125,88161.875,100708.25,100726.375,97936.625
93181.875,100938.75,97896.75,100558.125,96052.25,97605.625,97839.0,96116.125,68416.0,99909.375,94681.125,100912.0,81200.5,96017.125,100366.375,98881.625,95145.375,99550.25,98463.0,101090.375,96017.125,96935.75,97076.125,100664.5,101219.625,100945.125,100619.25,97590.625,100668.5,88071.125,100571.25,100555.75,97711.875
93153.0,100955.625,97938.875,100543.5,96072.5,97679.875,97888.875,96183.5,68296.375,99920.375,94723.5,100916.25,81288.5,96083.5,100363.0,98917.25,95193.875,99590.75,98453.25,101119.375,96083.5,97004.875,97074.375,100689.125,101248.25,100955.125,100582.875,97662.125,100649.375,88124.0,100541.5,100540.625,97772.0
93111.25,100719.875,98001.0,100444.875,96130.625,97745.25,97929.875,96272.625,68374.0,99739.75,94605.875,100744.5,81294.125,96181.0,100295.375,98809.25,95058.0,99495.375,98471.5,100838.0,96181.0,97059.625,97018.125,100433.875,100966.25,100750.25,100459.25,97719.375,100464.625,88072.25,100404.75,100443.375,97820.0
93400.75,101145.625,98420.0,100996.5,96508.125,98128.375,98340.5,96603.5,68497.625,99993.75,95255.0,101002.125,81282.0,96501.625,101049.25,99604.5,95716.375,100304.625,98938.75,101214.625,96501.625,97449.25,97523.25,100858.875,101318.875,101097.5,101037.5,98116.375,100916.75,88046.375,100940.75,101007.0,98226.75
93758.75,101497.0,98766.75,101226.875,96868.25,98443.125,98736.125,96886.125,68378.5,100309.375,95430.375,101312.75,81274.375,96780.25,101225.875,99760.625,95905.25,100461.75,99363.375,101606.5,96780.25,97774.375,97861.125,101227.75,101713.625,101372.25,101278.5,98465.0,101205.375,88097.25,101193.375,101235.875,98585.5
93561.5,101542.75,98502.125,101220.5,96597.0,98185.25,98448.625,96630.25,68241.875,100400.5,95291.25,101399.875,81212.0,96530.125,101137.625,99636.875,95757.75,100342.5,99100.5,101698.625,96530.125,97502.5,97651.125,101299.75,101824.0,101432.25,101262.875,98173.5,101251.625,87959.375,101204.125,101225.625,98306.875
93570.5,101565.5,98521.0,101107.5,96617.125,98207.0,98470.625,96652.25,68093.375,100378.25,95206.875,101375.375,81139.5,96547.75,101094.75,99588.5,95675.375,100308.375,99130.5,101739.625,96547.75,97527.5,97633.75,101329.5,101856.75,101407.375,101213.125,98206.625,101199.25,87885.25,101141.0,101112.5,98328.875
93590.25,101316.5,98614.375,101150.125,96700.625,98305.375,98556.5,96750.375,68133.0,100266.625,95163.25,101270.25,81104.125,96649.125,101112.625,99576.375,95621.875,100302.75,99186.0,101431.5,96649.125,97620.875,97620.625,101033.75,101544.875,101279.25,101177.5,98303.5,101098.625,87869.25,101096.125,101157.375,98420.625
93688.0,101354.875,98735.5,101201.25,96823.0,98446.125,98695.5,96887.625,68118.25,100266.625,95183.125,101265.25,81190.75,96783.625,101148.75,99614.875,95632.875,100337.875,99299.125,101450.5,96783.625,97763.125,97722.125,101055.5,101561.25,101316.125,101233.25,98450.5,101152.5,87982.875,101153.25,101206.75,98563.0
93790.125,101358.75,98851.75,101214.5,96935.125,98548.75,98810.0,96984.375,68177.5,100296.875,95213.25,101291.875,81302.25,96877.125,101133.625,99630.25,95679.0,100338.75,99418.875,101470.375,96877.125,97866.375,97806.75,101071.0,101580.5,101348.875,101248.125,98555.875,101184.25,88177.25,101177.125,101219.5,98668.125
93780.0,101311.5,98859.625,101169.875,96944.0,98571.75,98813.375,96998.25,68328.875,100257.875,95154.125,101255.0,81372.875,96892.75,101073.0,99563.875,95634.625,100275.0,99396.625,101430.375,96892.75,97889.0,97778.875,101029.375,101533.0,101310.0,101205.875,98576.625,101144.75,88278.125,101131.125,101170.25,98690.5
93772.375,101428.375,98805.0,101191.375,96896.75,98483.25,98742.5,96932.5,68428.375,100325.75,95255.75,101330.625,81474.625,96827.5,101140.75,99653.875,95724.75,100360.375,99369.125,101588.75,96827.5,97800.0,97796.75,101176.625,101697.375,101386.875,101254.0,98471.0,101198.875,88390.375,101185.5,101196.125,98601.25
93857.0,101254.625,98907.375,101176.25,96997.75,98606.625,98869.375,97049.875,68496.75,100219.625,95250.375,101218.625,81538.75,96946.25,101161.125,99635.375,95722.75,100361.125,99467.75,101319.375,96946.25,97928.375,97867.125,100941.125,101428.375,101249.625,101230.125,98619.625,101133.875,88449.0,101145.75,101182.75,98733.0
93619.0,101421.5,98622.375,101142.875,96727.5,98272.625,98568.875,96731.25,68271.75,100286.25,95328.25,101301.375,81368.375,96625.25,101123.5,99666.0,95779.125,100353.875,99209.75,101479.125,96625.25,97594.75,97687.625,101103.375,101592.0,101375.75,101219.625,98268.0,101171.625,88221.625,101150.5,101146.0,98402.75
93438.0,101552.5,98396.5,101124.375,96491.25,98066.5,98342.125,96530.625,68186.375,100359.625,95274.625,101385.75,81244.625,96433.5,101137.375,99655.5,95711.875,100363.25,98953.125,101746.0,96433.5,97391.75,97478.75,101313.125,101852.25,101443.125,101223.25,98062.625,101190.625,88047.0,101153.875,101130.25,98193.875
93573.375,101427.5,98577.25,101151.875,96671.75,98258.75,98534.25,96714.5,68324.625,100265.5,95185.375,101267.125,81274.25,96615.0,101148.625,99590.625,95666.375,100341.125,99173.5,101680.75,96615.0,97583.125,97631.625,101229.75,101777.75,101345.125,101174.875,98276.25,101093.75,88056.75,101088.0,101162.25,98391.0
93616.5,101449.25,98601.625,101254.0,96695.25,98267.25,98545.5,96716.125,68297.375,100330.75,95263.375,101342.625,81287.75,96615.625,101187.5,99662.375,95723.0,100387.625,99202.75,101613.625,96615.625,97591.25,97678.0,101195.25,101712.75,101417.375,101266.125,98268.0,101209.5,88053.875,101195.625,101260.125,98392.625
93723.75,101611.375,98742.625,101337.125,96825.25,98471.875,98691.75,96928.25,68112.375,100442.625,95487.625,101464.125,81247.5,96831.625,101362.75,99890.875,95954.0,100598.75,99307.5,101728.25,96831.625,97781.875,97848.875,101344.125,101834.25,101563.25,101425.125,98468.375,101357.875,88023.375,101344.625,101344.125,98573.0
93766.625,101848.375,98729.125,101327.5,96817.0,98410.75,98682.75,96855.125,68231.625,100502.75,95590.375,101531.25,81141.875,96748.875,101396.125,99972.0,96056.125,100654.0,99335.375,102055.375,96748.875,97710.5,97929.125,101630.125,102153.5,101685.25,101479.125,98392.75,101417.0,87874.5,101392.625,101332.875,98523.375
94040.0,101880.5,99122.625,101580.125,97183.0,98866.5,99065.75,97312.875,68452.875,100673.125,95725.375,101695.25,81131.875,97214.5,101706.0,100213.5,96208.625,100929.0,99716.75,102064.625,97214.5,98155.375,98204.625,101651.75,102157.5,101785.5,101685.625,98841.375,101571.875,88022.75,101586.375,101593.0,98949.5
94235.125,101983.375,99253.625,101751.0,97332.125,98935.625,99222.5,97339.5,68514.875,100785.75,95753.25,101821.5,81556.125,97223.125,101697.0,100168.125,96231.75,100891.125,99902.5,102171.375,97223.125,98260.875,98310.625,101759.25,102258.375,101900.375,101788.0,98962.75,101713.625,88730.25,101706.5,101757.875,99079.875
94357.125,102042.125,99408.25,101815.0,97470.0,99106.0,99363.125,97539.875,68591.625,100950.25,95852.375,101981.375,81583.5,97439.5,101720.625,100183.25,96326.625,100897.25,100008.75,102129.625,97439.5,98414.125,98424.0,101739.5,102242.375,102036.125,101872.125,99101.875,101826.5,88763.25,101802.25,101817.375,99223.5
94565.5,102202.625,99686.0,101945.375,97725.25,99395.25,99623.75,97826.5,68851.5,101109.875,96064.625,102148.375,81631.0,97726.125,101888.0,100387.125,96562.125,101092.75,100240.75,102271.25,97726.125,98686.125,98670.125,101891.25,102386.375,102199.75,102014.125,99383.875,101966.375,88886.25,101935.25,101948.875,99505.875
94562.625,102250.375,99614.375,102042.875,97664.125,99290.0,99573.375,97692.375,68492.625,101152.0,96087.5,102198.375,81719.125,97576.875,101976.0,100471.5,96577.125,101175.0,100197.625,102356.0,97576.875,98595.125,98626.0,101958.125,102468.625,102252.625,102112.25,99299.5,102061.0,88933.5,102037.5,102046.25,99430.5
94363.125,102309.625,99333.875,101980.125,97392.125,98983.375,99260.0,97427.625,68415.0,101162.5,95993.125,102201.625,81633.5,97325.875,101908.375,100381.25,96452.625,101098.75,99941.625,102439.875,97325.875,98270.875,98440.375,102033.625,102553.25,102268.875,102058.75,98951.0,102034.25,88683.25,101996.875,101982.0,99087.25
94564.625,102114.25,99625.25,101971.0,97673.875,99279.5,99572.25,97708.625,68848.375,101031.75,96053.75,102067.75,81687.125,97607.875,101921.125,100415.25,96555.0,101129.75,100247.25,102240.25,97607.875,98582.375,98675.125,101838.25,102351.125,102106.75,102007.0,99288.0,101936.625,88709.75,101928.75,101978.125,99405.875
94378.5,101660.5,99466.375,101647.0,97526.0,99175.875,99442.0,97588.5,68905.5,100680.625,95687.0,101714.75,81587.625,97480.75,101528.75,99996.625,96196.625,100709.25,100057.5,101724.125,97480.75,98488.125,98401.875,101336.875,101858.875,101721.0,101616.25,99194.75,101561.625,88649.5,101547.125,101649.75,99309.125
94117.875,101398.625,99164.625,101351.375,97234.875,98792.625,99118.75,97210.625,68642.5,100455.25,95434.5,101497.25,81456.125,97093.875,101181.0,99672.5,95948.5,100366.125,99763.75,101403.75,97093.875,98108.875,98175.0,101029.375,101549.75,101475.625,101325.875,98820.0,101320.375,88627.0,101269.875,101350.875,98952.0
94037.625,101528.0,98999.375,101409.625,97084.125,98679.125,98951.0,97130.5,68422.375,100586.125,95494.875,101626.25,81433.625,97025.5,101239.0,99734.75,95989.75,100423.625,99623.75,101601.875,97025.5,97992.75,98087.25,101200.5,101733.875,101604.75,101412.25,98679.625,101424.625,88543.125,101359.875,101408.875,98806.875
93946.375,101843.25,98867.25,101503.625,96938.375,98582.0,98809.875,97028.75,68344.875,100767.25,95509.375,101796.25,81512.125,96929.375,101364.125,99847.25,95978.0,100542.375,99430.25,101988.375,96929.375,97891.875,97957.5,101551.125,102116.0,101828.375,101563.5,98565.875,101588.375,88468.5,101508.625,101503.75,98694.75
93736.25,101761.625,98623.0,101350.0,96713.375,98357.0,98581.875,96826.125,68207.75,100656.375,95332.5,101678.0,81482.5,96727.25,101195.0,99666.25,95799.125,100361.0,99167.5,101960.0,96727.25,97672.25,97758.5,101513.625,102099.75,101713.875,101404.5,98345.875,101431.125,88427.375,101345.25,101352.125,98467.125
93609.5,101566.875,98696.5,101195.0,96723.25,98430.625,98591.75,96894.5,68328.75,100520.5,95249.625,101534.5,81448.0,96792.25,101113.375,99631.125,95693.5,100328.5,99079.5,101701.125,96792.25,97720.25,97597.875,101268.875,101841.25,101568.625,101298.625,98379.5,101295.5,88357.125,101232.625,101195.375,98501.625
94525.0,101815.75,99782.125,101812.875,97800.0,99541.375,99754.875,97941.375,68696.75,100725.0,95891.5,101750.125,81530.5,97838.0,101869.875,100319.625,96394.625,101070.0,100303.0,101853.75,97838.0,98837.625,98594.75,101489.75,101941.25,101820.625,101879.625,99553.0,101687.625,88563.5,101766.0,101823.5,99655.25
94831.5,102460.125,99932.875,102289.375,97972.875,99582.375,99882.5,97969.375,68551.5,101375.625,96243.0,102424.875,81753.375,97861.375,102216.5,100664.375,96744.25,101396.125,100546.375,102493.5,97861.375,98894.125,98951.5,102128.375,102602.375,102484.0,102350.75,99604.625,102276.25,89058.0,102277.375,102291.5,99733.625
94599.25,102394.125,99659.875,102103.625,97705.625,99301.0,99602.75,97709.75,68730.5,101290.625,96040.75,102336.75,81697.125,97600.75,101989.375,100440.25,96550.75,101160.25,100258.5,102511.0,97600.75,98610.0,98712.5,102094.25,102637.75,102369.875,102145.5,99306.0,102147.25,88793.125,102088.75,102104.0,99452.125
94332.875,102109.875,99353.0,101854.75,97413.875,99011.75,99301.0,97427.125,68682.125,101068.5,95772.75,102108.75,81678.25,97316.375,101695.125,100143.25,96271.125,100855.5,99973.25,102234.75,97316.375,98323.0,98419.375,101812.0,102366.0,102128.75,101884.625,99015.875,101891.625,88653.625,101828.75,101855.125,99157.875
94113.125,101854.625,99151.0,101546.25,97210.0,98827.5,99097.5,97258.0,68559.25,100824.75,95500.875,101849.0,81596.875,97149.75,101377.0,99849.0,95995.875,100545.0,99725.25,101982.375,97149.75,98141.625,98146.875,101561.125,102104.125,101864.625,101583.5,98831.125,101606.875,88526.625,101527.375,101545.75,98957.375
94120.625,101685.125,99183.625,101389.5,97238.25,98877.625,99145.875,97289.5,68539.625,100641.875,95434.75,101660.0,81664.125,97176.25,101275.125,99768.625,95923.875,100475.625,99757.75,101784.0,97176.25,98197.25,98115.5,101377.375,101912.375,101685.875,101439.5,98899.75,101442.5,88588.75,101381.0,101391.875,99010.0
94156.875,101612.125,99262.375,101469.5,97318.375,98926.0,99226.875,97339.875,68545.5,100583.5,95530.875,101611.5,81602.125,97234.75,101377.75,99877.875,96033.625,100593.75,99850.375,101707.25,97234.75,98247.0,98213.125,101312.125,101838.25,101613.875,101470.75,98962.625,101445.375,88565.5,101411.625,101472.125,99079.5
94281.625,101630.0,99351.75,101463.5,97404.375,99105.75,99319.0,97560.75,68605.625,100578.0,95658.0,101597.875,81497.375,97466.0,101370.25,99894.125,96170.25,100575.125,99967.25,101740.875,97466.0,98405.625,98366.625,101331.125,101853.375,101611.375,101452.875,99122.25,101421.5,88458.0,101391.875,101468.375,99200.375
94330.75,101717.75,99410.5,101462.125,97457.0,99096.0,99378.5,97498.5,68635.5,100579.125,95691.875,101601.875,81486.625,97383.0,101391.25,99922.625,96207.375,100608.5,100035.75,101902.375,97383.0,98407.0,98389.5,101464.5,102020.375,101639.0,101484.125,99128.875,101442.25,88453.5,101411.375,101465.5,99235.625
94268.75,101710.875,99360.625,101500.125,97405.75,99013.875,99310.75,97423.0,68792.5,100610.375,95556.5,101636.75,81504.125,97303.125,101338.125,99832.0,96099.75,100524.5,99975.625,101917.875,97303.125,98321.125,98349.625,101464.25,102045.5,101664.25,101484.75,99024.625,101463.625,88492.125,101426.0,101501.5,99154.625
94396.125,101801.25,99481.5,101609.5,97532.0,99120.25,99432.875,97523.125,68993.875,100721.0,95728.5,101761.75,81748.375,97403.0,101467.5,99951.5,96261.0,100644.125,100101.25,101960.75,97403.0,98434.0,98516.375,101518.125,102093.375,101777.375,101601.875,99152.0,101574.5,88808.375,101534.125,101610.625,99276.75
94414.75,101965.5,99431.25,101748.0,97490.625,99062.5,99379.75,97476.5,68959.0,100919.5,95812.625,101958.25,81865.5,97358.0,101571.375,100048.125,96335.75,100737.0,100083.625,102088.0,97358.0,98376.0,98513.875,101659.25,102227.375,101959.25,101751.375,99073.25,101758.375,88905.375,101697.75,101747.5,99212.0
94360.625,101930.125,99441.25,101690.125,97476.25,99078.75,99371.125,97492.375,69003.125,100936.0,95727.125,101961.625,81810.875,97379.125,101499.5,99965.875,96265.0,100649.5,100034.375,102008.75,97379.125,98389.25,98450.375,101594.75,102160.25,101954.25,101696.25,99073.25,101722.25,88835.25,101645.25,101684.0,99210.625
93936.625,101612.875,98924.125,101292.0,97012.375,98572.875,98838.75,97015.25,68731.0,100616.875,95319.125,101640.375,81636.375,96899.125,101076.875,99555.5,95867.0,100235.875,99502.5,101753.125,96899.125,97895.25,98005.0,101319.125,101912.375,101629.875,101328.75,98569.75,101365.25,88585.875,101280.125,101290.0,98720.5
93662.25,101270.125,98664.75,100974.25,96755.875,98383.25,98585.125,96836.375,68434.0,100287.375,95051.625,101307.75,81371.75,96733.625,100801.625,99314.0,95566.875,99999.875,99196.75,101376.375,96733.625,97704.25,97649.875,100951.875,101526.875,101306.875,101014.5,98375.5,101045.625,88303.75,100969.5,100971.875,98503.625
93649.625,101290.75,98738.375,101047.625,96813.25,98449.5,98658.625,96890.5,68253.75,100227.875,95301.25,101245.75,81256.375,96784.625,101086.875,99640.875,95799.0,100342.875,99221.375,101452.375,96784.625,97769.875,97743.25,101026.25,101555.75,101275.875,101150.0,98447.5,101058.25,88149.75,101063.75,101055.125,98571.125
93406.0,101371.5,98421.5,101161.625,96504.125,98085.5,98336.5,96528.625,68202.125,100282.0,95059.625,101293.375,81314.75,96416.0,101051.25,99501.125,95546.625,100230.375,98966.375,101492.75,96416.0,97400.25,97487.25,101078.25,101600.75,101355.375,101175.75,98063.625,101124.875,88159.125,101102.875,101167.5,98213.625
94113.375,101293.0,99204.5,101479.75,97275.5,98861.0,99129.125,97275.375,68971.75,100371.125,95438.25,101403.25,81526.0,97155.875,101394.625,99844.125,96009.0,100570.375,99719.0,101191.5,97155.875,98186.625,98148.5,100844.5,101335.875,101373.375,101501.125,98872.375,101387.25,88492.875,101417.375,101482.5,99005.5
94338.125,102214.375,99288.875,101972.75,97374.5,98936.5,99226.25,97354.5,68833.625,101155.125,95785.5,102215.75,81643.5,97240.5,101841.0,100266.625,96340.5,100976.75,99908.125,102196.125,97240.5,98252.5,98431.375,101828.5,102331.125,102228.375,102020.75,98949.375,102027.875,88687.875,101963.125,101977.75,99092.25
93806.5,101916.375,98753.875,101407.25,96832.875,98401.25,98666.625,96835.0,68476.875,100814.75,95337.5,101828.625,81477.0,96722.375,101243.75,99685.5,95856.375,100383.125,99317.25,102133.875,96722.375,97725.125,97850.75,101656.625,102264.75,101851.0,101476.5,98390.375,101526.75,88447.375,101422.875,101413.0,98548.625
93699.75,101563.25,98722.125,101217.625,96801.75,98388.875,98645.25,96823.875,68468.875,100561.375,95168.5,101585.375,81342.5,96712.5,101089.5,99555.125,95674.0,100259.875,99235.25,101685.25,96712.5,97713.625,97702.0,101243.75,101821.875,101634.625,101299.875,98395.5,101344.125,88283.875,101244.5,101221.875,98534.25
93934.75,101912.5,98925.5,101520.875,97017.75,98562.625,98855.625,96981.875,68576.875,100688.125,95557.5,101728.75,81504.0,96865.875,101574.625,100045.125,96071.375,100782.5,99510.5,102051.375,96865.875,97882.125,98072.75,101660.875,102137.25,101825.375,101665.5,98569.125,101587.625,88484.625,101572.125,101528.5,98710.0
94149.375,102660.375,99058.125,102169.875,97160.5,98654.0,98987.25,97071.5,68571.25,101292.5,95928.625,102337.875,81614.75,96952.875,102273.75,100635.75,96426.875,101458.5,99644.0,102907.25,96952.875,97971.75,98259.25,102460.375,102999.625,102501.5,102327.75,98652.25,102234.5,88608.875,102221.25,102177.625,98810.25
94471.625,102897.375,99448.375,102728.625,97512.375,99049.125,99334.875,97486.25,68589.125,101667.875,96355.75,102710.375,81696.0,97377.0,102810.625,101149.75,96835.125,101961.875,100016.125,103071.625,97377.0,98342.625,98634.75,102662.125,103154.125,102813.75,102862.25,99013.625,102662.375,88726.875,102732.625,102739.75,99175.125
95183.75,103408.375,100294.625,103142.375,98286.625,100042.625,100186.5,98437.625,68907.25,102191.75,96874.375,103263.25,81808.5,98329.625,103144.125,101553.25,97414.0,102316.625,100855.125,103426.75,98329.625,99316.25,99462.5,103052.875,103531.75,103381.875,103251.625,99999.0,103138.25,88851.625,103152.25,103151.0,100126.125
95099.5,103191.625,100304.75,102929.5,98303.125,99932.5,100205.125,98290.5,68881.5,102048.375,96578.5,103119.25,81802.625,98169.25,102832.25,101188.5,97125.25,101956.375,100859.875,103242.625,98169.25,99218.75,99321.125,102842.75,103360.875,103166.375,102981.75,99918.0,102944.25,88794.625,102909.625,102935.25,100072.375
94671.875,102761.5,99875.75,102433.75,97890.5,99524.125,99778.625,97895.125,68452.5,101648.625,96119.625,102699.25,81692.25,97775.75,102291.0,100668.75,96658.5,101408.375,100413.125,102862.25,97775.75,98810.625,98827.625,102431.75,102993.0,102728.125,102496.125,99503.625,102495.5,88627.875,102433.0,102436.125,99663.5
95098.25,102653.875,100415.125,102615.875,98411.125,100128.75,100325.625,98514.125,68919.125,101614.125,96414.875,102669.125,81693.25,98405.875,102561.25,100969.125,96985.875,101716.375,100893.0,102740.5,98405.875,99417.625,99263.0,102333.375,102846.0,102677.125,102654.375,100111.5,102564.375,88748.875,102572.75,102625.25,100246.875
95605.5,102805.0,100901.125,102954.375,98883.75,100530.375,100805.25,98890.125,69215.875,101932.625,96751.5,103029.625,82350.75,98770.0,102789.5,101167.625,97369.25,101913.125,101420.625,102698.125,98770.0,99826.0,99756.875,102354.5,102845.125,102959.75,102912.625,100548.125,102863.625,89821.125,102838.5,102957.25,100692.625
95046.125,102604.125,100257.125,102474.625,98275.125,99883.75,100159.0,98258.375,68918.375,101605.625,96425.125,102682.125,82313.875,98140.5,102309.5,100730.875,97001.25,101451.625,100839.5,102580.75,98140.5,99180.125,99286.875,102220.5,102705.125,102663.875,102499.5,99881.0,102500.75,89541.375,102434.625,102474.875,100033.0
94783.75,102452.375,100014.25,102169.0,98017.5,99682.125,99913.125,98054.75,68859.25,101416.625,96115.5,102471.0,82017.75,97943.0,102009.125,100437.875,96682.625,101154.75,100553.75,102535.875,97943.0,98976.875,98962.875,102113.0,102687.625,102462.375,102213.75,99669.75,102223.875,89317.125,102158.125,102173.0,99817.875
94463.0,102043.875,99659.125,101753.875,97676.25,99294.0,99559.625,97673.0,68900.5,101039.5,95812.25,102087.125,81891.25,97552.25,101616.125,100069.0,96388.625,100777.875,100210.625,102130.625,97552.25,98593.125,98668.0,101708.0,102271.375,102083.25,101814.75,99294.625,101829.25,89112.125,101754.625,101755.0,99449.875
94116.375,102047.875,99254.625,101658.5,97282.25,98919.625,99155.25,97330.0,68610.125,100965.25,95604.25,101992.875,81702.875,97220.0,101525.125,99983.0,96135.625,100685.625,99804.0,102217.25,97220.0,98218.75,98248.875,101759.75,102352.0,102011.5,101719.125,98905.5,101739.5,88824.75,101662.5,101660.75,99057.625
93773.5,101581.625,98979.125,101219.125,97006.875,98682.5,98872.375,97111.75,68589.875,100566.375,95167.25,101593.0,81323.75,97007.125,101045.75,99519.25,95706.5,100221.25,99440.0,101714.5,97007.125,97988.5,97854.25,101271.25,101865.125,101599.375,101267.75,98669.0,101320.875,88396.125,101221.625,101220.5,98809.75
94043.0,101467.5,99164.625,101283.5,97216.25,98783.625,99070.75,97176.625,68785.0,100473.75,95343.875,101509.0,81402.375,97059.75,101174.5,99643.125,95924.125,100355.0,99699.375,101487.25,97059.75,98101.625,98164.875,101099.25,101633.5,101516.875,101350.125,98811.625,101327.75,88489.125,101279.125,101286.5,98948.625
94287.0,102443.125,99404.75,101950.0,97454.125,99055.125,99332.75,97457.75,68785.875,101157.625,95843.875,102204.0,81618.75,97346.0,101966.875,100407.25,96341.875,101148.25,99961.5,102493.25,97346.0,98368.125,98405.0,102123.75,102580.625,102356.125,102150.625,99071.625,102052.5,88710.875,102064.125,101951.875,99208.625
94171.25,103022.0,99082.375,102301.5,97156.125,98771.5,99014.25,97184.625,68475.25,101657.25,95989.75,102669.375,81644.75,97071.625,102336.75,100713.75,96425.0,101478.5,99684.625,103249.0,97071.625,98088.0,98249.875,102798.0,103358.0,102818.875,102509.125,98772.875,102472.375,88694.375,102426.0,102308.875,98912.875
94356.125,102514.375,99437.375,102325.125,97480.75,99129.375,99352.375,97544.5,68962.5,101400.125,96056.25,102432.25,81682.125,97435.125,102318.625,100686.125,96547.125,101458.875,99945.5,102774.25,97435.125,98431.375,98512.0,102282.625,102906.0,102467.75,102387.875,99114.5,102268.125,88730.125,102281.75,102334.75,99258.125
94524.0,102142.625,99624.375,102121.375,97675.625,99246.25,99538.25,97634.125,69296.75,101179.375,95932.875,102247.375,81937.375,97515.875,101934.375,100311.375,96502.625,101058.125,100202.0,102166.625,97515.875,98551.125,98673.875,101767.75,102309.25,102180.5,102126.875,99258.125,102117.5,89108.875,102066.5,102124.5,99405.0
94401.75,102115.625,99497.5,101970.625,97540.75,99185.5,99407.875,97584.375,68979.875,101156.125,95937.875,102218.125,81825.875,97473.0,101849.25,100268.125,96460.875,101010.75,100086.75,102076.0,97473.0,98503.25,98545.875,101715.5,102215.625,102156.875,102043.625,99192.625,102047.375,88965.5,101978.25,101972.875,99330.875
93774.75,102072.125,98800.75,101594.375,96853.25,98449.375,98683.75,96876.875,68341.5,100933.125,95436.25,101960.75,81518.75,96765.5,101464.375,99906.375,95949.625,100624.25,99359.5,102235.75,96765.5,97752.75,97907.25,101782.0,102362.75,101991.875,101674.75,98418.75,101705.375,88572.75,101616.875,101597.625,98574.0
94391.75,102669.625,99468.25,102297.625,97527.5,99118.25,99390.75,97535.5,68363.125,101375.75,96176.0,102420.875,81516.125,97430.0,102397.25,100825.5,96678.875,101597.5,100060.875,102803.0,97430.0,98433.25,98570.375,102401.125,102874.125,102560.0,102485.875,99134.625,102318.375,88575.25,102369.0,102305.625,99264.625
94998.875,103294.5,100141.0,103071.0,98152.875,99786.375,100034.5,98170.375,68543.25,102071.875,96757.625,103149.0,81667.625,98055.375,103067.875,101443.25,97312.875,102218.125,100726.25,103363.875,98055.375,99066.75,99310.625,102974.125,103475.0,103243.5,103153.75,99747.5,103052.875,88762.5,103053.0,103074.875,99898.25
94878.625,103035.625,100028.875,102760.375,98023.125,99638.5,99971.5,98003.375,68327.5,101895.0,96392.25,102963.0,81588.0,97884.0,102674.75,101010.0,96930.75,101782.625,100698.75,103140.375,97884.0,98926.125,99058.0,102701.25,103276.75,102993.25,102819.125,99646.625,102782.875,88620.5,102749.25,102765.75,99787.5
94706.125,102712.0,99928.125,102443.125,97923.875,99583.25,99877.25,97948.0,68461.625,101585.75,96082.5,102643.25,81585.625,97827.75,102312.375,100671.75,96629.0,101439.0,100561.875,102827.75,97827.75,98878.125,98875.875,102390.375,102958.375,102662.375,102481.625,99599.75,102466.0,88543.875,102421.0,102448.5,99730.5
94549.375,102483.875,99768.75,102241.625,97770.0,99441.75,99717.625,97809.5,68701.375,101371.75,95944.0,102428.25,81571.5,97692.625,102103.125,100483.625,96497.625,101238.625,100390.25,102622.25,97692.625,98734.125,98728.25,102172.75,102750.25,102428.25,102236.5,99450.5,102232.125,88523.125,102174.375,102246.625,99584.375
94239.25,101799.5,99442.875,101677.75,97455.75,99047.5,99383.0,97425.875,68422.375,100865.5,95606.75,101920.875,81440.75,97298.25,101460.5,99869.5,96197.25,100601.625,100036.625,101871.5,97298.25,98345.125,98442.125,101451.25,102027.125,101840.875,101686.875,99070.0,101704.125,88437.875,101634.625,101679.875,99217.875
94217.5,101643.875,99444.0,101520.25,97452.75,99151.875,99410.375,97532.0,68790.25,100790.5,95561.75,101825.375,81343.0,97417.75,101378.375,99834.25,96129.875,100549.125,100023.25,101649.25,97417.75,98443.75,98354.25,101246.625,101812.0,101765.625,101565.375,99174.125,101566.375,88340.625,101508.375,101522.125,99293.75
94649.0,101829.875,99824.5,101806.875,97837.25,99442.125,99778.5,97805.375,69071.125,100944.125,95861.5,102017.5,81905.25,97685.0,101628.5,100043.375,96475.375,100762.5,100461.875,101793.0,97685.0,98739.25,98833.25,101415.125,101934.0,101952.375,101775.375,99472.375,101786.75,89135.25,101723.5,101810.625,99608.5
93814.625,101381.125,98911.125,101212.25,96932.125,98615.25,98871.0,96994.125,68522.375,100580.75,95201.25,101626.75,81603.625,96876.75,100934.25,99366.0,95784.875,100070.0,99540.625,101420.875,96876.75,97914.25,97924.125,101003.125,101607.0,101545.5,101185.875,98613.875,101281.625,88719.0,101144.25,101212.75,98747.625
93540.125,101196.75,98660.375,100843.125,96704.75,98347.375,98623.25,96739.625,68284.875,100256.875,94885.875,101282.875,81224.875,96623.75,100614.0,99091.25,95451.625,99787.5,99293.25,101284.5,96623.75,97650.625,97634.875,100860.75,101447.125,101257.875,100884.5,98349.0,100957.75,88365.625,100832.375,100842.5,98488.5
93292.5,101342.75,98390.5,100849.75,96439.5,98042.0,98342.875,96445.875,67880.0,100248.375,94804.25,101264.625,81164.125,96328.75,100758.375,99230.5,95318.5,99953.5,99024.5,101565.125,96328.75,97348.625,97397.0,101110.875,101673.625,101306.25,100986.5,98053.625,101007.875,88130.75,100926.0,100851.25,98188.875
93435.125,101674.5,98568.5,101278.5,96611.875,98255.625,98526.0,96672.75,68017.625,100370.5,95087.875,101381.625,81180.625,96566.375,101390.125,99726.375,95574.0,100563.125,99159.375,101811.375,96566.375,97560.125,97480.625,101424.0,101875.125,101532.875,101446.0,98258.875,101274.625,88139.75,101345.75,101288.25,98386.25
94126.125,102382.0,99311.5,102300.75,97327.5,98962.375,99248.625,97355.0,68498.0,101193.375,95813.125,102254.75,81430.375,97239.125,102295.625,100616.5,96320.0,101446.875,99886.875,102344.625,97239.125,98260.25,98318.875,102012.5,102437.0,102331.25,102398.75,98952.75,102217.5,88492.625,102296.25,102309.0,99098.75
93841.75,102653.125,98819.875,102219.75,96855.875,98432.875,98760.375,96819.125,67750.625,101424.0,95603.625,102467.875,81397.875,96701.5,102065.625,100392.375,96087.875,101161.75,99457.625,102805.125,96701.5,97733.375,97975.625,102367.875,102931.375,102558.875,102294.125,98419.875,102303.375,88433.5,102233.75,102219.5,98572.875
93128.125,102025.875,98119.25,101532.875,96147.5,97798.25,98043.25,96225.25,67578.25,100856.125,95081.125,101853.375,81309.625,96106.375,101498.875,99874.25,95506.875,100637.0,98610.0,102197.125,96106.375,97110.0,97065.5,101753.375,102309.5,101971.5,101653.875,97798.5,101652.0,88261.0,101592.0,101537.625,97933.875
93228.5,101741.25,98455.5,101628.0,96484.375,98178.875,98378.375,96611.5,67912.5,100562.75,95186.875,101572.25,81386.0,96503.75,101668.375,99930.875,95621.25,100778.125,98962.75,101721.75,96503.75,97478.625,97268.875,101370.0,101815.75,101687.75,101750.125,98169.375,101577.25,88281.875,101640.0,101636.25,98287.375
94648.25,102951.75,100133.5,102954.75,98080.5,99851.125,100046.125,98224.125,68056.125,101753.0,96448.75,102830.0,81456.75,98101.75,102953.5,101240.25,96970.875,102071.75,100697.375,102804.5,98101.75,99110.5,99010.875,102499.0,102912.625,102960.125,103112.0,99825.0,102884.875,88498.625,103007.875,102964.625,99956.0
95353.375,103852.875,100809.625,103618.5,98720.625,100446.0,100722.5,98751.125,67704.5,102644.375,96930.75,103754.125,81459.25,98625.375,103529.875,101818.75,97449.25,102627.25,101411.875,103848.625,98625.375,99722.125,99648.875,103470.125,103964.375,103835.125,103727.375,100471.75,103659.25,88520.875,103647.125,103622.625,100610.25
94783.125,103571.5,100080.5,103031.25,98023.625,99735.5,100013.0,98053.25,67321.0,102247.125,96422.875,103337.625,81321.5,97929.5,102979.25,101277.375,96926.25,102080.75,100738.875,103784.0,97929.5,98999.25,99042.5,103309.75,103894.5,103434.875,103148.125,99733.375,103131.625,88223.375,103073.875,103038.25,99873.875
94947.75,103065.0,100325.75,102948.75,98264.25,99966.875,100259.75,98275.125,67722.625,101969.875,96406.125,103058.5,81371.125,98149.625,102820.875,101128.625,96960.25,101933.125,100974.75,103181.25,98149.625,99250.75,99230.0,102752.625,103273.375,103085.625,102990.625,99998.625,102925.75,88250.125,102906.25,102953.75,100127.625
95123.125,103336.0,100471.125,103064.25,98425.375,100110.75,100409.125,98411.75,68718.375,102154.125,96610.0,103245.25,81467.125,98282.5,102978.75,101302.625,97157.125,102094.25,101121.875,103362.375,98282.5,99384.875,99425.125,102970.75,103466.25,103297.375,103150.875,100124.5,103140.0,88517.375,103076.75,103067.625,100276.25
95171.0,103669.375,100488.0,103328.25,98447.375,100109.875,100413.875,98430.5,68785.375,102403.25,96623.625,103503.0,81667.375,98300.25,103268.375,101529.625,97195.875,102374.75,101131.375,103736.125,98300.25,99388.25,99466.375,103339.25,103845.125,103606.375,103449.375,100117.5,103357.75,88849.875,103354.0,103333.625,100272.5
95533.875,104239.25,100847.875,103925.125,98796.375,100499.125,100788.25,98830.875,68621.375,102977.625,97206.125,104105.0,81667.125,98711.25,103832.375,102123.875,97712.5,102939.0,101476.875,104224.375,98711.25,99771.75,99817.75,103834.875,104346.125,104202.5,104032.375,100516.375,103951.375,88886.625,103943.875,103931.75,100653.125
95518.0,104155.75,100811.375,103769.75,98760.0,100428.625,100742.375,98755.25,68786.375,102914.625,97101.75,104026.75,81693.5,98629.0,103674.0,101945.5,97630.375,102749.125,101453.5,104235.625,98629.0,99699.375,99776.875,103796.5,104366.25,104081.125,103861.25,100432.375,103845.625,89001.125,103782.625,103775.5,100580.375
95446.5,103717.75,100803.875,103465.375,98746.0,100435.75,100717.625,98775.25,69009.625,102583.125,96934.875,103685.875,81964.5,98660.125,103328.75,101661.75,97486.875,102444.5,101417.125,103788.75,98660.125,99700.875,99724.75,103360.125,103930.5,103704.25,103513.375,100432.75,103506.0,89319.625,103436.875,103471.375,100583.375
95401.875,103475.75,100720.0,103248.0,98677.625,100332.5,100645.5,98651.0,68729.5,102380.0,96822.375,103492.125,81975.5,98527.625,103104.625,101445.875,97398.125,102203.25,101359.5,103518.875,98527.625,99612.125,99699.375,103095.0,103656.75,103491.0,103293.875,100357.75,103293.125,89297.75,103227.875,103251.5,100495.125
94743.625,103039.125,100027.75,102613.25,97993.25,99731.375,99962.5,98084.5,68517.625,101903.75,96266.75,102977.5,81620.0,97968.375,102455.0,100814.375,96815.75,101574.625,100632.875,103180.375,97968.375,99007.875,98981.875,102729.25,103327.75,102987.0,102674.875,99723.875,102719.5,88802.25,102616.375,102615.125,99863.75
94736.75,102684.0,100020.75,102335.25,98003.375,99661.25,99972.875,97992.25,68658.0,101563.625,96084.75,102623.0,81734.0,97872.0,102238.625,100630.125,96660.125,101379.25,100627.0,102870.25,97872.0,98949.875,98956.375,102408.375,103006.5,102646.375,102427.25,99692.875,102416.5,88898.75,102356.5,102336.5,99829.875
94499.5,102769.25,99717.5,102457.625,97702.5,99380.375,99654.375,97739.0,68472.0,101608.375,96089.125,102661.25,81746.75,97622.25,102423.375,100768.75,96607.5,101550.625,100328.125,102850.375,97622.25,98668.5,98688.75,102436.375,102963.375,102721.5,102567.5,99394.125,102509.5,88869.875,102485.25,102462.375,99535.75
94447.375,102735.0,99689.5,102333.75,97678.125,99364.5,99635.75,97725.375,68427.625,101539.625,95948.75,102574.125,81597.75,97612.25,102300.5,100656.125,96464.5,101433.5,100268.375,102917.75,97612.25,98661.25,98562.75,102463.625,103036.75,102648.125,102431.5,99391.0,102381.875,88707.875,102349.5,102339.75,99515.25
94530.375,102190.875,99780.875,102040.0,97777.0,99401.5,99732.0,97744.25,68813.625,101077.25,95774.0,102104.375,81561.375,97623.75,101936.875,100306.75,96349.0,101065.875,100426.875,102328.25,97623.75,98699.625,98713.125,101887.75,102456.625,102133.0,102068.25,99454.25,102009.625,88699.375,101987.875,102047.375,99576.125
94281.375,101874.625,99531.75,101744.625,97523.5,99155.625,99466.125,97516.25,68636.5,100878.625,95619.25,101937.875,81593.625,97392.75,101664.625,100043.125,96200.875,100807.75,100196.625,101884.875,97392.75,98434.875,98518.5,101504.75,102029.125,101918.75,101842.75,99157.875,101835.75,88725.0,101772.375,101747.625,99305.0
94277.875,102810.875,99535.5,102244.125,97505.0,99194.5,99454.875,97562.375,68346.125,101487.5,95992.875,102546.75,81502.75,97440.75,102292.25,100684.0,96471.875,101448.0,100097.625,102977.25,97440.75,98481.25,98406.875,102540.625,103077.5,102675.0,102428.375,99199.75,102398.875,88607.0,102342.25,102250.625,99337.375
94332.75,102616.375,99566.625,102156.0,97553.5,99246.5,99509.0,97618.5,68300.125,101392.375,95881.625,102424.625,81368.375,97505.625,102160.5,100538.125,96379.75,101302.125,100146.125,102777.125,97505.625,98537.875,98469.625,102323.5,102865.75,102507.375,102295.625,99265.625,102267.375,88430.625,102215.75,102166.875,99390.25
94615.875,102381.25,99875.875,102326.875,97863.75,99534.25,99816.625,97884.75,68450.25,101321.375,96053.0,102392.25,81412.875,97763.25,102215.5,100593.0,96575.375,101353.25,100496.625,102432.875,97763.25,98823.25,98816.125,102031.25,102504.625,102396.25,102351.0,99557.875,102287.625,88546.625,102275.5,102334.125,99682.75
94482.25,102602.125,99612.5,102412.0,97628.25,99249.5,99554.375,97593.125,68280.125,101544.875,95996.625,102622.25,81432.25,97462.0,102221.375,100540.0,96530.375,101287.5,100266.75,102700.25,97462.0,98536.0,98707.25,102263.875,102791.625,102628.25,102445.875,99245.875,102436.375,88553.5,102379.75,102419.5,99398.875
94040.0,102054.75,99210.125,101747.0,97192.0,98897.75,99125.5,97279.125,68161.625,101052.125,95455.25,102095.625,81314.125,97161.625,101568.5,99960.625,95985.75,100709.875,99795.125,102189.75,97161.625,98182.5,98148.625,101735.875,102291.125,102080.5,101798.0,98888.75,101840.625,88329.125,101745.125,101748.75,99028.125
94388.5,102164.625,99611.5,101956.0,97607.125,99287.5,99559.75,97656.5,68324.625,101094.0,95783.875,102155.75,81433.75,97541.0,101887.25,100295.625,96310.625,101043.5,100221.75,102276.0,97541.0,98583.125,98555.25,101837.625,102354.875,102171.625,102028.125,99312.125,101988.875,88533.375,101952.875,101962.125,99436.375
94392.125,102597.625,99552.5,102197.125,97568.0,99186.0,99478.625,97561.75,68201.75,101415.5,95972.75,102473.25,81494.75,97445.125,102164.875,100561.375,96460.125,101316.75,100218.0,102702.375,97445.125,98472.25,98604.875,102275.375,102773.375,102558.375,102338.875,99177.75,102299.625,88621.625,102262.125,102202.125,99326.0
94330.375,102804.25,99478.375,102161.875,97479.375,99139.875,99417.375,97515.0,68343.125,101460.75,95978.875,102494.125,81357.5,97399.0,102200.5,100590.5,96467.125,101358.875,100102.875,103045.25,97399.0,98436.625,98495.5,102576.625,103125.25,102624.625,102334.0,99148.0,102305.875,88453.125,102260.5,102174.375,99282.5
94167.0,102181.625,99341.875,101886.5,97346.0,98936.25,99264.0,97320.75,68406.25,101098.375,95626.75,102154.5,81388.375,97198.125,101754.5,100140.625,96151.0,100879.5,99976.25,102317.625,97198.125,98225.875,98356.25,101868.125,102400.875,102170.25,101925.875,98937.125,101930.75,88484.5,101861.875,101892.0,99090.375
94335.875,102198.5,99577.125,101978.0,97572.25,99241.75,99514.625,97608.125,68297.75,101125.625,95818.0,102196.125,81392.75,97488.375,101919.75,100315.25,96342.875,101062.625,100167.875,102230.875,97488.375,98537.375,98532.875,101839.375,102309.0,102218.125,102098.125,99269.25,102053.5,88534.375,102020.125,101983.125,99387.375
94349.375,102572.0,99510.0,102190.875,97517.375,99160.5,99441.5,97535.625,68205.0,101448.25,95881.125,102513.375,81312.0,97417.625,102110.75,100492.0,96386.125,101243.0,100157.625,102659.875,97417.625,98448.75,98504.875,102229.125,102756.25,102562.25,102285.75,99163.25,102297.25,88433.125,102217.0,102195.625,99299.25
94242.25,101922.0,99429.125,101717.75,97440.0,99058.25,99360.75,97429.375,68484.125,100969.875,95567.25,102030.875,81378.25,97310.625,101519.5,99937.625,96116.5,100663.375,100046.375,101984.625,97310.625,98353.5,98400.375,101559.875,102120.125,101985.75,101751.5,99067.875,101789.375,88509.625,101696.875,101721.75,99211.25
94104.375,101957.75,99267.25,101637.25,97286.125,98913.0,99196.0,97304.5,68609.75,100920.875,95544.5,101968.375,81465.625,97188.125,101488.25,99913.625,96079.75,100630.875,99892.75,102069.375,97188.125,98214.5,98282.375,101634.375,102157.625,101970.625,101706.625,98929.0,101732.875,88589.375,101647.625,101642.25,99064.5
94030.25,102020.0,99219.375,101598.875,97232.75,98896.25,99148.25,97301.125,68555.5,100955.375,95489.0,101985.75,81520.125,97186.625,101482.375,99921.0,96026.75,100647.25,99798.625,102195.75,97186.625,98193.75,98196.375,101720.0,102301.25,102000.25,101669.75,98893.125,101713.875,88653.125,101610.75,101602.25,99031.125
94213.75,102635.0,99383.25,102188.25,97404.75,99067.75,99319.5,97467.625,68312.0,101373.625,95954.75,102424.25,81553.375,97360.75,102241.375,100610.5,96403.375,101411.75,99976.875,102771.375,97360.75,98372.5,98362.25,102361.375,102816.625,102556.375,102393.75,99079.625,102289.25,88671.375,102304.25,102197.0,99202.75
94031.375,102984.5,99078.0,102398.25,97084.0,98715.75,99009.75,97106.125,67981.25,101624.5,96029.25,102644.875,81466.25,96985.5,102413.625,100771.25,96466.5,101567.875,99597.25,103257.125,96985.5,98025.875,98149.75,102773.375,103335.375,102784.875,102535.75,98729.25,102453.5,88501.25,102431.125,102409.625,98879.75
93991.5,102445.625,99109.375,102224.125,97117.125,98760.0,99038.125,97148.875,68034.0,101313.625,95704.375,102323.0,81359.0,97028.875,102219.625,100524.25,96173.0,101344.625,99703.5,102722.25,97028.875,98056.625,98079.875,102208.625,102809.25,102397.125,102294.75,98760.625,102214.5,88355.5,102208.875,102234.125,98898.375
93887.875,102231.25,99058.5,102017.625,97063.5,98699.375,98975.5,97074.0,67796.125,101064.125,95576.875,102071.75,81264.5,96957.625,101983.0,100341.375,96051.0,101118.875,99634.875,102277.125,96957.625,97997.25,98034.5,101881.375,102341.0,102153.625,102095.75,98707.375,102009.5,88263.125,102002.0,102027.25,98840.5
93772.75,102324.875,98921.5,101993.875,96928.0,98547.875,98840.5,96944.125,67885.125,101063.125,95589.0,102076.5,81181.75,96833.375,102023.25,100382.25,96050.75,101188.125,99510.875,102489.25,96833.375,97851.75,97941.5,102059.375,102550.375,102187.0,102104.875,98566.375,101993.75,88156.625,102001.25,102008.375,98702.875
94138.875,102380.25,99289.125,102258.0,97292.5,98912.375,99211.0,97299.375,68181.125,101170.75,95869.25,102233.75,81239.0,97180.75,102303.75,100631.625,96355.125,101447.5,99919.375,102495.625,97180.75,98206.625,98332.625,102094.5,102539.5,102301.5,102339.375,98916.375,102172.625,88275.25,102227.75,102270.0,99061.25
94462.625,102764.5,99556.125,102670.375,97565.25,99163.5,99483.875,97557.375,68054.5,101643.125,96178.125,102720.625,81338.25,97448.375,102594.75,100944.75,96658.625,101721.25,100230.375,102732.25,97448.375,98436.375,98654.375,102371.125,102811.875,102774.375,102719.125,99141.0,102610.0,88427.125,102631.375,102677.125,99293.75
94884.5,103446.375,100127.125,103181.625,98083.375,99705.0,100023.125,98126.375,67966.125,102151.375,96719.125,103234.125,81188.5,98021.5,103254.375,101608.875,97199.5,102420.375,100782.75,103562.375,98021.5,98953.625,99227.875,103135.375,103619.5,103401.875,103340.875,99669.75,103169.625,88275.625,103222.375,103191.875,99826.25
95341.625,104001.125,100638.375,103777.375,98584.875,100279.375,100586.25,98597.75,68230.375,102713.375,97100.75,103850.0,81422.25,98472.375,103788.875,102070.0,97563.625,102899.875,101294.875,104061.125,98472.375,99547.25,99640.0,103661.625,104132.0,103982.75,103914.375,100287.75,103754.25,88864.125,103796.75,103789.5,100429.25
95375.375,103874.625,100654.75,103736.5,98597.25,100259.125,100586.125,98566.0,67765.5,102754.25,97049.625,103883.125,81389.125,98444.75,103636.625,101917.75,97554.625,102731.375,101315.125,103830.125,98444.75,99533.375,99626.625,103456.625,103927.875,103922.0,103771.0,100279.0,103700.875,88670.25,103684.0,103744.0,100421.875
95285.75,103478.0,100678.875,103310.5,98598.0,100294.125,100594.0,98604.375,67746.75,102387.125,96745.375,103487.75,81335.5,98484.0,103177.125,101475.625,97271.625,102273.5,101307.625,103510.125,98484.0,99564.0,99530.125,103097.0,103609.0,103500.25,103339.875,100310.5,103318.125,88418.625,103267.125,103315.625,100459.375
95202.25,103298.0,100591.625,103096.75,98518.375,100237.375,100512.25,98556.375,67898.0,102184.125,96636.0,103288.0,81571.375,98436.375,102976.125,101308.75,97165.125,102078.625,101219.5,103349.0,98436.375,99500.25,99478.0,102922.875,103447.75,103294.125,103140.125,100240.625,103115.625,88682.0,103066.25,103102.125,100381.625
95080.75,103156.0,100477.0,102900.5,98415.75,100106.0,100404.875,98425.625,68065.25,102045.375,96500.875,103141.875,81559.5,98297.375,102786.75,101111.75,97042.375,101894.0,101104.0,103205.125,98297.375,99376.5,99401.25,102791.25,103304.625,103158.125,102981.75,100122.0,102981.5,88634.5,102915.5,102903.875,100261.375
95101.5,103080.5,100467.375,102893.25,98418.125,100109.5,100407.375,98429.375,68206.625,101991.0,96518.25,103088.5,81506.125,98303.75,102778.875,101129.75,97052.75,101895.625,101090.75,103105.25,98303.75,99388.75,99387.25,102699.25,103220.5,103119.25,102942.75,100135.25,102921.75,88593.25,102869.625,102897.0,100267.875
94845.125,102991.625,100147.75,102635.625,98113.0,99723.0,100073.75,98054.5,68266.75,101831.25,96293.25,102898.875,81478.75,97922.5,102493.125,100852.0,96827.625,101601.625,100786.0,103120.625,97922.5,99009.125,99105.875,102667.25,103213.25,102929.25,102688.75,99747.125,102699.125,88554.125,102621.375,102641.625,99903.125
94253.375,102442.375,99465.25,102087.5,97450.875,99076.875,99379.125,97437.375,68023.0,101353.875,95673.25,102404.75,81402.5,97315.75,101904.25,100254.375,96189.75,101001.75,100123.0,102685.625,97315.75,98354.5,98453.0,102189.5,102769.375,102414.5,102122.5,99062.875,102149.875,88431.75,102062.75,102090.0,99221.75
94013.375,102085.75,99266.375,101806.5,97245.75,98962.625,99203.25,97332.875,67675.5,101009.625,95473.125,102032.875,81307.5,97217.75,101696.5,100070.125,95981.5,100831.5,99845.0,102296.375,97217.75,98246.0,98176.5,101821.625,102384.125,102069.875,101872.25,98970.625,101842.25,88264.25,101799.75,101813.375,99095.0
93842.0,101990.5,99136.25,101638.875,97121.625,98817.875,99079.0,97181.75,67700.625,100767.5,95436.75,101780.5,81348.875,97065.625,101656.25,100054.75,95904.75,100824.25,99710.0,102144.375,97065.625,98107.5,97982.625,101728.625,102188.0,101892.625,101761.5,98831.25,101659.625,88277.25,101684.75,101646.25,98951.125
94096.0,102684.75,99317.625,102307.375,97340.0,98935.75,99223.75,97285.5,67675.0,101264.5,95844.25,102326.875,81336.0,97164.625,102399.875,100702.5,96323.375,101538.25,99900.625,102890.25,97164.625,98238.375,98313.375,102461.875,102918.0,102489.875,102472.75,98952.75,102282.625,88292.625,102315.125,102318.875,99096.375
93962.375,102707.5,99066.5,102386.625,97094.25,98703.625,98960.125,97098.375,67428.0,101415.125,95814.0,102463.875,81212.125,96981.375,102438.125,100731.375,96273.25,101559.625,99642.125,102975.375,96981.375,97990.25,98153.25,102483.875,103016.25,102552.125,102488.125,98678.375,102379.25,88192.75,102376.25,102398.5,98828.625
94176.875,102756.75,99331.5,102521.125,97333.5,98981.375,99213.375,97370.625,67680.0,101496.25,96015.0,102570.0,81270.75,97258.625,102573.75,100899.75,96498.0,101705.875,99894.75,102878.5,97258.625,98239.625,98410.875,102459.125,102923.625,102649.125,102627.375,98925.125,102506.5,88211.875,102504.875,102535.625,99076.75
94299.25,102529.75,99540.75,102594.625,97521.5,99195.0,99421.375,97543.875,67758.0,101450.75,95992.25,102541.875,81386.375,97420.25,102537.125,100841.75,96491.5,101646.125,100099.875,102485.875,97420.25,98468.875,98602.75,102178.5,102547.125,102564.75,102628.75,99165.125,102508.625,88405.5,102510.0,102605.375,99313.25
94391.75,102969.625,99613.75,102694.125,97602.75,99269.75,99497.375,97628.875,67567.625,101729.375,96099.375,102791.625,81329.75,97508.875,102641.5,100956.625,96581.625,101754.0,100169.375,103020.25,97508.875,98535.5,98631.25,102645.125,103111.625,102907.375,102783.125,99232.375,102711.875,88267.5,102679.125,102708.25,99383.875
94491.625,102939.0,99739.375,102685.125,97725.0,99415.375,99630.75,97772.25,67545.875,101676.125,96184.875,102752.375,81270.0,97657.75,102635.5,100972.0,96706.5,101762.25,100290.75,103029.875,97657.75,98695.875,98751.125,102623.875,103102.625,102848.625,102742.125,99395.25,102669.125,88210.875,102634.875,102694.125,99534.0
94464.0,102759.375,99712.25,102542.125,97706.125,99371.625,99607.0,97734.5,67637.625,101562.75,96143.125,102652.875,81112.375,97617.75,102463.75,100842.375,96684.75,101601.375,100300.5,102843.375,97617.75,98651.875,98730.875,102435.625,102924.0,102749.5,102603.875,99361.5,102555.75,88007.375,102508.25,102550.25,99500.125
94630.875,102622.125,99936.125,102488.75,97918.25,99596.875,99844.625,97942.375,67897.625,101516.625,96103.75,102608.125,81121.625,97827.0,102358.75,100695.625,96644.0,101459.5,100502.25,102659.875,97827.0,98886.125,98881.5,102245.875,102754.875,102644.375,102525.0,99607.5,102480.125,88037.875,102426.25,102493.75,99743.125
95039.25,102639.625,100348.25,102624.375,98335.875,99966.5,100255.5,98292.875,68966.125,101698.75,96372.0,102794.625,81638.0,98162.0,102390.125,100722.375,96985.75,101476.5,100921.25,102635.125,98162.0,99257.125,99300.75,102234.375,102761.25,102735.125,102601.25,99999.25,102625.75,88945.25,102526.25,102630.625,100132.0
95040.125,102674.5,100277.375,102561.125,98281.375,99884.375,100176.125,98230.125,69033.75,101751.375,96398.625,102833.0,82090.375,98105.75,102409.25,100766.75,96990.375,101517.875,100898.375,102698.0,98105.75,99163.125,99276.0,102300.125,102804.25,102786.875,102622.25,99891.625,102622.625,89319.875,102538.75,102564.625,100034.5
94491.5,102773.75,99583.875,102457.375,97597.625,99263.625,99484.375,97641.5,68560.125,101732.625,96138.875,102802.0,81857.375,97525.5,102269.125,100644.0,96663.625,101366.625,100161.75,102863.75,97525.5,98557.0,98667.125,102435.875,102979.125,102795.125,102500.25,99262.125,102548.375,89023.375,102430.125,102461.75,99394.375
93985.875,102251.125,99119.375,101728.75,97150.375,98802.375,99016.625,97183.25,68373.375,101217.75,95482.625,102262.0,81594.375,97068.125,101511.125,99932.125,96017.0,100642.875,99615.625,102402.25,97068.125,98101.0,98078.375,101947.25,102537.0,102270.25,101792.75,98808.0,101911.125,88554.0,101747.875,101732.75,98939.5
93670.0,101810.125,98740.125,101350.375,96792.375,98409.625,98638.75,96805.875,68164.125,100801.25,95154.875,101844.5,81534.0,96692.125,101124.375,99559.875,95690.125,100280.0,99264.0,101966.875,96692.125,97718.375,97730.75,101515.25,102087.375,101793.5,101392.0,98417.875,101478.375,88489.375,101337.0,101350.125,98557.375
93953.0,101721.75,99168.5,101458.5,97198.625,98902.875,99058.25,97319.25,68221.75,100640.375,95430.875,101672.625,81376.0,97211.875,101474.875,99907.75,95959.625,100651.125,99637.375,101862.25,97211.875,98197.875,98027.0,101438.125,101940.75,101707.25,101612.25,98875.5,101517.125,88324.625,101507.25,101463.75,99000.125
94835.375,102886.875,100110.75,102566.875,98107.375,99746.0,100003.625,98094.5,68528.5,101597.0,96294.5,102668.0,81573.625,97972.375,102541.75,100912.75,96843.75,101686.375,100661.0,102974.75,97972.375,99042.0,99070.125,102575.5,103048.25,102799.75,102645.125,99755.875,102563.25,88614.125,102541.5,102580.125,99904.0
93895.375,102045.5,98911.875,101673.375,96957.75,98518.5,98809.625,96898.0,68337.125,100985.0,95281.25,102029.5,81424.75,96780.375,101404.0,99766.375,95845.625,100485.75,99531.25,102234.75,96780.375,97816.625,97995.25,101755.625,102349.375,102011.25,101691.375,98504.875,101745.625,88352.75,101632.25,101675.75,98663.875
92745.625,101103.75,97654.75,100479.25,95737.375,97348.5,97561.875,95769.25,67705.0,100040.25,94288.625,101059.5,81082.125,95662.0,100239.5,98656.625,94814.875,99366.375,98211.625,101329.125,95662.0,96657.625,96760.375,100838.5,101445.125,101088.875,100566.125,97342.5,100701.5,87864.125,100527.25,100480.75,97472.875
92629.75,100751.0,97679.25,100257.625,95758.75,97391.875,97574.0,95835.5,67744.25,99692.0,94236.25,100705.375,81133.0,95732.75,100173.375,98639.625,94718.25,99358.125,98149.375,100851.875,95732.75,96704.5,96617.625,100430.125,100973.375,100750.0,100409.625,97377.75,100420.25,87942.875,100338.125,100256.375,97500.75
92780.375,101581.75,97848.25,101097.625,95903.125,97519.5,97704.875,95942.75,67595.25,100258.75,94929.875,101286.5,81099.75,95824.625,101201.125,99600.0,95366.5,100379.625,98276.25,101905.875,95824.625,96821.0,96920.25,101429.625,101966.875,101434.625,101244.625,97486.5,101134.375,87873.375,101107.0,101109.125,97630.5
92627.75,101499.0,97541.375,101298.125,95576.625,97228.375,97402.0,95648.875,67354.875,100394.375,94965.5,101470.75,80890.5,95543.0,101431.875,99761.5,95336.75,100602.125,97965.875,101982.5,95543.0,96532.25,96704.0,101469.625,102036.125,101551.0,101484.5,97191.625,101344.5,87607.25,101335.875,101309.875,97332.875
93790.5,101971.375,99078.75,102402.625,97031.0,98746.5,98913.875,97123.0,67338.875,101319.25,95901.75,102419.5,81019.125,97000.875,102493.125,100802.625,96378.875,101617.875,99441.25,102402.625,97000.875,98016.125,98085.125,101900.5,102460.75,102419.875,102507.5,98694.5,102340.75,87856.75,102369.625,102413.75,98843.25
94540.25,102784.875,99756.5,103012.625,97717.75,99422.625,99622.5,97773.375,67295.0,101876.0,96397.5,102992.0,81154.875,97650.625,103022.75,101320.75,96906.25,102147.125,100309.25,103143.125,97650.625,98679.625,98854.0,102656.625,103235.25,103080.625,103091.0,99371.5,102980.875,87967.375,102956.875,103025.25,99524.125
94747.625,102896.75,100038.125,103078.375,97999.5,99690.25,99935.25,98046.875,67511.25,102064.875,96476.375,103185.375,81182.75,97927.375,103053.375,101362.5,97000.875,102174.75,100595.875,103206.0,97927.375,98963.0,99062.125,102723.375,103303.75,103180.75,103132.125,99671.25,103077.125,87940.25,103016.25,103089.625,99818.75
94814.0,102863.75,100149.625,103002.375,98114.75,99802.75,100046.25,98130.625,67733.75,101948.75,96368.0,103067.75,81395.0,98009.25,102871.875,101184.0,96892.75,101980.125,100695.5,102971.25,98009.25,99085.875,99110.125,102546.375,103080.75,103084.5,103009.375,99805.625,102983.0,88213.75,102907.25,103009.375,99949.375
94612.25,102873.25,99863.0,102732.625,97839.125,99485.125,99755.0,97818.875,67662.125,101926.625,96214.375,103029.375,81412.5,97688.625,102621.125,100957.25,96738.375,101730.0,100419.0,103042.5,97688.625,98767.0,98838.5,102604.0,103152.625,103010.375,102806.625,99489.875,102824.625,88218.75,102713.5,102740.5,99641.375
94736.625,102857.125,99985.0,102756.125,97969.625,99626.75,99888.75,97959.875,67999.0,101816.125,96291.0,102921.75,81334.0,97835.125,102685.75,101028.625,96828.875,101814.375,100544.375,103094.125,97835.125,98915.0,98960.0,102624.125,103197.875,102933.875,102826.875,99636.625,102821.625,88139.375,102734.125,102764.25,99777.5
94341.125,102526.625,99538.0,102348.125,97541.0,99148.125,99430.625,97504.25,67677.375,101492.875,95872.0,102586.875,81171.0,97381.75,102226.0,100565.25,96388.875,101349.0,100111.875,102799.5,97381.75,98438.75,98536.75,102311.875,102914.875,102558.0,102385.0,99146.875,102406.625,87907.875,102296.25,102352.25,99296.625
94234.625,102117.375,99482.5,102163.5,97483.125,99154.125,99372.625,97525.5,67630.875,101276.875,95820.0,102369.5,81087.0,97413.125,102098.375,100474.75,96349.375,101232.75,100023.25,102306.625,97413.125,98436.125,98467.5,101873.125,102403.0,102316.25,102214.375,99135.125,102180.875,87867.25,102118.125,102167.75,99278.75
94675.5,102723.75,99942.25,102689.5,97938.125,99579.5,99837.375,97928.875,67992.375,101637.75,96333.25,102723.875,81214.125,97806.375,102649.25,101014.25,96861.75,101786.625,100492.0,102721.875,97806.375,98868.75,98951.25,102348.625,102790.875,102786.625,102762.125,99577.875,102636.875,88056.875,102646.25,102698.0,99720.125
94753.5,102989.0,99965.625,102735.875,97946.75,99557.375,99895.875,97920.875,68100.5,101827.0,96301.375,102928.0,81214.625,97800.75,102622.5,100975.375,96819.5,101757.75,100644.375,103099.25,97800.75,98825.625,99004.0,102665.5,103189.75,102972.625,102777.625,99544.5,102766.0,88061.25,102715.375,102740.875,99691.5
94123.25,102195.5,99257.0,101986.75,97262.375,98897.625,99184.5,97285.125,67812.5,101182.75,95527.25,102267.625,81100.875,97170.875,101732.5,100063.375,96057.75,100813.125,99932.625,102262.0,97170.875,98183.75,98325.75,101826.75,102395.0,102256.125,102003.125,98879.875,102029.0,87895.75,101948.875,101991.25,99019.375
93152.625,101573.375,98174.625,101104.625,96200.875,97881.25,98093.625,96279.625,67443.375,100470.0,94760.375,101509.625,80912.0,96162.375,100956.0,99337.5,95232.5,100087.5,98820.25,101806.875,96162.375,97175.0,97255.125,101322.75,101917.75,101541.25,101165.25,97875.125,101198.25,87518.375,101106.875,101110.5,97984.875
92998.625,100928.0,98152.5,100647.75,96166.125,97851.75,98092.125,96261.625,67445.125,99796.875,94498.5,100802.0,80868.75,96146.375,100629.625,99046.375,94976.5,99807.0,98698.625,101080.625,96146.375,97154.125,97044.625,100637.75,101154.875,100879.875,100741.625,97870.625,100657.5,87461.75,100656.25,100656.25,97980.75
93722.875,101411.75,98907.125,101372.25,96917.5,98550.5,98835.75,96950.5,67685.875,100314.625,95196.625,101376.125,80972.0,96837.625,101330.75,99757.5,95692.5,100523.5,99521.5,101436.5,96837.625,97847.0,97865.375,101073.375,101486.5,101426.0,101435.0,98566.25,101283.25,87648.125,101337.625,101383.375,98684.5
94144.375,102185.625,99327.375,101950.0,97333.75,98952.75,99264.875,97350.5,67655.75,101048.5,95685.75,102119.625,81023.125,97243.25,101875.375,100268.25,96189.625,101033.375,99943.25,102271.125,97243.25,98256.625,98328.125,101861.75,102358.875,102182.75,102023.875,98980.0,101974.375,87781.875,101955.625,101955.625,99093.0
94446.75,102232.25,99634.75,102107.75,97641.625,99296.125,99590.5,97671.25,67911.375,101194.25,95882.5,102272.375,81082.125,97566.875,101977.125,100354.625,96410.625,101103.875,100280.75,102257.125,97566.875,98605.375,98624.625,101863.25,102362.375,102268.875,102134.625,99342.25,102093.625,87871.625,102064.125,102112.0,99442.625
94182.0,102446.0,99369.5,102036.5,97378.5,98979.125,99299.5,97365.875,67857.5,101274.75,95826.25,102319.625,81083.0,97248.0,101978.875,100402.5,96315.75,101134.75,100020.375,102574.875,97248.0,98278.75,98425.0,102141.375,102666.75,102381.875,102130.375,98992.375,102118.25,87878.75,102062.0,102043.5,99123.75
94248.25,102444.0,99410.375,102037.75,97426.25,99051.75,99350.125,97432.75,67906.5,101249.125,95780.125,102300.125,81175.875,97320.375,101892.25,100305.125,96290.25,101033.625,100049.75,102677.625,97320.375,98361.75,98429.625,102187.75,102765.375,102339.125,102110.375,99075.125,102107.25,87969.0,102040.75,102041.75,99200.375
94545.5,102199.0,99755.625,101999.75,97758.5,99444.875,99707.625,97829.125,68676.25,101092.5,95844.5,102132.5,81365.0,97718.0,101866.125,100281.625,96398.75,101012.25,100394.0,102424.25,97718.0,98736.375,98703.0,101936.75,102530.5,102122.0,101989.875,99451.75,101954.5,88295.25,101918.0,102009.75,99568.75
94255.125,101703.125,99315.0,101692.875,97356.25,98912.25,99232.0,97304.0,68247.875,100818.75,95645.875,101874.5,81521.625,97183.625,101496.625,99931.5,96196.125,100638.25,100005.0,101716.5,97183.625,98221.75,98432.875,101318.625,101827.375,101776.5,101686.625,98913.5,101688.75,88577.375,101625.0,101695.875,99068.75
93738.25,102208.375,98824.875,101580.875,96842.75,98460.75,98756.125,96864.5,67919.625,100963.375,95559.875,101991.625,81149.75,96754.125,101558.25,100007.625,96020.625,100757.5,99392.5,102428.375,96754.125,97783.875,97876.0,101971.625,102508.25,102047.25,101748.375,98472.875,101750.625,87936.625,101683.75,101588.875,98605.5
94000.625,101959.125,99128.375,101606.875,97163.75,98794.625,99057.125,97205.625,68046.125,100869.125,95499.625,101906.125,81189.625,97095.125,101506.25,99944.625,96021.125,100679.0,99731.625,102142.0,97095.125,98107.5,98164.5,101692.0,102246.0,101923.25,101659.625,98799.75,101680.625,87946.625,101601.5,101613.5,98912.625
93865.75,102028.25,98813.0,101593.625,96900.75,98432.375,98776.5,96833.5,67819.375,100826.5,95400.75,101869.5,81184.125,96722.0,101472.375,99885.25,95866.375,100632.75,99484.625,102218.0,96722.0,97757.75,97925.875,101769.25,102297.25,101936.25,101634.125,98465.375,101619.75,87918.75,101564.375,101601.25,98597.25
93759.875,101852.25,98681.125,101474.0,96760.625,98290.0,98613.0,96721.625,68021.125,100737.375,95335.75,101758.0,81274.625,96605.125,101348.125,99808.5,95809.625,100522.5,99336.125,102109.625,96605.125,97602.0,97807.5,101636.75,102197.25,101771.125,101492.0,98287.375,101518.5,88004.0,101429.875,101481.5,98431.0
93818.25,101650.875,98820.0,101448.875,96897.5,98505.0,98760.5,96959.75,67982.25,100653.25,95338.5,101675.625,81377.5,96851.875,101351.375,99796.625,95800.0,100519.5,99425.625,101795.625,96851.875,97819.25,97858.25,101366.375,101870.875,101693.375,101489.0,98512.625,101471.75,88135.125,101421.875,101456.875,98631.125
93913.0,102254.125,99043.0,101581.0,97071.75,98801.75,98975.75,97244.0,68122.5,100825.375,95661.25,101876.75,81340.5,97140.375,101691.25,100180.625,96126.5,100912.5,99574.875,102469.25,97140.375,98100.375,98072.375,102021.875,102542.5,102047.5,101768.125,98792.875,101723.5,88064.5,101688.375,101592.625,98888.375
94608.25,102265.5,99882.0,102189.625,97888.25,99596.25,99834.25,97976.125,68301.875,101177.5,96082.125,102246.5,81345.0,97866.375,102143.25,100559.0,96613.0,101318.5,100450.5,102369.375,97866.375,98891.75,98793.25,101956.125,102457.0,102258.875,102191.375,99618.875,102100.875,88184.375,102099.375,102200.625,99723.625
94849.375,102500.875,100029.625,102424.5,98054.625,99689.5,99975.625,98069.0,68346.375,101495.5,96222.375,102564.25,81590.875,97955.625,102260.0,100654.875,96746.0,101394.125,100671.5,102493.0,97955.625,98989.875,98999.75,102120.375,102589.25,102577.5,102414.125,99702.375,102400.625,88592.0,102349.5,102429.875,99833.5
94312.625,102259.25,99421.75,101954.625,97465.625,99052.875,99353.375,97450.625,68403.75,101207.625,95733.5,102247.25,81587.875,97331.75,101775.625,100160.625,96243.375,100888.0,100035.5,102433.875,97331.75,98363.375,98417.125,101960.375,102524.75,102252.0,101991.625,99065.125,102011.5,88555.25,101934.5,101958.875,99200.25
92986.25,101023.625,97940.75,100639.5,96029.625,97608.75,97874.75,96048.875,68051.375,100092.625,94400.0,101122.0,81056.5,95939.875,100344.875,98741.0,94918.125,99448.625,98536.375,101197.75,95939.875,96936.875,97009.0,100729.125,101326.125,101078.0,100655.375,97615.625,100756.875,87751.375,100618.875,100639.125,97748.0
92395.75,100583.375,97223.375,100063.25,95334.375,96929.0,97173.25,95382.75,67445.875,99586.875,93918.75,100598.625,80808.25,95289.625,99837.75,98304.875,94381.0,98992.5,97788.25,100725.125,95289.625,96259.625,96316.25,100299.375,100833.625,100603.875,100161.875,96942.75,100261.5,87503.125,100123.125,100061.5,97059.375
92586.0,100732.0,97483.625,100190.75,95612.375,97168.125,97420.25,95634.5,67309.875,99630.25,94262.875,100653.5,80887.5,95529.375,100168.125,98633.875,94736.0,99379.25,98031.25,101030.625,95529.375,96500.0,96617.25,100534.0,101070.875,100685.5,100312.875,97178.125,100317.375,87636.375,100241.375,100197.0,97298.75
92980.125,101037.125,98118.875,100739.5,96188.25,97871.625,98025.0,96360.625,68242.25,99812.125,94599.375,100834.125,81272.875,96259.25,100802.625,99165.0,95033.625,99959.625,98577.25,101254.375,96259.25,97177.125,96932.5,100778.875,101310.625,100952.0,100795.75,97830.75,100732.5,88072.875,100724.0,100750.125,97948.0
94101.875,101804.75,99140.0,101848.5,97210.875,98772.125,99090.0,97186.375,67963.625,100739.375,95582.375,101800.125,81390.25,97080.0,101798.25,100201.625,96057.625,100960.0,99787.25,101659.625,97080.0,98092.125,98231.625,101375.875,101741.625,101853.375,101903.125,98800.5,101767.125,88298.25,101811.0,101856.25,98926.625
93940.75,102250.25,98880.875,101811.25,96959.375,98476.25,98828.875,96888.5,68062.25,101114.625,95588.875,102142.0,81496.375,96770.75,101696.625,100110.5,96054.0,100827.625,99504.625,102393.0,96770.75,97807.25,98010.375,101957.75,102490.0,102184.375,101883.0,98512.25,101903.125,88244.875,101819.125,101816.0,98646.5
93821.5,101403.375,98919.25,101118.875,96984.0,98611.0,98856.375,97052.0,68605.75,100260.375,95138.125,101265.25,81483.125,96949.25,101053.5,99498.5,95650.75,100220.25,99520.0,101538.5,96949.25,97912.0,97885.625,101100.875,101640.375,101304.375,101195.25,98595.375,101195.0,88275.75,101125.375,101131.75,98719.0
93828.5,101106.5,98799.875,101068.625,96884.25,98401.25,98737.125,96812.25,68652.25,100216.875,95057.5,101258.0,81393.875,96695.125,100805.25,99231.625,95590.0,99932.375,99442.625,101107.375,96695.125,97724.25,97866.75,100719.25,101235.625,101190.5,100986.25,98416.75,101039.125,88267.875,100943.875,101072.25,98563.0
93161.0,100783.25,97953.25,100573.5,96086.875,97591.375,97912.125,96046.0,68144.75,99947.0,94596.5,100965.0,81210.125,95943.0,100297.75,98748.5,95104.0,99425.25,98635.0,100844.5,95943.0,96911.125,97143.875,100437.75,100966.875,100903.0,100564.0,97563.0,100644.875,87926.375,100519.875,100575.375,97717.75
93386.875,100793.5,98387.875,100418.125,96475.875,98078.125,98321.5,96505.5,68268.625,99693.75,94664.125,100705.125,81100.125,96390.625,100347.625,98835.625,95191.375,99537.625,98975.0,101050.125,96390.625,97399.875,97391.75,100578.625,101113.25,100745.125,100487.5,98077.75,100471.375,87793.5,100422.75,100427.75,98197.125
93101.75,100998.375,97980.25,100625.5,96098.125,97642.375,97919.625,96089.5,67880.125,99911.375,94631.875,100924.75,81064.125,95980.75,100494.0,98945.625,95090.75,99644.0,98628.125,101143.875,95980.75,96968.25,97151.5,100699.625,101229.5,100999.25,100686.625,97626.125,100708.125,87714.25,100638.125,100631.875,97761.75
92432.375,100552.875,97365.25,99942.25,95484.875,97066.625,97256.375,95536.375,67833.75,99444.5,94001.125,100449.375,80864.875,95425.125,99842.375,98344.0,94493.25,99051.375,97805.5,100811.25,95425.125,96398.625,96424.75,100334.0,100920.125,100484.0,100050.125,97044.875,100108.625,87513.875,99983.25,99948.375,97181.75
92768.75,100126.375,97741.75,100035.75,95861.25,97373.75,97645.625,95815.875,67832.0,99197.5,94174.375,100235.75,80967.25,95697.75,100042.125,98511.125,94711.375,99230.0,98259.375,100295.375,95697.75,96716.5,96785.5,99885.875,100376.75,100166.75,100115.125,97374.625,100010.125,87656.375,100001.375,100040.75,97514.25
93286.5,101269.75,98268.625,100968.375,96372.875,98019.0,98173.375,96508.25,68045.125,100073.125,94974.125,101091.25,80991.125,96411.375,101003.375,99453.625,95489.625,100203.5,98787.375,101341.625,96411.375,97328.375,97401.125,100967.5,101424.375,101229.0,101113.875,97985.0,101005.125,87680.625,100994.625,100973.75,98102.625
93710.625,101758.0,98692.375,101386.625,96787.25,98369.25,98628.875,96791.5,68081.625,100468.875,95281.375,101514.375,81069.25,96680.25,101385.625,99834.625,95780.25,100574.625,99227.125,101964.75,96680.25,97703.0,97733.75,101523.0,102038.625,101606.625,101516.5,98402.0,101390.625,87827.625,101400.0,101394.125,98517.5
93726.25,101756.125,98717.375,101418.625,96806.875,98292.25,98608.375,96712.875,68017.625,100535.25,95345.125,101577.25,81054.0,96601.0,101410.375,99859.0,95872.125,100599.0,99291.125,101953.125,96601.0,97615.75,97856.375,101502.0,102035.125,101622.0,101504.375,98301.75,101427.625,87757.625,101400.25,101425.875,98447.25
93730.125,101648.0,98765.125,101368.875,96844.375,98439.5,98656.75,96894.5,67994.5,100511.125,95238.625,101545.125,80991.125,96791.5,101281.875,99711.25,95762.125,100452.125,99284.5,101792.625,96791.5,97727.125,97794.25,101359.5,101880.625,101565.5,101404.875,98397.75,101377.25,87653.25,101313.125,101373.875,98533.125
93796.875,101407.0,98923.75,101199.75,96994.375,98631.875,98847.125,97051.875,68131.5,100339.625,95127.375,101371.375,81063.375,96944.0,101078.125,99537.5,95651.5,100263.0,99417.375,101639.625,96944.0,97948.25,97814.625,101174.375,101740.0,101391.0,101239.125,98640.75,101223.625,87682.375,101157.375,101204.125,98754.125
94072.25,101855.25,99149.0,101522.0,97228.875,98800.5,99052.75,97217.375,68281.25,100698.875,95432.25,101740.5,81355.75,97099.0,101439.125,99878.0,95944.0,100608.25,99676.5,101953.375,97099.0,98106.0,98091.25,101551.25,102047.375,101795.25,101580.5,98788.5,101550.375,87989.5,101498.125,101526.875,98929.75
93900.625,102057.25,98919.875,101571.125,96995.75,98593.25,98809.25,97026.125,68156.25,100843.5,95469.5,101881.375,81477.125,96912.25,101481.625,99937.75,95948.625,100661.625,99420.75,102244.75,96912.25,97906.5,97973.625,101797.0,102337.5,101931.625,101671.125,98574.625,101670.5,88045.125,101591.375,101575.5,98701.5
93871.5,101673.875,98925.0,101398.75,97004.625,98606.125,98826.25,97028.75,68511.375,100570.125,95375.5,101607.0,81608.875,96918.5,101304.75,99747.5,95915.375,100453.0,99422.375,101908.75,96918.5,97931.125,97962.625,101449.375,102012.0,101619.875,101452.0,98611.625,101417.625,88278.0,101364.75,101404.0,98734.0
93815.125,101425.0,98812.25,101213.625,96916.5,98402.875,98722.875,96827.5,68625.75,100387.125,95213.75,101415.5,81595.5,96709.875,101113.25,99559.5,95777.25,100277.0,99418.625,101605.0,96709.875,97737.625,97922.0,101159.125,101690.5,101416.5,101246.5,98431.125,101243.375,88257.875,101163.375,101217.625,98567.0
93328.125,101252.5,98210.5,100894.875,96348.125,97835.0,98140.125,96274.5,68267.5,100153.25,94817.75,101181.375,81479.625,96161.75,100773.125,99195.5,95309.875,99923.125,98813.75,101431.0,96161.75,97170.5,97312.75,100984.875,101507.125,101200.5,100938.125,97826.125,100952.25,88091.375,100870.0,100900.5,97976.75
92943.625,101004.25,97815.5,100426.0,95950.875,97459.625,97707.875,95932.375,68425.625,99821.625,94463.25,100834.875,81314.5,95827.25,100369.125,98848.125,94963.25,99568.5,98288.125,101314.75,95827.25,96796.0,96907.125,100822.75,101403.0,100884.125,100524.25,97449.25,100554.875,87894.125,100453.5,100429.625,97585.625
93116.125,100825.125,97956.125,100587.75,96106.625,97617.125,97868.375,96093.0,68472.375,99827.25,94585.25,100853.625,81321.25,95980.125,100474.125,98958.5,95065.875,99663.375,98481.5,100906.75,95980.125,96961.0,97050.875,100516.0,101000.25,100862.875,100638.25,97613.5,100655.75,87967.25,100568.875,100590.875,97746.375
93046.5,101084.0,97842.375,100597.0,96005.875,97523.375,97762.375,96022.0,68323.25,99966.75,94691.25,100971.5,81237.125,95922.625,100535.625,99051.375,95163.125,99740.625,98354.0,101220.875,95922.625,96871.75,96988.0,100791.75,101302.375,101034.75,100747.25,97540.875,100772.25,87823.125,100680.125,100601.5,97662.25
93136.0,100990.375,98114.75,100506.625,96229.25,97784.75,98040.875,96223.375,68168.625,99818.0,94686.625,100841.875,81110.625,96109.375,100527.25,99089.375,95172.375,99778.875,98626.5,101257.125,96109.375,97115.5,97188.25,100800.0,101331.5,100902.75,100640.5,97782.625,100583.875,87622.25,100543.75,100517.875,97913.625
93366.625,101112.75,98353.625,100858.875,96479.5,98023.125,98285.125,96466.25,67896.125,99972.125,94866.0,101004.25,81170.125,96354.125,100765.25,99269.375,95365.25,99975.125,98866.375,101252.125,96354.125,97357.25,97342.75,100846.75,101343.875,101084.875,100898.625,98040.5,100839.125,87821.125,100813.5,100864.625,98170.0
92773.0,100986.5,97572.5,100407.75,95726.375,97246.5,97493.625,95747.125,68031.75,99776.5,94395.875,100770.5,80768.25,95643.125,100320.5,98816.875,94871.25,99534.375,98149.75,101212.25,95643.125,96551.125,96761.75,100766.0,101321.25,100843.25,100507.375,97209.125,100542.25,87255.875,100444.5,100414.75,97342.125
92917.125,100266.625,97885.375,100155.0,96020.5,97584.125,97820.25,96057.875,67857.5,99233.75,94320.625,100250.5,80781.625,95958.875,100113.0,98603.375,94850.5,99320.875,98424.0,100430.875,95958.875,96917.0,96900.875,99994.75,100552.25,100263.5,100182.875,97577.5,100113.375,87416.75,100092.125,100163.875,97691.125
93191.625,100804.625,98221.5,100512.0,96335.125,97958.375,98163.125,96425.25,67929.0,99665.375,94607.25,100683.125,80812.125,96328.375,100426.0,98928.75,95122.875,99626.5,98746.0,100919.0,96328.375,97277.375,97229.875,100510.0,100988.5,100749.875,100562.25,97963.125,100526.5,87435.5,100488.5,100519.625,98065.125
93398.125,100997.5,98409.5,100647.75,96513.625,98046.625,98348.375,96458.25,67950.625,99890.625,94759.625,100921.5,80960.625,96335.5,100552.875,99062.0,95294.875,99763.5,98949.125,101191.875,96335.5,97387.375,97424.25,100743.25,101271.125,100953.75,100728.0,98085.0,100730.375,87698.875,100654.75,100652.75,98205.375
93437.625,100867.0,98486.125,100658.625,96585.75,98128.0,98409.125,96577.125,68152.25,99795.75,94853.875,100810.875,80988.125,96477.625,100544.625,99082.625,95392.875,99757.625,99022.875,101062.125,96477.625,97463.5,97483.125,100609.75,101142.125,100820.0,100667.375,98145.875,100650.625,87583.875,100588.75,100666.5,98267.5
93551.25,100951.875,98644.5,100794.625,96732.0,98364.75,98557.125,96807.75,67995.375,99908.375,94900.875,100946.625,80994.0,96704.375,100658.0,99177.25,95426.5,99868.875,99132.125,101017.5,96704.375,97678.25,97581.5,100626.5,101110.75,100936.875,100817.75,98350.25,100782.875,87693.625,100746.5,100797.75,98462.0
93309.375,100968.25,98308.5,100623.625,96403.0,98031.0,98245.625,96451.0,68036.375,99879.125,94665.875,100897.375,81044.75,96329.25,100480.0,98945.375,95201.125,99647.875,98867.75,101116.0,96329.25,97351.875,97310.625,100693.5,101221.75,100920.5,100679.0,98026.5,100696.0,87596.5,100613.0,100627.5,98146.75
93109.625,100518.125,98124.625,100247.875,96236.0,97772.625,98070.25,96186.25,68088.5,99488.0,94333.875,100505.625,81060.0,96060.125,100091.875,98590.625,94869.625,99283.5,98673.125,100724.875,96060.125,97107.875,97046.625,100271.125,100828.625,100500.625,100264.5,97795.875,100279.125,87589.625,100193.0,100254.0,97927.0
92828.25,100489.625,97754.375,100123.125,95894.125,97435.5,97689.875,95876.875,68133.0,99389.5,94214.625,100402.5,80952.625,95762.125,99991.375,98491.625,94710.0,99188.125,98300.5,100721.25,95762.125,96767.375,96752.125,100258.625,100804.5,100415.0,100176.375,97420.25,100178.25,87447.25,100104.625,100126.375,97558.25
92955.5,100667.5,97803.5,100124.875,95961.5,97446.375,97746.75,95896.375,68129.75,99405.625,94323.125,100405.5,80927.375,95788.375,100033.25,98599.0,94840.25,99275.0,98437.5,100971.375,95788.375,96787.125,96903.0,100472.75,101051.125,100493.5,100184.75,97465.125,100189.875,87479.875,100114.125,100130.0,97589.25
92876.625,100702.25,97604.875,100426.875,95772.375,97282.375,97542.625,95747.375,67928.25,99601.375,94496.375,100615.0,81049.25,95632.625,100379.875,98871.25,94962.875,99591.5,98253.375,100881.5,95632.625,96636.75,96782.5,100460.5,100938.375,100677.25,100537.0,97323.75,100468.125,87553.375,100445.625,100432.25,97440.875
92752.875,100807.75,97875.625,100202.5,95942.625,97593.625,97745.125,96049.125,67964.75,99549.5,94483.875,100554.375,80984.125,95943.25,100360.125,98943.5,94960.875,99640.125,98283.375,100993.75,95943.25,96900.625,96809.875,100558.875,101059.625,100668.125,100460.75,97539.125,100352.5,87497.25,100357.25,100197.25,97677.875
93516.375,101111.0,98672.125,100894.5,96741.875,98346.125,98593.125,96756.375,67787.125,99806.75,95010.25,100852.0,80861.0,96645.75,100970.375,99479.5,95542.5,100210.875,99169.875,101244.75,96645.75,97674.25,97569.25,100858.25,101312.875,100968.875,100974.5,98370.875,100827.125,87413.75,100844.5,100909.25,98489.25
93625.125,101482.75,98711.375,101202.25,96788.375,98345.875,98641.5,96760.875,67611.0,100349.875,95130.0,101382.875,80794.0,96647.5,101082.625,99573.0,95651.375,100269.5,99245.75,101569.875,96647.5,97667.625,97689.0,101166.875,101655.625,101415.25,101252.125,98360.875,101242.5,87413.625,101175.125,101206.125,98501.75
93507.375,101646.125,98500.625,101184.875,96595.25,98154.5,98423.25,96578.5,67551.875,100440.125,95168.25,101467.25,81068.75,96467.625,101100.375,99605.0,95677.5,100300.625,99056.875,101836.75,96467.625,97459.375,97582.75,101394.0,101920.5,101530.625,101264.75,98125.25,101269.25,87662.5,101191.125,101190.0,98274.75
93420.0,101293.875,98500.625,100927.125,96578.125,98205.25,98412.875,96649.125,68237.5,100174.0,94953.375,101179.5,81083.875,96539.125,100901.25,99400.875,95473.0,100132.375,99019.5,101595.375,96539.125,97514.375,97476.125,101109.0,101665.125,101237.125,101050.375,98184.375,101028.75,87681.375,100960.0,100936.875,98313.25
93364.625,100728.25,98408.75,100730.875,96516.0,98065.75,98361.875,96484.375,68169.875,99817.625,94729.125,100844.25,80905.625,96371.875,100676.5,99142.25,95260.75,99886.625,98956.0,100918.625,96371.875,97401.875,97388.125,100467.0,101026.25,100795.25,100769.375,98102.25,100709.125,87621.625,100673.875,100734.375,98214.125
93522.0,100991.0,98467.5,100864.375,96593.25,98092.25,98387.375,96534.625,68074.125,100036.125,94817.875,101083.125,81277.625,96420.25,100639.25,99092.375,95380.5,99790.75,99073.0,100978.75,96420.25,97427.125,97508.625,100616.375,101095.625,101037.875,100874.0,98118.5,100886.5,88153.875,100805.375,100866.875,98244.25
93684.625,101265.875,98594.25,100977.5,96718.0,98270.75,98509.25,96731.25,68275.5,100287.875,95022.75,101315.625,81490.25,96626.875,100775.875,99272.0,95545.875,99949.5,99152.375,101339.375,96626.875,97598.0,97619.0,100940.875,101437.625,101318.375,101027.875,98266.625,101070.0,88345.875,100969.125,100978.875,98388.5
93931.625,101576.375,98891.625,101239.375,97016.0,98610.5,98827.75,97049.125,68536.375,100462.125,95387.625,101479.875,81660.5,96942.25,101139.375,99679.375,95891.0,100366.25,99390.625,101702.875,96942.25,97940.75,97883.0,101300.875,101788.25,101531.375,101313.625,98625.0,101292.625,88510.75,101230.0,101246.125,98740.625
94008.125,101827.875,98983.125,101330.625,97096.25,98696.5,98921.375,97147.25,68459.625,100647.25,95459.875,101666.5,81551.0,97041.5,101242.625,99781.75,95961.125,100468.375,99476.5,102000.75,97041.5,98011.0,97972.375,101579.375,102089.875,101743.25,101445.875,98686.125,101462.125,88488.125,101378.625,101334.25,98808.25
93670.625,101527.625,98558.5,101137.125,96675.0,98235.5,98485.375,96670.75,68167.0,100431.375,95090.0,101447.5,81467.25,96550.875,100899.625,99364.75,95614.875,100051.25,99088.75,101719.25,96550.875,97566.75,97676.875,101274.625,101832.75,101479.625,101151.0,98234.375,101212.875,88295.875,101097.0,101140.75,98370.25
93278.375,101027.375,98282.625,100705.625,96381.625,97935.75,98172.75,96411.25,68293.0,100089.5,94706.875,101107.5,81276.125,96309.625,100484.0,98964.5,95246.75,99651.0,98747.375,101128.875,96309.625,97261.0,97335.5,100701.25,101246.5,101089.5,100746.25,97918.875,100805.375,87927.75,100698.5,100707.375,98059.25
93813.25,101031.0,98939.875,100914.875,97026.25,98727.125,98860.25,97182.375,68619.0,99982.625,95092.5,101005.5,81461.375,97086.75,100849.125,99383.75,95630.375,100079.125,99369.125,101136.5,97086.75,98033.625,97816.125,100745.625,101209.375,101040.375,100961.25,98701.75,100868.25,88285.25,100860.875,100924.0,98795.75
94113.5,101484.375,99151.125,101157.625,97250.375,98812.625,99104.125,97215.25,68608.75,100366.625,95247.5,101394.625,81452.625,97106.5,101014.25,99516.0,95784.875,100205.625,99670.5,101567.125,97106.5,98151.625,98057.625,101182.375,101657.0,101462.25,101189.5,98863.875,101199.125,88544.375,101118.75,101162.5,98979.0
93814.25,101440.125,98717.625,101075.125,96854.125,98343.5,98642.875,96780.25,68443.625,100404.625,95093.5,101423.5,81477.25,96664.625,100871.25,99355.0,95632.875,100039.625,99286.625,101527.75,96664.625,97674.125,97773.5,101121.75,101635.25,101424.25,101135.625,98361.75,101194.25,88341.875,101081.5,101080.125,98498.625
93592.0,101270.375,98578.375,100941.375,96713.25,98190.75,98497.5,96665.125,68526.25,100284.375,95054.5,101290.25,81280.875,96560.625,100725.625,99219.25,95600.0,99903.0,99195.125,101414.5,96560.625,97517.75,97710.25,100990.5,101519.25,101289.125,100978.625,98179.625,101027.25,87919.125,100922.875,100944.125,98320.75
94090.0,101906.875,99006.125,101418.5,97144.25,98676.25,98957.375,97129.375,68545.125,100698.375,95589.0,101715.25,81550.25,97029.0,101417.5,99958.625,96068.375,100662.25,99536.625,102048.375,97029.0,98022.875,98018.75,101647.625,102132.875,101819.875,101563.125,98731.25,101518.125,88580.875,101471.375,101424.0,98834.625
93657.625,101166.875,98496.25,100921.875,96648.875,98120.75,98432.375,96569.125,68422.5,100230.125,94954.25,101245.125,81301.75,96465.25,100701.375,99176.0,95493.375,99858.875,99022.125,101265.125,96465.25,97459.5,97546.0,100849.75,101399.875,101217.375,100919.375,98151.875,100980.875,88215.625,100868.25,100926.375,98271.125
93257.625,100798.25,98134.5,100549.0,96297.75,97842.25,98077.5,96308.25,68309.875,99830.625,94590.625,100839.375,81093.0,96210.25,100285.875,98767.25,95112.0,99454.625,98630.625,100931.625,96210.25,97188.625,97181.75,100513.625,101051.25,100815.75,100533.875,97858.5,100573.125,87686.25,100478.625,100549.375,97968.625
93122.875,100798.375,98068.625,100453.25,96186.75,97757.125,97994.0,96199.875,68490.25,99714.0,94548.875,100719.25,80806.0,96091.875,100287.125,98802.625,95067.875,99490.75,98552.75,101018.0,96091.875,97096.625,97042.625,100572.875,101122.5,100737.75,100482.25,97768.0,100494.625,87439.375,100408.5,100457.5,97892.125
93167.0,100821.75,98157.125,100532.875,96277.375,97840.875,98071.75,96311.125,68587.625,99741.0,94711.75,100747.125,81065.375,96214.75,100417.75,98987.5,95227.25,99644.125,98649.75,101076.875,96214.75,97181.625,97201.125,100613.875,101160.0,100764.0,100532.5,97853.875,100529.25,87954.5,100459.375,100539.0,97971.875
93566.0,101102.5,98503.25,100791.0,96628.75,98155.875,98429.5,96609.0,68555.625,100023.25,95099.375,101042.25,81652.125,96504.5,100757.375,99337.625,95620.5,100005.25,99062.75,101371.25,96504.5,97496.375,97552.125,100914.875,101430.5,101051.5,100842.125,98174.125,100821.5,88465.375,100765.625,100798.625,98298.375
93697.0,101236.625,98605.75,100855.125,96752.25,98240.0,98544.625,96700.125,68662.5,100132.375,95096.25,101148.625,81524.125,96595.5,100812.5,99335.0,95641.875,100028.0,99151.75,101494.0,96595.5,97585.0,97682.125,101030.875,101569.875,101184.125,100948.125,98270.0,100946.125,88262.125,100875.5,100861.5,98393.75
93451.875,101023.625,98299.875,100697.25,96453.0,97955.875,98227.875,96408.625,68517.25,99916.25,94854.5,100933.875,81387.0,96302.0,100570.625,99083.5,95395.125,99788.625,98852.375,101231.375,96302.0,97298.875,97398.75,100785.5,101317.0,100955.0,100750.625,97977.75,100756.375,88128.25,100680.375,100701.75,98100.5
93207.375,100737.75,98014.875,100453.875,96185.75,97662.125,97943.0,96136.5,68303.0,99703.25,94577.125,100713.0,81261.0,96029.125,100277.375,98768.125,95106.375,99478.125,98562.875,100915.125,96029.125,97009.875,97112.375,100477.75,101006.5,100732.875,100478.75,97685.25,100489.0,87953.0,100412.125,100457.375,97807.125
93017.875,100860.75,97666.375,100420.0,95879.125,97282.0,97598.5,95773.75,68222.375,99751.0,94535.375,100755.375,81147.125,95677.625,100255.875,98775.25,95024.75,99476.5,98255.25,101117.75,95677.625,96637.125,96911.5,100647.0,101197.625,100784.25,100489.0,97297.625,100521.625,87804.625,100428.25,100422.375,97429.25
92763.75,100611.0,97537.875,100164.0,95722.125,97214.0,97466.125,95716.75,68290.625,99551.5,94255.375,100555.0,81032.25,95609.875,99956.75,98471.875,94741.5,99165.375,98003.875,100837.0,95609.875,96555.75,96610.0,100371.375,100931.875,100558.75,100212.0,97203.5,100262.0,87594.75,100160.625,100165.125,97327.5
92830.75,100303.375,97710.125,99934.5,95866.625,97403.5,97656.125,95875.5,68206.125,99226.5,94270.75,100217.5,80953.125,95771.625,99907.375,98462.375,94802.75,99157.125,98181.5,100455.125,95771.625,96753.5,96771.375,100046.0,100529.5,100274.75,100009.875,97436.5,99974.25,87521.375,99919.25,99940.875,97540.0
92941.0,100631.375,97743.125,100200.125,95914.75,97393.0,97672.875,95875.375,67915.375,99382.25,94457.5,100392.375,80999.875,95778.5,100171.125,98714.125,94964.375,99424.25,98254.625,100785.125,95778.5,96743.5,96811.625,100395.125,100843.75,100524.125,100327.125,97406.625,100260.625,87691.375,100232.625,100209.625,97525.875
92888.875,100941.375,97631.125,100401.0,95795.875,97199.75,97570.0,95672.375,67564.125,99754.375,94597.25,100755.75,80762.375,95575.625,100375.0,98887.25,95062.25,99598.125,98196.0,101079.875,95575.625,96527.875,96853.875,100666.625,101175.25,100839.125,100552.125,97201.75,100562.875,87350.625,100488.75,100407.0,97356.5
93088.5,100679.875,98077.75,100333.0,96190.75,97737.125,97993.75,96197.5,67693.0,99562.375,94597.875,100553.0,80746.875,96099.875,100320.625,98875.25,95128.875,99580.5,98614.625,100915.625,96099.875,97049.375,97181.75,100467.75,101013.125,100606.375,100391.625,97710.625,100355.625,87414.625,100308.625,100340.75,97850.375
93528.875,100823.0,98526.375,100666.0,96657.375,98182.25,98476.625,96624.25,67934.875,99762.25,94765.0,100769.75,80963.625,96524.75,100556.25,99007.5,95325.625,99740.625,99063.75,100925.375,96524.75,97532.625,97526.125,100526.0,101002.125,100825.125,100701.125,98223.25,100651.0,87861.25,100619.75,100672.625,98339.25
93526.125,101191.625,98462.625,100846.875,96604.75,98143.875,98387.875,96602.375,67914.625,100099.25,94921.375,101118.375,81135.125,96499.0,100735.5,99195.25,95431.5,99931.125,98982.875,101260.375,96499.0,97481.0,97483.375,100875.75,101376.25,101150.125,100925.125,98153.75,100933.75,88165.0,100864.125,100850.25,98278.625
93492.75,101242.0,98426.625,100818.625,96536.5,98101.0,98369.0,96574.125,67898.375,100067.0,94988.625,101076.75,81120.125,96482.625,100764.375,99265.375,95452.625,99989.0,98982.625,101440.625,96482.625,97430.0,97433.875,101005.625,101515.875,101139.125,100916.125,98113.875,100902.375,88176.25,100849.5,100823.375,98229.375
93547.5,101042.375,98494.875,100679.25,96583.625,98209.0,98435.25,96670.75,67933.75,99877.875,94924.5,100888.5,81008.375,96574.625,100630.125,99161.0,95426.75,99873.125,99094.0,101171.375,96574.625,97516.75,97580.0,100781.0,101266.375,100936.25,100753.375,98201.375,100723.625,87668.375,100671.375,100686.125,98304.875
93515.875,101034.25,98454.25,100741.0,96544.25,98091.125,98398.375,96523.25,67980.125,100003.875,94989.375,101010.125,80896.5,96416.75,100683.125,99220.5,95474.25,99929.125,99066.25,101130.625,96416.75,97414.0,97529.25,100732.625,101214.75,101013.75,100815.625,98105.625,100794.625,87458.25,100743.375,100749.0,98225.0
93663.5,101238.375,98672.25,100971.25,96761.375,98334.875,98628.625,96763.25,68466.125,100195.625,95133.0,101220.0,80927.625,96656.125,100926.25,99459.375,95613.5,100163.25,99308.5,101427.25,96656.125,97648.875,97721.0,100989.5,101494.125,101222.375,101057.625,98337.5,101046.625,87691.625,100990.875,100979.75,98459.875
93638.75,101319.75,98580.625,101050.875,96701.0,98209.125,98538.25,96648.5,68087.0,100209.125,95069.625,101232.0,81221.625,96535.125,100939.375,99418.5,95534.25,100145.125,99208.75,101517.0,96535.125,97534.125,97639.0,101078.5,101611.875,101272.75,101083.25,98223.5,101077.375,88179.875,101016.75,101055.375,98349.625
93309.0,101222.75,98137.25,100835.25,96273.875,97826.25,98095.625,96322.75,68201.75,100084.5,94867.25,101106.375,81045.625,96237.125,100701.0,99185.5,95315.5,99915.5,98713.0,101367.0,96237.125,97124.75,97257.875,100951.625,101468.125,101156.0,100881.5,97778.0,100890.25,87711.875,100817.25,100840.625,97909.625
93287.375,100787.0,98184.5,100538.5,96314.875,97928.75,98177.625,96385.125,67778.625,99742.375,94613.125,100756.25,80774.0,96286.125,100396.0,98876.625,95079.5,99586.375,98741.875,100931.375,96286.125,97252.0,97132.75,100514.875,101029.75,100759.125,100550.5,97929.75,100547.125,87567.75,100486.5,100541.625,98038.375
93341.875,100650.125,98264.25,100503.375,96373.125,97986.125,98230.25,96439.0,67993.875,99669.75,94620.125,100681.625,80711.875,96336.875,100375.125,98864.25,95110.25,99583.625,98841.625,100745.875,96336.875,97305.875,97242.75,100350.75,100847.375,100675.25,100501.0,97990.625,100488.875,87601.0,100432.125,100508.375,98091.125
93413.625,100695.875,98358.625,100552.875,96476.75,98055.5,98335.875,96495.75,68078.75,99760.0,94616.25,100773.25,80943.0,96393.25,100401.0,98856.875,95106.75,99581.0,98932.125,100783.375,96393.25,97389.375,97277.375,100385.5,100905.375,100770.5,100583.25,98087.875,100589.75,87965.75,100524.875,100557.125,98193.375
93208.375,100552.75,98104.0,100323.75,96235.0,97785.25,98049.375,96268.625,68161.875,99526.875,94435.75,100540.5,80929.0,96167.375,100129.375,98599.625,94925.5,99314.75,98671.875,100681.0,96167.375,97114.5,97097.75,100267.5,100795.75,100535.125,100334.25,97795.5,100341.625,87717.375,100273.75,100327.125,97909.0
93178.0,100275.875,98141.625,100071.0,96262.0,97858.375,98113.125,96300.125,68221.125,99273.875,94325.875,100288.125,80918.75,96196.875,99916.125,98432.125,94851.625,99139.0,98707.625,100434.125,96196.875,97182.375,97063.375,100004.375,100523.5,100289.625,100085.875,97865.875,100094.75,87801.0,100021.75,100074.375,97963.625
92941.125,100141.5,97833.75,99939.0,95983.125,97496.75,97800.625,95959.125,68148.5,99197.75,94145.375,100203.25,81051.25,95847.5,99748.875,98242.0,94645.625,98949.875,98434.625,100298.5,95847.5,96832.625,96851.875,99861.5,100388.5,100183.125,99940.625,97513.5,99949.625,87846.25,99884.375,99945.0,97637.25
92770.25,100038.625,97632.125,99698.125,95785.125,97341.375,97607.625,95817.75,68192.625,99050.0,94010.0,100035.5,80828.375,95719.875,99575.125,98101.875,94504.75,98793.0,98203.125,100227.375,95719.875,96682.5,96625.25,99794.25,100328.125,100045.0,99760.875,97360.375,99790.375,87439.75,99698.25,99703.5,97466.75
92791.375,99954.25,97626.75,99706.0,95790.75,97342.75,97603.25,95830.625,68077.125,98998.125,94012.75,100003.5,80812.25,95736.125,99565.25,98101.25,94498.875,98799.875,98188.0,100133.5,95736.125,96691.375,96617.75,99695.875,100220.625,99979.0,99725.25,97369.375,99754.5,87735.375,99667.25,99712.875,97468.5
92789.625,100275.625,97526.0,99896.375,95714.75,97213.0,97506.75,95710.125,68091.625,99232.5,94211.75,100221.625,81015.125,95613.375,99786.875,98338.625,94660.25,99033.125,98137.625,100459.875,95613.375,96567.875,96664.5,100039.375,100532.25,100216.875,99974.25,97246.0,100009.25,87841.375,99915.875,99899.625,97353.5
92864.375,100471.25,97805.625,100005.75,95933.75,97432.25,97735.5,95927.625,68155.375,99301.625,94375.375,100293.875,80877.375,95831.125,99972.25,98532.625,94856.5,99231.375,98361.5,100717.125,95831.125,96749.0,96886.5,100274.25,100786.75,100322.75,100145.625,97405.375,100117.625,87536.5,100062.125,100012.125,97534.875
93021.5,100513.125,97855.75,100145.625,96003.0,97508.875,97820.0,95976.375,68158.625,99435.625,94448.375,100427.875,80843.25,95873.25,100124.25,98671.125,94940.75,99378.375,98521.375,100701.875,95873.25,96855.875,96980.125,100269.625,100772.25,100448.125,100218.5,97539.75,100211.75,87636.0,100147.375,100154.125,97647.5
92839.25,100313.5,97679.625,99953.25,95824.75,97383.625,97633.125,95872.125,68026.875,99291.875,94222.0,100289.25,80702.25,95778.5,99822.5,98372.75,94706.375,99053.375,98281.5,100546.125,95778.5,96716.0,96753.375,100096.25,100643.25,100282.875,99997.375,97387.875,100039.625,87360.625,99935.75,99960.125,97495.625
92662.75,100041.5,97537.125,99793.25,95683.0,97238.375,97507.875,95705.625,67814.625,99018.75,94094.75,100026.25,80684.0,95605.375,99643.0,98194.5,94588.625,98878.25,98141.5,100186.0,95605.375,96570.75,96625.25,99783.5,100273.875,100024.0,99824.25,97248.875,99810.125,87279.875,99753.125,99796.75,97356.125
92444.625,100046.0,97270.25,99708.125,95423.75,96964.125,97221.875,95449.5,67957.125,99051.375,93882.0,100064.125,80757.25,95345.75,99585.375,98119.5,94348.75,98821.625,97861.875,100120.75,95345.75,96295.5,96363.125,99718.25,100210.75,100077.25,99791.375,96960.375,99831.25,87272.0,99739.75,99709.375,97076.0
92626.0,99851.75,97487.75,99624.625,95654.0,97258.875,97494.875,95755.625,68038.25,98923.875,93904.625,99920.125,80718.625,95668.5,99495.0,98057.125,94404.875,98744.375,98064.5,99929.375,95668.5,96609.875,96454.75,99524.875,100049.875,99922.125,99644.0,97300.125,99683.125,87335.125,99588.625,99625.25,97379.375
92963.625,99996.75,97811.5,99935.25,95969.125,97519.25,97798.75,95998.0,68150.25,99098.125,94210.75,100112.625,80784.375,95906.0,99788.5,98303.75,94712.25,99006.375,98436.375,99976.125,95906.0,96863.25,96855.625,99608.5,100104.5,100089.625,99913.375,97561.125,99909.75,87514.125,99845.375,99942.375,97654.75
93088.0,100258.75,97991.625,100094.25,96133.625,97706.625,97967.5,96157.25,68186.0,99372.75,94290.0,100386.125,80817.125,96055.75,99870.375,98375.625,94795.875,99062.625,98557.625,100257.375,96055.75,97041.75,96981.375,99887.75,100395.5,100394.125,100116.875,97729.625,100169.25,87803.875,100062.625,100096.75,97831.625
93410.375,100665.25,98379.75,100495.0,96494.0,98077.375,98355.75,96520.5,68295.375,99774.875,94654.375,100796.125,81225.625,96415.375,100324.625,98837.25,95160.0,99526.75,98920.25,100767.625,96415.375,97405.75,97318.125,100369.75,100847.625,100761.75,100501.5,98102.5,100528.25,88247.0,100449.625,100499.375,98209.0
93525.375,101043.625,98381.0,100844.625,96523.0,98053.625,98361.625,96515.25,68249.75,100025.75,94843.375,101049.5,81383.25,96410.5,100668.625,99125.625,95305.875,99845.25,98953.75,101217.625,96410.5,97382.25,97388.375,100798.5,101305.375,101053.625,100867.0,98069.25,100874.25,88189.25,100806.25,100848.75,98200.5
93628.0,101089.25,98551.25,100950.375,96658.625,98184.75,98485.625,96647.625,68361.625,100100.5,94986.75,101118.125,81329.0,96552.375,100784.125,99240.75,95485.375,99964.125,99164.0,101185.875,96552.375,97486.125,97603.125,100793.0,101263.875,101113.0,100908.5,98147.125,100907.25,88269.625,100846.375,100956.625,98300.5
93173.25,100832.375,98086.625,100543.125,96206.5,97776.5,98057.875,96228.5,68286.5,99860.25,94574.625,100882.0,81145.875,96128.875,100377.875,98838.625,95062.625,99570.5,98704.75,100876.375,96128.875,97100.625,97131.125,100492.5,100983.625,100867.375,100585.875,97780.125,100639.5,87872.125,100540.125,100543.875,97901.375
92806.375,100209.0,97721.0,99826.125,95855.75,97422.125,97695.0,95873.625,68333.125,99189.625,93989.875,100190.25,80940.75,95769.5,99706.875,98201.375,94510.0,98917.375,98317.5,100372.25,95769.5,96763.5,96708.875,99925.125,100496.0,100163.25,99845.125,97449.375,99892.375,87570.5,99793.625,99831.0,97554.75
92771.0,99905.375,97607.5,99774.625,95765.5,97258.0,97572.125,95730.75,68212.25,98980.375,93918.125,99985.625,81012.125,95625.625,99626.25,98094.875,94432.5,98811.25,98236.25,99941.5,95625.625,96606.625,96684.0,99562.25,100066.875,99960.5,99801.0,97281.625,99801.75,87732.375,99738.5,99779.875,97405.25
92499.375,99959.125,97291.25,99645.625,95457.5,96973.75,97244.25,95463.125,68154.0,98944.125,93803.0,99959.375,80963.125,95363.875,99463.25,97964.25,94273.625,98670.375,97889.5,100045.5,95363.875,96312.125,96351.375,99639.5,100158.125,99952.5,99707.25,96968.25,99714.5,87623.5,99644.375,99648.625,97098.125
92579.5,99708.0,97504.0,99534.5,95642.125,97265.375,97476.125,95752.25,68081.5,98726.125,93866.5,99726.0,80877.5,95659.125,99484.625,98051.875,94375.5,98745.875,98034.375,99826.0,95659.125,96604.375,96483.0,99414.625,99950.625,99702.125,99577.75,97286.375,99498.875,87553.0,99500.75,99541.625,97382.25
92763.375,100276.75,97491.125,100148.0,95677.5,97115.625,97455.25,95628.5,67965.625,99357.75,94212.25,100375.75,80904.125,95514.75,99959.125,98428.0,94682.125,99134.75,98132.875,100251.75,95514.75,96465.875,96702.375,99895.25,100374.875,100345.25,100143.25,97138.375,100132.875,87613.75,100077.375,100151.625,97275.25
92877.0,100795.75,97699.875,100380.625,95838.75,97446.25,97642.875,95944.875,68273.5,99787.25,94360.125,100787.875,80987.75,95834.75,100136.75,98595.125,94834.875,99287.625,98243.625,100898.25,95834.75,96778.5,96823.375,100488.25,101009.875,100797.625,100419.625,97429.125,100498.25,87694.5,100379.5,100382.125,97537.75
92813.375,100502.0,97569.375,100229.125,95727.125,97244.25,97517.0,95752.5,68226.0,99600.375,94314.375,100598.25,81135.625,95640.875,99969.0,98464.0,94800.75,99156.875,98188.75,100560.625,95640.875,96585.25,96772.125,100178.125,100677.5,100569.25,100221.75,97241.0,100280.875,87879.75,100173.0,100226.625,97362.0
92575.75,100172.875,97375.375,99901.375,95535.875,97078.75,97346.0,95580.125,68071.5,99287.0,93941.625,100272.25,80934.125,95466.5,99589.375,98025.625,94440.875,98739.5,97998.5,100238.0,95466.5,96421.0,96497.0,99840.625,100365.75,100239.5,99867.5,97076.125,99925.875,87645.375,99822.5,99900.75,97198.625
92507.625,100247.125,97125.25,99951.75,95338.75,96764.125,97087.75,95305.25,67849.875,99340.625,94013.875,100333.125,80954.5,95189.0,99652.0,98103.375,94500.75,98825.75,97811.5,100313.0,95189.0,96105.5,96425.125,99922.0,100445.125,100325.375,99932.875,96750.875,99996.25,87557.125,99887.25,99950.25,96882.75
92356.75,100239.875,96928.25,99901.25,95139.375,96620.5,96877.5,95177.75,67930.875,99311.5,93945.75,100300.25,80920.5,95067.125,99596.75,98010.625,94414.375,98748.125,97542.5,100294.5,95067.125,95954.625,96245.75,99903.375,100416.375,100285.125,99890.25,96591.375,99955.375,87478.875,99846.75,99899.0,96707.25
92467.0,100106.875,97183.125,99798.25,95363.125,96920.625,97151.125,95465.75,68003.625,99186.625,93925.375,100176.375,80900.25,95354.625,99520.875,97996.25,94414.25,98690.875,97789.125,100154.75,95354.625,96252.0,96407.125,99771.125,100276.125,100170.625,99787.5,96894.75,99849.0,87490.125,99744.5,99796.375,97011.125
92668.25,100158.125,97469.375,99977.875,95632.875,97218.25,97440.125,95731.75,68118.5,99260.5,94169.375,100258.75,80978.0,95625.0,99880.5,98419.5,94646.0,99115.25,98044.75,100226.0,95625.0,96557.75,96587.5,99838.125,100319.625,100236.125,100014.25,97222.125,100000.125,87628.25,99937.0,99981.375,97326.75
92729.875,100316.5,97567.5,100070.625,95734.5,97359.25,97573.875,95866.625,68214.625,99283.125,94262.875,100284.125,80957.125,95762.5,100024.75,98567.125,94720.0,99272.875,98121.25,100414.5,95762.5,96699.75,96611.25,100037.0,100498.625,100294.875,100146.75,97359.0,100092.25,87642.5,100058.0,100079.0,97464.75
92636.375,100187.0,97458.875,99810.875,95627.625,97172.875,97454.5,95659.125,68094.875,99088.125,94012.375,100085.5,80806.25,95540.375,99740.625,98275.375,94499.375,98984.375,98082.125,100317.125,95540.375,96524.0,96533.125,99915.125,100397.375,100137.625,99888.125,97196.75,99875.0,87536.375,99812.875,99816.125,97308.0
92484.125,99969.25,97192.75,99556.25,95382.5,96865.5,97169.875,95381.75,67781.625,98908.375,93812.5,99900.125,80760.5,95264.625,99447.25,98013.875,94293.625,98697.625,97814.0,100067.5,95264.625,96217.875,96309.125,99652.0,100169.125,99946.25,99620.5,96887.0,99649.375,87461.625,99556.5,99561.0,97004.125
92438.75,100207.75,97175.875,99814.625,95351.625,96853.875,97127.5,95378.5,67817.75,99137.125,94036.875,100140.875,80599.5,95277.125,99709.25,98263.875,94513.25,98964.75,97794.625,100246.625,95277.125,96211.875,96403.375,99871.25,100356.875,100177.375,99922.875,96868.75,99952.25,87293.375,99855.0,99814.0,96989.875
92812.75,100701.5,97546.125,100197.0,95722.5,97255.5,97535.625,95750.0,67968.625,99579.875,94368.25,100578.375,80865.375,95643.75,100038.0,98591.625,94853.75,99282.625,98196.625,100781.625,95643.75,96601.5,96776.0,100397.875,100883.5,100658.0,100312.25,97264.0,100333.625,87664.625,100249.5,100198.0,97384.625
92882.625,100663.5,97495.5,100250.875,95707.875,97205.75,97460.625,95733.875,68177.5,99633.25,94360.75,100631.625,81148.0,95629.0,99999.5,98503.25,94836.5,99174.0,98133.75,100791.0,95629.0,96535.75,96746.625,100385.125,100885.25,100666.25,100290.625,97181.625,100357.625,87892.5,100243.0,100249.875,97307.125
92754.125,100486.375,97326.75,100105.0,95548.0,96981.375,97294.875,95525.5,68245.625,99510.625,94206.125,100502.75,81095.375,95417.875,99832.875,98294.5,94684.375,99000.625,97985.125,100578.375,95417.875,96312.5,96601.625,100180.75,100694.5,100522.75,100103.5,96962.0,100201.75,87810.375,100065.375,100104.0,97095.5
92771.75,100364.875,97397.5,100107.75,95594.375,97081.375,97347.5,95638.75,68146.875,99472.375,94199.125,100472.875,81031.625,95535.625,99808.75,98267.25,94679.75,98975.5,98013.5,100421.25,95535.625,96402.75,96605.25,100030.625,100548.5,100449.125,100061.625,97052.875,100137.875,87757.25,100021.25,100106.625,97173.375
92741.25,100331.0,97416.5,100086.625,95594.625,97132.625,97370.0,95662.125,67991.0,99428.875,94141.5,100422.25,80995.125,95550.625,99775.75,98199.375,94627.375,98925.0,98002.5,100406.375,95550.625,96470.5,96608.375,100007.125,100509.625,100396.875,100039.125,97130.875,100108.75,87683.75,100002.25,100084.875,97249.375
92503.5,100303.125,97070.25,99984.25,95294.5,96676.0,97026.5,95249.125,68090.0,99368.25,94017.25,100357.625,80784.0,95148.125,99705.625,98136.0,94503.625,98857.5,97726.625,100395.25,95148.125,96012.625,96378.0,99995.625,100499.25,100351.0,99983.25,96681.75,100043.625,87411.375,99946.25,99985.25,96813.375
92726.0,100435.875,97369.0,100112.5,95576.5,97075.875,97337.125,95603.75,68081.5,99490.0,94203.0,100494.0,80954.5,95496.375,99816.875,98281.875,94695.0,98979.125,97991.25,100497.375,95496.375,96414.25,96601.0,100107.875,100617.5,100487.5,100089.0,97075.875,100189.5,87738.75,100057.375,100110.5,97193.125
92818.0,100362.5,97429.125,100058.875,95637.625,97136.75,97389.875,95675.875,68067.25,99397.0,94218.75,100385.375,81144.625,95564.625,99799.5,98268.375,94696.75,98969.875,98054.875,100442.125,95564.625,96454.875,96655.375,100044.125,100554.25,100390.75,100056.5,97100.125,100097.625,87934.0,100009.0,100059.75,97227.75
92583.375,100085.5,97172.125,99784.875,95393.75,96874.125,97128.5,95428.125,68032.875,99122.0,93978.125,100108.5,80982.875,95316.75,99526.625,98023.125,94453.0,98713.5,97797.5,100178.375,95316.75,96212.25,96396.625,99780.75,100290.0,100116.25,99793.125,96862.375,99836.375,87686.625,99741.625,99784.75,96976.25
92327.375,99828.125,96902.625,99486.875,95128.125,96521.375,96857.25,95080.5,67982.125,98819.875,93753.375,99799.125,80569.25,94973.75,99281.625,97816.25,94223.625,98490.625,97550.25,99989.5,94973.75,95873.875,96162.875,99574.0,100096.125,99829.375,99527.625,96545.0,99557.875,87200.375,99468.5,99489.25,96678.875
92295.25,99615.125,97019.0,99234.375,95206.0,96741.75,96959.75,95315.75,67908.75,98455.875,93619.375,99435.875,80504.0,95218.5,99120.625,97694.75,94085.375,98368.75,97557.125,99878.0,95218.5,96073.25,96091.125,99429.5,99962.5,99492.25,99294.375,96718.625,99287.625,87178.75,99223.375,99240.0,96832.25
92356.625,99476.25,97150.875,99025.625,95342.0,96923.625,97142.375,95455.5,67961.875,98200.125,93664.0,99175.0,80650.875,95353.125,99064.375,97720.0,94125.125,98364.25,97686.375,99783.0,95353.125,96275.375,96141.625,99320.625,99850.75,99288.875,99115.25,96945.5,99061.375,87412.0,99023.875,99037.875,97040.875
92480.75,99441.375,97237.0,99130.125,95434.875,96932.375,97216.125,95466.875,68031.625,98148.5,93825.625,99133.625,80804.375,95362.25,99198.125,97865.875,94316.375,98514.625,97848.0,99844.375,95362.25,96289.25,96296.0,99330.375,99903.75,99253.125,99207.125,96945.5,99066.75,87445.625,99090.875,99147.25,97065.25
92738.875,99999.375,97644.875,99526.5,95792.625,97426.875,97604.375,95963.125,68273.125,98889.75,94053.25,99867.875,80887.125,95860.875,99536.125,98129.75,94526.0,98819.25,98100.25,100266.5,95860.875,96764.5,96548.5,99786.25,100388.5,99959.125,99570.75,97435.375,99570.875,87530.625,99483.75,99538.25,97528.5
92786.75,100430.25,97725.5,99785.125,95877.375,97490.75,97734.25,95996.875,68306.375,99402.125,94024.625,100398.25,80819.25,95890.75,99641.25,98223.125,94480.25,98890.125,98230.625,100624.5,95890.75,96835.25,96541.375,100178.25,100750.0,100443.75,99939.0,97533.0,100033.75,87559.0,99882.375,99777.75,97620.375
92753.0,100508.125,97595.375,100079.0,95754.875,97384.75,97590.75,95905.5,68540.0,99516.875,94161.375,100519.5,80868.0,95803.875,99891.5,98388.375,94644.125,99081.0,98207.625,100647.375,95803.875,96732.125,96648.25,100233.0,100757.875,100540.125,100142.125,97424.5,100219.875,87644.875,100085.75,100081.5,97507.25
92904.75,100309.5,97705.0,100012.625,95877.875,97369.375,97697.125,95877.25,68545.125,99365.0,94206.875,100355.75,81070.0,95764.875,99809.0,98310.625,94691.625,98995.25,98373.125,100409.125,95764.875,96714.625,96822.0,100003.5,100521.5,100366.625,100045.375,97410.875,100073.25,87825.125,99982.75,100015.25,97520.5
92854.25,100206.875,97641.5,99944.75,95817.25,97309.125,97610.5,95808.375,68483.875,99278.75,94196.375,100270.5,81032.625,95694.75,99773.25,98287.875,94695.375,98982.375,98265.375,100258.0,95694.75,96655.875,96760.875,99880.625,100366.25,100272.0,99951.625,97328.5,99993.0,87754.375,99906.375,99950.25,97449.75
92691.0,100189.875,97394.125,99936.75,95590.625,97041.0,97351.0,95573.5,68167.875,99260.625,94021.75,100257.875,80878.0,95465.625,99696.125,98185.25,94500.75,98874.625,98012.125,100258.875,95465.625,96397.125,96542.875,99870.875,100362.25,100252.5,99943.0,97067.125,99978.25,87556.875,99889.625,99941.75,97194.75
92730.625,100343.5,97344.5,100022.375,95549.75,96963.0,97303.625,95481.0,68067.25,99364.125,94104.5,100359.125,80790.5,95370.625,99781.875,98283.625,94560.75,98958.5,97992.375,100439.5,95370.625,96330.875,96544.125,100051.25,100521.125,100376.5,100058.375,97004.25,100098.125,87441.125,100005.375,100022.75,97128.0
92967.75,100488.75,97633.875,100251.75,95812.875,97300.75,97588.375,95839.125,68444.75,99523.25,94344.5,100515.5,81034.875,95736.125,100008.5,98461.125,94824.875,99171.375,98227.125,100572.125,95736.125,96643.875,96790.75,100182.75,100663.25,100523.0,100259.5,97314.375,100271.375,87779.375,100209.0,100254.375,97446.875
93075.375,100409.625,97864.25,100195.375,96021.5,97605.625,97812.625,96109.125,68443.0,99451.5,94372.75,100442.875,81259.25,95994.875,99934.25,98407.0,94864.5,99100.75,98423.75,100474.375,95994.875,96932.0,96921.625,100089.625,100584.0,100444.75,100195.625,97594.0,100227.625,88080.625,100142.5,100199.375,97707.875
92976.875,100306.75,97711.0,100032.25,95889.5,97378.5,97684.625,95892.375,68387.125,99310.125,94307.625,100306.25,81217.375,95777.75,99819.875,98375.5,94822.375,99053.375,98365.75,100435.375,95777.75,96723.75,96908.5,100022.25,100524.0,100312.875,100048.625,97413.125,100066.0,87933.0,99993.875,100034.5,97529.375
92831.375,100329.625,97492.375,100016.875,95704.0,97176.25,97472.75,95702.75,68141.375,99315.625,94297.125,100304.75,81180.125,95584.0,99879.875,98435.0,94754.875,99104.5,98142.375,100468.0,95584.0,96531.5,96697.125,100066.5,100545.375,100327.625,100091.125,97214.375,100096.75,87944.25,100024.25,100020.75,97325.25
92681.5,100267.125,97260.625,99963.625,95484.875,96913.125,97225.625,95462.75,67949.0,99278.0,94173.125,100263.625,81094.25,95348.875,99764.875,98350.875,94638.125,98982.75,97909.875,100387.625,95348.875,96263.375,96524.125,99981.25,100481.875,100295.875,99992.875,96925.25,100018.5,87852.375,99934.25,99967.625,97052.375
92500.25,100169.375,97031.125,99856.75,95261.375,96645.25,96988.75,95206.5,68015.25,99180.25,93982.5,100168.125,80997.75,95098.75,99607.125,98111.375,94440.625,98788.25,97700.875,100340.875,95098.75,96001.625,96323.25,99928.5,100428.25,100182.625,99876.625,96657.875,99907.75,87641.75,99817.5,99858.25,96790.5
92527.75,99990.625,97258.125,99691.5,95429.625,97052.25,97203.875,95594.375,68411.875,99012.125,93905.625,100002.375,80841.75,95508.625,99457.875,97994.375,94379.875,98655.0,97785.5,100100.0,95508.625,96384.125,96364.375,99698.625,100199.0,100014.25,99709.375,97017.5,99741.75,87516.75,99656.125,99693.5,97111.875
92974.875,99847.5,97911.125,99724.5,96062.75,97708.75,97931.5,96186.375,68554.25,98916.875,94147.25,99908.125,81131.75,96072.125,99626.25,98194.5,94662.25,98883.625,98443.125,99898.625,96072.125,97046.5,96858.5,99524.625,100012.125,99894.375,99724.75,97745.125,99705.875,87960.75,99653.25,99730.25,97831.75
92947.5,99851.5,97773.875,99769.5,95947.0,97497.375,97756.375,96000.875,68513.75,98928.875,94150.875,99929.0,81213.0,95886.0,99602.75,98170.875,94648.75,98842.25,98358.625,99912.875,95886.0,96843.125,96824.125,99532.625,100006.375,99919.625,99748.125,97531.75,99724.0,87976.0,99671.375,99777.125,97634.0
92975.125,100165.5,97744.0,99979.375,95922.0,97474.5,97697.75,95992.75,68424.75,99175.625,94304.125,100169.125,81108.75,95881.375,99836.375,98396.625,94770.0,99076.0,98312.625,100230.875,95881.375,96811.125,96839.125,99863.75,100316.125,100184.5,99963.5,97476.625,99923.375,87880.75,99884.75,99987.25,97586.875
93167.375,100488.625,97893.625,100216.125,96078.0,97604.625,97872.75,96130.875,68386.75,99459.75,94567.375,100458.875,81274.875,96024.25,100127.875,98692.125,95026.75,99381.5,98491.5,100615.75,96024.25,96954.125,97009.125,100215.25,100697.875,100503.75,100288.5,97639.75,100287.5,88029.125,100217.25,100222.125,97740.75
93234.125,100586.5,97954.0,100289.5,96133.875,97611.375,97907.5,96134.5,68710.75,99485.625,94671.75,100488.375,81252.875,96026.0,100271.25,98838.0,95130.625,99534.875,98565.125,100708.125,96026.0,96966.875,97098.75,100304.375,100781.125,100551.5,100358.375,97657.0,100329.25,88009.25,100275.25,100298.5,97766.0
93197.875,100542.0,98003.25,100237.5,96155.875,97729.75,97938.125,96257.0,68682.0,99412.5,94609.25,100410.75,81275.625,96155.0,100214.5,98772.125,95068.625,99468.25,98547.125,100694.875,96155.0,97058.25,97061.75,100299.375,100772.625,100496.5,100331.0,97734.875,100311.0,88141.125,100247.5,100240.875,97837.0
93282.0,100602.125,98121.125,100256.0,96270.75,97794.5,98066.25,96293.875,68642.0,99477.25,94656.875,100475.375,81378.875,96176.375,100243.75,98817.75,95113.25,99502.375,98655.625,100777.25,96176.375,97143.875,97107.875,100371.75,100850.5,100545.0,100348.0,97836.0,100328.75,88224.875,100269.75,100263.25,97942.25
93351.375,100639.625,98165.25,100339.875,96324.625,97859.625,98138.25,96356.125,68692.75,99541.125,94705.25,100538.25,81497.0,96238.625,100254.25,98822.25,95181.625,99508.875,98769.0,100827.375,96238.625,97192.5,97229.25,100404.875,100904.125,100578.875,100390.375,97870.375,100376.75,88242.5,100316.75,100345.25,97992.875
93234.0,100387.5,98072.0,100194.5,96232.375,97784.0,98053.75,96286.375,68701.875,99396.375,94500.125,100390.375,81485.75,96170.625,100093.75,98661.875,94988.375,99350.875,98647.0,100568.0,96170.625,97122.0,97090.5,100145.5,100645.375,100399.875,100218.125,97796.75,100196.5,88326.5,100144.375,100200.5,97907.125
93001.875,100241.375,97758.75,100023.375,95938.125,97435.5,97722.375,95947.75,68496.375,99193.875,94311.5,100189.25,81293.0,95833.125,99921.875,98457.125,94796.75,99156.375,98361.875,100380.375,95833.125,96782.375,96866.0,99976.75,100463.625,100240.0,100084.625,97457.5,100032.75,88002.75,100008.625,100026.25,97575.125
92991.875,100371.125,97640.375,100154.875,95840.25,97303.125,97598.875,95840.625,68492.0,99344.5,94450.0,100337.375,81263.125,95738.5,100069.0,98577.875,94887.875,99286.625,98258.75,100441.375,95738.5,96650.625,96802.375,100070.625,100529.625,100382.375,100219.75,97323.875,100163.25,87939.875,100141.5,100161.5,97444.125
92950.375,100417.25,97556.75,100163.375,95761.375,97201.25,97506.375,95744.25,68430.0,99438.125,94378.25,100442.125,81231.25,95638.375,100004.125,98537.625,94823.375,99220.125,98173.25,100436.75,95638.375,96554.75,96762.25,100084.125,100536.5,100445.875,100194.5,97223.875,100191.75,87939.375,100132.75,100168.75,97341.375
92997.25,100550.5,97572.875,100221.25,95793.5,97203.0,97536.125,95742.625,68455.25,99597.25,94376.625,100594.875,81250.375,95633.25,99987.0,98511.625,94830.0,99181.25,98200.625,100634.25,95633.25,96562.75,96785.75,100233.125,100745.0,100609.5,100243.625,97234.5,100287.375,87933.75,100187.25,100222.5,97360.625
93144.125,100654.625,97747.25,100350.5,95961.0,97398.125,97711.25,95937.25,68451.0,99659.25,94511.5,100659.75,81359.875,95829.25,100132.25,98650.375,94969.25,99328.375,98363.375,100770.5,95829.25,96751.875,96924.25,100375.5,100870.625,100684.25,100383.125,97430.75,100414.75,88067.375,100321.5,100352.75,97546.25
93161.625,100666.25,97787.75,100382.125,95996.375,97417.125,97742.625,95947.75,68436.375,99636.0,94568.125,100634.125,81311.0,95833.75,100204.25,98741.5,95016.875,99415.5,98401.375,100824.875,95833.75,96775.0,96945.0,100407.25,100904.375,100652.75,100421.75,97452.875,100436.625,87995.0,100357.875,100378.125,97577.25
93087.25,100521.25,97705.375,100233.75,95913.875,97323.75,97659.625,95852.5,68319.875,99497.375,94462.0,100500.0,81251.625,95741.0,100059.125,98596.5,94917.0,99292.25,98322.625,100700.5,95741.0,96680.0,96852.5,100276.5,100773.875,100497.5,100258.75,97359.0,100264.125,87945.25,100195.75,100237.0,97485.5
93032.625,100201.875,97709.125,100026.625,95906.5,97395.5,97665.75,95937.75,68391.125,99267.125,94329.25,100260.0,81357.875,95832.375,99870.125,98427.625,94791.125,99104.125,98286.0,100290.625,95832.375,96753.375,96806.125,99883.25,100398.75,100258.75,100070.5,97420.375,100041.75,88076.75,99991.25,100030.0,97533.0
92994.125,100306.875,97619.5,100383.25,95834.125,97316.875,97584.5,95854.5,68398.375,99315.875,94676.875,100329.875,81354.25,95747.75,100365.875,98939.75,95144.5,99641.25,98233.625,100318.0,95747.75,96670.75,96874.5,99957.75,100411.5,100347.25,100441.625,97338.875,100314.625,88083.625,100346.125,100393.25,97451.125
93073.875,100479.0,97587.75,100420.75,95812.75,97192.625,97550.625,95727.875,68346.125,99464.5,94572.0,100476.75,81233.875,95622.25,100352.0,98841.5,95047.5,99587.0,98271.625,100580.75,95622.25,96555.25,96927.625,100220.5,100655.375,100490.625,100467.625,97223.875,100353.5,87946.5,100369.625,100428.625,97352.375
93042.875,100582.375,97639.875,100415.75,95850.125,97225.0,97586.125,95779.875,68359.25,99546.25,94603.75,100550.375,81206.125,95674.25,100318.375,98841.5,95065.125,99556.5,98277.125,100731.0,95674.25,96586.875,96887.75,100335.125,100800.0,100559.875,100438.125,97262.25,100391.375,87862.375,100361.25,100421.375,97386.875
93164.375,100660.0,97776.75,100445.75,95976.875,97375.375,97728.5,95917.5,68578.75,99639.5,94628.875,100643.375,81181.25,95812.25,100316.875,98827.375,95093.875,99534.25,98417.25,100825.0,95812.25,96727.875,97013.0,100410.375,100900.75,100663.5,100467.125,97414.125,100448.625,87871.75,100393.625,100449.875,97538.5
93251.5,100661.625,97892.0,100430.25,96093.375,97619.75,97855.875,96173.125,68543.375,99660.625,94649.25,100661.75,81381.875,96081.75,100270.125,98788.75,95120.5,99479.375,98507.625,100822.0,96081.75,96962.75,97084.375,100405.375,100902.125,100667.875,100462.625,97632.875,100446.875,88261.25,100396.625,100433.75,97729.375
93244.875,100544.5,97975.5,100307.375,96168.125,97703.375,97918.25,96235.25,68518.625,99561.125,94577.375,100560.375,81507.5,96128.375,100140.125,98666.625,95102.625,99354.0,98468.5,100655.625,96128.375,97052.5,97044.5,100254.625,100751.0,100565.25,100346.75,97722.875,100346.25,88316.125,100282.5,100310.625,97823.75
93252.25,100828.875,97957.5,100441.75,96168.375,97655.125,97912.5,96144.25,68436.0,99680.0,94754.125,100674.0,81587.5,96029.0,100405.375,98969.0,95233.0,99663.75,98469.5,101005.5,96029.0,97011.875,97070.875,100612.75,101054.25,100753.0,100561.5,97695.75,100510.0,88435.5,100468.25,100447.5,97805.375
93056.375,100800.25,97683.875,100349.25,95906.875,97398.5,97618.375,95928.625,68207.375,99615.75,94550.25,100601.625,81362.625,95821.625,100294.875,98817.0,95034.625,99520.625,98218.0,100960.0,95821.625,96744.5,96863.125,100553.0,101034.25,100702.0,100429.75,97392.125,100409.875,88218.25,100351.625,100358.75,97515.375
92911.75,100397.0,97524.75,100039.875,95750.375,97242.125,97450.5,95788.375,68190.875,99313.5,94338.5,100297.875,81126.875,95676.75,99948.0,98502.0,94836.375,99189.625,98051.875,100590.0,95676.75,96586.125,96705.375,100177.0,100675.75,100345.75,100113.375,97228.875,100115.875,87928.25,100047.25,100046.0,97351.125
93151.0,100614.25,97882.875,100246.375,96078.25,97637.375,97818.5,96181.375,68218.625,99444.125,94678.75,100435.25,81389.875,96065.625,100283.375,98871.75,95175.625,99557.5,98364.375,100798.0,96065.625,96992.0,96975.5,100384.25,100867.0,100530.875,100395.75,97662.125,100313.75,88217.125,100290.125,100255.375,97763.125
93342.375,100955.125,98140.875,100539.625,96332.875,97820.375,98083.875,96297.375,68459.0,99751.25,94934.875,100748.75,81399.5,96177.875,100597.75,99156.375,95464.875,99870.25,98613.25,101146.0,96177.875,97165.0,97249.25,100742.375,101207.25,100842.125,100711.0,97854.625,100605.125,88125.375,100598.75,100547.625,97972.25
93465.375,101080.375,98221.0,100657.125,96405.0,97911.5,98176.375,96396.875,68460.75,99926.875,94936.5,100925.0,81340.0,96274.125,100593.625,99151.875,95453.0,99847.75,98734.375,101287.0,96274.125,97264.75,97357.0,100865.75,101356.875,100979.375,100747.875,97945.125,100721.0,88069.25,100667.125,100665.875,98056.25
93336.875,100941.875,98022.5,100488.375,96222.0,97686.75,97967.625,96175.25,68323.875,99787.0,94808.875,100781.875,81182.75,96049.875,100403.125,98967.5,95332.5,99656.125,98557.375,101172.0,96049.875,97055.0,97222.0,100737.75,101243.25,100841.375,100576.75,97735.25,100587.375,87940.125,100513.125,100493.625,97854.625
93252.625,100793.375,97968.125,100380.75,96171.875,97634.25,97909.875,96159.875,68216.125,99665.375,94682.375,100660.0,81135.625,96046.375,100276.25,98836.375,95186.5,99526.375,98485.25,101023.5,96046.375,96989.0,97094.0,100588.0,101098.0,100700.75,100455.125,97664.875,100465.25,87895.375,100388.75,100385.125,97781.0
93416.0,100885.375,98196.125,100509.75,96362.375,97940.375,98126.5,96463.125,68306.875,99732.5,94881.0,100732.0,81386.75,96349.375,100477.0,99068.0,95377.625,99750.5,98660.625,101053.5,96349.375,97286.875,97253.25,100654.25,101105.75,100804.5,100634.5,97950.25,100596.75,88137.75,100550.875,100512.375,98060.5
93586.75,100765.5,98376.875,100814.625,96535.625,98045.875,98299.0,96558.875,68353.625,99821.625,95059.25,100832.5,81536.25,96445.25,100813.375,99330.875,95562.875,100055.75,98871.125,100906.125,96445.25,97389.125,97470.625,100510.625,100982.625,100772.25,100936.25,98077.375,100808.25,88327.0,100815.5,100823.875,98188.125
93303.5,100869.0,97979.125,100695.75,96184.0,97589.25,97906.25,96107.25,68261.25,99755.0,94813.375,100758.875,81451.25,95997.25,100636.625,99149.5,95303.625,99878.125,98526.375,100868.75,95997.25,96945.625,97162.5,100489.75,100991.375,100766.75,100702.125,97627.875,100654.625,88243.0,100614.875,100705.625,97758.25
93070.125,100655.375,97757.25,100454.5,95959.875,97473.875,97677.125,96014.375,68288.875,99585.5,94518.25,100561.75,81224.0,95906.0,100339.375,98838.25,94998.875,99557.25,98272.75,100666.5,95906.0,96812.0,96883.75,100300.25,100765.75,100628.0,100482.625,97467.125,100471.25,87994.5,100405.5,100457.5,97581.0
92918.75,100538.0,97565.375,100242.25,95772.5,97284.0,97490.375,95812.375,68036.25,99395.375,94438.125,100368.0,81072.5,95707.375,100183.25,98709.875,94923.75,99421.375,98092.25,100575.875,95707.375,96622.625,96732.5,100220.375,100674.75,100453.75,100322.25,97272.0,100293.375,87778.625,100233.75,100247.875,97394.625
93143.875,100746.75,97782.625,100447.125,95995.75,97455.75,97719.25,96002.75,68212.5,99566.5,94684.625,100569.375,81001.125,95905.375,100483.5,98983.5,95186.125,99726.25,98354.875,100870.125,95905.375,96787.125,96994.375,100518.625,100890.0,100677.625,100609.625,97454.0,100487.0,87717.0,100498.0,100455.125,97569.0
93502.625,100546.75,98249.375,100768.0,96445.125,97944.875,98194.5,96480.25,68429.0,99787.5,94988.875,100798.25,81386.0,96377.25,100766.25,99280.875,95489.875,100018.875,98761.0,100585.125,96377.25,97284.25,97331.75,100099.625,100521.375,100805.875,100837.0,97953.75,100704.625,88258.875,100727.125,100777.5,98073.875
93483.5,100777.75,98256.0,100675.875,96441.25,97988.625,98199.375,96505.25,68604.0,99739.625,94926.5,100748.125,81509.5,96396.125,100601.5,99147.625,95423.625,99846.75,98737.0,101026.5,96396.125,97332.125,97305.125,100547.5,101114.5,100754.0,100679.75,98010.125,100646.5,88345.875,100603.875,100682.5,98114.375
93312.25,100741.5,98031.125,100459.5,96228.125,97722.625,97968.75,96236.375,68485.875,99597.375,94709.5,100592.125,81366.375,96127.625,100409.25,98921.25,95209.375,99638.0,98518.875,100992.25,96127.625,97073.25,97106.875,100544.375,101057.75,100646.0,100553.875,97750.625,100477.625,88147.875,100459.25,100466.75,97864.875
93190.875,100500.125,97925.25,100438.5,96123.75,97645.5,97854.125,96174.375,68552.75,99482.625,94647.375,100479.0,81302.125,96069.75,100398.375,98914.25,95142.875,99636.375,98404.5,100623.875,96069.75,96992.875,96999.75,100250.375,100639.25,100511.125,100457.875,97661.625,100362.875,88057.875,100350.75,100446.5,97771.0
93329.75,100461.875,98125.125,100423.75,96289.75,97852.625,98020.25,96397.25,68789.625,99486.0,94777.0,100489.0,81378.75,96283.875,100406.5,98942.125,95275.125,99659.625,98581.125,100394.625,96283.875,97184.625,97140.75,100109.875,100456.0,100520.375,100484.25,97829.0,100361.5,88163.0,100378.5,100431.75,97948.0
93713.375,101373.125,98642.625,101142.625,96786.0,98374.25,98597.875,96846.75,68806.5,100145.25,95285.25,101155.75,81537.5,96733.75,101204.125,99703.875,95756.875,100460.875,99075.375,101415.5,96733.75,97727.625,97589.25,101078.25,101461.125,101313.0,101310.5,98407.5,101132.0,88388.875,101191.75,101148.0,98519.125
93962.0,101754.0,98811.25,101479.5,96962.5,98422.25,98745.0,96901.75,68783.5,100574.375,95573.125,101602.125,81550.375,96788.5,101480.75,99976.0,96069.875,100705.5,99405.75,101826.375,96788.5,97778.0,97982.875,101469.875,101885.375,101713.0,101587.25,98470.5,101476.875,88352.125,101481.5,101487.875,98591.875
93811.375,101562.625,98629.625,101267.625,96791.5,98320.0,98571.875,96815.0,68745.0,100441.75,95331.75,101461.625,81582.5,96705.5,101209.0,99710.625,95803.0,100428.875,99191.125,101678.875,96705.5,97662.5,97712.5,101291.0,101745.625,101525.75,101333.625,98361.875,101299.875,88342.625,101243.75,101275.0,98469.875
93587.625,101258.75,98389.875,100986.0,96562.375,98083.375,98323.0,96589.0,68730.75,100184.375,95025.75,101197.75,81476.625,96476.75,100883.375,99372.625,95494.75,100094.25,98920.375,101343.5,96476.75,97422.25,97458.0,100956.625,101423.5,101239.5,101041.5,98100.625,101021.75,88280.125,100956.625,100992.125,98219.5
93588.875,101232.0,98405.125,100898.75,96567.375,98132.0,98348.5,96623.375,68712.875,100131.75,95016.875,101140.875,81514.5,96509.5,100790.375,99301.625,95506.75,100004.25,98938.0,101320.875,96509.5,97467.0,97455.75,100931.0,101407.875,101178.5,100956.625,98145.625,100944.75,88379.25,100878.75,100905.375,98261.5
93479.25,101215.5,98234.125,100853.875,96413.125,97894.375,98162.375,96378.5,68561.125,100088.5,94954.75,101100.25,81565.625,96264.625,100736.625,99261.75,95430.375,99958.25,98772.5,101386.75,96264.625,97241.875,97342.0,100972.625,101457.25,101148.0,100914.375,97938.375,100918.125,88489.5,100844.5,100858.875,98047.25
93163.5,101234.75,97762.0,100733.25,95973.5,97401.625,97685.125,95923.75,68310.0,100060.625,94819.125,101065.625,81337.0,95811.875,100609.875,99131.5,95284.625,99823.25,98335.25,101454.0,95811.875,96747.375,97047.375,101026.25,101518.75,101131.625,100819.375,97416.125,100841.625,88108.25,100764.875,100737.0,97549.125
93057.75,101321.125,97579.25,100668.375,95810.75,97185.25,97515.375,95730.75,68118.0,100056.25,94777.875,101061.5,81097.75,95618.875,100563.0,99080.125,95254.75,99776.875,98224.75,101560.25,95618.875,96536.125,96966.375,101117.625,101625.75,101132.5,100775.75,97207.125,100832.875,87798.125,100733.5,100671.25,97333.875
93227.625,101169.75,98043.625,100597.625,96156.25,97785.0,97907.375,96324.125,68416.125,99986.0,94831.0,100980.0,81033.0,96218.625,100513.375,99053.0,95332.625,99742.625,98467.75,101415.875,96218.625,97079.375,97143.0,100965.0,101481.0,101043.0,100720.25,97709.875,100757.0,87779.5,100669.875,100600.5,97833.0
94044.875,101185.625,99261.0,101178.125,97303.125,99057.5,99193.875,97512.75,68591.75,100077.75,95493.5,101074.25,81324.625,97408.0,101332.0,99815.5,96042.75,100561.75,99689.5,101261.625,97408.0,98353.5,98097.5,100895.125,101328.5,101155.0,101331.625,99036.25,101101.5,88268.375,101187.125,101193.375,99159.75
94592.0,101860.875,99730.625,101722.25,97773.0,99419.0,99701.75,97816.25,68416.375,100739.25,95873.875,101766.875,81789.75,97687.75,101744.75,100213.25,96390.875,100967.5,100318.625,101888.5,97687.75,98732.375,98634.625,101539.75,101951.625,101865.0,101814.5,99459.125,101691.875,88846.75,101718.375,101734.25,99572.125
94528.375,102192.75,99588.0,101859.75,97649.625,99249.125,99557.125,97657.125,68376.75,101005.25,95906.125,102042.875,81807.625,97527.875,101866.75,100348.875,96366.25,101093.875,100184.25,102278.75,97527.875,98561.625,98508.875,101905.125,102329.75,102144.125,101977.875,99288.625,101906.5,88869.375,101893.125,101867.75,99416.75
94406.125,102248.25,99391.625,101878.0,97460.75,99058.25,99343.0,97487.5,68316.5,101042.5,95922.0,102087.125,81612.875,97369.375,101827.375,100304.875,96394.125,101035.375,99982.125,102380.75,97369.375,98361.0,98411.875,101983.375,102447.125,102179.125,101969.875,99058.375,101949.0,88597.375,101899.5,101885.75,99187.375
94358.25,102110.25,99350.125,101670.375,97422.875,99028.625,99299.25,97466.875,68547.625,100905.75,95733.125,101936.75,81569.125,97354.875,101614.375,100089.75,96219.0,100818.375,99968.5,102286.125,97354.875,98335.125,98370.0,101859.375,102349.875,101992.125,101778.625,99042.75,101766.0,88468.5,101709.625,101675.875,99163.0
94418.875,101945.0,99484.875,101601.625,97546.25,99166.0,99430.5,97592.625,68554.25,100760.0,95765.0,101777.625,81595.875,97473.875,101576.5,100079.375,96288.5,100803.0,100109.5,102073.75,97473.875,98463.875,98517.5,101660.25,102148.375,101855.125,101668.125,99164.375,101617.625,88422.5,101590.75,101609.25,99292.375
94630.125,101966.75,99779.875,101797.75,97819.875,99452.75,99733.125,97860.25,68668.875,100840.75,95957.25,101865.625,81680.125,97735.875,101816.75,100304.5,96478.125,101022.25,100389.625,102064.25,97735.875,98755.25,98720.125,101677.5,102126.25,101936.25,101859.25,99468.625,101739.375,88543.625,101766.625,101810.125,99596.75
94669.25,102191.375,99734.875,101984.0,97792.125,99372.625,99699.875,97786.625,68741.75,101049.25,96036.125,102081.875,81718.625,97658.875,101912.5,100386.125,96548.0,101114.25,100360.25,102243.0,97658.875,98684.375,98732.25,101875.0,102312.375,102162.25,102030.0,99406.0,101985.125,88930.375,101952.5,101991.625,99529.25
94424.625,101995.125,99473.25,101692.75,97543.125,99132.5,99429.25,97542.625,68715.625,100888.25,95744.25,101934.125,81559.375,97419.375,101597.875,100077.875,96240.125,100808.25,100086.125,102079.5,97419.375,98444.375,98440.875,101688.0,102157.375,101991.875,101753.0,99157.75,101745.875,88765.875,101686.375,101700.25,99287.25
94186.875,101600.75,99217.125,101352.0,97302.5,98921.125,99176.875,97371.5,68341.25,100547.75,95421.375,101587.75,81502.125,97249.125,101185.0,99652.125,95930.125,100372.625,99802.0,101685.875,97249.125,98230.5,98161.25,101281.625,101784.5,101600.5,101375.875,98937.75,101390.25,88553.625,101320.0,101357.625,99061.625
94176.75,101602.25,99213.875,101308.75,97287.25,98886.0,99163.125,97325.25,68196.625,100516.125,95509.875,101540.25,81365.5,97208.75,101207.625,99730.25,96029.0,100428.25,99834.75,101706.375,97208.75,98192.625,98222.875,101299.875,101799.25,101585.875,101358.25,98903.25,101349.125,88325.875,101289.625,101313.25,99020.0
94011.125,101771.75,98976.5,101282.5,97067.25,98601.625,98925.75,97050.5,68320.125,100584.75,95516.625,101604.375,81332.75,96940.875,101242.75,99796.875,96016.625,100475.5,99626.5,101921.75,96940.875,97904.375,98099.5,101496.125,102010.0,101657.625,101398.25,98602.5,101397.375,88177.75,101334.5,101289.125,98735.125
94067.0,101826.625,99055.375,101389.625,97132.5,98722.0,99012.5,97158.5,68698.75,100634.5,95582.875,101647.625,81483.5,97039.25,101370.125,99897.5,96082.5,100609.75,99684.875,102075.375,97039.25,98035.375,98155.875,101624.875,102147.625,101713.25,101460.625,98743.875,101438.625,88279.375,101390.125,101398.625,98862.75
94098.0,101602.25,99102.875,101403.375,97186.5,98754.25,99062.125,97193.75,68812.625,100522.0,95438.25,101534.25,81528.75,97073.75,101357.75,99803.75,95939.5,100538.375,99719.875,101752.375,97073.75,98075.875,98093.25,101327.5,101829.25,101587.875,101477.5,98794.0,101427.125,88450.875,101399.125,101411.375,98915.125
94027.25,101559.5,98976.75,101353.0,97073.75,98638.125,98931.625,97088.375,68669.625,100490.5,95340.375,101505.0,81534.625,96963.25,101215.625,99662.25,95837.375,100387.75,99615.625,101649.25,96963.25,97948.0,97996.625,101244.5,101750.25,101531.625,101359.875,98655.125,101358.875,88571.875,101299.875,101360.5,98783.625
94046.0,101826.625,98953.75,101454.75,97063.375,98622.625,98912.5,97067.75,68444.75,100656.875,95491.875,101676.5,81567.25,96949.75,101384.875,99849.75,95971.25,100581.25,99583.0,101994.25,96949.75,97945.625,98010.875,101579.75,102074.25,101736.125,101520.5,98647.875,101504.0,88591.25,101454.25,101462.25,98778.0
93876.5,101873.5,98698.875,101398.75,96817.625,98357.375,98649.375,96842.875,68602.25,100691.75,95437.0,101721.5,81521.25,96732.0,101296.0,99779.125,95899.0,100502.5,99373.375,102105.25,96732.0,97663.375,97908.875,101671.0,102171.5,101773.75,101468.125,98357.875,101491.375,88511.375,101413.25,101405.5,98482.125
93652.375,101273.375,98620.625,100909.25,96714.75,98284.125,98589.125,96721.75,68509.5,100228.5,94907.125,101237.5,81456.75,96595.125,100732.75,99183.0,95432.125,99891.625,99253.0,101504.0,96595.125,97602.75,97643.125,101055.375,101602.625,101269.625,100970.375,98304.5,101009.75,88396.25,100914.25,100914.125,98437.875
93945.75,101432.0,98965.25,101270.0,97056.0,98609.625,98926.5,97054.125,68459.125,100377.375,95375.25,101415.375,81486.0,96938.125,101223.25,99691.375,95848.5,100431.625,99573.0,101407.0,96938.125,97935.75,97941.0,101069.25,101497.0,101458.5,101393.75,98647.25,101316.25,88388.875,101312.875,101272.25,98772.75
94167.125,102615.75,99000.25,102084.5,97107.5,98633.25,98956.125,97087.0,68555.625,101239.125,96028.5,102286.875,81663.375,96975.0,102154.5,100622.375,96483.875,101390.25,99652.5,102731.375,96975.0,97940.0,98275.0,102381.75,102771.75,102471.125,102264.875,98623.25,102166.875,88496.5,102162.0,102091.25,98758.375
94217.0,102363.875,99178.5,102105.75,97264.0,98800.125,99143.0,97223.75,68789.5,101225.0,95909.25,102249.0,81823.0,97101.875,102144.0,100527.625,96396.75,101334.875,99854.375,102489.875,97101.875,98110.625,98349.375,102092.875,102555.375,102322.625,102218.125,98808.75,102109.375,88670.5,102118.0,102118.125,98953.875
94062.125,101949.125,99054.25,101850.625,97131.875,98720.25,98994.5,97183.75,68945.625,100856.875,95609.625,101876.5,81745.25,97069.0,101804.25,100204.375,96104.0,100983.125,99668.625,102072.75,97069.0,98017.125,98106.0,101673.0,102148.375,101923.625,101912.125,98700.75,101788.75,88632.125,101815.25,101860.625,98845.625
94716.375,102297.625,99756.25,102235.625,97829.25,99471.375,99729.375,97909.0,69166.875,101226.375,96075.5,102279.25,82004.5,97796.625,102129.25,100566.625,96571.125,101313.625,100364.625,102271.125,97796.625,98780.5,98711.875,101931.875,102361.0,102329.125,102244.375,99492.875,102178.5,88994.25,102169.0,102240.5,99596.75
94348.625,102211.875,99280.0,101922.125,97369.5,98913.375,99218.75,97355.375,68764.375,101075.75,95791.0,102120.25,81971.5,97235.375,101775.125,100211.5,96280.25,100941.375,99921.375,102331.125,97235.375,98223.375,98366.125,101920.25,102408.875,102167.25,101954.0,98918.5,101957.625,88862.5,101888.0,101927.0,99058.5
94007.875,102004.5,98920.0,101503.25,97023.375,98596.875,98887.875,97068.5,68464.125,100761.5,95503.0,101772.75,81627.375,96956.625,101422.375,99905.5,95976.0,100627.375,99556.875,102200.5,96956.625,97912.125,97998.375,101761.625,102268.625,101858.375,101621.75,98611.25,101625.125,88527.125,101554.0,101504.0,98739.875
94095.25,101898.75,99083.75,101501.0,97164.125,98784.25,99035.25,97252.125,68548.75,100656.875,95588.875,101680.75,81488.875,97138.0,101474.625,99972.75,96050.75,100692.5,99663.625,102065.0,97138.0,98093.0,98060.75,101658.75,102115.5,101800.25,101595.75,98794.625,101550.75,88325.25,101518.25,101508.0,98913.875
94253.125,101625.5,99378.0,101538.0,97431.875,99154.0,99331.25,97609.0,68685.875,100556.5,95656.875,101582.25,81374.75,97501.625,101500.625,99992.375,96164.75,100729.875,99901.5,101732.75,97501.625,98453.25,98285.0,101354.375,101756.125,101638.0,101588.0,99153.875,101523.0,88270.375,101513.125,101546.0,99250.375
94299.75,101735.875,99385.5,101570.625,97447.375,99048.5,99346.125,97475.875,68630.75,100631.75,95652.125,101673.375,81479.0,97356.5,101528.875,100034.875,96143.625,100746.125,99972.75,101777.0,97356.5,98362.625,98309.5,101410.875,101844.0,101730.375,101603.625,99096.125,101535.5,88659.125,101515.875,101577.875,99208.375
94006.125,101736.125,98943.25,101474.625,97031.5,98575.5,98889.0,97015.5,68259.625,100643.75,95408.75,101689.75,81415.375,96896.375,101358.0,99800.25,95897.5,100540.125,99586.5,101850.0,96896.375,97890.625,98015.0,101449.375,101924.75,101731.875,101513.625,98600.375,101501.75,88411.75,101440.625,101479.25,98738.5
93814.875,101902.5,98706.75,101458.125,96793.25,98395.625,98638.875,96865.0,67998.375,100714.625,95405.375,101737.375,81295.625,96755.375,101348.0,99811.875,95859.5,100536.375,99314.375,102043.875,96755.375,97711.5,97812.75,101631.25,102121.5,101824.625,101544.75,98393.5,101559.125,88195.5,101483.0,101460.0,98521.875
93908.125,101985.125,98910.375,101444.125,96977.625,98615.875,98846.625,97056.375,68162.75,100719.0,95477.75,101729.0,81401.5,96941.0,101411.625,99891.25,95930.25,100619.625,99463.25,102207.625,96941.0,97928.875,97869.5,101771.375,102269.125,101835.75,101563.75,98611.75,101564.875,88231.125,101500.125,101449.0,98737.75
94123.0,101730.25,99230.375,101456.875,97298.75,98947.875,99185.0,97382.75,68290.0,100500.125,95525.5,101522.25,81360.25,97267.25,101473.25,99952.0,96005.25,100701.125,99810.625,101894.375,97267.25,98252.25,98216.0,101488.625,101937.5,101641.875,101543.375,98955.625,101423.875,88244.5,101444.125,101465.5,99072.5
94493.75,101797.875,99616.25,101849.625,97674.375,99292.75,99573.375,97706.25,68768.125,100778.5,95869.25,101829.0,81639.5,97587.25,101808.125,100272.25,96370.0,101021.75,100206.125,101778.0,97587.25,98606.75,98573.25,101452.75,101814.5,101871.75,101858.0,99334.25,101724.625,88668.0,101757.375,101857.625,99444.875
94522.5,102193.75,99534.75,101979.0,97607.625,99157.625,99490.625,97570.25,68720.875,101127.5,95923.625,102167.75,81896.5,97443.375,101841.625,100286.875,96432.875,101026.625,100173.125,102273.75,97443.375,98477.75,98573.5,101878.75,102359.125,102199.0,102004.75,99206.0,101998.75,89077.75,101933.375,101981.5,99331.875
94522.625,102071.375,99587.25,101878.625,97655.125,99287.75,99560.875,97725.375,68697.5,100997.125,95876.125,102036.5,81790.0,97613.0,101761.625,100223.5,96378.125,100955.75,100207.125,102182.5,97613.0,98596.25,98587.875,101776.5,102271.25,102057.75,101914.375,99311.0,101892.125,88794.375,101845.25,101880.75,99425.875
94797.625,102452.0,99902.875,102135.25,97956.5,99588.375,99861.125,98019.75,68916.25,101244.0,96243.375,102287.625,81912.375,97904.75,102136.5,100610.125,96753.5,101350.875,100546.5,102606.125,97904.75,98898.5,98935.375,102209.875,102662.75,102375.625,102231.875,99619.125,102143.625,89079.25,102137.375,102140.625,99727.875
94731.625,102665.5,99817.375,102290.5,97875.0,99467.375,99781.875,97881.125,68768.75,101466.875,96195.25,102518.125,82054.75,97758.25,102230.625,100656.125,96693.375,101414.5,100439.0,102816.375,97758.25,98775.875,98834.125,102401.25,102892.875,102607.75,102383.375,99500.375,102351.875,89163.0,102305.25,102294.5,99628.125
94673.0,102821.625,99722.0,102285.375,97779.125,99401.125,99686.75,97818.25,68891.625,101582.25,96186.625,102632.375,82006.5,97695.5,102220.625,100667.0,96676.75,101409.25,100329.875,103003.875,97695.5,98707.75,98748.75,102568.5,103082.125,102717.625,102402.125,99421.75,102424.75,89051.25,102339.625,102288.875,99547.375
94604.625,102664.0,99648.75,102147.375,97710.625,99323.75,99604.625,97737.0,68970.25,101466.625,96015.375,102493.75,82125.875,97613.75,102023.0,100476.375,96508.25,101202.375,100234.375,102896.125,97613.75,98630.75,98614.125,102439.0,102968.75,102545.25,102236.0,99343.25,102286.375,89190.5,102183.125,102151.0,99476.25
94345.25,102303.875,99307.625,101826.125,97387.25,98921.5,99273.25,97353.0,68679.0,101134.125,95824.75,102155.5,82053.25,97228.75,101743.0,100188.5,96333.5,100921.25,99974.25,102537.0,97228.75,98224.125,98430.0,102090.75,102606.25,102217.0,101920.25,98941.625,101961.125,89096.875,101865.625,101830.25,99083.125
94356.875,102092.875,99394.375,101792.625,97451.625,99011.5,99355.875,97421.625,68528.5,100948.125,95780.875,101963.875,81929.375,97293.25,101733.375,100191.875,96301.25,100932.75,100039.75,102332.625,97293.25,98322.0,98449.625,101877.875,102400.625,102034.375,101870.75,99031.75,101831.125,88984.375,101786.375,101797.375,99177.0
94200.125,102081.625,99197.75,101756.75,97262.375,98906.5,99153.5,97353.625,68365.125,100950.75,95696.375,101979.125,81795.625,97238.125,101663.875,100124.75,96176.875,100847.0,99826.75,102242.625,97238.125,98212.125,98240.125,101826.75,102315.375,102026.875,101814.625,98912.75,101806.25,88809.375,101743.25,101761.25,99036.75
94086.125,101989.75,99130.25,101609.0,97197.125,98842.5,99089.875,97278.0,68144.25,100817.875,95586.625,101845.875,81585.625,97160.375,101552.375,100015.25,96069.5,100756.5,99702.125,102152.875,97160.375,98151.0,98108.75,101731.25,102236.625,101904.125,101690.25,98857.375,101669.25,88537.125,101617.625,101613.875,98978.125
93761.0,101788.375,98747.5,101304.75,96823.875,98436.0,98709.0,96864.625,68040.625,100576.125,95366.625,101589.5,81417.125,96743.5,101243.875,99742.25,95844.25,100461.125,99377.5,102052.625,96743.5,97751.875,97845.125,101590.375,102139.75,101650.875,101388.75,98441.875,101394.375,88318.0,101320.75,101310.375,98575.75
93672.25,101504.875,98699.0,101092.25,96769.25,98372.125,98658.25,96794.125,68244.0,100366.125,95169.375,101373.375,81407.0,96671.125,101041.5,99537.0,95653.5,100247.625,99296.5,101816.75,96671.125,97700.75,97671.75,101321.75,101898.0,101379.625,101144.625,98398.375,101152.125,88314.625,101078.125,101099.25,98523.5
93744.5,101404.0,98732.375,101111.875,96826.875,98392.125,98702.875,96838.125,68339.125,100316.125,95146.5,101342.75,81462.875,96717.875,101069.25,99557.25,95639.875,100288.0,99386.625,101520.75,96717.875,97721.375,97785.75,101117.875,101614.375,101371.75,101159.5,98414.0,101123.125,88423.625,101082.625,101116.875,98547.0
93626.25,101416.25,98636.25,101127.0,96707.625,98337.875,98580.625,96788.5,68159.5,100276.25,95112.125,101294.0,81341.375,96675.875,101081.25,99552.875,95594.625,100289.75,99210.625,101618.5,96675.875,97660.125,97636.375,101186.375,101684.0,101353.625,101184.875,98338.0,101134.375,88302.375,101106.25,101133.0,98462.875
93904.875,101776.25,99086.625,101623.625,97105.0,98819.125,99017.625,97260.5,67849.5,100606.625,95634.5,101634.75,81462.75,97146.375,101729.5,100183.75,96060.375,100958.875,99583.625,101934.75,97146.375,98127.625,97963.5,101537.5,101983.625,101664.25,101736.875,98820.25,101539.25,88445.375,101618.875,101633.25,98932.375
94494.125,102858.625,99732.125,102434.125,97737.125,99415.125,99682.625,97802.5,67838.375,101464.875,96376.375,102535.625,81565.25,97677.5,102528.75,101003.75,96839.375,101766.75,100303.75,103001.375,97677.5,98722.625,98695.125,102614.75,103055.375,102632.5,102579.25,99437.25,102461.0,88587.125,102472.5,102447.875,99557.5
94745.375,103092.5,99915.75,102627.125,97916.625,99599.375,99849.75,97981.75,68149.75,101743.625,96502.125,102812.375,81725.0,97857.625,102686.0,101116.625,96985.75,101887.125,100528.75,103319.125,97857.625,98895.625,98970.0,102876.625,103379.375,102890.375,102775.5,99597.75,102685.25,88725.875,102676.875,102638.25,99730.75
94822.875,102777.0,100022.5,102610.75,98027.5,99716.375,99967.5,98103.25,68270.375,101625.625,96348.875,102687.5,81710.375,97979.625,102580.625,100958.75,96860.625,101742.75,100652.125,102937.625,97979.625,99015.375,99010.625,102520.625,103010.75,102684.375,102653.75,99727.625,102561.625,88678.875,102554.375,102619.0,99852.25
94694.5,102561.0,99905.75,102412.625,97913.75,99561.5,99845.0,97930.125,68260.875,101464.5,96163.25,102522.375,81633.875,97800.75,102268.375,100670.125,96666.5,101423.125,100522.875,102650.625,97800.75,98864.25,98865.25,102248.75,102738.5,102508.625,102428.375,99574.875,102390.375,88580.375,102353.625,102416.125,99707.125
94621.875,102499.875,99813.875,102250.625,97830.5,99456.5,99767.5,97837.125,68469.125,101376.25,96063.375,102441.25,81568.375,97704.5,102125.875,100545.375,96559.5,101295.625,100421.125,102591.375,97704.5,98769.75,98749.125,102184.875,102685.125,102449.875,102289.5,99491.25,102272.875,88536.125,102221.125,102254.375,99621.5
94541.125,102630.5,99628.375,102277.625,97670.875,99243.125,99584.125,97634.125,68268.625,101425.625,96088.75,102482.625,81623.0,97501.625,102193.25,100621.625,96570.75,101369.875,100284.375,102783.5,97501.625,98554.125,98672.875,102364.875,102864.25,102494.5,102344.25,99267.0,102337.375,88648.625,102271.375,102282.125,99410.125
94355.375,102666.25,99372.0,102197.25,97408.5,98984.5,99326.5,97389.375,68096.75,101389.25,96004.0,102434.125,81535.5,97265.625,102125.875,100548.0,96486.125,101303.625,100012.625,102896.0,97265.625,98283.0,98468.125,102450.625,102974.625,102497.0,102272.875,98994.375,102262.25,88517.125,102197.375,102202.25,99141.875
94282.25,102283.625,99443.875,102017.25,97452.25,99114.875,99366.75,97531.5,68192.5,101170.5,95873.625,102218.125,81496.75,97409.25,101981.25,100399.125,96368.25,101170.875,100049.125,102547.875,97409.25,98393.625,98454.875,102070.125,102629.125,102242.75,102100.25,99097.0,102048.5,88443.75,102014.25,102024.25,99240.375
94929.125,102384.0,100256.25,102567.75,98234.0,99974.875,100214.625,98348.75,68457.375,101426.125,96330.125,102507.5,81598.25,98223.0,102458.5,100837.375,96857.5,101612.75,100816.375,102268.0,98223.0,99265.0,99112.375,101949.375,102367.0,102515.75,102554.875,100008.0,102467.5,88601.625,102467.0,102575.0,100123.0
94866.875,102495.0,100175.375,102508.75,98146.125,99849.25,100104.25,98221.5,68259.25,101534.125,96263.125,102619.0,81591.625,98089.25,102365.875,100759.625,96815.375,101505.5,100769.5,102437.5,98089.25,99120.625,99081.75,102075.375,102551.75,102585.0,102496.25,99837.625,102467.75,88566.625,102430.875,102511.375,99978.0
95078.5,102364.125,100394.25,102453.625,98373.125,100069.125,100356.125,98421.5,68367.375,101447.0,96257.375,102534.75,81664.5,98287.75,102292.0,100686.75,96821.0,101438.875,100977.75,102297.0,98287.75,99362.125,99216.125,101933.875,102421.375,102478.625,102416.125,100109.0,102376.875,88737.375,102342.125,102457.0,100236.625
95084.5,102343.875,100347.0,102455.375,98327.25,99996.75,100291.25,98362.875,68450.0,101445.5,96300.875,102533.75,81803.125,98231.125,102284.375,100688.125,96873.5,101436.375,100963.625,102230.375,98231.125,99284.0,99253.25,101894.25,102344.5,102464.25,102402.125,100038.0,102372.125,88989.25,102329.125,102456.5,100162.5
94510.875,102023.75,99736.5,101937.375,97729.75,99390.125,99685.0,97764.875,68463.5,101089.25,95836.875,102173.0,81557.625,97633.375,101743.125,100161.125,96389.375,100889.125,100369.375,102044.875,97633.375,98685.5,98683.75,101657.0,102159.25,102125.375,101925.125,99413.5,101955.875,88615.0,101863.375,101938.625,99549.75
93948.5,101570.5,99114.5,101328.0,97141.625,98730.25,99052.5,97119.75,68352.875,100597.625,95282.75,101655.75,81317.0,96985.25,101144.75,99580.25,95829.875,100306.125,99750.125,101673.0,96985.25,98033.625,98099.375,101256.5,101791.25,101609.25,101357.5,98750.125,101390.375,88334.0,101300.375,101329.625,98901.25
93847.125,101393.125,98992.0,101172.875,97023.25,98661.5,98943.5,97042.25,68118.125,100410.5,95212.75,101461.25,81136.25,96914.375,101015.375,99476.25,95751.625,100192.375,99633.25,101455.625,96914.375,97966.875,97957.75,101055.0,101582.25,101374.125,101212.25,98682.5,101224.25,88167.875,101145.875,101174.375,98810.375
93895.5,101876.625,99058.875,101444.5,97075.875,98749.875,99003.125,97152.375,68030.875,100701.625,95462.625,101742.125,81180.25,97028.5,101420.625,99878.375,95947.5,100619.25,99656.25,102044.875,97028.5,98043.0,97962.0,101613.125,102114.5,101823.25,101589.25,98748.5,101557.25,88168.625,101514.375,101448.375,98879.875
94155.125,102251.0,99337.5,101844.875,97358.75,98951.0,99279.375,97330.875,68040.375,100999.75,95723.75,102026.375,81210.0,97205.125,101854.875,100250.75,96209.875,101025.0,99980.0,102476.375,97205.125,98260.25,98299.25,102018.75,102543.875,102121.625,101977.875,98991.875,101893.0,88285.375,101895.25,101849.875,99122.75
94292.375,102272.75,99507.125,102115.375,97518.625,99201.375,99454.5,97601.0,67990.875,101093.25,95920.5,102134.625,81243.75,97479.625,102094.375,100502.375,96423.75,101269.75,100102.75,102416.375,97479.625,98491.5,98468.25,102006.75,102489.0,102214.625,102166.125,99218.75,102062.875,88327.0,102070.625,102127.625,99331.25
94376.5,102240.125,99519.25,102096.25,97520.125,99196.75,99476.625,97573.75,67932.125,101143.375,95847.75,102213.375,81191.375,97442.75,101961.25,100364.75,96358.875,101117.25,100128.25,102314.375,97442.75,98494.375,98517.25,101908.125,102406.75,102242.5,102084.5,99237.875,102036.5,88202.375,102010.0,102102.875,99354.25
94473.25,102368.5,99640.625,102119.375,97645.75,99299.0,99596.375,97675.5,67778.625,101231.5,95907.75,102290.125,81222.875,97546.875,101997.5,100422.375,96415.75,101171.25,100289.25,102470.75,97546.875,98582.5,98638.375,102046.75,102546.875,102346.5,102156.75,99311.875,102127.5,88209.875,102079.625,102124.5,99445.125
94901.875,102941.75,100051.875,102646.75,98055.75,99679.125,100013.125,98066.625,67697.5,101735.125,96393.875,102816.25,81429.125,97948.0,102630.25,101027.25,96896.375,101811.25,100718.625,103035.625,97948.0,98971.375,99076.25,102642.375,103108.0,102913.75,102761.625,99720.5,102669.25,88446.0,102662.375,102653.625,99841.0
94623.75,102973.375,99761.75,102596.125,97766.875,99375.125,99710.75,97744.875,67264.375,101736.75,96250.75,102812.625,81369.5,97619.5,102539.5,100909.375,96734.625,101700.25,100427.875,103134.375,97619.5,98660.0,98835.5,102699.0,103213.625,102893.125,102682.0,99393.875,102633.625,88255.375,102591.625,102603.625,99534.875
94122.375,102401.0,99271.0,102034.25,97273.125,98895.75,99216.75,97272.0,67041.0,101225.75,95686.75,102287.25,81188.125,97143.25,101957.0,100341.25,96166.625,101115.375,99918.375,102601.875,97143.25,98186.5,98271.75,102148.75,102676.625,102337.75,102113.875,98917.125,102106.5,87980.0,102031.25,102039.0,99053.25
94346.75,102326.875,99582.75,102162.625,97567.375,99274.75,99540.375,97668.5,67734.625,101134.5,95909.125,102200.625,81116.25,97544.125,102148.75,100556.0,96401.5,101329.875,100220.5,102471.125,97544.125,98552.375,98523.5,102066.25,102542.25,102274.625,102214.625,99294.0,102128.0,87916.25,102111.75,102172.375,99406.625
94580.0,102743.625,99749.375,102553.875,97752.875,99389.875,99717.25,97754.375,67712.125,101620.125,96202.625,102710.0,81240.625,97621.5,102468.75,100839.5,96698.5,101631.875,100435.0,102750.125,97621.5,98682.375,98811.75,102385.75,102845.75,102761.25,102597.875,99419.75,102583.0,88227.625,102507.75,102559.125,99547.0
94805.875,102661.75,100049.625,102582.875,98016.0,99680.875,99985.5,98068.25,67486.5,101560.75,96303.625,102646.375,81189.625,97948.25,102522.375,100902.875,96830.875,101682.625,100685.125,102754.5,97948.25,98954.5,99030.75,102342.875,102832.0,102672.875,102614.875,99696.25,102529.625,88224.625,102520.5,102593.375,99821.5
95144.875,103090.625,100499.0,103049.375,98429.0,100224.5,100425.75,98605.375,67443.75,101998.125,96659.75,103098.0,81321.875,98481.5,102984.0,101325.125,97173.375,102133.0,101071.5,103048.25,98481.5,99476.125,99388.75,102688.5,103123.375,103173.25,103107.125,100209.875,103017.125,88345.875,103005.875,103056.5,100320.75
95462.0,103297.5,100861.875,103232.875,98792.5,100510.75,100822.125,98834.875,68422.625,102242.375,96788.125,103349.75,81626.375,98702.75,103087.125,101435.25,97330.75,102213.625,101475.75,103287.0,98702.75,99788.25,99696.75,102903.0,103394.625,103373.875,103227.25,100556.875,103194.0,88882.5,103145.75,103236.75,100672.125
95076.5,102792.5,100410.375,102713.5,98355.75,99982.125,100342.125,98317.75,68729.75,101813.25,96401.0,102920.0,81699.5,98175.75,102509.25,100880.625,96956.5,101635.625,101065.75,102813.125,98175.75,99256.25,99349.5,102414.25,102929.875,102894.0,102684.0,100004.375,102716.0,88995.25,102620.875,102716.125,100157.5
94550.125,102444.25,99815.5,102210.625,97793.75,99417.375,99777.5,97763.125,68351.375,101424.625,95981.0,102511.875,81536.5,97622.125,102016.25,100393.0,96526.5,101135.25,100518.125,102517.125,97622.125,98710.375,98821.375,102095.625,102632.0,102489.875,102231.375,99446.875,102275.375,88678.875,102163.5,102213.0,99588.875
94785.25,102691.75,100079.0,102443.375,98053.0,99728.0,100034.5,98075.625,67987.125,101582.875,96232.125,102666.5,81306.125,97938.875,102401.875,100810.75,96756.5,101574.25,100727.5,102760.625,97938.875,99009.125,99021.125,102362.0,102836.125,102694.625,102520.75,99758.375,102490.5,88491.375,102434.625,102447.125,99877.5
94802.625,103354.75,100002.875,102994.0,97970.0,99613.25,99933.125,97980.5,67913.0,102091.375,96590.375,103187.5,81373.625,97847.375,102986.125,101336.75,97060.5,102145.75,100678.25,103435.625,97847.375,98891.625,99017.5,103045.125,103499.75,103298.625,103136.375,99621.75,103037.25,88445.75,103024.375,103000.25,99755.375
94641.5,102912.25,99800.5,102672.75,97786.125,99446.125,99744.125,97822.125,68059.0,101796.375,96193.125,102887.625,81363.625,97692.25,102550.5,100891.875,96706.375,101672.625,100480.25,103028.5,97692.25,98718.75,98884.0,102605.0,103120.125,102899.375,102717.25,99451.625,102697.25,88470.5,102625.5,102678.125,99587.125
94463.125,102480.875,99697.5,102282.125,97669.625,99344.875,99644.75,97711.125,67791.25,101378.875,95930.5,102466.375,81144.25,97580.75,102177.125,100549.625,96445.5,101312.75,100346.25,102528.375,97580.75,98628.25,98661.625,102127.0,102623.375,102489.0,102349.125,99363.0,102315.25,88158.5,102264.25,102285.0,99489.125
94813.25,103152.75,99964.25,102819.75,97946.125,99592.0,99913.375,97936.25,67656.0,101901.25,96399.625,103000.625,81369.75,97806.25,102793.0,101165.125,96868.875,101974.75,100647.25,103217.5,97806.25,98875.25,99024.875,102825.75,103291.25,103136.375,102950.125,99618.25,102849.375,88427.25,102842.75,102828.125,99744.375
94671.125,103054.875,99832.25,102707.375,97810.5,99425.875,99778.375,97765.875,67965.125,101853.25,96289.875,102923.75,81329.75,97642.125,102701.375,101022.875,96781.75,101849.125,100506.25,103215.0,97642.125,98708.625,98854.5,102768.25,103291.625,102996.5,102802.875,99448.375,102769.375,88225.5,102716.125,102717.5,99582.25
94739.25,102941.5,99970.125,102754.5,97931.75,99585.0,99892.875,97946.625,67975.25,101812.875,96332.625,102900.5,81509.625,97812.375,102632.375,100988.5,96832.125,101767.5,100622.5,103101.375,97812.375,98856.875,98946.25,102668.5,103180.0,102932.625,102797.125,99580.5,102760.625,88558.125,102713.625,102760.125,99720.875
94641.875,102758.25,99898.375,102602.375,97863.75,99568.625,99850.0,97934.625,67652.25,101657.0,96208.375,102727.5,81431.875,97805.125,102456.75,100812.0,96711.25,101589.375,100515.125,102905.75,97805.125,98850.125,98856.75,102470.625,102990.125,102743.375,102611.875,99598.5,102607.25,88439.5,102538.875,102608.125,99713.25
94783.5,102738.875,100074.875,102583.25,98040.125,99753.875,100027.875,98114.25,67853.875,101662.0,96302.25,102730.125,81570.125,97989.0,102490.5,100871.625,96818.25,101640.875,100691.875,102822.375,97989.0,99032.625,99010.25,102409.375,102912.125,102745.625,102628.125,99780.75,102591.875,88539.5,102541.625,102589.875,99894.875
95008.125,103073.75,100251.25,102775.75,98224.125,99879.75,100205.0,98221.625,68546.5,101835.875,96493.875,102907.125,81695.0,98086.25,102683.75,101063.125,97020.375,101840.125,100902.125,103220.25,98086.25,99162.5,99255.75,102795.125,103289.75,102991.125,102821.875,99913.625,102794.5,88675.0,102735.0,102781.5,100038.125
95379.125,103291.625,100723.25,103193.5,98663.0,100398.5,100647.875,98758.25,68802.875,102154.5,96879.625,103252.625,81899.5,98628.0,103142.625,101496.125,97420.0,102294.625,101311.25,103322.75,98628.0,99672.125,99652.75,102938.375,103398.5,103302.125,103264.0,100406.125,103160.125,89010.25,103170.625,103201.125,100524.625
94920.625,103117.25,100138.375,102921.875,98111.5,99780.5,100072.25,98152.0,68324.625,102028.5,96436.625,103131.25,81745.0,98025.5,102764.625,101103.875,96959.5,101871.875,100816.125,103177.875,98025.5,99057.75,99163.125,102755.875,103286.75,103129.875,102952.125,99787.875,102953.25,88847.125,102882.375,102924.0,99913.375
