BM,BTG,BWQ,CLJ,CT,DMZ,FSB,GGS,GTQ,HK,HLS,HMS,JJQ,LJG,LK,NJG,PS,QJDQ,QXC,SJY,SMZ,SPY,SWB,SXC,WC,WHK,XH,XJX,YJ,YLJK,YSG,YYL,ZT
4.857305914,21.3872774204,9.4998843116,2.7718274268000003,0.538416659,4.829176652999999,0.97474513,4.4192550308000005,2.695644908,9.5344020874,12.4618421872,4.561367873,1.013963158,6.8687736932,8.610525470599999,16.1058040194,17.0435359328,12.8346439114,3.2218573917999995,3.5382783408000003,1.2830466618,5.0824385572,11.4221302316,15.054806563,3.489541387,10.2499960938,6.4692469862,2.2862250444,9.7473707946,4.586189602999999,3.9864029024,2.5078338804,2.664712047
0.6915771682,0.3879392642,3.244233112,0.096755944,0.4890648038,6.0895561922,0.4835633136,3.0007656908,3.8138285812,1.1904727852,0.2643459328,3.4182828652,5.3585351526,4.6484172812,0.1401069124,0.2888321068,0.0777028382,0.2339678792,0.4045847165999999,0.3509044924,5.692162022,3.0950056426,0.077594627,0.6543531662000001,1.0017567208,0.6752619477999999,1.2015060366,1.2659058724,0.1235812536,7.511456970999999,0.2340798608,1.4223270954,1.0382073909999998
17.047594918999998,15.0467259558,5.4335941908,4.193766826599999,6.8922536064,3.991312727,5.037504169,17.5283914248,3.68670498,10.5157668928,2.4047008108000005,19.8503224804,6.511059186200001,4.107936416,8.0287815334,6.9564222322,3.9720066066,8.5020964236,13.7471493966,2.0330042524,6.711636757399999,11.9433407024,6.513919915,7.916073411399999,2.8717755164000005,13.2210194378,5.5289211288,13.1697355902,8.8954058482,5.8814459248,10.1702728788,12.7746194722,10.5534967926
10.5099343956,33.3107327114,4.9489480028,24.0148632752,8.666728422999999,1.5853695002,11.0365173148,2.8303511852,2.9811622058,23.155029838,5.65867617,10.1601893652,5.7023104544,3.0307122008,8.764710818800001,3.7960339028,9.0852712808,4.3529071568,10.0462926034,23.8299139044,8.984292960000001,3.710032688600001,10.506837123,22.988288704,14.2148011516,18.62816275,5.9587069614,12.6713543326,13.4605854002,6.582674813599999,26.8617274712,12.7037939512,4.5217991014
3.3317153276,7.1406095444,10.97061901,3.1864163932,9.1664520824,8.1380304594,3.4685357566,1.2301480588,3.9142740318,4.3920233604000005,19.2590593004,1.0837538108,6.3852714994,6.7788087034,8.308142521799999,14.3070430972,20.6792716334,19.8327914486,12.8824745632,14.4471212404,8.3768783098,4.5326236164,8.0292048014,10.295681149199998,10.633061225,7.9916297876,7.6010635854,1.6921702856,5.744124277599999,7.4340112538,2.653314054,1.4132038708,5.8102004334
1.8389815802,0.5617823458,12.7300196114,1.0637678996,9.2428574104,5.9723263886,1.2735848712000002,1.9424675692,2.0688474102,1.1118108232,5.4108143188,0.3007460582,2.2450090318,6.650006017,5.7982025482,8.214025074,8.5946082746,14.7202179746,7.5669890888,0.9657453692,0.979289598,0.8066609246,9.6768410278,0.3077713494,1.414644742,0.0217503405999999,6.372618189,0.6636627238,4.956548504,3.0880070954,1.4652327644,0.4277463456,0.1348398172
12.1564296034,14.2309923142,7.4446893824,5.9845376876000005,14.4099637864,15.153293255,14.8945992012,10.4364946848,2.2545387106,8.120184349599999,5.498248336800001,6.9077918408,3.4934996538,3.9881020888,8.0668470012,12.3680123778,3.2724221114,11.4980504618,12.4995300248,14.8241679508,4.8608844948,13.8822957244,6.0224522444,10.3941248628,16.5229999902,10.5123189146,7.7490769876,14.599663237600002,11.318447696,1.7557398276,10.4128108222,5.8294074978,10.5006604488
2.8109492256,2.7436129958000004,4.713381336199999,1.0280887008,2.2423779518,4.5444026894,2.0531925608000003,7.6739185676,5.2132729922,0.514617959,5.4985776068000005,0.9898235786,2.1626642238,2.769684711,6.772631111200001,11.921233407,2.6305223218,5.3467538718,1.2954915734,2.17121952,8.2475762072,3.8423791354,0.6417309546,4.5223749932,2.2076445892,0.5261526076,5.6131250806,5.9353578802,1.141233477,1.8503427852,0.5906304694,1.2428804512,3.2327109838
2.6885359914,10.9089634158,2.2800456688,0.896079001,0.3070192156,1.819052761,0.6750695896000001,4.9636111584,0.8671224324000001,0.8159241654,3.3199410252,3.2524267414,6.8419719954,4.2496793746,1.6123919258,3.3359535914,2.6948165216,4.0605815110000005,2.7709354412,53.31023063599999,5.5666406962,0.6349949496,2.1739602472,21.7462282886,39.5526610016,1.8986028418,1.8876553196,1.3922096486000002,0.8434698912,4.6386125816,2.1040647568,2.1381124386,0.2457555302
0.186885271,1.066546601,0.4404025314,0.2616170024,0.051347887,0.1316787666,0.0529211805999999,0.0005736234,2.5907620618,0.9180780848,0.415851663,3.2350573138,1.2693278862,0.7822979438,0.0050363682,0.0683868544,1.8484975840000004,0.5508938136,0.0367413543999999,0.6053373954,4.1005398616,0.0127669692,0.4495825486,1.0147467318,0.7346623964,0.4683892784,0.9100112174,0.030343513,0.2891986352,2.512541345,0.3871000599999999,0.9838294864,0.0294024844
6.3451620116,0.151966307,10.3082428512,3.2179644604,3.4806828162000003,9.986322789,11.1694350724,5.1075450574,4.629128563,2.1048126158,8.6378684172,2.8381128074000004,2.1705468142,6.3177323814,7.546193851,6.6078284532,11.865782216,7.344262819799999,23.032908679,0.061315336,4.339226687999999,3.6950229988,15.2309942614,0.228916305,0.0284851696,0.1287388237999999,10.9347643622,15.369081146,6.507105742599999,4.761259713399999,4.109118778,5.7017133584,2.7702246122
13.443212174,30.5878042174,3.8997181654,9.6691082086,11.9722140906,4.294645797199999,9.394778756,5.6058477862,2.8558440978,32.874791782,16.3721318048,12.7315893996,9.9124790642,5.379274270000001,10.0162967572,13.0540262944,14.7382819942,19.568538890600003,10.381968870399998,6.3313534046,9.5557103494,7.8573147196,18.611154035,24.8818347818,11.5360565354,35.5163971318,12.1867988496,7.311543892,27.0275372828,8.3021233612,15.6238120898,12.8986207576,7.766582565999999
3.687205239,3.1556209852,6.737218959400001,3.2237912732,3.9094726302,12.3367464452,2.1656344004,13.383809712,2.3248422816,3.2842151386,3.7228090358,9.52186532,7.2519892156,8.2357757592,5.140116928199999,13.900858259799998,0.9274169192,7.1094424712,1.6316841066,1.3584148428000002,6.9174094338000005,6.879455071600001,1.293428634,4.446189712200001,4.0794258282,2.6607482642,1.6330841142,3.628925133,1.8287473144,5.486519048,3.2451446956,5.2161819252,2.2916786632
4.5410436984,10.980068027600002,11.5784264796,24.494558207800004,6.5750013224,10.6941125062,2.2956311406000003,5.877030410400001,2.031443098,14.090441275,8.1037932324,2.5344676478,5.5731102012,7.038882294400001,7.793431281799999,7.589829703399999,9.671873646399998,9.9660198668,10.4359528308,1.4759947288000002,3.1777413074000003,3.3588577128,18.5025925152,6.1785257616,2.274677479,9.7575295088,14.480476798999998,1.8916043038,13.427168391200002,4.3465443472,21.264401187,6.1305903522000005,0.9180843566
7.6870931026,2.7790049616,10.3526567934,2.9100581290000003,23.4918572374,14.3225824308,16.460047531999997,8.106325735,3.788448394,0.9690612056,19.7046153984,4.9747070318,7.466247864,10.907480606,7.3538890604,13.0297071094,35.324000341600005,12.5135106838,24.161625067,1.7014538456,6.0054319918,13.4049258052,23.274306712,6.0630829914,6.5345982976000005,1.294186089,13.5701398362,12.6978060998,2.720256922,10.2198192664,1.4358162624,3.8563807906,12.6283441452
0.1352518876,1.2958024136,7.931158528599999,0.0777253074,1.3178663282,3.7855286532,0.5039296888,1.7962783766,3.3781065126,1.8923806262,1.0071394126,0.7796063406,2.6949686744,3.9941637858,1.0354266136,1.2679385308,0.9735338996,1.8465300146,2.203824577,4.477337992400001,2.0868381134,2.0394327442,0.8583502701999999,1.0217314854,0.6599664788,3.4439066442000006,8.3791473646,0.106570758,0.6656994928000001,3.6376928948,0.9117888518,0.914233044,2.0293534372
1.9959051294,0.8521198592000001,11.3783905198,0.0037090896,16.854824771199997,9.32761693,3.5990909052,10.5574301792,1.2546488144,1.0348947806000002,5.4079465906,2.5047469554,5.7473530802,6.4836193966,0.5782770403999999,1.9865590454,12.4777702714,3.6341764842,11.058517081,2.9204426294,5.663444859,9.4414689792,9.5694500854,0.1974299434,0.509469615,0.4880898492,10.0892926846,2.1006700928,0.8051719537999998,7.107329087000001,0.655653061,1.7820434755999996,5.7521722076
6.2069650608,0.5339570192,0.8213906915999999,0.0031276081999999,10.0926062982,3.1881405726,10.2671480208,6.451619662000001,0.9281351206,0.0150348197999999,0.7672350888,0.2979250108,3.6482345432,1.428292486,0.0597508176,0.4801093899999999,0.7340257022,0.7837317415999999,5.108895088,0.7576070850000001,3.6144118304,5.6521296838,2.9329565388,1.8643680096,0.7933341996000001,0.0119522942,0.0028603212,9.9747050318,0.0229087779999999,3.2359227148,0.0008652877999999,0.1514852484,7.472099550600001
10.1712796184,0.1359065342,14.4937871232,0.0062391242,15.5602352638,16.216146935199998,13.5161583468,2.8504014678000003,2.9118192114,0.002189342,2.4424092218,0.044591236,1.98780231,7.898313653599999,0.1974403878,1.0291886618,5.333474141399999,1.9103927288,11.9542183934,0.0111384336,1.8253724562,5.5584676716,6.8655650666,0.225947063,0.0196415304,0.0042557284,8.3624096482,8.5881314918,0.0087155494,4.085839786399999,0.0071640252,2.0671927344,3.988228795
2.9186446672,3.4213762114,4.0731923672,7.091444306,6.1630273858,3.680907528,4.0603235196,4.3297749156,1.0021690717999998,7.4048020038,7.4835594668,1.367680306,0.9986071846,1.8693927862,3.8965877176,5.1424091714,9.2560670498,6.547696684799999,8.077463148800001,2.2503515920000003,4.0842719866,3.597039745599999,6.3029266456,3.081822935,2.3667303246,2.66750053,7.7609662114,2.897099448,8.2938388952,1.555375814,9.4486010832,3.471601117,3.228232696
0.5733060752,0.3619276664,15.455058974600002,0.2278440368,0.4544259688,10.720412368599998,0.347248156,1.8930094622,2.2356587082,0.3730038728,5.0684658994000005,0.1717087296,1.8284716262,6.6958216378,4.5746473778,8.8814352688,1.9696447796,2.314075074,0.7324815706000001,0.0023027183999999,0.8689961236,2.0928853628,0.6335281294,0.205173394,0.0054990562,0.204297694,15.9525342748,0.0939378388,1.583354899,2.7556010374,0.5684689038,0.3001959048,1.1731433652
0.005625297,4.677112988999999,0.5574265840000001,3.316225,0.0,0.0294763216,0.0,0.0340062294,1.1552354846,4.555713258599999,0.8617103218000001,0.9366316022,0.3491983732,0.0996441082,1.9150331602,0.9682774358,0.3987513014,0.8789177305999999,0.0032057238,5.677992766,1.046990361,0.0213380691999999,0.3270863866,3.5851668954,4.6725161184,4.0443204962,0.1612558888,0.0004699442,1.321107302,0.17970186,2.1710044186,1.600969976,0.0109133094
0.5401760834,0.1325743338,16.672701826,0.0102335244,1.9507304244,6.588002842799999,0.8444228592,0.9569151716,1.542853264,0.1330240764,0.4742436304,0.0910295978,0.4840516064,3.86361574,0.0690404536,0.2693195603999999,7.576786770000001,0.3186748733999999,5.1865627994,1.5994132331999995,1.7035765556000002,0.7128750628,4.7853564094,0.1792867776,1.2135004016000002,0.0344552994,7.4208692688,0.4864268513999999,0.0209923747999999,2.50610088,0.0374192562,0.03116565,0.1509745536
6.166510301400001,1.59662635,2.7040015194,1.2815553078000002,3.985821168,1.3788524666,4.9428305392,4.7577373312,0.6228141862000001,1.879810936,0.8418712131999999,0.4213199308,0.4102496422,1.6872425926,1.9097546526,1.2404732914,3.4748091504,2.6304651174,4.99060269,3.4087574302,1.6303826966,5.7233976228,4.6367593472,2.5856565280000003,1.3087145756,0.1678501962,1.7346500188,6.1395812130000005,2.5353274614,1.5389640842,1.5040688679999998,4.871183719399999,6.4853658684
4.54736922,7.4492902426,3.0217487324,4.4279124222,7.568895230600001,1.5101023516,6.286499618,3.1310807468,0.0284061558,5.7594676844,3.676931185,2.3874878538,1.0608724548,1.3573448428,2.3586272776,2.1920666674,5.7563590090000005,3.8281270478,9.3888556732,10.29603167,1.7261968084,4.0953436914,9.9865486244,10.6564845382,13.1070708266,6.1781906012,5.3005823112,3.9413466318,4.7696418174,0.9857438112,5.3873233112,3.7888105984,5.5173641026
3.3776483656,3.9303237488,1.4598537772,3.9822616176,3.6044623796,1.7898590058,4.7360066244,3.7536736314,2.1935713478,3.2771133016,2.6807387732000003,4.252544103,2.7763095456,2.119930455,2.806877223,2.7417706160000006,1.2493599918,3.1989424704,2.302344728,0.2768342876,3.8185428194,4.2442324762,1.3916566666,4.6634775214,1.583056681,3.3583285956000006,2.7811329660000004,4.8710436996,2.8098206816,2.8011038934,4.123251657999999,4.8368895586,4.5135638864
0.461261104,0.0027459183999999,1.613153505,0.0030131256,0.2561129976,0.9913126599999998,0.225518118,1.4778958172,0.2627969743999999,0.0011264312,0.3390212602,0.2067714839999999,0.1292100694,1.5669360114,0.0872126328,0.2941062561999999,0.4816958672,0.2639256166,0.2809227475999999,0.0,0.5084258697999999,1.1681927002,0.2484848425999999,0.03025048,0.0018457188,0.0041244502,0.5678046634,0.6366357133999999,0.0159050052,0.5814331792,0.0011149176,0.1894562705999999,0.7792799563999999
3.2522196684,0.0074317674,1.3875466694,0.0060929183999999,5.0806537234,2.967248119,4.158224917,1.8340773872,0.1043737384,0.012128288,0.3948927608,3.335001214,0.273503821,1.8369528352,0.1216471027999999,0.437884511,1.1294893266,1.2145099294,3.5832459306000004,0.0,0.3560191,4.0135401222,2.0455411686,0.0061034515999999,0.0001670008,0.0207854154,0.1043014522,2.925513356,0.0197392512,0.540106699,0.0185771444,10.0049372468,4.722489962599999
1.9491948834,4.2994100148,0.8324152862,8.029802956800001,0.1950365114,0.5997326652,1.0802563762,2.8640391946,0.0523146243999999,7.7305707408,4.6212792136,9.837532196,0.0022494855999999,1.356992146,4.2519905878,4.5644492364,5.185195672800001,5.2405930994,1.4826896738,4.9579449078,0.3731168286,2.1205822288,4.043861722,4.5315201226,5.3002763668,6.734431016,2.0038853436,1.2209715348,3.2213963,0.0991487148,7.2851437846,7.5177405714,0.5221789908
0.1391615078,0.1127205171999999,0.004229038,0.0004200139999999,0.1498570276,0.0082775197999999,0.2785574498,0.0,0.0002957112,0.0359165852,0.4122232117999999,0.3076652678,0.0,0.0020453282,0.0561041644,0.2264164813999999,0.1808011176,0.1381667878,0.1900150436,0.02063661,0.0120881764,0.0029401699999999,0.0925998856,0.0866143412,0.0331591714,0.2552638835999999,0.0071170814,0.0134974124,0.0169897336,0.004209934,0.0120712946,0.0192018282,0.0048728864
0.8811830991999999,0.0,0.2848835356,0.008020474,0.1753503982,0.1659520886,0.3335163391999999,0.0,0.0026189738,0.0047031242,0.149522889,1.8989108616,0.00479387,0.297074238,0.0051332306,0.0438754158,0.5058008434,0.1840584154,1.0734091564,0.0050863658,0.4958119682,0.0014833836,1.3122240918,0.0010310788,0.0,0.0,0.1023597058,0.2843906482,0.0002694924,0.0202046134,0.0022368898,3.4017171480000004,0.0434966399999999
3.185211643,3.4905476668,0.8767076644000001,0.2712510098,5.365962661599999,1.0521392822,5.9153506018,2.2396592036,0.0048385914,2.91841674,1.0710311125999998,4.436943389600001,0.2274696056,0.4876277652,0.0265665818,0.288142644,2.4505503716000003,1.7132662528,4.900520264800001,0.849146004,0.5445438696,3.4337540415999994,4.2136175080000005,2.9326451588,1.4261123002,5.3731063582,0.2152442707999999,3.1387695064,0.2257815771999999,0.3303887829999999,0.7415006742,3.9835187206,4.4665463938
0.2429888976,0.0,0.1840124778,0.0,0.2564076458,0.5011561676,0.8392154961999999,1.4438166014,0.0093454849999999,0.0002178022,0.031909369,0.0289720864,0.7963074198,0.318425359,0.000358591,0.0044883976,0.0,0.0050314588,0.121528514,0.0,1.128931598,1.1829198674,0.0017584666,0.0001374333999999,0.0,0.0001576538,0.0003803528,0.7042740284000001,7.449e-05,0.7543992831999999,0.0008128467999999,0.0303876311999999,1.3482798516
0.2895565251999999,0.0048854286,0.1445499694,0.0,0.287518947,0.020074454,0.701715446,0.5341071642,0.00094295,0.0175820136,0.0947996022,0.0303117735999999,0.0,0.0782403626,0.0062986712,0.0142436968,0.3853108022,0.0797511584,0.3967554144,0.0,0.0832714198,0.6337331382,0.3777981098,0.0479567224,0.0059075522,0.0090303246,0.2835051118,0.5839455501999999,0.0147770578,0.0017918546,0.000178458,0.1024299684,0.6071598471999999
0.000991928,0.00033,0.410537578,0.0,0.0,0.2426770962,0.0002499192,0.0569481948,0.1662980322,0.0,0.0431172738,2.72e-06,0.010923518,0.1238977644,0.0,0.0122391684,0.00770448,0.0163906674,0.0036142953999999,0.0,0.0166579902,0.004265157,0.0011903422,8.25558e-05,0.0,0.0,0.0036092518,0.0,0.0,0.0389481584,0.0,6.384e-06,0.0
1.6170358109999998,1.1287034144,0.5136487194,0.7786206254,1.7600493499999998,0.2637890753999999,1.7091617142,1.6570416250000002,0.0232375924,0.90915331,1.2818103182000002,0.198991501,0.0588142626,0.3835127152,0.6036796073999999,0.9796207668,1.4837509044,1.7245566570000002,1.968758856,0.2559344637999999,0.210155643,1.7566070838,2.444506634000001,1.1961141136,0.5463502722,0.669941141,1.1650288418,1.1840984681999998,0.9495512804,0.167148237,0.772234503,0.6854920852,1.9431929494
0.6691240454,0.2497328196,0.0578382846,0.8430843496,0.034288937,0.0038694663999999,0.2871573624,0.5386524639999999,0.0,0.2116148464,0.6968020430000001,1.4638900678,0.0,0.077561225,0.1833126862,0.2251395746,0.6140463669999999,0.5062273144,0.5978949334,0.544443924,0.1887246742,0.2020418082,1.2196482664,0.5921234368,0.268235306,0.1737849558,0.0317962517999999,0.4682236171999999,0.4235651484,0.0010173812,0.4753622222000001,0.3040864684,0.0
0.0484550228,0.0,0.0341519361999999,0.0,0.2753662552,0.006472713,0.5124770761999999,0.1457598218,0.0023292194,0.0,0.0547001585999999,1.6960913908000002,0.0,0.0003440961999999,0.0,0.011211944,0.0067711404,0.0126863449999999,0.1729150668,0.0,0.0092781028,0.4098523044,0.015317064,0.0,0.0,0.0,0.0,0.5145155831999999,0.0,0.0070786054,0.0,0.3209093372,1.0445498146
2.3533540404,0.2144309949999999,0.7111783742,0.8288408468,1.7030311064,1.6176311124000002,1.8012622962000002,1.8496603968,0.1062272667999999,0.224264959,0.6538700402,0.5850236486,0.1092656636,0.5242846892,0.4004783388,0.6087604642000001,0.6908731952,1.8425499744,1.3632379674,0.03853873,1.9234018784,2.5657606834,1.3569796062,0.2942300116,0.0071384002,0.166226543,0.3004992436,1.8799767514,0.07490969,0.1915677915999999,0.4258463696,3.3874518826000006,2.4838564584000005
0.1584788086,0.0,0.0828395597999999,0.0,0.0,0.0625998562,0.0114117228,0.1408928906,0.2917250757999999,0.0,0.04687891,0.5876708202,0.051857424,0.0930231815999999,0.0,0.0084337296,0.0002945292,0.0090097154,0.0019588586,0.0,0.0112418044,0.1484979066,0.0,0.0001899068,0.0,0.0,0.0,0.1512455326,0.0,0.1038427074,0.0,0.5536816792,0.0260946387999999
1.7510934094,3.1981647972,0.0208192629999999,2.6343661006,0.1065637348,0.0067282929999999,0.681389672,0.0475416064,0.0494610398,2.7807417848,0.649470929,0.5279070013999999,4.08112e-05,0.0077116284,1.1864745324,0.9229030406,0.375597914,1.2540347233999998,0.4220525138,6.1984449576000005,0.0008848234,0.0513228669999999,0.3137835434,3.5352766951999994,6.0164892628,1.8890118556,0.5304799692,0.6379944042,2.1708177646,0.0012404974,2.2988875398,2.3865867006,0.1068296058
0.574834485,0.7811141706,0.03397096,0.1573884794,0.0113880628,0.0337474539999999,0.2217625248,0.6773195796,0.0422746536,0.4674265796,0.459840312,1.7872221696,0.000294031,0.0999848456,0.1017404658,0.2921241548,0.099618106,0.2283252747999999,0.0800899984,0.0650839166,0.0480659778,0.6302222914,0.0128260868,0.6547179830000001,0.142933713,0.7434354734,0.1130796012,0.6059770884,0.0572259348,0.0031531499999999,0.1294235852,2.8060647422,0.237640459
0.8434253474,0.0071633154,0.109175489,0.0441812842,0.0051905844,0.1402773154,0.0897009694,0.5633624002,0.027543483,0.0167246464,0.5939880425999999,2.02624405,0.6435695819999999,0.4478948362,0.1784960522,0.3876349162,0.4865803262,0.436748279,0.0458428216,0.0,0.6100353613999999,0.5119370964,0.1926184042,0.0163268162,0.0,0.0051971396,0.150081372,0.6249834512,0.0789993012,0.1557227002,0.091026337,2.365813974,0.1450147104
0.7263705658,0.0839655908,0.1938189968,1.0012280684,0.1953944637999999,0.013087759,0.1174096404,0.081988573,0.0238558566,0.7989039638,1.831260938,2.426315233,0.2417162895999999,0.0199955855999999,0.994657574,1.6150875986000002,1.5812299944,1.8497768172,0.5756334365999999,0.0,0.8935392392000001,0.1978702486,1.5590840356000002,0.0175385404,0.0034510352,0.3649178868,0.6628623034,0.3145200715999999,0.5553687558,0.284591438,0.9946886112,2.51029975,0.345114885
1.9452003538,12.482341643999998,0.5679273157999999,12.2590787066,0.952446856,0.7368365962,1.120379888,1.6896403306,0.0452723424,12.7477298464,3.5183044988,6.0489081012,0.0813239838,0.2626434704,6.6610331696000005,4.8180709548,2.2115146264,6.6535332854,1.7320287313999998,5.4628967418,0.4646635732,2.1595400274,2.82256825,10.6087987934,7.2623560206,15.4569780926,2.215529864,1.1689157454,8.2158498348,0.023645707,11.185935572599998,7.723941885799999,2.0249242792000004
1.720042303,5.3128455118,0.99510063,5.415366307,2.4259276236,1.4978268156,2.2161681604,1.7835323496000002,0.1230918719999999,6.157760243599999,1.3305456104,5.2050733744,0.3887721396,0.8749257908000001,1.6856125040000003,1.2711640412,1.2429272450000002,1.9382114044,1.7754357581999998,0.8964680416,1.019837322,3.2343169512000003,1.3580820270000002,5.5542036228,2.0015126602,7.2720954982,1.3919125972,2.1384764678,1.979334862,0.2582460842,5.1375682254,6.262110699999999,3.7635259362
0.9275471272,1.2509493618,0.4902717768,0.6851719796,0.9342914988,1.1521927126,0.6840377886,2.1276378324,0.304154235,0.8467640276000001,0.1296050574,4.7913523606,0.3163559576,0.8001055482,0.0432811192,0.0267146592,0.211736688,0.5629037336,0.8702382468,0.015146859,1.5057456212,1.2095490202,0.5482731339999999,1.6907672565999998,0.3058149528,0.8042871992,0.0617298942,0.6610271304,0.1471270431999999,0.381230857,0.7925102926,2.186141555,0.9758694158
2.6967747212,5.336058288,0.7781732459999999,3.5764704484,1.5431344348,0.8594709476,2.005740251,2.0571898178,0.0688308746,5.3655330024,1.1882953468,7.111476564,0.7631574073999999,0.5393970003999999,2.2359260236000003,1.655196007,1.278838838,2.6532326394,1.6006899852,2.8479491744,1.6291951785999998,1.9251072474,1.72838393,5.107741260399999,3.857096915600001,5.604591108399999,1.025436805,2.4624699306,2.3950826738,0.226614045,3.93870134,6.4767739402,1.8155606964
1.047377311,0.5973785664,0.0748573016,0.024445988,0.0,0.021199425,0.0964565679999999,0.2741047898,0.0170783856,0.3649280952,0.0512050398,4.1905943748,0.1338169686,0.2456987021999999,0.0036787492,0.0198628724,0.0149315706,0.0716138352,0.0277952848,0.5405968771999999,0.2822556088,0.1230631512,0.0008291915999999,1.3307024092,1.184495094,0.45319327,0.0063635648,0.7983294946000001,0.0330420406,0.0816728194,0.0915691461999999,1.8800132404,0.0
0.8422848564000001,2.506278722,0.8873044738000001,3.229174087,1.5753287617999998,1.6305949524,1.051766362,1.9530231766,0.0166425653999999,3.285082165,0.4547847177999999,9.575238703,0.070807395,0.8199088284,0.9129705014,0.6047735594000001,0.0822967312,0.8751416332000002,0.8252040444000001,0.305749232,0.1639795735999999,1.9353982108,0.0880464142,2.4515343614,0.8032950924,3.7125728374,0.7415397673999999,1.8960006956,1.3814647336,0.1908588353999999,3.0039636252,6.659564295600001,1.5723176572
1.3510524558,0.5274483402,0.7328501772,0.1522214538,0.3225664678,0.6979389588,0.281406402,0.8541667782,0.1285829966,0.8779853738,0.0959126224,3.7187565048,0.7272470456,0.6416341278,0.0,0.0137657702,0.7025635588,0.1384460352,0.5237709744,0.0,2.8982372298000003,0.5253766264,0.7397463488,0.5362461682,0.0021760128,1.0318810214,0.0263190721999999,0.6878479804,0.0296386747999999,0.8688274572000001,0.3108068098,4.0902535284,0.2285477697999999
0.140029138,0.0994844592,0.0296725222,0.0287928138,0.0,0.0602642111999999,0.0011437878,0.0252552876,0.1183613952,0.0673425553999999,0.2689917858,0.0464835985999999,0.0330110878,0.2055195698,0.0010105146,0.046822876,0.144513916,0.6114404188,0.0244994622,0.527572862,0.0115336886,0.0,0.136153016,0.1979627108,0.3533712212,0.0582067502,0.0003278066,0.0277348621999999,0.002503495,0.0317584232,0.02562581,0.1606856878,0.0
0.3041756888,2.3175844418,0.2065867602,3.2863502484,0.0,0.0089456946,0.0323650082,0.0,0.0023278596,2.5935163778,1.6498895480000002,4.345932851,0.0008364418,0.0870821562,0.9748235662,1.3529648242,1.1825700954,1.3002916426,0.0319817792,0.0,0.0022843226,0.0,0.4359370156000001,2.1410911908,0.047723562,3.2883492270000003,1.0376606866000002,0.0847697853999999,0.7831741548,0.0037689347999999,2.129784388,2.1095998034,0.0
2.77818e-05,0.0,0.2395593412,0.0,0.0,0.000303147,0.000363349,0.0,0.030513827,0.0001701344,0.0487467712,0.0076051865999999,0.0006974472,0.0014352511999999,0.0060995032,0.005218537,0.0002055584,0.0091710706,0.0008370631999999,0.0,0.0002718554,0.0,0.0,0.0,0.0003730912,0.0,0.3673877616,0.0,8.467900000000001e-05,0.0023380218,0.0036298434,0.0022654858,0.0
3.0261131876,17.493110852999997,0.9656581314,9.657459744,0.4202385352,0.7314956951999999,0.9867109954,8.0023555956,0.005721549,13.3706183734,2.4788561398,3.4430494122,0.051319415,1.455156066,10.5391601316,5.5315777348,2.2393938164,10.7420843076,0.9553880888,6.7227550096,0.8004513912,3.8586437128,3.5777421788000003,12.5328380234,7.270805191400001,17.6847896952,2.7562132248,4.8886667718,14.1181753752,0.0591068754,10.6781768,3.1050737812,0.6336686424
0.444216383,18.8537504182,1.9961424366,8.774020427,2.5912741772,0.4812745832,1.7778052176000003,0.6021820436,0.0155440969999999,14.171543527199995,16.0766264466,7.155982429,0.0986987544,1.0583906416,13.2952842772,16.5858790988,10.1395186546,9.0177039278,2.1132046062,14.4318062658,0.1405095284,0.7858399744,3.7849374754,19.164320638,15.3960183126,16.466609537,7.559819797,0.6958196876,18.298645097,0.2026911288,11.4260807446,3.1172572718,0.921960304
2.7751973298,11.9085815222,0.8741081813999999,7.3931606624,6.627283459399999,0.9224544872,5.009851315200001,1.8339542978,0.1081860372,12.5502007972,2.4704628624,10.807298799,0.812095332,2.0960538208,2.6321515054,2.4175221386,1.9461622122,3.0724590796,6.029570936400001,8.2763450402,1.2738162564,1.7471291846,4.0094946518,8.326190383044,7.7174289404,11.927507916200002,0.6804139100000001,2.8748170952,8.2777963236,1.2094397328,9.7507834076,4.733390317,2.3207843612
6.2750593322,2.0514338762,3.4220575926000003,3.9939460036,11.451822944399998,3.8180167738,10.0896030328,4.7398978692,0.0882979243999999,3.8985887972,3.0566938254,11.8380115964,2.8821146484000004,2.8263344058,2.0946452022,2.3485152658,4.0009020516,4.0761730258,9.8885942686,0.001801603,2.5860490002,6.061869849,5.3152020788,1.2696085472000005,0.1263779907999999,3.1809505652000003,1.2614459884,5.7101223968,1.3947502972,2.5724100556,4.0735888014,9.3353913532,7.4470074194
1.4435335656,0.0004400034,0.5005675988000001,0.002008677,1.8817924508,1.0988661772,2.5614228028,2.7949888126,0.1185200293999999,0.005095716,0.2978305802,0.4036435876000001,5.8305653906,2.0385804364,0.0788204716,0.1762260466,0.4319146308,0.7123001311999999,1.4605882748,0.0,2.8637486072,2.5579728292,1.1247810038,0.0,0.0,0.0008404434,0.0172779426,1.9860535978,0.001790796,3.606661319200001,0.0054510288,0.3566559062,2.7603361008
0.4881079978000001,0.0,0.3962853772,0.0027520356,0.0025944676,0.1193479542,0.0416935494,0.4464908566,0.1743329522,0.0,0.102033728,0.0089916418,0.5687508786000001,0.6156386356000001,0.0002765506,0.0231142048,0.0015787808,0.02278192,0.0068110584,0.0,0.2620675016,0.0292354428,0.0,0.0,0.0,0.0004190218,0.0129283933999999,0.4252017552,0.0,0.5721619957999999,0.0,0.0207399842,0.0
8.0575613918,8.6915245616,7.3025501588,16.491100634200002,10.1738777356,13.8176704282,9.0746040176,11.4167015622,0.8827172902000001,11.3324089068,14.8756898114,11.9558190352,2.0277092604,6.2840344328,18.2461969636,17.068838342200003,15.0809772796,21.859327243000003,12.540783335,2.400754838,1.3499099174,16.181204276,14.4738470672,8.864519086,4.6868034244,9.9213608426,4.107610353,8.411376135800001,8.5318771046,2.0569713018,17.5099801088,13.968418073,12.5691737352
1.0962022456000002,0.0767280356,0.7324961306,0.4710559046,0.3716067788,0.7037827158,0.651304001,1.1849541646,0.1845295512,0.6137974916,0.8263754968000001,1.2709015066,1.3271944271999998,1.2765591610000002,0.881903378,0.6004137074,0.5467442922,1.2219895808,0.2100897298,0.0,1.6385906112000002,1.4541678802,0.3596665896,0.0477999362,0.0049998834,0.6716079354000001,0.0929529838,2.1037536836,0.1018275583999999,1.296832699,0.1849652546,1.195888943,2.150768418
6.028533299,19.4336161056,6.0083562258,4.5315872042,1.5646164526,2.5974852502,1.1452560589999998,0.3176629388,0.8902481996,15.1033263448,6.093953998,13.9308758714,0.559925676,1.6852117936,14.1739759252,9.1581877144,8.238321165399999,10.342406323,4.8513710208,6.933202898199999,1.026785131,0.6189325448,7.926215133999999,15.395714149600002,12.3358060998,18.285193039200003,7.465035541200001,1.637761345,13.439853844800002,1.3570700437999998,13.8764321516,8.5455036744,0.4804563637999999
7.9819381858,4.8472161014,5.891910426000001,11.0263021098,11.322022791,7.8063448252,14.240500281599996,6.4110996484,0.2730194888,5.660230335,8.600411077,11.439558713,0.7738369803999999,5.053624344,7.260425823599999,9.111983009,6.9020315396,8.984579040000002,11.7281728022,3.3462917308,1.4567825958,8.5854808492,9.026292348,4.416527751199999,4.30663426,3.236901924,5.6026065566,6.4495992296,4.995623243,1.3258766632,8.8813696102,11.9345742908,10.5695593308
1.0320264226,0.0156919692,0.0067398432,0.0,0.0176849772,0.0133400164,0.00652359,0.313352334,0.064754726,0.0003822506,0.3086220152,0.1311712128,3.0253907542,0.0410950199999999,0.0015054216,0.060671669,0.0031580081999999,0.04382828,0.0071744677999999,0.0014954172,1.2715703102,0.0107930442,0.0017724896,0.0013384372,0.0008455094,0.0095247948,0.0023304504,0.6675859834000001,0.0001404578,0.5835212286,0.0024536884,0.045700785,0.0
7.12294605,2.009116218,3.6038747646,2.289794422,18.5577636792,13.207219403800002,10.9753441674,10.4553085726,1.8592827746,1.12260894,0.7058155322,11.6144561634,1.284592965,7.0383309286,2.0606283674,0.9732489688,1.226283493,4.4475103292,8.326381701599999,0.1413664186,3.5167768088000004,14.727298438400002,3.5274745138,0.6971431906000001,0.3316090128,2.7319217512,1.1722829957999998,7.9587762784,0.2683163194,2.332049035,1.6127894586,12.653842742199998,16.2242626674
4.3801229608,0.4124672649999999,6.011082872,1.542251199,8.8691215884,10.328842181,7.964617449399999,6.0165541818,0.8597285469999999,2.271319691,1.2058249348,8.6551466184,3.4081388077999994,6.4626238524,0.5693995334,0.5902434364,3.1276785688,2.5335321966,5.5168619946,0.0130154965999999,5.406063908199999,8.618282364399999,3.7402394102,0.6383461588,0.118109732,1.1055147884,1.9759952326,5.1835813204,0.513003483,3.849249524,1.6260326352,6.7785109252,9.547907776
2.7613657330000003,0.7227361682000001,1.6392301537999998,2.0360827398,5.2848290606,3.5689884952,5.1653678784,2.8268937886,2.3585915202,1.268905652,2.9007863744,0.399817776,3.7409882922,3.626321798,1.7997823487999998,1.9866502042,2.7187501086,3.0618785382,4.1269700666,0.0200672412,2.505491202,5.6262801426,4.2530253848,0.565766942,0.064274556,1.7267707040000002,0.6581803841999999,3.5018677306,1.923054557,5.1621640702,1.8962895668,1.1952661668,6.260066611800001
7.356798585999999,0.829120773,2.328179053,1.164308087,3.3729496128000003,1.4150355462,5.394683898799999,4.6011753488,1.5175823274,1.3184408796,4.293643401,11.021358648,1.3167777187999998,2.08373716,4.604130153,4.6200528666,6.6877968306,6.1173229206,3.4257478834000006,1.8603534602,7.598704295600001,4.751752487199999,4.2967892336,0.772249693,0.9892803746,0.499646506,1.3326976984,7.519145341,1.4253312081999998,2.8096378508,2.0964755758,10.9857428394,5.3203827852000005
6.0319984236,3.9037927352,3.4160558189999994,6.6220208068,6.442864085799999,1.780292515,5.5229808344,1.7042719386000005,3.0129305474,7.028360195,1.1579341092,13.2175215016,1.4472565508,4.2608874112,1.0861764168,0.649036993,3.1300010186,4.0714021938,6.30156196,0.1829795386,3.9214713428,3.3628128026,5.3177707838,5.2983462232,1.462736227,5.737894134799999,0.7571035256,2.7053817644,0.9824204432,4.1634241252,5.315812552,10.326155698,4.0525889074
15.310018972399998,17.4672300886,2.7144976098,19.0038877554,2.1000761384,2.9782341314000003,6.3667831446,4.421939926,2.2909585042,12.3296034036,2.3788773414,18.4195482018,1.0650530558,5.1089058888,9.779684939,4.7950165012,5.325055475000001,9.5597477148,3.8382298662,5.7235795754,4.5550262426,3.6153882124,7.305978275799999,14.1795054922,9.59595403,19.6096287764,3.246381961,11.6480819122,8.2606980302,5.8320420934,16.0393615924,18.000929926999998,2.4704895618
3.6605142784,0.0079638104,0.8112176948,0.0020192594,1.2875945532,2.2484834562,2.8958968276,3.0164407038,2.232903203,0.4037332858,0.3138679854,7.1211241382,6.5876014904,3.764290254,0.4705442952,0.2527572842,0.1139149682,0.1604181814,1.2962314706,0.3859536152,6.2965590374,2.7443062642000005,0.6064818752,0.0708880205999999,0.3293509172,0.2529834882,0.277927363,4.8519939298,0.3154795992,7.1376417736,0.392843589,2.0940579718,2.2380565434
2.4466731968,3.3727192492,1.4271782606,1.7225747062,6.309279645400001,2.2142015914,5.7145671756,4.6657884842,2.6444124846,2.6620288538000003,1.2242563112,10.3903349784,7.4308972028,2.1597230778,2.1055822852,2.227647446,1.1622286752,2.8245824058,4.0515321026,0.5374038254,7.1387745874,4.855748454,3.0079976864000004,1.5374151904,0.1132694676,3.907167394000001,1.2049009608,3.9974214848,1.123950114,6.6241690846,1.6686412118,5.72351922,5.2683131614
7.744406987,1.9694280658,1.1316304798,10.693574236999998,0.1285338438,0.1123315158,1.2542135044,0.9599836924,3.5030588566,7.5464095176,2.4738407266,25.6744045548,2.032850461,1.8713209598,10.6836870566,3.4704831292,3.7361396984,7.2870554942,1.1419936472,0.0051640308,2.219269311,0.5892180992,6.988413274199999,0.3470029074,0.0118597398,10.1253745698,1.9201893542,2.994752737,3.8470566878,4.5767616506,8.7971634602,11.2735826324,0.3092102404
3.2272567552,14.9613658944,7.310807068200001,3.58576857,19.5052411354,7.1580832418,11.1653070604,11.586105521,3.5608811576,8.58404927,9.6989253672,3.4965699666,4.660792431,6.9310553508,5.702036276199999,8.3432182518,5.9695634434,6.125881924,10.9674067316,3.8580508676,4.876295398,13.5166731114,5.223560291,10.3304130676,10.8383714646,7.1522015388,2.8895047152,5.8783029004,8.843518958,4.279960753999999,6.4216901788000005,4.3975616842,9.5435651738
2.6957551648,7.5707748346,4.7186343998,4.627243899600001,19.9152490636,7.087770882400001,16.7834517946,5.0671529242,1.5101457014,8.041186133,12.3774750982,4.802557554000001,8.0940764958,5.3990950898,7.924324289,10.9089675008,9.259136219199998,7.212555666200001,11.366302603,4.757427795,4.4593534438,9.8556622576,9.1573354106,6.485643115799999,2.8177945126,5.9962212664,8.2966837488,6.981060780599999,13.705579017,4.7295346358,6.6962914568,3.010474137,18.011194046199996
5.4955476208,3.8979388356,2.8662568292,15.731461685800005,2.1693166656,1.6449677342000002,5.012500235399999,1.0606751456,0.244967304,5.6708751042,1.5571024582000002,6.1024480776,4.391792579,1.492022525,7.2838598448,2.4867486514,7.0796392912,5.8024789746000005,2.4629667882,0.5571348013999999,4.7140767688,1.7934059314000002,7.668104339599999,2.5809452622,2.734593681,3.6192605806,5.674706093,6.7658345012,13.5271981956,2.4281476886,11.4549831138,12.7624523848,2.0420502324000003
0.3297343244,4.308475705199999,0.1633096496,5.578957103999999,0.0023337396,0.2908412096,0.0340822954,0.2322110748,2.9269771574,6.346295691,1.0081087282,2.4020175674,0.4390412903999999,0.3599756198,3.7059210024,3.857423523,0.1709226124,2.2891188424,0.0516758104,3.7713324794,0.564188595,0.0376010249999999,0.4935777397999999,2.1092219996,2.0933175084,4.2940243774,0.1877010662,0.2515237864,1.7930239154000005,0.5066715314,2.610675156,4.9560929284,0.014512971
0.039483594,0.0210635564,7.8533517116,0.0015782816,0.0531108949999999,1.2467069884000002,0.0565836502,0.0065505178,5.489036642,0.0167814518,0.6553306830000001,0.0640438248,1.0343368516,5.5257843192,0.0125093665999999,0.1534708852,0.020493664,0.0850591397999999,0.134514237,4.8017338346,0.137317959,0.0198070542,0.1245690044,0.6432165458,4.3884162198,0.0,1.5215770552,0.0281368151999999,0.0288978346,1.9707609532,0.0088756076,0.0281568574,0.0336663988
16.5974598386,6.989958081399999,6.18434592,4.256006097399999,7.982710180000001,3.592161976,5.8377841578,6.660051348800001,2.8522718868,5.762755962999999,9.4742928708,6.2301055462,4.0648326904,5.3853493434,14.557670878,12.7013586914,6.139078185000001,11.9602734394,9.6507331244,8.9385588478,9.512385718,5.316138837,8.302029772800001,4.4949813736,5.2358227072,5.761045598,8.7133932914,6.7398371934,16.6306787862,5.380912406,11.9077187734,7.374110352600001,2.8257041448000004
0.5069475778,2.2211145318,6.190135553999999,0.2650467648,0.07381213,2.1779580568,0.4158654431999999,0.5199876403999999,1.3562363384,0.9786423478,8.2657595264,0.3184304483999999,3.8181310602,2.6041852678,5.0828181756,5.7395544694,2.6604996412,4.8771498276,0.1677566124,1.3488260168,2.7420817076,0.6294461548,0.2449640517999999,3.9543436554,1.9959991344000003,1.1778193476,5.390033905400001,0.7880526522,1.8102215412,3.4283750038000003,1.5237312354,0.7145522412,0.6472525177999999
4.9944004996,7.253279809199999,3.123969958,0.269801454,1.3511136156,2.8175015314,6.59513559,5.837066233,1.196453507,3.988632148,7.671543261000001,1.3862721166,3.4609875006000004,2.0779548626,4.2405668526,5.5306421016,6.6872894636,5.2873631708,5.2642011024,12.1070468506,6.2549487774,4.8280815082,7.5249315948,4.4085507502,6.981651062599999,6.1284676052,3.2791184966,5.9760666518,9.837194033,2.3020920588,1.2490369926000002,2.6141292054000003,2.840216737
0.8995610455999999,0.9083154782,2.159910096,0.2997346244,1.0003463004,4.654158304,1.5415157314,8.6810151112,3.1649058866,0.4699777753999999,0.4787439956,1.5057227946,4.944399793200001,4.6019952354,0.2504053226,0.4219678765999999,0.2421208606,0.0718784524,0.3819139592,0.3715367882,9.5639450884,1.5416517596,0.0290925624,1.0246819235999998,0.3799573794,1.6164968272000002,0.6872491026,1.2690066794,0.1429353064,4.5099644528,1.3644382226,0.8667191122,3.6484388612
2.6893000728,0.0076559774,1.260982518,0.0102271874,1.2168412846,4.8300737972,2.3676364554,3.4848232464,0.2860963786,0.0621129632,0.0832429064,1.4463888916,2.5155781156,1.3794085194,0.0850679792,0.0386221884,0.1910598276,0.0352332274,0.7154380706,0.1270201514,3.8329049668,4.5077629508,0.0155906897999999,0.1248983626,0.0995539752,0.0032264896,0.5695460516,2.7887015572,0.0367379282,1.0268531372,0.0568983672,1.1996728048,2.663045777
0.1295960322,0.0024507829999999,0.1997828876,0.0183748944,0.0101880312,0.1957068518,0.0723996656,0.0,3.7677971888,0.008962598,0.3100909624,0.3034488878,0.8990229696,1.0212217992,0.0190864631999999,0.0686897494,0.0269211382,0.0687991568,0.0614885477999999,0.006596671,0.9488623452,0.0060814814,0.0205689727999999,0.0879830698,0.0405266744,0.0061720782,0.0550519986,0.076302829,0.0329030302,1.06737004,0.0059377501999999,0.1405165076,0.022397501
0.1003213764,2.2628528720000003,1.0600280184,0.0153534334,0.0518248422,0.21681981,0.0397356078,0.7517851085999999,1.6931631948,1.7412645448,2.8029860032,0.2146755454,1.3353332766,3.2759409912,0.4592364932,2.7352941258000003,3.2771427484,0.972231381,0.0680494326,2.4535323938,3.2927514478,0.0701738352,0.0397753456,1.5765508732,1.0281258788,0.6966676744,1.5519582226000002,0.1355540019999999,0.8698793968,2.444938443,1.0323823453999998,0.1770151564,0.0594445793999999
0.1954625828,0.3015960682,0.2561047516,0.5780679496000001,0.0460903632,0.4004210218,0.0445114417999999,0.0841759766,1.4046144436,0.2337596183999999,0.2729576684,0.2079766764,0.9281419628,0.9185305088,0.0055672422,0.06912406,0.0057209538,0.0512516008,0.027555404,0.4349624846,4.2263319226,0.0184025026,0.0157808758,0.5373977755999999,0.3412897194,0.6785827635999999,1.1794519562,0.116505097,0.0285511032,1.1523996526,0.3333437032,0.4463756568,0.0348054474
0.4443089362,4.441232294400001,12.6850961968,2.5968235292,0.1544531482,6.0269556384,0.3025731934,3.635932983,5.050134761000001,3.8614971632,2.4295126042,1.483682813,1.9947734174,8.3870308762,7.085311528800001,10.6504869774,1.0222007224,4.9491482422,0.215770088,0.8915964381999999,2.3498212178,1.173151534,0.1160866726,4.7084721458,2.815551511,1.5809073430000002,8.5921475608,0.4362505442,2.2762697672,3.783450317,2.2156574922,0.6072250826000001,0.023594626
1.7130446028,0.5699751686,6.690419179999999,0.0350540398,7.9181590192,4.6492004296000005,3.7226676356,3.0135602924,4.3523765576,0.1187598296,1.8794825398,0.5434027064,7.1178407424,5.4365216284,0.2242744565999999,0.9110379428,12.4200430748,1.0590042186,9.384844605,3.476702462,3.374909614000001,5.1665462174,9.2409023062,1.4321583834,1.7597117532,0.1880424148,3.910364609,1.9972588912,0.246794505,9.2270991812,0.0910891702,0.503283274,4.672713248599999
0.128586325,0.0962571674,0.2420135553999999,0.0,0.0305409884,0.3818236056,0.257818223,0.317652101,1.3670682404,0.0028005906,0.3717139217999999,0.3199022722,6.543710246799999,2.6799660788,0.0123351654,0.0812808682,0.0257452176,0.067818219,0.0827304792,0.2889319156,1.0260712748,0.1026209133999999,0.0238910534,1.0444885378,0.1607982432,0.0023400254,0.2267696832,0.4613456210000001,0.010962258,5.0952872906,0.0004922518,0.0198109584,0.4358551002
1.6212276384,0.0443855134,0.8247060612,0.0,1.6912121652,0.9213283548,1.3242419164,0.627274086,0.7134723694,0.0037720145999999,4.182991267,0.0113219582,2.7447245734,0.7624770836,1.9345709968,7.355546976399999,0.9524169688,3.2488949514,0.9296644978,0.6708009516000001,6.225515277,1.5185151056,0.190154945,0.9492357726,0.7812363656000001,0.0017125886,0.9179298381999998,0.9159476954,0.0172285696,2.3595072988,0.0092240568,0.3267094612,2.1055200414
2.1131816438,0.7655768046,4.6527852698,0.0,0.8587327398,5.266057441199999,0.2619002276,8.8778726248,3.3514011766000005,0.0862931644,0.5476116456,0.0322559822,2.2964094024,4.5894774264,0.0109553512,0.14793292,0.3092972532,0.4680740002,0.3667823312,3.2557715692,6.759829271399999,2.6695903268,0.1675156616,2.6984697892,3.892703755,0.0775931114,1.3441456561999998,3.0589769688,0.0033558622,2.8087380054,0.0001793551999999,0.015694668,0.2811823188
5.3854627458,0.0006240624,9.269468407,0.7488032712000001,10.9867494702,8.49858064,9.90304376,9.0386352906,3.019730208,0.0171515178,3.3170825718000003,0.0628541808,4.0921849056,7.2751592804,1.0420916284,2.5361352608,10.9752625268,6.366699474000001,11.626535649,0.0027484058,5.267933115,14.1057504378,11.3404465354,0.00583326,0.0059545271999999,0.0033436492,5.8277489296,10.1186496606,0.0206061804,6.5557489142,0.2171580296,0.9716918106,12.958843430600002
1.3299497508,0.0129973894,3.6708567958,0.01831016,5.8352697,4.5738581344,5.7533355626,5.8442141814,2.115757147,0.016975088,1.9096583448,0.0126303792,3.1487491938,4.8350945336,0.4078451172,1.1708163358,3.9203130392,1.8553357954,6.6384599400000015,0.141492038,3.4813350536,7.871543654599999,6.116921911,0.0420546752,0.2779183622,0.0007910502,1.2496488114,3.5395190786,0.010671509,5.8816673816,0.040641006,0.1002055571999999,8.2777185968
0.0809144678,0.0012750104,3.3443323376,0.0,0.0,0.3319444624,0.000737756,0.0004041704,1.179617158,0.0,0.5060443116,0.0028964888,1.3163929,1.2484051148000002,0.1796970151999999,0.5785398156,0.0380279244,0.0345594256,0.0041011068,0.0,0.4329964434,0.0017292312,0.0144180073999999,0.0065654827999999,0.0001644706,0.0,5.4268247196,0.001633991,0.0057875112,1.3027651976,0.0,0.0445312368,0.0126686026
2.2470617058,4.954222569800001,10.1407570842,3.7983610668,3.5032844992000003,3.667071174,3.053361233,1.9369143102,1.999912547,4.1116877284,12.4333251802,1.1097258838,1.5453945722,3.7877318332,7.3642099128,10.435382123,18.2168897044,7.438857628800001,7.060983775599999,16.743338026799996,0.856458662,2.7213946698,10.7965305986,7.715817190999999,13.0421174338,3.3557490268000003,19.3173271818,2.2275358086,9.122825109,3.2302186428,4.4975575622,1.0440689044,1.8496340676
1.3009349744,1.6947350719999998,0.3332351666,1.0636903024,1.4958049868,1.574978692,1.870818747,3.2903365732,2.9940439454,1.5812844806,0.1041767107999999,0.2730146864,2.1500384676,3.3741428900000003,0.0777026378,0.0502578574,0.0230817106,0.098598729,0.845169235,0.5561471874,2.2261855378,3.147010914,0.251438505,1.7152177429999995,0.9054991538,1.5961337574,0.0448099792,3.1739503004,0.5397401972,3.6450169598,1.0098202667999998,0.5704370896000001,2.9174808258
0.0071145764,0.0003277276,0.1741137669999999,0.0020222216,0.0,0.0361139366,0.006443615,0.0552998347999999,0.5768640156,0.0001037757999999,0.1488615012,0.0033129725999999,0.4755266029999999,1.720860758,0.0,0.0310433134,0.0033671226,0.0317049193999999,0.0042187514,0.0,0.168260841,0.0033211539999999,0.0006212472,0.0007813898,0.0,0.0,0.0019935764,0.0205861404,0.000223846,1.2092173116,0.0,0.0051175972,0.0
0.6175446985999999,0.0,0.1789445996,0.1128838266,0.0058055046,0.0010131358,0.0064330786,0.0086425788,0.71311322,0.0065299484,0.1525008044,0.0017843384,0.2666062234,0.026758587,0.0004720064,0.0217684265999999,0.031969689,0.0254516796,0.0981221672,0.0,0.4002680747999999,0.0238491438,0.1677786104,0.0,0.0,0.0,0.0013660232,0.0269141414,0.0026933706,0.5205236794,0.058547258,0.2096788531999999,0.0
3.8190185174,1.1784425294,1.6056072736,0.92307095,0.674164869,1.0306106712,1.1408427075999998,0.691173639,0.9542330736,0.7559683708,3.5076234824,0.3379170818,2.038600675,2.4373899462,1.7506659288000002,2.6038993634,2.5467965946,1.9868716766,0.955093598,2.3657588394,0.9442338592,0.4257130472,1.3815162798,1.3830176588,2.6472493354,0.7987232531999999,2.4622132434,1.8041477386,0.7336590068000001,1.3393179958,0.7367415588,2.0232432462,0.084634134
0.8444118624,0.0012684726,0.2435291928,0.1952987652,0.0877278703999999,0.4268437264,0.1224710948,0.301877132,0.0067874748,0.0061489964,0.0314767346,0.1910878008,0.0212476562,0.361309768,0.3614025974,0.2474135306,0.1963249102,0.4501066318,0.0675442732,0.0010197028,0.5141702196,0.2379118843999999,0.0103959036,0.0069204846,0.0010815794,0.0,0.1024469594,0.3572879214,0.0132956281999999,0.0928168918,0.066032886,0.4895262466,0.0644930568
0.013628799,0.0002904557999999,0.4805228592,0.0,0.1948890022,0.6986647498,0.237696642,1.8624213644,0.0351871832,0.0,0.264383665,1.883354782,0.043572026,0.8100337782,0.0124348788,0.1003407132,0.2240543278,0.042964596,0.257916816,0.0028907402,0.5162220491999999,0.9735708938,0.0627050597999999,0.0014001068,0.014414118,0.0,0.085878647,0.0854414496,0.0006383599999999,0.4182965869999999,0.0,0.2129429966,0.4607169154
0.0479936402,0.0067399098,1.9607541928,0.0082988344,0.0703721591999999,0.5450647786,0.0322629528,0.2933491026,0.0623499269999999,0.0709148856,2.5770510774,0.024555401,0.001671254,0.5947304767999999,0.2872620136,1.505145337,2.1407408828000003,0.652113642,0.755965336,0.2415149404,0.0449757424,0.368075807,1.4101270774,0.0473665114,0.1068183167999999,0.0017160807999999,1.9666214408,0.0537861009999999,0.7406481114,0.0847058936,0.2203363648,0.0081437222,0.3195994506
0.5076540558,1.2482134894,0.515041212,0.3853844608,0.2820078994,0.0060453862,0.2567810942,0.0011629214,0.1263260333999999,1.3160200098,4.448428472000001,4.975546356200001,0.0009407328,0.0681241084,1.1614885666,3.3146975186,2.5997537392,2.5363182772,0.9274418708,3.5380199984000003,0.0039344804,0.0002472516,2.0915949203999995,2.3811487852,3.0323722548000003,1.6980187574,1.239667167,0.1919690572,0.9717408074,0.0477589856,0.8191752469999999,2.4761891064,0.0
1.2846205444,4.179037076199999,0.2023197706,3.4924755366,0.001975095,0.0008980341999999,0.1149174375999999,0.0243151008,0.0825020844,3.5939091488000003,1.9294616474,5.2207522734000005,0.0008381533999999,0.083284849,2.4927861037999994,2.4535511984,1.5540294418,2.1274879602,0.1866304836,6.6954145474,0.004663875,0.0806184308,0.6759407637999999,4.4829026482000005,6.2636168904,4.226006020200001,1.6880523926,0.265607369,2.4698708088000005,0.0218162772,3.5854249929999997,3.7711847664,0.0
0.235504428,0.1292360238,0.0811462956,0.5470039748000001,0.1920468665999999,0.0037067407999999,0.080949265,0.0185301176,2.37038e-05,0.8753597484,0.3142735821999999,10.1485888068,5.73096e-05,0.0078747449999999,0.2838155964,0.135070559,0.3790533382,0.599201022,0.0553476252,0.0038237626,0.0017048424,0.0088759376,0.172088156,0.0441380572,0.0004873243999999,0.5237579844000001,0.2216435058,0.14964634,0.280024903,0.0013058152,0.5187204558,3.0496763106,0.0
1.0458981806,11.389329049,0.7953232572,5.5428431314,3.4812237340000003,0.3997695188,1.4419960842,1.1754348046,0.0009186705999999,10.671047469,2.3498311622,11.3767130866,2.9667e-05,0.0583526598,1.6168135154,2.641848021,1.387903103,2.3462160986,0.9981354122,3.5583784298,0.0536412436,1.8880291286,0.0871499824,10.0690193936,5.8218715856,9.8357608026,1.0640285408,1.4976996776000002,5.453989318,0.002387,7.508990608,4.0946682114,1.6873858424
0.3230192422,2.1924302410000003,0.064397627,0.0924077084,0.31616914,0.0670159574,0.2934751328,0.5580169766,0.0,1.0827234874,0.0375747332,3.7160925866,0.0,0.0211264956,0.0005118936,0.0042197178,0.11323042,0.0319169339999999,0.2620863214,0.361181048,0.0250321818,0.4540534821999999,0.7122313769999999,2.7268468407999995,1.1315908028,1.2487124399999998,0.0284816302,0.3389521606,0.5457083765999999,0.0,0.3842778072,0.8895315719999999,0.0982295288
0.1751231964,0.1245129248,0.0068430596,0.0,0.0,0.1166970334,0.0021228132,1.4913175592,0.001066128,0.0,0.0537547812,0.073438068,0.0001090611999999,0.0821167354,0.0,0.0079142704,0.010694835,0.1277805724,0.0029150906,0.5574005317999999,0.1077017,0.8749959736000001,0.000327151,0.2828692108,0.378750854,0.0147012498,0.0034693792,0.3977892634,0.0,0.0006675892,0.0,0.0083854016,0.0289048769999999
0.1716604134,0.8228625656,0.0466517638,0.0,0.8574635986000001,0.3312215483999999,1.016286027,2.5753994540000003,0.0,0.0461614838,0.057857271,0.2088326444,0.0003135146,0.2074744698,0.0,0.0090244202,0.0081268432,0.0316719964,0.741355436,0.2674576324,0.223703365,2.4791144656,0.3474363727999999,1.296538939,0.3831738448,0.2206400691999999,0.0037204782,1.0852150694,0.0013075524,0.0091716048,0.0,0.0172544518,1.9493403068
0.0120143502,0.0,1.742e-05,0.0,0.0,0.0001736672,0.0004498064,0.0455568798,0.0,0.0,0.0595611992,0.0117944566,0.0464683802,0.002463218,0.0,0.0070182404,0.0025185254,0.0053662721999999,0.0011039934,0.0,0.0410757214,0.0234437106,0.0407311694,0.0261760172,0.0,0.0,0.0,0.0273410779999999,0.0,0.0392696118,0.0,0.0068397539999999,0.0
0.9248157296,0.0002316884,0.7021077506,0.6937204048,2.5312624156,0.4811792435999999,2.104981719,0.4258444508,0.0475816384,0.079238427,1.004988453,0.0068846282,0.4191156704,0.3390510624,0.239455053,0.7522465371999999,1.2693171356,1.1739371126,2.0318850548,0.0,0.523061657,0.8304995869999999,1.8295108732,7.72456e-05,0.0005077812,0.0003346478,0.4823442015999999,1.1943521722,0.0122960104,0.1357699294,0.3929451356,0.5058278608,2.0387431030000003
1.8373862078,0.1378612048,0.1773285646,0.1467987162,2.314535635,0.4808501466,2.0142404208,1.1591337762,0.1332368504,0.3496261779999999,0.1597284892,1.118008372,0.1095706073999999,0.1923580648,0.0975506502,0.1505611378,0.205833211,0.5593813876,1.715565109,0.0,1.1119092216,1.5601480546000002,1.006470428,0.265001917,0.0001671458,0.2520614304,0.0365865412,1.7352603194,0.009313095,0.2287102393999999,0.2229670294,1.897230793,1.901917331
0.655809622,0.1657006312,0.0229084772,0.065988457,0.1272629702,0.0196750276,0.48565059,0.5007716352,0.0168545872,0.1894673414,0.0801605242,0.0663636224,0.0001576802,0.0793102358,0.0002559462,0.0139870374,0.0646451347999999,0.1855445744,0.3502093802,0.0,0.0260758314,0.619408894,0.486541395,0.1753558597999999,0.0001286358,0.2334849155999999,0.0020593,0.8221663066,0.0071497122,0.0049078006,0.1080060697999999,0.1509345302,0.4453958876
0.0,0.0003332632,0.0065537758,0.0,0.0,0.00016245,0.0,0.0039647156,0.0,0.0,0.0813193348,2.1875717082,0.0002774088,0.0013940082,0.0,0.0113703176,0.0012370332,0.0140715988,0.0004921704,0.0,0.0064979782,0.0,0.0,0.0001601948,0.000574723,0.0,0.0003581285999999,0.0,0.0002863434,0.0,0.0,0.659546334,0.0
1.0420426308,5.5518846424,0.4483673316,1.8111795972,1.1107708236,0.0640493695999999,1.0880411306,0.3547977462,0.0069179708,4.2988616106,0.9739897376000002,7.0503711868,7.24294e-05,0.093767163,1.7652154094,0.7767464934,2.174593734,1.7503469159999998,2.0473611442,5.1252411404,0.0213952526,0.5082530641999999,3.4820607612,6.770382436,4.2464948788,4.413072720600001,1.3203027998,0.6788552518000001,3.5845151886,0.0023291364,2.8689980674,1.959374875,0.5340524298
0.2850187603999999,0.0698546414,0.0586748741999999,0.112169309,0.3941224112,0.0107494884,0.7228601222,0.0095094726,0.1023840042,0.2237530578,0.6485929224,0.0375577098,0.0001165338,0.1257150471999999,0.0375608786,0.2681865062,0.1391590808,0.288828046,0.3860026486,0.0,0.0039893277999999,0.0608836712,0.3643182252,0.0063830418,0.0007882328,0.097577886,0.0187405806,0.2973210032,0.0445031412,0.1043170772,0.1807215562,0.026591988,0.0129172764
0.2104546118,1.385181135,0.0011603838,0.0531679062,0.0468199992,0.0006838112,0.1796462372,0.081327239,0.0021462954,0.842443272,0.033596618,0.7720610292,0.0,0.0954943312,0.0088602036,0.0202170357999999,0.0069854745999999,0.0139227205999999,0.1338524538,1.2560479936,0.01780731,0.013852405,0.0353313018,1.7330632496,1.3318946682,1.4037240166,0.0065219518,0.1003190083999999,0.1332685832,0.0015330708,0.1998245616,0.3573261026,0.0
0.057205356,0.0,0.0007042488,0.0,0.004556069,0.0,0.0251970958,0.0367558048,0.0007403242,0.0,0.0,0.001247435,0.0,0.000128378,0.0,0.000301802,0.0018315834,0.0038719172,0.0007895065999999,0.0,0.006174891,0.0248170834,0.0097093512,0.0,0.0,0.0,0.0007091312,0.0649301217999999,0.0004602174,3.06968e-05,0.002055363,0.0115880382,0.0
0.368653621,0.34533653,0.0060113436,0.337236585,0.0,0.001261897,0.0862712502,0.0084506182,0.0178163195999999,0.8531765520000001,0.0226439876,5.9413293444,0.0031423102,0.0254529782,0.043977369,0.0342514659999999,0.0025351878,0.0393790221999999,0.004930973,0.0,0.0005962872,0.0,0.0003056736,0.3380312179999999,0.0018477278,1.0625868879999998,0.0546843628,0.185776395,0.0756731634,0.0255013766,0.4641372824,3.2770159714,0.0
1.7652897486,2.7420516796000003,0.6224572277999999,7.9683274012,0.480606938,0.4229506226,0.5574803387999999,0.4534410809999999,0.0606344954,4.1604737894,0.9988770702,11.201567191,0.0670911008,0.391958788,1.8936941218,1.1696086768,0.7324660148,2.00233741,0.3440900021999999,4.2525216458,0.0304184817999999,0.3362431218,0.6165683248,2.9924775582,3.4085575582000005,3.942159676,1.0330849106,0.7234356728,1.9781128126,0.1291029554,5.5287003938,8.1212515236,0.2415060781999999
0.5026769341999999,10.1788069594,0.7483003194,2.7226540126,1.8803980812,0.2192686559999999,2.2823652604,1.2796131914,0.0982802116,7.544064470399999,0.4825878817999999,4.7993447636,0.0172245512,0.3522658671999999,1.379738121,0.6534425326,0.9347026483999998,0.985665258,2.7117817268,6.7329633226,0.071833891,0.9300630398,2.3288655694,9.2112868788,7.0845200866,9.6465777582,1.7088370488,1.5164166315999998,3.7205747504,0.0823480554,4.0545620966,1.402371297,0.8545878310000001
0.3995587245999999,0.0110854588,0.0793800284,0.0985942772,0.1166918362,0.0519654577999999,0.3206541611999999,0.188061201,0.0010032945999999,0.0237820094,0.098725741,0.0129970302,0.037890145,0.0364431374,0.0486564638,0.0799987104,0.1714556488,0.1875935884,0.223903732,0.036874422,0.0154132994,0.172224742,0.2473524356,0.021071227,0.0181389204,0.0002562184,0.020982119,0.3009293468,0.0568917568,0.0292992828,0.0910044998,0.1820799176,0.1614836646
1.981080972,1.0279569676,0.969799412,1.6922981628000002,1.2749011920000002,1.3643668574,1.4757793977999998,1.6239439506,0.136682827,0.9316233772,2.0211742924,0.0762960572,0.938874231,1.0573494784,1.5221619806000002,1.908092696,1.908488357,2.5109307146,1.5110810162,1.1498433046,0.342380311,2.1690656526,1.7739605758,1.2143352276,1.2054722826000002,0.6980449828,1.1034247398,1.0970319268,1.0589726752000002,0.9873981278,1.519119529,0.8518182434,2.0494751024
0.6991206435999999,0.1195009915999999,0.2150124924,0.0116708914,0.2833269816,0.045625739,0.4152973312,0.127973377,0.159518008,0.0334638488,0.3175523602,0.088627317,0.0542061469999999,0.4648539084,0.0594551618,0.1543242454,0.500622335,0.3734134984,0.8360872411999999,0.0,0.0929609468,0.0364271808,1.4395826498,0.1147117986,0.0003430628,0.0237122252,0.121804794,0.258042984,0.0115085198,0.1719272634,0.0132822447999999,0.241104878,0.1480092478
1.9581070844,0.0049277216,0.8767954716,0.0019619584,0.9047620088,0.8733981319999999,1.9250246272,0.8385721402000001,0.0733125977999999,0.0147700166,2.5389040832,0.063546483,0.1133575497999999,0.8807681133999999,0.5443054736,1.5160633394,2.5374732846,3.0828535736,1.7203558858,0.0,0.2806593618,1.5389993488,1.499560169,0.005477117,0.0014339074,0.0016193676,0.0412040387999999,1.0098879466,0.0072518618,0.4324445446,0.0276200372,1.3050068244,1.7158081138
3.83700069,1.1587034594,0.5702405814,1.4329864946000002,2.829324038,1.1858430088,4.284409635,5.1777695912,0.3002901724,1.6047322095999998,1.216373557,1.8925715642,0.11651568,3.0042998836000003,0.3184987098,1.0413534510000002,1.719943115,2.9754572366,3.4709330609999998,0.0041545748,0.994291116,3.897825424200001,3.876155942200001,1.1391647684,0.1621043954,1.3477461808000002,0.1922976748,4.192783538,0.3182005134,0.7811650112,1.0403273058,2.2428463278,3.4478180516
1.908679388,4.5915506546,2.2416554700000004,5.5642995888,0.0441735476,0.0150676087999999,0.1051317916,0.332798867,0.3427500568,6.2530258746,4.9212678584,2.690869112,0.4615999124,0.3122992839999999,2.099332757,3.171968258,2.4022599996,1.3072576132000002,0.789715619,2.6819678986,0.4237077966,0.1158217972,1.0120009238,3.639250447,3.4121684093999995,4.4055328278,3.6549386706,0.5331218246,4.815705181,0.4574966486,5.3176922214,2.663652519,0.0778956785999999
0.8327010354000001,8.148877337600002,2.007162245,11.738714343999998,0.3412391529999999,0.815647295,0.105031444,0.0765984355999999,0.9650608266,7.3566849202,1.3849869338,9.1429668744,0.250454263,0.9916598846,1.5191778364,1.1046693079999998,0.9742185642,2.4722211808,0.5640442741999999,4.3094760326,0.0235459072,0.0777751112,0.9105769006,8.1478811,6.1839578774,9.2678222634,0.841665405,0.114716942,1.8580879878,0.396506084,7.860733479799999,5.037383864800001,0.088740004
1.3443875626,0.7985941216,2.7467961324,1.8317164406,3.7163619228,2.5067447002,3.2760928352,1.609334127,0.4836765143999999,0.9400064022,3.8434534252,17.8767987476,0.2561744361999999,2.462362317,3.1647064082,3.643502349,2.2662315852,2.8069950134,3.0076434922,0.547204322,0.1784257243999999,2.8058303464,1.9719801424,0.7650791248,0.3165830554,1.1698176846,2.3165022016,2.2374503506,1.0619137512,0.7285063662,1.525966603,10.7255492824,2.7223985436
1.238388536,0.0390107736,0.2092791345999999,0.1061005927999999,0.6552543082,0.3693295968,1.0517689952,1.3667010046,0.5009099866,0.1390580104,0.117662292,2.6528412852,0.2272041783999999,1.3368286306,0.0802165414,0.0605777446,0.1031402094,0.0766964887999999,0.4298714392,0.0,0.6909531858,0.744500138,0.0832422502,0.2423085986,0.0619457426,0.0893791512,0.0519345844,1.3635134348,0.0887997442,0.6980891459999999,0.148688065,1.326041465,0.5358349555999999
2.5814085144,18.4018381624,3.7010254672,12.1226710938,1.565782759,1.6346247868,2.4092372136,1.9913609656,0.6727605472,22.0955336926,8.7149404128,15.873978789,0.518583546,1.3906042992,8.4455253948,7.650848568800001,6.525839579199999,8.9946322398,2.5311075648,5.862420057,0.1678955328,1.5405246922,3.3122992248000003,9.1789614396,6.447518629799999,17.9353675,6.7862242384,1.576102094,21.7993926824,0.3948589988,16.691602279,10.986434017,0.7641114744
0.1269178678,0.0025188618,0.1229312591999999,0.0049448836,0.1677697862,0.2499249874,0.2967557388,0.0,0.1115110803999999,0.0020999864,0.0015531922,0.1561765148,0.1105628164,0.2486463362,0.0074819788,0.0210951799999999,0.0549256874,0.0538517318,0.0707900552,0.0048796086,0.0057525395999999,0.2458856159999999,0.1237399273999999,0.0074346436,0.0051617732,0.001558776,0.0095979116,0.2425845882,0.0015708087999999,0.1020605811999999,0.0031253194,0.1900634008,0.6282108748
3.2083047974000003,3.2119105104,1.1577464368,5.8948164034,0.4753929662,0.4645114648,1.8222226272,1.8749049382000005,0.1229881982,5.3242092704,2.0627049724,8.2053121034,0.0338818292,0.5848329212,1.10256584,1.5147050874,1.557158401,2.2804549612,1.3294475664,0.178034886,1.0339487544,1.442871112,1.5311223638,1.3671176246,0.1358535276,7.596303393799999,0.7044975866,2.7775403164,3.299304601,0.2700127912,5.3496587498,3.7949296294,1.1423227596
5.5375575876,0.1891155678,5.724739273599999,5.8090571962,13.6662794918,6.1706148674,8.5883280938,3.3417143002,0.0465542026,1.1074861862,2.4160809394,11.217852614600002,0.2606665151999999,3.6043638798,3.2866498566000004,3.15443144,1.4140707473999998,2.5262809968,6.1838729608,0.0119836975999999,0.8983283778000001,4.1111388892,3.5824089048,0.2857748892,0.1894169076,0.484608489,3.1874442012000004,5.1937245462,1.5833542619999998,0.570750205,4.5663298408,8.736525055600001,3.990926194
3.2257338986,10.4722917126,4.4197562824,5.5418686114,4.4292615432,1.30930634,3.3638111306,0.6043435568000001,0.5519271193999999,13.794521845,9.890491224799998,6.1592398852,0.2792708231999999,1.4733085172,8.672516024,9.990553424400002,6.3401272288,7.7463014134,5.5653856138,1.97597378,0.1329117246,1.9823446616,3.5008309928,6.912873644799999,2.7977818772,16.4243095592,6.2170854894,2.503261661,12.4238419506,0.6689761318,8.9500258428,5.6665504346,3.2722780942
3.2016038502,0.5649621022000001,0.3378179778,0.2862731096,1.8969622512,1.3296826332,2.9370625824000003,2.4398527232,0.7204852265999999,0.5497803852,1.7710430414,5.1430218704,0.7175132574,2.4603115176,0.3638749402,1.3690482902,2.0485202236,2.2633694634,2.5143264214,0.017793957,0.7570398236,1.9213413362,2.8230544306,0.6167685063999999,0.0972580736,0.4953844954,0.0812456792,2.0175722242000003,0.0233605586,1.5574063632,0.3108193045999999,5.0506779656,1.6951794434
6.6424388018,10.710217093,2.7071663126,6.4905525774,3.603536644200001,1.8908683016,5.6579874578,0.445613846,1.6547594028,10.3644101244,14.7064708732,15.227047633000002,0.5019394322,2.6408140906,6.0167589972,11.1981965666,11.2257834614,8.844294405,4.417349797,19.4727824496,0.0753984826,2.2914337496000003,8.4341259168,7.107501331,11.0937826528,9.207724258,8.9444868094,3.947110795800001,12.5365830144,0.903351353,7.9472011134,8.936622657600001,4.4569684634
3.2672133826,2.2887118368,3.5546277822,2.6146401597999995,1.9062837568,4.835904693400001,2.5516077836,3.6731489406,1.2461058998,1.169943304,2.9942542082,3.2592113574000003,0.2110646668,4.5505962116,2.1549908374,2.5367271876,2.5568352938,3.7376992498,2.8980728696,0.0615253542,0.3202503144,2.8092343544,3.0310907096,2.2222224840000004,0.3165851927999999,1.3773013604,1.8748453386,3.0748878714,1.2400337868,1.0859984702,2.2508951572,5.6803619106,1.3474563958
1.2058656816,0.669827431,0.0322459588,3.4382880712,0.3861799186,0.0522708227999999,0.3525043896,0.0125231482,0.3326190794,2.9383044466,2.164619814,0.5780412316,2.9118277952,0.2292290506,1.960646095,2.162343747,1.0324339552,3.4008419648,1.4215468324000002,0.0028916892,2.4265212282,0.0304915394,3.5818804186,0.0496442563999999,0.0117492386,2.4349437496,0.330438835,0.318581263,2.2247611330000003,0.9303354194,4.6868383746,1.2470019374,0.0142386232
6.714228821400001,9.8809198016,1.9506344488,9.3421293708,3.3231300804,2.8682839,7.357283831799999,5.9212860362,1.3088072949999998,6.822368722199999,7.2735108188,12.3950166698,0.4866622286,3.7135842644,4.386306171399999,5.4288058152,2.900490258,4.137898699199999,5.494412301200001,0.0671487717999999,2.353802764,5.008785491599999,2.5098097174,7.720297936,0.797748953,5.3414173456,6.9751578252,5.1078607496,5.8863344168,1.9740891674,7.021678486400001,7.398838577799999,3.6326949982
4.6042453752,11.7599053486,1.6417538649999996,2.6550825202,3.2896079984,1.2079457328,1.3592944442,0.5901698882,1.8883911804,8.648994222999999,8.294443777800002,6.035081543,0.4594688224,2.2074314094000003,7.063996168200001,6.4707575902,8.0181533058,9.9442816088,4.870706091800001,0.9820574544,0.1451799588,0.7144688159999999,5.7048043242,8.8858852568,2.5902981748,5.7919733098,3.1610495556000004,1.1461919614,13.01831181,0.9558882664,6.1330568134000005,5.8539545626,0.3681208808
0.9605795934,17.152263465,6.8172475026,0.0470750012,0.7048444126000001,0.1643683338,1.483432376,0.1104070182,1.7588261606,2.9204066390000003,4.1414455116,0.7306485544,0.0301866402,0.3310279418,1.2467609166,2.7545415468,9.1617628044,4.6553190792,3.5744080966,4.2870163956,0.0957384537999999,0.4191808926,4.9764431844,8.141670636799999,2.7867805516,2.3168272462,6.8244404734,1.2085432896,5.5784549458,0.1252984002,0.2551492064,0.3741403134,0.996129337
13.0632062776,0.5309721223999999,7.428128287600001,0.2675144842,12.9026066502,2.9332639526,10.572667777,15.6662328386,0.5010887364000001,0.76496333,16.5270396468,4.3220689210000005,0.0439183212,2.1478267786,8.7834585714,12.9093619144,15.450250186400002,9.202823785,10.620500077,8.6316386678,1.7379876850000002,8.623484041400001,10.2580300582,2.6364760012,8.582155289,0.8450631057999999,9.9626154812,10.7209522676,4.3672373052,0.4520166696,1.7511629866000002,4.515308405400001,7.9141269968
1.0184553224,1.1692575652,0.4525704326,0.023202279,0.1949154466,0.1946657266,0.4666079404,1.6866485524,4.6289901528,0.3391714032,0.6493328214,8.0119609294,4.6250588548,2.1663786812000003,0.183983702,0.4701770722,0.6453261859999999,0.5678239270000001,0.1105672536,0.6631074536,4.5323437808,1.4456872498,0.1623375819999999,1.34569905,1.3973458516,0.3826974692,0.1517014668,1.3131422982,0.1170611517999999,3.9430005176,0.1151544604,3.3457612990000003,1.1484482135999998
3.2780595128,2.2025824936000005,1.1227226104,3.9019729586,1.6180904192,2.138643892,1.928008616,3.7677414704,2.751371547,2.3563400273999995,5.905555574799999,1.2659322918,9.751542617,1.9275359488,7.1884754286,5.5866778268,1.6563997314,4.448703858,1.9476338936,0.0040924448,5.0519867210000005,4.2626761636,2.5396044006,1.3775528564,0.4965468119999999,0.69908117,2.0786406996,4.003348369799999,1.1326281764,6.5718694708,3.3054278778,2.996038102,4.3885650436
11.492364272,12.7430927404,2.9369925368,19.1689349302,10.0279474824,1.0204605748,4.446607526399999,1.1652966146,3.4627039536,17.658483671,23.5870689732,7.014890679600001,2.2973618712,3.7292895482,19.003979670200003,21.7540724606,18.0722552254,24.1496054396,11.263810128999998,15.4970374668,5.4205657804,0.8252029804,13.631256232199998,12.8766790014,28.636810011600005,7.8563746316,13.2396563948,5.704403392800001,23.5453919054,5.0719105306,18.313500622,8.099827905,1.2843184974
5.4033634492,9.7146254632,2.1715841336,5.6958099122,4.9062629896,1.4636643338,4.5570956924,3.1281728396,1.2075122962,6.82678153,2.2190808502,26.527052616,4.1593092888,1.6783880134,1.3476912074,1.7476965971999998,1.5151469698,3.1259359832,6.8157831118,3.8758786932,7.664701035599999,3.6492847852,6.5855207804,10.2828362936,4.084194726200001,11.8799225184,0.2606170068,3.0100177846,1.7601707496,5.5814895822,4.0512421558,17.05045943,4.000473539
4.1154205976,11.3482509808,5.3389327694,11.7312526006,6.8269188336,4.0084709174,4.7357541832,1.042910248,5.293364892,14.3966970288,10.212688752,3.251374707,0.9582433194,5.4786587006,2.6595595722,5.3452479034,12.8950119488,4.5257463736,6.635673378999999,8.0023666224,0.7784403388000001,2.6163586982,9.108992147,9.0361056612,6.5866277896,4.7483646068,4.3225368266,4.002261266,5.33990649,2.8259814954,16.661922272600002,2.886237034,3.2601148524
7.296926855199999,3.4069707262,11.3024862962,0.7180262528,18.3319072112,3.6371003958,12.0047607884,6.339403408,4.6459796936,3.4234370002000007,17.5735794526,2.4232222888,3.4069258148,6.320044632,6.528435593999999,14.4298070278,13.899344196,8.670681204000001,15.4157902786,4.75916303,3.1591475136,6.1357105476,14.9138962036,7.525712026799999,7.6781382032,4.291591655,14.181581565399998,11.7735628022,3.690189288800001,5.999019951399999,1.4765128196,2.27250275,10.177746385
12.4072451276,15.4511972818,0.238968937,4.518322563,0.289186738,0.152470312,2.0529920196,1.6397005716,3.5054017406,15.1670403422,4.7100190524,0.9034485264,3.123844459,2.613583354,2.199062147,2.877814754,3.3634469260000004,7.5263524184,1.8062813246,44.9778750704,5.055606899199999,0.6128997734,3.2018812814,5.812630583,20.2255432722,19.6196095352,0.7302877846,7.7404173742,7.4213092077999985,4.8608881598,6.598100955,2.2250889888,0.2607130643999999
1.0620916394,0.2748617106,6.9464395708,2.9048495632,14.2416908236,14.2443814788,6.736253498799999,11.5797865362,4.5643954878,0.8045130761999999,6.596336808399999,0.999736975,7.2397484214,12.141940437,7.026450522199999,8.063038088999999,10.5576981286,8.362095282199999,10.5154554068,1.1012662324,2.5999556818,7.3909542876,13.2808656242,1.069767766,1.141591077,1.0466828546,5.1313016646,4.3323806598,5.0345665962,5.83992999,5.1702147128,1.8633978954,6.05432566
8.1220881368,12.880392307,0.9678832982,1.10669901,3.7246429418,0.9644775278,3.6173664158,3.0318258342,0.9737236198,8.4910840596,2.1392521622,7.7423263272,2.6574056998,0.9186740414,1.4189399194,1.9227119214,2.0035538374,3.0986065972,2.5005123138,24.1356542546,3.0640818538000003,3.0930626506,3.4940371086,14.6433910626,24.3796394082,15.114131439,1.1072401374,6.0913144752,7.424141954199999,0.9856492828,3.0031148458,5.475620057,2.6107054038
7.069476524,12.526630466,2.6107279566,13.411692273,21.698761433,4.0514099238,9.965386776,4.950140312799999,2.6669759652,12.859229438399998,3.1849680806,10.4235713118,4.94614466,4.1339717626,7.519558074400001,5.256054628799999,4.6875209976,7.1037617838000005,13.5876764954,5.052682336,4.3028210856,5.092823431,11.6878970098,7.4185903962,4.1778643882,12.0432780794,3.2133029568,3.2120458476,7.751950755600001,5.2211339442,14.2585259516,6.697409265999999,9.721876216199998
7.9895121796,14.483637688600002,13.2696077564,5.3228860656000005,21.8850787732,19.4626933748,15.3143044774,16.6467687858,3.2703696838,7.7482236902,4.9754465982,6.3306319992,5.0224515752,6.515023438599999,9.4083928274,19.289583459,4.3219751694,10.2199092334,5.3795327238,6.759440752400001,9.201618336,30.6428439472,1.8571692488,5.1081494124,4.449390272,9.1529472758,7.067168408400001,18.6169800716,5.296427378600001,5.5686549732,6.2985878092,4.079660256,22.6893320528
9.6804509176,1.6091757594,3.4383592393999995,4.321255921400001,6.373787646399999,5.6752102212,8.4918543258,10.265745737,4.5175645388,0.6463663944,2.886721295,3.3049165468,5.750426087,3.2985419574,3.8670327178,4.3625295824,2.815073111,4.893365353999999,4.4502271496,0.2235237977999999,10.2532288814,6.7091029592,2.329833528,1.0582661038,0.4922408425999999,0.6548980806,2.0247613134,7.7497422316,2.9306836338,5.3987827494000005,5.7917718264,4.478393324200001,2.9773077612
5.343512281200001,4.0617962052,3.2802114716,1.0080583634,2.8505063614,5.6965089852,6.676318309,6.2908395162,3.410816247600001,3.1129407492,8.3020421486,4.7305865332,7.628860005999999,5.8160029366,1.8551830154,8.1237879698,6.4362835392,3.1444428948,6.1798440186,1.5179084392,7.744059466599999,8.098983285,4.4637069414,1.1417106724,0.4461910714,5.5416161692,5.9041909226,4.609723596,0.8995533612,5.1052597588,1.2643953912,3.7544428194,6.8447722806
3.514060938,4.6889282914,3.8090098618,1.1224981669999998,0.9104966268,9.3101271508,0.7641236892000001,1.4181885868,4.5300757584,3.0332251678,4.6208364908,6.5795899214,3.7244568054,8.7221939324,4.376753734199999,11.4167684484,4.481361271,10.1975240688,1.729941594,2.7899992206,6.8188838578,2.7431288338,2.3352457796,3.5366775436,3.5865631568,4.4739657604000005,1.5902397424,1.1789353072000002,0.7210944808,4.7569049842,3.5714867094,4.201005918,1.159481265
1.520297618,2.5009919848,0.6736919,0.3566354753999999,0.9074504832,0.1385260508,1.5783645808,1.5784882404,4.782031007800001,0.6862853948000001,1.1437918928,2.1445325944,2.7883943264,5.536709138000001,0.2789375784,0.8803488554000001,1.3339243192,0.7654350012,1.7821585126,1.5845237804,5.3127519838,0.4016820952,1.9600544066,3.3659724006,5.255332317,1.2462138976,1.0877873358,1.6024401478,0.2723691094,5.316423121800001,0.5618968322000001,1.8374914668,3.1457402598
4.643066790800001,9.4896410802,4.413731890599999,5.0255470414,2.4183326504,5.696283975199999,5.5693864188,12.4375355998,1.4457750256000002,4.717798220400001,3.7704948452,7.413275678800001,9.3029100326,5.0728510414,2.5863375628,2.4638552066,6.6951428266,2.8625003424,4.9947181152,6.7902401852,8.7067496804,7.406699845,4.4612887544,5.526862416,9.0589901832,6.951206449999999,7.0685302732,3.8445587834,6.2610960542,6.3327709654,4.2086385746,4.8147065002,4.1882555378
7.004549849599999,10.6000230556,9.9376077034,5.146678099400001,8.9995693764,7.4761236946,4.4540426806,1.9391430536,3.2074669736000003,6.1292228156,21.1883857066,7.6079256172,6.2162352944000006,6.1113072848000005,19.2134965402,20.5137423496,14.4074917382,17.6797501446,9.0521455212,14.509090206600002,3.6549438728,5.009835902800001,8.0489162762,7.531722425,9.3942889202,13.249603041,16.2771497336,3.0772070756,10.7835184014,6.9015990578,4.3564656646,7.985213380200001,6.562620904400001
0.1125158502,1.6758334988,0.6096052618,0.2830568928,0.4686364366,0.556509594,0.5022223746,2.3846847714,1.9190946388,2.5102780034000003,0.0,0.7722308798,6.6493468448,2.5368517174000003,0.0110397056,0.0892058462,0.0034545218,0.024979702,0.1122807892,0.0095370532,1.7041765106,1.9415657752,0.0143312651999999,3.7730840688,0.4436147266,1.7536489269999995,0.0165220744,1.8232335202,0.0697440534,4.0737892114,0.5239211156,1.3341360968,0.2856583842
0.3079229098,0.734588124,0.2887338493999999,0.1390068728,0.2297760911999999,0.1585495623999999,0.0161896876,0.0023456784,2.5954597868,1.2300175876,0.1502656934,2.1590060442000003,0.3036033158,0.9509999634,0.17896682,0.7732977554,0.0325302958,0.0517600904,0.0050601262,0.0044857788,1.5202558092,0.0144847027999999,0.0215630716,1.4925632294,0.8040625892,0.1993454336,0.0210983259999999,0.0667637484,0.6243129074,0.8371519934,0.1467750971999999,1.5147994498,0.0478355214
5.011238690200001,7.2455034568,10.946490838,4.6991068764,20.487970887800003,10.4692675414,9.7853659184,2.568637709,1.884705772,9.0959162916,15.1276755228,5.018360200799999,4.8261866494,8.901416487999999,9.0948378364,12.2753052558,9.012472781,10.179611012600002,14.1634928518,13.65732494,4.5120483608,4.7050149228,13.4124639208,8.9820330676,6.9479690748,4.840394386,7.9324362848,5.6395036312,9.5987831696,5.5381620952,4.870295109200001,4.5279442024,9.1221318326
0.0306820935999999,0.9921583106,2.5807899354,0.0627937022,0.0223561008,1.3590789834,0.006726139,0.0217342944,1.6702503270000002,0.2986926764,0.8366956141999999,8.6281281682,0.8572333046,2.1999196586,1.0111349586,0.5403806908,1.5448537926,0.0241793189999999,0.0292428556,0.8940265784000001,0.137852887,0.009961919,0.0341212488,3.0006292872,1.8626037374,0.5142089208,4.1917933856,0.0694745148,0.1287731394,1.4225736426000002,0.4839691728,2.4349281406,0.0
12.347361050999998,13.9740580154,8.278889213,5.7819266992000005,18.2816323582,3.089458915,14.858039278,4.809232641,2.9849370748,6.704346319600001,46.1109174114,1.3706413298000002,1.5021137214,5.4706934204,16.254683972800002,30.8793852326,32.7040925198,31.0964786474,13.7022445682,7.818719408600001,2.6224941412,6.1535564244,21.5216699288,12.613476462,9.6148567904,2.8347905946000003,17.190786298400003,8.426799302,16.3614558096,3.9625691564,6.410163336799999,4.112588326399999,6.406691229400001
1.6882919894,0.0695895783999999,5.7446378076,0.3689435892,3.8400714042000006,0.9389118654,3.5972163518,1.2502986538,2.0437393228,0.0258737724,9.6935329504,1.2350025518,1.6062812776000002,3.3960343518,1.1408428994,3.7435233804,12.3214166874,2.0334984534,4.9609586894,0.3443829924,1.2157146546,2.317498135,8.8636191078,0.2108719062,0.2470329048,0.0027872662,10.6107150714,1.6464412614,0.8059347464,2.2819241566,0.2598080111999999,0.3489732317999999,3.705039144
3.3842448152,2.4078163888,2.5351918230000003,2.283672018,2.5357415726,0.3058335618,2.5770464994,0.742246628,1.2703317742,1.5155597264,19.1087856712,0.7521543470000001,1.0698788402,2.4930404502,7.309044303199999,11.9848378314,14.0909293186,11.6046067602,5.3675690272,1.9991769856,0.5520069726,0.6876096498,7.8134879114,4.2243860718,4.0107481656,0.759461745,11.433870766,0.6781357876,7.2359318544,1.0541337936,3.5058580146,2.3621460498,0.6832185882
7.6903123088,2.3207989436,5.5492630688,1.3175436306,13.8576751274,4.3839172272,11.722092592,4.9427828266,3.7013594194,1.7325383676,14.393148649199995,1.034319068,3.3245540747999995,4.4414645322,4.946135979799999,10.5329858914,9.9713248414,8.9089569954,11.6801311066,1.7485084908,3.8003500868,7.4984414398,9.3280544414,2.7316777812,2.092305551,1.7202919750000003,6.0678731536,7.4131247914,1.8039474542,4.246600577600001,2.1405341502,1.3920039228,9.5208381562
2.7042349568,0.1081198776,2.8273734486,0.063961619,2.4746308936,3.7846307218,3.9557342698,5.1951967208,1.5325159728000002,0.123128953,1.116404587,1.3734795666,4.0360197634,3.4657906016,0.3065873013999999,0.9125078486,1.1199773956,1.049386807,2.1747738560000003,0.0094981494,6.1177111134,6.817402080400001,1.1376963546,0.1049637558,0.0313047062,0.0616642483999999,0.8414916231999999,4.3940937454,0.0866643228,4.2558738446,0.0938954782,1.0523796532,8.5691196684
0.4628480024,0.0041756798,1.8160265804,0.013917286,0.0,0.6707599258,0.0181770928,0.1769821194,0.5555099492,0.0027600956,0.894253256,0.0120422284,0.0387153411999999,0.8143845578000001,0.0178410931999999,0.223377606,0.076180813,0.0050436572,0.0009391047999999,0.0350429886,1.4746359214,0.1773904288,0.0,0.004180492,0.0050278736,0.0024032304,1.9634083224,0.3253511636,0.0020552452,1.0998385382,0.001256199,0.153881913,0.0590892516
0.342804801,0.5424580562,1.6698915016,0.0840757957999999,1.4041948298000002,0.4641147317999999,1.235725168,0.5508778082,0.5716161802,0.2926789518,5.4912411058,4.2767915704,0.0742386718,0.8185118912,0.8982116738,3.271922861,5.5791191636,2.0573581776000003,1.3766120736,2.1882797326,0.0514957589999999,1.0613481124,2.1412671588,0.8303291798,1.4714311754,0.485109396,4.1047044926,0.5782720468,0.7321209502,0.3188606514,0.1842631176,2.1633923974,1.1797053547999998
5.8117435330000005,0.0025171126,1.2391982994,3.7879029186,10.9439216156,3.1492416598,8.864482272,2.39289598,0.3096349876,0.1195596334,5.9228329524,3.005196656,1.227571052,1.8315227118,3.0362081394,5.031417972600001,5.984059403400001,8.3188868252,8.53535562,0.0,1.2238658806,5.095568768000001,6.9310330350000005,0.005839268,0.0058205522,0.0076269826,0.2566983942,2.6142794258,0.0184319652,1.3579455978,1.100237197,6.4515002882,6.5791447292
0.4805845342,0.2728363606,0.1073838252,0.0,0.3047009103999999,0.2607980484,0.101077434,0.4666855004,0.0413473334,0.0284294983999999,0.0,0.0040692342,0.0266014024,0.3863858947999999,0.0087094076,0.0084101526,0.0003228574,0.0035315902,0.0480418061999999,0.0,0.2244194512,0.178484739,0.0034618006,0.0179221506,0.0,0.034891322,0.01180165,0.1479502914,0.0073911286,0.1637706484,0.0013045696,0.0254532702,0.043799694
1.3690770182,3.2555224136,1.0816139754,3.4072832412,3.217875529,0.1218808972,1.4401139736000002,0.03422301,0.2592348484,3.5260692232000004,16.2192365172,1.4408643352,0.0741310032,0.7098838587999999,5.4200681262,9.622723687,9.9972373588,9.3193390338,4.4662006586,2.8606913864,0.2510579352,0.3044169764,5.6303528936,3.1044929622,2.3198708072,1.5763421742,4.9265784314,0.1396836464,7.393993397,0.4559069851999999,5.306485908,2.6911716658,0.4196742664
3.8582759072,3.8784221608,1.7736698722,5.0016699272,2.2594814174,3.5280499176,1.5203970612,0.9731367626,0.0191516846,5.2183311686,5.2860021612,12.7129603066,0.0065885228,1.8646892318,2.1258980936,3.6380424176,2.7406585734,2.395576344,1.5802151286,1.2110566702,0.1407548649999999,1.7915797378,1.8922750806,3.3886574618,1.4820428386,5.1258940752,1.3816276922,1.0330721402,3.6240909064,0.0559319801999999,6.1377219842,10.674888291,1.1989229964
0.5361080248000001,1.5640972158,0.4535319532,0.593486938,2.3495230304,0.2966311454,1.3176074922,1.2881104184,7.16788e-05,1.0241766024,0.6393789808,1.5909779242000002,0.124262822,0.1916482061999999,0.4022928001999999,0.4856578886,0.510025859,0.6971008992000001,0.9126386596,0.86241057,0.259973102,0.9923281796,0.7862127913999999,1.4839784245999998,1.150779567,1.0816971694,0.1117397919999999,0.931009422,0.9327160148,0.0017716176,0.67280812,1.8744410932,0.5398464336
0.0962537624,0.0,0.0001726448,0.0,0.0,0.0041728044,0.0248746876,0.6770656774,0.0069922449999999,0.0,0.0,0.0010341834,2.1301337244,0.0663727136,0.0,0.0,0.0002294832,0.0003926612,0.0024868104,0.0,1.1795295728,0.0958834785999999,0.0024966032,0.0001903998,0.0,0.0,2.75184e-05,0.2681656462,0.0,0.4988349597999999,0.0,4.39704e-05,0.0
0.7185664798,0.012835728,0.5221052888,0.8589018614,0.2105437027999999,0.0868844903999999,0.1791210084,0.3630818381999999,4.92806e-05,0.2143974964,2.7325054406,0.0069383134,0.0252160824,0.067380152,1.3999869076,1.805975124,2.197722278,1.7172297172,0.4035515671999999,0.0020774888,0.049919989,0.3410057273999999,0.7020209318,0.0315174346,0.0392563504,0.0011645094,0.6441930858000001,0.1892704296,0.7890277672,0.0954358054,0.9172966108,0.174847435,0.1179751546
0.3868801992,0.0163384946,0.2544816276,0.0120252687999999,2.1461766432,0.2949259988,1.1673331444,0.190524695,0.1168702037999999,0.0008605348,0.3792839668,0.0965221644,0.0033922848,0.1554167244,0.0984901796,0.2274354853999999,0.2861696612,0.3448833437999999,0.9972004334,0.0,0.0148678216,1.0507016954,0.5651558162000001,0.0070462953999999,0.0006662404,0.0,0.148695013,0.8369271846,0.0,0.118686836,0.0025632434,0.3106462614,1.748735619
0.132181271,0.0003557996,0.0010261904,0.0,0.0458355398,0.0504826789999999,0.3956258132,0.093666355,0.0106976684,0.0002625236,0.0,1.3256016412,0.0858083148,0.065396944,0.0,0.0002083764,0.0001190115999999,0.0001864334,0.0288297613999999,0.0,0.0235566145999999,0.2209769479999999,0.0002553608,0.0043370857999999,0.0,0.0,0.0,0.13155252,0.0,0.052372801,0.0,0.9942923142,0.4588433238
0.149487031,4.5765941108,0.328450943,3.9252346754,0.1145038019999999,0.0201378986,0.1805158118,0.017873749,0.012543291,3.6104606216,1.373732749,1.0662191844,0.9752562406,0.0072525604,1.8417306492,1.2822643619999998,1.3091132628,2.1437368496,0.3865905368,3.7012426248,0.3374005216,0.0189716958,1.0711612524,3.8509519366,3.035488155,3.3053779907999994,2.4347255838,0.027907366,3.5867156116,0.1001559706,4.21357853,0.988002402,0.00607143
1.0531585718,5.0091108562,0.0772212042,1.1506768222,0.2765793808,0.0006771514,0.9804071068,0.0810661051999999,0.2261666526,4.5321797996,5.719140662599999,1.7821440284,0.6156978611999999,0.0003607378,6.6010078362,5.3251500728,2.3720394212,7.446312259,0.7556522784,7.4145621758,1.113224203,0.0349439442,1.7176680844,4.2028155096,5.1494302442,4.629686464800001,1.8654373704,0.4513607636,6.906352546000001,0.0600673795999999,3.4731853718000005,1.3816486392,0.021489063
0.14084263,1.4042771092000002,0.0051784934,0.097233597,0.0027685462,0.0044983616,0.0870177514,0.020375516,4.5694e-05,0.5745071026,0.0535500078,1.0976453572,0.0,0.0003146434,0.0003525484,0.0126942817999999,0.0019993598,0.0179735982,0.0056641634,1.6409242716,0.0063781588,0.1092211569999999,0.0,2.3159824604,2.2788812012,0.8254251622,0.0022586572,0.2171794794,0.1345435608,0.001384495,0.2272804818,0.5422392654,0.137710688
0.022245846,0.0,0.0,0.0,0.0,0.0003715984,0.0006568258,0.036846507,0.0027145166,0.0036601442,0.0439108394,0.0010677722,0.0077731192,2.51404e-05,0.0,0.0064123608,0.0,0.0065341734,0.0013213336,0.0,0.0517595607999999,0.0003270722,0.0,0.0,0.0005608968,0.0,0.0,0.0406429084,0.0,0.0130414794,0.0,0.0001949946,0.0
0.972149446,0.261470003,0.2329358824,0.8952002961999999,0.2029849282,0.0203581024,0.8634808264,0.2342332027999999,0.0,0.4826693252,1.0478710491999998,0.0341503958,0.0,0.0014225504,0.2093908981999999,0.247488595,1.2516216082,0.957113965,0.6372684314000001,0.3560387328,0.0155132178,0.3914016284,1.1701264647999998,0.2442738057999999,0.3311658628,0.2535782528,0.1540562446,0.5030430284,0.4164795564,0.0027347204,0.8917383642000001,0.8163357742,0.454630229
1.4818289446,1.6165500152,0.031036482,1.5793155216,0.1063477548,0.0015965379999999,0.2243070868,0.0534268824,0.0102509016,2.2559527804000004,1.6064354094000002,1.0901572848,0.0356011016,0.1151062787999999,1.8940848568,2.1203397492,0.5297531118000001,1.640972849,0.1739522537999999,1.113134758,0.1606812202,0.0262896493999999,0.457562911,1.3093900974,1.373871167,2.3088547398,0.4604159524,0.3542295222,1.8782530328,0.1707327322,1.8537907556,3.1630359724,0.0
1.1180459539999998,0.0372534936,0.039295116,0.0160835318,0.3017988997999999,0.0074891003999999,0.212882996,0.144188088,0.0,0.0551697008,0.2528474792,2.1597614372,0.000267585,0.0509435864,0.234566885,0.2329057292,0.072173772,0.3379928908,0.2786692136,0.0,0.0217502934,0.1418542464,0.1221983875999999,0.012546715,0.0124713472,0.0209516514,0.0498115722,0.2751334906,0.0545203071999999,0.0,0.0130331296,3.9075492684,0.0
0.2847348932,0.0553423946,0.9951710172,0.6526290482,0.4319250148,0.0032319392,0.1321493236,0.0,0.0065234774,0.2079128589999999,1.378753177,0.059543241,0.002918082,0.034841699,1.8767212862,1.5907538312,1.6419571618,2.1746503124,0.8438637377999999,0.041276384,0.1266923341999999,0.0175946012,0.5018033049999999,0.0985746432,0.0365691476,0.0404985303999999,1.3277460132,0.0029055706,1.6662438746,0.0121917606,0.6708384308,0.7168248316000001,0.0024019236
1.94699561,7.1873152554,1.1865905827999998,10.4742433442,1.8104644238,2.159148369,2.5620242372,1.2036046286,0.0935886022,8.400757539199999,5.6238216388,4.2772745836,0.0460770946,0.6281397122,5.867115607600001,6.3233173808,3.568950265,6.0666492668,2.1872476378,6.0830867008,0.3401867511999999,1.8518410276,2.4719620718,6.877736533399999,7.2038494728,7.275370722000001,1.927267506,0.4820533001999999,7.6114771766,0.0411506584,8.938365044200001,7.883397400600001,1.3565677336
1.5731177288,0.0398474465999999,0.5804267442,0.1282609166,1.7932963048,1.8351064786,1.5821744268,2.4485531782,0.0337956594,0.3276499006,0.1662493216,2.8947526576,0.0699399122,0.6064997529999999,0.0744592174,0.0285034614,0.3815711123999999,0.4357000701999999,1.5930618116,0.0,1.1688853302,2.6854398484,0.6430904630000001,0.1319936936,0.0,0.0852537667999999,0.0677306699999999,1.6856271934000002,0.0574915623999999,0.1938851763999999,0.3330426714,2.954053073,2.8886694334
0.2289828394,2.3242821264,0.0112981608,1.7088142746,0.0213051378,0.0007553041999999,0.2605823034,0.06660604,0.0463924062,3.0808061234,0.181625022,4.310600088599999,0.0336196828,0.0643963478,0.1156795998,0.0491296353999999,0.0364321472,0.0779367118,0.019040123,1.7342064497999998,0.4627766746,0.1051892612,0.01710268,2.6250870366,3.3603340556,3.4469261490000003,0.2348549726,0.3500167266,1.1899366486,0.0029792012,1.761320694,2.5704344892,0.0703423388
2.269254197,15.653975341,0.3715149647999999,15.267454199399998,0.5325558424,0.3086682998,0.8773822958,1.173617248,0.36911313,14.5376086908,2.9267952276,9.3552611446,0.1930525312,0.2261907316,7.176300369000001,4.132065149400001,1.8669507498,6.149490149,0.9000910432,6.3831907634,0.3665250066,2.1197054728,1.2903470232,13.9025552738,8.6799349204,16.2379753584,1.8662470938,1.1534340378,9.3776100932,0.1073964849999999,14.2515442524,7.526576691200001,1.827514811
0.3421014074,0.6420777176,0.0850376782,1.0137476192,0.3630669032,0.0384945694,0.9368594982,0.4650835595999999,0.1059684356,1.3768630932,0.5898715854,6.873634611200001,0.113794118,0.118216466,0.4419453049999999,1.0396256736,0.1247525907999999,0.6810694918,0.1282477144,0.0,0.0597083685999999,0.6740043526,0.0360158421999999,0.5343930338,0.0004026838,1.4067247986,0.1377291808,1.0988089576,0.458860202,0.1254167048,1.0631384272,3.305490445,1.2849783446
1.073814565,0.8677137368000001,0.117707249,3.11210563,0.1404582914,0.0473407328,0.0667341474,0.0155509318,0.0063357872,2.7293238652,0.8745554773999998,1.4483077666,0.0427670609999999,0.3225229142,0.2571702928,0.3709859606,0.9057268266,1.287978383,0.7477706384,0.7093150984000001,0.0103599176,0.0096838634,2.1113058136,0.8874262148,0.6678477962,1.7545897156000003,0.2341216837999999,0.0302446434,1.0767726302,0.112004488,3.1783385280000003,1.6924102963999998,0.0
0.030406103,4.4582199356,0.0652926249999999,2.6184683554,0.0,0.0006832134,0.0129943154,0.0,0.0050480616,2.7451419002,0.112442814,0.2562127882,0.1153297574,0.0312536977999999,0.6027019903999999,0.0794683128,0.0306831272,0.1548158462,0.0158233658,6.6826376296,0.0012370833999999,0.0002674232,0.0002148278,4.1374729728,5.4259803626,1.3190320452,0.7308708464,0.0002360378,4.188099672400001,0.0657332876,2.5193629658,0.1662238996,0.0
0.4256847256,11.5827694812,0.7510742836000001,8.4002206414,1.1244219518,0.4807889028,1.8009941498,0.6443179338,0.4063798390000001,9.6210466166,4.2091514698,10.2274930824,1.3498550062,0.8209512484000001,3.8391886474,2.838073466,1.2522361868,2.4716870394,0.930890585,6.1660902244,0.2488041012,1.490820331,0.259118594,11.5685351774,7.195092922400001,9.9918492696,2.3770819736,1.339121531,6.3302184804,0.5490340382000001,8.6328693926,2.3832273028,2.1855713144
0.321537435,1.6102357185999998,0.3844953482,1.113412195,0.1924663656,0.3917795988,0.3842721516,0.2415192442,0.2685843382,2.6023555624,0.1125322194,6.496052199599999,0.0345602006,0.6725513956,0.036392203,0.0228855507999999,0.1390184332,0.2954631916,0.4479139896,4.5880580514,0.0461293826,0.1853945619999999,0.3698249714,1.9001905886,2.3314824474,3.7839396588,0.2106110521999999,0.5529163766,0.1810720308,0.2046063701999999,1.3319628095999998,2.9752001326,0.6197951016000001
0.379674285,3.9399878518,0.083626924,1.2329463876,0.1808467332,0.0628797844,0.8694088625999999,1.1801888028,0.0695456372,2.5088172779999995,0.0781784802,1.9691340994,0.0600391448,0.184601671,0.0115932434,0.022922859,0.2649279838,0.2314127074,0.4955014244,0.7028833476,0.0636862638,0.4957374684,0.7395122462,3.4118916816,1.1191780701999998,3.495085130400001,0.0513180301999999,0.8023215407999998,0.3133168672,0.0728894548,1.5762527124,0.4444425199999999,0.1003074348
0.3847973686,0.0169639592,0.4407871364,0.0,0.0992982854,0.0542938754,0.624695392,1.1812115548000002,0.0752208148,0.0004549715999999,0.2501021604,3.361758140800001,0.0088625668,0.5200338402,0.0182736344,0.0929978786,0.2527369888,0.0908603208,0.152464941,0.0,0.141409708,0.9796238802,0.1050611284,0.0513990322,0.0061961733999999,0.0004825752,0.1345495446,1.1027211006,7.81936e-05,0.0987056778,0.0003171348,1.9997828804,0.7213213216
0.7718022026,0.0746929542,0.7543002656000001,0.024616865,0.4436355508,0.0827647418,0.0836548952,0.0055472108,0.2140085742,0.0533403186,0.2818097177999999,3.5548998094,0.0896673492,0.5495296434,0.0804732838,0.1319332456,0.3373611708,0.3037521286,0.1610971712,0.1561613062,0.0100807546,0.0127452084,0.1018645188,0.048185507,0.1346707822,0.0408289688,0.2357705177999999,0.3925546452,0.0039380512,0.2828182302,0.0727138329999999,3.071880094,0.0
0.7484069404,1.681717826,1.4119036464,3.6411197212,1.3988710266,0.5634663998,1.5513912345999998,0.6636426594,0.0571658402,3.147342441,2.0558540816,3.4707174368,0.0524580523999999,0.7555692612,1.9002758828,2.6335178888,1.7171822276,2.6451981488,1.3043661824,0.0082185585999999,0.0717289508,0.8058680764,1.5212305242,1.0441830202,0.1867629303999999,2.0799942692,1.9486311944,0.8138188012,2.1652624332,0.0929243263999999,3.5745682884,1.8619097894,0.6541077516
2.2169107768000003,4.8831036526,1.7596512862,6.4403005904,0.399034996,1.6880986482,0.3988553153999999,1.17114639,0.6746921344,9.6113386768,7.564928756200001,2.1653269428,0.2114513699999999,1.6519494628,8.175488118599999,7.0810447032,5.6347386984000005,9.9568922938,0.4338889426,13.7619059814,0.3945136874,1.0418046662,2.3308456402,5.1060629616,7.700999668,5.8049373782,5.1748567822,0.480777276,11.0289337874,0.6720226288,10.1998475604,3.2773303147999995,0.7110089952
2.6295971008000003,5.973939501399999,0.2465520632,9.5432042212,1.1717168486,0.8991313169999999,0.9366135602,1.3159346348,0.1533895992,7.080602316399999,2.9791160594,8.700027068599999,0.5287127426,0.7980618697999999,0.9590632838000002,1.1683888726,1.2177955374,2.6858767492,1.2556301136,1.262488011,0.7660674774,0.5437343292000001,2.050958573,4.9530566078,1.9707686556,8.630575413599999,0.382501423,0.7587728308,3.1712261522,0.5656446922,6.742779061799999,5.1181870402000005,0.4726369681999999
6.335852001,9.1895956898,4.245837556,10.7778450062,11.3706966136,7.066783178200001,13.1108825548,3.0406707424,0.3400370214,11.0816955324,6.4192293678,25.99269947,1.2180149554,3.5675177776,4.1136905462,4.587968514,7.458081077599999,8.376683746000001,11.307731326,2.5833424732,0.2829453698,9.4579058076,10.2771881468,6.0344924814,4.2213322442,13.8429573388,5.177082198,5.0582427486,5.0867898064,1.2327567764,10.4100009114,14.118501277000002,12.7892469122
1.2358890762,1.1007904198,2.0583006188,0.2824761952,2.9191820218,4.0867522986,2.8443837118,3.0943987458000004,0.7600176324,0.2614122446,0.5854012550000001,5.29031355,2.2303181094,3.2348893452,0.2956005022,0.3130385296,1.1468820658,1.1127555868,1.8853676494,1.6423503840000002,0.324857346,5.4488746626,1.9708593842,2.0916089976000003,2.389310887,0.8208110778,0.372134981,2.3766795372,0.2802019984,1.692239292,0.2108026102,5.6516600494,6.1258185388
1.6120571814000002,2.6668057836,0.3816391924,6.1928428084,1.325028293,0.0602695506,0.637061071,0.0,0.138305031,4.3586830044,0.2602249578,6.005870549,0.104785083,0.2179105828,0.4411985009999999,0.2291183336,0.7993879549999999,0.9107359744,1.9534629628,0.7423558591999999,0.0019500516,0.0032519517999999,2.1802811274,2.2829001446,0.8781735065999999,6.1313666794,1.8132536618,0.4656085966,0.3875801256,0.0971668372,4.293188666800001,3.5893462546,0.0122161389999999
9.6679944956,11.4192266848,7.167841361400001,7.036755821599999,10.9382889822,10.1243519508,11.2187200038,3.7073644634,1.1440192746,9.3645567404,4.4747826242,16.5795576764,0.6571298999999999,5.006081543800001,4.3612830308,4.5948088024,8.4923087082,7.3411593728,9.7242425552,3.4759615934,1.5528503896,9.591223322,8.5790786672,9.7150602954,7.0001379140000015,8.6502937206,3.8220896518,8.975374690999999,9.5635448322,1.5577565838000005,10.489154878,13.1557429572,12.115761462
3.8983889932,0.4931064893999999,2.0014085928,1.6923852642,5.954588628000001,2.8488106592,6.8189560106,3.8756458734,1.14623835,0.8066688936,2.7567025006,10.1329800442,1.7270640026,4.5609542204,0.5551125526,1.5429763348,2.3902666904,2.5010761402,4.5601932232,0.210674426,1.5472805666,4.7940972432,3.6785399178,0.9819556944,0.1160261097999999,0.5001890151999999,0.1791908412,3.8182498368,0.1773312576,3.2400020968,1.2746627404,5.6294668976,6.6512649768
8.825091512,7.3776321368,5.0302090552,8.391647032,5.764561046799999,3.4731078806,10.7254877538,9.7848397764,0.6097392656,10.2242557476,5.9588976416,17.0826596812,0.5897570736000001,2.2085234036,4.1693108684,4.708149254,5.1278893906,6.2511397176,6.3733702652,1.5495104848,1.4271681344,10.750648245,9.586743998,6.094584601,2.8391064698,9.6333176832,5.97850344,8.639600705000001,7.189868044799999,0.6697252056,11.5894932678,12.2939514364,9.1168427274
4.0105399202,9.9758323972,1.468569659,15.4991997226,1.3585956116,2.097383519,1.7107522952,2.3626559868,1.5194093708,8.771434696,3.9657811594,14.0221173196,1.620421991,3.4978903290000005,4.664127210399999,4.4732972536,1.9337099476,4.4905659222,1.9883934896,3.5248634792000004,1.1657266474,2.7035787208000004,1.9183217648,6.8825160328,4.6376392192,14.1025879128,1.7225673726,2.4388026218,2.9822989372,1.6809862766,9.6757571888,8.831137433,1.2510166248
4.1583860572,0.261515169,1.7653758506,0.0124688822,0.9737594194,1.2764185466,0.9372123988,3.2196154064,1.0602459546,0.0720959128,1.4971990914,0.0855660452,1.2413957444,3.5897149556000003,0.1741985542,0.7826151458,4.6025597788,0.5079411154000001,1.5431266502,0.2647715244,3.692697127,3.7192265952,3.7404508936,0.0117900018,0.2292901319999999,0.3554273862,1.2607587366000002,3.4494578026,0.1209070698,2.2558303238,0.0213518482,1.2147904876,1.7060325332
7.6398171296,4.315966339,0.2744080596,1.0350590902,2.1667478026,2.1285156608,6.0515094674,6.3343836144,1.5707344354,3.7147559106,2.6514581872000003,4.4810828772,1.4560690544,3.6126536894,1.7405423024000002,3.2384796942,0.7894066326,2.168165205,2.4336228648,2.6198069748000004,3.8921294386,6.0723036336,1.4896098162,6.6156524554,4.5252623038,4.0425048944,0.7440053996,7.3018530638,2.4698356878,3.622886059,2.0348899214,4.3359490862,6.731382327
6.746755910599999,0.1284531019999999,2.0402889334000003,1.8710362916,6.7567386816,1.451052983,6.975258163800001,2.7149694848,1.7099232062000005,0.087159432,7.3524390194,2.7573875322,1.9021502996,2.050928899,4.5260826424000005,9.946601432,5.5742771524000005,6.9248875222,6.7642985198000005,0.0209189548,4.881384953,1.9273374716,9.1845366366,0.0152227536,0.0035105584,0.6158802908000001,2.2531360866,3.1261359804,0.7831728362,3.2385815994,1.448525843,5.824303710200001,1.7756876758
1.2647453676000002,4.132435086199999,2.718835094,0.0299673318,0.0531564896,0.4766801638,0.5929013834,2.7193573926,1.217294509,4.6268965366,0.4541526086,3.7622144684,1.3374273758,1.267269355,0.495063472,0.278975064,0.9388396244,1.837700988,0.4359433538,0.0082184166,0.7764493586000001,0.561352611,0.2491142166,1.9207621394,0.0137242108,4.9430342562,1.6480282796,1.0742081416,1.5074804404,0.999719334,0.7216826444,0.6182799370000001,0.5349673522
10.0520082178,13.7238944692,6.1450981954,12.6805180486,8.0976848636,8.5401649644,10.0773260008,14.3515459414,3.5620393852,9.8010795344,4.2867904418,9.2353408342,1.6557803944,7.314884632,2.3164599590000003,3.7300594206,5.7218213962,6.146068936400001,5.8635926372,2.5671893852,5.7406955358,11.8090008242,6.017200365800001,14.3952445096,7.832276769399999,12.9988608692,4.618868268999999,11.6734789402,4.3666772812,3.7894324098,7.6564911628,12.0333694312,10.902773685
4.201442119800001,3.3795178242,2.2785002884,4.2835650566,4.0152701746,1.8948748112,5.3097904086,3.207100118,3.4257172644,4.347197803,1.8249875632,8.213723545399999,0.5328889176,4.0935916702,1.4119760534,1.4732279199999998,2.1278440774,2.1255172374,2.681307731,0.0172367072,1.5236545574,4.460510185,1.5243190912,3.1154733938,0.1322959346,4.5370538022,1.2274552566,5.5691199898,0.7420867691999999,2.7060403296,3.3492833184,5.275221187800001,8.4183408332
7.914279652999999,0.9614011852,1.9876995596,3.5986517888000003,2.9332909094,2.5247510798,9.2181711412,6.136204621199999,2.8281306513999995,2.8641764046,0.4438432832,4.280594710200001,1.3273817486,3.5198303556,0.412017278,0.4172203187999999,0.4650020362,0.5905614636000001,2.904109114,1.2372617206,10.3431160298,7.798012526400001,0.6718124416,0.7811133858,0.7948476898,2.896997587,0.2409999634,10.1111072764,0.561450202,4.7245607518,2.5744474054,3.6870787952,13.3053391886
2.6267002874,2.401176922,0.2750929176,2.1965534524000003,1.2363298878,0.7996935128,2.1995540722,1.240190455,2.3508818718,3.2566765077999995,0.979934766,21.04064183,3.0264726108,3.3075652581999995,0.3641140864,0.8663459634,0.3353934302,1.0503621862,1.2679758842,0.0046761265999999,9.0572907416,2.0993260426,2.1782520374,2.2601084578,0.0541368244,5.3687095424,0.3262942596,1.4149131278,0.2487820919999999,5.818577100400001,2.3164275882000003,10.4179838038,3.2113567494
8.517211445200001,6.529418765600001,3.976336831,4.5100064924,5.9230785334,2.0344248752,6.159924031600001,5.2164314238000005,3.1391910352,6.961960744800001,1.9593574266,20.54466384,5.049026699000001,4.4745753344,1.1196653446,1.3002144826,3.3065608464,3.407544938,5.2318934252,0.4071926566,8.194383998000001,4.2335656282,3.9594881252,11.5965847834,2.6060887952,6.2973197434,4.0974917812000005,8.218483252999999,2.1330391348,7.644890090199999,3.8576392818,14.311303378,4.030806443
15.7090931714,28.479019621,1.747922805,33.857693163,14.6907789832,2.1292979916,11.2114883018,3.9179775014,3.417553717,34.9411016192,7.122736646199999,12.5253862096,4.506804616399999,5.34336487,5.904633717600001,6.7293869928,6.0833328238,9.906856021,11.24703952,16.5608161892,6.307302621,4.7816093218,8.930482361600001,20.8978840664,9.6395569454,26.9054677326,2.4798091992,6.9378607032,12.7069203294,6.3584769554000005,36.184697255,14.96096651,8.414145100999999
15.5745016162,24.6149481952,1.3712512682,44.8028940662,12.5799627866,5.4265976874,12.2635814058,5.569520141,3.1874694284,33.4009063492,1.5083417174,21.5063723628,9.4980756516,4.036213006,11.0382889562,2.7153606104000003,7.1448888858,17.119335677000002,11.9005960726,21.3593411098,2.7956682820000003,7.978913156599999,11.9507614654,18.8782748614,23.3008957468,26.9757923942,2.5768263366,10.0850950732,26.791351432,6.2547542488,39.7004570344,20.821460564,9.83524617
5.8102428504,28.5604637968,8.270247921400001,11.8524546404,1.5434944024,4.3072256746,5.5816393964,5.2253267556,2.5682889924000003,27.5430864802,19.7219690642,12.6525084988,5.446650816,4.326488143400001,9.3208197442,12.3308518804,9.3812191754,11.1911983816,4.2467372808,11.8064143284,6.828254171599999,3.6747102522,4.0572730122000005,23.5148835824,14.981373707,30.0929254176,8.902925575000001,5.389821982800001,14.770400388000002,4.8529078882,21.2134271396,16.8363817034,6.0808325974
0.5140095924,0.0289439687999999,17.1033212098,0.0593169226,1.5232178762,9.1797263862,2.3411097692,3.3616431704,5.315253859799999,0.029380385,13.338370181599998,0.0336004144,3.7819919986,8.126621540799999,3.5210200078,12.4671166732,10.3354415724,4.9029115106,5.2510001558,1.7284612027999997,1.0134832876000002,5.984005805800001,5.4472587172,0.0593827672,0.7521974337999999,0.0142804254,12.0781757102,2.8404206000000003,0.6778721228,4.6333201636,0.0585603772,0.07160677,4.0740554666
5.270563924199999,24.527853137,11.8756243774,1.4912968562,20.8490078358,17.9149566884,19.6087665026,10.5286839202,6.5696571398,7.335544010000001,27.573397638,0.8882880737999999,7.4684239926,8.2968499258,11.4757713874,21.1693468584,25.3311029268,25.040557822,16.9594533984,20.691644159,6.3367546004,13.987912216000002,22.1840242662,31.012976206,32.7459952264,12.0897256562,13.801652579,11.9995168762,32.34509198,8.8603041538,9.1489661404,1.3925731038,17.132993805799998
0.1217846752,0.0565395577999999,11.7431913426,0.1156934777999999,0.332198619,9.1763098962,0.0943598308,1.4809898708,3.9340979664,0.0478763962,0.9619096366,0.7098046782,6.186356073,9.2923499174,3.0168566262,1.1833929432,0.4340753188,0.9251437898,0.2533262283999999,3.5796450588,1.5305385185999998,0.4947518652,0.0975719796,0.1114167176,0.5901833604,0.0740596514,17.937822869999998,0.0729985008,1.3670047686,4.640827293799999,0.2823863726,0.3412680252,0.0246524997999999
0.0707927184,0.0837274304,8.9147117256,0.0229811275999999,0.0548353133999999,9.7469257706,0.0098061432,3.1700752596,5.025912825000001,0.0839139189999999,0.488172125,0.0798081631999999,6.9897793838,13.4648480516,0.4101539592,0.3976228992,0.1202669888,0.1651739264,0.0268247422,0.1896109666,3.0607486996,0.7292822731999999,0.0763438509999999,0.0358927255999999,0.0436788462,0.046436775,1.2356895364,0.017526406,0.0188070752,7.072167159599999,0.0133740374,0.0359405698,0.1002271305999999
12.117208287,4.462008147600001,1.685760036,9.7129972556,7.432712750600001,1.8610750532,4.7133208484,3.3684123022000003,4.4612722804,6.0833113792,2.4092392140000003,15.363853763400002,5.6090411016,6.552384271599999,7.6668352432,3.432609574,7.999905697,4.4773364162,4.7564457748,2.9118525666,8.160250741,2.8590925478,9.7652908694,2.1214076394,1.0907716686000002,7.232985993,4.5051172528,3.4448257984,7.140477969,7.4543676094,7.7798958998,20.1224250172,1.6481878592
8.7944649026,0.5573498295999999,2.9491130688,1.4969858313999995,2.4768223732,0.8325184997999999,9.3150908932,3.2392862952000003,1.5444034411999998,1.4998641062,5.1086032586000005,0.4217992178,3.4189190422,2.345483698,3.150272887,4.1175864758,4.570101871,3.7344980812,14.1855255008,0.9286446492,4.0871599056,0.8394109058,4.9085212308,0.2534708747999999,0.3327069346,0.1414487861999999,6.5374819968,5.398112256,1.2684435114,2.0254560618,1.1200421198,4.07420686,0.0638782814
1.3693822856,0.8811630164,3.8793224182,0.0262598,2.2461496116,4.9993849862,1.7740248686000002,4.6322874808000005,3.0423907274,0.4690953289999999,2.846196901,1.6734137054000002,3.0024061818,3.67414704,2.0818774624,4.4027219594,5.2372198764,3.3151677588,2.1696383284,1.5935295136,5.610827998,1.943365168,2.1584754856,1.793362206,1.4739476516,0.088604138,3.3538766288,4.1966900494,1.8932980236,1.7659981288000002,0.1244014766,0.3525030706,2.6165568532
3.5651566934,8.834261103,4.254500494,0.0867178424,0.5511072672000001,5.198266411600001,1.6479550445999998,11.9061253788,1.0979039536,2.0269477672,2.9571250738,5.8175843074,5.130696675,4.8631061002,0.3425566246,0.6420830218000001,0.8512466328,1.0580482934000002,1.5348289166,2.8726855698,4.5620442538,8.4031649226,3.148523686,5.3488058696,3.8066817362,5.626145322,1.466835585,4.066002895,0.7127345504000001,2.6972242334,0.7950856472,6.4512083442,3.499658063
2.0511822546,2.0501511692000003,2.3787124676,1.6439422581999998,3.9617037188,1.5944634141999998,3.0785081108,1.7040127544,1.0862934923999998,1.8594819408,1.0932660452,7.379336329199999,5.465692363,3.1786179778,2.343413672,2.4879551442,1.3629735644,2.674766587,3.1953681716,0.7140484802,3.0629648324,1.0188385276,2.0584331502,2.808810528,1.6348665701999998,1.8790745574,2.8051300888,3.5560912,1.830914435,3.6880246648,2.4211735798,8.859959107,0.9081488348
0.105563573,4.9721290196,0.2907560816,1.4462985932,0.1206091466,0.105171225,0.0320569354,0.0566883762,1.3854157266,1.7928942419999998,1.9171073548,8.4104900478,0.3624254192,0.6158862492,1.1621676618,3.4456275832000003,1.211208561,1.403161523,0.0617557084,19.035110165200003,0.5542243026,0.0246155826,0.0552247974,11.1468359262,16.1006403974,4.1463922476,2.2344997912,0.1023586047999999,1.6515580713999998,0.2489052909999999,1.2731085062,1.3268903946,0.0490474618
0.418254825,0.7119031164,0.7250341861999999,0.7023944776000001,0.0127229081999999,0.6133056774,0.0828641488,0.0008812805999999,0.9440081692,1.0521844222,5.573811493599999,1.6323468346,0.6878955920000001,0.5528611262,1.3710219173999998,2.6419463382,1.905595145,2.0078133294,0.0377119108,3.1517225428,2.0323740238,0.0139382746,0.0951450906,0.8312277183999999,1.8901360932,0.4242528399999999,1.1711256294,0.2412381872,2.2107708300000004,0.4946201884,1.4479464786,0.667551079,0.04131701
1.8045330224,0.370391047,0.7882840656,0.5885707446,0.5610091026,2.335009594,1.0154929522,5.444454911999999,0.7269845828,0.7983755208,0.2923722316,0.4971953984,3.8425285854,3.5762014370000004,1.2675716748,0.504174865,0.3183745035999999,0.4714336656,0.357312742,0.0720030855999999,7.406304790600001,3.4277795042,0.5268670206,1.0313081034,0.3234304684,0.3464733056,0.1597063186,3.4753875416,0.7483855079999999,3.3924532212000003,0.1769505528,0.3572504272,2.9270631076
2.1875487158,0.0993839701999999,2.2555613770000003,0.1964389898,3.4739852158,3.168047811,1.9133815176,1.6073798718,4.23075791,0.6387448476,1.0521740114,1.070880858,4.340912893800001,4.6724571674,0.289894381,0.9013912588,0.2575917527999999,1.2947638264,2.4022031054,0.0021799268,4.3810997292,4.0742465066,0.5976989224,0.0737268086,0.0042538708,0.0111755798,0.992756231,4.2215757718,0.0914525802,3.4360285926000005,0.2046010448,3.6152221128,5.0533581802
3.9963937296,7.227343936,4.0753538674,0.8942592340000001,1.876019882,8.7372138102,0.7156285097999999,2.2217052614,4.6746204512,4.3796634704,1.3140856084,1.5311419230000003,2.1871028036,4.360766437400001,4.353567903,2.3360230842,0.5093027433999999,2.1828595736,0.5130503268,12.632915022,3.6184493286,1.952342,0.3487830982,9.7999274146,11.9051492828,10.3154577922,2.3702049104,3.853048508,0.5965113202,2.4592985002,1.959884053,2.7527572356,1.0588789378
0.5941942818,1.9241133852,1.8714246418,0.4458986991999999,0.0317467384,7.216719347,0.0064600064,2.4727550034,4.231541468,0.6275808707999999,0.5564185856,2.6964694606,2.0732498226,9.8471275658,0.2476983726,0.62833261,0.083592458,0.2376765164,0.0629227548,16.968703045399998,5.1323005754,0.1380069025999999,0.0206173339999999,9.6178181856,21.804019387,0.0259848316,0.1539423864,0.394962479,0.2125105988,3.402018224,0.4476653846,3.1220675284,0.0016574768
2.5054855700000003,2.009783833,1.3511447544,0.327526188,0.5975195372,0.9981217938,2.7999516238,2.6253436026,1.907200255,0.6932972862,1.3427588692,4.3863023566,1.240525798,2.2757678488,0.3738037156,1.1749742304,0.503838883,0.2917080292,2.0661058436,1.3988372686,1.3701601356,1.7218812736,6.6590582928,2.5187697414000003,1.4972013746,1.3262927262,0.3029222628,6.3211193764,0.0434070463999999,1.3093616062,0.3673680674,2.6637278146,2.93727485
0.5277101116,0.2399552554,0.2309065229999999,0.0,0.0027776526,0.085333485,0.034550693,0.2018355225999999,0.6977853618000001,0.0023590542,0.2082718816,0.6866982158,3.9354858732,1.7537982624,0.026641385,0.197579287,0.0129286553999999,0.0826347506,0.0497472648,0.0099736494,2.5343566786,0.0480090626,0.0711903926,2.6717246134,1.6721988508,0.0016550601999999,0.0371048076,0.34005854,0.0001748104,3.8282058756,0.0007127772,0.0889112522,0.0861381129999999
13.413747380199998,0.5720069742,11.269908765,0.1005759178,13.1280699158,10.6776083874,12.1880757858,13.3246920946,0.8156492488,0.0325334674,8.4500336416,0.138752981,1.9467100164,3.7407242968,2.7727282288,5.7227919416,10.9055054642,8.780503731400001,13.6880014654,6.606896526199999,3.4961654080000004,13.389752924800002,15.379871429199998,2.1398969916,4.0040389560000005,0.0908406096,8.2644883966,13.6866204312,0.3006327344,2.9833690390000003,0.1506149832,3.4395987751999995,11.6314193566
0.5137212174,2.2890546452,0.945316568,0.0129396198,1.3200720718,3.1761357418,1.0013393014,1.145124279,1.8618254572,0.5208349838,2.7148245702,0.0707656566,4.1216937166,4.0223349768,0.3773862015999999,1.5333018096,2.5583741956,1.799433078,1.8292939622,8.220123386000001,1.7701683346,1.866378304,3.0612950184,3.7832002927999993,7.019396902,0.4132091148,0.334777791,0.8367717838000001,0.3688069451999999,4.8944821216,0.1415118016,0.0913095033999999,1.7973286437999998
1.5280430596,0.0797479872,2.5473557542000003,0.0016894382,2.7028650488,4.1182304114,2.553433353,3.4663017404,0.5327368228,0.0083884026,0.9014281074,0.2876013733999999,1.8570794656,3.0738552212,0.1712571108,0.5736510824,2.0217440516,1.5641071464,3.071975641,0.0007986584,4.3831856806,5.676201238,2.5992542092,0.2689788218,0.0073553445999999,0.0276814339999999,0.4694060377999999,2.8340934634,0.042768374,3.5085797944,0.0153963352,0.1975138074,4.8125649788
10.6714973424,2.7003466326,1.7674137242,8.7053620108,2.7896562268,3.6778707666,4.1711703038,3.9852236918,0.3684711906,4.638642816,5.482556057,4.3499653586,2.1556428332,1.718624887,7.007991477,6.0653392204,4.567180220199999,6.6696537464,3.515176321,4.3587559416,6.748267047000001,3.851541225400001,3.6493757116,4.6436263774,3.1669569048,2.5333542326,4.1826585756,5.5373530834,3.9708531966,2.3951757508,8.726906996,9.3144995524,3.8054105696
5.7053928736,5.0615224078,5.0107939574,2.8444469986,2.1226872606,4.6003799464,2.5071426886,2.4976627872000003,0.1895102694,5.9167786476,11.9828878548,1.989587118,0.3910416362,1.943578142,4.740236545,8.0167961446,8.8737472012,6.343518475,3.3716981432000006,9.5167689696,1.2630729612,2.7943765663999995,4.5862501402,3.5862153048,7.7683588104,2.1232926356,2.8659591212000004,3.7013709866,7.690321290599999,0.5807161310000001,4.4165020246,3.6323258656,1.5502694424
0.0102251728,1.6181176628000002,0.8338363120000001,0.0009567184,0.0844884086,0.2782659312,0.0522134082,1.2814124428,0.2795118734,1.1588646808,0.0819746968,1.3752619106,2.784080206,1.4080512528,0.0099868064,0.0794073048,0.0018221296,0.0599370443999999,0.0088433876,1.036182011,0.8878870142,0.5157254704,0.0013525712,3.3647163758,1.9902048644,0.8545183416000001,0.2287551524,0.1862593027999999,0.3178558107999999,1.6453587958,0.1015361884,0.6185063478,0.0118411212
0.0621154498,3.8278629826,1.7263710258,0.0,0.0723651798,0.3048471672,0.544915491,0.9095598606,0.0207632936,0.5155013956,0.0550864868,1.4097098832,0.0184792682,1.212814936,0.0086164374,0.0352246873999999,0.3477207658,0.020587249,0.1230545811999999,4.9730376296,0.374573285,1.1239808084,0.1136935489999999,5.131652306,6.6602278858,2.128606467,1.1978640101999998,0.754561634,0.0010473146,0.1159123866,0.0041757484,0.3849324184,1.2460698313999998
0.786059149,0.0001260084,0.375445875,0.0056470016,0.4439660157999999,0.4517689407999999,2.058983048,0.9797975746,0.0212335686,0.0003367756,0.4584854371999999,0.051120535,0.7672403762,1.419092016,0.0040971378,0.0922316644,0.8077659594,0.6419906040000001,1.5082463398,0.0004852738,2.6069386338,0.6984337039999999,1.9086162154,0.02031479,0.0012012,0.0014838047999999,0.0416261056,1.2185288302,0.0024426668,1.6563569458,0.0073242342,0.044808517,0.8412395084
0.7439785800000001,0.255350056,0.6642135234,0.0356753996,1.6405150964000002,0.8394971162000001,1.1281254216,2.530417603,0.0001874366,0.1313532744,0.4654484506,0.6243383256,2.157173678,0.4041129993999999,0.1057943252,0.2654017424,0.4543078696,0.2827931324,1.4369288432,0.0151232071999999,5.6729785102,2.0049340274,1.1858389098,0.1581085586,0.090735021,0.315821682,0.2557193068,1.2376128194,0.1369017648,1.4033718512,0.0032799784,0.048888104,1.7112072634
0.45160807,0.9170338786,2.0728667886,0.0061990038,2.1439822922,0.357050722,2.130643763,0.6562969322,0.0001592216,0.6484839686,2.176529176,5.5926826678,7.804780000000001e-05,0.3402234076,1.0990023856,1.6106279692,4.903126208400001,2.3591369942,3.2702475428,0.1047769566,0.0831140244,0.9185394482,4.275217937,1.429683409,0.030435092,1.8085086222,3.7975774474,0.9683440266,0.8256840493999998,0.021729648,0.1522775414,0.7555325704,1.0378656298
2.2343967062,1.0049065408,1.4907132344,1.3901961046,2.8105676066000003,0.1207737342,4.0709984376,0.8015018896000001,0.0072932126,0.6705157596,3.453910335,0.5910332786,0.1217451244,0.545617895,2.7975943452,3.4291861462,6.099858657,3.79235838,4.0643732172,1.3179255399999998,0.2519871388,0.8056130895999999,6.2244774378,1.8825808664,1.1811815262,0.2278219638,3.5279476510000003,2.3602049284,1.7751987157999998,0.0790513844,1.3023322258,1.1808285606,1.304070854
2.711135253,1.4217141742,0.9519117488,1.7580107518,2.2306304868,1.0115624488,2.8556305236,1.917315882,0.0335951814,1.2363427232,1.8734342934,2.015314517,0.0560565006,1.162702298,1.8562953302,1.8559320372,1.8861454148,2.5130555758,2.4064558016,1.509575229,0.9534807102,1.4679401704,2.7114682372,1.1349204424,1.2635504712,1.5688649034000002,1.5759894345999998,2.1234289644,1.8153045446,0.1246222594,1.6184147824,3.2248833362,1.6191316812
0.1207559726,0.0006925236,0.0013208806,0.0033137272,0.0,0.185457824,0.3230304564,0.388117292,0.0424524232,0.000550451,0.013435548,0.0021300746,0.1133790628,0.1016473235999999,0.000542039,0.0029152609999999,0.000168848,0.0052190798,0.0026954903999999,0.0,0.2008098804,0.6499146567999999,0.0,0.0010835068,0.0007822783999999,0.0002842412,0.0001600624,0.6337472638,0.0,0.073069747,0.0001477306,0.007351959,0.8021892530000001
2.3900027486,1.0107576922,0.5575049207999999,1.5625177052,2.7828887976,0.0418451284,2.1495239494,0.139317334,0.0,1.417622273,2.182635849,0.4552333412,0.0,0.0091387108,1.7004344165999998,1.7195967106,2.5003134718,2.7475681716,3.4498970062,0.262279133,0.0114898728,0.2825223226,3.7897889306,0.8321450799999999,0.6928226876,1.1502562676,0.548934162,0.9861158002,1.6642316649999995,0.0,1.6850677628,2.1607515496,0.4703369355999999
1.3030065804,2.1972331694,1.0110977236,0.5378532118,1.1885613018,2.0342832344,1.5457263948000002,1.0973359166,0.0543544036,1.5032491856,0.1218488172,0.8876673933999999,0.0003169318,0.3910306592,0.0133546468,0.0487151277999999,0.1617714974,0.1784640548,0.9765069126,0.5392684352,0.1334779866,1.3205803606,0.6656097816,2.41346168,1.5363372266,2.1961023594,0.021678409,1.3302284388,0.2202436395999999,0.0579596478,0.8283539745999999,2.2023218068,1.5872579212
0.2310910552,0.0103280095999999,0.0749954658,0.0,1.1519270874,0.3276722708,1.0680615256,2.6311542802,0.0,0.0001185368,0.0696691406,0.0270611536,0.0,0.3402791076,0.0010977928,0.0228945404,0.00703307,0.0462783902,0.3095829112,0.0,0.2011703439999999,3.0681778246,0.085261206,0.053341967,0.0,0.0003683582,0.0151574309999999,1.4153530989999998,0.0,0.0035329281999999,0.0,0.047665393,2.9421007761999998
0.1835760126,0.0,0.1857838676,0.0,0.0289445383999999,0.0493995719999999,0.0220433198,0.6586716552,0.003016446,0.0,0.0571074258,0.0001134618,0.0020508128,0.062121828,0.0,0.011593607,0.0047536005999999,0.0145501936,0.0187673383999999,0.0,0.053574812,0.6051510252,0.001723491,0.0001623522,0.0,0.0,0.0047832963999999,0.2868016736,0.0,0.001193168,0.0,0.0007460948,0.1528223282
0.6260382106,0.0008002317999999,0.171388738,0.0011360364,0.0,0.3246873354,0.2733607104,1.2292905688,0.0,0.002920397,0.0656257072,0.0015618846,0.000237894,0.3751431176,0.0,0.0167571813999999,0.035695419,0.024650358,0.0035752522,0.0,0.1036531176,0.986057115,0.0,0.0004487355999999,0.0007658072,0.0,0.0082239478,0.9162250866,0.0,0.0007599984,0.0008781448,0.0052210524,0.3314077528
0.321993937,0.0,0.0,0.0,0.0,0.001008631,0.0,0.0,0.0,0.0,0.083005779,0.005376783,0.0,0.002400767,0.0,0.0128212,0.000497932,0.014803589,0.0,0.0,0.008718176,0.0,0.0,0.0,0.0,0.0,0.0,0.372230026,0.000347396,0.001668324,0.0,0.003705635,0.0
