BM,BTG,BWQ,CLJ,CT,DMZ,FSB,GGS,GTQ,HK,HLS,HMS,JJQ,LJG,LK,NJG,PS,QJDQ,QXC,SJY,SMZ,SPY,SWB,SXC,WC,WHK,XH,XJX,YJ,YLJK,YSG,YYL,ZT
2.038231848,7.0654923146,13.2804051868,2.172262248,0.2455070382,6.6105064144,0.4709465295999999,4.4102730226,3.706178728,2.629127631,5.7439599496,1.5832470528,1.3109683192,6.1976336862,6.4064027034,10.9868646832,12.3145717252,7.437310254799999,1.7044079596,8.0001530802,1.3305410882,5.3047695382,4.5384497638,9.9488467628,5.528360835799999,4.597241877,10.2803116644,2.1295940604,6.130865221400001,4.096238801,1.7886919372,0.8060778255999999,2.8169117254
3.1284037608000004,14.6135946324,0.1882642538,0.613673256,0.459228281,0.1281144466,0.6893150996,0.11981477,3.2291660496,8.135446519599999,7.170516019,5.8601951404,3.6159558326,3.7400541526,3.0385029336,5.5877818446,4.744337677199999,5.7344907068,1.5838021708,0.044568436,3.6345754614,0.1105186607999999,6.892743937800001,6.1651216156,0.1278186298,6.8052533278,0.285806957,0.7987554448,4.2353055834,5.2417165182,2.3569308768,2.8898910646,0.0479964542
9.5650169076,14.994506833,7.066507025599999,3.1818436682,4.826355561,7.742154020799999,1.8961123652,3.9167190732,4.2325878538,9.8983389556,2.4263880218,9.1645031962,3.6569603844,5.3136971986,7.587197697799999,6.788449269,3.49249651,7.665397919200001,11.1191997236,2.3693275876,5.4965630052,4.2165685192,5.1230281508,8.0604639404,3.7652351124,12.898007216600002,6.6627691672,2.4538511864,8.760163653,7.449561927199999,8.997160994199998,4.9504267366,1.7941436413999998
13.6053986706,26.2006386434,6.0464769788,24.248039789,9.2367054944,3.5719175332,8.2359060704,16.881100023400002,2.4791726576,18.3710708768,3.3034306878,20.2370456856,9.1042093218,3.727281005200001,3.3757724266,1.9019843952,5.473673485400001,3.2271915748,9.1409827726,2.680986311,10.4954351798,11.8549854802,7.2274808972,15.2460234322,4.210023441000001,16.920851213200002,2.8553032588,12.5369551034,7.2783118832,6.154882679799999,25.0547730854,18.585672244,11.2610896564
8.095923267,14.0551685566,3.2783483079999995,3.9367491132,10.8382187538,3.1245059066,9.725510472600002,3.5154342162,2.8880618016,9.7820313486,21.0922128954,2.186233994,5.935043666,5.0329320022,14.0896376142,16.045217771999997,19.6111435808,21.4949165274,15.0716419546,31.1514147204,9.473256649,6.876071308999999,11.3524232976,17.2016961272,18.5192767744,9.8279053156,7.5977368244,13.1987958186,12.094607334,6.875024182,5.6824587134,3.6281003772,8.7608046946
1.5303715178,1.119470768,10.9365615664,1.1670066492,9.3524848992,5.815941802199999,1.2975931916,1.518680498,3.1197954766,1.3100000542,5.243618743600001,0.1745112429999999,3.2518821680000003,4.2449017804,3.8012765438,6.2340253724,13.691837932000002,14.4732649452,9.0966376178,4.464104917999999,1.3531050648,0.8406568413999999,11.0048642932,1.4308243967999998,2.2040700576,0.3176696084,6.541668339199999,0.6102041424,4.9043569188,4.820896563,1.5017119638,0.4113639936,0.194509089
10.2587710236,13.0004111276,16.1316212812,4.6395253168,11.3105328332,19.375466784000004,12.2102262396,10.9885033078,2.7273052634,7.463565692199999,4.3050549218,5.0039131518,4.057859959,8.395209142999999,6.7441024666,9.9562703128,1.9571132230000003,8.878699340999999,9.0977013386,15.4309846586,4.6094501954,13.675091258200002,4.258214558800001,10.120714916,17.491736345,9.9691097908,7.0734347524,12.730815993,7.2913960862,3.111511797,7.944845222,3.7493004115999993,10.2054209212
4.1626434658,1.4769446890000002,3.1618530614,2.3790288884,5.0056654584,2.9640559724,3.8425394662,1.3560318306,4.381416482600001,0.7694823397999999,6.6530741452,2.758454657,1.212684372,1.7440770309999998,7.8221090832,16.1839704058,3.3142746154,7.9145961844,4.5186098468,0.3531430712,4.243476201799999,1.4744866138,2.140480758,0.7261146492,0.453790809,0.705900925,8.3959184584,3.662933369,5.1695891238,0.934362362,2.9477957388,2.7293434088,0.3061472978
2.6924622252,13.467922400400004,5.0607151876000005,0.8922804738,0.6652797944,4.4994998218,1.5597970002,11.3810172846,2.7267139798000004,1.2425116414,2.9113226634,1.7047408652000002,5.0390823432000005,5.5190319858,2.4795478878,1.1873105702,2.5395058754,2.5847028262,3.1067146704,53.531039312,9.0628711528,3.4028816774,2.4864852952,25.8988269138,39.921694980400005,2.2625403744,2.3390826778,5.610344009,0.8693285482,4.6445063832,2.2128246638,1.1071528548,3.4538379132
1.0136250968,0.8399182355999999,0.0764659836,0.2638845592,0.0713198402,0.1248059326,0.037975455,0.0007050894,1.178750066,0.8916596706,1.2566195654,3.2975914804,4.3435418266,0.7521388732000001,1.4832963316,2.7306009812,0.9751527954,2.4021973438,0.0317713482,1.9873368974,5.0948044114,0.024937392,0.0584688554,0.3003721634,1.8626295232,0.4576973386,0.7503092112,0.0392028344,0.178508355,2.857957393,0.0892976266,1.9142421808,0.0137208306
0.4689389642,0.344543067,4.982924644800001,0.4904381694,0.263988143,8.273682363599999,0.9386665388,1.1220545816,3.87109038,1.4791046502,1.4702421542,3.42458,0.1042252674,4.7640975260000005,0.2424021254,0.154444696,3.3437092862,0.9915003032,0.5635181736,0.5981375959999999,0.7524939476,2.2447338274,1.9173562066,1.0223486876,0.709041214,0.1337019826,2.8137617894,1.1013922876,0.2868020988,1.965964857,1.5601548164,3.900746651,1.3412130057999998
11.8312500214,16.6360971118,8.0654471922,7.684084186999999,6.1030572162,3.447369921,13.505448736599998,5.756311765,4.6179035304000005,15.599500501199998,18.8856901862,7.9206337128,6.9945521466,5.884976819,12.1212952528,14.6522379666,16.5113171392,13.620108281,27.032702889,0.5209822064,7.2485463154,5.638701426599999,21.4810018638,11.1988717542,4.369775633,17.4606932148,15.3361865964,17.930184106,26.5766844686,8.17219395,10.416479745,7.9358016418,6.0002857044
9.0165154208,17.1449713594,3.849999387,7.800519499000001,10.2247938348,7.999865763599999,7.147943657400001,9.8628027274,1.5442904332,20.2264375272,5.294670735,13.913924354,9.6076262728,5.301849882000001,6.0236116658,5.924489288,8.580330202799999,13.8158998024,6.218745428,6.321091007800001,8.4944409758,8.118789056599999,10.9160846026,18.0821452776,10.4152678736,20.2784137416,6.6903511764,6.1703601542,8.2783949218,6.205214098400001,10.1121866646,10.3953541252,3.8640941808
2.25622219,1.28002596,13.4655324658,8.0886183094,3.3960963282,17.1781435718,1.2196208836,12.5388601448,3.2154617720000003,3.956252399,4.7198326072,3.1886473754,4.316264415,10.8041827192,7.7984834628,15.9119662212,1.9577328078,8.833018383399999,1.5692157622,1.5919670362000002,5.1844251224,4.5450168922000005,1.2600231514,1.7153083238,1.4622620858,3.0373777058,12.5337152476,1.3041188012,5.8345237374,5.2693906574,5.9696701246,3.2253678594,2.241329387
11.9721007236,12.1317414896,7.717061156200001,19.455246309600003,21.9321466776,10.565624012,16.058593624,6.8063217382,1.4378589218,11.679957753,25.0678111684,5.042270881,9.6546197902,8.7189700352,11.3500331372,17.318271233,29.3588871156,19.202418703,26.2916866596,1.5060230588,7.2562960222,9.8854224574,35.4272204724,10.2062720836,6.5766299362,8.3077379416,7.3974938146,13.6835198704,10.386469921,9.6516742884,17.8986639124,8.9135932056,8.413025653
0.2757569966,0.3673299222,9.6758200724,0.0520825922,8.734059209,6.0405211344000005,3.104560355,3.279729202,4.097583886400001,0.6186386174,1.7157084552,1.1759085844,3.6619297108,5.4848106322,1.250308308,0.9835110174,15.2413787292,0.5644642284,10.160506603399998,1.7151434475999998,2.027645475,6.7241733984000005,6.5986908774,0.6950994658,1.7542135922,0.163138257,16.0059839924,0.8021335042000001,0.7720035614,5.1031892212,0.5994132073999999,0.4894889054,6.570827333999999
1.4861851176,2.1251176996,14.8136520882,0.0293518048,16.935194111199998,11.2931337484,3.5063041626,11.0573638682,2.9786503626000003,2.7198140568,4.8741139302,1.6788088008,3.772453405,7.300487287,0.4886418256000001,1.8085248112000003,11.705568019,3.9808805308,10.6949775718,6.6413797688,5.892475372200001,9.514326746399998,9.0882055414,0.900372924,1.0213485714,3.917968983,10.8683774562,2.080257032,0.9684595346,6.6525849558,1.0092624178,1.1204770298,5.7003845036000005
1.5027240171999998,0.014935953,0.1932908219999999,0.0,0.4036583306,0.14997927,0.5533849124,2.5779337898000003,0.165302431,0.005954169,1.8297918124,1.5402412482,4.937132245,1.1534769187999998,0.2473554204,1.0646303354,1.593532282,1.7870200148000002,1.6730195608000002,0.0293179174,2.3249344202,2.1006873428,3.0998426090000004,0.2227723344,0.0728958984,0.0073650716,0.2245681714,0.6607841788,0.0320459248,3.368644551,0.0013212094,1.2770197994,0.5143854064
6.2149017684,0.6591400928000001,9.6735653816,0.0057340933999999,21.0985177588,18.922682633,14.6115085594,6.2685443942,2.6459241826,0.0150945067999999,0.60541753,0.239313911,2.1256707558000003,6.0325292602,0.0402192104,0.340526999,0.6282309805999999,0.3742839383999999,10.8421747514,0.738376976,3.5245651224,8.418941547200001,2.8560582218,1.8736090528,0.743089962,0.0100993753999999,1.5336968906,10.7045438982,0.0169197837999999,2.9995189418,0.0004847534,0.4319923294,10.8089144392
12.160427417,3.4213762114,7.5766587256,7.095076945,10.3314194388,2.3142684116,12.8180365348,4.6091055048000005,1.119472182,7.405257258000001,9.434150812,1.2204704948,1.9332911806,3.7643037324,4.0410517244,5.812758162,14.1753099958,8.2733038444,13.0119729826,2.2514022172,4.5656542054,4.2042124276,11.235540127,3.078285783,2.3638710398,2.6669398412,13.930134724999998,10.135505662,8.2985896972,3.705179842,9.4551871726,5.1604969298,3.4199438998
0.0165710206,0.2532489628,10.5070681292,0.001930668,0.0004053748,9.021424038,0.0039487852,0.8433524693999999,2.6389307678,0.2512998443999999,0.8175373734000001,0.309031306,1.1655866558,5.1983247556,0.176328826,1.177618741,0.0440776416,0.2356280588,0.0134950024,0.0020643546,0.2674291266,0.347388567,0.0007264401999999,0.0213185854,0.0083885518,0.2031974926,9.1141141472,0.0002537658,0.6308213056,1.9387555302,0.3508058604,0.1062231612,0.0327015412
0.5713029074,4.7838541684,7.074728295599999,3.5421383688,0.4544259688,3.4728950246,0.3465539856,1.2372662024,0.5792815956,4.676217630599999,5.0407349614,0.9335663804,1.3844814957999998,2.3725239466,6.3113040236,8.718674998200001,2.320926621,2.9744600618000003,0.7290686102,5.678231129799999,1.715540043,1.845838897,0.9598880758,3.7722092962,4.670830878399999,4.0459813864,7.635932112000001,0.093684073,2.2744676468,1.2316781338,2.3884871614,1.8067870098,1.1513551333999998
0.0362169956,0.0162371932,14.1933758324,0.0102335244,0.0918920352,6.385513396,0.0283119202,0.9051802598,2.527645741,0.0125458577999999,0.3247503178,0.0312067336,0.1993228605999999,3.00903997,0.0694703197999999,0.2615612196,0.2679089876,0.1364443853999999,0.032353312,0.0487976252,0.3413527948,0.4583097183999999,0.2125550484,0.0060562032,0.0120397284,0.0033013779999999,5.2483752358,0.0501494887999999,0.0117801648,0.9633442112,0.0101979946,0.0565467651999999,0.0180720623999999
6.5452515206,0.7604678412,5.2411257718,1.2744138022,5.636180658,1.5520482486,5.5633913436,4.6881724026,0.7461897160000001,1.8919986374,1.0956796694000002,0.397522167,0.6710097556,2.5861071874,1.8889823956,1.201335988,10.7797554708,2.7977388406,10.0143542128,4.942832106199999,2.99472019,5.747438863399999,9.160941195,1.9100640704,2.494849815,0.0370174124,3.8807925356,6.336205115,2.5300114004000003,3.1648167346,1.516809162,4.7587375954,6.2893804938
3.6610732144,8.3540456698,2.7771805632,4.3760536302,4.1520831238,0.3634277201999999,4.5257658938,2.6733848578,0.044404313,5.7429023508,3.5885896796,2.1015910416,0.770917616,0.8371577003999999,2.3109288736,2.148919128,5.663337189800001,3.3066146432,6.4205613294,10.312572602,1.5724995076,2.957136796,8.3105829898,11.4872653182,13.1194433886,6.2061443296,5.3306203564,3.8639686156,4.688100523,0.6832597558,5.2545159916,3.2582697564,4.4919407808
3.5387971582,3.9797912222,1.7575050652000002,4.041261915200001,6.0474024686,2.0195460012,5.1240473514,3.1507048858,2.1407501338,3.4018300366,2.8013446698,4.5529261602,2.46073204,1.9045011216,2.890974029,2.9025016248,1.3459466514,3.765539661,4.8288638846,0.2768342876,2.0947044246,3.5099651954000004,2.9886493834000003,4.6821431638,1.5879780177999998,3.4920539264,2.7716524024,3.2581259652,2.906266618,2.4686857544,4.270169184199999,5.1203830664000005,3.26162673
0.960047129,0.0003705838,1.4725947762,0.0030131256,1.334630316,1.2357526594,1.6381370246,1.888222089,0.1719863063999999,0.0017444437999999,0.3504194132,0.194917497,0.6655595732,1.5034810526000002,0.086531501,0.293870316,0.4812155301999999,0.2648726462,0.8004263175999998,0.0,2.1219915086,2.5731784668,0.370785739,0.0082437912,0.0004441628,0.003815168,0.5743932882,2.1782679166,0.0157180626,0.9321524622,0.0015777158,0.3943208468,3.05346421
2.7390487862,0.0025933475999999,1.245816461,0.0060929183999999,1.8277909154,2.3400952202,1.8237669058,2.2329894334,0.1695037648,0.0030414648,0.177714748,0.8565919826,0.1965452266,2.154594592,0.087048007,0.3126723244,0.433445959,0.5986106338,1.1579550994,0.0,0.5776325134,2.776474179,0.5659333404,0.0220066888,0.001401556,0.000695589,0.085073604,2.1651834144,0.0003205024,0.5611037004,0.0139135322,6.2600564818,2.6392930618
1.5290503192,1.2426287182,0.8759156453999999,2.579442974,3.397622167,1.5718721172,2.709072357,1.5719278444,0.1311157956,2.4613957304,0.6462297001999999,7.6685738664,0.1911188264,0.7522394318,0.3921655544,0.8471446032,0.7921285388,1.0481567482,2.6530564734,1.838300274,0.1573345139999999,3.2731469782,1.6509343076,1.9577303794000005,3.0496405728000004,2.3351269894,0.1830419618,1.8362273906,0.6422293994,0.4074471585999999,2.8432622614,6.8058320364,2.7819560332
1.2960332134,3.1769258412,0.5430076269999999,5.4503599828,0.154110751,0.372833496,0.8633027311999999,1.6988437366000002,0.0038988728,5.3150628308000005,4.4336679296,5.054548566199999,3.93682e-05,1.1039063688,3.924741006400001,3.9880881172,5.1018797026,4.891871494599999,1.3097188474,3.1402812438,0.3029652652,0.8038897352,3.8778267772,2.666501396,2.2832805574,4.675274664800001,1.8674157822,0.5379489496000001,2.6114854626,0.0153215466,4.4534061564,4.6422828592,0.1603568352
0.1354070896,0.0,0.0030725898,0.0004200139999999,0.1498570276,0.0018083466,0.2806124788,0.0,0.0013459858,0.0042689752,0.2515143938,0.033528059,0.0005452386,0.0004440214,0.0316016496,0.1160545242,0.1729275802,0.0736278897999999,0.2154633408,0.0,0.1727918444,0.0,0.099352477,0.0001803919999999,0.0006814088,0.0,0.0059492096,0.0103030856,0.004469751,0.0086532756,0.0063175207999999,0.0762862028,0.0
1.2584247158,0.3987141612,0.3979047756,0.1084968982,0.2523409454,0.2087666896,0.4704702764,0.0156768708,0.0021438228,1.1220529536,0.1539555304,2.0879188962,0.0046955098,0.3056507182,0.0016070302,0.01963385,0.5951301306000001,0.2908824774,1.1634006124,0.0050863658,0.3347834358,0.0533271097999999,1.3517672564,0.0610865734,0.0,1.016028771,0.2791693038,0.5516855754,0.1596448612,0.0132565148,0.3331368264,4.2517625016,0.1383192358
2.841235036,3.0918335056,0.7658364451999999,0.1707745856,5.387186159400001,1.0728747486,6.253440519,2.2639855184,0.0040102168,1.7968102754,1.0439229272,4.2452355962,0.9688422548,0.6197447436,0.0249595515999999,0.2864253666,2.3610010596000004,1.5976080502,4.8331763252,0.849146004,1.0659650982,3.6619175688,4.167321752,2.872415464,1.4261123002,4.357235241,0.0365271978,3.1388543698,0.0662878104,0.901596948,0.4098071756,3.0976162418,4.9820563276000005
0.4929503132,0.0044433158,0.3263027084,0.0,0.4457125478,0.4561887328,1.0617955832,1.93792058,0.0102459747999999,0.0177998158,0.0994826103999999,0.030506022,0.0544878922,0.2556325712,0.0066572622,0.0142436968,0.3852831858,0.0797511584,0.4681228808,0.0,0.6818092702,1.5366457522,0.3795565764,0.047966116,0.0059075522,0.0090303246,0.2838622378,1.0199462032,0.0147770578,0.1839760918,0.0009913048,0.102492249,1.3451071691999998
0.0009811886,0.0006797172,6.42e-06,0.0,0.0,0.00015046,0.0,0.0,0.136356841,0.0,0.0219019499999999,4.04586e-05,0.0099364698,0.0001895473999999,0.0,0.0053425808,2.76164e-05,0.0067202672,0.0,0.0,0.0114256328,0.0,0.0,0.0002105438,0.0,0.0,0.0,0.0,0.0,0.0022440792,0.0,1.5664e-05,0.0
0.035988858,9.23956e-05,0.612312788,0.0,0.0,0.3142446764,0.0416692714,0.9363447924,0.0419537438,0.0,0.1640859288,0.000999951,0.0027621041999999,0.1871391802,0.027316381,0.1023299772,0.1258756151999999,0.0793980206,0.0077034257999999,0.0334945876,0.0507930196,0.6950063664,0.0021470748,0.0,0.0112347796,0.0,0.3509689963999999,0.223849265,0.0030719616,0.093064509,0.0001956414,0.0011334066,0.1744805385999999
1.7391371595999998,1.2075988682,0.313487966,0.9970585674,1.7632503236,0.1956047198,1.7302532304,1.0621834264,0.0112250398,0.9586545758,1.3327983836,0.5410628940000001,0.0570392066,0.3823610355999999,0.6910869444000001,0.9808089926,1.4060096098,1.8172285344,1.9918060138,0.277286046,0.3223204726,1.2197742466,2.461143463,1.259946118,0.5592860974,0.7603229006,0.8278949678,1.1253276656,1.0858728876,0.1122488394,0.8670015768000001,0.7675466692,1.7687124108
0.5593805198,0.1708373658,0.0903757642,0.6246464076,0.3064542186,0.0066374808,0.7371235702,0.399492512,0.0021575118,0.1621135805999999,0.5247659888,1.3436285947999995,0.0,0.0154403251999999,0.0685889682,0.1328449582,0.5801647973999999,0.3486309034,0.743673712,0.4895977541999999,0.0388908996,0.4578988324,1.2172775452,0.5282914324,0.2440647012,0.0834031962,0.0215703812,0.817660738,0.2841715796,0.005813917,0.380399507,0.357476757,1.0445498146
0.2438690938,0.21404739,0.2809106104,0.2626662814,0.014847066,0.1092449194,0.0172347064,0.0016608344,0.054009992,0.174275505,0.4814093169999999,1.739126787,0.0731795195999999,0.0692029842,0.1460509466,0.3335258548,0.4666567094,1.048330008,0.1801067613999999,0.03853873,0.3930999281999999,0.0983969755999999,0.909832135,0.2941093464,0.0071384002,0.1659003036,0.1957984384,0.0008458054,0.0740281242,0.0659041666,0.2334924749999999,0.8998457953999999,0.0564754818
2.1875771318,0.000383605,0.4523058284,0.5661745654,1.6881840404,1.5215925426,1.787484953,1.9892738278,0.3034946446,0.049989454,0.2315388802,0.9065402516,0.0364069254,0.4573853376,0.2544273922,0.2862990746,0.2247338844,0.807323193,1.1846728578,0.0,1.5440393218,2.6159485224,0.4472416948,0.000310572,0.0,0.0003262394,0.1047008052,1.962305338,0.0008815658,0.1322043962,0.1923538946,3.217973895,2.4534756154
0.6570808722000001,0.3506854174,0.0700757167999999,0.3737163094,0.0488705958,0.0498158604,0.2871620426,0.0184213536,0.0414335709999999,0.5305676374,0.6017363313999999,0.0237433981999999,0.0515774538,0.0915965042,0.6282557223999999,0.771127218,0.2974877514,0.8065995354,0.0676029174,0.0004465656,0.000180469,0.0426718024,0.0501768044,0.1786828483999999,0.040683055,0.123938798,0.361831289,0.313629516,0.6942637556,0.0995345664,0.4172010819999999,0.2499627528,0.1041966602
1.6429213314000002,3.603135645400001,0.0429133528,2.4154083438,0.0617794714,0.0237717766,0.458829975,0.078154783,0.0884756288,2.7102556294,0.4957058174,1.7568480491999998,0.0,0.0359728905999999,0.658519721,0.4355614946,0.1680614398,0.6621046056,0.3869323544,6.197998392000001,0.0049303734,0.1064116776,0.27608704,3.9088630852,5.9979804624,2.4915858376,0.2737143446,0.5384066744,1.5143462474,0.0027998144,2.0104403122,4.4037153408,0.031103465
0.4001637234,0.0326212204,0.1072355492,0.046811211,0.0124923148,0.156729946,0.2318725023999999,1.1361804316000002,0.0164005684,0.024069744,0.5877481816,0.5482692944,0.6006911637999999,0.4320164866000001,0.179935607,0.391123697,0.4785669332,0.4421239944,0.0918226024,0.0650839166,0.2463104244,1.0260240098,0.19296419,0.1187755608,0.1207594584,0.022119833,0.1580953088,0.8628687826,0.0984329976,0.1340339564,0.0914990496,0.6034317696,0.35418465
0.8846507732000001,0.0,0.006553774,0.0,0.0,0.0,0.0241376536,0.055467018,0.0356678722,0.0591105654,0.0823398569999999,4.232119363600001,0.0961209904,0.0927670707999999,0.0,0.0170248056,0.017907036,0.0183698854,0.0046416598,0.0,1.1537878408,0.018374765,0.0,0.0002934169999999,0.0,0.0074610736,0.0,0.3075268942,0.0,0.290125696,0.031626798,4.1307913566000005,0.0
1.5236060452,7.7214645034,0.2930952429999999,6.672941404,0.7458805644,0.0453188775999999,0.8872743972,0.6076340866000001,0.0275448018,8.0309577082,3.193875704,5.0093174512,0.2242690228,0.1606741672,4.472924804,3.5141684127999997,2.4484755318,5.1834799402,1.5343488354,4.2202530214,0.2297260022,0.5660806678,2.858019731,6.774729686400001,5.6105256476,9.430580925,2.1166186084,0.8617839794,5.8909781714,0.019040823,6.9604253114,6.2773262646,0.7375145132
1.7525987688,9.9909642748,1.4516131232,11.9801661676,2.8232894916,2.1721500676,2.4479848286,2.8087174752,0.139377114,11.5707873764,3.3657890188,6.0309933742,0.4199013874,0.9724876396,4.8682192376,4.161618501,2.5851495116,5.2309153916,2.5305217772,2.139111762,1.1700812658,4.8793882294,2.878206253,9.14646528,3.618587142,13.612209320400002,2.1533646696,2.1522256618,4.8583713930000005,0.2738678092,10.2968304464,7.270531033999999,5.259801853800001
1.6906131032,1.4176733302,0.2394011678,0.70773749,0.9388903862,0.9025776318,0.8015416038,2.0208521167999995,0.1133082996,0.8899874864000001,0.1790149528,5.205273475,0.1009962182,0.6841520682,0.0434403252,0.0434607364,0.208120364,0.5797473756,0.8853622472,0.015146859,1.650506201,1.3331706422,0.5517814625999999,1.9435264052,0.3436047478,0.8480273578,0.024908928,1.1623713436,0.1481595718,0.3710907388,0.8220171642,3.3118768642,1.1121181492
2.4919966596000003,4.9232312022,1.0197690229999998,3.1991157816,1.1942665776,1.1303288792,1.6997236422,2.0075558744,0.2441790162,4.768968935999999,1.1767551722,5.2563601146,0.9932106084,0.6292580742,2.2316638902,1.6528297086,1.2586019054000002,2.4578127508,1.4094195234,2.8479491744,1.7072938833999998,1.7137849916,1.6341228112,4.629358764799999,3.7718087666,4.899877584,1.06177227,2.155964229,2.3427859234,0.234797477,3.5840911472,5.3455415534,1.7334550972000002
1.2614722885999998,1.0091964078,0.0942595243999999,0.4018006548,0.3488678572,0.0302387998,0.4024731767999999,0.4538806838,0.0357952842,0.9618071066,0.0639316008,6.0072030106,0.1338169686,0.286427234,0.0042621334,0.0109355728,0.040363874,0.2666000188,0.2191544204,0.5405968771999999,0.2868659141999999,0.3490117052,0.0950903104,1.814983026,1.2699558748000002,1.1572475562000002,0.0065182392,1.0917002052,0.0855101506,0.0893086157999999,0.4461793389999999,3.0015392896,0.0821055992
0.7280835692000001,2.3285734134,0.5956930189999999,3.229174087,0.0,0.530666029,0.020430313,0.8397638958,0.0018647703999999,3.2644914844,0.4280293346,7.450096606,0.0,0.4220582018,0.9120726418,0.612184884,0.0808465824,0.8575923178,0.002831685,0.2794267824,0.0931236594,0.2600595101999999,0.016515896,2.1548824586000004,0.7284882366,3.6880452788,0.7346213206,0.2679264155999999,1.3784443958,0.0131224151999999,2.9932012502,4.944639364,0.0522551702
1.4664096352000002,0.7061628931999999,1.0207527974,0.1522214538,1.8978952296,1.7876285652,1.3117138192,2.0772751362,0.036606431,0.8985760544,0.1208872165999999,5.8868191296,0.7978958248,1.0268985036,0.0045766088,0.0184900916,0.7040619248,0.1560867194,1.3451385202,0.0263224496,2.960136567,2.2087257368,0.8112768669999999,0.8332933744,0.0772273682,1.0570678182000002,0.0338898324,2.350209899,0.0326590126,0.974784941,0.3215691847999999,5.8082056366,1.7486102568
0.040940093,0.0001515997999999,0.0072548967999999,0.0,0.0,0.0108950282,0.0015125872,0.0308596667999999,0.2251157558,0.0016441494,0.0917297534,0.0029193304,0.0131578183999999,0.0855453382,0.0010105146,0.0152875342,0.0009694392,0.0196409671999999,0.0023246936,0.0,0.0150350874,0.0,0.0,0.0003009958,0.0,0.0,7.45078e-05,0.0274235422,9.5052e-05,0.0898561208,0.0010653417999999,0.0113303743999999,0.0
0.1166823122,1.181176785,0.0284509922,0.7972744622000001,0.0,0.0596084999999999,0.002322785,0.0,0.0023278596,1.3596094518,0.3750045956,1.13973047,0.020848327,0.1426761266,0.0955092083999999,0.119575681,0.1873520286,0.7149246006000001,0.0260994378,0.527572862,0.0122798321999999,0.0,0.136153016,1.5136460848,0.4005627748,1.8996465374,0.0129821852,0.0006836068,0.303563207,0.0145723128,0.7789563584000001,0.545519278,0.0
0.2935806904,1.2357405162,0.2155339049999999,2.5178686,0.0,0.0089456946,0.0307020556,0.0,0.0001594064,1.299605332,1.5076880614,3.258110868,0.0006974472,0.081645843,0.8793143578,1.2709669346,1.1391608462,1.1873540316,0.0294795695999999,0.0,0.0002718554,0.0,0.4359370156000001,0.825106821,0.0009050996,1.4469094398000002,1.0249318002,0.0843974986,0.4820193908,0.0053003084,1.3790183412,1.7226196468,0.0
0.4258863678000001,0.150947377,0.2934249992,0.0,0.0,0.0087221983999999,0.5150048502000001,0.7391060744,0.0331975608,0.9478315306,0.1069381901999999,1.144040072,0.0411733204,0.3278290727999999,0.0357857608,0.0206826256,0.0007000468,0.017209769,0.0022909185999999,0.4104951376,0.2260359237999999,1.279656497,0.0,0.2070936794,0.0872704473999999,0.7606022311999999,0.506579959,2.646384076,0.1949121222,0.0080878034,0.1557390579999999,0.1903783736,0.3751001324
2.6099996582,21.4221728042,1.1183808966000002,10.152899692999998,0.4452875606,0.9691181394,0.472976845,7.271469945,0.0033042165999999,13.8494709364,8.0372750774,2.4321259436,0.0111426782,1.3796455066,13.4472721302,11.292342703,4.932201576200001,11.9386488164,1.0838518216000002,12.4553009716,0.6745326414,2.5833600838,3.8285901692,17.75352291,12.503586125000002,18.427144749,5.339254266799999,2.2422826958,19.2227067522,0.0603179056,11.256755834600002,3.069683196,0.25856851
0.5978537198,26.1055264476,2.0196724602,15.463415558,2.7062084296,0.2536301508,2.173656486,0.5963876938,0.0559416909999999,25.2127844112,12.821505162,14.4827293354,0.1501677716,1.309917819,12.967345384,13.2013357888,8.6794022568,9.7551869098,2.361415559,16.5587039522,0.2319524224,0.8140522204,4.2616941714,21.632894451244,17.7061965916,26.411419444800003,5.5148189254,0.7351145452,21.2614392852,0.388668668,20.3701378076,5.1256906074,0.9786303644
3.6310117346,0.7107946893999999,1.0632267968,1.3415573818,7.695761811999999,1.289094461,5.3980705148,2.0238541096,0.0677373456,0.7594269612000001,0.6959755982,7.8862627824,0.7737672011999999,1.8654796442,0.3497927554,0.361060069,1.1773379946,1.8493576854,6.326221886000001,0.0064062542,1.1457453716,2.2411470216,3.6388448958,0.437906851,0.088430448,0.6924399774,0.4640024676,3.4139644404,0.2243009284,1.0843720686,0.9882549882,6.2063811176,2.6791374802
6.1799746178,1.9176149994,3.474504902600001,2.8607142042,11.776087545,4.3897249774,11.1039372034,5.8414548174,0.1776734618,3.226703506,2.5239495354,7.7031254088,6.1271368364,4.264521264200001,1.7671445892000002,2.0309584822,3.748608756,3.64950438,10.3748790996,0.001801603,3.5723968388000005,6.9104486416,5.7793348228,1.2615397000000002,0.1251468231999999,2.9690917546,0.8055712054,5.987390702400001,1.18788348,4.4675425582,3.1580034674,5.9943843878,8.6365759806
0.9922744106,0.0002603554,0.0227723801999999,0.002008677,0.3516606874,0.1667601036,0.8020509342000001,1.5612538754,0.0551619998,0.0,0.2609470184,0.0041536992,2.9634205948,0.676536434,0.0788204716,0.1646757934,0.220194542,0.4235549406,0.3034156588,0.0,2.0053829134,1.1889711828,0.3036933294,0.0,0.0,0.0,0.0139650388,1.3627236464,0.0,1.8969919736,0.0051896266,0.079694643,1.1557443602
4.6652926252,8.5783155674,4.044216271800001,10.077619747799998,7.167527573399999,6.572001366399999,5.877906428,8.083764601199999,0.2110614186,9.593606869,11.257897452799998,6.9517118894,1.0792384188,1.943943803,14.667426976600002,13.1667664682,11.8095749966,16.478018388200002,9.779125465799998,2.400754838,1.0782094672,10.0961753856,11.4872017196,8.7971646838,4.6868034244,8.969407533600002,2.4038114912,5.4701384558,7.966783721,0.9181503638,13.18130596,6.0772503384,6.4654004672
3.6257356334,0.1190597006,4.367752299,6.532831449600001,3.377956941,8.0439376138,3.79906703,4.342775431800001,0.919220332,1.766801159,4.2948543224,6.059893049199999,2.3992871394,5.8723991308,3.6642294864,4.2353323432,3.7935272256,5.9381492396,2.9746669518,0.0,0.8265820496,7.446297571,3.179688503,0.071439627,0.0042207192,0.9833730674,1.7781081042,4.4434479642,0.5709560814,2.6617348084,4.3657059108,8.9459622014,8.2495197368
5.601192628600001,9.170712946799998,5.92598657,0.9975380528,1.5059419714,2.3980788372,0.982008931,0.5813481628,0.8276843364000002,5.8886127914,5.4170624952,4.3202382972,0.203701768,0.6932911946000001,8.4986231048,7.792687839599999,7.375333381999999,8.0998325492,4.832462333800001,0.0005015988,1.7689901322,0.3186829424,7.4492870904,5.504546657000001,0.5127275614,7.4357860228,4.0340755982,2.1026267174,2.9072048288000003,0.9742493258,4.708938519199999,3.890344528,0.0467741936
5.4729217096,15.066804193,4.3403513658,13.10516,3.1590527902,3.7859765094,6.0470583368,1.202420256,0.4068215441999999,14.8193606804,8.1275515974,16.8968923436,0.5763772603999999,2.7435491856,12.52320797,9.1949356732,6.5599980246000005,9.3667116706,6.234442897199999,10.2573641326,0.6326954619999999,1.9140908748,6.9510463304,14.198837997200002,16.101271831400002,14.44511749,8.630772409799999,2.180053956,15.525575016,0.8719025046000001,17.038755974999997,11.1266134508,1.7454085862
4.2450926488,0.1298843656,1.6537919938,1.8096486382,8.2393294592,4.23183475,8.413417174,5.5342970558,0.0549046744,0.6413815784,1.5592236524,4.4995777442,2.7094163732,3.3494752492,1.2107965248,1.606044477,1.2330188374,2.5694013038000003,5.5171255294,0.0231243148,1.8129374026,7.089278669599999,2.720569985,0.1539103952,0.0300656406,0.291323444,0.4348116932,4.8560073354,0.0986621036,1.359466261,1.1591480506,5.6399598014,9.262854864
5.6463563158,1.9710364488,2.6326692262,0.6151916814,18.150015442,10.4035677318,8.915366933200001,7.889281069399999,0.9893950588,0.618284397,0.7236810604,3.339309107,1.406980574,4.8041372242,1.4740777512,0.6573275052,1.2067708968,3.4814129472,7.95749882,0.0009642816,2.9315866578,11.472881209,3.4613946596,0.5413856108,0.0106891697999999,2.4123080552,1.1449388184,5.9419303928,0.1416064816,1.0922740946,0.6588743772,4.832695932,10.808959592
4.6815488922,0.3220068704,6.4896466552,2.3467934012,6.0510092772,12.026878112,6.2185287344,5.2828451052,1.5693317886,2.187351437,1.2200270824,13.734146977,2.891928198,7.6813944944,1.0168148724,0.9013356076,3.0719716278,3.1869873234,4.0043754088,0.153283448,4.3395208926,7.6632447884,3.2103501122,0.665285291,0.4316047511999999,1.0101724164,1.9803265592,4.4822664488,0.5426508854,3.8539158314,2.0252279026,11.6510144386,10.5362131114
4.2423838784,0.3116898469999999,1.3897008400000002,2.8439749626,8.4234572444,4.3538075586,8.6436516766,5.9454091112,1.426377171,1.2698271936,2.9632335204,3.3075407204,3.591133817,3.3319650832,1.9275569402,2.0088417758,2.5866554308,3.289021965,5.913633062400001,0.0202014268,2.9618379198,9.5684208062,4.068974122999999,0.4229930866,0.0686673664,0.5467477364000001,0.4442941343999999,6.1426969262,1.918891525,4.2435857882,2.220891018,3.8016877140000007,10.3581452774
4.49328287,0.6411692410000001,1.1007615694,0.1176396694,1.5333115366,1.0996889116,0.6317421674,1.2250919898,1.6581962304000002,0.853219266,0.110266618,7.907299825,2.4488691972,2.3757325034,0.0434807616,0.0514198504,0.7203389918,0.3666413086,1.2233602492000002,0.0,7.1555407322,1.1315380188,2.1949022892000003,0.3814714141999999,0.0065757617999999,1.837003062,0.2742648585999999,2.2356538075999994,0.1202363078,3.5925085162,0.4577075099999999,8.378900161,0.6387555726
7.9077400012,3.3376186874,4.0755210086,6.775996945600001,8.3488072342,2.3052101206,10.5448815954,5.5253492248,2.3200483308,6.5301276792,5.1878178004,11.1680854604,1.0832482768,4.136061295399999,5.6052503088000005,5.1322084850000005,8.462433947600001,9.748615482,8.347545461200001,1.8854125304,5.2330150876,7.2217130634,7.5266704334,3.9185777032,1.0275141492000002,5.5835748476,1.5829182244,8.2299121246,2.1636473368,3.9281064014,6.0813018962,7.5596382854,8.958609247000002
13.7780540766,3.6070289032,2.684720626,10.6495146338,1.6943373601999998,0.6685456876,5.99636653,3.8121400228,2.7973722614,3.739827847,1.024998147,16.8519363156,1.2546787606,2.5598038002,5.4656625826,2.2651420338,1.6257621948,2.6514946246,2.4193476328,0.1579204684,3.2471891964,2.7932414996,1.5266066366,2.990482042,1.4307620717999998,2.5971543736,1.0015932466,11.5907951276,1.2580859082,4.6094556902,9.9229244488,15.3882617472,1.8983198028
3.158313833,15.1540856994,1.9007398306,9.309233716,0.4505484246,2.9965910688,0.7157266178,1.0007851766,2.6597194744,10.145405274400002,1.6652042986000002,9.8644697496,4.978301374999999,4.713302127,4.3991409134,2.6568550514,4.643955478800001,7.1345855414,1.8457867398,5.9367943772,4.8282261722,1.3580980922,6.7258453748,13.244017208,9.7758858314,17.4294371278,2.8781082342,1.9045300038,7.234406274399999,6.3100641206,7.256957095,9.3438239804,0.9766159336
5.6808701476,2.4062412244,1.6764972824000002,1.7245939655999998,7.566910645,3.8777702064,7.9057715264,7.288699917200001,1.9437940522,3.0259196474000003,1.1944038906,13.1373555358,6.0996905976,4.6421954814,2.5390369198,2.3957181336,1.1728971498,2.8484370616,5.1586172068,0.1731536366,9.1334144352,7.087668157,3.339512613,1.5173969892,0.1966459148,3.8991056742,1.3185258396,6.2594819228,1.4156167744,8.5731284172,2.0112687806,6.7308140626,7.199588835599999
2.6804759962,2.1593030798,0.0840783944,2.6423377452,0.1128450771999999,0.0717310592,1.2945406492,0.9123263948,3.920837268000001,2.4217971002,0.66675515,10.4278710738,5.1638455682,1.5436618548,1.7224074114,0.301668041,0.0245106327999999,0.5430456224,0.4179439734,0.5369890022,3.0058335794,0.4894483619999999,0.1522466965999999,0.1596332526,0.0562393008,1.6379881776,0.1217469234,2.5822040812,0.5170180446,4.6506243096,1.5828861808,4.2646603372000005,0.2943134514
6.7859724412,2.7034558716,8.2165704252,8.2159510816,19.2396405578,7.1281122240000006,8.2396118794,11.5704774146,2.9434461876,5.8508043328,11.5598659222,19.9355987672,2.8658915818,7.0594168708,14.2122678872,11.4177344518,9.3703208696,10.3182852702,9.8746967488,3.4110335982000004,3.9239868934,13.5714489082,11.7904048104,1.9287036142,2.3004126942,9.6997731156,4.5007650724,6.1492073206,7.606503446800001,4.8431562964,8.333978397600001,10.565923133199998,9.5322900104
4.1396714286,18.4557659242,4.75258649,7.990345151600001,19.620777244800003,7.1021042428,19.4309026238,4.6891292956,2.8879606434000005,15.7322957452,12.480696357,0.7302772506,6.7712815088,5.3164775182,8.088599767000002,9.6491578566,9.5583975292,9.1787012066,12.5409261024,3.8184596884,5.4375398946,8.950703396,9.3019542162,10.7933151236,11.0934788698,11.6073967474,7.855722032199999,7.7610924134,17.424614683199998,4.4922862468,11.9067552404,2.6062924212,17.792624836199998
4.5975721856,3.1460747536,2.3482768234,2.828408466,2.693930566,1.6235598002,5.4869461188,1.1747293692,0.4499738634,0.3156284076,1.0038543848,5.518759778000001,6.9345107016,1.3996684794,2.3639507658,3.1815310566,3.2340903182000007,5.2733456618000005,2.6661064832,1.416180507,4.6243649682,2.7313878484,2.193008964,4.567131399999999,0.307679339,0.6942681394,2.6372838982,6.6744097174000006,1.4806540362,3.3818348462000003,1.276629392,5.7769275396,2.2846479086
1.3595879826,6.5625310622,0.6756563138,18.5283630564,0.0595622018,0.1353895472,0.2181888733999999,0.5698456104,0.1166121354,11.768966858,1.1340319556,7.325295842599999,1.25536176,0.8077036372,7.9675241374,3.4606602712,3.9016402228,3.0122431462000003,0.4977614508,2.2667041974,1.3691455294,0.054657713,6.0694847592,4.1503210006,3.9569124744,7.6497851702,3.7423840364,0.6497119026,14.7016512848,0.6336953087999999,12.8429746122,13.240272809,0.0188628812
0.0271489133999999,0.6761855865999999,5.875149768199999,0.0115999956,0.005788949,0.8909273408,0.053992151,0.0204502188,6.0240500448,0.140123435,0.8931576788000001,0.1370289978,0.9941125604,4.9049717698,0.9565299296,1.2095659756,0.143647827,0.5308938197999999,0.0398398311999999,4.6857027238,0.37924269,0.026842239,0.0466680912,0.954093535,4.2276026498,0.1538952326,1.4293889408,0.0520352498,0.0145205274,1.9837729416000005,0.0528089979999999,0.0546285778,0.0383206168
5.506346753600001,2.7570722262,5.8704439988,1.9456969116,7.4838807148,3.798160589,4.6338503254,5.6412958234,5.135816478600001,2.852677183,4.0496137904,4.911819382399999,0.6812350962,5.2139157876,3.212960646,3.9896754746,1.3476017784,5.2892970118,6.869371294999999,9.8839624494,1.7309662852000005,4.7185038878,5.7535782098,2.7626446354,5.2673678302,2.2754760644,2.5022210384,4.5055946208,2.228139326,2.2464304132,4.3478239048,4.6945733032,2.4369896014
11.4675947302,5.81841388,8.5661831936,2.5074671848000003,0.5695855752,2.511620584,1.5911286904000002,1.3643004728,1.3681457342,3.8513612826,13.1705250744,1.5084584934,6.1237864688000005,3.3943176974000004,16.3700012048,14.37289934,6.5017724328,11.213040417600002,3.027313783,2.5545089172,10.2575520296,1.0582772608000002,2.8923867424000003,4.5414929100000005,2.960264413,4.6088600838,11.7359435524,2.788030319,16.217905299,6.5382565224,8.6081029336,3.1298337226,1.0177144146
4.8649963572,3.6118059556,3.1256514584,0.3304520358,1.3768733708,2.7121209572,6.617396406199999,5.901550007399999,0.1960843706,3.6868655472,8.055426172599999,0.309114042,3.1399295738,1.6692290644,4.2560115794,4.8256631002,7.5962589116,5.102314297,5.2849221202,6.413803393,4.850272473,4.9832513542,7.4166619088,3.2206926562,4.7440045782,3.2797137864,3.3317853892,6.1291675408,9.8315110678,1.4947469496,1.7291936304,1.3664976984,2.8448548486
0.7790199538,4.67259899,0.7298089484,0.0184286684,0.0711774654,2.0208514846,0.0534866268,3.613292805,3.5394163145999995,0.6533199744,0.8354188696,2.190664822,5.776839857000001,3.5421375804,0.2900871386,1.2445093044,0.2559429534,0.6202123162000001,0.0254072918,6.0647435116,8.678670454199999,0.7873500696,0.1350792062,3.327843875,2.5504298176,3.0410691708,0.4710941356,0.2441305885999999,0.0998143065999999,4.441851704199999,0.6284267906000001,1.9671488592,0.1439745686
3.075892393,0.5172670718,2.6647847056,0.300349609,2.1563734316,7.0289751262,3.8039284218,8.6625044712,0.8986805912,0.1690803144,0.043604724,1.2882825180000002,2.6486046506000003,2.1809656516,0.0097192663999999,0.0160724744,0.0989287224,0.0219449902,1.0595438392,0.1287334776,5.631854082399999,5.2669420936,0.0154444644,0.1751467092,0.1688337944,1.4793736084,0.370014497,3.8419488016,0.0788662694,1.963254391,0.747384037,1.3789405818,6.113943127800001
0.129398356,0.0053556438,0.1474473782,0.0,0.0142548987999999,0.7287420224000001,0.1185014202,0.0,2.295854014,0.0607327816,0.1948970146,0.9512286194,1.1944387996,1.4461360026,0.0878631762,0.0580581604,0.1311025365999999,0.0311396424,0.0361441072,0.0010947968,1.4282618714,0.0168890658,0.021272947,0.0068312175999999,0.0269679176,0.0087352319999999,0.4403060926,0.1022579136,0.0195210416,0.9164614934,0.0504685769999999,0.3433504288,0.0895789777999999
0.084088849,2.2578120892,0.359382187,0.0337283278,0.0620128734,0.219431659,0.0619359912,0.5770043242,2.0851950504000003,1.6359159472000002,2.9557509734,0.131253055,0.8433683102,1.7261146365999998,0.4609609526,2.669245046,3.2123712336,0.982600771,0.0914907057999999,2.4518352984000003,2.9000468762,0.0259225965999999,0.03308527,1.6419963652,1.0387329216,0.6959751413999999,1.4369850706,0.162874684,0.9011035454,1.5974781156,1.0361612268,0.1942645468,0.0102349392
0.1013799439999999,0.2822565864,0.9916608226,0.0022071876,0.0204066302,0.1013246976,0.0226155803999999,0.2357775904,2.1211188062,0.1845611462,0.1555574414,0.2096009714,1.0884202328,2.4027411444,0.018587392,0.1271214462,0.0873169348,0.0662559399999999,0.0231594798,0.1616685726,3.4547456252,0.0541394831999999,0.0127376851999999,0.5428014666000001,0.3100467212,0.0057471072,1.0347726088,0.0763471758,0.0119943378,1.8463112572,0.0041435043999999,0.0814951738,0.0592343194
0.4917754654,3.6037218882,4.5591820688,3.1381180984,0.102201232,2.3519889614,0.077356055,1.6314598168,2.3560010118,2.700273291,2.0427810032,0.3286153628,1.510434223,4.4332203372,4.5603218736,10.152088038,0.0943879772,2.135181934,0.05410089,1.1606227438,3.1478643312,0.4979899324,0.0344748032,3.7440453316,2.7149140852,1.2992050314,4.557702984600001,0.1908087419999999,1.0656116292,2.1656560094,1.9085213338,0.6194317309999999,0.0360382022
1.3293588304,1.3754550068,13.5376012584,0.0696202326,3.9654374538,6.2670477542,1.3151232214,2.4260822816000003,5.7774451618,1.44139076,2.1517805932,1.7873898458,5.671116031,7.953461368799999,2.7476618854000003,1.3644314162,13.207354299000002,3.8132389846,7.9047692068,3.3851266762,2.616592861,1.9321942052,8.262904602399999,1.804843691,1.7897084451999998,1.1432729158,8.1297828532,0.7383054444000001,1.473325273,8.266041990000002,0.7261597425999999,0.855415681,1.2128953894
0.5830595754000001,0.1519558488,1.4132144874,0.0,4.0557351394,2.4632998940000004,2.897294676,2.931960333,2.598026707,0.001917619,0.4280065128,0.0567902426,6.875221507399999,3.5606034156,0.001795503,0.1205751392,0.146146386,0.1172546198,1.7138434844,0.3919742774,2.4364019294,4.010964041399999,1.0810293694,1.646549581,0.2648834928,0.0007485804,0.12746497,1.9905337918,0.0021302956,6.718484549199999,0.0023192942,0.0231292227999999,3.8753275218
1.2146032139999998,0.0019114043999999,0.341563309,0.0,1.6761558769999998,1.0078519415999998,1.3205478545999998,0.5094145846,0.5254078284,0.003303752,0.9972220298,0.2970914386,4.4297038166,1.4486952476,0.7362400818,1.7628331958,0.0566504808,0.457970612,0.9003806814,0.0011683502,3.8946488422,1.5222106996,0.0796716514,0.0096823148,0.021337094,0.0033040336,0.5472771078,0.7875277256000001,0.0216153806,3.0586153456,0.0049522164,0.143667687,2.138202671
2.4171788226000004,0.8090239584000001,3.3742192918,0.0,0.857348618,5.0502269476,0.2197202824,8.451637260000002,2.3442448166,0.0892328209999999,3.7079782828,0.0323480602,2.2578563528,3.71253131,1.2205212218,5.7477167998,0.9839778102,2.8999276664,0.412418329,3.9081047156,8.7524394166,2.3951939578,0.176915612,3.6387089122,4.6513616382,0.0775931114,0.8617806546000001,3.1198183344,0.0095292639999999,2.9584869778,0.0045582279999999,0.2048955892,0.263132424
2.2972035968,0.0003227266,10.1960926686,0.0548813854,6.908128658600001,3.9677027716,4.677054593799999,5.1722292604,3.4228070198,0.0,3.0049538648,0.03838003,2.1421594082,4.5306912012,0.7899574632,2.2498863408,10.2577295868,4.9442963026,7.0544494026,0.0200478608,3.0967336372,6.778489888599999,7.862815648200001,0.000717228,0.0042409959999999,0.0033436492,6.8965199458,4.693570085399999,0.0115645033999999,3.6702707664,0.0432650378,0.380361989,4.817993667400001
4.0082382922,0.0046129286,2.5969588894,0.7122320458,7.072599906400001,8.4581652524,8.4006421206,7.8922529324,2.877941431,0.0332331114,2.1078367666,0.0376821984,4.4664291626,6.430732330800001,0.6272930966,1.308160992,2.5613925398,3.055555629,7.4267242564,0.0012859828,4.5761780818,12.8236950618,5.519934533000001,0.0145913216,0.0160625564,0.0003335422,0.2686710186,7.494321355400001,0.0185134788,6.9850529692,0.2104020442,0.6751522611999999,13.7187087238
0.5819693652,0.0086857966,2.7054599092,0.0,2.8631940788000003,1.2163451288,2.6406610558,2.363284261,1.1478707158,0.0008934944,0.3926108416,0.003749462,2.2034447048,3.5151929812,0.0349133828,0.199696679,2.3355586366,0.6255239046,3.8052943248000006,0.1402060552,1.5733993096,2.657223892,4.2040870072,0.038949569,0.2660763168,0.0004575079999999,1.7220245018,1.5732949886,0.0016494985999999,3.5466119298,0.0041319536,0.061432876,2.7305781336000003
0.8703656664,2.031840535,12.013775895200002,0.7331112812,1.9256793658,3.332493891,2.154970875,1.628264768,1.5966781074,0.9322881524,10.9747607728,0.4644420624,1.2341402656,2.3895241498,5.6663478956,9.0481779098,16.3429540812,4.6562759196000005,5.1724070626,15.3511320416,0.676991792,2.3888113368,8.146013521,4.5810916316000005,11.098704215800002,0.6738079556000001,23.3304360824,1.4644802322,6.1239127286,1.9259598074,1.449107787,0.299549018,1.7079067944
2.6761188782,4.6183921172,0.9768803332,4.128940088,3.072071187,2.0751826028,2.768841612,3.1875745298,2.8631630904,4.7606840566,1.9903393582,0.9201985466,2.4208654222,3.814707004,1.9534260612,2.0024855226,1.9203908522,2.9030387656,2.7332147114,1.9483531726,2.3940806044,3.4596196680000006,2.9058984376,4.850367886999999,2.8489123718,4.278074828599999,0.7059812113999999,3.8743901596,3.5418976908000004,4.2517747586,4.0552879756,1.3202017964,3.059208099
0.0282459448,0.0,0.3829630342,0.0020222216,0.0013389332,0.099858001,0.0024442202,0.4660029985999999,1.573226982,0.0,0.0853621141999999,0.0011299374,0.5372578706,2.534699588,0.0007086218,0.0221550814,0.0025364375999999,0.01788296,0.0024101879999999,0.0,0.4474283552,0.023295733,0.0009631338,8.91266e-05,0.0,0.0,0.0184034296,0.0804921894,0.0023029616,1.8120528832,0.0029820664,0.0015167838,0.0
0.5208613108,0.0003277276,0.123801819,0.1128838266,0.0,0.0014074124,0.006763689,0.0011125922,0.5903614824,0.0066337242,0.1974230605999999,0.0033842402,0.3349391175999999,0.2930387474,0.0004720064,0.0331764318,0.0021849336,0.0391626735999999,0.0059973678,0.0,0.037688308,0.0,0.0,0.0006922632,0.0,0.0,0.0003695338,0.0043436592,0.002831396,0.6062846416000001,0.058547258,0.2133578176,0.0
0.171097429,0.0319354962,0.8771652879999999,0.0403010572,0.0419991724,0.3257763381999999,0.0164325056,0.3120105052,0.9687449356,0.0469931958,3.4808019259999994,0.0063803474,2.1407932166,1.3982226388,1.200452273,2.5370633226000003,2.4898019214,1.4572530002,0.4383253334,0.4874944636,0.960993507,0.1986112478,1.1158525256,0.1687588224,1.0049971508,0.000702196,1.8434181214,0.0717582978,0.4149495103999999,1.3359522772,0.1401795648,0.0287425864,0.0039789826
4.5919381364,1.1466477768,1.0153643090000002,1.078068658,0.7256990716,1.129981257,1.2512219376,0.6896828446,0.1606698564,0.7151241714,0.0737792072,0.3361771412,0.1110183822,1.3828699366,0.9112891814,0.3171652861999999,0.2842235726,0.9821636358,0.6782947436,1.8792840786,0.8914038392,0.4888628276,0.4438382682,1.2210399322,1.643333764,0.7980210571999999,0.7219952758,2.1165915036,0.3293798168,0.3801519156,0.66259488,2.479422403,0.1451482082
0.0085415482,0.0014181848,0.4784865197999999,0.0,0.1932486631999999,0.6600019321999999,0.232608756,1.7801818676,0.0342241728,0.0,0.1835239426,1.788721079,0.0301783062,0.6673774166,0.0124632092,0.0848596778,0.2176218366,0.0293001753999999,0.257329369,0.0028907402,0.4959699134,0.966320893,0.0627050597999999,0.0015394955999999,0.014414118,0.0,0.0849672824,0.0850978898,0.0033494884,0.4148828514,0.0,0.1995362922,0.4607169154
0.0483816269999999,0.0013169248,0.8598252922,0.0,0.0720124982,0.4748942075999999,0.0357125592,0.2728110951999999,0.0021907762,0.0005484426,1.0484004644,0.3056024424,0.018823322,0.2220078492,0.0195250624,0.335399587,1.3442877216,0.4229938824,0.7539891672,0.0,0.0538371963999999,0.1736241082,1.3664347336,0.0040380662,0.0012243774,0.0,0.550955233,0.0153564546,0.0018524182,0.017103789,0.0,0.0211847778,0.3195994506
0.3894796692,0.2681135314,1.6026811136,0.020385213,0.2820078994,0.1121534242,0.2395235286,0.1027775042,0.1322813852,0.19025006,5.975715247,1.4997037732,0.0009407328,0.5935693971999999,1.3808312857999998,4.4558767696,3.3592618296,2.7252014144,0.9269421538,0.5020854668,0.013425389,0.2019489512,2.1352872642,0.6830758100000001,0.38957772,0.0459298996,2.6422417822,0.1046393759999999,1.5285957802,0.0969031326,0.3681555108,0.7651302648,0.0
0.2221258176,1.4365593482,0.0542645966,1.5831657054,0.0,0.0058677292,0.0234675204,0.0011629214,0.138610726,2.2231509102,0.1666004614,6.664595627600001,0.0008381533999999,0.0424666412,0.1437112854,0.0621098339999999,0.1280708387999999,0.0989204412,0.0418569246,4.9600339512,0.0034366629999999,0.0,0.1143756236,2.1630644356,4.16892205,2.3629310614000003,0.0329889258,0.1348725258,0.393992809,0.0458520684,1.7772003587999996,3.947943133,0.0
1.4200224264,3.8192292996,0.258946478,2.7787388712000003,0.1940219616,0.0001241619999999,0.1905222426,0.0428452184,6.828220000000001e-05,2.6825156922,2.1652478758,5.499488218400001,0.0,0.060457029,2.6663295578,2.571529848,1.8480085260000003,2.6808886092,0.2034923808,5.0166538308,0.0048235964,0.0881772118,0.7336532962,4.1022620502,4.8434065158,3.5451148624000006,1.7909474448,0.4064840706,2.5338943046,0.0022796356,2.84409301,2.5026626032,0.0
0.9034992634,11.2769944744,0.6647449542,5.3844783812,2.4252714628,0.177661031,0.7999327906,0.708462532,0.0009423744,11.2106909746,2.3415404136,15.645456207400002,5.73096e-05,0.033375096,1.6320673458,2.6346828,1.314346403,2.3229546092,0.7439284460000001,3.5583784298,0.0319074134,1.2102666314,0.0622645232,9.7277931198,5.8220357088,10.118903447,1.1317981812000002,0.9857527,5.4433854674,0.0006362292,7.3921406476,5.2426129524,1.1111784596
0.3941573254,2.3405984274,0.195584483,0.3016454756,1.3721214112,0.272445985,0.9296346054,0.6018471498,0.0,1.3028186694,0.0406668484,6.051071254,2.9667e-05,0.0298377646,0.0005118936,0.0111694648,0.1870520484,0.0557951768,0.516784793,0.361181048,0.0245752376,0.8638916448,0.7371168362,3.0580225824,1.1315908028,1.4547347162000002,0.0608872741999999,0.719964006,0.5547181548,0.0017702108,0.6551249144,1.8250259788,0.6117337474
0.1601063586,0.0485234758,0.0003010572,0.0,0.0,0.023200466,0.007489252,0.7744021512,0.001066128,0.0,0.0483294322,0.1475375699999999,0.0001090611999999,0.0228483172,0.0,0.0071677096,0.0002365556,0.0082749604,0.001293528,0.5574005317999999,0.0520803082,0.4689455567999999,0.0,0.2226264262,0.378750854,0.0189301056,0.0,0.2447159804,0.005543391,0.0002042318,0.0002110341999999,0.0113785862,0.0627031642
0.1173822454,0.0781632324,0.0137220042,0.0,0.0,0.207732734,0.085907211,2.2976369392,0.0,0.0,0.0502237942,0.0563595937999999,0.0,0.1246236973999999,0.0,0.0082110986,0.0109216062,0.1286264436,0.0023307887999999,0.0,0.2024166906,1.6591405284,0.000327151,0.0734089568,0.0,0.002129243,0.0034873592,0.5522149948,0.0,0.0013854296,0.0,0.0060023428,0.6240014304
0.1436306372,0.8228625656,0.0397902392,0.0,0.8574635986000001,0.2374200879999999,0.9321387894,1.4570572402000002,0.0,0.0461614838,0.0690023088,0.161023528,0.0467818947999999,0.16439978,0.0,0.007885103,0.0102980906,0.0277742114,0.7417502032,0.2674576324,0.1240026432,1.5187095558,0.3881675422,1.2973317116,0.3831738448,0.2206400691999999,0.0037024982,0.8285559566,0.0013075524,0.0463072112,0.0,0.0190360867999999,1.3542437534
0.0303275646,0.0,0.4571141816,0.0,0.1869693158,0.2943977188,0.1006352299999999,0.120029555,0.0277610648,0.0,0.8406974168,0.0075165354,0.0011080824,0.1175494588,0.0608754319999999,0.5552023376,0.6861607634,0.159122781,0.1687103113999999,0.0,0.0287109584,0.1370607364,0.1458705146,0.0253832446,0.0003893446,0.0,0.4564587247999999,0.165719419,0.0,0.0176521768,0.0,0.0006143024,0.2512519792
2.163989626,0.1265333742,0.3478274992,0.6997750712,3.927696032,0.4316197573999999,3.2690713814,0.718588464,0.0952283426,0.371006234,0.2082035396,1.1082639864,0.4943337596,0.3608605533999999,0.178579621,0.2031345979999999,0.5966221031999999,1.1354836821999998,2.9196921162,0.0,1.1024066144,1.491914011,1.9718548138,0.2633206458,0.0002855823999999,0.2247875472,0.0279734596,2.2593327528,0.0167359722,0.29942074,0.5100064028,2.1402196684,2.7640469424000003
1.0649230912,0.1772601502,0.0925584461999999,0.2067325067999999,0.8583956730000001,0.2536108014,1.1387434222,1.1512822604,0.0730466364,0.2473257123999999,0.183934037,0.0818200468,0.0332444358,0.1270893522,0.0975506502,0.1558749046,0.2567324016,0.620814198,0.997520729,0.0,0.5441256764,1.2018234412,1.2047973678,0.175954393,0.0,0.2610934466,0.0365077344,1.066508258,0.0120228454,0.0486191852,0.2137440048,0.409319014,1.3161321888
0.1685658694,0.0,0.0048446654,0.0,0.0,0.0022385902,0.0964226962,0.1021692446,0.0016370322,0.0,0.0657774802,2.1148483576,0.0001576802,0.0054702948,0.0002559462,0.0094078298,0.0004429568,0.0112777576,0.0122285578,0.0,0.0027898744,0.179258347,0.0,0.0011599836,0.0001286358,0.0,5.0124e-05,0.2760119796,0.0,0.0049078006,0.0001678272,0.6228824425999999,0.0546252112
0.436456103,4.7281541726,0.1672080152,1.0327688136,0.0310666117999999,0.0063715118,0.3694566146,0.1025371848,0.0015693918,3.0992970754,1.0192042694,6.353511499600001,0.0003498382,0.0490590848,1.4794879696,0.7037684664,1.5268307296,1.2343545954,0.6716225772,5.0386847828,0.0196238424,0.0739046062,1.6738562572,6.087880935199999,4.033831046,3.4636494862,1.1609116738,0.1213193586,2.7290257732,0.0014953314,1.837441148,1.3934370187999998,0.0612069622
0.7613867262,0.8245263648,0.334884203,0.7795862048,1.473826623,0.0679209208,1.2818625094,0.256225277,0.0370127306,1.1995645352,0.5712471823999999,0.7742366654,0.0001165338,0.1678697619999999,0.310744809,0.3285903352,0.785881604,0.7805247272000001,1.7267164814,0.0865563576,0.0105309744,0.4632821137999999,2.1725227292,0.6827335837999999,0.2134379426,0.9494232344,0.1731246378,0.7577777476,0.8557757587999999,0.0795115408,1.0338037262,0.6147873758,0.4857627439999999
0.3394661263999999,1.4534894292,0.0126641472,0.164161794,0.0468199992,0.0011902366,0.339228366,0.0552661292,0.0722424138,1.0534223426,0.110942358,0.8056555692,0.0,0.099038514,0.0214037129999999,0.0393221332,0.0091002454,0.0467350678,0.1684116458,1.2560479936,0.0180792948,0.0458024204,0.0353313018,1.7393744032,1.3324835142000002,1.5013019026,0.011859016,0.1973981572,0.1776820248,0.02711309,0.378299311,0.3751786394,0.0
0.0571762075999999,0.0010837154,0.00016674,0.0,0.0,0.0,0.024656149,0.0723263872,0.0011242446,0.0127739872,0.0,0.0014221328,0.0,0.0005315668,0.0,0.0,0.0018315834,0.0038719172,0.0008985811999999,0.0,0.0075547848,0.0248170834,0.0097093512,0.0,0.0,0.0,2.8133200000000004e-05,0.0649301217999999,8.96996e-05,9.0019e-05,0.0,0.011709038,0.0
0.1508737212,0.2119289914,0.0065488523999999,0.1656512954,0.004556069,0.0003485506,0.0481053501999999,0.0,0.0132525265999999,0.2187480488,0.0226439876,1.0096209992,0.0031423102,0.0252278828,0.010883357,0.0285303404,0.0004016508,0.0150891622,0.0026271402,0.0,0.0003975996,0.0,0.0,0.2065271413999999,0.0006657362,0.3221901876,0.0523887307999999,0.1244361688,0.0041310778,0.0255013766,0.1379944248,0.8073961096000002,0.0
0.9593296902,1.156583065,0.5356145713999999,3.115732222,0.0,0.2873718392,0.187439373,0.1579406766,0.0640254082,2.3860465574,0.5213453182000001,11.0791580816,0.0651769484,0.1975661715999999,1.1532388334,0.6170869824,0.5105930439999999,0.8529282892000001,0.0475103666,2.13441258,0.015638989,0.0615014426,0.0562496604,1.3388957978,1.5274207854,2.7008607954,0.84609994,0.3288111984,0.8572539555999998,0.1131896095999999,2.4259868836,6.6688860302,0.0064207992
1.3251914614,11.781176359,0.6071936702,7.7468344814,1.2679580934,0.2001791672,1.6618129142,1.1502709063999998,0.0996929056,9.8540972752,0.957057406,9.7600317138,0.0099037031999999,0.3946271893999999,2.1425548408,1.1830949532,0.8213666808,2.091568281,1.5035936736,8.8510723884,0.0692467611999999,0.8462437939999999,1.6984134936,10.9057467722,8.966584209,11.5402839874,1.8553795828,1.513961699,4.9072417036,0.0617068178,7.479751916,5.3038852824000005,0.5385472128
0.451881088,0.1265174572,0.2744790432,0.0985942772,1.0985230692,0.1844175474,1.2714931642,0.5560290492,0.0010032945999999,0.1222171193999999,0.0921632446,0.0947150548,0.0457822946,0.1807508702,0.0593890444,0.1088909118,0.3622699486,0.199317768,1.5472911968,0.036874422,0.0243081096,0.4311608898,1.2087229582,0.105599771,0.0183935624,0.0882455702,0.0540479606,0.685531274,0.0630859636,0.0386448762,0.0967264112,0.1040391938,0.674136304
2.0593165134,0.8626217506,0.9762954456,1.6922981627999998,1.3728581294,1.3140058392,1.2509808708,1.6168146266,0.119191563,0.8739842552000001,1.3764792581999998,0.0580434295999999,0.6767299833999999,0.6576549187999999,1.4790853984,1.5503648374,2.0149497616,2.3019707544,1.6367208832,0.787201752,0.1069500633999999,2.1387442474,1.9953184922,0.9182775366,0.9145787834,0.6058674302,1.1118436578,1.0919285414,1.0562359392,0.490274143,1.519119529,0.9205877088,1.7773013258
0.1102755102,0.1728614224,0.1054851078,0.0116708914,0.020321653,0.0736862506,0.3032596828,0.1277743622,0.0824230689999999,0.0742982638,0.8155096197999999,0.1158795334,0.286081983,0.6049912004,0.094796075,0.4661596084,0.1643100374,0.34834754,0.1976309542,0.3626415526,0.3191448564,0.1299461824,0.5109905498,0.3868709905999999,0.2910233348,0.1039504786,0.1013354982,0.0789210914,0.0100390074,0.5991803062,0.0131327551999999,0.134209149,0.3106470343999999
1.3822697402,0.1130495413999999,0.1564020288,0.0,0.5072876691999999,0.4879945212,1.385394845,0.482480987,0.0956639566,0.017969051,0.2356277012,0.0660330338,0.0534328054,0.467821914,0.0101820954,0.06595995,0.3850905694,0.296003411,0.8132873264,0.0,0.1529328724,1.0022082688,0.9369400748,0.0301607138,0.0002132272,0.013001777,0.0263512598,1.0794410092,0.0042062483999999,0.2652210252,0.0001494895999999,1.064115236,1.3352563545999998
2.1031368918,0.3683341126,1.1187539344,0.6355742628,0.7781028036,0.6827476859999999,1.1901912756,1.2663055802,0.3725250166,0.7456995519999999,2.7237648092,0.3084309138,0.1335444456,1.5702689936,0.6628588594,1.6271179784,3.4221169183999995,4.1255545256,2.1505228828,0.0,0.334698145,1.080933235,3.1865332936,0.1193542188,0.0043668262,0.651299518,0.0435657322,0.7406077754,0.1004804132,0.7194525424,0.6255099886,1.4298903396,0.5856202046
3.2654379924,0.7962606865999999,0.3082166798,0.7993741902,2.7283542848,0.9374740328000002,4.140703706,4.6360441318,0.1158881634,0.8744336481999999,1.6695197714,1.667812375,0.4283521205999999,2.1831087976,0.2040877454,1.1237941658,0.8735247086,1.9308236086,2.995136416,0.0041545748,1.2133557684,3.5059322472000005,2.2053500098,1.0269150118,0.1591714766,0.6976643164,0.2228941782,4.1041774954,0.3132550109999999,0.6108257226,0.443245314,1.2377184784000002,3.4686545326
2.3698682524000003,5.612748384,3.1711304636,11.3891422656,0.3820180737999999,0.5627929092,0.1186050024,0.1135621332,0.3700462437999999,9.6374045084,4.8680467458,7.807251152000001,0.2723459102,0.687794297,3.1005071016,3.5449335644,3.0174437718,2.8261840626000003,1.26704955,2.6832113024,0.03513248,0.0766394414,1.7062772155999997,4.494285082599999,3.4330196887999995,7.884656552600001,3.8859261322,0.1780123807999999,5.703614209,0.339214472,9.2621063532,5.9752546102,0.088740004
0.8892369142,7.924412201600001,3.554460306,7.745588107800001,2.2316299564,1.8239728376,1.8120546354,0.3169037146,1.0651156582,4.9103857306,4.4163764984,20.0312285128,0.1598751624,1.7692780614,3.660797338,4.0957548836,2.5350752112,3.6882424384,2.206921318,4.8554369508,0.0503659324,1.211097535,1.9917041694,8.0506898478,6.479037848999999,6.957855459399999,2.8677651028,0.8819981074000001,1.9345473702,0.5355935842,5.43788592,11.1543067694,1.618881997
0.8914505048000001,0.0399086835999999,0.4762925822,0.1061005927999999,2.013007837,1.2757909098,2.2531320426,2.2036543628,0.5426614917999999,0.1383304246,0.2656751223999999,4.3538613568,0.3884419342,2.2027214,0.0921225114,0.1205153194,0.1463946472,0.141396327,1.2117469576,0.0,0.4414427954,2.2094921966000003,0.258652215,0.2466668124,0.0597445806,0.0893791512,0.074410488,1.8743739176,0.0971323908,0.981025295,0.1522801364,2.5249975612,1.625220716
2.1322435504,17.0529409308,2.3942942348000003,10.4047549426,0.1296601146,0.0702855934,0.339484323,0.4554770542,0.7901756736,19.9464716096,7.051694344,11.486572751,0.4367269086,0.4925604397999999,7.3499369062,6.3144928724,4.5737232296,6.861232364199999,0.1492115732,5.4290625982,0.4015921488,0.1342048344,0.8714990366,8.3133522652,6.083303567,15.8447023356,6.1859872638,1.2912557162,20.796981874,0.3363123423999999,14.5592814094,8.058784627200001,0.0176442744
1.4415201226,1.3498080498000002,1.4194007754,1.7179161512,1.566038282,1.628864325,2.3390136392,1.9913609656,0.1802377171999999,2.1505749998,1.664799261,4.493082814199999,0.1106412634,1.4184708412,1.1048430444,1.3626119304000002,1.9709197522,2.1689575938,2.476401485,0.4382370673999999,0.1499008334,1.538441603,2.5685521538,0.8720440335999999,0.3722298024,2.0906651644,0.6040567365999999,1.3563324228,1.0039480256,0.2135113252,2.1330673844,3.0359656668,0.7963688108
2.6894190258000004,3.1506113735999994,1.1694310712,5.899761287,0.6402255524,0.6905988012,2.1123927698,1.5786191182000002,0.0333211027999999,5.2870199558,2.0627049724,7.6951670742,0.1139607928,0.677729258,1.1042110072,1.5147692526,1.5892307914,2.3021234048,1.3404883932,0.0642718864,0.24507729,1.6804406244,1.5321097504,1.3293254166,0.0881943172,7.350110642,0.7084625892,2.5451286168,3.3002678378,0.2419374155999999,5.352037554400001,3.881182298,1.7347628098
4.1759363076,0.2520227482,0.7430008618,5.8090571962,13.218622858,1.965086411,8.384658159,1.9814702964,0.1274155236,1.1298622592,1.0958072392,11.4802825772,0.1938585863999999,1.0165798986,2.3458013934,0.9991260936,0.6833169989999999,1.4440614154,5.1895670166,0.1257466972,1.1104905218,3.177937115,2.8979349789999995,0.3227159228,0.2314103458,0.7323600168000001,0.8166900347999999,5.1167427632,1.4843659654,0.4594878267999999,4.5617424418,8.013064618800001,3.197900488
4.970428254,10.400304044,9.3771391104,5.4731955254,4.818689454599999,5.3139095306,3.193229198,2.1374698668,0.5374151394,13.6540850902,11.210764925,5.468701132,0.1813561358,3.4556107484000003,9.557302216199998,12.0485876384,7.0382336248,8.6121475326,6.5013044604,1.9687328102,0.6692702396000001,2.9056952862,3.9965117502,6.891538350599999,2.7949014948,16.2809463868,8.581080618200001,2.5917145554000003,12.5019597728,0.5400426846,8.8110271186,5.0961479182,4.052905585
3.3424331176,0.6369497708,0.344417509,0.3549461956,1.9551909736,1.5248503622,3.3113144498,2.563256237,0.396830651,0.7068644974,1.7710430414,6.2095760614,0.5867349864,2.8935547484,0.3932724284,1.4278382864,2.0852174704,2.4661007854,2.572713519,0.0248140561999999,0.689065944,1.937349215,3.011847599,0.6403674854,0.1041793752,0.6387476677999999,0.0888000078,2.2483324782,0.043298363,1.453586763,0.4529162188,6.3890697894,1.700811822
0.4041154457999999,1.4553593370000002,1.2439546404,2.5353309426,0.0327327926,0.4486779278,0.0064878168,0.0170324821999999,1.2663365546,3.2746015304000005,9.7535106638,0.1417339524,0.6278477396,0.973316927,3.4826123522000003,7.0595591650000005,6.2428453368,3.5685734422000004,0.1580379268,10.4194333646,0.1364356936,0.0048094204,1.2553150108,1.5312830142,6.1219886522,0.956171636,4.8502268656,0.0398353904,10.469058931,0.9607684172,3.1847611584,0.8486678955999999,0.0151698536
8.2414280922,10.927103461,4.256332995799999,4.4191830144,4.486965270000001,5.447475358,6.450102245800001,2.3804689288,1.2486938466000002,7.448046869,7.3606453754,16.149546222399998,0.2576002618,4.3228875756,3.2231032104,5.696068840600001,7.082185277800001,8.108240115,6.2734523402,9.1150953098,0.2095917538,3.5644517991999995,9.7804927164,7.204271414199999,5.2842904462,9.1629774898,5.3596178430000005,5.8004071462,2.3555270782,0.832407369,5.4763682368,9.3730734696,4.7256826004
1.4428256164,0.6167012326,0.8008274774,2.153653125,0.9934488608000004,0.870612084,1.7630711992,1.7337845238,0.8129165591999999,0.8159007556000001,0.5865690422000001,2.2319432976,0.7735939082000001,2.287887831,1.5750572872,1.1283990685999998,0.4808522654,0.9523792646,0.9128790098,0.0028916892,1.6190959074000002,1.5594129200000002,0.4375031698,0.6040346224,0.014736199,0.4799995622,0.6180888746,1.4328237868,0.953506737,1.0139210422,1.539937717,4.4474748826,1.0703382418
2.994598405,7.2181920376,0.5196778528,4.3640117382,2.6911309482,1.825872345,2.4944794026,4.0707826804,0.8239388558,8.3990910486,4.4330217248,5.6045043818,2.6050642688,2.154605252,2.091168531,2.966604048,1.7358667864,4.23450229,2.6862391958000003,0.0671487717999999,2.2059522520000003,3.597470120200001,4.4885697552,6.5432272002000005,0.7800222262000001,6.9592142922,0.542292539,2.7179450206,5.201718439,1.8419500744,6.702540703,3.898231996,2.5167771318
6.1590580392,6.846536206799999,1.9819290102,9.3291891116,1.1854578492,2.1992879484,6.167641616999999,2.3922713408,1.5868852022,4.3293025696,7.9462397506,12.6663102822,0.5752633436,3.724135376400001,5.7530335088,6.436654874999999,4.7734587588,6.074225023,5.3551613248,0.9702971353999998,1.2032287262,2.0730631482,4.2659421298,6.409480641799999,1.9736837052,3.739583612,7.871071376000001,3.2032709976,5.2987771842,1.5953655164,6.338522291199999,8.989963226,1.459389298
3.4091320214,24.8067583144,4.207191641,1.7629305098,3.262726402,0.1443776932,0.4421739058,0.1421623149999999,2.6333669854,8.5314060364,6.354023834,0.9918154624,0.0653804455999999,0.1707419358,6.1069981116,5.167818967200001,7.6512280448,9.5177145464,4.352420777600001,4.279781812,0.0790281748,0.1715244278,3.154045667000001,11.475610993999998,3.195811795,4.984557746599999,7.330153176,0.458847306,16.0368496008,0.1337723124,5.003982173800001,1.7096811056,0.0593811566
8.263565922999998,0.6145490244,8.6303972704,0.0974830558,11.4573219108,2.6515193624,7.9093672456,15.106758222600002,0.3499432468,0.108207429,7.135242753599999,1.310745484,0.0432412796,1.7279924408,0.9799682554,4.0614077424,11.723318203,3.8041123644,8.665059216200001,0.0252808884,1.600175727,8.4165239664,8.6583815082,0.3918023128,0.2300898951999999,0.2441406817999999,4.8602355812,9.7063391614,0.223942549,0.2635170316,0.0832496668,1.6665979674,8.089541934
6.5379578068,1.676094273,2.8607228978,0.2167029663999999,2.1749136772,0.5281514882,4.5459215066,2.246046406,2.8290575968,1.0529717296,13.1818643274,9.907894094,0.9523824148,2.3366955566,8.596908396,11.3842869012,11.2999055118,8.214300271199999,4.9910885972,8.678835963400001,3.9010112956,1.9400725288,6.616018642199999,3.9077648708,8.732070993799999,1.1411563764,6.7719563866,3.4037472852,4.419914421600001,2.2284945266,1.8297827854,5.6678117416,1.9318512570000004
1.2802630834,2.176711055,0.6559852389999999,3.680891716,0.026407197,0.082183283,0.5067174576,0.572997611,4.08965563,2.3378635514,5.8863418594,2.1421037772,10.110580499,1.214762895,7.166175216000001,5.598285227,1.0339064634,4.0072930416,0.0254822678,0.6096241722,2.5993333562,0.1679413411999999,0.0343241299999999,1.4053456184,1.7280689346000002,0.678499776,2.0077044406000004,1.1760462274,1.115897592,5.0875864926,3.2730451290000007,3.5920416374,0.0779170238
6.970894285999999,9.1446500026,3.282554386,17.6669564886,11.6241093838,2.9013840528,5.7459928902,3.7446469052,3.0116073144,6.0742981806000005,23.5228981734,2.3829631162,3.8667335346,2.9298975348,18.820825368,21.7741041088,18.5320522582,24.4111550526,13.112000846,6.2644222732,3.6427585878,4.8554410612,16.015792566,9.5803691174,16.9377342596,3.3933132758,13.2106202102,5.9669680276,18.4570051988,5.146641567,12.456575354,3.7069561678,5.5960959454
11.6885057654,6.703901651999999,1.3892415454,6.7217134746,4.9203075466,1.5502737526,4.467182911,3.707828876,2.3177771012,15.0288588134,2.3024653654,21.4563754502,4.7794382568,3.4059595432000003,1.4022414754,1.7610570271999997,1.6308910208,3.1862696724,6.7399976728,9.2409446452,12.115509346,3.6909254604,6.5718619872,5.4607981686,11.7600521816,10.7004546116,0.2603583174,5.090138302200001,5.9932761528,8.1304261584,8.776839188,15.874377098,3.9481512092
0.281804896,8.1985959822,5.035966098,0.6971561218,0.0182645076,2.9283632752,0.2687480816,0.0576884446,3.6138591034,3.6087608734,0.4413636244,12.906116096,1.6039270106,3.6200938344,0.1875108264,0.1233714028,1.1348408098,0.1798572016,0.3682274806,4.0999184416,0.7956406664,0.0569653888,0.2018628584,10.2785073942,5.3880366726,6.731793016,1.9995327734,0.5900630374,0.9138675474,1.7360279708,1.1683416466,6.5564067376,0.1044476479999999
6.1325527192,10.740772168,12.4022891286,12.2520845048,22.461614288,4.6335026004,7.541963621400001,1.7439856706,4.7684278286,15.8552881648,10.9313871582,2.0811157744,1.2604418385999998,6.2284291506,5.1463166848,6.495816461,16.553054093,7.4353627824,14.5251002932,12.453847707,0.8229338852,4.9172075496,12.9930388928,9.583148222,12.1204796686,4.7712759364,13.8599386466,7.089531883399999,6.9750606676,4.8537802708,17.786324446200002,2.5585120136,7.779505907199999
12.2258857522,14.2812974206,0.3911469448,4.2344103644,2.94726341,0.3090310636,10.8695567352,7.2575450974,3.9356152028,11.8950750056,20.8708199884,1.3080693718,3.7074663442,4.6301258864,6.166845578599999,15.8834327906,11.8827756562,9.909619814,8.970535348999999,38.530335053,5.1044174608,4.4229655728,13.9266407164,9.2445435338,18.3022277706,10.5709006112,3.471317824,15.7216261808,8.868371658600001,6.8828262898000006,5.4809595674,3.2861404666,5.8757701322
5.6677286924,3.6294792836,6.0300183724,0.4811065472,0.1180191676,12.787429798400002,1.067815384,8.2768074084,4.8212579284,5.0414824286,0.8840608784,0.6951661330000001,4.362127065,10.7952876038,3.05242694,5.5821121722,1.7282107146,6.5030751616,0.5364008442,7.160034946000001,3.897346673,2.5022401444,1.2647220502,1.424612399,2.8998587026,12.2788533376,4.7021613328,1.958669956,1.1064403304,3.9715317288,1.4785664408,0.8338841656,2.1682311202
2.4420162702,6.692261328399999,1.6030655725999998,2.9453213662,14.1553206446,1.8014467756,6.0458953896,3.3235243758000004,1.574573176,3.3588889558,6.037312429,5.6439174706,6.4346547752,1.9870327498,4.0904293416,2.8143194182,9.4679726296,5.2283326452,10.1362138002,13.5729052768,1.6198783004,4.896950015,12.2560267802,6.912480624599999,14.783193980200002,8.927736492200001,0.4965460623999999,3.2766561286,5.1471848618000005,3.258049802,5.4838773402,4.2813410102,3.897612277
9.2791320776,17.7378111638,1.8973159508,5.3012475314,19.2346004652,2.0224135608,8.9223672382,3.6506556852,1.675338199,18.6598199412,3.2710965374,11.4142562266,3.867409099600001,1.593086897,4.3958494208,2.7536945310000003,3.8219663228,4.6829288294,10.6229120504,14.502218378399998,5.944225648800001,5.3438801136,10.0413038804,14.2410307118,13.8626349968,19.2437093156,3.1779835564,8.4466245706,13.5114488246,2.6152857666,10.8050999094,6.5828165194,10.6020595908
9.9440240044,3.3944377648,13.9777468136,10.2019421486,27.9962512382,22.0433861712,19.3394785534,20.786354034,3.8723130724,1.3840156594,6.2498263902,3.214035377,4.832303073,9.2673217992,8.4386612888,20.7382094496,4.2120699076,13.7571239716,10.668945228,6.336287025,8.5822678158,33.338796900199995,5.873720716999999,3.401822526,3.3545515922,1.953250915,6.3872470550000005,18.5413430128,2.3953837516,7.878362466,8.1883891628,5.0153199732,24.383504052200003
10.4077240464,13.9394075668,3.0028052624,8.6048549572,5.8001481512,4.2753887834,8.4466673284,6.479861337200001,3.726923586,7.1222376302,3.5931451954000004,8.486859792599999,5.148327806999999,2.4263055316,9.3150121296,7.180150495,5.4730173146,6.842721855399999,3.9919991178,2.2280669546,8.519818490599999,3.793473076,3.1743783138,4.6979083734,2.4557649734,7.8671188958,3.7129725006,6.188422598200001,6.830767335600001,4.5259621442,10.0266046044,6.3600575136,2.4005927528
5.6374473578,4.023833590400001,3.473789479,0.9526022372,3.0650469502,6.480465838800001,6.8885107142,10.153137097,3.3982850696,2.1680800294,2.0058371226,1.3188572518,9.8710618132,5.3527241624,1.1191621092,2.6189716172,3.8854468654,0.9602063518,6.674642392200001,1.516747328,10.0755142234,11.1289498048,4.5286360616,1.0296315222,0.4459339476,5.5186288972,4.9871436726,5.3983457072,0.5706962564,6.2186755032,1.0140269242,1.88589167,7.3778014704
2.2192376474,0.0906897034,4.3441513246,0.1317400973999999,1.3229821095999998,10.0219452336,1.03729296,1.5282112876,3.3459629488000004,1.3291743398,6.788026016800001,6.06515651,4.1908631872,9.9500561004,0.8826413538000001,5.896124415,5.016287063,2.6465693076,1.6949965232,0.001850596,7.001919928000001,2.7736477704,0.940526253,0.154233247,0.001878007,0.0513554698,2.496070397,2.457061451,0.3786301332,4.769273018,0.3944356288,2.981494516,1.2319548943999998
3.2586206982,5.5751366468,0.294993228,1.416866501,0.0974869948,0.1511402706,0.3310659316,1.2256558117999998,6.1627721268,2.9943222978,4.1290155,5.6682527052,1.1820529514,3.2460510692,4.232021702,11.0356770336,2.3381374682,9.7511913058,0.20996825,3.9815271362,3.1543080824,0.0136466972,1.7098649156,6.4704541858,8.0908225784,5.0248663086,0.11314511,0.4327635662,0.9626593796,3.3504147936,3.994214054,4.9315128922,0.0086667532
3.2719226442,10.9821804902,2.0467416914000003,5.0223361318,1.7138543482,2.8271232756,4.855478107400001,2.0359993844,2.0863730982,5.06674181,4.914286738,6.583296299,7.435435024,5.6578794894,2.429614898,3.0992981996,7.6004047398,3.6212597336,5.8916645928,7.166861593,7.791037466800001,3.3969229584,5.2373942134,5.900178415400001,9.7503169246,7.617982726799999,6.668403112,2.1176239698,6.2488655044,7.258440914999999,4.2013703182,4.0657485268,5.283935490999999
8.5702578762,3.850762188,12.5626251238,5.1058826924,10.4667251604,9.4090241628,6.1666887292,12.615853514,2.9124366098,3.5903083972,21.0537087868,3.5876816154,7.6333251652,6.7578374702,19.6087927388,20.7052466262,14.680695990200002,17.5172874492,9.596575479399998,8.0369972482,7.3076918858,9.3544051644,8.795210346400001,1.6596899532000002,2.6427273548000003,8.079896765600001,17.7237626476,5.9546763678,10.4826233348,6.372805730800001,4.0349260558,6.762821450600001,8.5188678344
0.7803483034,8.2421501514,0.7408321206,0.0596935614,0.5372728608,1.4710848702,0.9138492916,2.2163932448,2.6855760686,2.572939218,0.1346769198,5.7448261334,7.6257055522,3.8365156488,0.0487513949999999,0.12928114,0.1541265656,0.1891998732,0.4038135574,6.497314983800001,1.6944264788,1.7445673245999995,0.3390038024,9.5987388302,7.2480599618,5.3417013798,0.0444357772,1.8165996548000003,0.3211888744,5.7381716088,0.3365226834,2.2644705626,0.3737112776
0.1179759976,0.9827409426,0.1246469226,0.4063765208,0.2297760911999999,0.1609702367999999,0.0045138512,0.2459497101999999,1.8657459778,3.4698241932,0.0,1.6965856408,1.5309662832000002,0.4429459392,0.0110564317999999,0.060266881,0.0275149458,0.0152112048,0.0160418602,0.0044857788,0.7079113966,0.2517222592,0.028956409,1.5730504546,0.8066001037999999,1.7517099372,0.0079746154,0.2882906758,0.4496327867999999,0.8581446782000001,0.6381289911999999,1.9502104562,0.0141906808
0.5118047176,0.1194800365999999,8.448143300199998,0.1922521752,0.9127466082,8.575377746600001,1.6295631015999998,0.1788840742,2.7938179376,0.5817057811999999,9.720992084,1.1087664226,2.6939647748,8.2069304908,5.3280821424,8.666730867800002,1.6860805044000002,2.9756040494,0.3713099467999999,0.0,3.8574583178,1.5831496081999998,0.1499975136,0.3578951162,0.1337229036,0.0600386266,4.8716823078,1.0705890628,2.525862742,4.037113466,0.8119311756,1.316237776,6.109204910600001
4.740883398,8.1253632646,2.7697034454,4.5665960988,19.5804330308,1.996729311,8.1738431346,2.403632553,0.4424669683999999,9.0617270458,5.556949132200001,13.262092144,2.6936450434,1.7320436922,3.9652453368,4.409421919800001,7.334273485199999,7.2483477694,13.806955609000005,14.5500442578,2.1720289998,3.1354003286000003,13.2690274954,11.628578563,8.680351075,5.3441449848,3.1343643104,4.6156686852,7.340459620600001,2.6367786278,4.2384593348,6.423379734799999,3.0465717626
9.852994219,12.4617726286,8.6410716266,4.7683027134,13.8909908196,3.1223291032,11.9995272266,4.3467536502,3.049436046,5.4990635158000005,20.205798085,1.1773424822,1.4210878892,5.3402000482,10.6486655696,14.6077222854,18.2573376846,18.5724965434,7.790843349400001,7.280094958800001,2.4770124874,4.734669772399999,11.7041467356,9.2474620338,6.8118610468,1.9950652386,15.7706392316,7.170190101,13.6668795088,3.2909387652,6.0449592158,3.0293263528,4.4563289978
2.8359568528,1.558157993,6.426549856399999,1.3856198796,8.1497243996,1.9697386806,5.7727187002,1.6408635012,2.9375637722,1.2299214404,34.500361591399994,0.7900283376,1.3249656196,4.5839719536,7.6608541884,19.9074375804,24.384096066,14.0843464966,9.9240270958,0.8830943244,0.4920972838,3.620170625,14.5292747168,3.4172521776,3.0505914828000003,0.8420496066000001,12.8187708668,2.441921224,3.6018243708,3.1718336348,0.9553400772,1.4217094674,5.4164339428
3.9077635368,1.3432955496,3.1066780758,1.1829516694,0.853658418,0.4201605852,1.516871094,0.4539432944,1.0180258266,0.6781264236,13.6659833216,1.4041915038,1.741682806,2.2212758062,3.172986502,7.257067975999999,12.6323052732,7.278328067799999,4.2696426462,1.0900752108,1.4355832566,0.4760475352,9.9496700112,2.6719083808,2.4254353678,0.6702609415999999,10.1383546638,0.6749750886,1.7949922576,1.3293038132,1.6406615295999998,1.8032174272,0.5270722238000001
7.3094229546,1.1147915638,5.7605128158,1.8683724012,12.892611553399998,3.2105541844000003,11.0262156102,3.8034262126,3.9879630204,1.0150027622,21.5300819052,0.1223590672,1.0647123186,4.140221240600001,8.720910323999998,15.477076968400002,14.9431652638,13.0488382994,11.8830530728,0.9866202114,1.1949898508,5.866858322800001,10.0159119618,1.7551519902000003,1.5973533484,0.1203382009999999,10.6092796734,6.4105891572,6.2124310544000005,2.348375355,2.9460244330000003,1.4083378956,7.869337371200001
2.2192685346,2.3730809836000004,1.9395712948,0.5892519133999999,3.6705102712,3.4633883646,4.300076922,4.7124451662,1.6999101032,1.620789376,0.9872916292,2.3044699912000004,5.8574910758000005,3.3987579924,0.6692061434,0.9785069066,0.8641219765999999,1.3004479238,2.578472731,1.681708582,5.7729569762,6.1695857522,1.9851067972,2.771701066,2.0998125974,1.746477879,0.2660086654,3.883624987,1.0940115704,5.5735794544,1.1404071974,1.5219036620000002,7.9491027296
2.1573941706,0.0301863883999999,1.630292748,0.0385185696,1.5494032438,1.7393212102,2.114837505,2.1152985672,0.2675371228,0.06136469,0.7637523361999999,0.0116687594,0.6343053962,1.8175734112,0.0659913729999999,0.3229686434,0.6724331186000001,0.4253769052,1.4569976688,0.0350429886,4.486117370200001,2.7194033308,0.5130261596000001,0.0232704646,0.0125302901999999,0.0054824302,0.6989605414,2.3341540472,0.0258338454,1.8314507766,0.0156447605999999,0.283555694,2.7127689676
0.3417319694,0.5446472381999999,3.4250211422,0.0840757957999999,1.4041948298000002,1.000784041,1.2358579606,0.6050880606,0.8590056535999999,0.2914774158,5.9917103766,4.2535371726,0.0751337842,1.1866406214,0.916052767,3.453433969,5.6521731314,2.0624018348,1.3583785522,2.1882797326,0.0755578184,1.135492418,2.1396427418000004,0.833424903,1.475685868,0.4855803224,6.046443457,0.5836086422,0.7337042992,0.5048430656,0.1843497296,2.1680822434,1.1926571598
4.8149068062,0.0034403476,0.6555650752,3.727442515,4.123359604399999,1.5267859028,4.6304136682,1.4170632834,0.4728676808,0.1190632949999999,5.455515141,1.9989164198,1.0381482502,1.200957627,2.9563594166,4.8976088518,5.253717272,7.379032482399999,4.3876206984,0.0,1.051293661,2.645446647,5.0836512460000005,0.0056122989999999,0.0058205522,0.0039668483999999,0.2405029206,1.5569460534,0.0178196346,0.9591128794,1.0682725048,5.0337107652,3.4422059902
1.4795138476,0.2674001678,0.6943673278,0.0604604036,7.1252629216,1.8488297078,4.3351460378,1.442518197,0.0129990608,0.030261472,0.4673178113999999,1.0396895736,0.21360434,0.9342981538,0.080320949,0.1338091208,0.7306649888,0.9401480972,4.2142923976,0.0,0.3987039058,2.6290561964,1.8524680066,0.0181119068,0.0,0.0398052924,0.0263593107999999,1.2052836638,0.0008158185999999,0.5641358964000001,0.0332692618,1.4447422158,3.180738433
1.3644013756,2.8723887132000003,1.0642309518,3.4072832412,3.2167542288,0.1543802114,1.42482046,0.0069376996,0.2962435776,3.4607614158000004,15.6314650002,0.254683211,0.0754066836,0.5883299691999999,5.4179510936,9.4967584286,9.8434084532,9.295219018,4.4565950606,2.8089242368000003,0.0097438436,0.2955661408,5.628368779800001,2.8205561634,2.2663319542,0.9097530744,4.8631025656,0.131123126,7.393744939399999,0.2797059762,5.3060898044,1.9906854804,0.4098950312
2.3321516124,3.7658147187999993,0.0808848436,4.2962653562,0.01455883,0.0180960618,0.5445765232,0.0272853104,0.0011088958,4.807151667199999,4.734618762599999,11.325961377,0.0061379246,0.2322645058,1.3118254802,2.8782694992000004,2.1196387535999994,1.664886185,0.2488555121999999,0.292467604,0.2447839785999999,0.0155079284,1.3229320906,2.8610461138,0.7214673986,5.6663886182,0.7349285942,0.4092701071999999,2.2677918044000003,0.1993389059999999,5.13995064,7.229599383600001,0.0145346933999999
2.0200098090000003,0.5272634002,2.1562648198,1.1599360332,4.595566917999999,3.808193324,2.1254118468,2.106873558,0.0190089284,0.7061091808,1.7018220052,2.7876321058,0.0021562048,2.0324236096,1.205786422,1.3619991788,1.2827652844,1.4223226918,2.2364850312,0.9703562158,0.3090320735999999,2.7427389854,1.3310144542,0.8172685988000001,0.814114293,0.1700527419999999,0.8104404208,1.3407332592,1.865277984,0.0441642468,1.3535521574,5.5764457062,1.7316802652
0.1268591231999999,1.5381721104,0.008799616,0.1389554758,0.0,0.004489265,0.183972566,0.7663406358,0.0016789932,0.7945547304,0.0767118912,1.3772619868,2.2381885184000003,0.0656637742,0.0209332055999999,0.0178070392,0.0023387832,0.0332188792,0.018241222,0.86241057,1.2636415338,0.128914757,0.0287339133999999,1.4785236384,1.150779567,1.0377389842,0.0131553606,0.4596109792,0.4313102599999999,0.4829795771999999,0.3174234104,0.4438144502,0.0023337066
0.0538784422,0.0,0.5207637509999999,0.0150130108,0.186774539,0.0732678391999999,0.032119433,0.2223101246,0.0053625324,0.0,2.728728512,0.00098833,0.0413137109999999,0.0196751702,1.179463389,1.7993267249999998,2.1974168240000003,1.6465345266,0.3801173949999999,0.0,0.0479585394,0.1097384189999999,0.7023090626,0.0001903998,0.0,0.0,0.6282241936,0.044751762,0.322533417,0.112156539,0.1472941132,0.0151654656,0.0022679592
0.8795721188,0.0200663723999999,0.1855808972,0.8559141194000001,1.2111632927999998,0.0450932058,0.729993672,0.2411144512,0.0526433646,0.214739046,0.1932210132,0.0540682923999999,5.11894e-05,0.0956331746,0.3059651116,0.1234000962,0.2021600172,0.2616467312,0.505409709,0.0020774888,0.0176057654,0.3474853098,0.2203574338,0.035630408,0.0397716058,0.0011645094,0.1632741902,0.5758136894,0.4664943501999999,0.0308990112,0.7724439864,0.2006330674,0.2510493976
0.3203530388,0.0094636498,0.0709696304,0.0,1.004618054,0.3139321231999999,1.0039361872,0.2369652386,0.0749245076,0.0007815087999999,0.1898398822,1.3713223178,0.0206287796,0.1742633346,0.0130485866,0.1108921646,0.0844341096,0.1539318032,0.5454190891999999,0.0,0.0130020518,1.1566400806,0.3450537432,0.0072704078,0.000150985,0.0,0.0014172334,0.5627974364,0.0,0.126714855,0.0001217545999999,1.2638871144,2.0722367406
0.030281458,0.6716789808,0.1542281008,1.6507245834,0.0052272794,9.45896e-05,0.0019349831999999,0.0119817384,0.004513817,1.265069784,0.6275261218,0.2980590455999999,1.0438280606,0.0021996388,1.1469976614,0.7062259637999999,0.2089334926,0.6505357396,0.0081823026,1.1231619856,0.3514595808,0.0003011222,0.0293232319999999,0.3580218194,0.5126043062,0.530553384,1.2506057342,0.0055806295999999,2.3302074388,0.1136031676,1.9392694808,0.3477472452,0.0
0.8627377398,8.4774861816,0.246260684,3.3311004892,0.2026100346,0.0203858548,0.6569956412,0.0791558784,0.2341961265999999,6.551887479,6.4653472898,1.5078366438,0.6156978611999999,0.0054136594,7.2903527806,5.891420649600001,3.4145220952,8.9203233242,0.768059129,9.7620323494,1.0999983424,0.0357875171999999,2.1745387886,7.1605757912,7.3078050932,6.9736409234000005,3.0461715066,0.2265389376,8.1105643422,0.0601151211999999,5.5944568014,1.4398460898,0.00607143
0.4430431382,1.8408169138,0.0106930275999999,0.191320022,0.186014415,0.003594196,0.5363919524,0.0365615444,4.5694e-05,0.9001902608,0.0109626124,2.1326363134,0.0,2.95184e-05,0.0055674036,0.0119194312,0.059084387,0.0207229754,0.3669550416,1.8715347372,0.0199130397999999,0.1273492798,0.5849673162,2.851152296,2.643390201,1.2562953104,0.0056443705999999,0.434043094,0.1868399374,0.000162864,0.3803181014,1.123964709,0.159199751
0.0297536734,0.0,4.59642e-05,0.0,0.0,0.0016103696,0.0535174114,0.0404444544,0.0027145166,0.0,0.0611645902,0.0112623274,0.0075408258,0.0003102653999999,0.0001731882,0.0133208312,0.000612069,0.0195117572,0.0056062922,0.0,0.0518693601999999,0.0003270722,0.0,0.0,0.0004401624,0.0,0.0,0.0765084858,0.0,0.0075880693999999,0.0,0.0004670964,0.0
0.233721502,0.261470003,0.000121926,0.8952002962,0.001475165,0.0001810739999999,0.0891190758,0.0,0.0,0.4863294693999999,0.1919913207999999,0.0179846148,0.0002322934,9.24228e-05,0.2081442682,0.1076015782,0.1192530772,0.2863648276,0.0752380536,0.3560387328,0.0089252494,0.0,0.1734699197999999,0.2431198805999999,0.3311453342,0.2535782528,0.0256452044,0.0235306744,0.4164795564,0.0094097614,0.8917383642000001,0.201116812,0.0
2.214290777,1.6165500152,0.2638504384,1.5793155216,0.307857518,0.0217735664,0.9986688374,0.275069607,0.0102509016,2.2559527804000004,2.4580587496,0.9590226332,0.0346888066,0.1155509335999999,1.8953314868,2.2590089114,1.66200404,2.3090814964,0.7362013864000001,1.113134758,0.1662176367999999,0.40709203,1.454219456,1.3105440226,1.373838053,2.3088547398,0.5888269925999999,0.8266941854000001,1.8782530328,0.1668793886,1.8537907556,3.578951386,0.454630229
0.7613450378,0.0371347338,0.0392148333999999,0.0160835318,0.3017988997999999,0.0074891003999999,0.2108299861999999,0.0962867705999999,0.0,0.0551697008,0.2591954838,2.3075770726,0.0009122949999999,0.0518290592,0.234566885,0.2353916038,0.0722913748,0.3393405234,0.2782918728,0.0,0.0181900867999999,0.0797411754,0.1221983875999999,0.012546715,0.0126457242,0.0209516514,0.0498115722,0.1288084098,0.0545203071999999,0.0038533435999999,0.0130331296,3.8693184896,0.0
0.3768003507999999,0.0412391318,0.0032803442,0.0,0.0,0.0009457517999999,0.0030965738,0.0604917955999999,0.002376132,0.0276631602,0.049890274,0.0589626428,0.000267585,0.0012129658,0.0,0.0035555502,0.000905387,0.0075398266,0.0034725106,0.0,0.0093071062,0.0727123188,0.0003892274,0.0230963724,0.005583129,0.0404985303999999,0.0001039254,0.1560758019999999,0.0,0.0,0.000299239,0.4180160172,0.0
1.6850393416,6.3645604436,1.2366998062,11.0254469986,0.9562739378,0.0073419209999999,1.1910441362,0.0085360753999999,0.089942758,8.2940030566,6.5962684564,2.6448039818,0.0484137256,0.1218235804,7.1207662148,6.9877753276,4.577337844400001,7.350025275999999,1.4834708654,5.3427083598,0.340248878,0.0203369138,1.7034517322,5.7870791558,6.310216125799999,6.521815234,2.8482899636,0.2071080734,8.8209541232,0.0494514599999999,9.364192238,6.828912889200001,0.0511451409999999
2.069047961,0.876824281,1.4676805618,0.2296863103999999,2.9587462392,3.9820581276,2.9485805744,3.477623417,0.0077931896,0.614654082,0.513649727,4.5262082624,0.0028675752,1.0873260168,0.6975298964000001,0.9502780396,0.7710273697999999,1.2431453428,3.003079934,0.7816547249999999,1.162702468,4.4085351148,1.6847535122,1.298129342,0.9246193656,0.8388092547999999,0.4734305125999999,1.8318059764,0.5142584903999999,0.1509938656,0.5777546694,4.5199350668000005,4.172552207600001
0.1764850438,0.0005060594,0.0592810128,0.0,0.1206655664,0.0071409864,0.2439837792,0.1908838467999999,0.0344090194,0.0001847858,0.1170674862,2.0361027796,0.098853025,0.1221999191999999,0.0008112108,0.0233197346,0.2445934769999999,0.1070195134,0.1376560268,0.0,0.5906933891999999,0.1260034485999999,0.2329237534,0.0051152798,0.0,0.0002402284,0.0009197876,0.3039196065999999,0.0008257824,0.0484918564,0.0001765438,2.0044734374,0.023941742
1.4352005426,14.1518680168,0.146656662,11.0814798986,0.0974752262,0.1260849298,0.5765894804,0.6197574238000001,0.3293462248,13.7002353696,1.8101634544,6.1178754206,0.193104269,0.1341704728,5.3825444716,2.8123094586,1.0358462026,4.4114277336,0.3443133034,5.3529056966,0.338785,1.0193954368,0.6445966468,12.1423956124,8.643018758,15.3769163066,1.504000025,0.6463322772,7.2052970554,0.0827118882,11.3600706246,3.4186253576,0.5253411636
1.2537797146,4.467961108799999,0.3163786192,6.908536194599999,0.8194526572,0.2218332435999999,1.3853172868,1.0451946996,0.1911051067999999,5.294857752,1.7754363128,12.3773252046,0.089961444,0.181714402,2.3505695914,2.3829590028,0.9907427602,2.4617340370000003,0.6995094829999999,2.7644915166,0.074951402,1.8518579994,0.6942065131999999,4.914524452,3.397250218,5.714469770999999,0.7347930276,1.7617457609999998,3.820284106,0.043833973,5.7157562052,8.0037491418,2.6574943308
0.0116368304,0.0008435712,0.0001424244,0.0,0.0,0.0,0.004613264,0.0154691918,0.0004092802,0.0019228402,0.0488082968,0.021051408,0.0269359053999999,0.0300103738,0.0,0.0085248244,0.0002283299999999,0.0141563755999999,0.0006340774,0.0,0.021612017,0.0276456504,0.0,0.0008324824,0.0004026838,0.0004821581999999,3.81946e-05,0.0192310612,0.0,0.1083554664,0.0,0.0111081172,0.0
1.1011788846,1.9313282668,0.1178025954,3.1132370832,0.1404582914,0.0476578708,0.0797284628,0.0155509318,0.0097451586,3.2697502158,0.922319988,1.6217788544,0.1368092874,0.353520967,0.26622117,0.4235658111999999,0.9064390760000002,1.3223527860000002,0.7635940042,1.4223287004,0.002632632,0.0099512866,2.1115206414,1.228545548,0.8106654923999999,2.0156901198,0.2353912374,0.0304806811999999,1.1602227751999998,0.1763738642,3.2087483206000003,1.7256016816000002,0.0
0.1944031268,13.6975172748,0.6458426172,10.777429238,0.9531241394,0.300752755,0.9797889532,0.595866539,0.2997054438,10.329908710800002,4.1628222832,9.5452486408,1.0249048514,0.3308208233999999,4.3304445378,2.6615939366,1.260425524,2.4585398326,0.8938104062000001,11.1230108654,0.0667323834,1.1993805867999998,0.2587118112,14.0661084956,11.4709923308,9.015076423,2.6454156724,0.7444453428,9.946979362,0.4206943534,10.5825117104,2.2323675832,1.2684100036
0.3391153266,1.3275808736,0.230416329,0.3149519568,0.1712978124,0.2003954238,1.0046378006,0.1515067058,0.37254434,2.00816337,0.1608608644,2.6192449634,0.3540071036,0.6292407036000001,0.1031519708,0.2164182732,0.0319633676,0.158841884,0.0428330952,1.9624493988,0.2052370866,0.3876416906,0.0004067828,1.5347925682,1.4261930126,2.4590289028,0.4820910647999999,0.781033042,0.5159732325999999,0.2193348493999999,0.7076011108,0.9027187038,1.535251915
0.3114398852,2.9662016558,0.330291791,1.5609362014,0.1924663656,0.4151059432,0.319902417,1.0719001711999998,0.061888118,2.8287331428,0.0982480224,4.9519134166,0.0461360742,0.6338925644,0.0413005902,0.0179064351999999,0.1475158384,0.350042265,0.4434620182000001,4.024678064200001,0.0798745624,0.5078309374,0.3774081788,2.5776800778,2.4908534812,4.4184625032,0.2004848972,0.674131337,0.288374402,0.1639709063999999,1.8111764578,2.5410449412,0.0069799098
0.4876171732,2.5370263256000003,0.2487903382,0.71059873,0.2801450185999999,0.0505533592,1.3733895662,0.952953672,0.0860341214,1.7686619143999998,0.2282894818,2.3337956788,0.0486992556,0.3881022812,0.0159284806,0.092327923,0.4817133892,0.2267264158,0.6466654204000001,0.3165173226,0.0640782852,0.973386898,0.8327028329999999,2.5010626382,0.5413633905999999,2.4362382878,0.0593830569999999,1.5024901526,0.1780081027999999,0.1019475493999999,0.9290659435999998,0.8635220626000001,0.8163533439999998
0.8338455572000001,0.0898083906,0.9655723568,0.0228380408,0.4436355508,0.0657311054,0.032011945,0.4750104476,0.2148527816,0.0476812219999999,0.2626595887999999,3.343003641,0.0832789418,0.5456948001999999,0.0856922366,0.1142529747999999,0.3533705986,0.2838676946,0.148220098,0.1561613062,0.0880094324,0.0917738746,0.106151853,0.0957788388,0.139407406,0.0354885806,0.3486476006,0.3412080984,0.0017638876,0.2847264432,0.0530712579999999,2.8191646116,0.0
0.8454091634,1.681995105,1.4683919938,3.6428985454,1.3988710266,0.6038007918,1.6046860038,0.6691898702000001,0.0447341636,3.152821544,2.0431638664,6.3491060184,0.0090893383999999,0.9476421342,1.9006214846,2.6335558322,1.7160224642,2.638611751,1.3172432556,0.0082185585999999,0.0551051686,0.8068658592,1.5212305242,1.0407909119999998,0.1872761536,2.0853346574,1.9512896834,0.9457881986,2.166807484,0.1019008454,3.5931528932,3.4900479208,0.6541077516
0.1953060112,1.9333846646,1.5560637309999998,3.3510103084,0.0012149158,0.3881520334,0.1139926198,0.0,0.3279926144,5.331065989600001,3.8575880272,0.6410066872,0.158033014,0.3475494628,0.983759376,1.7413208546,3.7823710792,2.1055137054,0.1184142467999999,5.915285356,0.1294781694,0.0040344894,1.2836602724,2.5441832516,3.6242010028,1.489200485,4.1772914516,0.103412178,3.1989622842000003,0.3137640571999999,4.3875706786,0.4361895932,0.0
3.984487369,7.9088810486,0.2821263168,5.6692550392,1.4424487744,1.7746350434,1.1173099186,2.4864935474,0.4215106296,8.3701690372,6.632474078,4.494196058999999,0.4139421949999999,2.0886941278,7.9297002726,6.4890591728,2.456314653,9.383317376,1.2585688642,9.109108636399998,0.7289248244,1.4800288694,2.0023583152,7.164374620199999,6.0478762512,10.402085544799998,1.3469453852,1.0950638536,10.0142774728,0.777465761,8.8170589058,5.7811773424,1.1665366496
3.8220138768,10.0319291946,2.215482307,15.742141173000002,4.6723726594,2.9375663626,3.7533366078,0.0412884586,0.305427862,13.1199875922,5.6861828426,22.7859606954,1.1307956858,1.8320585192,3.6539226574,3.7060959102,6.470907857,7.358993548400001,5.6583784176,2.5833424732,0.4062017433999999,2.058030245,7.4396876806,6.1853240424,4.2214835314,15.8148340352,4.9084832322,0.8981766736000001,5.7820786298,0.8004968884,13.0231059964,10.8646523866,1.6269989419999995
4.3211348736,1.2667507318,3.3422435146,2.1719649054000003,9.2303892192,8.2229606002,11.6344697696,5.546479475,0.5684788946,1.1802072254,1.0471803232,14.188163996999998,2.3173081164,4.240347371,0.7337557716,1.0775228702,2.2035691056,2.9202413926,7.470772778,1.6423503839999998,0.487772924,11.7608810362,5.253152239,2.2891183354,2.3874409178,1.3694310476,0.3375276062,6.0555123148,0.5459511468,1.8131171408,1.2234470932,11.0342847288,15.3875411606
1.2496218672,0.4083326149999999,1.2965398668,5.2018919048,1.8392332042,0.4777209529999999,0.991776255,0.5478890319999999,0.420583123,2.3334477268,0.6436869372,3.2336213332,0.3229641481999999,0.9889867042,0.6794818664,0.3898076102,1.3242795778,1.3087170966,2.3299466878,0.7250734543999999,0.0402662294,1.1959064572000002,2.8312743644,0.2894162114,0.4965353628,1.8052916590000003,0.8758729056,0.7385814136000001,0.2175893568,0.5628107179999999,3.0429128812000004,3.0037612014,1.9298508012
3.811750935,7.385244775399999,4.883570168,3.8540762162,7.175248599999999,8.9366441842,6.122238822200001,2.7696403614,0.8258732817999999,6.4628915644000005,2.191474436,11.9229606152,0.1835641229999999,3.6967302506,2.3704998262,3.413842684,4.4062849312,5.137394734,5.6685625394,0.2025247748,0.8321712886,7.990246185199998,5.477330406599999,7.3608646036,2.7131399272000003,7.8831693966,2.8329961594,5.6278553344,4.4032905726000005,0.758693311,6.3700522372,7.678817545999999,9.1197876732
8.3159995904,6.7860912108,4.0750052564,5.9601438438,6.602770854000001,3.1669379692,8.9326373486,4.5137514286,1.2369045276,5.751564502,4.8013705844,13.0426656074,1.4840740959999998,4.7141448308000005,2.4985306672,2.4909931528,6.423956497400001,4.5499339542,6.7363663086,3.499784977,2.1945881138,4.5743396160000005,6.162180213400001,5.3112928894,4.7865322096,5.5969743864,2.4226048054,6.593753790799999,5.5296588942,3.2276856367999995,6.739571118400001,8.602462368,5.877892481400001
4.1141895888,4.5594443832,0.5363577768,1.0076752424,3.5005606788000003,0.91773765,4.6596481572,2.6948610092000003,0.5607678386,4.4933684354,0.4977252322,8.486417542000002,1.0221011947999998,1.7316158846,0.5784915314,0.5274436490000001,0.4993507206,0.960714112,2.6993529452,1.3023799046,0.5646539688,3.5651210150000003,2.626724423,3.5299780012,2.135191582,4.129183205,1.1403388736,2.9966666592,4.7998354906000005,1.1873836488,4.3863977434,5.36286215,5.037699613399999
8.7191441184,4.9223336314,6.0796381886,19.4812250632,6.163762452,4.8915830096,10.0844199128,8.3616474628,1.4306905354,10.2630750578,9.2497648094,17.1764815776,1.6790524334,3.9953953982,7.5348275848,8.65595603,6.287213728999999,9.4799917038,6.9072040580000005,0.2611069932,1.5105652384,10.2217154458,9.2576983622,3.923862791,0.7799538626,9.8016026894,6.3279613368,8.1217741186,3.4370287768,1.568802283,13.6524481498,13.7138897228,8.5012766042
5.3102678528,8.139155669,0.8771108059999999,3.4181220356000006,1.217611117,1.7825828564,1.8535145632,4.3060462134,0.8783343858,4.3225110684,0.7901150484,10.0473326052,1.2629487628,4.0373113818,0.7862054136000001,0.297794138,1.0038103858,0.6281122074,0.9042993566,3.777267263,2.7405491174,4.8381103352,1.3852135756,5.559146058,4.790740917199999,10.1699972662,0.8397699665999999,3.849820886,2.0564706722,2.0807811024,3.2501358848,6.098778519400001,2.2148833226
6.1916902784,4.30691794,1.210925318,1.0395196782,1.4077142592,2.2187112312,5.4859177886,5.056228177,1.0289564418,3.7186386372,3.7684318456,4.5249269408,1.1581423466,3.7908801388,1.9005084946,3.9587408642,4.7248433196,2.4764638504,3.2574581268000005,2.6192809964,3.4565184388,6.213413128,3.7942417626,6.6153398682,4.5247187786000005,4.0525223452,1.4153404805999998,5.5748540176,2.4739229144,3.377993742,2.0391939898,4.5837040556,6.801158625800001
5.9026337348,0.0091129389999999,1.0691015446,0.0077481901999999,6.1387180576,1.4584504586,5.9626858338,4.1550000042,2.7755935504,0.004821302,0.1438265084,0.0168924677999999,1.334057518,2.2893104384000003,0.0038921534,0.0364983994,0.4802210434,0.8962307612,3.2096800836,0.0214449332,3.6470994314,2.1411807934,1.3150941748,0.000472235,0.0034286548,0.002701592,0.0651024154,4.782856918999999,0.0013166978,3.1907510518000004,0.0142096349999999,1.8554804642,1.4131673878000002
4.1649517928,3.6728901104,1.0405963494,1.8990803456,1.7426092668,0.1242223612,2.2103898146,0.1634106696,0.3036662266,4.3837068714,7.4968416082,6.0575321896,2.2462151346,0.6308932711999999,4.998850297400001,10.0305646566,6.0227191546,7.7673336338,4.4399344138000005,0.0016039864,3.693972959,0.0142887128,8.4079129926,1.2944589828,0.0100773914,5.372034473,2.2724143952,1.0207237336,2.2818028968,1.2125522206,2.107685532,4.6119089672,0.3821226186
4.1703829858,9.6362699474,6.3033346698,5.1427357452,4.6989216742,5.8776948698,8.0785745756,15.1799679238,2.6707401632,6.0309874614,3.0294003022,9.1201285676,1.0830489656000002,5.377134372,1.0108096398000002,2.5911651706,3.0201841384,2.6810727958,2.5201878036,0.4809714169999999,5.48460556,10.2586331246,1.3092656392,11.6756787918,4.8788074588,9.696880899,5.4402822272,10.3254877754,2.6202294568,2.9526719812,2.5220617436,7.072998946,9.584589993600002
6.5864763026,8.0476665948,3.71559668,8.8587239756,5.5434832846,4.1022816804,3.9179269316,3.4166191712,4.2376079392,8.1189209182,1.8709717816,7.1665575526,1.0326274234,4.9876658558,1.383200888,1.5213463070000002,3.1578452704,4.1694273476,3.8594970256,2.1100691056,1.7298815502,4.6410420988,5.0280988106,6.4543690564,3.0811494450000003,7.8128525788,1.442599737,4.04766358,2.1517219560000003,3.2801068205999995,7.2896593518,6.3825888154,5.8462546266
6.737878692200001,0.8229538956000001,1.2964518742000002,3.1788236164,3.72985803,2.7966200710000004,8.6365278938,5.9462207902,2.751673264,1.7461307494,1.5998130164,4.529878764000001,0.6729423912,3.8348961272,1.6932370026,1.4513510691999998,1.7055127119999998,1.7092587158,3.2457859302000003,1.2372617206,4.5368740722,7.600213599,1.278333472,0.6496212008,0.7929955317999999,2.200119398,0.5843774914,8.1526128644,0.566218926,3.0438507764,1.583374375,5.1464687374,14.9108191422
6.407242221200001,2.488010609,2.000363575,5.5789704946,2.3203033258,1.2944009562,6.184785741600001,3.0599636302,2.7115615422,3.9980712556,0.9549002134,15.8117599832,2.6870323738,4.2167693786000005,0.3986757871999999,0.904466144,0.7846845177999999,1.3402470524,3.0550677876,0.0,12.1269993524,4.2048919456,2.7412722748000005,2.405508652,0.0552571398,6.14388521,0.226492014,6.6861982422,0.5231086175999999,6.0700609164,4.150970916,10.070556541,6.0264741776
8.0276364584,0.290022651,3.0351367108,1.3638940204,0.9659203454,0.3870423098,2.0516106974,1.5036877368,2.1390552068,2.8200406234,1.3234670446,19.513851336,4.5818798912,2.786430151,0.9860508414,1.1201955908,1.1728958518,3.2014878632,2.1652118456,0.2562518818,7.621682464,0.773207515,1.6310902242,0.171044025,0.0820477912,1.1123941018,4.0198863354,6.2140323996,0.865820398,6.520279527,1.0364098294,11.678934585,0.5943652269999999
13.937748317,30.9694838182,2.5442207046,35.300025008199995,19.1296680758,3.4995503872,14.243630156399998,6.8026817248,3.92726103,27.9421202486,7.4911654924,9.8732123336,2.8558298822,6.4782782154000005,5.7433467852,6.9487296380000005,7.681582742399999,10.01988884,13.9996502738,16.107409923,5.5204693136000005,7.380825045,10.5946772658,26.5165058816,10.5247358544,20.3099425342,2.7555341052,7.670693794,13.5479343054,6.488298650999999,34.501468112,12.581319238,10.976592693
8.1929347776,10.9996177122,1.407591543,10.0287946392,10.8092736216,5.218151070999999,9.8211153476,4.0012408426,3.211910917,22.0053279144,1.6082519288,29.94899554,8.736732084,4.0507483436000005,1.1167127072,0.4853636312,6.2830094864,5.9285212476,9.0355444796,2.1122541672,5.696692727,7.2101479618,8.5632224502,12.2605776548,4.522843440000001,25.706076843,0.4903510564,4.3725361454,2.4765382958,6.972536496800001,11.3133846434,20.644048798,9.005844508600001
15.760988481000002,45.901644488,2.9651731690000003,47.95073049,2.6591444634,2.0278177242,8.0231716874,7.4545211516,2.2647760898,49.078364602,1.3853853396,14.3174200848,6.320293281,3.7910076506,15.036031119,3.8493880254,2.8390442772,14.139959698999998,5.0060055512,30.2723138632,3.805715046,4.501529325,5.4547900046,35.819081122,34.947966978800004,43.139763708,5.5739191984,11.5412094504,34.7002523976,4.1055850004,52.4784606488,23.595596248,6.3985784026
1.0653629215999998,0.1044979868,15.9647636154,0.4150002196,2.23425097,4.894958221,1.4703397906,0.3561280001999999,4.9572347626,1.7226125222,22.594055529,0.187878767,4.423628985400001,4.1231863816,4.6484867148,12.0360810586,12.0686144442,10.3770092142,5.574334120800001,1.4510450467999998,4.7716474566,1.530136979,5.6107142746,0.1594977437999999,0.4841656156,0.1379652072,10.8541447602,1.0347795818,5.0031625878,4.9496841066,2.0686065144,1.2549766308,1.971604006
4.4034414732,6.367656557799999,12.5176576194,0.1976222154,6.0691883146,13.6731276184,12.7255839684,6.9997729506,6.212533462000001,4.4720337458,24.8673505966,0.5243461802,8.342599403,9.312100868,6.278156857199999,18.2427652272,22.5268966918,13.0149234044,12.301059099,15.3354176318,4.6456581872000005,8.875671084,20.8031789926,16.210610923799997,29.7961026084,5.6119310642,12.5487717664,11.3870730742,12.2632856374,8.059077151,0.8073332821999999,0.6917622449999999,6.4859619330000005
1.126678325,18.2193538562,14.2716169422,1.42178513,15.5315164598,18.4973591198,8.9465668738,7.190612316399999,3.994102763,2.8946017998,12.9258767922,0.6123650975999999,6.1566106056,10.5698109468,11.4483787308,15.1561894666,9.0552705072,15.843634516400002,6.8491854046,9.4647995728,3.5464697268000003,10.4518830002,3.9062284752,14.9300358688,3.8737286152,6.5306837798,19.4351832526,3.3576452262,21.7823819762,6.571426069599999,8.626639239400001,0.8555249251999999,14.164425181800002
0.113696278,0.0652041418,6.580733346,0.0358538496,0.0532523808,9.5817885488,0.0027933477999999,4.1907807342,5.603144840000001,0.0306075696,0.6663085886,0.5301674892,6.3460181132,8.8550336384,0.2125842003999999,0.3990123852,0.513820195,0.231054466,0.2212370406,1.3252511568,3.0003790802,1.1508159878000002,0.1709258588,0.043882019,0.4313609,0.0790094524,6.9091550532,0.0594803592,0.235029163,5.901003684000001,0.034791833,0.249073915,0.0813040756
2.3220606288,3.2635617454,6.4131826128,1.9444533516,1.8639174298,2.8288951096000003,1.7572667984,2.9891374842,5.215649576800001,4.702841791,1.0164904246,13.2267575244,5.0323600618,11.9522734604,1.1850387354,1.127629729,0.6967395756,0.3440034879999999,2.2161062504,2.9058694076,3.1871010096,2.3658737640000003,1.0367194202,2.0629413688,1.0943103746,4.4503926094,1.9266424638,2.6052123556,2.8750576498,6.586225997,4.3159591454,4.4619090774,0.3521005554
17.1835932334,1.7695543726,1.9666834526,9.2169371246,8.0672744866,1.29516461,12.0476452304,2.8841505058,1.1657896663999998,2.3329177916,6.551424134800001,2.5513536818,5.602121744,3.153957618,10.0086046746,6.6265773914,11.7081972836,7.6415835754,16.50249334,0.137031026,8.5324909044,0.5848061816,13.4881110598,0.2666423928,0.1055498362,2.850363578,9.010222719999998,5.1217773946000005,5.4038348766,5.0469903524,4.570008767,19.324080234,1.3377491704
2.65525638,0.5271390032,4.254953443,0.0733967812,2.2608847018,3.9821025048,1.9565789642,4.388111671,1.8694960722,1.0867590018,2.1404078682,1.5965565307999998,3.6401212468000006,4.6065346214,1.1937443043999998,3.780201988800001,4.467838884,1.5058899609999998,2.3703680568,1.5908960992,5.8264378972,2.5888959954,2.3021530096000005,0.8851413137999999,0.8604575912,0.1584878572,3.5688557450000005,4.6253064082,1.5503481852,2.3634988078,0.1233940564,0.7297781618,2.5703070014
3.5066109698,1.0923578342,5.891976065,0.0690883664,0.5287024034000001,6.952439847000001,1.5945129444,12.8864506738,2.6690849942,0.1030043698,3.5171376429999994,1.9023004352,5.0380012976,5.7487879518,1.2063902294,1.2564584026,1.6131388024,3.0427759438,1.486317372,1.5441269188,5.385760358,8.5178007032,2.906561734,2.0598030292,1.0980303202,0.3980820696,2.1506266642,4.4864693972000005,0.557137429,2.926111344,0.6134724154,3.4822468874,3.5812670792
0.882357932,9.5896578716,1.4929808148,0.4290452568,2.8054419012,1.2730675541999998,1.839696738,1.2663518758,1.8081552974,3.2849234607999995,0.2310448875999999,7.3461380938,3.2749771924,2.7750511754,0.8434433236000001,0.3992096404,0.2182877604,0.2660251254,0.8780679566,2.7702690208,0.811412039,0.4931624876,0.8909254092,6.7005233488,4.9963164176,6.6915617014,1.046325082,2.7132079404,1.438084669,2.6882230492000003,1.3216850626,8.1903271176,0.1237779471999999
1.44729361,4.884851397,0.9813920052,2.6762218732000003,1.2870946858,0.4173595334,1.3585823212,0.4443219676,0.2029836516,2.1920819406,2.727345656,12.0249011564,2.7794543746,0.6505277118,2.6162283964000004,5.3004765486,2.3695802506,3.5819612948,2.4080294826,18.7521853902,2.6310780798,0.5406744902,1.4642912942,11.1594210998,15.2135965832,4.5027743794,3.8912502616,1.1562236234,2.6357529668,1.2674819018,2.5341786646,4.8404402634,0.809381811
0.174973614,0.749100702,0.8984877986,0.7021414078,0.0395797242,0.5258193122,0.0197351868,0.0500272872,2.082142185,0.791750728,0.4745729422,1.278436845,0.4524386958,0.8545620564,0.4809069636,1.2051786398000002,0.3789982555999999,0.4806742434,0.0558285848,0.3700726464,1.3039333240000002,0.0150810689999999,0.0270893247999999,0.4785303654,1.224069186,0.1310447328,0.7682823742,0.264414464,0.6616633696,0.3221261886,1.0498917198000002,0.504718259,0.0395076498
1.201854458,0.9072619656,0.3848068852,0.5928826414,0.0197250341999999,1.3247117718,0.1285679532,1.3700634236,0.2561555057999999,1.081625005,5.4571564294,1.1143352432,2.358321742,2.2786463898,1.0082422934,1.9072146392,1.7100936882000002,1.9366690776,0.0323881526,3.203739884,3.4476593794,0.1448337948,0.0916291874,1.6092411562,2.0199411972,0.517398273,0.5454095894,0.9021386528,1.692535509,1.9678296974,0.5686322610000001,0.584174781,0.3618361799999999
1.3779716108,0.1774248357999999,1.1747390452000002,0.0473794714,0.5576309362,1.795439091,0.9699945508,4.4584374756,3.7384811934,0.7221845412000001,0.4075189588,0.640096918,5.095341619,4.029791677,1.2751642746,0.5755691882,0.3942880722,0.702674241,1.3257569804,0.0084647344,8.2850608304,3.5369312072,0.9388680676,0.1858046272,0.049635676,0.1974273107999999,0.8135189362,2.9411362598,0.7199189186,4.193487276,0.1869338603999999,1.4701371256,2.6296001606
4.3641039194,0.0145474262,3.3536357876000005,0.7693429308,3.5755988608,6.273880108,2.2026904160000003,2.0987196568,4.5312523984,0.3100833286,1.6497444512,1.484014765,2.3206445954,5.491170697599999,0.7759563414,1.6493867928,0.3862737642,2.2464579266,1.4824253984,0.0021799268,3.4491779154,3.9814888388,0.2402012989999999,0.023181693,0.0069524234,0.0086056761999999,2.2738549704,5.0924235178,0.0526432716,2.5866002704,0.4227204218000001,3.9873275844,5.7168418552
1.3311759288,7.3960429856,3.7471666142,0.7119666024,1.7666269658,12.0724202098,0.424677893,2.008110764,3.9237840478,4.6202861438,0.8994042792,2.5730003416,2.0206968704,6.6482866984,4.001958742600001,1.9225488604,0.3588517671999999,1.1101124426,0.4583324086,15.1525094074,1.9841471608,1.830543604,0.2853980131999999,10.863145465,13.637249889,10.326224778,0.5592500462000001,2.6997322656,0.7021942809999999,1.998867006,2.0374263146,2.5670730722000004,0.3643057106
0.7001927558000001,2.7790199552,1.4183087956000002,0.3255370573999999,0.0265380838,0.5858411219999999,0.1395866646,1.8126034576000003,2.9222099786,0.5167657419999999,0.2675833648,3.5223862572,1.4133586482,5.184355334,0.0610606134,0.0614911034,0.0060587242,0.0729504025999999,0.0874644151999999,15.789684675999998,4.3511216392000005,0.13570178,0.0146228379999999,9.6105839978,21.525189045,1.1018291624,0.1293973772,0.5177487242000001,0.0948835745999999,2.7087027812,0.3329430111999999,2.357011267,0.0
2.6867803004,0.9733855978,0.3826814344,0.009897049,0.597681307,0.6088475846000001,2.6894364856,2.801604338,1.0209762436,0.257132677,1.3254923051999998,2.1524318384,3.8894722252,2.99196684,0.385682753,1.2308117764,0.5153578567999999,0.3052620034,2.0797624264,0.0588543096,2.7636746486,1.7409931078,6.690009394800001,1.4494367036000002,0.0397146952,0.2310757333999999,0.1806898556,6.3133910586,0.0178238841999999,4.0051717714,0.0437556476,1.9375549178,3.023412963
7.898555766399999,0.4758687198,11.3001130372,0.0075823188,9.999627498,10.5952275904,6.0954874506,12.0591063828,0.9396842376,0.0012456332,8.159691459,0.2031819842,1.7869869550000002,3.160347,2.3534127868,5.517483629599999,10.616335152,7.8332270334,10.6460693386,2.1036022024000003,4.20976784,12.3065645008,13.9908537376,3.5332410573999997,4.0404950162,0.0016550601999999,8.272476696199998,8.566189320000001,0.2298521314,2.8182759306,0.0827522198,1.6088492341999998,9.1037878854
5.866563339600001,0.406755139,0.2732160696,0.098560682,3.4720746354,1.7355800932,6.8149302594000005,2.0150808802,1.1780409008,0.0352038338,0.5588039292,0.1206434632,4.2398730608,2.6711909604,0.463930531,0.4906391728,0.417021802,1.1357516044,3.191682614,4.5126749162,0.5899065802,2.6019611944000003,1.5412048436,1.4543484646,1.6591984930000003,0.0943716882,0.0426448944,5.8059051748,0.0738588739999999,4.064331177,0.077036889,1.866708127,4.263879812400001
0.7144554076,2.2964787252,1.2732081322,0.009061975,1.2798703724,2.0882502098,0.6968120541999999,2.2631927964,1.0424858952,0.5256313336,2.669558358,0.349168218,1.5514701742,3.3284846912,0.3604297664,1.4479407686,2.717089438,1.7174848961999998,2.057667925,8.2209220444,4.5662493142,2.5259724678,3.2984834862,3.8716340796,7.0028763526,0.4373594702,0.3677362446,1.4459874924,0.3664947024,3.4875005416,0.1327167112,0.1168307939999999,1.2266879262
7.2045000254,1.6003298828,2.105884133,2.8907457338,3.294204237,3.798901854,5.352063123,3.1097788888,0.558318119,1.5101342334,0.9047183318,1.8121384234,1.7952530186,2.0253201654,1.0374982248,0.6637445018,1.8075225692,3.0622484944,3.9127820064,3.0371076848,4.2514221806,5.3525587962,2.6390183756,2.6448294046000003,2.1488963662,1.7901010398,0.4828378772,4.9660472556,0.8627020032000001,2.4749860044,2.0062007524000003,5.7185727904000005,6.2557675752
9.5213889952,5.422524652800001,6.7145024406000005,6.7765951626000005,3.8883859282,7.9595542322,2.7106543226,3.8542343008,0.277868702,7.5133964986,15.1694762926,4.4940495952,1.8661635628,3.1468885726,9.3051041886,12.4311161204,12.6193293164,9.7715253654,5.4756158444,6.6513685228,4.8995891184,3.9190322174,7.317184473,4.3256590536,5.8213301668,2.2044659654,6.517853704999999,5.279793826000001,6.3493707462,2.1391503068000004,9.084501901,6.455619651400001,2.4117445172
0.8481152892000001,0.7407702216000001,0.2008384918,1.882468113,0.1291878528,0.1524950712,0.7614243977999999,1.3022181822,0.2402423458,1.5323718712,2.2108409188,0.0459145014,2.1573698498,0.3669457271999999,1.5693817952,1.5406868660000002,0.7512428746,1.7324621055999998,0.2035336166,4.1870487036,0.526091043,0.8931184163999999,0.5295408831999999,1.2609815302,2.966168075,0.6679177926000001,0.5156838402,0.7480332655999999,4.4914056936,0.6865962588,2.068989331,0.935466105,0.3351252748
0.0064556732,1.6583876104000002,0.9874978758,0.0009567184,0.0844884086,0.211253281,0.0543169714,1.125488129,0.0595455701999999,1.266509265,0.0393199034,2.3189321162,0.6431571126,1.3405131088,0.0018805576,0.007134566,0.000937046,0.0080684778,0.0083360168,1.036182011,0.6141117848000001,0.4966273334,0.0013525712,3.4741413866000004,1.9891259716,0.994466087,0.6165518437999999,0.1428018622,0.3177290111999999,1.0023867432,0.1042105068,0.9864286874,0.0118411212
0.7923234846,3.7861576378,1.769282017,0.0056470016,0.437738956,0.6100813328,2.1426202538,1.6151483724000002,0.015469361,0.4078568114,0.3496833168,0.5062216106,0.2969807486,2.3033383478,0.012481079,0.0963724624,1.128803695,0.6095805196,1.5975486636,4.9735229034,2.2590920822,1.5741590234,1.9999648176,5.036293378,6.6603985908,1.982820792,0.8041231972,1.7867003314,0.0015035256,1.1192680644,0.0067054468,0.0544291406,1.9364507298
0.7957946778,0.0027384536,0.4910560294,0.0297821106,1.719107336,0.767982497,1.586550245,2.5346777044,0.0172938332,0.0180551175999999,0.5552525996,0.001805317,2.6318273014,0.3942569449999999,0.1051086906,0.2823897878,0.4720644708,0.3193145418,1.4704765494,0.0037362022,6.3540982428,2.0923247478,1.2081838566,0.0130097941999999,0.0044164192,0.0016130558,0.1966721814,1.41552528,0.1323338526,2.0346558914,0.0043092426,0.0214154456,1.847353162
0.2538985632,0.6229337067999999,0.7975286838000001,0.0120922928,1.1699086482,0.467791545,0.7452333042,0.4700485665999999,0.0001592216,0.175098909,1.9263012538,1.6328516495999998,0.0014774972,0.3563761399999999,0.6618610618,1.1594579974,3.0699972088,2.1050207476,1.1251201942,0.1134827226,0.0418410714,0.6824166361999999,2.3955351142000003,0.7416556738000001,0.0947171234,0.6922629636,1.9757146562,0.1664111156,0.47077783,0.0203783918,0.033548806,0.250909127,0.7417839267999999
2.0080013006,1.4962545829999998,2.8735021176,1.1692031516,3.0615830764000003,0.2067656358,4.368503029,1.127099947,0.0007907268,1.1860639222,3.7470083916,4.9765046572,0.0217482515999999,0.4430417616,3.2262480184000006,3.8660916152,7.702276543799999,4.0401989292,5.6963827914,1.2798513406,0.1321861382,1.0921443772,7.8648529524,2.6591522516,1.0940333024000002,1.6576329512,5.364927629199999,2.5400424256000003,2.0279484136,0.005453032,1.2638556638,1.5159804054,1.4873669282
1.7752331926,0.1195223555999999,0.5710122974,0.8622238374,1.8048239446,0.3527681198,2.344580135,0.7182601082,0.0400976672,0.2386207852,0.1796176114,0.3633687317999999,0.1502284752,0.7296514846,0.2810195788,0.1599650818,0.4767587710000001,0.7016386084,1.608866154,0.0407554383999999,0.912461731,0.5675737636,1.349300493,0.0958888967999999,0.113683715,0.1499776,0.4530063672,1.5158104056,0.2829742934,0.143054485,0.4957591406,1.3289243175999998,0.8517354076
1.4841759474,1.3582480742,0.4565648172,1.1167798674,1.1488647164,0.8633371434000001,1.9219867124,1.7139061498,0.0424524232,1.0697442184,1.7277206034000003,1.8513157812,0.119185581,0.8497903386000001,1.5852235718,1.724153715,1.648508948,1.835545932,1.3136074636,1.509575229,0.4284559953999999,1.6607373566,1.6014750524,1.1012905678,1.2608643238,1.4212986468,1.1681035730000002,1.8719389086,1.6410411408,0.1295666728,1.2800700906000002,2.0972992742,1.6970838668
1.3748114658,0.0336497684,0.204071212,0.3482440182,1.0267132952,0.0172664378,1.0929504314,0.0116458249999999,0.0,0.0445229949999999,1.941447378,0.0025325414,1.838e-05,0.0098700084,1.16599128,1.4854447844,1.9467814722,2.046669426,1.5858634937999998,0.1581280074,0.0036321602,0.0955909264,2.4623025206,0.21047557,0.4186801511999999,0.0,0.4976495852,0.5552363178,1.0217372794,0.0004841558,0.3517585822,0.5114936062,0.2070420478
1.6835557519999995,0.9774431113999998,1.2915828696,1.2175874142,2.9407293176,2.0091994798,2.2027389366000003,0.744907687,0.0320138558,1.3732083524,0.2906164867999999,0.6641092068,0.0002768112,0.2948351224,0.5346874726,0.2523276594,0.6511560848,0.7452317462000001,2.7636986098,0.1041511255999999,0.093179113,1.3257453648,1.9400459472,0.6227826066,0.2743848124,1.1506468008,0.0605644634,1.1187717236,0.642784885,0.0327310814,1.3354340984,2.84817639,1.8480043356
0.8074734608,2.2072259914,0.1486609788,0.5378532118,1.155934574,0.3787741918,1.4676225018,3.1112540188,0.0223405478,1.503258648,0.1166426503999999,0.7025477758,4.01206e-05,0.4381455132,0.0142081035999999,0.0488584672,0.071058413,0.1746493558,0.3864247264,0.5392684352,0.2155112816,3.2499442165999994,0.1383114503999999,2.4656905504,1.5360949506,2.1960801844,0.0275559534,1.9860749704,0.2199531401999999,0.0287614946,0.8262290568000001,1.0534077094,2.9446492496
0.1884921194,0.0,0.1762428226,0.0,0.0289445383999999,0.0351367275999999,0.01856958,0.3258544612,0.003016446,0.0,0.040169864,0.0008892529999999,0.0,0.0004354448,0.0,0.0061238276,0.004312689,0.0072815944,0.0175907371999999,0.0,0.0525590858,0.4140998235999999,0.001723491,0.0001623522,0.0,0.0,0.0045688896,0.2667423217999999,0.0,0.0001444008,0.0,0.001785142,0.1414640756
0.4057129456,0.0006516242,0.1802382374,0.0011360364,0.0,0.33005533,0.0514501626,1.3584528284,0.0,0.002920397,0.0738001963999999,0.0009628088,0.0022887068,0.4337429819999999,0.0,0.0192937324,0.0349252222,0.0239914288,0.0019092484,0.0,0.133032499,0.8814292714,0.0,0.0002470614,0.0007658072,0.0,0.0079905126,0.545495794,0.0,0.0017756776,0.0008781448,0.0017596582,0.1662556888
0.772722552,0.0,0.003209558,0.0,0.0,0.045835303,0.348761873,0.791777369,0.0,0.0,0.09092811,0.000548056,0.0,0.007488022,0.0,0.02517568,0.000680628,0.04740284,0.0,0.0,0.030910595,1.167452521,0.0,0.0,0.0,0.0,0.0,1.377929166,0.0,0.0,0.0,0.002202829,0.770310146
