BM,BTG,BWQ,CLJ,CT,DMZ,FSB,GGS,GTQ,HK,HLS,HMS,JJQ,LJG,LK,NJG,PS,QJDQ,QXC,SJY,SMZ,SPY,SWB,SXC,WC,WHK,XH,XJX,YJ,YLJK,YSG,YYL,ZT
1872.21875,34401.3875,2295.63125,19368.975,11882.96875,118.2,9692.33125,9449.81875,1094.14375,32031.15,13546.19375,6827.125,1841.1375,4163.65625,13361.25625,13477.00625,13557.46875,333.25625,13570.44375,1069.275,5231.95,9540.75,13369.0625,37268.525,39643.69375,32398.99375,3885.0125,277.2375,24846.8375,2815.0875,20272.81875,12732.2375,9688.2375
1534.6375,32396.41875,1819.76875,20680.1875,12762.35625,58.54375,10917.3375,10806.84375,1759.29375,31697.98125,15019.19375,4994.8125,2736.15,3986.075,15782.75,15134.10625,14982.54375,320.4625,14415.35625,1359.73125,6791.10625,10802.3125,14643.45,34242.69375,36326.025,31793.38125,4269.5125,198.95625,26319.95625,3411.61875,21145.13125,16084.19375,10893.63125
3067.63125,32055.446878,2709.671875,20453.55,17523.700002,62.6625,14900.662504000002,13873.568752,1873.834375,30663.76875,19753.109376,4016.840625,3320.29375,4032.515625,18647.906254,19463.618752,19815.962502,350.334375,20230.171876,2399.96875,9627.193751,14223.265626,19576.071878,33882.365626,36438.115626,30706.668754,4623.953125,887.871875,26067.571876,4308.590625,20423.006252,16631.990628,14849.531254
5422.253125,51609.625004,2323.121875,37922.093754,20619.415626,57.940625,18232.193752,16471.390626,1721.478125,51791.843752,27868.750002000004,8221.143751,3758.284375,4040.228125,28228.481252000005,27936.534378,27810.853126,449.4875,26420.806252,2784.221875,12234.66875,16821.484378,26827.125002000004,54996.431252,55245.618754,50744.415626,4142.025,1013.409375,42263.284378,5244.96875,36898.871876000005,27243.540628,17770.375
3728.21875,72337.37500199999,4455.521875,50444.200002000005,23869.331252,56.215625,19512.587502,18103.662504,1662.3375,71478.003128,31736.450002000005,10011.131253,4078.228125,4186.73125,32793.181252,31997.021878,31555.912504,875.209375,28052.571876,3252.58125,13780.493754,18397.753128,28484.425002000004,76037.059378,81530.012504,71241.071876,6584.36875,705.259375,60781.653128,5994.34375,51331.868754,31985.290628,19102.009378
2027.284375,70152.39375399999,9285.475,45171.3375,27409.453128,729.278125,18250.859376,16913.968752,1625.80625,66663.52812599999,31670.693752000003,7006.409375,4088.00625,5032.946875,33223.265628,31985.003128,31507.068752000003,1029.0125,29550.728126,6060.08125,11770.693752,17740.668752,29587.125002000004,73416.51875199999,81531.540628,67724.83125199999,9257.165626,425.95,58450.21875,5409.2875,46903.546878,33684.475004,18041.012502
2922.896875,61700.384378,11889.584378,46847.853128,34064.687504,2014.621875,21873.728128,17078.587502000002,1459.6875,60337.878126,40103.578128,4525.159375,4214.3625,5284.009375,41168.38125,40386.112504,39972.643752,862.29375,38043.815628,8027.94375,11387.9875,19689.356252,38558.850004,62930.946878,71639.85000199999,60288.609378,6686.1375,1442.24375,55598.271878,4662.725,46787.684378,39770.918752000005,21224.918754
2833.540625,61027.20312599999,6459.159375,39462.746878,25056.506252,1151.84375,18500.57813,15655.7625,1345.2,56293.334378,30439.656252000004,3193.471875,3580.603125,4905.934375,32772.418752000005,30881.828126,30288.346878,835.009375,28481.856252000005,10147.846877,10384.521878,17245.725004,29045.959378,64055.493752,75718.10000199999,57544.70313,8361.04375,896.603125,52052.315628,3814.9,41464.000002,34547.409378,18114.700004
1899.003125,48181.625002,3800.29375,31475.396878,22162.490626000003,947.759375,18263.728128,15995.690628,1332.7125,43035.093752,25648.337502,2365.696875,3720.76875,4692.996875,26916.471878,25895.693752,25564.978128,460.3625,24483.612502,13086.303128,10961.706252,17349.05625,24872.162502,54559.928128,73375.387504,44132.815628,5784.5625,563.6125,39663.690628,3661.11875,32519.5125,27806.003128,17989.237502
1142.34375,36325.859378,1738.525,25558.225002,17007.896878,317.628125,15145.343752,13680.859376,1119.55,33271.521878,19867.412504,1802.234375,3513.35,3378.71875,21204.534376000003,20131.812502,19780.618752,286.6125,18642.840628,13528.465628,10123.900002,14360.209376,19186.140628,39555.043754,56133.146878,34129.106252000005,2917.34375,245.146875,30631.271878,3330.559375,26731.734378,22644.412502,14850.453126
875.95,27448.037502000003,2350.2875,19606.146878,14293.718754,293.3875,11984.840628,10692.881254,1162.76875,25074.018752,17493.256252,1484.63125,2856.271875,3285.51875,17399.171878,17498.771876000003,17442.640628,307.55,15335.343752,12131.715628,7300.66875,11153.228128,15552.196878,29552.968752000004,43787.356254,25767.971878,1819.940625,477.4,22835.346878,2649.36875,20340.109378,17153.75313,11646.084378
3354.69375,35219.596880000005,3488.1625,27484.593752000004,19254.421876,266.59375,15630.625002,13256.431252,1319.603125,38806.734378,26564.525004000003,1382.58125,3429.55625,3604.9125,27259.396878,26681.371878,26491.103128,1095.484375,23752.415628,7414.109375,9570.271877,13598.425004,24570.168754,35780.600004,40175.134378,37151.925,8518.86875,1450.79375,38503.587502,3196.946875,26401.581254,24840.812504,14851.475002
4026.253125,53751.37500400001,2865.471875,35321.800002,22110.128128,666.09375,19240.918752,17476.071878,1387.928125,51058.534378,28516.034378,2594.59375,4439.728125,4957.8375,30739.953128,28806.262502000005,28424.037504,1334.85625,26634.137504,4993.096875,12355.753128,18208.387502,27218.603128,57426.90000400001,63491.25000400001,51546.734376,7845.678126000001,863.0625,47313.453128,3812.4375,36283.678126,31184.250002000004,18856.559378
2590.890625,51389.232816,5919.7390626,37241.482814,26871.703128,1242.065625,20977.543754,18440.806254000003,1405.91875,51829.557814,30866.387502000005,4493.403125,4798.36875,5868.6984376,32480.415626,31157.82969,30744.496876,1301.553125,29670.412502000003,5234.6046876,12320.200002,20044.442188,29785.712504000003,53478.090628,59474.939066000006,51255.28594,8364.656252,490.9546875,47650.857816,4093.20625,37672.36719,31622.139064,20590.814062
3650.8906252,65683.782814,8797.1718752,50443.65469,33743.03125,1336.9093752,24848.045314,22076.814062,1342.796875,67468.073438,42908.803126,4439.5453128,5827.2140628,6538.9500002,45273.776564,43501.237502,42656.00469,1820.8203126,38424.248438,5171.9078128,15319.321875999998,23794.442188,39072.103124,66633.290626,70647.24843800001,66538.31875,13307.159376,766.59375,63653.97344,5655.6750002,49255.85468800001,43174.687502,24420.821876
2104.5734378,78064.785936,8563.0531254,51355.551564,32744.90625,886.1171875,24106.862502,21928.314064,1364.3500004,76667.28750199999,39070.314066000006,3669.2156254,5507.6609378,6509.0203128,42181.725,39698.875,38858.6,1206.9812501,35735.374998,7275.185937799999,15230.80469,23205.83594,36545.799998,79260.834376,86237.63125,77278.428126,17199.185938000002,435.4515625,72137.725002,5652.8406252,53193.915626,44049.09375,23720.82969
1364.870313,65848.53437600001,14016.651564,46987.84844,39017.148438,1355.3859376,24981.282814,22885.739064,1387.0296876,66200.257814,42352.835938,2741.5031252,5463.6640628000005,7467.210938000001,43169.593752,42502.704688,42282.909376,799.225,40693.140626,8373.9000004,15229.559376,24528.57969,40830.545312,67096.22344,77133.92812600001,65995.226564,15414.443748,251.478125,63130.214064,5704.985938,47044.682814,42271.529686,24804.856252
1243.8406254,61750.94375200001,7167.8750002,40557.978126,29461.440626000003,598.8,21999.239064,19577.293752,1215.925,55869.17499800001,33514.590624000004,1994.4015626,5134.9,5807.9234378,35213.639066,33831.232812,33412.603125999995,405.9828125,31716.132814,8566.8546876,13581.229688,20680.656252,32338.021876000003,63874.09375,73919.565628,57922.757812,8258.5703132,330.4640625,52302.125002,5090.307813,42306.832814,37236.017188,21203.29844
2558.1468752,42299.875002,8368.8812502,34127.509376,30445.868752,1520.7375003,22121.032812,19007.214062,1249.6406252000002,39813.876562000005,34154.596878,1544.3328127999998,4536.0062504,6099.8500002,33205.560938,33916.91718800001,34210.273438000004,252.9859375,33970.16718800001,7014.757812600001,12623.168754,21006.321876,33620.570314,44056.207814,53274.423438000005,40519.515626,3340.335938,586.396875,37726.890626,4649.9375004,33899.781252,31630.76094,21516.12969
3328.5921878,52592.78594,8508.1859382,43304.200002000005,29863.370314,976.2718751,21097.882812,17663.49219,1153.8000004,57027.35,37754.781252,1284.7703127999998,3944.7812504,5268.3609378,39767.801562,38169.77031000001,37619.754688,470.221875,34855.040626,4462.020313,12119.401564,19313.11094,35947.114064,50770.842188,52161.475002,55712.300002,13538.65625,760.7453125,56805.175002,4372.0453128,43477.90625,41052.064064,20342.467188
1581.8078128000002,49459.657814,10993.293752,32510.259375999995,27842.781252000004,1234.7156252999998,16967.36719,14928.7625,1156.0765628,45908.100002,29890.771878,1095.7781254,3498.3562502,5387.6812504,30015.529690000003,29895.292188,29881.057814,278.9328125,29537.964066000004,3123.2718752,9386.9109378,16405.70625,29436.706252000004,51502.456252,57444.857814,46871.6375,9643.40625,296.1734375,43965.440624,3796.1515628,33595.882814,30169.145314,16730.16875
877.2312501,47892.97968800001,8904.8562506,33252.05,24018.82969,731.4828125,14937.306248,13404.115626,1044.3890628,47558.837502,27358.946876,949.7765625,3132.6781252,5020.1062502,29153.204688,27760.460938,27245.370316000004,281.6453125,25598.068752,3454.3171876,8282.123437799999,14373.426562,26329.9,47747.039064,50691.428126,47911.889062,10721.7812522,172.084375,45958.745314,3258.8531254,34095.092188,30822.15625,14702.959376
738.2765625,37610.925004,12899.932813,28364.434376,26486.74219,998.4375001,13654.282812,12250.842188,1050.0609378,36616.478126,27166.29375,837.50625,2717.9296878,5113.8125,26936.187502000004,27097.16094,27182.112502000004,209.540625,27140.14219,4089.2687502,7069.3281252,13355.170314,26955.281254,38976.337502,45287.978126,36618.96719,7007.107812799999,166.6109375,35626.148438000004,2978.6500002,28523.303126000003,26292.628126000003,13544.160940000002
1172.7765626,40044.78125,8609.2921882,28201.528128,21452.5625,513.23125,12684.47344,11314.346874,997.0000002,38794.043754,24335.476564,756.13125,2507.7968754000003,4034.5140628,25293.984376,24531.231252,24273.600002,223.496875,23179.77344,3709.2156254,7176.8828128,12059.382814,23677.470314,40090.495314,43265.956248,39492.467188,7892.7812502,259.7875,37546.425,2932.1859378,28836.006252000003,26209.578128,12440.76719
1380.5109376,33653.16250200001,5021.3953128,22778.153124,15612.132814,253.6453125,10474.654688,9417.0406252,916.5015625,31163.406252000004,18686.389062,701.6046875,2321.9093752,3126.5390628,19666.94375,18877.126564,18620.229688,279.6625,17508.576564,3478.4062502,6188.3343752,9876.2281248,18027.295314,35485.69375,41556.832814,31914.543752000005,4978.1437502,257.859375,29784.879688,2521.0843752,23848.568752,20738.98594,10235.6375016
1512.6859378,28884.370312000003,3101.903125,19335.551564,13124.954688000002,206.0359375,9963.8515642,9170.0453128,922.4109375,27216.654690000003,15604.81875,705.8484375,2465.6218754,2904.3500002,16377.135938,15728.973438,15561.760938,346.5421875,14933.660938,3356.7375002,6163.2343752,9476.8093748,15181.734376,30282.203128,34754.940624,27664.971878,4805.0546878000005,344.896875,25954.235938,2485.1453128000003,20225.88594,17065.126564,9777.634376
1091.9625001,25281.931252,1915.0484378,17646.793752,11850.203124,161.2625,9869.6515616,8911.154687799999,858.5921875,23682.607814,14017.5125,746.190625,2370.3828126,2678.9953128,14778.628126,14163.775,13972.820314,217.8046875,13266.796876,3184.0687504,6113.5734378,9292.9500012,13614.410938,26399.94844,30498.125,24217.33594,3493.7843754,236.7171875,22391.973438,2310.8875002,18149.762502,15349.389064,9647.978126
966.0390626,21232.890626,1581.6859376,14739.223436,10316.382814,158.2359375,8711.2531252,7975.6812502,770.68125,19712.204688,11747.120314,757.015625,1964.9156252,2569.5015626,12166.615626,11814.020314,11724.182812,208.1390625,11414.048438,2679.4156254,5288.2515628,8301.973437600001,11516.025,22098.692188,25550.0125,20254.728126,2426.7640628,253.78125,18444.8625,2021.8671878,15411.73125,12618.129688,8583.4843752
1507.4281252,18036.740626000003,1519.4968754,14100.214066,9528.4671872,171.7359375,7971.6593752,7017.0468752,705.3890625,17510.596878,11803.423438,722.1984375,1695.8750002000002,2438.1562502,12091.245316,11858.440626,11779.740628,239.7984375,11256.45469,2102.0953128,4452.1218752,7410.514062799999,11435.815626,18790.575002,21495.385938,17617.296874,2081.8765630000003,268.3953125,16658.951564,1687.9390628,14270.345314,12033.400002,7771.121875
1462.6937502,18827.228128,1508.7703126,14917.700002,8301.232812799999,151.3453125,6743.426562799999,5953.0203126,640.8640625,19103.798436,10981.609377600002,733.2328125,1497.4031252,2205.4625004,11832.189062,11136.65625,10930.887502,306.1328125,10074.2874992,1657.5250002,3662.2656252,6280.6203128,10454.1968736,19090.478126,20905.05625,19031.650002,2790.2531252,187.4453125,18308.79844,1432.0593754,15165.246876,12256.100002,6562.5125004
841.2796875,18931.826562,1025.60625,13279.132814,6763.6687502,102.846875,5703.1343752,5164.3593754,572.6765625,17655.835938,8319.7046878,880.8796875,1352.3765628,1794.4078126,8933.2750004,8422.2296878,8288.1062502,207.990625,7810.414062600001,1400.4156254,3319.0312502,5374.7,8014.8656252,19532.328126,21318.58125,18154.275,1684.3906252000002,155.8234375,16260.403126,1310.5515627999998,13934.253126,9701.5531268,5579.2125002
1091.9046877,15806.765626,1027.3421878,11194.479688,6366.9156254,85.36875,5321.9078128,4771.5953128,505.003125,14749.418752,7831.373438,920.159375,1237.4937502,1615.0031252,8016.8437504,7841.4625004,7823.7906252,213.61875,7607.9796878,1448.9281252,3097.6171876,4958.5906252,7653.5859378,16478.748436,18533.310940000003,15122.401562,1289.5812502,219.1421875,13442.289064,1205.1093752000002,11725.332816,8120.895312799999,5184.6640628000005
1309.2203126,14211.89844,1005.51875,11453.395312,6471.8593752,81.196875,5438.3640626,4779.2953126,445.021875,13873.879688,8570.0343752,883.9578125,1182.9156252,1576.4250002,8979.5687502,8649.7984378,8542.4875002,223.615625,8023.00625,1389.7078127999998,3138.3984376,4976.1140626,8275.8218752,14729.300002,16460.525002000002,13952.489064,1505.2265628,262.059375,12962.393752,1220.9625,11331.676562,8774.6671876,5267.7890626
769.9,14510.765628,856.003125,10921.662504,5850.828125,75.875,4977.340625,4458.459375,390.35625,14123.803128,7137.465625,873.359375,1053.734375,1516.003125,7595.70625,7211.3875,7113.409375,206.7125,6767.884375,1215.625,2883.334375,4648.528125,6906.2625,14726.850002,15892.946878,14354.609378,1156.371875,171.99375,12979.246878,1127.315625,11394.009378,8051.840625,4861.215625
715.08125,13206.500002,831.853125,9592.653126,5293.821875,74.2625,4445.5375,3987.4875,337.35625,12487.493752,6489.928125,836.19375,953.89375,1366.6625,6891.76875,6555.76875,6467.903125,206.38125,6150.815625,1051.4875,2573.934375,4151.978125,6275.09375,13652.168752,15090.240626,12760.328126,1074.0625,149.9,11408.653126,1049.259375,9979.578126,7112.8,4336.9625
795.978125,11844.862502,931.725,8608.778125,5159.496875,79.178125,4228.01875,3809.753125,290.015625,11206.975004,6264.2125,755.3,879.55625,1308.146875,6497.590625,6294.428125,6249.984375,208.884375,6038.453125,913.346875,2450.328125,3960.190625,6079.825,12206.306254,13402.568752,11461.518752,962.028125,172.04375,10218.453126,1020.871875,8910.453125,6550.365625,4135.54375
926.753125,10945.596878,950.665625,8618.75625,5131.025,79.86875,4160.325,3677.8625,246.51875,10914.606252,6555.653125,676.6,805.828125,1269.34375,6871.16875,6608.88125,6535.365625,209.225,6202.315625,804.309375,2352.5375,3848.190625,6336.1375,11179.718752,12162.04063,10919.740628,1502.85,173.146875,10265.6625,945.634375,8644.775,6779.1875,4049.4625
749.046875,11359.140628,837.534375,8314.49375,4681.490625,74.765625,3826.790625,3364.728125,205.696875,10998.296878,5920.534375,613.05625,731.64375,1187.41875,6325.034375,5986.775,5898.14375,205.965625,5570.340625,718.728125,2125.23125,3532.065625,5702.36875,11505.112504,12160.162504,11202.115628,1218.853125,155.546875,10170.671877,850.89375,8591.478125,6563.903125,3721.6125
896.253125,10500.1,828.646875,7680.228125,4545.678125,77.8875,3721.728125,3372.65,168.890625,9978.178126,5634.06875,568.259375,669.675,1227.3625,5880.325,5660.353125,5623.115625,207.5625,5487.596875,658.165625,2089.49375,3500.271875,5496.796875,10806.225002,11723.146878,10188.765626,977.603125,179.596875,9213.928125,860.390625,7930.56875,5972.6,3644.346875
801.290625,9718.11875,841.69375,7835.753125,4768.096875,108.096875,3904.55625,3340.08125,137.396875,9548.06875,6020.359375,539.315625,612.315625,1191.01875,6288.7625,6065.153125,6003.128125,206.06875,5715.14375,614.884375,2083.634375,3572.39375,5834.084375,9920.88125,10697.484376,9620.840625,1027.640625,155.434375,8976.075,817.271875,7799.353125,6133.421875,3782.603125
884.759375,9963.121875,774.30625,7806.7625,4207.7375,69.465625,3421.409375,2986.209375,109.171875,10051.784375,5428.103125,529.45625,562.265625,1113.175,5778.059375,5477.590625,5410.60625,206.95,5193.49375,623.20625,1828.94375,3132.028125,5247.925,10119.4,10794.778128,10065.240626,995.621875,168.140625,9434.309375,753.540625,8100.95625,6040.403125,3319.871875
1153.1875,10243.2875,766.3,7700.9375,4053.31875,62.45625,3275.95625,2844.5625,88.06875,9878.7875,5632.15625,533.8125,516.5875,1112.21875,5907.375,5677.4125,5614.75625,205.8,5327.91875,620.21875,1689.575,2974.325,5446.275,10525.18125,11515.50625,10016.55625,1091.725,174.61875,9194.90625,697.75625,7839.25625,5808.975,3165.95
756.325,10045.193751,751.221875,7592.1625,3919.60625,67.2875,3161.084375,2795.221875,74.753125,9902.778125,5050.465625,524.93125,493.475,1109.871875,5415.825,5104.159375,5031.790625,205.303125,4772.925,601.115625,1637.421875,2923.590625,4865.525,10210.518752,10949.118752,10000.900001,1083.771875,152.0,9250.909375,688.359375,7887.540625,5669.965625,3081.378125
852.31875,9647.059375,737.0625,7093.309375,3938.91875,55.928125,3195.66875,2864.134375,65.784375,9189.66875,5025.35,512.703125,468.684375,1081.415625,5239.95625,5046.878125,5015.778125,206.91875,4868.05625,633.853125,1744.634375,2968.290625,4891.478125,9923.4,10751.050002,9371.075,953.05,160.66875,8497.459375,692.6375,7265.11875,5235.434375,3122.60625
1384.078125,10312.193752,805.89375,7851.26875,4145.921875,58.071875,3334.2,2877.690625,60.171875,10220.171877,5773.871875,548.25625,448.65,1161.896875,5903.003125,5781.54375,5766.28125,212.0,5621.3125,718.41875,1660.84375,2999.709375,5643.815625,10641.918752,11174.137504,10128.703126,1052.53125,216.63125,9504.050001,674.7125,8007.3625,5615.56875,3211.796875
1364.140625,13325.031252,829.890625,9565.578125,4380.94375,83.665625,3546.609375,3055.765625,58.85,13131.793752,6114.8375,745.19375,443.915625,1249.478125,6434.621875,6155.55625,6097.18125,215.221875,5839.578125,747.140625,1726.040625,3236.034375,5928.371875,14166.284376,14694.690628,13039.806252,1562.29375,204.16875,12088.656252,730.128125,10020.506252,6412.528125,3431.6
932.490625,14448.250002,755.646875,9732.975001,4427.56875,81.284375,3664.690625,3305.334375,57.59375,13580.459376,5698.81875,1021.60625,437.290625,1264.384375,6075.621875,5750.590625,5680.715625,207.865625,5441.06875,771.221875,1959.80625,3447.01875,5523.34375,15242.890626,16167.843754,13848.915628,1401.61875,160.134375,12140.837502,742.925,10261.515629,6312.25625,3590.846875
1035.415625,14078.740628,810.35625,9397.83125,4748.725,98.06875,3932.73125,3426.2,56.15,12964.690626,6039.915625,1150.03125,431.921875,1264.0875,6202.615625,6050.68125,6030.8,209.178125,5880.228125,923.128125,2066.0625,3630.234375,5911.79375,15086.631252,16226.443754000002,13226.918752,1217.284375,195.878125,11395.540628,738.825,9735.45,6051.228125,3829.4875
1293.771875,13786.459376,732.003125,9904.4875,4299.6875,77.55,3549.86875,3054.3125,54.7625,13188.190626,6005.51875,1331.471875,413.571875,1166.43125,6358.0125,6060.634375,5985.65,209.175,5725.340625,993.7,1826.11875,3216.965625,5821.821875,14787.362502,16122.440626,13314.156252,1174.775,195.0,11586.14688,692.1,10126.121878,6436.5,3437.14375
1574.08125,13938.68125,782.53125,9948.609375,4419.775,75.08125,3644.265625,3203.553125,53.43125,13490.565626,6142.253125,1597.515625,409.478125,1329.353125,6318.871875,6154.275,6135.009375,211.834375,6029.565625,963.475,1799.840625,3342.9375,6036.690625,14575.13125,15643.575,13597.271876,1206.646875,229.93125,11627.171876,649.75,10173.353126,6240.028125,3554.265625
1031.25,14538.58125,830.05,11400.9,4430.51875,102.58125,3580.68125,3077.6,51.10625,14710.86875,5987.9625,2145.175,415.625,1306.14375,6415.00625,6061.3625,5963.09375,205.6375,5603.05625,896.7375,1686.58125,3273.6125,5766.73125,14955.325,15810.0875,14610.1625,1248.16875,175.8125,12544.95625,640.59375,11229.3,6541.30625,3477.1125
1027.18125,16330.6625,722.68125,11220.88125,4133.09375,70.4125,3404.275,3016.5125,48.95625,16266.5625,5454.43125,2898.0625,387.88125,1212.0125,5746.35625,5511.2875,5434.03125,216.04375,5241.76875,798.7625,1755.01875,3146.09375,5291.20625,16553.00625,17058.5625,16334.44375,1188.2,168.2375,13176.53125,645.4,11702.1,5900.74375,3321.425
1036.75,15850.9125,746.85,9919.85,3955.5,55.81875,3201.44375,2820.95,46.925,15019.96875,5425.63125,2633.51875,369.99375,1222.25625,5791.575,5502.0125,5396.475,221.75,5095.43125,700.73125,1557.73125,2938.76875,5202.9,16457.34375,17391.20625,15305.45625,1508.04375,150.65625,12108.30625,627.25625,10253.7,5804.0375,3107.80625
822.0625,14436.18125,918.05,9582.5625,4024.6,52.175,3121.975,2858.50625,44.45,14004.15,5135.8625,2102.09375,360.03125,1343.3125,5477.0,5191.85,5114.5625,210.13125,4889.30625,547.6375,1483.40625,2935.5875,4950.3375,14983.14375,15641.08125,14129.14375,1765.5125,139.075,11784.175,612.8625,9821.4375,5608.9625,3059.28125
1098.9875,14879.98125,1243.6375,9176.9,4838.46875,68.0125,3603.30625,3293.1125,42.84375,14521.4625,5776.29375,1780.06875,372.25625,1657.7625,5747.43125,5739.38125,5782.8875,218.8875,5916.15625,436.2625,1597.575,3368.01875,5768.4625,15055.75,14849.60625,14361.19375,2259.65625,177.03125,12950.69375,617.7875,9587.85625,5512.0625,3487.84375
1793.875,21557.09375,1641.76875,11232.3875,5546.7375,93.0375,3920.225,3379.61875,45.28125,20305.65,8855.625,1494.9625,393.4125,1770.7625,8990.39375,8953.43125,8776.125,252.575,7571.36875,635.99375,1555.0,3527.4,7747.89375,23594.90625,23926.44375,19977.59375,4451.25625,216.35625,18745.65,611.9375,11483.06875,7820.225,3743.85
1643.7625,29784.70625,1609.7125,15643.31875,5291.80625,41.25625,3618.3625,3171.48125,49.9625,28850.0,8541.7375,1765.41875,454.19375,1561.6625,9746.43125,8792.84375,8448.9,473.70625,7312.14375,1365.9875,1563.54375,3248.34375,7672.76875,32171.7,33942.80625,28700.60625,5982.1,199.9625,25844.4375,614.9625,16919.45625,10289.6625,3443.45
1810.45625,27979.75,901.64375,15038.1625,4719.09375,1.20625,3789.70625,3237.70625,43.0625,25916.0625,7311.625,3447.325,477.83125,1429.725,7959.475,7407.75625,7273.9375,484.2375,6827.76875,4002.04375,1750.3375,3267.0,6904.90625,30209.3,35579.28125,26354.46875,3535.24375,356.99375,21313.0625,601.63125,16165.91875,8351.65,3552.81875
1962.025,23540.875,956.19375,14910.45,5326.13125,0.6375,4344.04375,3680.36875,39.76875,22979.96875,8298.00625,4567.06875,613.425,1463.3875,9048.45,8415.68125,8256.5375,462.25,7628.00625,4214.4875,2144.71875,3726.3,7907.88125,24763.64375,29649.44375,23064.525,2675.66875,429.05625,18161.65,682.33125,15023.3875,8780.6125,4101.64375
1094.2,20610.25625,419.95625,12429.2125,4319.175,1.00625,3886.0,3553.05625,36.1375,19403.90625,6226.05625,3593.53125,611.475,1315.88125,6827.71875,6289.8,6202.79375,246.525,5575.3125,2827.81875,2167.3625,3587.2125,5827.96875,21483.575,24892.1,19851.8625,1518.625,226.5875,15389.5875,689.08125,13275.925,7611.8,3761.41875
2417.8,18239.60625,1611.59375,11317.2125,6527.76875,59.18125,5007.41875,4486.54375,36.85,16986.1875,9984.78125,2173.2875,559.025,1995.4625,10009.35,9986.9625,9966.31875,653.375,9114.2625,1964.26875,2340.3,4675.3625,9082.475,20050.60625,22596.74375,16957.29375,2574.5,338.55625,14950.70625,781.65,11595.75,8089.8375,4870.99375
2555.25,20828.7,2379.775,17682.25,8336.86875,183.2125,5891.38125,4812.7875,36.5,22192.6875,12760.6375,1638.225,588.93125,2152.5875,14222.825,13003.025,12682.08125,732.78125,11392.675,1324.275,2510.64375,5253.575,11908.1,21173.3875,22178.33125,21663.725,3370.14375,336.4375,20892.68125,846.53125,17304.025,14065.04375,5654.84375
1669.15,26724.36875,1941.9875,16948.2375,6651.825,44.56875,4683.7875,3952.65625,32.10625,24289.06875,9130.76875,1704.73125,528.49375,1808.2,10103.7,9259.775,9093.58125,466.19375,8558.625,1028.96875,2076.2125,4123.275,8667.09375,28693.41875,29270.38125,24743.45625,2414.0375,218.99375,22016.3375,773.5375,18355.3125,11198.1,4387.19375
2854.99375,28722.71875,3882.74375,21089.4,9727.95625,157.8,5778.1875,4458.8125,31.41875,29867.11875,13327.675,3378.50625,535.16875,2453.03125,13551.75625,13300.3625,13329.475,765.34375,12997.0,1056.19375,1931.43125,4830.46875,12976.5,30406.60625,31869.125,28909.05,5409.41875,463.78125,26823.10625,802.325,20941.05,12071.8625,5237.29375
2075.31875,40014.0625,2381.675,27266.31875,8263.60625,116.46875,5738.2125,4347.125,30.08125,40457.25625,12381.2375,6476.84375,629.91875,2223.69375,14081.35,12659.15625,12299.44375,560.3625,11012.56875,1095.6375,2032.2125,4750.65625,11688.24375,40344.55625,40557.31875,40402.56875,4493.34375,372.48125,33531.775,809.0875,28106.86875,15230.43125,5264.94375
2517.70625,34474.00625,1264.94375,19252.93125,8043.65625,258.9625,6796.20625,6267.13125,69.6125,30894.39375,10119.25,5692.05,692.09375,3616.04375,9908.56875,10001.0625,10150.03125,317.3625,10521.64375,1452.0,2573.71875,6545.525,10239.7,36159.1125,39145.075,32114.48125,1968.43125,371.0625,23936.31875,956.15,20808.1375,9931.6625,6644.8375
2605.56875,27339.7375,2807.25625,24572.50625,13255.99375,893.875,10494.5875,8785.4,143.7625,29285.25,15564.43125,5693.94375,1152.55,4652.775,15104.8875,15425.875,15597.4125,284.59375,15875.5625,1366.50625,4004.03125,9858.95625,15656.53125,27456.26875,29047.10625,28440.66875,1640.94375,512.15625,24237.4375,1449.4375,23167.9125,13583.93125,10216.21875
2269.9,37399.81875,2722.2,29494.75,13732.15625,620.1125,10878.5875,8807.55625,168.6,38904.9125,17521.46875,7215.1625,1558.65,3943.075,18352.03125,17678.71875,17472.9625,289.30625,16610.88125,1001.2875,4723.86875,9803.6,17093.3875,36803.30625,36239.38125,38519.325,2202.58125,506.125,31885.53125,1744.5,29625.75,18434.4875,10420.76875
2344.8375,35620.225,1332.7125,23134.86875,11235.11875,233.1125,9848.1375,8845.325,150.7375,33116.6875,14361.88125,5783.90625,1733.525,3195.35,14802.53125,14420.86875,14341.2375,251.7375,13863.975,709.675,5567.21875,9230.1875,14056.3125,36653.19375,38355.2875,33988.2875,1325.78125,381.71875,26496.80625,2096.68125,24319.925,15377.4625,9603.5625
3625.9125,31238.9125,1393.7,27008.38125,12348.35,84.1125,10959.79375,10228.9,262.1,32938.38125,16563.36875,6384.375,1976.425,3302.2125,16747.85625,16532.61875,16564.76875,460.575,16206.10625,508.2375,6852.925,10342.23125,16284.98125,31379.425,31544.9,32161.38125,1358.36875,488.59375,26962.7125,2763.08125,25961.075,16046.33125,10713.7625
5955.78125,47735.61875,1396.8875,37424.59375,13920.0875,170.25,12540.3875,11606.64375,456.4875,50735.225,20681.4875,13431.79375,2126.74375,3814.60625,20637.08125,20580.8875,20704.1,506.03125,20064.1875,386.50625,7722.8375,11799.8125,20263.74375,47248.74375,44742.04375,49686.3875,1440.69375,527.84375,37698.85625,3384.41875,36469.29375,19460.69375,12213.3875
4271.9625,68051.2875,1298.36875,45843.3375,15223.65,325.575,13917.68125,13057.99375,808.525,68330.4,20705.2875,18545.03125,2859.75625,4087.4625,21714.425,20818.7375,20671.05625,477.60625,19717.6875,317.14375,8936.175,13368.34375,20171.75625,69415.975,69005.05625,68120.6125,2017.05625,447.55625,49512.99375,3781.125,46880.66875,22391.19375,13714.25625
3263.9625,63136.94375,966.1,37512.5625,18086.03125,184.95625,17140.975,16409.20625,937.5125,60710.8125,21572.125,18956.26875,3695.45,4310.48125,21543.2625,21529.03125,21578.85625,262.20625,21392.06875,262.69375,12035.3,16619.1875,21448.30625,64964.70625,66719.66875,61431.66875,1539.13125,483.1,40871.4375,4369.675,38527.85625,20979.6125,16989.18125
3094.4125,59722.65625,783.35,36038.85,16854.5,46.04375,16029.74375,15180.3125,965.55,59394.6375,20738.1125,20366.00625,3813.08125,3667.0625,21334.26875,20833.25625,20709.275,261.175,20201.125,197.18125,11442.68125,15382.31875,20454.9625,60076.925,60216.7625,59739.575,1665.09375,327.94375,38494.99375,4356.9125,36451.8125,21682.56875,15806.89375
3426.575,67025.11875,1474.165625,39170.990626,18493.809376,476.596875,17133.8375,16257.590626,1099.89375,65917.76875,21824.01875,24321.80625,3599.9375,5053.875,21762.840626,21739.25,21838.253126000003,387.065625,21775.734376,191.940625,11059.046876,16863.121876,21662.084376000003,67711.73125,66929.7375,65944.46562599999,1466.584375,444.678125,41295.16875,4243.359375,39224.1625,21087.709376000003,17084.428126000003
2493.653125,68033.84375199999,5861.503125,44881.53750200001,26281.100002000003,591.225,20393.825002,18252.471878,1221.221875,66446.415626,30989.568752000003,17665.331252,4137.915625,5792.075,31751.55,31257.921878,30860.584378,567.79375,29185.331252000004,281.896875,12134.321876,19397.381252,29534.515626,69960.834378,71426.753128,66634.775004,3174.99375,503.440625,48936.671878,4331.634375,44789.306252,30211.959378,20005.925002
1680.175,63876.156252,2882.00625,39352.075004,20655.368752,211.109375,17660.846878,16289.387502,1080.903125,60253.146878,24452.393754,11944.184378,4433.378125,4477.30625,26162.118752,24720.218754,24364.959378,561.603125,22936.312502,390.24375,11650.231254,16820.865626,23516.087504000003,66036.225002,68361.378126,61264.046878,3907.2375,390.01875,47161.243754,4081.446875,41300.396878,27779.925002000004,17309.875004
1026.453125,58248.684376,1308.496875,39566.834378,15280.100002,49.628125,13870.715628,12781.018752,899.115625,56734.462502,18160.74688,9789.190625,3518.04375,3300.659375,20067.509378,18439.446876,18081.396878,398.13125,16835.287502,1349.909375,9376.365625,13135.068754000002,17445.16563,59246.768754,61330.78125400001,57021.121878,3266.040625,205.903125,46028.203128,3136.859375,40698.168752000005,21866.643752,13562.115626
690.9875,48763.403128,1193.015625,29338.203128,11831.909376,35.284375,10696.481252,10514.003128,1096.41875,44617.928128,12844.081252,8373.165625,2950.4375,3622.990625,13610.125002,12937.512504,12818.328128,223.953125,12533.328128,4170.228125,6861.71875,10542.878126,12615.228128,50606.646876,56956.93750400001,46009.218752,1683.0125,151.2375,34775.959378,2503.346875,31540.528128,14787.718754,10645.400002
1676.61875,34723.237502,2310.35625,23207.940628,14177.993754,164.575,11907.096878,11478.468752,1255.940625,32756.681252,15385.284376,5774.36875,2909.1125,4180.875,15147.321878,15295.618752,15415.696876000002,264.7125,15734.237502,6216.940625,7284.91875,11562.640628,15436.537502,36130.190626,44272.700002000005,33263.590628,1880.321875,508.05,26645.615628,2501.85625,23884.778126,14208.331252,11918.300002
2647.796875,33983.653126000005,2660.2625,26520.478130000003,16259.284378,135.4375,13572.678128,12497.756252,1119.58125,34451.503126,19846.390628,4200.7,2997.984375,3656.246875,20434.640628,19931.653128,19824.146878,443.265625,19134.021876000003,5263.196875,8775.009375,12805.993754,19392.468752,34471.97500200001,40224.28750200001,34161.146876,3073.7375,467.5875,30402.128128,2642.659375,26445.125002000004,19631.100002,13366.018752
1835.35,35207.08125,1831.4,23379.146876000003,13527.968752,147.046875,11629.76563,10812.875002,891.746875,33585.503126,16397.818752,3202.228125,2807.303125,3140.609375,17462.300002,16591.25,16338.468752,423.73125,15624.740628,4781.69375,7616.746875,11081.759378,15907.975004000002,36115.634378,42017.94375,34144.58125,3740.115625,324.11875,29675.365628,2486.265625,24614.521878,18275.250002,11470.481252
1118.46875,28659.484378,1108.540625,18753.653128,13041.828128,98.878125,11946.803128,11934.115626,825.8,26429.650002,14338.868752,2342.55625,3113.2375,3110.01875,14875.631254000002,14438.275002,14318.568754000002,280.265625,14139.384375999998,4920.38125,8803.71875,11933.559378,14159.734378,29788.118752,36242.887502000005,27150.1625,2706.01875,199.046875,23306.312504,2790.43125,19585.325002,15373.143752,11982.218752
868.06875,22288.431252,903.490625,18006.887502,14647.453128,134.5625,13730.709378,13088.456252,803.59375,21633.234378,15818.387502,1772.459375,3068.31875,2921.5625,15974.596878,15862.143752,15807.831254,209.55625,15627.065628,4887.196875,10073.200002,13372.156252,15686.715626,22957.021878,28733.015628,21762.418754,1773.85625,194.10625,19783.271878,2732.5625,17825.425004,15499.943752,13616.128128
728.159375,21492.046878,790.440625,17437.403127999998,11923.159378,124.309375,11081.325001,10154.162503,766.903125,21369.396878,13658.140626,1422.15625,2608.628125,2395.065625,14475.453128,13819.537502,13612.643754,205.43125,12964.328126,3529.81875,7680.40625,10522.746877,13298.387502,21621.040628,25210.768752,21470.587502,1417.221875,154.096875,19738.425002,2299.39375,17943.259376,15282.371878,10853.309376
655.146875,19169.978126,701.953125,14084.059376,9867.4875,95.546875,9156.9,8767.5125,863.928125,17944.659378,10961.546876,1205.115625,2423.8875,2202.296875,11474.962504,11050.284376,10936.934378,205.515625,10635.887502,2326.659375,6528.940625,8917.353125,10755.434376,19736.437502,22806.687502,18381.556252,1040.909375,143.496875,16288.500002,2103.284375,14738.35625,12086.203128,9070.509375
680.971875,15866.3875,716.89375,12818.321876,9690.4875,72.478125,8975.96875,8687.834375,905.18125,15409.187504,10652.740628,1048.703125,2399.890625,2358.49375,10930.953126,10694.728126,10639.071878,205.00625,10449.375,1582.471875,6299.409375,8782.753125,10511.253126,16233.837502,18419.634378,15543.015628,1085.5875,139.371875,14230.637504000002,2043.253125,12922.421876,10933.259378,8908.915625
676.8578125,15393.906254,1474.7593752,12896.27344,11117.396878,148.8328125,9748.400001,9584.8125002,949.7,15199.39375,11440.214064,926.3796875,2263.8453126,3064.1312502,11391.115626,11397.41094,11450.473438,207.1625,11631.428128,1255.5468752000002,6490.4937502,9702.7812506,11452.276562,15753.637502,17168.575002,15221.200002,1097.4562502,137.4296875,14214.570314,2047.2453128,12897.753126,11067.978128,9750.8625
707.9796875,16276.632814,3519.3546878,15991.932814,15784.895314,361.6265625,12288.69219,12061.839064,1142.4531252000002,17539.473438,16185.189064,838.953125,2782.3375004,3695.8484378,15725.839064,16085.606252,16206.426564,205.7125,16393.94219,1127.1343752,8361.5718752,12329.965628,16203.453128,16408.751564,17564.146876000003,16974.867188,2829.5343752,140.678125,17337.273438,3073.1921878000003,14983.176564,14236.828126000002,12333.065626
686.975,21992.270314,1841.2531252,18923.357814,14906.735938000002,164.1578125,13003.454688,12406.170311999998,1174.1421876,23023.625004,16251.637502,775.3515625,3610.560938,3214.1265626,16785.985940000002,16344.800002,16222.824998,204.64375,15801.587502,1181.7546877999998,9141.2531252,12690.304688,16001.154688,21672.451562,21967.126564,22802.767188,2982.3093752,137.5671875,22274.257814,3226.6312502,18995.050002,17130.796876,12888.478128
679.88125,21601.507812,1037.1046877,16884.189066,13205.823440000002,96.14375,12149.945314,11908.670314,1032.6312503,20582.62969,14233.335938,729.740625,3710.7703128,2796.9328126,14653.806252,14296.215626,14213.087502,205.015625,13971.753126,1464.7812502000002,9088.175,12005.653126,14057.459373999998,22189.976566,24425.923438,20939.382814,1622.1156254,134.415625,19468.614064,3018.2203128,17375.495312,15110.807812,12104.06719
668.88125,18849.246878,1204.9578127999998,16389.125,14624.578126,221.2796875,13454.345312,13112.926564,998.6406251,18504.01719,15203.829688000002,692.5203125,3358.4218754000003,3086.6250002,15163.35,15178.803128,15206.846876,204.478125,15257.698438,1595.9546878,9994.9828142,13337.048440000002,15175.873438,19837.1375,23579.129688,18575.815626000003,1429.3625002,139.9828125,17774.651566,2882.4468752,16233.34375,14688.450002,13427.576564
681.95625,19377.248440000003,3956.0593752,19196.101562,18739.426566,221.065625,14836.526562,14691.737502,1115.6937504,20467.746876,19072.364064,660.5125,3363.3437502,3519.0218754,18720.314064,18992.16719,19089.815626000003,205.8609375,19274.521874,1276.8984378,11141.80469,14847.026562,19051.921878,19476.418752,21048.309376,20067.621878,2165.8140628,144.6703125,20229.585938,3160.9500002,18408.885938,17545.657811999998,14854.52969
680.0984375,24753.10625,2433.4093752,22710.88594,19101.603128,245.61875,16605.7375,15982.428126,1113.3593754,26205.834378,20431.296876,626.278125,3789.7562502,4119.3359378000005,20871.265628,20511.385938,20405.985938,204.6265625,19971.471874,1018.7906252,11782.171876,16343.731252,20147.83594,24251.873438,24395.609378,25799.6125,3239.4921878,151.3546875,25865.146876000003,3920.4343752,22592.417188,21018.36875,16518.52344
634.809375,25738.9125,2085.4921878,20925.996876,16509.689064,154.15,14426.49219,13610.651562,1043.0640628,25029.642188,17945.495314,589.634375,3612.2906252,3572.9531252,18567.881254,18053.260938,17912.946876,203.68125,17352.253128,796.3328125,9968.3625002,13957.659378,17592.235938,26122.395312,27313.376562,25292.56875,2320.2015626,132.2515625,24143.61719,3626.0000002,21449.456252,19245.570314,14238.703128
653.0703125,25189.478126,7875.9437502,21609.50625,20984.232816,248.1453125,13168.953128,12712.987502,1025.2218752,27692.820316000005,21877.815628,561.7734375,3273.0843754,3679.8156252,21440.467188,21801.015626,21882.482816,207.49375,21506.087502,802.715625,8988.615625,12993.318752,21282.890626,25238.312498,26502.310940000003,26635.65,8368.879688,131.109375,28251.146878,3544.5187502,20732.72344,20035.535938,13105.245314
648.9796875,35170.740628,4269.2484376,23519.640626,18085.084378,179.6671875,13701.370314,13101.843752,1017.7718752,33671.37344,20052.356252,555.859375,3302.6937502,3723.2546876,20910.025,20226.779690000003,19995.592190000003,204.3328125,19072.829688,855.0515626,9295.3531252,13409.045316,19412.312504,35708.840626000005,36304.050002,34332.7125,6822.9937502,141.934375,32265.750002,3711.6359376,24247.501562,21841.96094,13603.045311999998
610.4875,27276.523438,1856.0468752,18896.456254,13591.160938,105.8609375,11650.73594,10990.601562,920.7140625,24913.800002,15221.570314,550.08125,3043.7343752,3094.1203128,16089.179688,15379.598440000002,15175.028126,203.2171875,14501.248438,1923.6703126,7834.407813000001,11258.453128,14824.245314,28480.446876,31782.556252,25693.78125,2830.2359378,120.8453125,23568.34375,3238.7359378,19884.40625,17240.962502000002,11496.176562
608.846875,20562.878128,981.2296876,15019.803126,10533.617188,64.7109375,9495.7265634,8882.8093752,815.7328125,18904.54844,11952.850002,532.0078125,2593.4328126,2545.7375002,12651.58125,12076.303126,11915.65469,202.99375,11391.23594,2426.3500004,6280.9562502,9104.1093754,11655.003126,21437.696876,24914.39219,19450.15,1496.8000002,115.90625,17824.203126,2552.2765626,15729.640626000002,13451.493752,9339.0312512
622.2625,16473.040625999998,861.1203126,12484.368754,9370.9781252,58.196875,8519.5578128,8278.0531252,754.3640625,15362.907814,10290.951564,509.5625,2409.9171878,2461.3765628,10637.378126,10338.612502,10273.675002,203.8765625,10042.473437,1990.2578126,5783.7687502,8360.132812799999,10091.8546896,17098.407814,19825.94219,15734.617188,1080.6109378,119.5703125,14468.798436,2268.1203128,12979.715628,10985.945316,8467.7093752
621.053125,14663.028126,1020.4140625,12104.33125,9234.8265626,105.56875,8187.1281254,7619.8406254,696.0,14836.671876,10326.140627,492.85625,2051.9968752,2437.9468754,10657.0875,10379.500002,10307.4593746,202.9796875,10008.1093756,1521.0703128,5123.3140628,7858.932812600001,10138.893751,14870.895314,16682.859378,14755.84375,2230.2000002,119.1234375,14406.656252,1899.6265628,12126.125002,10647.962502,8064.9875004
584.6578125,14939.99375,880.0484375,11299.889066,8026.245312600001,94.184375,7133.1843752,6724.926562799999,647.765625,14325.796876,8993.7609378,480.10625,1742.0218754000002,2262.1890628,9418.8406256,9053.8953126,8974.2203126,202.3859375,8711.1187502,1172.5921876,4405.1046876,6903.7687502,8814.598437600001,15203.512502,16467.893752,14580.110940000002,1414.9984376,112.76875,13540.276566,1678.8421876,11710.175002,9854.5843768,7049.067187799999
577.4453125,13140.676562,1045.7078125,10366.123438,7367.5468752,95.6625,6308.2812502,5797.6687502,607.5203125,12589.692188,8496.3000002,470.2578125,1525.9171878,1976.9296878,8842.0843752,8552.5156252,8472.9640628,202.6859375,8086.1187504,945.459375,3764.2171878,6008.7609378,8233.4687502,13516.928126,14877.8375,12757.957814,1227.1125002,109.06875,11967.546876,1403.9031254,10542.021876,8981.8656252,6191.0109378
610.2,12682.551564,1920.1437502,9966.9656262,7454.3562502,74.5453125,5537.5890628,5115.6093752,572.621875,13024.959376,8535.8375002,464.590625,1376.2562502,1812.3203128,8756.420312799999,8578.6421878,8511.68125,203.0234375,8140.6000004,812.4546875,3256.1375,5281.9828128,8198.3453128,12734.45,13585.246878,12891.521876,2577.8250002,108.615625,12658.756252,1179.6859376,10077.037501,8629.634375,5442.4281252
605.540625,13965.473438,1179.1515628,9820.084377,6114.4968754,56.3546875,4892.1093752,4549.7296878,537.0390625,13778.096876,7367.1515628,474.9890625,1269.70625,1584.3015627999998,7939.529688,7466.157812799999,7334.8187502,203.5046875,6890.598437799999,756.540625,2927.4906252,4672.4031254,7072.0062502,14254.80469,14973.951564,13861.578126000002,2588.0343752,106.396875,13112.673440000002,1033.0453127,10133.5093756,8450.939063000002,4811.5218752
612.9953125,13210.756252,910.09375,8566.039063,5554.9859378,50.5734375,4633.4296876,4346.9968754,502.528125,12386.928128,6501.9671876,503.7296875,1187.0140628,1582.9265626,6857.476563000001,6549.8578128,6484.7218752,203.415625,6250.6890628,743.928125,2728.3718754,4449.2281254,6328.7265628000005,13892.354690000002,15388.710938,12578.590628000002,2391.1562502,107.359375,11668.990628,946.6171875,8949.1125002,7114.7968754,4570.6562502
621.4109375,13451.735938000002,900.7546875,8401.6468752,5315.9890628,47.378125,4411.9953128,4099.7609378,466.0625,12198.259376,6315.8000004000005,574.4046875,1112.2531254,1483.8562504,6613.8968752,6353.9234378,6298.9218752,204.840625,6013.7781252,837.875,2575.0796876,4208.2484378,6086.2375002,14492.08125,15494.379687999995,12461.159376,1908.2406254,108.9765625,11224.01875,877.4578125,8755.9578128,6708.5093752,4338.4703128
572.640625,12430.523438,849.60625,8370.0734378,4950.3421878,43.34375,4074.0468752,3759.4453126,433.290625,11600.64375,5964.1187502,882.3515625,1045.3578128,1303.5718754,6337.4812502,6020.2593754,5944.6312502,201.546875,5651.4687502,1000.8828128,2417.0046876,3866.3390628,5775.0859378000005,13376.820312,14917.817189999998,11763.931251999998,1507.314063,101.9796875,10484.259376,824.359375,8635.3875002,6495.7796880000005,3998.4703128
547.41875,11461.434376,675.584375,7580.735937799999,4471.6343752,36.34375,3786.4468752,3540.3687502,403.8609375,10678.046878,5325.7812502,1042.3281254,986.4234375,1194.5921878,5664.401563,5370.2296878,5309.9531252,201.128125,5098.1140628,1103.8531254,2307.2531254,3618.8734378,5176.7453128,12115.353125999998,13656.439064,10907.675002,1091.953125,98.6390625,9378.882813,782.6015625,7937.4484378,5894.9671878,3728.4562502
538.9640625,10135.3593756,652.759375,6890.2531252,4362.814063,38.509375,3704.2484376,3461.6953128,373.6421875,9525.1562504,5116.9906252,993.0781252,933.678125,1175.7406252,5368.6031252,5143.8328128,5105.9296876,200.759375,4955.5531252,1080.6625002,2234.4625004,3550.0578130000004,4999.9828128,10621.375,12092.071876,9709.326563400002,979.1640625,104.68125,8353.160938,761.8203125,7114.676562799999,5433.8000004000005,3655.5375002
531.596875,9236.4562504,630.290625,6610.2500002,4263.8484378,37.3,3624.9812502,3336.1734378,346.8984375,8820.4187502,5053.0078128000005,868.9984375,886.740625,1131.2031252000002,5313.0312504,5083.3421876,5040.8109378,200.43125,4867.6937502,966.8250001,2160.1875002,3435.2906252,4928.5406254,9662.6875002,10862.773438,8950.2296878,874.565625,103.4921875,7827.2062502,749.925,6738.9875002,5328.5734378,3561.3921878
538.5109375,8660.5546876,635.625,6356.5109378,4123.0390628000005,30.5109375,3476.5062502,3256.003125,320.2625,8413.9109378,4881.9765628000005,743.625,839.209375,1120.5515626,5120.5328128,4904.4593754,4871.8390626,200.409375,4711.7359378,836.1984375,2099.1953128,3322.4953126,4755.0000002,8946.3859378,9948.7890636,8504.795312600001,845.7640625,101.8265625,7566.2093752,751.5484375,6517.9437502,5190.5734378,3421.9984378
545.546875,8268.867187799999,676.2734375,6258.7812502,4238.4093754000005,38.528125,3553.9250002,3312.9218754000003,295.5078125,8067.6890626,5017.7828128,643.1625,794.1515625,1125.5468752000002,5233.3484376,5039.7781252,5007.6156252,199.8671875,4849.0640628,723.3109375,2136.8984378,3397.0703126,4900.7312504,8495.757812799999,9339.8500004,8137.6625002,903.553125,106.790625,7356.0578128,765.2375,6311.9593752,5164.8968752,3502.4281254
517.2296875,8158.384375,602.3828125,6260.70625,4103.603125,35.8515625,3495.48125,3225.8765626,272.9125,8123.15625,4860.8921876,572.559375,745.684375,1091.1765626,5125.7859376,4890.7265626,4848.9546876,197.2859375,4682.8953126,633.31875,2085.2328126,3321.95,4739.915625,8277.223437600001,8917.15,8163.942187600001,915.3640625,100.3359375,7473.865625,741.871875,6378.584375,5190.5421876,3439.259375
500.534375,8062.625,580.596875,6031.753125,3845.146875,30.61875,3258.540625,3027.8125,251.259375,7885.896875,4603.296875,522.48125,701.678125,1068.15,4891.321875,4637.925,4589.965625,194.053125,4410.5,562.9375,1926.890625,3097.2875,4474.940625,8228.434375,8846.115625,7969.190625,888.978125,96.61875,7258.821875,684.165625,6173.215625,4998.33125,3205.215625
600.115625,8285.475,617.478125,5787.290625,3810.840625,24.646875,3199.178125,3010.528125,230.80625,7824.725,4712.578125,491.14375,658.503125,1112.475,4850.009375,4717.928125,4703.43125,193.378125,4446.171875,537.3125,1865.415625,3063.51875,4507.6625,8876.7125,9316.840626,7983.0625,930.521875,94.959375,7135.365625,651.746875,5957.753125,4776.5,3155.509375
546.353125,8240.45,700.925,6085.015625,3813.440625,29.140625,3095.83125,2846.471875,213.453125,8165.7875,4741.140625,511.278125,620.0625,1096.678125,5053.040625,4785.509375,4724.84375,190.946875,4454.415625,504.2,1714.9375,2925.075,4564.134375,8817.4375,9692.990625,8128.165625,1459.265625,88.971875,7669.90625,619.83125,6096.6875,5060.99375,3036.0
487.578125,8599.953125,549.8,5761.3375,3474.078125,25.084375,2918.25625,2712.334375,199.41875,8119.440625,4210.74375,569.665625,584.40625,1052.521875,4515.584375,4246.70625,4197.4125,188.24375,4021.01875,499.865625,1620.18125,2774.865625,4084.409375,8966.784375,9512.896875,8298.8375,993.58125,89.65,7324.715625,580.128125,6016.36875,4738.2375,2872.009375
462.78125,7755.846875,521.415625,5308.38125,3332.45625,20.809375,2806.721875,2612.159375,185.184375,7244.121875,4015.503125,575.825,558.596875,1025.090625,4263.171875,4042.403125,4004.39375,185.08125,3849.846875,546.0125,1554.1125,2665.6625,3903.784375,8200.5625,9089.834375,7400.55625,812.646875,87.5875,6509.959375,559.39375,5473.04375,4333.6,2760.778125
458.725,7048.696875,507.746875,5068.809375,3272.390625,17.346875,2765.646875,2612.784375,171.08125,6820.553125,3890.596875,543.85625,540.740625,1053.384375,4106.93125,3910.146875,3881.703125,182.20625,3762.58125,579.8375,1531.90625,2650.09375,3793.609375,7291.803125,8054.95,6905.403125,779.778125,88.65625,6164.55625,558.778125,5204.484375,4156.021875,2732.775
605.984375,6976.709375,526.803125,5063.43125,3345.9625,18.69375,2825.48125,2670.5125,159.728125,6858.8,4017.15625,510.9875,523.165625,1154.596875,4159.0625,4019.8875,4012.790625,181.975,3962.44375,596.34375,1485.603125,2702.725,3949.078125,7246.2,7816.171875,6884.940625,895.659375,101.353125,6250.375,544.4375,5185.665625,4116.634375,2790.609375
635.134375,8446.69375,636.30625,5669.31875,3573.796875,62.678125,2943.059375,2731.825,149.2625,7930.465625,4391.86875,589.246875,504.040625,1229.15625,4555.51875,4404.925,4384.015625,179.9875,4239.7125,685.178125,1460.63125,2814.2875,4273.28125,9468.4125,10391.965626,7927.803125,1310.753125,94.771875,7188.24375,526.70625,5771.965625,4401.596875,2898.53125
476.36875,9299.028125,619.075,6078.4875,3498.40625,53.315625,2862.175,2606.675,138.06875,9183.890625,4283.50625,995.33125,486.109375,1177.321875,4565.04375,4318.975,4269.359375,176.453125,4059.840625,654.909375,1394.021875,2702.065625,4145.628125,9826.94375,10814.821876,9180.165625,1617.98125,84.084375,8075.9,513.0,6239.6625,4630.4,2804.375
567.975,9308.28125,640.2375,5696.7125,3439.49375,52.49375,2802.39375,2555.29375,123.53125,8631.7375,4202.9125,1132.40625,457.8125,1173.53125,4378.9,4215.43125,4194.95625,174.10625,4049.0875,704.25,1339.0875,2649.875,4077.3,9777.49375,10712.68125,8847.91875,1143.16875,93.275,7289.31875,518.5125,5907.1125,4399.70625,2747.61875
470.11875,8464.4,561.56875,5483.01875,3228.13125,44.86875,2652.66875,2447.125,112.2875,8210.13125,3972.425,988.54375,431.7375,1116.5125,4256.7375,4008.38125,3958.83125,171.5,3766.64375,795.78125,1301.58125,2519.39375,3842.4375,8839.11875,9901.55,8279.09375,1339.78125,84.7625,7151.15625,525.83125,5618.39375,4368.475,2606.88125
518.1625,7914.8375,528.95,5026.25625,3150.01875,28.75625,2613.5625,2397.425,103.69375,7433.9875,3894.69375,809.2875,414.45625,1103.65,4037.58125,3901.25,3887.65625,169.98125,3715.83125,763.28125,1262.46875,2460.825,3756.7625,8236.89375,9199.8875,7599.94375,1021.76875,89.1,6454.0375,509.94375,5213.05625,4061.6875,2556.9
772.36875,7120.6375,578.1875,5082.79375,3321.4125,23.61875,2755.01875,2734.65625,93.95625,7070.225,4192.53125,670.10625,402.225,1312.6125,4316.30625,4196.83125,4186.09375,168.5875,4094.28125,583.6625,1391.60625,2707.7875,4071.725,7291.88125,7872.0125,7089.01875,1070.51875,127.34375,6300.7125,516.4625,5156.75,4179.05,2744.00625
1026.025,7247.1125,799.1125,5525.19375,4397.7625,39.0125,3582.79375,3099.61875,85.9125,7397.5625,5408.30625,572.33125,402.43125,1467.2375,5253.83125,5360.1125,5414.80625,167.225,5451.9625,380.5875,1554.3625,3244.21875,5377.3375,7315.31875,7307.4875,7316.91875,1256.7625,182.125,6801.05,527.26875,5421.99375,4682.2625,3458.2875
1430.91875,8550.625,923.73125,6966.8,3996.99375,33.71875,3042.8625,2728.7375,77.175,8674.1375,5872.09375,511.6375,392.60625,1342.4,6091.46875,5906.7,5854.0125,166.5625,5561.75,366.125,1341.9875,2800.58125,5667.875,8871.89375,8917.6375,8544.99375,1638.58125,118.9,8252.45625,491.4375,6705.125,5945.56875,2936.275
1230.925,9158.1375,840.15625,7020.95625,3686.9625,10.175,2865.53125,2761.5625,68.88125,8980.5125,5367.60625,658.70625,379.31875,1409.03125,5583.2,5407.1625,5344.0,166.71875,4967.5375,331.4125,1309.65,2763.10625,5059.96875,9794.34375,10417.48125,8974.525,1281.6875,111.15,8224.13125,462.1625,6960.175,5620.46875,2834.1625
780.04375,8360.2625,573.74375,7424.9625,3343.0875,0.0125,2746.675,2578.69375,61.26875,9842.25,4600.36875,1657.81875,368.0875,1281.29375,4980.975,4662.41875,4579.14375,162.53125,4235.2375,231.00625,1253.1875,2603.59375,4386.38125,8191.425,8348.275,9276.14375,1537.7125,114.64375,8464.85,445.84375,6986.94375,5169.13125,2700.98125
1375.775,13308.1625,696.4625,7962.95,3056.30625,,2425.30625,2431.28125,53.91875,13988.225,5089.94375,2203.40625,357.525,1259.5375,4988.3875,5062.5875,5072.43125,195.75,4496.4125,365.7,1154.0375,2381.24375,4624.63125,12873.34375,12191.2375,13473.725,1457.2125,101.0375,11367.475,418.89375,8510.49375,4618.39375,2410.68125
975.45,15643.34375,857.10625,10054.39375,3411.35,0.03125,2529.6875,2401.56875,47.00625,15993.0375,5227.6,2617.3375,338.875,1298.025,5660.30625,5312.30625,5190.29375,187.83125,4526.16875,392.09375,1074.3875,2419.025,4801.5,15896.10625,16685.4,15699.29375,2598.69375,95.325,13222.74375,401.20625,10136.30625,5653.8,2496.375
1088.0875,16713.76875,373.70625,8408.46875,2866.0875,0.0375,2476.99375,2446.61875,41.13125,14771.3875,4176.775,2562.55625,336.34375,1341.0125,4388.25625,4187.78125,4165.96875,186.09375,4000.89375,713.95,1084.95625,2414.65625,4047.25625,17123.8,17541.375,15346.34375,1281.2625,89.19375,11421.14375,420.83125,9392.4375,4765.0625,2435.8375
1461.90625,13683.375,978.29375,7519.1625,4214.05625,14.8,3333.31875,3335.0125,38.76875,12580.125,5132.53125,2377.0625,347.44375,2043.33125,4961.11875,5069.95,5143.29375,189.28125,5400.48125,1083.9,1251.8625,3268.15,5119.96875,14466.4875,16187.14375,12792.8875,935.04375,217.45625,9619.78125,454.0875,7959.20625,4485.7,3292.41875
2665.6625,14779.5625,4005.38125,13900.08125,9241.9625,237.70625,5213.3375,3849.83125,51.16875,16065.69375,12181.5375,3503.25625,386.6875,2436.825,11395.2125,12056.65,12190.83125,205.00625,12055.09375,1068.225,1311.75,4304.04375,12025.19375,15080.875,15831.325,15235.21875,2149.3,503.78125,13243.9625,511.30625,11697.38125,8802.46875,4894.56875
2073.5625,25558.55,1741.11875,20124.2,5750.625,52.575,3943.075,3359.54375,46.13125,27965.6,8978.9625,4078.49375,398.01875,1916.675,9918.975,9151.5625,8920.4625,195.9125,8121.1,850.0875,1393.175,3466.24375,8510.525,24526.1,23279.79375,27363.375,2673.1125,261.25625,23956.15625,541.8125,20898.14375,11306.31875,3738.2
2405.5375,27357.125,1044.8875,16798.56875,4517.59375,4.25,3480.05625,3266.7125,37.7,26153.49375,7639.525,3567.95,363.26875,2031.4875,7711.08125,7620.54375,7621.39375,229.04375,7069.9875,962.51875,1211.10625,3266.80625,7103.4125,28222.59375,30184.36875,26402.8375,1971.79375,136.025,22120.15625,475.55625,18305.50625,8020.53125,3377.0625
2604.08125,27537.2,1539.3875,18940.44375,5572.79375,1.0375,4076.41875,3924.85625,34.925,27231.1375,9329.64375,4055.59375,346.50625,2648.79375,9678.55,9412.70625,9286.36875,229.89375,8312.4,1165.66875,1233.18125,3903.76875,8574.025,28457.40625,30693.98125,27067.13125,3087.1375,195.8375,23034.53125,467.68125,19086.75625,9216.05625,4014.28125
1344.95625,28814.9875,1257.9875,18287.225,5320.88125,0.4125,4026.51875,3713.64375,33.43125,28035.5375,7662.55,4775.55625,420.825,2400.35,8350.00625,7782.61875,7621.06875,205.1125,6883.21875,1679.6,1267.25625,3776.8875,7198.95,29203.5125,30789.81875,28384.5,2681.9625,123.36875,22765.325,517.58125,19313.6875,8956.6125,3930.1875
1319.35625,25500.1375,642.7875,13260.3375,4545.96875,0.18125,3881.18125,3705.11875,31.1,22801.1125,6093.6,3780.725,414.43125,2153.5,6328.69375,6099.4625,6081.24375,214.225,5922.5125,1833.25625,1528.45625,3689.75,5909.01875,26917.51875,29665.475,23594.0125,1604.4625,158.0375,18025.66875,554.2875,14970.0625,6836.23125,3787.1125
2367.6,22495.3125,627.0875,12897.54375,4979.31875,0.05,4343.83125,3927.7125,45.6125,22037.56875,8118.68125,3995.10625,424.475,2432.025,8173.45,8142.575,8088.9,232.21875,7515.78125,1489.85625,1461.13125,3966.825,7676.0125,23723.425,25547.03125,21892.5,2382.44375,211.61875,17773.8625,628.45,13457.54375,7491.6375,4171.2625
2134.30625,26719.23125,2069.0125,15228.825,6288.71875,0.8125,4258.73125,3852.125,73.35,26151.6,9283.01875,4388.925,420.84375,2208.7,9560.7875,9292.41875,9249.7875,488.59375,8498.8875,1355.51875,1538.575,3858.95625,8616.65625,28048.9125,30262.88125,26124.59375,3037.825,401.58125,21359.30625,610.3,15940.29375,9097.66875,4161.375
3412.53125,25278.2625,4401.49375,16539.025,10367.34375,11.39375,5962.85625,4464.25625,272.86875,24514.0125,14509.46875,3392.6375,526.3875,2502.2,13819.13125,14280.71875,14537.73125,590.2875,14092.7125,1181.1375,1796.98125,4679.39375,13928.25,26525.35,28891.49375,24630.8375,4366.34375,904.7125,21088.15625,695.3,16273.09375,11787.55625,5599.10625
2991.2,27516.53125,3380.09375,20351.25,8807.44375,0.7125,5312.89375,4477.00625,557.96875,29058.85625,14453.51875,2398.66875,895.1875,2304.8625,16169.85625,14729.20625,14351.75,608.8625,12488.2625,1447.1625,2115.8375,4510.06875,13260.475,27639.2875,29041.15,28580.0375,5832.66875,556.6,26853.2125,931.58125,20543.91875,17220.3375,5053.18125
1502.08125,25099.537504,1432.328125,13823.218752,6631.903125,0.0625,5161.434375,4969.50625,633.959375,22561.784378,9080.365625,2446.721875,1425.703125,1993.05625,9907.100001,9210.390626,9029.203126,268.95,8298.359375,1727.7375,2950.50625,4920.7875,8525.49375,26531.700002000005,29772.159378,23380.175004,2930.834375,302.71875,19074.506254,1150.978125,15149.321878,11216.278129,5127.134375
3848.265625,21764.206252,1382.453125,14888.531254,8110.4,0.19375,6640.584375,5699.4125,708.790625,22060.125002,14710.653126,2575.184375,1652.3625,1934.240625,14473.653125,14646.425002,14677.168752,742.6875,12584.912504,2010.94375,3726.990625,5703.85,12834.225002,23483.809378,26976.418752000005,21380.790626,4078.140625,687.184375,19846.103126,1297.75,14733.512504000002,12306.275,6329.090625
3978.115625,33815.981252000005,1131.509375,22867.543752,9515.35625,0.615625,8275.8875,7632.690625,736.146875,34349.950004,15950.384378,3690.9,2055.221875,2238.190625,17180.300002,16112.209376,15879.850002,807.746875,14228.506254000002,1926.68125,5359.521875,7597.84375,14816.425002,35640.331252,36572.800004,33920.390628,4870.790625,503.134375,29853.728130000003,1792.85625,23555.803126000003,17535.818752,7992.671875
1881.596875,45220.975004,1045.546875,29261.681252,8346.4,0.090625,7275.234375,6683.7875,896.23125,46591.587502,11900.250002,12562.893751,1855.571875,2291.9625,13062.912502,12087.809376,11832.612502,413.66875,10554.975003,2711.58125,4351.6125,6766.96875,10951.009375,48111.909376,50470.793754,45627.862504,2366.096875,236.78125,34000.346878,1571.371875,30174.525004000003,14585.931252,7061.86875
1601.696875,51738.853128,5283.540625,26063.000004,13793.550002,13.578125,8443.221875,7957.66875,1579.45625,48336.187502,17112.843752,11656.743753,2453.478125,3035.1,16415.771878,16960.790626,17116.062502,512.5125,15879.709378,3083.04375,4886.471875,7967.80625,15725.543752,55590.43125400001,60681.915628,48985.634376,6073.578125,422.184375,35900.550002,1874.375,28008.453126,14274.006252,8213.371875
2277.1625,51400.187504,3298.00625,27338.012502000005,13787.946878,22.884375,10383.443754,9456.6625,1800.05625,48283.018754,18679.334378,7677.0125,2908.025,3279.00625,20220.971876000003,18926.137504,18568.046876,884.678125,16706.315628,4441.021875,6140.490625,9496.109375,17210.293752,54312.375002,61271.00625400001,48884.290626,7167.01875,692.578125,38942.425002,2132.040625,28622.23438,20658.040626,10092.259375
1639.71875,39753.418754,1643.790625,23493.521878,15232.181252,166.81875,13537.446875999998,13120.171876,2008.109375,35348.11875,17713.128128,4829.15625,3331.45,6341.25625,18898.606252,17811.375002,17643.478128,1081.03125,16947.378126000003,6852.465625,6759.653125,13172.175004,17034.709378,43493.815630000005,53687.668754000006,36402.712502,3466.3375,360.90625,29239.978128,2441.525,24327.515626,18985.890628,13340.24688
1193.34375,33345.887502000005,1286.8125,22008.637502,13999.565628,142.334375,12594.265628,11497.653128,1777.521875,30776.5875,16439.540628,3200.49375,3468.08125,4641.440625,17507.715627999998,16595.575002,16369.125002,563.690625,15533.431252,6334.275,6788.50625,11862.415628,15835.743752,36096.025004,44352.734378,31412.225004,3207.996875,231.04375,26957.678128,2368.503125,22723.653128,18238.240628,12246.418754
2162.609375,30300.225002000003,1132.5125,19557.221878,12214.706254,73.65625,11031.743754,10202.059377,1485.690625,27682.681252,15549.606252,2801.9125,3106.809375,3771.690625,16424.465627999998,15726.462504,15506.093752,543.7875,14758.334376,5312.403125,6394.434375,10349.040626,15022.006252,33357.484378,41035.728126,28209.068752000003,2134.0,422.89375,24059.975002,2079.51875,20378.618752,16349.721878,10730.756254
3577.978125,28941.128128,4586.221875,25519.534378,21850.981252,2273.35625,17290.534376,12662.531254,1413.39375,29449.962502,25130.253128,3285.415625,3209.196875,4526.634375,25157.256252,25108.500002,25156.825002,760.00625,25465.512502,4429.590625,8036.93125,15332.371876,25142.393754,30704.6,35891.146878,28881.806252,2075.975,1670.93125,26424.962504000003,2599.915625,24214.146876000003,22611.543754,16882.337502000002
4079.14375,39213.465628,2906.45,29376.143754,19443.896880000004,889.40625,16451.818752,13172.700002,1341.578125,38431.950004,24608.287502,3273.503125,3390.5125,3925.3,25864.134378,24833.531252,24564.403128,570.05,23920.181252,3827.56875,9133.05625,14560.134375999998,24139.043754,40462.868752,43877.253128,38532.403126000005,3582.41875,1264.459375,34884.262502000005,2712.56875,30350.728128,26440.015626,15822.450004000002
3021.5843752,36591.525002,2152.7937502,27374.98594,19649.100002,875.784375,17446.545314,14814.895312,1352.7500002000002,35210.043754,23497.485938,3004.7625002,3815.2203126,3919.0812502,24352.10469,23680.907814,23454.157814,450.3546875,22915.0875,3812.6671876,10717.520313,16162.473437999995,23065.476562,38121.004688,43051.398438,35542.185938,3462.4921876,836.646875,31867.935940000003,2902.4375002,27924.556252,24641.240626000003,16956.600002
2110.9562502,34503.50625200001,1942.1421876,27448.41094,21505.310940000003,1120.3296876,19561.315626000003,17380.453124,1365.8421878,34183.045314,24204.36094,2386.0421880000004,4031.9359376,5465.0734378,24773.307812,24376.631252,24093.095314,434.4328125,23721.1125,3558.6781252,11749.487502,18899.082814,23782.000002,35323.585938000004,39189.58281000001,34224.489062,4077.2359376,444.925,31718.048438,3185.0406252,27436.220312,24474.435940000003,19322.884378
1186.7906252,34329.6875,1291.7718751,26097.750002,18186.507814,493.703125,16826.331254,15628.228126000002,1651.7453128000002,33315.60469,20561.128128,1993.4437504,4070.4453128,4512.9046878,21814.804688,20818.859376,20467.015626,299.528125,19665.128126000003,2939.8031254,11029.370312,16334.859376000002,20044.250002,35227.38125200001,38771.101566000005,33655.668752000005,3052.2546878000003,248.7015625,30833.29375,3122.0171876,27116.506252000003,23262.67344,16644.64844
909.384375,29527.50469,995.2062501,22808.279688,19947.637502,341.7390625,19000.548438,18346.845314,1570.053125,27762.659376000003,20758.465626,2044.1765626,4663.4687502,5018.3921878,20790.756252,20773.889066,20734.529688,314.0953125,20735.476566,2252.3593752,13205.790625999998,18811.650002,20582.121876,31715.640626,35420.051564,28084.050002000004,2413.846875,293.771875,25548.140628,3624.8437502,22836.714064,20147.845314,18978.312502
1828.1046878,33673.828126,4019.3062502,31455.575,25201.976564,715.0453125,21227.610938,19488.315626000003,1460.2468752,36913.51719,28424.935940000003,2227.2046878,5048.3765626,5305.6875002,30706.076566000003,29047.031252000004,28271.6625,1323.9796878,27044.75625,1878.4078128,13978.632814,20644.304688,27036.870312000003,33993.525,35229.239064,35384.290624,6603.2250014,361.4640625,36181.150004,4120.2171876,30101.590628,28692.41094,21058.407814
1199.5859378,48278.926564,2046.9046878,31325.357814,20610.982814,282.3859375,18460.643752,17426.029690000003,1404.5171876,45114.74375,23440.837502,2647.3765628,5411.8937504000005,4658.9968754,25645.946876,23823.179688,23332.876566,651.0609375,22174.870314,2512.7390628000003,12647.687502,17957.582814,22640.114062,50596.856252000005,53356.509378,46193.712502,6219.7734378000005,211.3359375,41110.982814,4160.2890628000005,33021.47968800001,27779.404690000003,18286.950002
661.128125,35335.37969,931.0578126,24013.004688,15683.498438,122.9078125,14667.729690000002,13734.582812,1298.4109376,32412.442188,17640.050004,2778.9593752,4432.8406252,3834.3562504,18784.620312,17858.537497999998,17576.520314,232.9015625,16726.096878,5414.0406252,9828.1281242,14096.409378,17158.171874,37431.121878,44566.778128,33299.695312,2456.0718752,122.40625,28742.759376,3318.9859376,25314.448438,20115.217188,14429.059374
719.9515625,27753.531252000004,2166.9343751,19034.803126000003,17263.045316,501.459375,15231.839062,14825.520312,1303.6625002,25705.946876,17470.564064,3084.2375,4156.3500004,5186.1265628,17021.810940000003,17386.782816,17483.598438,294.3140625,17775.982814,4747.1937504,9576.2781252,15333.529688,17443.639064,29289.778126,35448.229688,26150.32344,1950.2593754,173.434375,22220.67344,3161.3812502,19555.61719,16091.203126000002,15321.845314
766.95703126,30900.414066000005,2672.496094,24138.60547,17156.052344,420.1390625,14391.847658000002,13016.746874,1177.4937504,32200.544532,19719.232032,3733.3570314,3649.561719,4516.5414064,21049.500782,20008.794534,19625.603126,343.19296876,18401.99297,3298.9554690000004,8403.6906254,13749.817972,18962.512502,32385.966406,35913.141408,31552.428908,4585.9164064,142.16328126000002,28943.13203,2808.4562502,23979.517968,21599.507816,14129.60547
2245.4078124,37070.518752,5390.0593752,25062.941406,19372.38672,316.44453128,13948.965626,12860.50547,1187.096094,38558.743748,24749.457814,5048.4539066,3180.9562502,4804.4046876,24164.76797,24645.176564,24707.375782,560.4046875199999,22145.660158,2798.3632814,7955.6289062,13326.052344,22605.477344000003,38262.739066,41372.703908,37681.125,9950.2351552,457.54453126,34429.61875,3094.6085938,24107.385936,21850.375002,13713.702342
2130.4453126,48299.794532,4571.461719000001,31092.382814,18504.643752,182.61015626,13851.676564,12290.192188,1288.0078126,47620.821092,25101.22578,4309.633594000001,3040.4703128,4278.7429688,26833.966408,25443.36875,24942.564062,764.95859376,21540.696096,3980.908594,7909.892968800001,12690.232811999998,22439.903124,49516.318752,53338.875784,47868.69922,9912.8875016,611.59765626,42967.32422,3244.3695314,31770.696875999995,27760.137502000005,13392.8125
2105.2070314,42181.091406,4563.3914064,27154.272656,17226.128126,120.61250004,12580.138282,11280.967188,1236.1523438,40507.01093800001,23214.631252,3063.1625,2872.0687502,3586.6390626,24401.992186,23475.91797,23081.822656,802.30156252,20039.882814,6555.8390628,7624.596875,11579.154686,20614.525784,43867.54922,51722.607032,40911.435158,9039.8953128,520.12656252,37240.69297,3089.7929688,27577.202342,24436.620312,12189.132814
2356.2023440000003,40569.74297,4986.4359376,26565.66172,18088.424998,152.27265626,13053.191406,11668.7875,1312.5414064,40080.002344,23517.817188,2195.0320314,2800.3796878000003,3670.4492188,24686.80625,23716.963282,23416.745314,1035.5671877999998,21034.34453,5642.0296878,7904.6851564,11920.514064,21400.032032,41378.255468,47496.653128,40227.18047,10155.158593,852.7414062600001,37720.0,3381.6960938,26746.076562,24346.395312,12642.806251999998
1958.2976564,38417.678126,3367.4570316,27226.3375,18868.703126,244.33125002,15411.42422,13883.103906,1204.2218752,36849.846876,23062.292188,1660.2335938,3161.708594,4077.7796878,24405.533596,23303.346878,22966.05625,637.11718752,21343.599218,4434.567969000001,9668.2343758,14372.401564,21805.55078,39423.330468,44627.16718800001,37428.935156,5976.0390626,737.4132812800001,34564.04922,3562.4414064,27646.128126000003,25139.117968,15095.580472
1155.38359392,31551.255472,2138.5273438,23174.139842,16618.6875,186.72421876,14401.242968,12958.13672,1020.42109386,29615.625,19363.531254,1305.6640628,2742.955469,3569.8648440000006,20293.57578,19535.207034,19300.929688,291.50937504,18196.975782,3241.9484376,9244.9726566,13490.549218,18620.91172,32699.714062000003,37111.921876,30252.707032,3059.5453124,417.89843754,27704.95,3145.5523438,23954.990626000003,21222.285158,14096.827344
726.41640628,25910.63672,2564.9304688,19100.875784,13256.984378,159.01171878,10630.8304694,9567.9164066,895.3789062600001,25023.942188,15633.132812,1084.9851562,2215.9929688,3221.0171878,16546.797658,15818.756252,15564.311718,318.90546878,14351.01953,2385.5343752,6248.9445314,10002.5835936,14713.152343999998,26713.21797,29966.822656,25248.265626,3654.6898438,204.07031252,23762.25,2400.6757814,19840.295312,17328.371094000002,10389.1726564
1458.8093751,23948.921092,1467.4640628000002,15919.652346,10137.5523436,98.25390625,8581.3296878,7757.3335938,809.8875,22357.442188,12802.4375,974.43515628,1918.9625002,2646.4960938,13580.917188,12916.621094,12762.385938,438.68515626,11964.5125,1767.7976562,5063.1328128000005,7981.610156199999,12271.309376,24528.678906,26700.570312000003,23013.888280000003,3275.6101562,277.99375004,20667.035158,2038.555469,16587.725002,14102.579688000002,8314.7531252
1013.61171882,19535.89844,918.48593762,14937.292188,8717.632031199999,70.4953125,7729.6578126,7025.4156252,745.4695312599999,18782.23828,10887.520313,960.9625,1696.477344,2495.5664064,11722.2875,11021.898438,10838.1710962,296.19843752,10039.2320308,1375.2085938,4477.0945314,7246.445312600001,10400.9859372,20074.6625,22082.989064,19033.574218,1738.8140626,174.26875004,17550.579690000002,1794.0015626,15399.07969,12546.16172,7519.0625002
1325.9507814,17591.626561999998,970.00781246,13794.841407999998,7684.0625002,61.8265625,6677.004687600001,6128.8109376,690.16875002,17052.15547,11018.31172,952.10156252,1479.4539062,2373.3429688,12075.10547,11195.750782,10932.228908,940.21875022,9419.9023438,1187.7632816,3708.0375,6291.1171876,9842.2828136,18133.48672,19855.789064,17085.95625,2014.3414064,150.49218752000002,16184.427346,1443.0132814,13807.546876,11541.528124,6487.825
1931.85625,20176.210938,916.46328128,13740.135938,7186.421094,70.646875,6255.2773438,5766.6781252,638.88593754,20039.987502,10028.7148456,908.50546878,1333.0585936,2454.2453124,10997.500782,10153.79922,9973.5367192,649.43906252,9279.9351564,1040.28828136,3267.9132816,5890.9601564,9419.1101564,20371.716406,20993.732812,20192.286718,3161.1195314,258.46718754,18689.366404,1201.5851564,14475.71875,11528.509374,6129.6890626
1729.6734378,18336.691404,1176.0062501999998,13473.857032,7629.216406199999,216.76015628,6426.4093752,5567.067969000001,589.2796875199999,17319.321874,10230.3343732,1026.08906266,1241.9710938,2520.8140626,10907.265626,10331.6,10190.3156246,403.34296878,9574.5187508,1081.83671886,2970.7023440000003,5943.3296874,9821.4898432,19221.307814,21155.051562,17560.267968,2051.3132814,231.43906254,16067.364846,1044.3843752,13566.616406,10984.01172,6254.142969
791.14453126,17225.432812,766.49375002,11916.303906,6114.7484376,91.38828126,5315.10625,4857.825,542.3757812800001,16391.319532,7634.429687600001,1232.3929688,1274.4445312,1929.4078126,8362.1054688,7757.6171878,7596.863281399999,213.38750002,7086.7710938,1357.021875,2885.0460940000003,5036.503906399999,7316.754687600001,17656.44297,19212.042972000003,16732.686718,1440.3046874,125.12109378,14732.485158,1021.73437506,12717.110156,9294.825781,5209.6992188
655.3898437800001,14370.24844,674.7976562599999,9410.3085932,5387.982031199999,46.74765625,4700.910156399999,4318.932031599999,494.04296878,13022.067968,6516.4546876,1182.527344,1122.902344,1673.7828126,6900.5414064,6576.6062502,6495.863281399999,202.26484378,6169.1046878,1376.6039064,2603.1609376,4446.8750002,6283.3500002,15061.17969,17144.595312,13473.09375,1019.83046886,119.64843752,11420.874218,913.20625004,9926.5429686,7199.1039062,4606.346094
649.27812502,11849.229686,738.95312502,8431.034375,5023.3289064,36.7390625,4266.0851562,3908.730469000001,446.68046878,11299.522656,6140.7890628000005,1027.3851563,1014.71484386,1512.2179688,6470.2984378,6191.8289064,6122.446094000001,202.04140628,5819.6820314,1208.2304688,2356.1671876,4017.1351562,5937.183593600001,12254.415626,13902.47578,11480.148436,1159.6468749,127.12421878,10116.903909199998,820.49453128,8696.0859376,6594.441406399999,4173.019531399999
596.84609378,10955.604688,642.97500004,7820.480469,4662.4289064,32.925,4005.2406252,3694.1734376,403.47343752,10524.907814,5668.8242188,885.26093752,946.09375002,1447.8414066,6023.8859374,5723.6265628,5649.6437502,201.59765628,5372.535156399999,1011.1078127,2208.7109376,3786.8304688,5475.7203126,11206.901562,12397.485938,10702.355468,1104.3757812,120.51484378,9461.5031252,787.39296878,8068.349219000001,6194.4226564,3926.8406252
714.0984375,10191.378126,607.29375,7324.2148438,4439.2250002,28.53828125,3824.5640628,3534.8437502,360.99140626,9934.849219,5518.400781599999,784.6335937599999,903.27890626,1401.0000002000002,5756.7390626,5551.5289064,5502.514843800001,214.1921875,5243.472656399999,862.8492187600001,2100.2632816,3617.783594,5308.953906199999,10438.639844,11487.91094,10016.7093756,1005.7140626,115.546875,9014.2468752,746.453125,7609.174218800001,5778.5648442,3749.5445314
1466.6328126,11258.371876,838.74375,8071.9125002,4492.5531252,25.475,3664.5765626,3363.9375002,318.2890625,12048.86719,6805.257812600001,738.01875,830.596875,1338.9750002,7155.9062502,6839.09375,6766.7734378,534.3609375,6041.6312504,894.0625,1991.2218754,3444.5125004,6158.4843754,11259.520316,12352.153124,11666.96875,2682.3359376,115.4859375,11476.578125,697.0671875,8216.6843752,6439.2531252,3577.0421878
959.8171876,14561.885940000002,812.428125,9742.9046882,4236.2078128,23.75,3396.9156252,3085.5296878,280.4359375,14261.076561999998,6109.2812502,744.415625,763.6765625,1205.0828127999998,7067.782812799999,6238.4234378,6062.3000002,411.425,5361.0921878,949.1640626,1845.5281252,3172.3421876,5625.5093754,14733.828126000002,15547.842188,14390.082814,2579.8890628,111.3640625,13249.145312,654.5171875,10005.5781266,7692.4312504,3312.1078126
620.684375,13161.948440000002,604.9,7854.2718752,3764.1453126,22.7515625,3146.2718754,2882.1562502,249.6859375,11614.406254,4821.7468754,750.4296875,714.9609375,1094.2750002,5281.1687502,4888.4593754,4799.3703128,208.4625,4485.8234378,1341.9515628,1755.6796879999995,2953.5750002,4600.3843752,13876.59219,15825.995314,12140.464062,1261.9609378,108.26875,10344.8593746,643.3265625,8496.9968754,5781.3125,3077.3031254
607.159375,10254.6171886,560.4046875,6681.1015628,3586.6250002,21.290625,3018.3796878000003,2771.0234376,223.80625,9327.6531252,4496.8187502,720.0421875,662.1671875,1054.4656252,4781.4625004,4536.2203126,4482.1703126,203.690625,4270.2593752,1557.748438,1686.7078128,2833.9687504000003,4326.8953128,10936.504688,13168.270314,9612.6093752,978.2156251,109.5,8346.7453128,622.559375,7009.0343754000005,4897.0515628,2951.9812504
753.9046875,9078.2781252,575.546875,6400.3296876,3539.6625004,19.25,2959.0515628000003,2718.9625002,202.4578125,8732.1906252,4631.5390626,671.134375,618.2296875,1060.8078128,4887.8031252,4668.5453126,4616.9375004,206.63125,4377.3843752,1401.9890627999998,1629.2531252,2774.7625002,4452.6703128,9486.0531254,11232.790626,8833.2125004,1149.4468752,112.278125,7947.473437600001,620.984375,6542.5453128,4815.7437502,2891.5953128
664.0234375,8873.96875,545.1078125,6275.5046876,3419.625,18.5421875,2867.3171876,2630.2078126,183.7265625,8629.253125,4388.575,627.284375,577.2875,1062.9359376,4680.6171876,4427.9609376,4373.5734376,201.6875,4160.728125,1180.334375,1537.40625,2689.6625,4226.5015626,9126.7203126,10451.518754,8735.5421876,1122.33125,105.575,7872.275,577.9328125,6468.5625,4794.540625,2804.7015626
821.0875,8436.075,559.35,6033.053125,3359.075,18.484375,2794.83125,2544.19375,168.03125,8102.8125,4452.715625,598.571875,539.11875,1059.9125,4575.41875,4445.603125,4446.059375,202.525,4259.3125,1017.00625,1454.8125,2601.740625,4267.859375,8732.465625,9928.215627,8214.184375,975.4375,123.078125,7405.759375,547.825,6174.50625,4584.86875,2727.875
2399.1875,9273.359375,866.8375,7523.840625,3885.496875,21.65,3027.903125,2620.81875,156.8625,9884.146877,6911.328125,591.63125,508.575,1142.4,6909.990625,6883.396875,6895.546875,427.559375,6427.028125,997.49375,1439.7375,2663.9125,6520.59375,9488.556251,10580.568752,9504.681252,1625.04375,247.790625,9377.550001,535.015625,7321.9,5742.546875,2885.51875
1777.328125,12900.181252,828.240625,10254.884376,4255.096875,70.546875,3409.96875,2898.184375,147.65625,13515.946878,6788.58125,610.934375,487.696875,1308.859375,7487.00625,6871.753125,6755.30625,387.09375,6203.8625,919.9,1508.725,3065.640625,6448.7125,12913.759378,13448.787504000002,13353.515628,2002.43125,226.5125,12849.150002,548.209375,10439.590626,7805.021875,3300.8625
815.671875,13471.190628,552.778125,8934.153125,3516.71875,51.525,2944.003125,2620.215625,138.759375,12459.303128,4943.315625,697.271875,467.725,1123.715625,5594.1125,5052.509375,4908.671875,208.9375,4469.146875,957.115625,1449.353125,2725.71875,4660.89375,14025.068752,15276.818754000002,12834.031252,1199.74375,111.515625,11302.812504,538.25625,9589.828126,6378.859375,2862.025
1621.825,13152.290625999998,534.55,7832.5,3409.228125,30.9625,2876.003125,2563.796875,129.94375,11630.343754,5141.89375,787.0,449.31875,1130.903125,5303.6125,5131.640625,5136.9875,369.99375,5077.621875,1127.68125,1388.653125,2642.275,5030.178125,14292.818752,15720.909378,11917.371878,1142.96875,146.33125,10094.38125,511.446875,8424.45,5062.546875,2784.690625
1185.284375,12466.671878,528.365625,8877.73125,3469.878125,36.93125,2930.91875,2546.471875,122.1,11941.946878,5162.940625,1194.640625,437.528125,1151.953125,5705.90625,5241.471875,5137.125,245.3625,4763.484375,1078.496875,1330.946875,2666.728125,4927.86875,13386.718752,15004.896876,11977.412502,1278.1875,154.29375,10508.971876,499.2125,8975.378125,5888.121875,2837.25625
1078.74375,13502.493752,478.25,8717.96875,3141.04375,27.953125,2653.215625,2383.68125,114.990625,13767.800004,4570.53125,1936.228125,422.175,1083.58125,4975.71875,4622.675,4548.525,271.28125,4306.659375,1055.528125,1268.365625,2451.825,4376.0625,13785.003126,15078.609378,13610.378128,1327.078125,109.64375,11743.734378,481.7875,9465.4125,5215.10625,2575.1
1155.590625,15494.971878,526.7625,9298.915625,3123.2125,18.4375,2599.559375,2384.153125,107.4125,15068.393752,4924.93125,1983.440625,408.503125,1130.053125,5268.775,4969.903125,4894.365625,378.6125,4339.36875,1137.178125,1226.503125,2434.2625,4448.234375,15919.881254000002,17026.053128,15023.968754,1628.359375,103.36875,12956.918752,474.346875,10014.871877,5153.05,2538.78125
1282.9625,21792.900004000003,797.271875,11674.200002,3384.575,18.775,2594.540625,2358.15625,96.215625,20501.159380000005,5687.0125,2099.35,416.9,1156.878125,6568.4125,5817.234375,5628.08125,621.378125,4754.36875,1437.140625,1164.084375,2415.271875,4923.728125,23124.006254,24349.406252,20495.553128,2667.06875,115.959375,17530.506252,473.9,12696.075002,6256.68125,2533.040625
793.128125,21736.390628,617.590625,11901.950004,3149.221875,22.60625,2515.25,2297.946875,88.840625,20097.115628,4575.565625,3381.58125,406.49375,1104.353125,5307.321875,4671.784375,4538.728125,332.278125,4049.8125,2152.575,1156.021875,2352.7125,4196.746875,23157.515628,26013.646876000003,20542.803128,1899.41875,106.884375,15926.662502,459.509375,12859.293752,5987.11875,2460.315625
656.8,18767.203128,507.925,9495.284375,2977.715625,22.353125,2461.384375,2226.69375,82.125,16691.771878,4030.525,3338.878125,377.80625,1092.7375,4401.94375,4080.51875,4010.1625,219.3625,3718.925,2781.1125,1095.559375,2286.11875,3820.39375,20365.040628,24102.212502,17340.221876000003,1517.7125,105.665625,12574.978128,434.35625,10362.906251,4661.3,2401.0
590.76875,15348.540628,482.35,8183.0875,2912.125,22.321875,2426.928125,2217.53125,75.6875,13896.968754,3801.55625,3020.284375,362.64375,1112.821875,4100.890625,3841.61875,3784.209375,208.05,3555.0,2416.084375,1066.86875,2272.946875,3617.421875,16696.193754,19890.337504000003,14311.243754,1298.728125,102.978125,10426.659376,422.3,8721.809375,4199.71875,2375.721875
736.378125,12867.393752,591.35,7072.721875,3027.575,20.428125,2434.5125,2217.63125,70.68125,11937.671878,3963.484375,2599.309375,350.80625,1156.703125,4118.41875,3976.278125,3955.58125,202.590625,3816.0875,1741.675,1032.9125,2258.896875,3833.1125,13618.756252,15670.759375999998,12251.168754,1311.625,127.540625,9082.875,408.05625,7439.284375,4031.509375,2380.475
893.54375,11630.971876,709.903125,7180.471875,3226.490625,24.1,2525.959375,2315.815625,64.48125,11338.231252,4387.725,2026.990625,342.1,1238.421875,4599.528125,4423.64375,4373.159375,230.3125,4149.340625,1243.13125,1038.596875,2366.80625,4184.95625,12114.662502,13414.359376,11409.687502,1716.15625,123.2,9176.121875,399.78125,7370.478125,4374.675,2476.734375
1006.6375,13153.628126,711.84375,8014.740625,2978.44375,5.98125,2286.390625,2185.584375,57.928125,13888.900002,4768.05625,1749.621875,340.690625,1198.5625,5066.159375,4800.684375,4745.990625,378.53125,4084.728125,1087.775,970.321875,2177.034375,4245.18125,13506.468752,14743.596876,13368.321878,2231.775,94.990625,12067.69375,366.896875,8704.940625,4767.315625,2243.625
1712.2875,17033.73438,855.46875,10551.840627,3167.0875,0.009375,2311.83125,2243.140625,52.428125,17087.775002000002,5404.453125,1550.921875,329.625,1277.6,6044.434375,5432.521875,5387.10625,560.234375,4938.4625,973.378125,943.965625,2228.259375,5023.834375,17651.478128,18624.562502,16894.118754000003,3088.8125,110.746875,14993.950002,339.815625,10930.465628,5824.6375,2290.9625
2219.69375,22787.509378,693.159375,16282.731252,3204.225,0.146875,2523.38125,2489.146875,47.453125,22326.068754,6452.43125,2396.221875,339.153125,1466.396875,6812.36875,6469.928125,6415.484375,579.328125,5619.428125,1462.340625,1010.290625,2404.675,5800.465625,23741.259376,24599.918752,22071.071876,2043.81875,188.028125,19238.046878,350.8125,16430.150002000002,6347.440625,2460.725
1650.23125,29801.793752000005,842.925,22351.046878,4174.809375,0.16875,3325.325,2941.696875,40.8375,31527.478130000003,7007.103125,6153.2125,353.9375,1702.571875,7813.634375,7100.884375,6959.896875,557.84375,6097.928125,1994.215625,1175.434375,2990.93125,6412.615625,30143.481254,31570.06875,30807.087504000003,2552.915625,240.3875,25333.896876000003,374.1375,22388.284378,7827.128125,3198.28125
2111.821875,32888.55,718.98125,18261.975002,3789.125,0.246875,3065.19375,2543.65,35.146875,30777.775004000003,6649.115625,7588.834375,351.884375,1464.71875,6972.590625,6636.05,6643.603125,423.0375,6064.1875,2089.253125,1035.76875,2581.4875,6180.878125,34288.95625,36782.696876,31491.243752,1389.21875,223.5,22154.446878,355.91875,19784.853128,7079.878125,2807.0375
3007.41875,30681.221876000003,1527.0125,21639.596878,5431.003125,85.58125,3910.0625,3273.428125,30.809375,30792.571878,9879.587501,7933.471875,335.9125,2017.240625,10299.975001,9888.065625,9873.900002,720.140625,8673.034375,1836.984375,1195.746875,3394.440625,8914.390626,32035.128128,33912.228126,30324.634376,2027.38125,344.565625,22795.331252,398.06875,20865.715626,9043.487501,3597.796875
2799.765625,42364.646878,1962.615625,30602.596876000003,7234.640625,251.525,5208.6125,3884.228125,30.0,44269.893752,11585.406254,11153.618752,375.1375,2314.375,12479.187502,11651.596876,11558.762504,678.384375,10488.940626,1503.7,1480.68125,4316.7625,10875.203128,42700.081252,43308.871878,43477.775002,2553.14375,535.29375,33206.815628,524.509375,30400.056254000003,12383.950004,4837.90625
3010.440625,47698.856254,1905.978125,27712.678128,7457.584375,149.625,5528.725,4064.946875,25.2875,46215.368752,11550.971878,13174.290625999998,376.225,2573.715625,11719.775002,11507.843754,11550.600002,446.0125,10826.312501,1238.71875,1417.896875,4542.0625,11007.712502,48763.853128,50084.359378,46635.146878,1640.665625,516.665625,32097.081252000004,501.484375,29307.203126,11701.412502,5054.475
3899.53125,52455.109378,2715.971875,32816.487502,8421.853125,197.440625,5628.075,4310.621875,24.078125,53427.103128,14252.556252,16519.753128,394.553125,2861.271875,15146.35,14367.421876,14204.171876,628.565625,12929.4375,1133.821875,1366.075,4764.0625,13450.118754,53713.715626,53864.078128,52881.121878,2933.525,456.4625,36694.681252,524.015625,33001.965628,14680.303126,5255.690625
2902.471875,59701.59375400001,1390.40625,33196.565628,6989.421875,126.2375,5567.846875,4332.55,21.578125,57627.403126,10911.606252,17795.956254,391.846875,2625.096875,11954.28438,11035.171876,10866.621878,439.259375,10129.359377,998.559375,1639.425,4646.715625,10397.550003,61158.46875400001,62587.709378,58328.831252,2592.015625,722.346875,38805.090628,568.628125,34878.85000200001,13141.59063,5327.25
4081.821875,47363.953128,937.340625,25922.218752,7009.275,95.803125,6047.984375,4934.421875,21.215625,43418.646876,12000.234378,12917.484378,412.515625,2967.1125,12355.378126,12028.3125,11976.82188,413.565625,11346.831252,854.228125,1893.159375,5173.546875,11641.384378,49920.578126,52913.509378,44531.881254,1718.946875,647.715625,29607.890626,709.0125,26783.212502,11880.56563,5806.421875
4032.559375,37325.628128,583.903125,22806.753128,6550.0875,13.103125,5914.053125,5019.846875,42.771875,35272.834378,11672.687504,8924.23125,543.484375,2782.028125,12160.059376,11723.134378,11650.840626,548.840625,10769.128126,673.190625,2177.259375,5092.70625,10974.993752,38488.25625200001,40144.262504,36001.67813,1258.11875,653.815625,25772.071878,924.85,23759.112504,11808.837502,5706.009375
2732.225,30585.478128,528.840625,20911.478128,6502.04375,0.390625,5982.65625,5429.2125,111.209375,29445.146876000003,10674.787502,5889.475,696.759375,2679.575,12325.993752,10899.4625,10598.134378,795.4875,9407.621877,516.0375,2577.721875,5517.959375,9825.040625,31269.931252,32399.268752000004,29715.159378,1321.934375,506.80625,23363.584378,992.928125,21554.737502,13014.375002,5900.678125
2973.43125,29244.206254,944.54375,17267.281252,8860.159376,46.875,7978.815625,6937.53125,536.809375,25557.371878,11430.087502,4707.615625,1151.515625,3371.284375,11309.031252,11309.715628,11455.665627,575.5625,11748.393751,408.303125,3359.79375,7093.578125,11427.068753,31501.9125,32008.996878,26121.484378,1472.29375,941.640625,20240.771876000003,1507.484375,17911.809377999998,10737.671876,7907.675
3655.696875,27739.346876000003,1306.1375,21836.759376,11088.20313,115.29375,9775.45,9016.7875,1142.325,27979.868752,15254.887504000002,4911.034375,2103.65,3896.0125,15736.756254000002,15296.228125999998,15237.571878,477.671875,14848.275,318.1,5016.43125,9176.928125,15014.312502,29243.359378,29570.937502000004,27528.871876,1726.8375,592.13125,23136.215628,2270.309375,21393.125,15051.875004,9687.384375
3093.84375,31477.737502000004,827.225,22647.668752,11831.871878,35.734375,11015.543752,10294.618752,1117.571875,31261.68438,15051.031252,6012.321875,2221.596875,3850.9375,15326.637504000002,15059.825002,15044.500002,298.88125,14918.415625999998,245.0875,6359.371875,10373.815627,14916.353125999998,32026.231252000005,32014.096878,31288.015628,1422.484375,590.503125,24901.428128,2680.896875,23099.821880000003,15355.331252,10868.818752
3136.390625,32186.803128,610.1375,23650.48125,12073.984376,7.975,11452.687504,10726.200002,1231.615625,32448.443752000003,15748.990628,6972.015625,2242.975,3582.459375,16153.075004000002,15811.878128,15726.215628,238.471875,15332.225002,165.003125,7087.803125,10784.64375,15512.218754,32735.253128,32751.556252,32236.781252000004,1238.184375,495.840625,25233.956252,3061.278125,23842.603130000003,16110.150004,11271.137502
3552.11875,37253.740628,472.0125,26518.387502000005,13529.659378,0.7125,13079.646876,11997.071876,1459.196875,39417.325002000005,16632.743754000003,12727.090629,2662.171875,3536.803125,16342.378126,16543.268752,16650.950002,205.990625,16950.853128,115.534375,8394.121875,12049.684378,16682.175004,37166.425004,35803.396878,38533.509378,1114.309375,1074.384375,26625.287502000003,3584.696875,25639.778126,15652.262502,12996.131252
4769.9875,70631.284378,735.88125,46961.612502,16467.537504,7.70625,15685.828128,14066.793752,1753.040625,75427.403126,22892.221878,21055.581254,3154.675,4167.83125,23636.771878,22860.981254,22878.762502,833.80625,21826.221878,227.565625,9838.662501,14168.690628,22191.806252,71175.531254,66071.790626,73479.659378,3253.8625,955.653125,53493.687502,4159.13125,47739.85000200001,22543.975002,15068.546878
8458.8125,103505.225002,660.771875,63125.521878,18098.018752,19.975,17338.659378,14896.321875999998,1850.409375,103245.734366,27761.64063,25944.581252,3683.91875,3932.390625,28628.921878,27677.387502000005,27778.509378,1131.646875,27294.171878,493.253125,10853.518754,15112.000002,27527.74688,108153.04688,107408.765636,102738.834386,2864.3375,1357.278125,73629.968752,4399.596875,66123.16250399999,27656.553128,16447.684377999998
7919.38125,130446.9719,608.084375,78880.603128,19726.128128,19.990625,19112.787504,16927.571878,1806.03125,123682.9719,29693.450002000005,25806.340628,4086.1375,4148.49375,32297.143752000004,29887.406252000004,29618.506252000003,1388.1,28117.950002000005,628.98125,12419.534378,17173.962502000002,28734.812502000004,137648.17814,140124.7719,125036.15938,2708.55625,1426.196875,93144.990626,4696.053125,84236.453128,33432.106252000005,18569.065626000003
4060.478125,108488.221882,6934.050002000001,65060.25625200001,24543.131252,179.8625,17869.284380000005,16904.728126,1799.3625,98218.728148,29521.262502000005,19145.290628,3883.634375,5294.734375,30636.606254,29518.621878,29443.812502000004,1149.2125,28408.890628,2175.853125,11430.971878,17087.23125,28359.950002000005,115080.334386,122913.11876,101358.206266,4176.328125,718.26875,76523.46562599999,4445.63125,69070.531252,30721.190626000003,17663.468754
2967.04375,88197.587502,12395.584378,60478.456254,36660.946878,2118.459375,24240.143752,20796.48125,2000.440625,88547.231252,43570.021878,11130.981251,4595.5875,6762.959375,45862.146878,44308.353128,43301.593754,1404.0625,40273.150002,7823.83125,13478.493754,23419.203126,40677.781254,92938.596876,104882.7844,87766.66250399999,12749.978127,812.153125,77699.61250199999,5044.9125,60925.837502,43056.003126,24033.662502
1870.003125,93036.109378,16334.328126000002,59425.090628,41612.062502,1819.909375,25334.268752,22270.703128,2029.9,88627.971878,45969.69375200001,6723.3375,5163.61875,7257.615625,48715.487502,46555.659378,45776.543752000005,1278.44375,43806.903128,13706.100004000002,14583.187504,24552.912502,44149.018754,97741.265652,114720.60002,89783.390626,16395.306254000003,503.16875,80821.178128,5750.328125,60754.031252,48902.418752000005,25074.778128
872.49375,78066.396878,12572.962502,50328.750004,38072.112502,1454.509375,25458.434378,24005.08125,2013.1,73209.575004,40373.690626,4359.05,5269.715625,9788.237501,42181.696878,40716.740628,40259.031252,628.740625,39141.340630000006,19705.090626,14025.721878,25454.218752,39404.890628,81435.178126,103226.05313,75093.340628,12406.343753,206.69375,67200.509378,6136.021875,52394.946878,44001.718754,25496.209378
1587.034375,57603.175002,8144.66875,43859.587504,35390.334378,872.45625,27072.809376,25671.693752,2062.43125,54460.484378,39352.637502000005,3189.60625,5730.934375,10253.443751,39866.803128,39480.275004,39300.156252,364.990625,37451.721878,17131.246877999998,15291.959378,26683.390626,38074.35000200001,60399.609378,80654.150002,55294.509378,5595.246875,155.584375,50507.871878,6597.95625,43985.168752000005,39646.918754,26887.378126000003
3167.0125004,61705.517188000005,4159.8,53162.28437600001,28869.115626000003,418.0484375,24557.143752,22958.003128,1801.667188,64390.485938000005,35937.103126,5595.7921878,5541.6046878,7276.9609378,37931.457814,36345.478126,35807.235938000005,530.96875,32774.026564,9817.8921876,15524.664062,23764.009376,33972.826564,61679.67187599999,70631.88593799999,63418.67187400001,6415.6390626,171.1296875,59487.195314,6000.207813,52789.275002,39292.95,24189.342190000003
1759.3796878,58903.2,2976.9390628,39095.432812,23222.529688,434.5,20208.432814,19095.407816,1564.6578128,53753.59375,26769.473438,4959.1625004,4679.2109378000005,5908.2515628,27885.818752000003,26967.889062,26702.86719,364.7875,25321.614064,6520.1218754,12954.306252,19821.889062,25831.89219,61381.940626,70704.81875,55499.032814,4414.3703126,141.6796875,47265.303126,4829.7062502,41196.570314,29107.446874,20037.170312
1041.5750002,43092.473438,3129.859375,30858.584376000003,22726.521876000003,604.859375,19570.270314,18042.948438,1431.5968754,40351.715626000005,24566.215626,3367.6671878,4322.2812504,5792.2125002,25053.381252,24641.590626,24539.510938,265.025,23963.496876,4788.6500004,11851.784378,19130.839066,24177.15,44445.879688,50879.714064,41266.907814,3699.1703128,149.5890625,36282.96875,4097.3734378,31779.692186,25329.185940000003,19406.159376000003
737.571875,36717.942186,1692.8375002,25174.806252,17051.112502,257.409375,15288.859378,14450.3375,1213.4562504,33599.457814,18921.928126000003,2375.3734378,3934.9515628,4780.4703126,19984.354686,19120.971874,18865.567188,205.34375,18083.320314,4184.428125,9517.9375002,14911.825,18464.201564,38643.662502,43845.060938,34510.101562,2673.1359378,137.0875,30282.239064,3637.0531252,26594.193752000003,21569.514064,15138.442189999998
677.74375,28800.295312,1171.6984377,21787.215624,14578.298438000002,114.5375,13335.853128,12396.954688,1029.0765625,27425.26719,16283.075002,2098.4218752,3419.4843754000003,3846.3250002,16979.421876,16432.420314,16236.90469,204.6890625,15574.065624,3825.8281254,8446.6578126,12784.925002,15904.171878,30643.03594,36280.862502,27720.957812,2643.8046878,129.175,25108.642188,3080.4296878,21997.698438,17480.062502,13116.034376
628.26875,27585.546878,778.225,18898.23125,10854.456252,77.8046875,10032.2890632,9423.6640628,964.5328125,26218.868752,12337.31719,2747.1671878,2731.4765626,2844.0515628000003,13128.696875999998,12496.078126,12285.4,204.859375,11719.973438,2978.2562502,6523.6671878,9651.615626,11985.126562,28595.479688,32291.807814,26779.1625,2104.5406254,116.7078125,22846.564064,2414.496875,19901.053124,14118.695316,9878.0781246
629.578125,22902.91875,664.971875,14981.554688,9851.8890638,92.134375,9204.2890628,9129.6109382,901.465625,21176.487502,10667.604688,2908.4250004,2483.4390628,2747.7328128,11037.195314,10722.740626,10647.4,203.8046875,10485.485938000002,2405.0031254,6353.0000002,9171.9984386,10504.346876,23864.185938,27275.435938,21792.756252,1444.229688,117.121875,17760.575,2223.2531254,15679.200002,11411.93594,9203.2640638
640.0359375,18801.346876000003,700.1296875,14375.803126,12472.300002,144.853125,11808.793752,11756.220312,925.6234375,17968.062502,12760.407814,2455.4343754,2693.7125002,3137.0546878,12486.568752,12684.120314,12777.00469,205.2359375,12990.021876,1878.0593752,8545.3968752,11848.582814,12802.970314,19419.070314,21972.328128,18243.029688,1085.7062502,123.2203125,15438.154688,2577.0890630000004,14170.009373999996,11646.881248,11854.631252
694.14375,19170.000002,940.2171876,16756.967188000002,14522.495314,237.05625,13627.964064,13394.212502,1023.7687503,19384.090626,15016.503126,1940.9140628,2808.6515626,4041.8531254,14938.871878,14977.379687999995,15023.245314,204.084375,15125.117187999998,1529.6015628,9192.8796878,13617.762504000002,14998.745314,20288.75469,21100.998436,19225.106252,1182.1937504,129.99375,17696.020314,2848.2437504,16478.309375999997,14399.265626,13649.4625
636.0671875,21615.832816,1315.3593752000002,18726.990626000003,16280.470314,435.7140625,15004.292190000002,14552.874998,1098.4062502000002,21671.762502,16810.025,1559.8171877999998,2762.9718752,5624.6781254,16818.001564,16788.259378,16811.946878,203.809375,16852.137498,1416.9312504,8756.014062600001,14979.067189999998,16763.882814,23912.839064,26276.968752000004,21592.417188,1668.4390628,116.2578125,20281.626566,2703.3562502,18527.132812,16455.156252,15014.134375999998
624.63125,22887.746876,1325.7000002,20100.998440000003,14993.028126,350.43125,13589.795314,12382.375002,1150.3437502000002,22802.420314,16715.900002000002,1321.2062502,2651.5421876,4836.409375,17429.846876000003,16862.867192,16670.373440000003,203.0734375,15976.145312,1708.5750002,7378.0937502,13010.0875,16347.298438000002,24590.001564,27588.181252,22836.948438,1369.9796878,116.5390625,21552.350002,2411.2359376,20034.432814,17724.184376,13351.251562
610.53125,22504.692188,951.6218751,16975.117188,12070.54844,168.3546875,11094.89375,10655.620314,1067.6031252,21128.920312,13202.646878,1262.3203128,2756.7156252,3911.8625004,13757.584376,13291.795314,13174.712502,202.6453125,12810.735936,4018.5593752,6675.7531252,10880.620312,12965.582814,23512.045314,27992.404690000003,21681.453126,1066.7687502,119.3375,19369.32344,2538.2265628,17727.003126000003,14491.234378,11019.565626
914.2953127,19139.78594,2265.1890626,16233.515628,16036.157814,450.0421875,13856.707812,12807.029688,952.8734375,18387.800002,16147.221878,1332.9125004,2578.1125002,4061.7140628,15355.784376,15980.217188,16187.765628,207.128125,16678.548438,4981.3593754,8189.2906252,13639.003126,16326.739064,19895.645312,25695.259374,18645.582816,1077.7718751,382.3984375,16966.637502,2496.0031254,15827.290626000002,13831.784376,13880.385938
777.7984375,22072.946876,2131.7468752,21082.056252,14989.839064,319.1359375,12756.61719,11686.000002,1001.2281253,24471.314062,17060.471876000003,1274.8875002,2899.7328128,3843.2296878,18072.762502,17268.301562,16999.496876,203.4234375,16129.464062,3641.3140626,7595.860937799999,12252.914066,16584.815626,21551.115626000003,24511.031252,23761.7875,3140.4531252,250.2140625,23865.842188,2714.4968752,20954.734376,18819.620314,12594.882814
683.9078125,24351.514064,1065.1859377,17327.856252,13868.526564,170.2828125,12774.428126,12413.698438,966.434375,22255.521876000003,14763.0375,1142.9562502,3169.6062502,3509.9531254000003,15019.814066,14790.66875,14752.020314,203.3703125,14599.726566,2740.6578128,8783.7734376,12637.821876,14625.995312,25477.01719,29303.946876,22990.910938,2023.1656254,153.634375,20516.303128,3149.8968754,17841.893752,15237.957814,12742.790626
1112.886719,21159.286718,860.1625000199999,17596.077344,14302.258594000004,165.45703126,13420.104690000002,12764.871878,871.71953126,20421.092190000003,15715.501564,1019.72812526,2963.0390626,3162.6679692,15878.047658,15736.607814,15705.264846,209.24140626,15512.18125,2341.1664066000003,9489.2101562,13074.13672,15570.421092,22228.190626000003,24977.478126,20589.63594,1608.5078128,217.28046878,19345.517188,3263.386719,17561.823438,15615.660155999998,13310.518752
2028.0101564,22544.621094,1369.5890624,18599.098438,13996.063279999998,251.41796876,12627.741406,11415.377344,795.50234378,22389.277344,16518.227344,962.81250002,2485.605469,3222.9203126,16680.792186,16543.690626000003,16504.485938,214.76250004,16200.72578,2097.611719,8036.6023438,11938.29297,16303.672658,23515.98828,26112.56172,22402.385938,2376.774219,343.74375004,21403.010938,2777.6296876,18722.159376000003,16434.96406,12377.077346
1488.5515626,23745.66875,1396.6710938,18792.933596,12001.110938,156.55156252,10532.4601576,9666.664063,739.94453126,23280.989062,14676.410156000002,998.48671886,2256.1335938,2959.9890626,15583.139061999998,14851.787502,14623.647656,213.20781254,13819.84375,1929.3757814,6587.7968754,10003.1320316,14246.480468,24220.317968,26590.458596,23510.067188,2278.9671876,213.56250002,22050.66328,2482.0781252,19258.024998,16429.26953,10318.7000024
666.67656252,21374.64844,837.65703126,15035.834373999998,9730.308595,84.02578125,8850.4187502,8219.9234378,705.32421878,19415.828906,11157.275782,1009.2875001,2011.5671876,2598.4140624,11824.982032,11275.164062,11120.998438,202.82578126,10613.0140636,2148.4281252,5532.6234376,8473.7109376,10863.870313,22621.16172,25903.8375,20111.334376000003,1283.7875002,118.78281252,17798.803124000002,2205.0664064,15849.090626,12636.36016,8701.503125
597.05000002,17159.472656,786.32187502,12453.851562,8825.3109374,69.1125,8040.015625,7812.0250002,670.60937504,15942.709376,9657.1117188,954.52734378,1918.1882814,2366.8328126,9962.30625,9692.5929688,9643.9062502,201.91875002,9462.6828124,2048.5304688,5399.6640628000005,7895.3507812,9512.3062502,18472.335156,21783.417968,16359.342188,1299.1445314,131.47656252000002,14670.000002,2183.3296874,12984.482814,10290.5648424,7996.632812600001
577.60312502,15066.247658000002,662.1476562800001,12105.550782,10161.5921872,65.41328125,9494.0835928,9221.5812502,631.60937502,14539.178126,10728.8101562,892.5375000199999,1989.9539066,2141.7585938,10679.838282,10701.6218758,10731.428907,201.83281254,10733.440623,1638.433594,7001.0468752,9348.1679682,10685.5804696,15668.848440000002,17862.075,14749.489064,1267.5226562,140.73828128,13535.030468,2273.1242190000003,12035.915628,10191.3585928,9464.0843744
853.02890632,14950.526564,688.4523437800001,12978.989844,8490.894531599999,90.3125,7743.0507812,6903.103125,593.9523437800001,15135.725,10264.130468,831.8351562600001,1626.7117188,1894.8054688,10816.594532,10364.2757832,10228.9359384,203.79609378,9619.4726558,1292.0601564,4912.8101566,7207.8312502,9896.2992194,15126.577344,16395.635154,15150.335157999998,1131.9625,166.97343752,14343.553907999998,1736.2898438,13089.860158,11196.673438000002,7523.010937600001
1462.9640626,15647.571092000002,1259.4796876,12035.826564,7824.1179688,83.37578125,6565.139844,5768.0640628,559.0945312800001,15558.613282,10190.52422,809.8500000199999,1381.7140626,1860.1882816,10461.840626,10260.552344,10155.285158,209.16796878,9494.7273438,1048.69843766,3815.5687502,5991.753125,9726.2921876,16031.565626,17108.134376,15595.957812,2626.778125,289.55000002,14818.489064,1411.7414064,12152.292188,10346.886722,6340.1640628000005
1230.6664059999998,16709.785937999997,1066.1859377,11705.96172,7322.9226566,80.003125,6225.619531599999,5666.9734378,523.13437502,16576.705468,9146.7953128,861.1234375199999,1246.5882812,1833.265625,9595.6914066,9221.2960938,9120.1492192,204.15703128,8697.1460938,919.35390626,3755.2453128,5817.2500004,8857.7242188,16803.017968,17516.877342,16756.266404,2978.9023438,269.50625002,15490.378126,1355.9585938,12083.250782,9999.8992176,6064.9859374
890.14296878,15732.188282,785.92500002,10924.521094,6784.339844,85.91875,5955.292969,5184.903906199999,479.53671878,14927.816406000002,8419.0343752,884.47421878,1142.0625,1710.3195314,8941.2812502,8516.1937502,8387.3945314,201.66328128,7890.335937399999,945.20546878,3383.9234378,5439.0164064,8139.113281399999,16203.716407999998,17556.084378,15231.55078,2330.753125,224.22109378,13814.609376,1265.9078126,11127.142188,9190.8874998,5755.4289064
931.1734375,14214.337502,586.6421875,9444.653125,5506.6968752,47.846875,4899.9640628,4393.9703126,430.7171875,13190.096878,6933.564062799999,858.540625,1041.2125002,1475.1703126,7304.9687502,6987.1031252,6912.123437799999,204.815625,6583.229687600001,975.0875,2862.1421878,4525.7125004,6700.7156252,14638.617188,15938.731252,13620.971874,1381.3718752,198.215625,11926.66719,1106.6421876,10002.8484376,7753.270312799999,4752.5890628
1134.1750002,12066.451564,673.05,8940.49375,5611.3562504,50.803125,4927.5781252,4292.7890628000005,381.190625,11445.600002,7208.0906254,806.4796875,959.778125,1474.4234378,7476.5421878,7250.214062600001,7191.1812502,201.759375,6875.6437502,951.9390625,2728.2500004000003,4444.5937502,7011.8125002,12525.626564,13916.657814,11648.318752,1330.0359377999998,303.60625,10522.664064,1031.0625002000002,8967.2687504,7361.0312502,4766.2359376
750.94375,11713.995314,590.5875,8656.107812799999,5167.8437502,65.8703125,4551.4453126,3972.2703128,334.7578125,11263.773438,6380.3109378,754.515625,889.3265625,1378.5390626,6784.6656252,6443.7140628,6358.5671878,201.1421875,6043.3125004,885.0671875,2480.1781252,4183.1765628,6184.1218752,12112.740628,13065.876564,11463.320312,1047.4421877999998,202.346875,10330.9578126,917.0125,8967.6109376,7099.6000002,4426.4562502
581.465625,10880.890626,501.565625,7751.304687600001,4418.9484378,43.5859375,3902.4343752,3534.5578126,289.8359375,10255.089063,5444.3343752,713.3453125,822.34375,1207.7484378,5888.0437504,5514.1812502,5421.2515628,200.790625,5114.6937502,799.4765625,2262.1984380000004,3657.2593752,5245.4015628,11289.2125,12377.94375,10508.084378,930.028125,126.653125,9330.3921876,836.315625,8077.407812799999,6238.8625002,3815.9703126
571.890625,9783.3328132,506.034375,6858.3390628,4207.4390628,45.7046875,3698.8000002,3411.6812502,248.8234375,9164.2593754,5030.2937504,674.6125,760.6296875,1233.3187504,5299.7781252,5063.2265626,5017.1031254,200.5078125,4838.7281252,718.4625,2114.3453126,3514.3406252,4896.1437502,10123.2890646,11109.009376,9425.7921876,850.2359375,116.253125,8276.1031254,782.734375,7125.5859378,5422.5921876,3639.5453126
569.625,9097.414063,491.3828125,6636.617188,4114.054688,58.3359375,3611.453125,3259.757813,227.640625,8646.40625,4976.140625,651.625,726.3125,1178.96875,5234.757813,5009.773438,4962.40625,200.3359375,4765.273438,674.0546875,2020.632813,3386.023438,4837.992188,9412.835938,10373.38281,8831.539063,848.1484375,118.8203125,7861.96875,746.46875,6780.539063,5250.296875,3535.398438
