BM,BTG,BWQ,CLJ,CT,DMZ,FSB,GGS,GTQ,HK,HLS,HMS,JJQ,LJG,LK,NJG,PS,QJDQ,QXC,SJY,SMZ,SPY,SWB,SXC,WC,WHK,XH,XJX,YJ,YLJK,YSG,YYL,ZT
3.339917111333333,11.308257254,15.560137513333332,3.62043708,0.3919043853333333,8.004614674333332,0.7001875503333332,7.245662128666667,2.631414924,3.951065675666667,9.124990808,2.4469888066666665,1.1979488943333334,8.187924785,9.476555377333332,17.902391017666666,20.508186954,12.142582871333332,2.811076420333333,5.824343079333334,2.0534296026666667,8.430018796999999,7.552941279,14.892072306666668,5.663483297666666,6.696094916333333,10.323792521666666,3.430180216333333,9.322419737333334,5.033133707,2.928588386,1.2649404713333332,4.441186745
4.934727926,24.352033325,0.288060935,1.011106053,0.7146724903333334,0.0747583023333333,1.0374212856666667,0.1584368616666666,3.2608007926666667,13.469145594666664,11.749222517666668,8.219839751,1.1292975053333334,5.239382843666667,5.006840084,9.107300776333334,7.902647309333332,9.377816750666666,2.613498632666667,0.0727874886666666,1.0330468503333332,0.125684607,11.486948257666668,10.221069595666666,0.161249147,11.287165328,0.4654419363333333,0.665401336,7.021587825666667,4.79101946,3.9232546023333335,4.616501892,0.0735808223333333
0.7750204253333334,0.0175078753333333,1.443633351,0.1008500466666666,0.4505233646666666,1.482604972,0.2638116593333333,2.841293079,4.301025541333334,0.2002028263333333,0.2067166003333333,1.9346492096666663,6.185923336666666,2.385471475333333,0.0783167883333333,0.2056689646666667,0.005334557,0.18012815,0.1576681429999999,0.0141657066666666,5.964875157666667,2.5208572846666666,0.003583199,0.0628724193333333,0.0556497066666666,0.0789335636666666,0.0755456596666666,1.525679784,0.0562140196666666,6.811153069666666,0.1045294686666666,0.294094938,0.4297883276666667
1.8720266226666664,21.90298032333333,9.684549108333334,3.482316849333333,7.159980016,10.875975900333332,2.4633702386666667,3.6278323156666654,3.952931089333333,15.250182943,3.3544529033333337,3.595157283666667,2.793014498333333,5.942424378666668,12.568382018333333,11.248002344333337,4.38216426,7.643204796,15.289442976000002,3.873156313666667,3.358502543,4.155032459666667,5.178454321,12.747476138,6.174755735333334,14.955011102333332,11.012227368333331,1.861919162,14.502455143333334,6.844139314333333,11.557971400666666,1.466385412,1.857674776
26.739104583333333,3.789125623,3.3198051163333333,3.555873633333333,4.482478192333333,4.412122104666667,6.361563620333333,27.707462525666667,2.8474584346666667,2.5304725693333334,0.7827653886666667,30.186653646666667,10.166411593333336,4.286675501333334,0.8355955926666666,0.4550674943333333,2.357075882333333,6.607447788999999,8.084299669666667,0.085859221,10.401554915,18.30304835533333,5.800814232666666,1.451898108,0.216651487,7.226590888666667,0.1224494333333333,20.386597013333333,0.3745864346666667,6.485708613666667,5.470248879,20.19937803333333,16.95846304666667
9.510486007666666,42.952919701333336,7.432698586333334,38.58911460633333,11.396161497333331,2.224848721666667,7.909389088,0.527698329,2.2059950770000003,29.224756653333333,5.407400471,14.833273479333334,7.020562297666667,3.4477663950000004,4.846653946666667,2.780986268333333,8.203624112333335,3.903202849,10.261731690333333,4.445501827666667,11.952976611333334,1.865498393666667,9.602288299333331,24.636032052666668,6.896822562666667,27.49248538,4.664134574,1.876338929,11.834791776,6.478248084333333,39.62543724333333,17.466956466666666,2.5192092806666664
10.694900824,12.946189817,3.094108749,1.4921918293333334,3.2701722446666666,1.1251883953333333,12.617911553,4.920536732333333,3.112874816,9.876414017,9.305035912333333,2.6492663316666665,5.103264540666667,2.5209486536666668,12.253985816666663,6.494959401333333,9.392520143,11.873020728999998,9.255851439666667,41.32633784633333,12.803695245333335,5.331386296666667,9.318162208666667,14.364848628333332,17.164642212,4.325743058,6.719220540999999,20.920474255,13.566380041666669,7.823988744,5.541534649333333,4.779858258,5.8415627820000005
2.851520942666667,10.849141072,4.435255089333333,5.254159678333333,15.049586365333331,9.225443025666666,3.641614935666667,1.2638069693333334,5.129633683333334,6.785127559,26.151453173666667,1.234068091,6.600172933666666,7.908068271333334,11.311828674666666,20.582832783,27.41866779833333,24.355741309,18.046179579666667,15.198512044333333,4.083579978333334,6.437301178666666,10.864003338666668,16.060463603333332,14.217659476666666,12.435192129,6.359019909666667,1.1385527586666668,6.597840260000001,6.622290802999999,4.017358348666667,1.276496844333333,8.823207291666666
2.044100826,0.671067308,16.079971794,0.0308852076666666,15.331414144999998,4.5192294356666665,2.071925483,0.4913917666666667,1.2157893153333337,0.0475281213333333,8.403265523,0.0449631836666666,3.128651700666667,4.710095897666666,5.952297631666666,10.051862817666668,18.68490104,23.704136073,12.978434934666666,2.834349506666667,0.2933605363333333,0.8806016013333333,17.079980437333333,0.4384301073333334,3.147222681,0.1137116763333333,10.147595319666666,0.5769209283333333,0.5588234496666666,4.424065537333333,0.5232129879999999,0.3668391373333333,0.204677251
1.0333769053333333,0.935889771,16.707276821666667,1.742061291666667,0.0793956073333333,9.064834335333334,0.0568888446666666,2.8015108913333333,3.2761798546666667,1.8309470186666663,1.2804279020000002,0.479577638,2.03500017,8.845665651,3.7536604116666665,3.951195519666667,0.2322055543333333,1.00709334,0.2840627813333333,1.599932965,1.4338224083333335,0.5674079123333333,0.157037303,0.486460946,2.3444982653333333,0.0354392203333333,5.330677548666666,0.5330253656666667,7.710928109,3.159228769333333,1.9262472533333337,0.351089573,0.056075648
16.517876849333334,21.556129452333334,10.260939472,7.719503791666667,18.771492448,23.258495629333336,20.33387569,17.227117010333334,1.8241265666666664,12.385978442333332,5.927961756999999,7.866555403666666,5.207553643333333,5.470293069,7.786588506333333,12.645005240333331,3.038530024,13.804809905,14.878772783,24.11837479933333,7.111895013666667,22.436335358666668,6.9399869616666665,16.571855781666667,26.81778266,16.614388441,6.798219874333333,21.064053282333337,12.049962038,2.649480383,13.206673259333334,6.206990824666666,17.009034868666667
4.657700625666666,2.2184915323333336,3.180520044,2.931853443,8.283997534333333,2.075382262333333,5.101267245666667,0.8139224996666666,5.610613437666667,1.2045489473333333,9.984660371,4.025643921666667,1.4859577476666666,1.5412594466666665,12.286353502333332,25.186057069333334,4.570252860666667,12.585095404666667,6.883932101666666,0.5885717853333333,1.218120165,1.5017755656666667,3.4949483336666667,0.7532760133333335,0.7508127713333334,1.1119199766666668,9.449797660333331,3.8433172406666665,8.021550869,0.7001670963333333,4.7460823633333336,3.924195693666667,0.5032425763333334
3.037583204333333,2.5075004313333333,5.879730891666667,1.0363534126666665,0.114621974,6.787134825,1.4702731793333337,9.532225248,1.8750422236666668,0.780091276,2.2563248540000003,1.108940713666667,2.107991251,4.071867306666666,4.626031126333333,2.3932281303333336,2.2199855643333333,1.5893423823333332,0.8065908083333334,0.0,10.317217101333332,3.128904083333333,0.6656312053333333,3.203825491666666,0.1124729809999999,0.6624849646666666,5.921061589,5.03573663,0.6409808856666667,2.140300665,0.3747533293333333,1.4330766113333333,0.4932518026666666
2.5459624136666665,18.012009893000002,4.430961338,1.1796362496666666,0.854688301,3.533991064333333,1.621377771,10.568698023333331,4.326183672,0.8289389403333334,1.0465405253333333,1.4876787813333332,5.505447112333333,5.965202127999999,0.0388825023333333,0.4730494386666666,2.062494751,2.3963492546666667,3.0680169013333334,38.48319702,6.758917951333333,3.417797497,3.1772473690000003,33.73792512333333,36.90697025333333,3.067731401666667,1.5213460829999998,5.820247994333333,0.5944752836666667,4.954819328666667,1.7161630423333334,0.531912228,4.986377532666666
2.6674016076666667,2.178483234,0.3113755666666666,0.313828752,0.2408013323333333,0.2062440613333333,0.8446417,0.31474457,0.2555909919999999,0.551653184,4.645790774,4.094584781,6.523276700666667,1.297155007,2.681927759666667,5.344659081666666,2.4383383913333336,4.466712794333334,1.9726158046666664,53.985886573333325,5.719018765666667,0.1146371776666666,0.4524252073333333,6.837664497666668,32.55080396933333,0.1052658226666666,1.7260037730000002,0.7820294633333332,0.8649493640000001,3.296391184333333,1.8021714196666665,3.254491955,0.3066381576666666
0.2059034616666666,1.391490451,0.0291358806666666,0.4303180116666666,0.07633268,0.0445173316666666,0.0296266396666666,0.0,1.744037222,1.4741904053333332,0.1017107656666666,2.2177968066666667,2.036174758,0.483262595,0.008393947,0.1061428753333333,0.0904839096666666,0.464994088,0.0306708263333333,0.0615434223333333,6.655312293333334,0.0073951483333333,0.0188060656666666,0.3428317513333334,0.0757988793333333,0.7628288976666667,0.523974807,0.0394690256666666,0.2404203093333333,2.9696986226666664,0.1106932273333333,0.4408875859999999,0.0
0.138564397,0.5472235623333334,2.481766014,0.5140535486666667,0.1368568166666666,7.800889576,0.8904312496666668,0.0046451826666666,4.092505074666667,1.5697035606666667,0.5949490350000001,4.709956351,0.1009627473333333,5.088649014666667,0.248704005,0.009201269,3.5519967320000005,0.4751854143333334,0.208237873,0.9473522366666666,0.4111830586666666,0.0184165403333333,2.439322812,1.477669582,1.1497707613333332,0.11924147,2.9151408396666665,0.0178243816666666,0.4182561283333333,2.054831983,2.217032451,5.053555818,0.1132290426666666
2.5725872723333336,0.0910763466666666,15.105111604,3.766325713666667,3.4970562506666667,8.914723140333335,3.688191492333333,5.95176708,3.181279136,1.2269936099999998,3.545435626333333,1.297309867,1.2189097733333334,5.756898112333334,0.2891309,0.8671400716666667,11.433021988333335,2.23348067,29.241038629666665,0.0495437566666666,1.5632160673333335,5.081980601666667,14.747615669,0.2329810373333333,0.0319645953333333,0.1123854143333333,8.462988342666666,10.731924247666669,0.4596210386666666,4.0768669373333335,1.239042825,1.9326667873333327,3.0525657883333337
15.231570661666666,17.075916099,1.278245693,7.172418006,4.509175615666667,0.9716225003333332,16.325311310333333,3.518806655,5.725728575666667,22.154525241666665,26.100081866,8.759764680000002,8.037438991666667,3.9342132856666665,13.806815428666669,20.10476539033333,16.594861831666666,18.204504689333334,14.682282226,0.7210985286666666,9.241689472,2.984569024666667,21.037135934,10.413352390333332,5.447206969333333,26.683971945,8.963710290666667,17.59262015,19.397433592,7.573064086666666,10.747092856333332,11.486806328333335,2.590435309333333
15.143473301666669,33.904822083333336,5.519680054999999,10.031367505666667,17.620986626666667,6.289326372999999,13.428330989666668,8.381391860666666,2.049341196,33.404057986666665,12.034242515333334,14.356438163333337,10.860436670666669,5.535817984333334,14.926167346666666,11.796486397,15.750571862,24.39466101166667,11.590468617999996,9.883805615666668,12.121060607,11.182813164333332,18.910004261,31.075661603333334,13.793932297,32.51078099633333,19.186809768666667,9.469776446666666,35.857338366,9.285412403,19.21952352,13.726356151,11.854119297333334
2.4416450446666667,5.256981139,3.779148674,5.140904985,1.8889900136666664,8.891635157333333,1.654499846,10.045337678333334,1.6732865903333334,3.819790732,0.476296083,12.975094383333332,7.626257961666667,6.269295314666667,1.374697393,1.774360123,0.061808633,2.071348859,0.6362501376666666,0.7985512126666667,4.155319526333334,7.402594520000001,0.0566591123333333,7.305944919333334,5.400599911333333,3.694968406,1.8718500286666664,4.191082353666666,2.437153357,4.248779432333333,3.3920103909999995,4.853785612,1.065638714
3.7112578566666663,0.533859529,8.846266427666668,3.944962150333333,4.626797703333334,17.562848821333333,1.965936694,19.51841274166667,2.243388863666667,4.677325905333333,6.7497241206666665,3.730258575666667,5.701927963,10.304182315,12.079108474,24.502299661,3.0596539773333333,12.602581130333334,2.083223373333333,2.1755736560000005,8.169335096,6.38736727,2.099055277666667,0.9250122793333334,1.6171981640000002,3.792401047333333,6.816789328333333,2.0502365946666665,8.994436597,6.094453241333333,6.8915223616666665,4.153594493,3.311590147666667
4.428571649999999,3.0013837,17.784002048666665,9.743811436333331,10.751572503666663,11.911573550666668,3.4542572020000004,2.3610370993333336,3.2904767783333333,3.499295888666667,12.045020394666665,1.6567913306666666,3.44054506,8.689140395333334,6.213941157333333,9.102352111,14.056813388999998,11.972158505333333,17.032939137,1.652995871,1.4067743416666667,3.086376017,30.18610582466667,2.546516371,1.4218629633333333,3.908183865,17.672110494333335,2.633041374333333,4.224863555333333,5.212094831666667,4.201116741666667,2.5576489806666665,0.8206319306666666
12.844298017333331,18.08314336933333,7.4469224846666675,31.45720636133333,18.50259121266667,14.859611783,18.590276650000003,8.282620835666668,1.0968761493333334,17.250603041999998,22.493140550666663,5.3105462910000005,12.511405726666666,12.508446291,11.119292499666663,16.233325148333332,25.996153152666665,15.522575868333334,19.168807549333334,1.0559992226666666,8.221000869,11.834013180666666,19.007954244,15.484655913333333,10.041404095,10.245274142666666,7.423773681,18.29979470533333,11.744987446333331,10.713303953,28.16834755933333,11.784021826333335,10.794418910666666
3.099797498,1.3157888866666667,9.924164085666666,0.7604610836666666,20.857267216666667,9.030066324666668,9.203884729666669,5.404534740666666,5.270527907666667,1.3258471306666666,10.787848295333331,4.712376085333333,4.538775423333333,5.86583345,3.0253559266666668,5.921654744333334,33.364389026666665,7.146290673333333,21.460883143333334,1.8766523996666664,4.881874722,10.695046661666668,20.434105310000003,1.550867959,3.000104207666667,1.2132789756666666,15.68831105,3.189737533,2.558846757,7.1528396443333335,0.589273188,1.9895375346666664,10.404565572
0.089541495,0.0309868013333333,7.429334444000001,0.0868043203333333,2.032275055,2.943047384,0.756936162,2.141579724333333,2.683571268,0.338342649,0.42985369,0.268072452,3.195369020333333,4.3123365263333335,1.5603434556666669,1.2632824546666666,1.1196548753333333,0.422896014,3.623161839,1.2606680883333332,1.4349593373333331,3.254884784,0.4160035123333332,0.520747266,0.2412732603333333,0.0212851433333333,12.294337204,0.1434767523333333,0.7985276773333334,4.201065274666667,0.92931889,0.5626137826666667,3.377430729
0.2012570543333333,2.1287818993333336,13.684908030333332,0.0489196746666666,2.2852715486666666,16.208598504666668,0.5250940700000001,5.01131312,4.093994847333334,2.9960903363333333,1.455979825,1.3192167993333337,2.2202604923333333,8.005909873333332,0.1676798043333333,0.9582143156666666,0.8723865323333334,2.706526772333333,1.5647065763333332,6.285847354666667,4.274695222666667,4.099652013,2.546071583333333,1.2503326926666667,0.874872209,5.725207920666667,7.748552540333333,0.0743616413333333,0.6169634606666666,4.722083261333333,0.6028122850000001,0.994760281,1.159972424
3.251419466333333,1.420101754,11.036370565666669,0.0,25.96222811333333,2.6685492466666663,5.556337424666666,13.432579912,0.9179317363333334,1.5409624346666668,8.568522945333333,2.9763601146666665,7.454766199333334,4.478730683666667,0.9030999023333334,2.876827770666667,20.415295676333333,5.828690773666668,16.878236437,4.783118926666667,6.988544016,11.763934099666663,14.406409997666666,0.25916616,0.8301327253333334,0.806834425,10.736552938666668,3.4525013073333337,1.016517917,7.707398496333333,1.080272013,2.6675370933333333,8.380334165666666
1.393047812,0.000458489,0.0624712106666666,0.0,0.6381863926666667,0.1916492646666666,0.6797961776666667,4.272573238333333,0.150555234,0.003728006,0.8605011003333334,1.0570889246666666,4.387281699333333,1.105881325,0.1553033776666667,0.7933742646666667,0.0243508286666666,0.452224696,0.3417208436666667,0.0488631956666666,2.425499390333333,3.4939507916666663,0.2543132359999999,0.057435639,0.1079375443333333,0.0076291926666666,0.0027581953333333,1.0196489536666669,0.0338516046666666,3.659362176,0.0012217473333333,0.3185717913333333,0.8176432603333333
8.961604302,0.8894698763333334,1.3384819826666667,0.0052126803333333,16.190867886333333,5.156965859666666,16.432117190333333,6.484167701666667,1.4220976603333335,0.0247269516666666,0.6556775926666667,0.349725554,2.893249751666667,1.940601039,0.002664246,0.332646138,1.2105285426666663,1.0303921446666666,8.210902213999999,1.2138152793333334,3.8174600383333335,5.942630657,4.645129828,3.051533973,1.2170680833333334,0.0122912976666666,0.003299739,15.613254483,0.023773048,3.0116652859999995,0.000220399,0.202786665,11.68732808
1.532356204,0.2265108903333333,15.011948697,0.004344142,18.985729726666666,26.38389654333333,7.925317861333333,3.972436115,3.065215482333333,0.0025968256666666,0.641523991,0.0615485406666666,1.1032025336666669,8.613032855666667,0.0649467636666666,0.3950744203333333,0.6896572226666667,0.2191397533333333,11.688053735666667,0.016813014,2.063759524,8.089758499333334,3.2215859753333334,0.3761220539999999,0.032213491,0.0070928806666666,2.553240783666667,2.2495421296666667,0.0046027083333333,2.6007381946666666,0.0005875233333333,0.5321594336666666,6.327529318666667
20.25386469,0.000292235,12.453370784666667,3.6716280016666665,17.215234186333333,3.826731501333333,21.35917522333333,7.681842508,1.8409949433333332,0.0455895173333333,15.523540225333331,0.0634032953333333,3.1958495543333334,6.254487594666666,6.603685982666666,9.648619129333332,23.621705406333334,13.710339304666666,21.677123016666663,0.001751042,7.556511079666667,7.006041123333333,18.723800672333333,0.011355025,0.000522393,0.0,22.971317863333336,16.89250607,6.125500180666666,6.116950489,4.346102392,4.748733504333334,5.699906499666667
0.0262100583333333,5.702001450666667,0.317149426,8.15350024,0.0037982116666666,0.0316828143333333,0.0053811976666666,0.0,0.8549185283333333,12.296505912666667,0.291495015,2.177088115333333,0.6226895533333333,0.1930577023333333,0.1508040586666666,0.1871037056666666,0.0038112533333333,0.1322721036666666,0.0123162043333333,3.750585986666667,0.1542028823333333,0.0009795893333333,0.0020995393333333,5.11912128,3.939262673333333,4.444899735333333,0.2459994153333333,3.3666666666666665e-06,7.705482648,0.1910909433333333,11.412542895666666,3.906404495666667,0.0
0.0146165909999999,0.0081623513333333,9.721035144,0.0,0.0006756246666666,12.602418223,0.0047020379999999,1.4055874489999998,2.669338423333333,0.370863728,1.1545181176666668,0.3054835023333334,0.5572277456666667,3.4097916596666664,0.264172904,1.708737247,0.0586262873333333,0.2882994086666667,0.008642947,0.003440591,0.3028048023333333,0.578980945,0.0,0.0092566586666666,0.0139809196666666,0.328032685,10.730537998333332,0.000422943,1.051367996,1.7611633223333332,0.584096506,0.1139682126666666,0.0545025686666666
0.945003058,0.595050426,19.19989339,0.3797400613333333,0.7573766146666667,8.184382304333333,0.5783070503333333,2.0621103373333334,1.818944275,0.251102714,7.379646964333333,0.0324436656666666,2.545832481,8.968843650333334,7.364182763,13.148854000999998,3.224843115,3.603556909,1.2208026176666669,0.000397273,1.2204559890000002,3.0715611430000003,1.055880215666667,0.3390506356666667,0.0004720416666666,0.0133979529999999,16.958754163333335,0.1561401216666666,1.5895620396666663,3.324751447,0.36372737,0.4303839473333333,1.9007363733333331
0.007474511,7.791959107999999,0.2393098393333333,5.527041666666666,0.0,0.0357642806666666,0.0,0.0,0.0452780723333333,7.590562682999999,1.138171589,1.5266950566666668,0.5506662193333334,0.0657401173333333,3.164961915,1.4884390856666665,0.6582043686666667,1.4045188823333332,0.005342873,9.463321276666669,1.6803975383333334,0.0048370186666666,0.5451439776666667,5.974239175,7.784246089,6.7405341603333335,0.2270255333333333,0.0,2.201218218333333,0.0653996416666666,3.617664493666666,2.5896883413333334,0.018188849
0.01121715,0.003608838,9.479278024,0.0061857269999999,0.0,3.673950435333333,0.0023886966666666,0.056677049,3.4328127836666678,0.002292748,0.3425164976666666,0.040212839,0.1716637863333333,2.126853934666667,0.050929382,0.1886425426666667,0.0063811336666666,0.0922428223333333,0.0051564393333333,0.0,0.297463206,0.03072643,0.0,0.0010941376666666,0.003304375,0.0,2.568638824666667,0.016052627,0.0033543466666666,0.6934791323333332,0.0122497266666666,0.082769603,3.537866666666667e-05
0.5946947323333334,0.0927416003333333,18.162850876666667,0.0108701469999999,2.2919359863333333,7.307434905666667,1.0524019916666665,1.5818228373333334,0.969977913,0.02674962,0.6458293206666667,0.0534927686666666,0.43783285,4.319189904333334,0.0908980593333333,0.3687932023333333,12.13165910566667,0.4748305236666666,7.785765337333333,2.420954200333333,1.5731128073333334,1.1800182353333335,7.802593734000001,0.2025677706666666,1.7520963523333333,0.0075611526666666,8.492919582333334,0.7156588516666668,0.0210061036666666,1.9933919740000003,0.0501891586666666,0.0350253603333333,0.2196202556666666
8.342819702333333,0.5582613343333334,3.8927590103333336,2.103457215,5.015819291,1.5940150656666667,5.838052906999999,5.7130739686666665,1.0162473216666668,3.1142371583333333,1.15216188,0.5374393846666666,0.6545207246666667,2.257867596666667,3.074426835666667,1.6871347426666663,5.472357261,3.958060392666667,6.4130366290000005,4.825490035,2.911096003666666,6.8279069156666665,6.463172755,1.2776152183333334,1.5338509893333334,0.0588199786666666,3.575555896333333,7.413431542,4.156499815,3.858027394333333,2.40451773,7.464509205333333,7.957489517999999
2.2309800406666667,2.230618574,1.4493521319999998,0.032468298,2.586497376666667,0.7160546976666667,2.752578735333333,2.229524032,0.070522134,0.2137382423333333,0.3510293216666666,0.2571285023333333,0.2578157893333333,0.647852515,0.1084975853333333,0.3971075726666666,0.8153101673333333,0.4504435813333333,2.7579840766666663,1.1005068703333334,0.8395131333333333,2.7191959916666666,1.437759772,3.1280007,0.917720687,0.2707946946666666,0.6638187906666667,2.8989869936666666,0.08030008,0.430979898,0.1028664623333333,0.6668730656666666,2.883422217666667
5.891191259,12.332687493666668,4.035230236,7.281520207666666,6.572673707666667,0.5435271703333333,7.217026265333334,4.19679798,0.0408394643333333,9.388726974666666,5.856829091333334,3.328926409,1.213583903333333,1.3687441456666667,3.790884119333333,3.378015832333334,9.425961746,5.425752461999999,10.483505608,17.16005278333333,2.5597690036666667,4.513628057,13.769939127666667,17.72969815966667,21.83691581633333,10.073596040666668,8.798713785666665,6.039742017999999,7.7886598016666655,1.043156104,8.732715502666666,5.206746293999999,6.938421525
2.082989367333333,0.084146765,1.2433403536666667,0.390732858,6.057606264333333,2.1236384676666664,3.415220123,1.1926931773333334,0.119993155,0.2208495266666666,1.966720601,1.0708102576666667,0.561111958,1.0020366526666666,0.9591653836666666,1.748655802,0.646512764,2.081355321,5.3854393756666665,0.0013227206666666,0.347268121,2.394588818666667,3.2114455643333333,0.032349058,0.008202228,0.2245680753333333,0.2666683806666667,1.0271416183333333,0.2418192339999999,0.640008735,0.4163973693333333,2.3892486556666666,2.260985666333333
5.230812440666667,6.548838605333333,2.011187039333333,6.344703667333334,5.984986363666667,2.709735407333333,7.730403830666667,6.084163745333334,3.5253979516666667,5.451391808666667,2.7419083116666667,6.5581384043333335,4.599814766333334,3.1734175546666665,3.859124664666666,3.091701446666667,1.6037238246666667,4.199782238333333,3.607312515333333,0.4600677586666666,6.25576395,6.991076737,1.980995728,7.771222881666667,2.6384278016666665,5.595521802,4.352752290000001,7.620136922333333,4.6019584626666665,4.549615402,6.701586474666666,6.776275679333334,7.518806123666667
0.030299349,0.000350455,0.469426882,0.0,0.0069963479999999,0.258988484,0.0148664793333333,0.2373663216666666,0.0893256336666666,0.0,0.0800453016666666,0.277903195,0.0252101193333333,0.7500413016666667,0.0088460523333333,0.0765531546666666,0.0004337216666666,0.0542006853333333,0.0169890526666666,0.0,0.362387449,0.0208858749999999,0.002246987,0.010547985,0.0007402713333333,0.004851592,0.061331662,0.0487948453333333,1.8433333333333332e-05,0.2235164616666666,0.0002589353333333,0.0071359679999999,0.0
0.7418387333333333,0.0045765306666666,2.39874218,0.005021876,0.426854996,1.516233833,0.3691905689999999,2.226729101333333,0.3657345919999999,0.0018773853333333,0.515648725,0.175560802,0.2109327026666666,2.112779194,0.1365083356666666,0.4183129969999999,0.8023927236666667,0.3905678513333333,0.4602920296666666,0.0,0.563420639,1.9261019586666668,0.4131894823333333,0.0398694816666666,0.0023359266666666,0.002535235,0.9364004493333334,1.012561337333333,0.0264899086666666,0.8241714370000001,0.001858196,0.3125207823333333,1.2987999273333333
3.977215232,1.29e-05,1.337164049,0.010154864,2.8732621946666668,2.717060276,2.780237801,2.378908334666667,0.036615676,0.0035745213333333,0.2448084456666666,1.2583134073333333,0.1409918533333333,2.232686574,0.143944792,0.5131837083333334,0.7146172003333332,0.989132139,1.8420425293333336,0.0,0.461707252,3.433376346,0.9344030096666668,0.0,0.0,0.0001311013333333,0.1013793756666666,2.9606607703333334,0.0002225996666666,0.3659244926666666,0.0226664116666666,10.139419573,3.845381619
1.956929911,0.0123733789999999,1.319703777333333,0.0,5.636707273,2.568251228333333,4.325949817000001,1.9170639636666669,0.2002440453333333,0.016639292,0.5401615983333333,4.829545844,0.3180451073333333,1.172006922,0.100082479,0.3898171126666667,1.2623982796666666,1.3390740383333333,4.308288952,0.0,0.2223827389999999,4.751354319333333,2.694810293333333,0.0101724193333333,0.0002783346666666,0.0345112576666666,0.1663744866666666,2.562210470666667,0.0355391289999999,0.6265070093333333,0.0082954956666666,8.025943565,4.486644456
1.009249512,2.6200209346666665,0.5865016829999999,4.766887151333333,0.0286201366666666,0.2861761566666667,0.2200706373333333,0.7371841443333333,0.022881458,5.299165891333334,2.313287006666666,11.209599915333332,0.0005041033333333,0.7448247996666667,1.3266266333333334,2.017351788,2.907214792333333,3.025523514,0.355720972,4.393782929666666,0.0482148873333333,0.7094020236666667,2.333992561333333,3.6730939443333335,5.72966044,4.222330056666666,0.9740660726666668,0.5908713329999999,1.0776020366666663,0.0602271293333333,5.013888217666667,5.657934345666667,0.1499489326666666
1.7422931313333334,4.7335299520000005,0.4583280053333334,8.616117776666666,0.2542274536666666,0.3863754953333333,1.406483072333333,2.797037860333333,0.0016811663333333,7.641278751000001,5.581230745666667,5.165612275666667,4.778033333333333e-05,1.1767446126666667,5.763931755000001,5.637325084,5.653733997,5.525663081333334,1.937868657,3.903852933333333,0.4910075243333334,1.334304846,4.185798953333333,4.023630283666667,3.156253953,7.427161442666667,2.276864026666667,0.8038787633333334,4.308187876666667,0.01788037,7.138560579666667,5.395356745333333,0.267261392
0.215272313,0.0,0.0052874746666666,0.0007000233333333,0.2497617126666667,0.0009006836666666,0.462323244,0.0,0.0002177776666666,0.003700901,0.367837514,0.003926354,0.0,0.0003876073333333,0.0483174323333333,0.1569060216666666,0.2878459256666666,0.1093902549999999,0.3159966363333333,0.0,0.0120611056666666,0.0,0.1543331426666666,0.000166545,0.0031448373333333,0.0,0.0068225003333333,0.0156825013333333,0.008657166,0.0019032449999999,0.0095763346666666,0.0178118483333333,0.0
0.0104061696666666,0.0,0.0001721633333333,0.0,0.0,0.002486369,0.0068191743333333,0.0,0.0022433096666666,0.0070943919999999,0.0831698413333333,0.0523997636666666,0.000908731,0.0003524283333333,0.0085553843333333,0.0507454013333333,0.000366708,0.0231093323333333,0.0458558853333333,0.0,0.2814864496666666,0.0,0.011254319,0.00029042,0.0,0.0,0.0032178363333333,0.001489308,0.00032148,0.012518881,0.0013226033333333,0.1102886596666666,0.0
1.4585388686666665,0.0,0.4934071886666666,0.0133674566666666,0.301516631,0.3065865256666666,0.5490413909999999,0.0,0.003573038,0.0007441483333333,0.1700570446666666,3.1145295816666665,0.0070810523333333,0.4991899556666666,0.0,0.0242383,0.8426346976666667,0.2845820296666667,1.7459962286666668,0.0084772763333333,0.5466324496666667,0.0026414303333333,2.175785834,0.0014280446666666,0.0,0.0,0.1673816733333333,0.4724951056666667,0.000127674,0.0213513173333333,0.0024055463333333,5.561657839,0.0724944
3.5979646370000005,4.899246245333333,1.392183213,0.4520850163333333,6.0220723246666665,1.118987927,5.320096413,1.544064647,0.002393277,4.329033291,1.771697329,4.879189538666667,0.0103427389999999,0.310678639,0.0442776363333333,0.475508396,4.062077256666667,2.797942031,5.9340148353333335,1.41524334,0.168513524,3.066067727333333,6.20312758,3.856852501,2.3628747716666667,7.353222188333333,0.3587404513333332,2.7694092746666663,0.3763026286666666,0.097998698,1.213036206,5.373901106999999,4.0330812463333325
1.7762627473333337,0.9183331993333332,0.0539782996666666,0.0,3.0756228856666663,0.7100988773333333,5.337380188333333,2.255372668333333,0.0042196506666666,0.5349946090000001,0.04834846,2.5615383670000003,1.5971697076666669,0.7324219743333334,0.0,0.009148158,0.0221733626666666,0.0642195316666666,2.314283832,0.0,1.6120757403333332,3.123365306666667,0.8195682666666667,1.0308895166666667,0.013979062,1.6022178316666666,3.871133333333334e-05,2.908995528333333,0.0,1.370983395,0.022798251,1.3134056263333334,4.4283836260000005
0.3391336436666667,0.0,0.3029319316666666,0.0,0.2636560013333333,0.7272528650000001,0.600133562,2.339689026333333,0.0155758083333333,0.0003630036666666,0.014166276,0.0003866449999999,0.0987825956666666,0.2959026063333334,0.0005976516666666,0.0012038403333333,0.0,0.0007406203333333,0.1189457773333333,0.0,1.006770896,1.5048543566666668,0.0029307776666666,0.0002289693333333,0.0,0.0,0.00059521,0.7266677549999999,0.0001241499999999,0.3388021746666667,0.0013547446666666,0.0001192676666666,1.2299122033333332
0.4824502116666667,0.0074055263333333,0.2409059156666666,0.0,0.479198245,0.0334574233333333,1.1695257433333337,0.8901786070000001,0.0015715833333333,0.029303356,0.157999337,0.050456725,0.0,0.1301868796666666,0.0104977853333333,0.0237394946666666,0.642138643,0.1329185973333333,0.661259024,0.0,0.1369370636666666,1.056221897,0.6296635163333334,0.0797145573333333,0.0098459203333333,0.015050541,0.4725085196666667,0.9732425836666664,0.0246284296666666,0.002247006,0.00029743,0.1707011473333333,1.0119330786666667
0.000143997,0.0009645443333333,1.07e-05,0.0,0.0,0.0,0.0,0.0,0.074480548,0.0,0.005715949,6.7431e-05,0.0,0.0002580123333333,0.0,0.0007912016666666,4.602733333333334e-05,0.0011679463333333,0.0,0.0,0.015702408,0.0,0.0,0.0003509063333333,0.0,0.0,0.0,0.0,0.0,0.0028560566666666,0.0,2.45e-05,0.0
0.0016532133333333,0.0003223103333333,0.0013284723333333,0.0,0.0,0.0002507666666666,0.000416532,0.0,0.1527808536666666,0.0,0.0486294356666666,0.0,0.016560783,5.79e-05,0.0,0.0121122696666666,0.0,0.0152965986666666,0.0,0.0,0.0033403133333333,0.0,0.0,0.0,0.0,0.0,0.0,0.0,0.0,0.0008840753333333,0.0,1.6066666666666666e-06,0.0
0.033637108,0.0,0.6942096313333334,0.0,0.0,0.452988786,0.0430655363333333,0.9183795496666668,0.0499019853333333,0.0,0.0605025393333333,0.0015487746666666,0.001716378,0.2853920476666666,0.0,0.0184750626666666,0.0128408,0.026704907,0.0065171633333333,0.0558243126666666,0.0570541253333333,0.3933852743333333,0.0019839036666666,0.0,0.018336064,0.0,0.0060154196666666,0.0723982063333333,0.0,0.061956458,0.000326069,0.0008392143333333,0.042814891
2.661422577,1.8811723573333328,0.844772392,1.2977010423333333,2.9334155833333333,0.3908707333333334,2.8055373206666663,1.93827015,0.0387293206666666,1.5152555166666668,2.093364729333333,0.330103727,0.0979524733333333,0.5601898973333334,1.006132679,1.6217213580000005,2.472918174,2.858409422,3.280771422333333,0.370733127,0.3037745113333333,2.541401793666666,4.074177723333334,1.9935235226666668,0.892247723,1.1165685683333333,1.9417147363333327,1.9010992406666667,1.5825854673333335,0.2785368206666667,1.286731436,1.1416475943333333,3.195840024666667
0.2633217816666667,0.131492423,0.002690761,0.3640632366666667,0.0053349559999999,0.0058894743333333,0.1041847806666666,0.474230665,0.0,0.0825021096666666,0.323097784,0.5717855733333334,0.0,0.1035850813333333,0.1912061966666667,0.1610360256666666,0.0673830676666666,0.2706658296666667,0.045227147,0.091410283,0.2610271836666666,0.2565139536666667,0.0293226026666666,0.106386674,0.0402843413333333,0.150636266,0.0170431176666666,0.2751307706666666,0.2323226146666666,0.0016956353333333,0.158271192,0.1386466509999999,0.0
0.916388838,0.284728943,0.1506183403333333,1.041077346,0.510757031,0.0110624679999999,1.176268979,0.658308818,0.0,0.270189301,0.8558261946666668,1.868174256,0.0,0.0257175419999999,0.114314947,0.2193921543333333,0.966941329,0.577981591,1.2325496576666668,0.815996257,0.06425604,0.7631647206666666,2.0287959086666665,0.8804857206666666,0.406774502,0.139005327,0.0359506353333333,1.307481051,0.4736192993333333,0.0003062703333333,0.6339991783333333,0.3683796246666667,1.7409163576666666
0.0159120283333333,0.0,7.933333333333332e-06,0.0,0.0,0.0,0.0522703046666666,0.0075120353333333,0.003595853,0.0,0.050193979,2.826625033,0.0,0.0005395786666666,0.0,0.0084772946666666,0.000371449,0.0093952803333333,0.0069065289999999,0.0,0.0005621259999999,0.0,0.0001570393333333,0.0,0.0,0.0,0.0,0.0552868456666666,0.0,0.0114914053333333,0.0,0.5344022556666667,0.0
0.2549874643333333,0.1081797886666666,0.0805151866666666,0.3629215963333334,0.0,0.0011570823333333,0.018701174,0.0006356246666666,0.0319091973333333,0.008097086,0.04494326,0.009439343,0.1196305726666666,0.0354896663333333,0.037339264,0.021281154,0.1691681076666666,0.9842818353333334,0.2747486253333333,0.0642312166666666,0.562553922,0.0001448466666666,1.359642454,0.2367036786666666,0.0077512813333333,0.0,0.0386586133333333,0.0003035556666666,0.018522771,0.0956140316666666,0.1122972919999999,0.4095007799999999,0.0
3.667611735333333,0.249205203,1.1047821036666667,1.0184798149999998,2.838385177333333,2.695179795,2.983402653,3.082767328,0.1454224266666666,0.3656778456666666,1.068225852,0.9656509733333332,0.0624788666666666,0.838318149,0.6301246340000001,0.9983333426666668,0.9822872176666668,2.093448186666667,1.9973146536666668,0.0,2.6472751540000004,4.2762678056666665,0.901990223,0.253679674,0.0041460523333333,0.2770442383333333,0.4621734593333333,3.1329910299999995,0.1063267123333333,0.2236656209999999,0.5974466573333334,5.236483502333334,4.139760764000001
0.1298111763333333,0.0,0.0367301076666666,0.0,0.0,0.0217255593333333,0.005762272,0.2348214843333333,0.418509437,0.0,0.043667691,0.9789364503333332,0.0005346356666666,0.0033161423333333,0.0,0.006965867,0.000490882,0.0086999473333333,0.0025694196666666,0.0,0.0187363406666666,0.247496511,0.0,0.0003165113333333,0.0,0.0,0.0,0.1386239866666666,0.0,0.0087934713333333,0.0,0.9100612496666668,0.0434910646666666
0.148332012,0.0,0.1013358253333333,0.0,0.0,0.0826075343333333,0.0132572659999999,0.0,0.0676990226666666,0.0,0.0344638256666666,0.0005149166666666,0.0858944043333333,0.1517224936666666,0.0,0.007090349,0.0,0.006316245,0.0006953446666666,0.0,0.0,0.0,0.0,0.0,0.0,0.0,0.0,0.1134519009999999,0.0,0.1642777076666666,0.0,0.0128531753333333,0.0
0.9854489050000002,5.277687702333334,0.0156339156666666,4.197140029,0.081450993,0.0008533966666666,0.4653461383333333,0.030702256,0.0824350663333333,4.614901292333333,1.0487282226666668,0.8558492183333333,6.801866666666667e-05,0.0009761743333333,1.976896295,1.532608563,0.5402451306666667,1.9106281326666668,0.1119761843333333,10.330741596,0.0003007816666666,0.0711196706666666,0.089661162,5.782590437333333,10.020662561666668,3.1380284306666666,0.8806271513333334,0.409263959,3.613107882,0.0016132363333333,3.7994058846666663,2.005184088,0.1736611003333333
2.6968529150000005,0.100688983,0.0609513733333333,0.4514010596666666,0.1029657856666666,0.019911718,0.7642632493333332,0.1302579716666666,0.0663812439999999,0.418253343,0.676135414,1.2026725193333334,0.0,0.0560540469999999,0.167729444,0.4611072246666667,0.2182600396666666,0.5186201486666667,0.643713694,0.0,0.0060749453333333,0.177352796,0.4541119119999999,0.1104907033333333,0.006819543,0.157381675,0.1777604816666666,0.8962294776666666,0.0530928016666666,0.0046663573333333,0.245542988,5.610577748666667,0.0518391083333333
0.18023283,1.2537549276666666,0.0147317493333333,0.0043832113333333,0.0121695506666666,0.0466944636666666,0.2756442736666666,1.047141749,0.004076512,0.3804593053333334,0.1239884316666666,1.8000268806666666,0.0004900516666666,0.122463902,0.002399258,0.031329538,0.0335215296666666,0.0413517156666666,0.0812143086666666,0.1084731943333333,0.0752089416666666,0.8874361306666666,0.0005763096666666,1.090243323,0.238222855,1.0920021093333334,0.014211651,0.7677923843333333,0.047205482,0.001043152,0.0022363356666666,1.038545608333333,0.348616566
0.489409883,0.011938859,0.1743881676666666,0.0736354736666666,0.008650974,0.2337955256666666,0.1112632726666666,0.8464923036666666,0.0232577686666666,0.0278744106666666,0.9253346566666666,0.0223710346666666,1.000661888,0.6014265186666666,0.2974934203333333,0.630885008,0.781500174,0.7077973169999999,0.0729969253333333,0.0,0.337450776,0.8226038856666666,0.3210306736666666,0.0272113603333333,0.0,0.0086618993333333,0.25013562,0.6714372330000001,0.131665502,0.2223467753333333,0.151382198,0.0946891516666666,0.241691184
1.4741831020000002,0.0,0.0075709806666666,0.0,0.0,0.0,0.0402294226666666,0.09244503,0.0226480363333333,0.098517609,0.1017977113333333,6.812281272,0.1556552903333333,0.1546117846666666,0.0,0.023513363,0.02984506,0.026337824,0.0067091453333333,0.0,1.781034386333333,0.0306246083333333,0.0,0.0004890283333333,0.0,0.0115365153333333,0.0,0.5125448236666666,0.0,0.48345029,0.0521647156666666,6.829445736,0.0
0.2474210256666666,0.0,0.1156629733333333,0.0,0.0624014953333333,0.0,0.031878865,0.010546244,0.0375089959999999,0.0,0.8198603326666666,0.2412510006666667,0.03025005,0.01286731,0.0546252056666666,0.5613217463333333,0.756566111,0.7021729326666666,0.2370280046666666,0.0,0.1917219516666667,0.0380289856666666,0.537063203,0.0,9.503066666666666e-05,0.0008986073333333,0.0188756276666666,0.0634899706666666,0.0,0.010342352,0.0005466143333333,0.3196730196666666,0.009967628
1.966127905,10.370337121333334,0.2766389576666667,10.918375874,0.940994726,0.0502027443333333,1.136057792,0.4299792556666666,0.040336307,12.352992964,4.489987604,7.640388945666667,0.316496708,0.2111714013333333,7.354131914666667,5.285993492333333,3.2263736249999995,7.861024114666667,2.002340388666666,5.958195961666665,0.253678534,0.4943289259999999,3.7748236373333337,8.618692699,7.344215461000001,13.429382102,3.1699467606666665,0.7272713646666666,9.318893796333333,0.0214848896666666,11.304858549,9.020517786,0.8152846290000001
1.6811851960000002,10.57350827,0.8772752566666666,11.182135417666666,0.909672645,1.199671181,0.8930548106666668,2.5121893396666666,0.0373683619999999,10.126212444,3.5689421610000003,2.786153387333333,0.1079524893333333,0.2374794723333333,5.3507274523333335,4.866275506333333,2.337923275,5.602765114333334,1.603433852,3.1466319413333337,0.7165113083333333,3.396659215,2.9908669690000003,9.091380495666668,4.765367934666666,12.928009407666666,1.6084978906666667,1.5392887216666669,5.299803854666666,0.0356421016666666,8.943798790999999,4.735766989666667,3.1248130166666663
1.5658420833333333,8.576869239,1.641622065333333,8.988001327666666,4.035547893666666,2.44590765,3.4977739086666677,2.741204430333333,0.1997879453333333,10.190369733,2.089419824,7.973975709333334,0.6234644633333334,1.4270848276666666,2.8090888300000003,2.084248757666667,2.0685120613333337,3.195642043,2.933009063333333,1.4941134026666667,1.3130456676666666,5.146764368666667,2.257622830666667,8.825251749333333,3.272176223,12.047258899333334,2.3193185176666664,2.693299345,3.2968849563333333,0.420804247,8.513435589666667,8.559010893999998,6.045462004666668
1.7019763596666666,0.3298028646666666,0.220356247,0.2618470203333333,0.8572028083333333,0.8291912513333334,0.688133621,1.5995523413333332,0.120236585,0.4744776916666666,0.163645519,3.180818925,0.0416698269999999,0.4364041283333333,0.0002653433333333,0.0398391566666666,0.0535999166666666,0.2198610826666666,0.6625301023333333,0.0,0.993052185,1.3507053906666666,0.1957735093333333,0.5049904930000001,0.0636782106666666,0.255027941,0.005084835,1.2186264406666667,0.0209364413333333,0.1806108273333333,0.3724553306666667,3.238862408333333,1.0403806083333331
1.139456466666667,2.032986019,0.17873715,0.917715463,0.7076145019999999,0.7305598133333334,0.647769052,2.130367453,0.0686551176666666,1.009359694,0.1458451683333333,5.502666636,0.1266572033333333,0.7370161126666667,0.0721351986666666,0.0342102303333333,0.293459842,0.7485443479999999,0.813073643,0.025244765,1.7868848503333334,0.9089735263333332,0.7238622616666666,2.744709223333333,0.508996369,1.1583509886666667,0.0364680033333333,0.7460970366666667,0.2259961783333333,0.4378737373333334,0.9975732763333331,2.2819858143333334,0.8131496403333333
3.478205774333333,8.171928416,1.5669953546666668,5.331859636,1.5864449706666666,1.7516708733333333,2.129000683333333,1.9691670153333332,0.371449852,7.938853427000001,1.8594323786666669,7.954472420666666,1.6553510139999998,0.8163149743333333,3.718655185333333,2.7277560906666665,1.974396762,3.97849934,2.212690626333333,4.51681565,2.712840186333333,2.038660150666667,2.6331801816666665,7.447356777333333,5.926630832333333,8.164500505666666,1.751558731,2.3950587933333334,3.902950654666667,0.3551228623333333,5.971123080666668,7.754863426333333,2.20049023
1.0217929016666667,0.721502064,0.164865271,0.6289244446666666,0.985445754,0.091821205,1.213899735,1.5069754263333337,0.0666654693333333,1.003701577,0.155733801,3.901236807333333,0.0,0.273893856,0.0078881873333333,0.0357369436666666,0.1658693696666666,0.4480328153333333,0.455969882,0.2297663073333333,0.1188073136666666,1.1698519283333333,0.2474597016666666,1.0655453233333334,0.502559246,1.176484675,0.0193687403333333,1.7168742656666665,0.089139401,0.049073303,0.5933791526666666,3.0403211156666665,0.825444264
1.7320385833333332,0.99394887,0.1247621693333333,0.0407433133333333,0.0,0.035332375,0.1607609466666666,0.264418889,0.028463976,0.6082134920000001,0.041512676,6.908866211333333,0.223028281,0.402766556,0.0,0.007834275,0.0244843486666666,0.1119959893333333,0.045629398,0.9009947953333332,0.4628587956666666,0.1917545689999999,0.001381986,2.2171785096666667,1.9737509906666668,0.7542233863333334,0.0095187523333333,1.2734030933333331,0.0550700676666666,0.135980656,0.1526152436666666,3.1155634140000004,0.0
0.1994912563333333,0.0023144273333333,0.042467643,0.0144785726666666,0.0,0.004547434,0.002748384,0.1924224273333333,0.001562878,0.0293721106666666,0.3481797849999999,0.4812134133333334,0.0,0.033757122,0.1834171433333333,0.3944853416666667,0.0288152996666666,0.237852165,0.001712585,0.0,0.0090950886666666,0.013350683,0.0005164486666666,0.000658839,0.000567975,0.0029788006666666,0.0960764966666666,0.1151004486666666,0.0115524903333333,0.0001407096666666,0.026073482,0.5978408700000001,0.0
1.1853670333333333,4.17649885,1.156511321,5.367478239,1.9338917283333328,1.5235012656666669,1.4063040859999998,3.030509437,0.0031675173333333,5.445764830999999,0.4156983146666667,14.001432485333334,0.0031138126666666,0.9646065826666668,1.3443316076666667,0.6337079423333334,0.1079633796666666,1.2193609866666668,0.8645414873333332,0.5095820533333334,0.2371617493333333,2.8732774246666666,0.1071923013333333,4.084694497666667,1.3386646783333334,6.185741325333333,1.1408773046666667,2.608875456,2.2908887323333333,0.023903182,4.978646146333333,9.116869491,2.308297542
2.269021958666667,0.0849558433333333,1.4116542933333331,0.1731037733333333,1.2292669876666666,2.285006995333333,0.8093487966666667,1.6387998556666667,0.0544085733333333,0.41790023,0.1028068186666666,5.48904721,1.321049835333333,1.3684477700000002,0.0,0.0181820313333333,1.0820867626666668,0.2252756956666667,1.3781892616666669,0.0,4.823985599,1.2280139706666666,1.2658132156666666,0.1461065356666666,0.0004998436666666,0.2919623276666667,0.0429096273333333,1.6395846196666666,0.008901917,1.606928507,0.239913979,7.238072410000001,0.6931448363333333
0.015272207,0.7941247236666666,0.0896244943333333,0.0805986496666666,0.0,0.067834157,0.00355334,0.009340632,0.1829036346666666,1.0454087263333334,0.094973039,2.260423317666667,0.0059270863333333,0.0758247333333333,0.0,0.0097940796666666,0.0896366436666666,0.014184336,0.0045444406666666,0.0,0.0410194543333333,0.0,0.0061326393333333,0.7488331826666667,0.0031268443333333,1.4278393746666669,0.000988493,0.0,0.0404958743333333,0.135312132,0.2799837843333333,0.9813722556666667,0.0
0.056569707,0.0002526663333333,0.0059101036666666,0.0,0.0,0.001092852,0.0008065923333333,0.042092146,0.197268992,0.002740249,0.1060858836666666,0.000942017,0.0216653376666666,0.114867198,0.001684191,0.020434788,0.0012944916666666,0.0255268239999999,0.0015037233333333,0.0,0.0025636316666666,0.0,0.0,0.0005016596666666,0.0,0.0,0.0001241796666666,0.0457059036666666,0.00015842,0.029987931,0.0017755696666666,0.006137265,0.0
0.1785287666666666,0.1771145629999999,0.0449614616666666,0.9463824956666668,0.0,0.0993474999999999,0.0010997206666666,0.0,0.00025456,0.6522650906666667,0.4768160613333332,0.0965134546666666,0.033353142,0.2277347946666666,0.1352800516666666,0.1684944986666667,0.2925007773333333,1.0828416,0.0393287136666666,0.8792881033333333,0.0168720653333333,0.0,0.2269216933333333,0.3294361916666666,0.5889520353333334,0.4551795283333333,0.018142753,0.0005188666666666,0.1201383833333333,0.0229427743333333,0.75435644,0.3092234106666666,0.0
0.5052056883333333,3.381806652333333,0.3428939053333333,4.578855941333333,0.0,0.0149094909999999,0.0539416803333333,0.0,0.003625206,3.227063773333333,2.607037542,6.185477058666666,0.0013940696666666,0.1450675506666666,1.489425892,2.1423451906666666,1.9180114166666664,2.0762134316666665,0.0445807053333333,0.0,0.0035943216666666,0.0,0.7251951226666667,2.9291794223333336,0.0786525893333333,4.768626249666667,1.707697176,0.1412829756666666,1.0695245306666668,0.006281558,2.728766299666667,3.404548724333333,0.0
3.7216e-05,0.4692742866666666,0.0185579303333333,0.0,0.0,0.0,0.0,0.0,0.0002656773333333,0.5526957756666667,0.0327351816666666,1.0393268256666666,0.001162412,0.001067604,0.0,0.0044240286666666,0.0,0.0034299286666666,0.00872226,0.0,0.0004530923333333,0.0,0.00136657,0.6393058956666667,0.0015084993333333,0.3537875173333333,0.0040167133333333,0.0,0.1196414156666666,0.003674696,0.1074520206666666,0.0663593613333333,0.0
4.6303e-05,0.0,0.3807076383333334,0.0,0.0,0.000505245,0.0006055816666666,0.0,0.0505907009999999,0.0002835573333333,0.0567055063333333,0.0111100376666666,0.0,0.0013244813333333,0.0101658386666666,0.005978556,0.0003425973333333,0.0134934356666666,0.0013951053333333,0.0,0.0,0.0,0.0,0.0,0.0,0.0,0.612312936,0.0,0.0001411316666666,0.000222007,0.0060497389999999,0.0013162003333333,0.0
0.7097643100000001,0.2515789616666666,0.108562225,0.0,0.0,0.0140317523333333,0.8577358353333334,1.2318434573333332,0.004738567,1.5794356603333333,0.1427571206666666,1.90404164,0.0686222006666666,0.5450573066666666,0.049477096,0.0307997946666666,0.0011667446666666,0.0231689393333333,0.0024230923333333,0.6841585626666666,0.3767265396666666,2.132760828333333,0.0,0.3451561323333333,0.1454507456666666,1.267670385333333,0.2319869956666666,4.410640126666666,0.3247124053333333,0.0134796723333333,0.2595650966666666,0.316081134,0.6251668873333334
4.3351101996666666,28.96267655233333,1.5010715143333335,16.09576624,0.7003975586666668,1.2053755656666667,0.7867824903333333,12.105415868666666,0.004797348,20.817655434666666,4.050660956,3.912117358666667,0.0185711303333333,1.880258142333333,17.51578979,9.197537167333332,3.7325745493333335,17.89441872866667,1.589890389,10.618906941333334,1.1224522363333334,4.298312026333333,5.962903631333334,20.584635415,11.996179515,28.264668561666667,4.361701712333333,3.7371378263333335,23.20724324733333,0.0852129523333333,17.560916759333335,4.9096150063333335,0.4309475166666667
0.5347241416666667,25.986564414666663,2.3942161703333333,7.684537045,2.850263602,0.628418609,1.5485475966666666,0.4306647023333333,0.0046977626666666,16.247981272666667,25.821387273,2.627065876666667,0.0025140189999999,0.6239283446666667,19.724760947,26.024727331,16.253650517666667,13.234381385333334,2.9876261090000003,23.630459854666668,0.0443915316666666,0.7165799203333334,6.237720113999999,27.551877955,25.040789713333336,19.953029636666667,11.077491259,0.4950395966666667,27.32177126966667,0.015907838,12.953152018333332,1.7646012046666666,0.7601353493333334
0.2494662263333333,5.512914059333333,0.933295334,8.08828583,1.6497943663333334,0.1734578703333333,1.6397184833333336,0.572972037,0.0698628963333333,9.335206655333334,1.07557218,12.894642573,0.1851052813333333,1.2982054606666666,2.5236467533333333,1.637135638,0.6481639903333333,1.8194271743333332,0.6766474253333333,0.4243708836666666,0.342993049,0.5931533703333333,0.0705090116666666,4.38892981874,0.6517749526666666,7.857930168,1.6577853346666664,0.6756870876666667,6.163009032000001,0.489803158,8.510538879333334,5.443716290666667,0.7764651573333333
4.580146623,19.712004001,1.4560360053333332,11.172478940666666,10.864204759333331,1.5374241453333333,8.124494808,3.056590496333333,0.1316562313333333,18.840325473333333,3.952864885,14.339350285333332,1.328709871,3.335218293,4.297318604,4.001431689333333,3.23956867,5.082349297333334,9.907019036666666,13.693614283666667,1.8047319366666663,2.9118819743333333,6.682491086333333,13.834982419666668,12.806225814,19.454879829000003,0.9984462513333332,4.780334620333334,10.807625372000002,1.847659274333333,13.807562166666663,5.8255219810000005,3.867973935333333
1.698661330333333,0.2233308746666666,0.7175145653333334,1.8887196656666667,2.014102717333333,0.641728395,1.3082963646666663,0.320543143,0.000624517,1.1283016786666666,1.0241077686666666,7.562020675333334,0.02356245,0.4541280423333333,0.5458343550000001,0.5637324423333333,0.774278652,1.208079100333333,1.1246324843333333,0.0,0.1058153053333333,0.877671585,0.594924884,0.0134480786666666,0.002051946,0.3544987566666666,0.7680348756666667,0.964070338,0.3477626886666666,0.1170145143333333,1.526411227,6.059470385666667,0.691705299
9.969343218333334,3.195725585666666,4.996535459,4.767857007,17.146412473,5.727197526333334,15.734914697666667,8.470927764999999,0.159045685,5.369346316666667,4.108751337,12.827811726,7.1693063593333335,4.432782795666667,2.945240982,3.358446566,5.8944526900000005,5.597157632333334,15.392685386000002,0.0030026716666666,5.522318910666667,9.615276583,8.263745247333333,2.102566166666667,0.2085780386666666,4.947085518666667,1.334375105,9.378235386666669,1.9798058,4.812335823,5.262903442,9.970762746,11.856844628666666
0.935255093,0.000733339,0.8228397140000001,0.0,3.062177135,1.8250755786666664,4.03709667,3.7666735616666656,0.153144278,0.00849286,0.4580149036666667,0.0129262386666666,5.817669923,2.8533399006666667,0.131013446,0.285723179,0.719296462,1.1717190626666667,2.392279133333333,0.0,2.757655042,3.873456295666667,1.8746350063333332,0.0,0.0,0.001400739,0.0208346289999999,2.431892948,0.0,4.218670184666667,0.0087927506666666,0.1167167039999999,4.463689272666667
0.263854717,0.0,0.0063612273333333,0.003347795,0.0,0.0197817503333333,0.0061353653333333,0.0,0.0658105809999999,0.0,0.016447877,0.0025451683333333,1.9015659863333327,0.473654754,0.0003540066666666,0.0053184049999999,0.0,0.009082812,0.0065148473333333,0.0,0.7209847303333333,0.0,0.0,0.0,0.0,0.0,0.007961942,0.053323161,0.0,1.30596824,0.0002922973333333,0.010444102,0.0
0.8107204673333334,0.0,0.6549333153333333,0.004586726,0.0043241126666666,0.179934925,0.0680892106666666,0.7441514276666666,0.256626449,0.0,0.1536083363333333,0.0124409013333333,0.5569468106666666,0.9203503036666666,0.0004609176666666,0.0332052696666666,0.0026313013333333,0.0327198543333333,0.010544152,0.0,0.4130011933333333,0.048725738,0.0,0.0,0.0,0.0006983696666666,0.0215473223333333,0.7081077493333333,0.0,0.7980668556666667,0.0,0.0305848016666666,0.0
7.750062593666667,14.297192612333331,6.088486208666667,16.791446187,11.945879289,10.795487632,9.793588332333334,12.829036069,0.1052011406666666,15.989344781666668,18.667834223666667,11.575927628,1.5041706706666669,2.794874748,24.44525071,21.92130782,19.68091670433333,27.44111682,16.293676854999998,4.001258063333333,1.6793554893333331,16.7885334,19.14533619933333,14.661941139666666,7.811339040666667,14.948314186333334,3.987527227333333,8.795528762666667,13.277972868333334,1.002767056,21.968843266666667,10.123707261666668,10.775667445333331
5.956619847333333,0.1952674143333333,6.911440238,10.888052416,5.528362800666667,13.024852074666668,6.101449195,6.988068266333333,1.485286642,2.944668598333333,6.951554249666667,8.857640186333333,3.1448448580000004,8.773880791333333,6.102452027000001,6.988390312333333,6.309308673666667,9.850479007666667,4.9140863936666666,0.0,0.6532393106666666,12.113766728666668,5.295347628666666,0.112257337,0.0,1.637417537,2.944771171333333,6.860425982333333,0.951593469,3.068960292,7.276176518,14.245824446666669,13.301316605333334
1.5453476363333334,0.121294302,0.3917855023333333,0.590762295,0.1015654343333333,0.381710615,0.3148091703333333,1.1856552093333332,0.1290696613333333,0.974681715,0.5089783133333333,1.4754554233333332,0.9424260556666666,1.0282693346666667,1.332464499,0.528750293,0.0554173273333333,1.166065055,0.0436918593333333,0.0,2.603223151666666,0.4899867983333333,0.2818389333333334,0.008934212,0.008333139,1.043699285,0.068640496,1.8692616206666663,0.1599414343333333,1.51569359,0.2465558209999999,0.9011587676666668,0.4562528713333333
3.2236810263333333,15.16609080033333,0.2748725646666666,1.0185061256666663,0.4883454636666666,0.0070530186666666,0.7487940043333333,0.0302676573333333,0.7786640546666667,8.726043922333334,0.3136593696666667,6.542602894333332,0.096412289,0.1786446513333333,0.0102256293333333,0.268764846,0.2733700883333333,1.4803726153333334,0.298206753,0.000835998,0.970031239,0.01388274,0.1087595603333333,9.172014117333331,0.8532473286666667,11.350814995,0.1286461866666667,2.1189387096666668,4.573779822333333,0.9627794233333334,6.234564422999999,4.982898645000001,0.0048421656666666
6.828117123666666,17.223269375666668,9.739086345,6.534139214666666,2.119348624,4.32246065,1.1599660939999998,0.499170574,0.7642702363333335,16.44781555466667,9.884672687333332,16.811034556666666,0.8368617326666667,2.6340061203333334,23.61306757933333,15.005186335333333,13.457725101666666,15.768171746666669,7.787411615,11.554502165666667,0.7862935753333332,1.0176715013333333,13.101598996333331,16.558241813666665,19.70642950433333,19.150023692,12.313079715333336,0.6106635319999999,17.82597658566667,1.3012563796666667,16.892822496333334,9.262762029666668,0.7959184406666666
6.945984319,7.888372841666666,7.072965741333334,15.361089119333334,5.167297181666666,5.977245242333333,9.721872032666663,1.5077447106666668,0.4322530933333333,8.364747927666667,12.073582738333334,11.774973089333336,0.2783986776666666,2.900598287333333,10.085224534,12.580501306666669,9.452276529333334,10.742734007666668,10.359223683666666,5.541104722,0.3676587963333333,2.4964778786666666,10.512491421,7.106592988666667,7.129023547999999,4.925172124666666,8.616455951,3.0842578846666666,8.161601898999999,0.664454713,12.87221475,10.545556411333331,2.177840778
7.036553450666666,0.1947882493333333,2.7553984116666665,3.0160810636666664,13.717085748,7.045972731999999,14.015472342333332,9.223828426333332,0.0468019783333333,1.0689692973333331,2.3694077666666664,7.491235509333333,1.3234981583333332,5.5725345336666665,2.017994208,2.6392158130000003,2.0534910993333333,4.245004359666667,9.187730986666669,0.0360481626666666,2.716816156,11.815464449333332,4.532301911333334,0.254499494,0.0492621596666666,0.483409711,0.7234444873333333,8.093046197333333,0.1644368393333333,1.726674491,1.9300679336666664,9.395074788,15.43809144
0.1582133203333333,0.0216856933333333,0.00188552,0.0,0.0151300173333333,0.009590095,0.0076954109999999,0.0277058333333333,0.062656369,0.0006370843333333,0.347023249,0.0134544216666666,4.527890462333334,0.0179396976666666,0.0,0.0578383623333333,0.0028816176666666,0.0510324976666666,0.0099496353333333,0.002492362,0.7605139216666666,0.0,0.0019813969999999,0.0020178313333333,0.0008472413333333,0.0021293623333333,0.0016266706666666,0.2321611613333333,0.0002340963333333,0.6430048956666666,0.0040894806666666,0.01540134,0.0
1.9564035666666664,0.6371621753333333,1.2371244383333333,0.0439995483333333,0.0,0.9992516593333334,0.0342415953333333,0.782794549,1.5210698706666663,0.4535104063333333,0.2747840403333333,2.4401172003333333,0.3795487543333333,0.4896694576666667,0.154980794,0.0906880576666666,0.0973861363333333,0.7229331043333334,0.0031739136666666,0.001607136,1.528442285,0.3556678216666666,0.0027321593333333,0.0227921523333333,0.0004426993333333,2.3459425913333334,0.02116119,2.197469255,0.049748505,0.624391757,0.0843361036666666,4.402395244333333,0.0
10.797696440666668,2.7113648546666664,4.770167611666667,3.7723244883333336,30.929606132,21.01278068033333,18.257998683666667,17.090860738999996,1.5989803376666665,1.4175044936666668,0.959949913,16.922196594666666,1.9636984466666665,11.241008511333334,3.2793998183333333,1.541595871666667,1.946419685333333,6.698158779333333,13.876136733333333,0.2340035616666666,5.0351183656666665,24.205010403333336,5.876392030333334,1.1391131653333335,0.5522389886666667,2.207260327333333,1.9326783723333327,11.519667987333332,0.3974453606666666,3.4105523546666667,2.603646327333333,16.698435246333332,27.040437779
4.339462983,0.4732118353333334,9.195603810333331,1.1203177676666665,9.405435066666668,15.369539156333332,6.930113370333333,4.052182503,1.1265439806666666,2.804407739,1.887054689666667,9.088052654333334,3.485906087,9.070526079333334,0.7171070936666667,0.945174545,5.0860903980000005,3.679207216333333,6.054674994666667,0.0214688516666666,5.0991841933333335,7.332865104,5.24045043,0.849212852,0.1844748469999999,1.1509312006666668,3.254551064333333,3.4246623606666664,0.693000983,4.10480348,1.783277372,6.361477001333333,8.53485006
3.203565326,0.2142336063333333,0.8882590736666667,1.4501008973333331,6.110982846333333,2.6780309143333336,7.406143484333334,6.429068095666668,1.3042518506666667,0.9811250793333331,0.122653535,5.353965342666666,3.613166957666666,2.933840092333333,0.2331052796666666,0.0406588666666666,0.1267072166666666,0.5433464446666667,3.454865351,0.0002236426666666,4.519116179,8.032204900333333,0.9937380226666668,0.2146974126666666,0.0123747063333333,0.6915934466666666,0.039181503,5.670056007333334,0.16291149,4.097551014666667,0.931557604,4.957724321333333,8.813882672333333
4.036234788333334,1.2043879796666668,1.444425217,3.3886702723333326,7.940977929666666,4.598110096,7.025318632,3.491013623666667,2.5207428676666668,2.112230205,4.830237296,0.5397403746666667,4.076688414333333,3.276977107,2.995431777,3.3089893226666667,4.1845635880000005,4.950347647333333,6.409627579,0.033445402,1.4731927496666668,7.916636420333333,5.787885515666666,0.9429449033333333,0.10712426,2.877137984333333,0.7466045516666666,4.643623580333333,3.203921441,4.894006675666667,3.1543219786666667,1.9206810756666663,8.44969279
7.153946185999999,0.169240366,1.6732781856666668,0.097253217,2.536829423666666,1.726003608,1.0199703826666668,1.9597418653333327,0.9999334593333334,0.4410371903333334,0.1012832243333333,8.129951805,1.999765505,2.155874164,0.0565257796666666,0.064543883,1.1702237383333334,0.5898771216666666,2.0264483183333337,0.0,10.482721383333336,1.860241203333333,3.658170482000001,0.183131852,0.0059062473333333,0.403070618,0.409973263,3.616179245,0.0314462656666666,3.402014907,0.3784512973333333,10.099698885,1.064592621
5.430602849666666,1.2127998896666667,3.4292538446666665,1.848061222,3.21727517,1.1497599293333334,8.492902841666666,6.475699444333333,1.9416984993333333,1.758976824,7.059195772,10.348828227333334,0.9343144006666666,2.8505872413333333,7.620016795333334,7.635544228,10.322790905666666,9.758444329,3.8370169980000006,3.100589100333333,4.276217837666667,6.518577362333333,4.803178930666667,1.1039509696666667,1.6428943770000002,0.4304867476666666,2.161145143333333,9.653136126666666,2.344368567333333,3.203376331,3.117054711,8.259618602333333,8.350910478333335
7.914662099333333,4.350134450666666,3.5080893756666662,9.445267020666668,10.703227989,2.7792731036666667,9.089457058333332,2.8042275140000004,2.24107621,9.128587599333336,1.6554934039999998,12.932390926666663,1.2481502073333333,5.188986198666666,1.7220670526666666,0.937713885,3.8114285016666662,6.4984490500000005,10.079606375,0.041765117,4.8327414163333335,5.541793261,7.741271791666667,5.427011869,0.069629205,8.87658728,0.4788909013333333,4.097443138,1.2619775186666666,4.010052248,7.018448449333333,7.662654049666666,6.580104933333334
4.455952584333333,3.736807792999999,2.247049889,8.653557084000001,1.5511808456666667,0.7721199963333333,4.689331392333334,3.594871523666667,3.415174008,3.782075292333333,0.6857111453333333,13.487973939333337,1.727569284,2.978174832333333,3.101049432,1.259905719,1.5921093926666667,1.4919424576666669,2.2290221903333336,0.2632007806666667,3.225106931333334,3.0791601036666667,1.4219781373333331,4.261954436,2.381711714,1.5242396813333332,0.9658296176666664,7.656169955999999,0.9642781533333332,4.829654065,4.532479724666667,12.284187448666666,1.8531296096666665
19.389034173,5.0022331326666665,4.308320209666667,19.049879415666663,1.539936217,4.293723116333333,5.457910305,3.779576888333333,2.5841306960000003,6.461603102666667,1.6895067773333334,17.776933906333333,0.746975995,5.6479218913333336,12.954601829,6.226043397333334,3.527961691666667,6.983241493333334,3.237972376,2.764991715666667,3.0402746106666663,2.7862674796666664,7.724291033666667,4.370244854,1.462329752666667,4.748765377333334,4.82170716,11.910130846333333,9.103142310333332,4.890726852,17.22323075,17.77217432666667,2.1460089376666667
4.250701173666666,22.529483412,0.3646209896666666,5.561144083333333,0.4645366823333334,0.1331766036666666,0.8110324640000001,0.1087325713333333,2.030844743,12.898376807333335,2.022639083666667,12.252417382333334,5.542820385333333,3.0789474153333334,0.375458076,0.702810831,5.171140734666667,7.819176725666666,1.4608582406666668,7.129665579666667,6.265225212,0.2996773526666667,4.227908513666667,18.42529946,14.832007027333333,27.104647443666668,0.660895565,0.9706295346666668,4.086153912333333,7.063291686,6.872365696666666,10.975850612,0.56872375
5.660536093666667,0.012985602,1.1415380753333333,0.0033654323333333,2.125342895,3.700057351,4.595036791333333,4.950345783333334,2.290094767333333,0.6655186723333334,0.3644486496666667,8.147273581333332,5.9010026233333335,4.996108919,0.7408330286666667,0.3682107983333333,0.1789787823333333,0.19313709,2.052579646,0.2878980223333333,7.258412867666667,4.497280601666668,0.934935415,0.0967222743333333,0.2343909246666666,0.4132708833333333,0.2083648386666666,7.374722535666666,0.515444893,7.761455135999999,0.6001716016666666,2.007039557666667,3.453924457
3.939172737333333,3.997416438666667,2.3750670680000003,2.8709578436666665,10.505330743,3.672434537333334,8.809796837666667,7.735848427666666,2.0145654323333333,4.377680740000001,1.7120382376666667,14.758337192333334,6.636082934333333,3.157682623,3.501124994,3.6392212856666655,1.9341674376666669,4.570030946,6.725820179333333,0.000691372,8.892363384666668,8.069294043666668,5.010827941,2.4322727076666664,0.095050278,6.085238573666667,2.0069150193333334,5.013025551,1.8444956593333333,7.942619307666667,2.757002767666666,9.398914372,8.769087532333332
0.9362979066666668,1.6239252426666668,0.0610260793333333,0.0,0.0378338143333333,0.048013302,1.0109600293333332,0.7414304019999999,3.0691945036666666,0.0655233723333333,0.3512988296666666,3.2547916396666667,7.062256294666667,0.6899605516666667,0.0081788146666666,0.0796104693333333,0.0028803543333333,0.1422208223333333,0.035098969,0.8949816703333333,4.24500891,0.5135479093333334,0.0025015363333333,0.1316082646666666,0.093732168,0.426707083,0.0013050473333333,3.150783257666667,0.0287545306666666,4.635751166666666,0.0240659186666666,0.4828678393333332,0.127707159
9.624133580333334,2.9204423740000003,0.8032984076666668,15.938360492,0.1865245913333333,0.100791128,1.2653718803333331,0.8810766156666667,4.1053715256666665,11.497026091333334,2.741944568,31.44794916333333,1.933683078,2.4090823276666664,11.580189524333337,1.9178811036666663,4.974232320333333,4.193240081666667,1.8530923546666669,0.008606718,1.2351150043333332,0.483431139,11.526416538,0.3995756129999999,0.0168579843333333,15.744985959666666,2.392970549333333,2.056937023333333,6.071324130333333,4.158298721666667,13.026432712666669,14.006164909333334,0.399077645
4.487643087666666,3.40967378,8.481636592333333,2.1540612190000004,0.1584785993333333,3.819691408666667,0.878185228,4.405404164666667,3.421600571666667,2.143502541666667,1.7417947726666665,15.859161804333333,1.990896079,3.3957908333333333,6.853874875333333,4.523440005,2.1080841026666666,9.171791377,2.74550229,0.008375289,1.369321717,6.888884368666666,1.1547388706666666,1.9302383823333331,0.140562466,2.718030171333333,2.5018461393333333,4.331927645333333,0.8979293413333335,4.427927436,2.4921319643333333,10.135012402666666,0.603500499
3.3766475863333336,21.887730847,4.728331533666666,5.706482967333333,32.35025662633333,8.166763539,18.259165592,14.922703219333334,3.5698554646666665,13.237079990333331,15.781294267000002,0.6152760333333334,5.917981772,8.617649311666666,8.875474488333333,13.242095181333331,9.09385548,8.985249813000001,15.575373676,6.421709490333334,7.982089811333334,15.647575313666666,7.672133866666666,15.464356974666664,17.926298223666667,10.33294405,3.121288295,6.898121726333334,14.181705938,4.636889183333333,9.846191388,1.6348130376666667,15.302441457333332
4.252144282333333,9.022435882333331,7.681099569666666,7.615485285666668,32.22234450166667,11.701319832333336,26.861409191000003,7.669274106666666,2.0877180993333333,13.065029968,20.562529944666668,0.6457331786666667,7.763547207666666,8.086777382,12.721074073333334,15.851240489666663,15.409662795333332,10.907551404666668,17.846877418000002,5.610463980333333,5.7807318363333335,14.819229046333334,15.051885393666666,3.543640749333333,4.239433932666667,9.019262803666669,12.779646682333334,11.049736706,21.40051301733333,5.451244913666667,10.983877714333332,2.802601630333333,29.599320403
3.9627018456666665,3.597334256,1.2297632976666666,0.1200883483333333,1.4547370719999997,0.7025522196666666,6.0927241400000005,1.905431726,0.716033758,0.455727804,0.4122874446666666,8.305027103666667,9.793052922,1.5917407823333332,0.8015704193333333,3.475319703666667,0.4609502553333333,2.256376024,2.0071714076666667,2.336901688333333,3.0977877953333333,4.35074303,0.5604347216666666,7.308870044666666,0.499172899,0.9800031256666668,2.286055628333333,5.420100205,1.4810269780000005,4.1831802473333335,0.2185078836666666,4.154221582,3.587889751666667
4.614301135000001,4.101237924,2.889194568666667,15.988588698333336,3.1116372180000003,2.058082993,3.369913072333333,0.0824987633333333,0.0941953729999999,0.8063105533333333,2.0330290273333333,3.010949270333333,2.0425097283333336,1.1735523403333332,7.414173310333333,2.808583694,8.484903421666667,8.218742890666666,2.891621069333333,0.3949612283333334,5.531818470666667,0.2124502623333333,7.620878121666666,1.429462998,3.048730422,1.811404265666667,2.954233419,6.057971306333333,6.854488372333333,1.7024725483333334,7.105426569666666,15.286328974,0.2348636429999999
1.2687482680000002,8.443046696666666,0.888729569,19.344627624666668,0.018890757,0.1645665946666666,0.0227463736666666,0.555842187,0.0930657426666666,16.536313598,1.1015977646666666,9.803568473666669,1.7106491943333333,0.790328245,8.991146508333333,4.784437453,2.947030558,3.332595259333333,0.3628752289999999,1.546621061,1.3081563216666667,0.0352136006666666,5.561877774666667,5.710020789666667,3.198876958333333,9.609145879333331,5.370366813666667,0.461929258,17.379595995,0.693760604,15.539212050666665,11.948865269,0.0
0.1038329856666666,1.1312608666666666,0.224881126,0.1606478586666666,0.003889566,0.4127780706666666,0.0365977653333333,0.387018458,4.812470631666667,2.567212957,0.7950329596666666,0.413093972,0.231758223,0.4427566413333333,1.5955442490000002,1.8356514516666664,0.2136165076666666,0.7916568933333332,0.0263635453333333,5.254210501666667,0.5108702553333334,0.0601460839999999,0.0699531383333333,0.6343560476666666,1.7566286246666667,1.7626942996666666,0.2081823033333333,0.3409609716666666,1.2607108506666669,0.7432647796666666,0.756225326,0.356348295,0.024188285
0.024264235,0.0351059273333333,9.599236281,0.0,0.0096482483333333,1.078481269,0.0765638873333333,0.0109175296666666,5.268627900666666,0.0089662553333333,0.7097928356666667,0.102502211,1.5286716356666668,7.855528468333333,0.010906901,0.1822698699999999,0.0257965373333333,0.0947666456666666,0.0514816906666666,4.4149512343333335,0.1726224696666666,0.029593357,0.0354592676666666,1.036533346,5.650248534666667,0.0,2.196256628,0.0126330419999999,0.0188875513333333,2.676160315,0.001316507,0.040617424,0.0561106646666666
0.1761280926666666,0.0036389943333333,5.914712384,0.005789282,0.098997646,4.091013157666667,0.0238070623333333,0.007014558,5.076889674666667,0.0217206159999999,0.8788893446666667,0.0053187456666666,0.211021137,5.419607423666666,1.7735709999999998,0.658473437,0.0235670136666666,0.1245450056666666,0.176146469,10.137486963333334,0.1172695076666666,0.0082459826666666,0.1721557396666666,0.0771387543333333,3.5373264263333333,0.0,3.516424472,0.0611087509999999,0.0672768046666666,0.7841460053333332,0.043257962,0.0450868493333333,0.0051389333333333
18.66491921,9.196151682666668,7.860403190666666,4.352374931666667,13.262886276,2.8103215696666664,9.050209684666669,10.773641104333334,3.5487358573333334,6.0523696,11.035166476,10.020947971333332,5.075075533333333,4.788294992666667,11.642394363333333,10.331529794,8.319077717,13.334359337333334,15.725079669333333,6.361481298666667,6.909791984333334,8.714682000333333,13.029320323333332,6.434670203333333,5.253618819666666,6.82674287,8.711431495333334,9.785272576333334,8.402540692,7.042324596666667,12.869808159333331,9.606440290333332,4.661923448666667
9.174658191,5.054470257,10.275743777,2.828658293333333,0.0349799123333333,3.5008503513333333,0.7047667146666666,0.7941571493333334,2.2018670326666667,5.069476036,11.500184274,0.6654531423333333,4.476909940333333,3.8983633196666663,11.558447534666668,13.041887656666669,4.248048193333333,8.218915459333333,0.5030519856666666,3.981219078666667,10.481007997333334,0.471903428,1.1959258216666666,5.627947487999999,4.876077693666667,4.638098609666667,10.631561822333332,1.823261921,19.95570594566667,4.516070568333333,7.303197643333333,2.89754055,0.042444526
0.5331819553333333,1.0975267546666667,0.0629596766666666,0.350896066,0.109543259,0.2140453543333333,0.6617080696666667,0.3919188369999999,0.0664543133333333,0.1111004303333333,6.53493887,0.2267442953333333,3.570489424,0.5637373463333334,7.769677568,6.776479319,2.083629689,6.431550896666667,0.1325801416666666,0.2533925903333333,2.972283682,0.7178953086666667,0.0197435626666666,1.9779461663333333,0.0497919613333333,0.0999334296666666,0.9859993356666666,0.9111014776666666,2.338585943,2.948045786333333,2.182962422333333,0.938347305,1.0787541963333334
7.849342286,4.960365747666667,5.156645389666667,0.4349749806666667,2.210825674666667,4.420273117333333,10.963467505333334,9.545178857333331,0.2727974276666666,6.063506672333333,12.176762764333333,0.2971890416666667,3.24142253,2.4591011666666667,6.987531917666666,7.838692984666667,11.068399258333336,7.898382178333333,8.765820398,10.686878001666663,7.584298141666667,8.020660784999999,12.353899321,3.423681057333333,7.902579801333334,5.375308315000001,5.437832841333333,9.790576075,16.365150102666664,1.841802852,2.0759745943333336,1.8307595456666668,4.711003669999999
0.9084408523333334,7.7401719,0.4732890413333333,0.0146941093333333,0.118629109,0.625052116,0.0546020973333333,0.1908726043333333,3.92852269,0.5916125616666666,0.853150397,2.250231686333333,5.057081642,1.6252766623333332,0.0800795033333333,1.404409178,0.2306897866666667,0.9540894043333332,0.0220540876666666,9.936715631,7.219721470666667,0.0284967026666666,0.1988396666666666,5.506609085333333,3.879363897,4.866880274,0.0786350033333333,0.1788752326666667,0.0354811926666666,4.462844091,0.0089770233333333,2.819618962333333,0.0226908916666666
0.6329182823333334,0.900372934,1.521570784,0.495539948,0.2687155756666666,3.225703892333333,0.525384857,6.808142705333332,2.4137815806666665,0.6906331203333332,0.542485258,1.953184179333333,4.837238819,4.561337759666666,0.4173422043333333,0.6759660736666667,0.2236490816666666,0.0795977893333333,0.173369946,0.1740457653333333,8.448616663333334,1.367588169,0.0262923436666666,0.1118346693333333,0.4838914656666666,2.651715818,0.8262496066666666,0.4256060783333333,0.2209913086666667,3.225823615,2.268978881666667,0.5723318493333334,0.221231272
4.775891591333333,0.0090074983333333,3.2921790163333333,0.0040177593333333,3.3179674366666667,11.13856905,5.846301564,13.438768424,1.0209556626666665,0.088421466,0.0694036676666666,0.6377284049999999,3.279773290666667,3.261953884,0.002255634,0.0146472286666666,0.135892449,0.0236177193333333,1.609215628,0.2117002523333333,7.144997057666667,8.676066995000001,0.0257407739999999,0.1509520803333333,0.1688506573333333,0.0154752066666666,0.299488688,6.183926095666666,0.0167319493333333,2.673992456,0.013464255,1.9948700946666669,10.146106837
0.138843018,0.0055006946666666,0.4644200553333333,0.0170453123333333,0.0310308716666666,1.093291212,0.117390271,0.0218783933333333,0.1097022593333333,0.100364324,0.0807481846666666,2.092306359,1.786092734,1.5245948896666668,0.1395243313333333,0.0516714793333333,0.2088196773333333,0.0351043263333333,0.032128494,0.0,2.355364721,0.0363477126666666,0.0112526396666666,0.070474835,0.000584874,0.0042719229999999,0.9176499453333332,0.1439746656666666,0.056424226,0.8603864006666667,0.083227883,0.5832880853333333,0.1518029546666666
0.184424094,0.0036498156666666,0.1519428233333333,0.0,0.0,0.2149981183333333,0.0828486586666666,0.0,3.750289340333333,0.0008569786666666,0.2440801729999999,0.4501759693333333,1.0729523596666666,0.975568862,0.0069142956666666,0.0510392723333333,0.010906026,0.0297523419999999,0.031723908,0.0018246613333333,1.0626107673333334,0.0101358023333333,0.024202272,0.009832333,0.0443616553333333,0.010286797,0.0136679653333333,0.0481801006666666,0.0007073526666666,0.979566085,0.002484298,0.1789574579999999,0.0373291683333333
0.0957587183333333,0.0007907376666666,0.2291967463333333,0.030624824,0.016980052,0.1885186513333333,0.0462968463333333,0.000926278,3.036614768333333,0.0202145613333333,0.32570602,0.060658414,0.6743171666666666,1.660287632666667,0.060660676,0.201826022,0.1226801329999999,0.085192712,0.0749787626666666,0.0091697903333333,1.3492723143333334,0.0177208056666666,0.0105996276666666,0.1417420646666666,0.0290397026666666,0.0323680363333333,0.2295780763333333,0.1727700783333333,0.0875866926666666,1.509315642,0.0098507626666666,0.0733950503333333,0.017058232
0.0544089876666666,3.767992339,1.2217576563333334,0.0255890556666666,0.086374737,0.1832783196666666,0.0569298056666666,1.148937603,1.4551711106666667,2.891367246,4.618675416333333,0.3201212643333333,1.186220516,2.557652335,0.7296299556666668,4.419909425,5.347881436000001,1.561166783,0.0829597989999999,4.081847158333334,3.6631471103333335,0.0722692519999999,0.0454289786666666,2.602813030333333,1.7038168486666667,1.1275905326666666,2.234068937,0.113135037,1.4142525496666665,1.9981932743333333,1.718198432,0.27430088,0.0
0.1499722883333333,0.4588788793333334,0.5299055643333334,0.0,0.0,0.1259568606666666,0.0008168116666666,0.2047726433333333,2.3658593663333334,0.0783176446666666,0.1709381686666666,0.179807208,1.2571075093333337,2.580762779666667,0.0068050386666666,0.0322152066666666,0.0285657513333333,0.0902134846666666,0.0282688533333333,0.2594467083333333,5.282259692333333,0.0326639733333333,0.0203429856666666,0.8965896853333333,0.5085377963333333,0.0095785119999999,1.3517919213333334,0.060780896,0.015202384,2.188529964,0.0010039246666666,0.1030661569999999,0.082016067
0.224402564,0.0468544336666666,0.3937233056666667,0.9634465826666668,0.076817272,0.642160856,0.0741857363333333,0.038631951,0.8346901263333333,0.3158881713333333,0.2839912786666667,0.1994056603333333,1.0802327966666667,0.918550556,0.0024736983333333,0.0835232993333333,0.006274721,0.0541449093333333,0.0438909843333333,0.472864264,2.755952975,0.0249731986666666,0.0263014596666666,0.0189090843333333,0.0641477846666666,1.1225469823333334,0.8149967290000001,0.152403768,0.0344735713333333,1.0989085939999998,0.554568914,0.6434593226666666,0.058009079
0.6041978723333333,5.965134549999999,7.475791858,4.270428893999999,0.127529165,3.314660842333333,0.0916168443333333,2.680467743666666,3.2448560756666667,4.228796350666666,3.1908381463333337,0.3557897686666667,1.5391599546666666,6.552873560333334,7.600214328333334,16.843283597333333,0.1513915346666667,3.516013186,0.0511533933333333,1.4668831036666663,2.7871292956666665,0.8157927906666668,0.0311565456666666,6.221351407666667,4.467280747666667,1.0427947366666668,7.085332109666667,0.2176278903333333,1.7463339896666668,2.5541281626666668,2.631088075,0.3977643426666666,0.01876239
1.15109574,2.0076850813333333,20.78301985333333,0.0576103213333333,3.616002118666667,9.965632453333331,1.82776822,4.043470469333333,7.643050202333334,2.286213757,2.4769675586666664,2.6288557273333333,4.082432835,11.86575789,4.3804830390000005,1.758246743666667,15.918281559333336,5.789595295666666,6.925879500000001,4.097086823333334,1.4341643766666667,2.7628005430000004,6.690391255333332,2.5593266173333333,1.6006462856666666,1.8896658136666664,12.867556628333332,1.1933016143333337,2.1377747533333333,9.183802609,1.1170483876666666,0.890308985,1.907818224
1.09085093,0.2899879273333333,1.8792952236666665,0.0584233996666666,2.9962353586666666,1.009214231,0.3702121906666666,0.0046735526666666,4.147652339333333,0.118577554,1.315831823,0.3705886443333333,7.626830699333333,1.9785487226666667,0.1993344903333333,0.5853844696666667,6.1003717753333335,0.642857683,6.343112812333334,1.5447909703333336,3.3535493430000005,0.505747832,7.143179325999999,0.4774512053333333,1.3845595846666665,0.015789046,0.703004957,0.0595585703333333,0.3191277136666666,7.421363070999999,0.0954756053333333,0.5529121410000001,0.1567278503333333
0.9443440363333332,0.2480117506666666,2.2310183666666665,0.0,6.7261238573333335,3.566432702666667,4.817681221666667,4.881927002333334,1.7439516696666668,0.000722654,0.4612107016666666,0.0680906803333333,7.793586845333333,4.997527660333334,0.0026114513333333,0.124670924,0.236608534,0.1093397523333333,2.760459289666666,0.6532904623333333,3.6246052686666665,6.636715369333333,1.7386855233333334,2.715544297333333,0.4384509093333333,0.001247634,0.191345659,3.295205209,0.0021901473333333,7.198323270333334,0.001607735,0.0206584723333333,6.415825444333333
0.0194111946666666,0.0016217413333333,0.326756252,0.0,0.03936476,0.5740258933333333,0.0311532766666666,0.0013701926666666,1.169788978,0.00411899,0.3563335466666666,0.4883214986666667,5.051863676666667,2.111156472333333,0.020558609,0.0930905793333333,0.0399949546666666,0.0688118826666666,0.058303625,0.0,0.0518885603333333,0.0161412396666666,0.0313874033333333,0.0015249173333333,0.0024983183333333,0.0026524083333333,0.368230401,0.0590651433333333,0.0179509463333333,3.818777535,0.0001783873333333,0.022221584,0.0544710493333333
2.006000798666667,0.0015639326666666,0.267208729,0.0,2.784488022333333,1.1150273693333337,2.1747946776666667,0.847654115,0.130356306,0.0013872633333333,1.351338263,0.0129293276666666,3.738688202,0.6516093079999999,1.206508194,2.851673535333333,0.0549951196666666,0.7035024136666665,1.443900394,0.0019472503333333,6.448531839,2.520876593,0.102365864,0.014612274,0.033726622,0.0028543143333333,0.544070573,1.253481066,0.018074688,2.449636656,0.0080753066666666,0.217586469,3.5092000690000003
0.7163649773333334,1.047142844,4.611826142999999,0.0,0.0454175446666666,5.550689225333333,0.0363374996666666,0.2708102196666667,1.2474079083333331,0.1393157536666666,5.7526651656666665,0.0424053183333333,1.6417345303333333,4.418834511333333,2.0215379233333333,9.438857635666666,1.540095672333333,4.751442980666667,0.1146776853333333,2.2667654416666667,4.516870414333334,0.016398526,0.2208486956666666,2.801991052,2.235443372,0.1222757306666666,1.4092807256666664,0.2874615653333333,0.0153187156666666,2.295400717,0.0072981213333333,0.3342265433333333,0.0
3.4982268540000003,0.30123042,3.279175962,0.0,1.4146567866666666,3.463879088,0.368984969,14.650086366333332,3.220871021666667,0.0094056146666666,0.5950086303333334,0.0140187813333333,2.653335626666667,3.2768378150000004,0.0130087996666666,0.1667057626666666,0.4492720096666667,0.6352501756666667,0.5910659746666667,4.275574842666667,10.612465433333332,4.366482587,0.271118607,3.2626669566666666,5.520730207,0.0070461216666666,1.003585674,5.074079137666667,0.000563391,3.549591487666666,0.0002989253333333,0.0150300496666666,0.468637198
1.8754878226666667,0.0002595123333333,14.035295710999998,0.0,9.451884665333331,5.9807889056666665,5.796580447,7.728484338333334,4.408879410333333,0.0,2.3781757346666668,0.0496235463333333,2.149373855333333,5.4294417746666666,0.346587393,1.5687100716666669,11.84973409633333,1.859833262,5.937828849333333,0.0045806763333333,4.112125711333333,10.820287085333334,7.368134921,0.001052225,0.0031641446666666,0.0,10.072251778,6.219718247333334,0.000694388,4.187686213,0.0,0.2237210446666666,7.963156173333334
7.103706260666667,0.0007805916666666,2.384759685,1.248005452,8.864710273,8.366226138333333,10.77194558,7.409268296333333,2.800158277,0.028585863,3.335621347,0.058409895,5.039065921333333,7.268466241666668,1.391720984,2.7067449233333334,6.5008643500000005,8.856085210666668,13.450831226666669,0.0,4.732136041,12.765714992333336,11.534393815666666,0.008908862,0.0067600673333333,0.0055727486666666,0.453851956,10.654550525,0.0339998376666666,7.057675290333333,0.3619300493333333,1.3995957929999998,13.634916210999998
1.343915271333333,0.007185988,2.6343939153333333,0.0305169333333333,4.953459368666667,5.765241595333333,5.1885131656666665,5.801549867333335,2.731005495,0.026802656,2.6398106460000004,0.0162262733333333,3.293898272333333,4.063011060666667,0.6234312026666666,1.628588494333333,2.665200433,2.063687701,4.728249577333334,0.0021433046666666,3.401987626,8.693414989666666,3.2049469493333334,0.0154100073333333,0.02001086,0.0005559036666666,0.439315898,3.27704015,0.0154357446666666,5.599330814333334,0.0608484206666666,0.128109635,9.266348443
0.8751864156666667,0.0144763276666666,3.5656234293333333,0.0,4.771990131333333,1.8633965526666667,4.400379438666667,3.938807101666667,1.1112192013333333,0.0014891573333333,0.6543514026666667,0.0057249276666666,3.002085757333333,4.373115492999999,0.0563106593333333,0.3321344616666666,3.8872602733333337,1.0382515226666666,6.337774146000001,0.2336767586666666,2.5332533903333334,4.425824434666667,6.989922902333333,0.0649159483333333,0.4434605279999999,0.0007625133333333,1.6490973960000002,2.6221583143333334,0.0023501036666666,5.075622718666667,0.0068865893333333,0.0389675103333333,4.529849218333333
0.129938949,0.0,1.0986407176666666,0.0,0.0,0.185525983,0.000722321,0.0,1.149566867,0.0,0.0878202956666666,0.0006827956666666,0.6935865046666666,1.4890787933333334,0.011287719,0.0514130226666666,0.0136763916666666,0.0215128793333333,0.0049113546666666,0.0,0.3650793736666666,0.002882052,0.0240300123333333,0.0,0.0,0.0,1.231145097666667,0.0,0.0003990606666666,0.9147110903333332,0.0,0.074026881,0.0211143376666666
0.041973379,1.4072580546666666,16.357906817,0.239640755,0.203946953,4.588650860333334,0.1209045216666666,1.788486272,1.2602074,0.2103613033333333,6.8172465823333335,0.4000333363333333,1.623785807,2.115189291666667,2.566016105666667,5.780719240333333,15.773853028,1.0276168316666667,2.234888635,12.125157729333331,0.7176682736666667,2.609494783333333,5.497887789,2.7755125460000003,8.202253309666666,0.6361980293333334,31.03851359,0.2694527636666666,1.9635124976666667,2.1251490893333336,0.4623721733333333,0.0963927826666666,0.7743828953333334
3.7055291923333336,6.851904579,4.936678816666666,6.090961023000001,5.634860545666666,1.88530796,4.9685381390000005,1.4403778623333332,2.573479123333333,6.642451577333333,14.549150800999998,1.45275392,1.4042047686666663,4.411657830666667,9.995874388666666,12.515041905,14.618727654000002,11.396852481666668,9.533417657666666,15.780405648666669,0.933328268,1.9261629996666667,12.496329875333332,10.084890413333332,13.53460908,4.956717015333333,8.964929206333332,3.445830235666667,13.250442808666667,3.642938324,7.033557096999999,1.6438460216666666,2.3083405506666668
2.1281285803333336,2.824558453333333,0.201343782,1.7728171706666669,2.4907767560000003,2.5171546816666663,3.116911484333333,4.797534695333334,3.251713931,2.635474134333333,0.1542825393333333,0.454788472,3.04042115,3.8099988163333336,0.12832336,0.0712915559999999,0.037988603,0.1571639343333333,1.4072017046666667,0.926911979,3.191456871,5.211727225,0.418494364,2.858696238333333,1.509165256333333,2.660222929,0.047051036,5.182834320333333,0.8957287259999999,4.448822937333333,1.6780636673333331,0.9487396216666668,4.862468043
0.045363876,0.0,0.4559720933333333,0.0,0.0022315553333333,0.1169786503333333,0.0032218193333333,0.7766716643333332,2.37495154,0.0,0.0349323253333333,0.001157478,0.621193423,2.787692733333333,0.0011810363333333,0.0165681036666666,0.000642649,0.00879092,0.0027454709999999,0.0,0.6989027153333334,0.0388262216666666,0.000569811,0.0001485443333333,0.0,0.0,0.0276644626666666,0.1317582086666666,0.0038382693333333,2.398320228333333,0.0049701106666666,0.00228456,0.0
0.0054129343333333,0.0005462126666666,0.1877038403333333,0.0033703693333333,0.0,0.0494513513333333,0.0067371176666666,0.0018543203333333,0.2678012139999999,0.0001729596666666,0.149770475,0.002257352,0.564274021,1.7563753336666668,0.0,0.028611731,0.0040309183333333,0.027748726,0.0012715089999999,0.0,0.0960337396666666,0.0,0.001035412,0.001153772,0.0,0.0,0.003068271,0.0096348723333333,0.0001629853333333,0.9591564123333334,0.0,0.0034794403333333,0.0
0.038872799,0.0,0.0799280653333333,0.0,0.0,0.0023456873333333,0.0048967953333333,0.0,0.5446980413333333,0.0,0.2082937983333333,0.0038363893333333,0.2681301226666666,0.163160001,0.0,0.0336763326666666,0.002457952,0.0441594359999999,0.0082378023333333,0.0,0.0063410623333333,0.0,0.0,0.0,0.0,0.0,0.0002221563333333,0.0,0.000518459,0.5048243846666667,0.0,0.0396331316666666,0.0
0.9915455593333332,0.0,0.2188747743333333,0.188139711,0.009675841,0.00091257,0.0077251843333333,0.014404298,0.7008705753333334,0.0108832473333333,0.1286192226666666,0.0014803043333333,0.3262667733333333,0.0190435073333333,0.0007866773333333,0.021634939,0.0522440813333333,0.021729197,0.1597271023333333,0.0,0.6651230343333333,0.039748573,0.2796310173333333,0.0,0.0,0.0,0.0022767053333333,0.0448569023333333,0.0041805833333333,0.6468059553333333,0.0975787633333333,0.314585813,0.0
0.1191459723333333,0.053225827,1.364071462,0.0671684286666666,0.0603227796666666,0.5420479936666667,0.020153108,0.5056132106666666,1.332234296,0.078321993,5.751029346666667,0.009426018,3.2417860013333333,2.316996715,2.0007537883333333,4.220166953333333,4.098163220333333,2.4214027773333333,0.5725729306666666,0.8124907726666667,0.9437830653333332,0.2912701733333333,1.580123192,0.281264704,1.6749952513333335,0.0011703266666666,3.070420212666667,0.0747402606666666,0.691439483,1.7480426893333334,0.233632608,0.0460457013333333,0.0066316376666666
7.128568436333333,1.911079628,1.675061837,1.7967810966666669,1.2094984526666668,1.7700166270000002,1.9868457023333328,0.7725966663333333,0.267783094,1.1817243919999998,0.0971552056666666,0.5580443629999999,0.156001014,2.223895220333333,1.514673993,0.4980790816666666,0.1701371556666666,1.5505997353333332,1.0803166543333331,3.1304406263333333,1.1869927356666663,0.451109231,0.7243935810000001,2.0350665536666668,2.7370869743333337,1.3300350953333333,1.160899341,3.134587958333334,0.5462299883333334,0.503078162,1.1011291423333334,4.000363667999999,0.1344252523333333
0.5246695576666666,0.0018113543333333,0.0178618266666666,0.0,0.0,0.1136621196666666,0.0985241936666666,0.3768747413333333,0.0012296723333333,0.0101492269999999,0.046308169,0.0026696783333333,0.0352935366666666,0.1110026023333333,0.004686429,0.0339421216666666,0.3035687986666667,0.0891433643333333,0.050174585,0.0016995046666666,0.2992910743333333,0.3636621483333333,0.015336866,0.0002323146666666,0.0018026323333333,0.0,0.0430176923333333,0.3930645476666666,0.0072549203333333,0.135770628,0.0031956576666666,0.1320070036666666,0.107488428
0.0008468573333333,0.0005522869999999,0.7356982993333333,0.0,0.2116371063333333,1.0119996576666666,0.359742191,1.9302649853333331,0.0558106156666666,0.0,0.2058961086666666,2.3758939773333334,0.0072712523333333,1.037120108,0.0198954956666666,0.1174847733333333,0.3619942166666667,0.0366704603333333,0.419657143,0.0048179003333333,0.2902186196666667,1.375694094,0.104508433,0.0023335113333333,0.02402353,0.0,0.1368054396666666,0.1147657686666666,0.0010639333333333,0.1486103693333333,0.0,0.19141842,0.7634074813333332
0.0218678076666666,0.0,0.0900721176666666,0.0,0.1131778973333333,0.1558055143333333,0.036418879,1.173770622,0.0032885413333333,0.0,0.2387509733333333,1.0745654043333333,0.065348791,0.3255411749999999,0.0008293023333333,0.0497497486666666,0.011429663,0.0354218366666666,0.011536499,0.0,0.5707580516666667,0.2469240623333333,0.0,0.0,0.0,0.0,0.006422064,0.0276366473333333,0.0,0.548550609,0.0,0.1730193559999999,0.0044540443333333
0.072149527,0.0021948746666666,1.4040994543333334,0.0,0.117286932,0.7233117426666666,0.0510411219999999,0.3176193306666666,0.0003627523333333,0.0009140709999999,1.5880622336666663,0.0396610146666666,0.0027854233333333,0.0895328983333333,0.0320438683333333,0.529785193,2.229758717333333,0.678927426,1.2543372516666669,0.0,0.054757767,0.277290179,2.2773912226666666,0.0067301103333333,0.002040629,0.0,0.9160517816666666,0.0250214913333333,0.0030873636666666,0.0175544916666666,0.0,0.003430674,0.532665751
0.5018866923333334,0.1543705043333333,2.6431084116666668,0.0138313906666666,0.115561318,0.1864206246666666,0.0858938336666666,0.1712958403333333,0.2145339796666666,0.1274216233333333,8.179686318666667,0.0015227853333333,0.001567888,0.9863401626666666,1.180143409,5.380351165333333,4.873540097333334,3.819065117333333,1.009636195,0.7474049166666666,0.0221660783333333,0.3361694993333333,3.002295225333333,0.4109056113333333,0.3896422183333333,0.0032948313333333,4.207946723333333,0.0657726616666666,1.6025504696666666,0.147353555,0.3751386969999999,0.0543061763333333,0.0
0.3462133623333334,1.3266174656666667,0.0742439186666666,0.6423074346666667,0.3544518476666666,0.0075242543333333,0.3448051226666666,0.0019382023333333,0.0407511406666666,1.9095612333333327,1.925698736,6.59483144,0.0,0.026549706,1.2023970229999998,2.1203340253333334,0.7614019823333334,0.812054447,0.5417052313333334,0.0894041946666666,0.0045931926666666,0.000412086,0.5565168816666667,1.6651856053333336,0.2604715353333333,2.3635724113333336,0.218826511,0.3185632023333333,1.207409330666667,0.014151666,1.3472992456666668,3.543421847,0.0
0.1666346566666667,1.3152719013333334,0.0247939873333333,2.016446038666667,0.0,0.0021481506666666,0.0076194586666666,0.0,0.0607912453333333,1.9797243496666663,0.0995808953333333,6.891686168333334,0.0001122326666666,0.0471701953333333,0.1583638533333333,0.025800318,0.1772790343333333,0.0708854453333333,0.0633237043333333,8.259161124,0.0001650866666666,0.0,0.1906260393333333,2.663796380333333,6.947385863,1.5946999873333334,0.0319248789999999,0.014583984,0.394354515,0.0757580703333333,1.8531551733333331,4.0346599,0.0
1.9802294956666664,6.258196046333333,0.3172795203333333,3.804346522333333,0.003291825,0.0006088926666666,0.183909604,0.040525168,0.13552429,4.283785463,3.131873811,3.507055309333333,0.0012846896666666,0.0939727613333333,3.996279653,4.066052721666666,2.448893608333333,3.47893403,0.2477271016666666,8.362278908333334,0.0076080383333333,0.1343640513333333,0.9359419003333332,6.772412200666667,8.071805524333334,5.914667534,2.7824851056666664,0.4283295393333333,3.7630312003333337,0.0023174776666666,4.132634558666666,2.790044061,0.0
0.391082315,0.1520477143333333,0.133727809,0.8268849296666666,0.320078111,0.0002069366666666,0.133627467,0.0308835293333333,0.0,0.1927017679999999,0.509099546,5.777883662333333,0.0,0.0067889536666666,0.4476029433333333,0.2233225223333333,0.6311206016666667,0.9940784016666666,0.0914268663333333,0.0063729376666666,0.0016103513333333,0.0125979683333333,0.2868135933333333,0.0683706953333333,0.0005386686666666,0.047058275,0.2024470356666666,0.2494105666666667,0.460125974,0.0021439586666666,0.607520458,1.603794684,0.0
0.0380512466666666,8.083215365333333,0.078574456,1.713782958,0.0,0.0059709646666666,0.0012879746666666,0.0,3.950633333333333e-05,7.721768312666668,3.433345897666667,14.913507082333334,9.5516e-05,0.0065166096666666,2.521524158333333,4.136246149333333,1.65923756,2.6249416856666667,0.029420169,1.298724539666667,0.0012310526666666,0.002195261,0.0136330926666666,5.9272448,4.230058948666667,8.124558509,1.262654704,0.0,6.547958897666667,0.0008148143333333,4.274805418333333,4.316665846,0.0
1.6790551666666669,10.962345375,1.2215790533333333,7.609077289333334,5.287462869666666,0.6645663183333334,2.2357447033333333,1.9321447693333331,0.0015311176666666,11.325292657,0.4951822026666667,13.269001796666666,4.9445000000000005e-05,0.0970734446666666,0.1985880846666667,0.2686289616666666,0.6014336370000001,1.290008447,1.5690105563333334,4.631906176666667,0.0889475793333333,3.0512517073333334,0.131616878,10.848200882333332,5.473333899333333,9.094247861,0.649648772,2.3121834433333337,2.5486054966666667,0.003195919,8.482776578333334,5.633328757666667,2.754581943666667
0.3780355073333333,2.6837066516666668,0.1324629563333333,0.1540128473333333,0.514576687,0.062140753,0.2412917806666666,0.2517047003333333,0.0,1.3897386769999998,0.0224488253333333,5.902161446666667,0.0,0.00034036,0.000853156,0.0019859836666666,0.225870412,0.041215348,0.2939611823333333,0.5747725633333333,0.0037372239999999,0.4034834919999999,0.5672576923333333,3.003359735333333,1.4272441240000002,1.500290619,0.0744479453333333,0.5227765206666667,0.7701706083333333,0.0,0.579748329,1.5745270173333334,0.1169384013333333
0.1878121823333333,0.97034375,0.0017676916666666,0.0,0.5269485666666667,0.0512687223333333,0.4154155443333333,0.7052368323333335,0.0,0.41904976,0.0427226576666666,2.206436812,0.0,0.0348704659999999,0.0,0.0050468793333333,0.015982558,0.011979542,0.208796824,0.0271958499999999,0.0384375723333333,0.4487358186666666,0.6197946026666666,1.5528310396666667,0.4587405473333333,0.580896781,0.001057671,0.226126433,0.1393433526666666,0.0,0.075130668,0.261477185,0.1045052736666666
0.1466508093333333,0.0772494873333333,0.0,0.0,0.0,0.004899045,0.0013544103333333,0.5854334196666667,0.00177688,0.0,0.0571949069999999,0.1156679146666666,0.0001817686666666,0.004634416,0.0,0.0097919833333333,0.0002008446666666,0.0102295546666666,0.00215588,0.9290008863333332,0.048584837,0.3328401093333333,0.0,0.3491004233333333,0.6312514233333334,0.0209533446666666,0.0,0.189634747,0.0,0.0003403863333333,0.0,0.012363723,0.0
0.1718309176666666,0.130272054,0.0127874143333333,0.0,0.0,0.249249196,0.0909134689999999,3.125952579,0.0,0.0,0.038729019,0.0069469923333333,0.0,0.155317577,0.0,0.0045621706666666,0.0176238803333333,0.2034918326666666,0.0027026043333333,0.0,0.234614931,2.191888983,0.0005452516666666,0.1223482613333333,0.0,0.0035487383333333,0.0057822986666666,0.7935710189999999,0.0,0.0007722623333333,0.0,0.0016119463333333,0.6541334056666667
0.0684550676666666,1.1927577006666663,0.031238217,0.0,0.03019085,0.1697419823333333,0.0595333483333333,0.8303742596666667,0.0,0.074681549,0.080626515,0.3068189093333333,0.0,0.1184399756666666,0.0,0.013876997,0.0057535536666666,0.0191644243333333,0.042150139,0.4457627206666666,0.1091810633333333,0.7117666956666667,0.147810474,1.997176015,0.6383108766666666,0.351718585,0.006200797,0.2168569956666667,0.002179254,0.002438475,0.0,0.024905653,0.437904145
0.1925907369999999,0.1786799086666667,0.0451324076666666,0.0,1.3989151476666668,0.3229301916666666,1.546296516666667,2.236101430333333,0.0,0.0022542573333333,0.019299704,0.041105705,0.0779698246666666,0.2079121003333333,0.0,0.0,0.007791185,0.034191189,1.194214018,0.0,0.1953859723333333,2.353688277333333,0.4312501473333333,0.1637222166666666,0.000312198,0.0160148636666666,0.0,1.2716111263333334,0.0,0.0762769973333333,0.0,0.0040406113333333,2.2050377556666665
0.0184690683333333,0.0,2.9033333333333332e-05,0.0,0.0,0.0,0.0,0.075928133,0.0,0.0,0.0894386073333333,0.0195690936666666,0.0,0.000453303,0.0,0.0116970673333333,0.0041975423333333,0.0076210676666666,0.0010682253333333,0.0,0.033034507,0.039072851,0.0678852823333333,0.0436266953333333,0.0,0.0,0.0,0.0455684633333333,0.0,0.0020198886666666,0.0,0.0112107453333333,0.0
0.0342216213333333,0.0,0.7618569693333334,0.0,0.3116155263333333,0.4906628646666666,0.1677253833333333,0.1895164886666666,0.0462684413333333,0.0,1.3717786876666669,0.0003920616666666,0.0018468039999999,0.1954986043333333,0.1014590533333333,0.922027997,1.1436012723333333,0.2614038796666666,0.2811838523333333,0.0,0.0196673466666666,0.2284345606666666,0.2431175243333333,0.0,0.0006489076666666,0.0,0.7607645413333333,0.2498763463333333,0.0,0.027400406,0.0,0.0009855973333333,0.4187532986666666
3.3827159596666667,0.1825585253333333,0.5471341386666666,1.1662917853333334,6.3127484523333335,0.64994787,5.101682615333334,0.8420994936666667,0.0330342893333333,0.5805476186666666,0.3234032163333333,0.4434834359999999,0.7888817003333334,0.5193168199999999,0.2976327016666666,0.3352815673333333,0.9941427886666666,1.8859663843333327,4.824527787,0.0,1.5620298870000002,1.911093731,3.2864246896666667,0.3009539526666666,0.0004759706666666,0.3404648013333333,0.0431424613333333,3.023200323333333,0.027893287,0.398039861,0.8462223173333333,3.075641642666666,3.969866827666667
0.6082868803333333,0.0283304316666666,0.0456668393333333,0.0,0.3313866883333333,0.354132638,0.6221296150000001,1.2013793783333335,0.1985011416666666,0.0377961046666666,0.0557000219999999,1.4172564643333334,0.0543489569999999,0.1555137703333333,0.0,0.0082353576666666,0.0005386073333333,0.0301452366666666,0.07227109,0.0,0.6687645313333332,1.400986384,0.0084607086666666,0.1379137903333333,0.0,0.0341811106666666,0.0034799713333333,1.2080772713333332,0.0,0.1457388143333333,0.003788354,0.6666803883333333,1.4422390486666667
1.2256828746666668,0.2949806163333333,0.1374614573333333,0.3445541779999999,1.3326843676666666,0.1119394893333333,1.5314261729999998,0.6773884626666667,0.0489228673333333,0.4122095206666666,0.2323672716666666,0.121895181,0.036066335,0.096323251,0.162584417,0.2455082499999999,0.4264670633333333,0.9999858186666668,1.6318891983333332,0.0,0.4924058476666667,0.6061234303333333,1.995844407,0.2932573216666667,0.0,0.431074189,0.060846224,0.9697792336666669,0.0200380756666666,0.0362878666666666,0.356240008,0.5034426796666667,0.8266796573333334
0.4457785963333333,0.0004529673333333,0.0117885826666666,0.0,0.0,0.0294911676666666,0.2518240963333333,0.5658659469999999,0.002728387,0.0,0.0915465796666666,0.0024005613333333,0.0002628003333333,0.0512131593333333,0.000426577,0.0169380153333333,0.0015760706666666,0.020603805,0.0195606456666666,0.0,0.0255435706666666,0.8701227866666666,0.0036904973333333,0.001933306,0.000214393,0.0040815553333333,8.354e-05,0.802031489,0.0,0.0081796676666666,0.000279712,0.0099049986666666,0.652555037
0.0,0.0,0.0,0.0,0.0,0.00027075,0.0,0.0,0.0,0.0,0.0601746716666666,3.5231850086666667,0.0,0.0,0.0,0.008065697,0.0002712393333333,0.0092581516666666,0.000820284,0.0,0.0001264386666666,0.0,0.0,0.0,0.0,0.0,0.0,0.0,0.0,0.0,0.0,1.0316988323333331,0.0
4.9168e-05,0.9236229583333334,0.011041567,0.334306339,0.0,0.0,0.0073089596666666,0.0066078593333333,0.0,1.348812252,0.2436877276666667,1.698023446,0.000462348,0.002323347,0.0205408353333333,0.0564555186666666,0.1004009406666666,0.029212073,0.0007821436666666,1.004354137,0.0115023796666666,0.0004911753333333,0.0,0.4567257086666667,0.5432373236666667,1.67934148,0.0636308583333333,0.0005923279999999,0.9013033406666668,0.0,0.63069022,0.364259737,0.0
1.6415840363333334,8.324829193666668,0.5676529006666667,2.684326323,1.317646943666667,0.1025790836666666,1.6957569223333333,0.5913295770000001,0.00968233,5.782637399666666,1.4549860546666669,10.041873015333334,0.0001207156666666,0.1541758493333333,2.921484847,1.2490068026666667,3.2046575763333336,2.6292873566666666,2.716592028333333,7.537714430333334,0.0324691496666666,0.8324001593333333,4.946148885333333,10.827365147666669,6.534905646333333,5.6757797210000005,2.137470689,1.095367299,5.071846085,0.0035661073333333,4.150421554666667,2.911797658,0.890087383
0.2418680446666666,0.0060154103333333,0.251818815,0.0019590353333333,1.1905084476666667,0.0130501663333333,0.4299382396666666,0.0,0.0526522693333333,0.0333196993333333,0.3964420076666666,0.1383919966666666,0.000194223,0.0909109796666666,0.0416956153333333,0.2690498973333333,0.5136964026666666,0.4660982026666667,1.2169280763333334,0.0,0.0053720813333333,0.0624198653333333,1.4484294240000002,0.0002666753333333,0.0006386776666666,0.0,0.018987165,0.218752926,0.0015197943333333,0.1182091169999999,0.004296349,0.0638957826666666,0.021528794
0.3282677363333333,0.1156533493333333,0.02548002,0.1849898129999999,0.0,0.0090355133333333,0.885164633,0.015849121,0.1198353589999999,0.3729217629999999,0.6845461963333334,0.057694208,0.0,0.1207168546666666,0.020905849,0.177927613,0.0392902543333333,0.2882218173333333,0.121304073,0.0,0.0036675483333333,0.0532500256666666,0.0160533346666666,0.0105185893333333,0.00098141,0.16262981,0.012247136,0.312247872,0.074171902,0.055968465,0.2974579156666667,0.0375366516666666,0.0
0.3504126073333333,2.3068290326666667,0.001933973,0.088613177,0.078033332,0.0011396853333333,0.2994103953333333,0.0762610943333333,0.002537602,1.3827821413333334,0.0559943633333333,1.2863568909999998,0.0,0.1584852373333333,0.014767006,0.0336950596666666,0.0116424576666666,0.0232045343333333,0.2223115193333333,2.0934133226666667,0.027379027,0.0230873416666666,0.058885503,2.888438749333333,2.219824447,2.3395400276666667,0.010823031,0.1671983473333333,0.221964806,0.0024562476666666,0.333040936,0.5948485606666667,0.0
0.0635076753333333,0.0018061923333333,2.9766666666666667e-05,0.0,0.0,0.0,0.040661891,0.1205439786666666,0.001039557,0.0212899786666666,0.0,0.0021789663333333,0.0,0.0008859446666666,0.0,0.0,0.003052639,0.0064531953333333,0.0014976353333333,0.0,0.0038208393333333,0.0413618056666666,0.016182252,0.0,0.0,0.0,4.688866666666667e-05,0.1082168696666666,0.0001494993333333,9.887033333333334e-05,0.0,0.017341756,0.0
0.032090634,0.0,0.0011439813333333,0.0,0.0075934483333333,0.0,0.0013332686666666,0.0,0.0012338736666666,0.0,0.0,0.0001912549999999,0.0,0.0,0.0,0.0,0.0,0.0,0.0005941126666666,0.0,0.0087704686666666,0.0,0.0,0.0,0.0,0.0,0.0001960153333333,0.0,0.0,5.116133333333333e-05,0.0,0.0025983499999999,0.0
0.1779285069999999,0.000223074,0.010018906,0.0,0.0,0.000302448,0.0792740056666666,0.0,0.0216878546666666,0.037220726,0.0,0.0409246256666666,0.0052371836666666,0.0420464713333333,0.0109986256666666,0.0005030033333333,0.0,0.0,0.0037844543333333,0.0,0.0,0.0,0.0,0.001318328,0.000238293,0.0056179016666666,0.0856403166666666,0.194069483,0.0027162473333333,0.0425022943333333,0.0159253936666666,0.3151487596666666,0.0
0.4365832243333333,0.5753378093333333,0.0,0.562060975,0.0,0.0018007136666666,0.0645114113333333,0.0140843636666666,0.0080060113333333,1.384740194,0.0377399793333333,9.861411276333332,0.0,0.0003751589999999,0.0622969893333333,0.0570857766666666,0.004225313,0.0656317036666666,0.004433834,0.0,0.000993812,0.0,0.000509456,0.5620670353333334,0.0028412533333333,1.765360245,0.006486158,0.115557842,0.1241727206666666,0.0,0.7610623486666667,5.146612760666667,0.0
1.2355226576666667,1.705292544,0.8926909523333332,4.906911554,0.0,0.4774308213333333,0.2478875436666666,0.2491500973333333,0.0987030023333333,2.919363423666667,0.8689088636666668,10.245629232666667,0.1086282473333333,0.3289017936666666,1.8669080356666667,1.0184400913333334,0.8474325116666667,1.3810640486666668,0.0747501103333333,3.5573543,0.0257338356666666,0.1025024043333333,0.093239978,2.0123195353333334,2.5437313230000003,3.267440158333333,1.405158628,0.4457849536666666,1.3087527543333333,0.1886493493333333,3.4963144383333327,6.99828367,0.010701332
1.781072655,5.2931786050000005,0.2027446233333333,10.088575290666666,0.8010115633333333,0.307270123,0.6876350299999999,0.5854736159999999,0.00235449,7.285188846,0.8805132523333333,11.676574955333336,0.0036446073333333,0.3376343156666666,1.7905235709999998,0.9702241596666666,0.3843431383333333,2.172874293,0.4987332266666666,4.300822840666666,0.0279784129999999,0.4864084373333333,0.9343738966666668,5.376845393666667,4.748580325,6.575429936333333,0.3729178286666667,0.8246598430000001,2.563621783333333,0.0280535663333333,7.681792914333333,7.323709694333334,0.3918087983333333
0.7257765566666667,14.536293249333331,1.1867544896666666,2.8228155116666667,3.133996802,0.2495478433333333,3.797553425,1.9037280906666665,0.1638003526666666,9.303011496666668,0.7196861373333333,4.737842316333333,0.028253232,0.5616038233333333,1.7804011636666666,1.0023663213333334,1.5307751346666667,1.4120167566666666,4.5160175486666665,10.450964473333334,0.1078539246666666,1.4735731950000002,3.8807100946666666,12.950442466,10.196151093333334,12.805025629,2.76489922,2.361885897,5.6254380673333335,0.1355309846666666,4.793801958666667,1.548700449,1.4243130516666669
0.2114546103333333,0.0162572026666666,0.079073917,0.0,0.0,0.0832327286666666,0.0101253323333333,0.26680622,0.0,0.0348893006666666,0.0,0.010044804,0.060912157,0.017919278,0.072102156,0.1475702896666666,0.0389345256666666,0.1066172593333333,0.00406411,0.06145737,0.0139197106666666,0.1653920893333333,0.0013580666666666,0.021658983,0.0293242443333333,0.0004270306666666,0.0374889673333333,0.2614745783333334,0.0654404343333333,0.0036682723333333,0.0310894033333333,0.016300577,0.200920407
0.4920491993333333,0.002218562,0.055631977,0.1643237953333333,0.1944863936666666,0.0394930443333333,0.5242982696666666,0.1967010983333333,0.0016721576666666,0.0047473816666666,0.1645429016666666,0.0197569996666666,0.0022380846666666,0.055053777,0.0268795846666666,0.0331490043333333,0.262888543,0.2200880696666666,0.3727274393333333,0.0,0.0206235696666666,0.16967538,0.4116285136666667,0.0134597286666666,0.0009072896666666,0.0,0.0243754866666666,0.3408308133333333,0.0293791603333333,0.0453483166666666,0.1207796023333333,0.28917684,0.068219034
3.18362875,1.435911659,1.5724085913333334,2.820496938,2.1027373943333334,2.151460517,1.954199525,2.585815278666667,0.198652605,1.455994058,2.27809089,0.0770979216666666,1.125645221,1.08284377,2.465142330666667,2.583941395666667,3.114035976666667,3.7431649603333335,2.4211339313333333,1.31200292,0.1637992723333333,3.398532450333333,2.9426876683333334,1.5203002283333331,1.5242979723333334,1.0097790503333333,1.8357704993333328,1.6968513923333333,1.7603932320000002,0.771775255,2.5318658816666666,1.369632748,2.89804678
0.1181728699999999,0.2773499536666666,0.0439968936666666,0.0,0.0220979256666666,0.1224842453333333,0.5054328046666666,0.1207579723333333,0.0316363233333333,0.0967115706666666,1.090532930666667,0.0500621736666666,0.4425429583333333,0.6818628210000001,0.0717943036666666,0.5962130976666666,0.0667779516666666,0.441719564,0.097334429,0.6044025876666667,0.4310779966666667,0.2165769706666666,0.0139132913333333,0.5035918176666666,0.4848224986666666,0.1536292543333333,0.0032707336666666,0.1315351523333333,0.0045612266666666,0.896268445,0.0,0.052143552,0.5177450573333333
1.0861986306666669,0.1987153856666666,0.3064559343333333,0.0194514856666666,0.472211636,0.0760428983333333,0.6916924026666668,0.2132889616666666,0.2626042036666666,0.0546225073333333,0.3059639443333333,0.1448835803333333,0.086945784,0.7696790459999999,0.0984894616666666,0.2115387556666667,0.7457873026666667,0.617158896,1.3717520803333334,0.0,0.112683645,0.060222822,2.396481705,0.191070561,0.0003451676666666,0.0395203753333333,0.1761519809999999,0.3954903006666666,0.0191808663333333,0.2640772836666666,0.0221370746666666,0.3864952633333333,0.2466820796666666
1.1811551726666667,0.0004529336666666,0.085991683,0.0,0.3850393086666666,0.6655194400000001,1.2315310346666666,0.6097432986666667,0.000903691,0.00244478,0.35539866,0.1077199046666666,0.0363692383333333,0.2757304603333333,0.004679852,0.0791140773333333,0.1031024236666666,0.0150397916666666,0.2146745393333333,0.0,0.136716975,1.1840721313333331,0.0028227113333333,0.000390462,0.0002266036666666,0.0017707963333333,0.0333885486666666,0.8775040403333332,0.0,0.2140519653333333,0.0,1.5545165980000002,1.1449762483333334
2.1613590766666664,0.0082128693333333,1.427159191,0.0032699306666666,1.122897372666667,0.7901441133333332,1.97731316,0.787876935,0.1220588983333333,0.0233224883333333,4.099398134666667,0.001019515,0.1525600113333333,1.194836403,0.903098412,2.493326475,4.214602973,5.128246432333333,2.6743119253333334,0.0,0.349056477,1.3814159293333337,2.4992669483333336,0.0088538363333333,0.0023898456666666,0.0009281496666666,0.0621408583333333,0.8402238766666666,0.0120864363333333,0.506776944,0.0460333953333333,0.6337617483333333,1.7147039413333331
1.4459178203333334,0.6056773183333333,0.4374647496666666,1.0560205073333333,0.1739406333333333,0.4198567326666666,0.3921069369999999,1.3959343813333334,0.5004836206666666,1.2195100983333331,0.4402098806666667,0.5135539613333333,0.0700140646666666,1.4830281163333332,0.2016663536666666,0.2185368223333333,1.4889252243333333,1.747677777,0.9109956316666666,0.0,0.3150913626666666,0.8461916236666666,2.811621874333333,0.1900698616666667,0.004888198,1.084571047,0.0104686953333333,0.9201964233333334,0.155380919,0.7585818183333334,0.9964832523333332,1.753440712666667,0.0950986626666666
5.426451565333333,1.325495114,0.5129362193333332,1.332290317,4.547257141333334,1.5579441943333334,6.901172843333334,7.726740219666667,0.0005242053333333,1.4550435843333334,2.106943684,2.643730652,0.6346063236666667,3.624568141333334,0.3338465726666666,1.6660684803333334,1.4104345723333334,3.2138675190000003,4.9918940266666665,0.0069242913333333,2.0114861266666666,5.843220412000001,3.6755833496666663,1.7108704113333333,0.2652857943333333,1.1616725876666667,0.3349444536666666,6.840070909333332,0.3757246496666667,0.924924563,0.738207841,2.000812299666667,5.781090887666667
0.4960982266666667,0.0412368376666666,3.720792490333334,0.5034649046666667,0.067964868,0.010002247,0.005421088,0.044983363,0.2747873839999999,0.2365964543333333,4.829320295,0.173833577,0.1921035963333333,0.3142347923333333,2.6614056683333334,4.026145032666666,3.738544642,1.843882508,1.198191475,0.0023945476666666,0.0295813583333333,0.0,1.5354902513333333,0.1701787726666666,0.037248349,0.001101273,5.65198084,0.0585566256666666,3.726909362,0.323874563,1.0068007053333334,0.3372470489999999,0.0
3.340423373,8.101671968,1.3234068043333334,18.15666308,0.5687319216666666,0.3689146846666666,0.192253916,0.144286859,0.3629286026666666,14.879740463666666,3.956342285666667,11.205471154333331,0.1125752123333333,0.5725918243333333,2.46429872,2.0866255893333334,1.3329189853333334,2.859270496333333,0.913557775,4.468120491,0.0352120736666666,0.1277324023333333,1.3080816156666666,6.074828293666666,5.649698999999999,11.185485098,0.8489895106666666,0.233783811,5.536829558666667,0.2079149573333333,13.877812915666668,9.502295183,0.1479000066666666
0.255077537,13.091137848,2.0371635636666667,10.17822857,0.0,1.0042119956666666,0.0,0.0,1.5414446136666669,7.566514406666667,1.20489777,8.340756573,0.3716505619999999,1.1860088793333334,0.9004648573333333,0.8659424369999998,0.5232127073333334,1.5935284173333333,0.0265160153333333,7.181891513333333,0.0112037783333333,0.001892783,0.3337791866666666,13.397879853,10.306596462333331,11.602338781,0.968452751,0.0150960716666666,1.8584783143333332,0.5099836713333333,7.078616963999999,2.979342608333333,0.0
1.3561878963333331,1.329493686,4.128713338,3.052860734333333,3.719383260666667,2.599326511,3.020091059,0.5281728576666667,0.4053986366666666,1.5658115696666668,6.1590676580000006,26.81336144333333,0.123352961,2.036231622666667,5.248971156666667,5.962689483666666,3.704961912333333,4.564867908666667,3.651686181333333,0.9120072033333332,0.077273631,2.0166031086666667,2.9859512546666664,1.2660592396666666,0.526552085,1.949696141,3.8232748,1.4594725550000005,1.7544190990000004,0.5093585433333333,2.537290886,15.792435956666663,2.6981366616666667
1.148140389,0.01288015,0.6917137383333333,0.0,3.073675582666666,1.869080653,2.800725322666666,2.542682999333333,0.7700887023333333,0.001219966,0.3202927346666667,3.3244542319999995,0.556153655,3.0648346466666667,0.0265263573333333,0.1246917456666666,0.1184339133333333,0.1362174383333333,1.643137365,0.0,0.5062605613333333,2.8653178453333337,0.3818183246666666,0.028688981,0.0010863406666666,0.009499953,0.0445101376666666,2.553428126333333,0.015437153,1.1481310053333331,0.0093082109999999,2.459940457,2.060379424333333
1.218492469,0.0536343226666666,0.1049970873333333,0.1768343213333333,0.4929682083333333,0.3247838309999999,1.3916119143333334,1.8848153306666664,0.1371003123333333,0.231409152,0.122499136,4.005663551,0.125015232,1.2309186433333337,0.1321809013333333,0.0846479163333333,0.1255571653333333,0.1046151363333333,0.432893185,0.0,0.8405250736666666,1.03529652,0.057601075,0.3842313183333334,0.1032429043333333,0.139465299,0.0796097056666666,1.803086102333333,0.1479995736666666,0.7200950326666667,0.2444920163333333,1.8112141946666669,0.6718730793333333
1.844465933666667,11.736737291333334,3.8546563283333337,8.852801111,0.0044694616666666,0.0432304246666666,0.128690039,0.004387365,1.3047493016666667,19.411676002333333,8.807122775,4.71802684,0.6893759863333333,0.1157055513333333,10.306942675333334,8.294911698,5.818614673999999,7.709913584,0.179510264,2.5448087703333333,0.0581444653333333,0.005547353,0.987182345,6.333261279999999,4.740721377666667,14.867008956,9.450188009333331,0.9001199733333333,27.32703882466667,0.280975955,15.487337192333332,5.213633279,0.0058558136666666
3.0396876670000004,18.93299297933333,2.315087398333333,11.351650712,2.60516847,2.6814103866666663,3.887380071666667,3.3189349426666666,0.1449081273333333,17.414213485333335,5.717777912999999,21.81119197,0.1760391,2.2019682806666667,3.769459483333333,4.457940260333333,5.057784624666667,7.281592169333333,4.040477165,7.225891324666666,0.246587007,2.561993800666667,4.533316363,8.965007786,6.005143005333333,15.025270210666667,1.8601857213333333,1.9123363753333331,9.005282312666667,0.377196982,12.331999939333334,13.119484053333332,1.2676633103333332
0.191237171,0.0015180303333333,0.1835247683333333,0.0,0.0048953333333333,0.0397294183333333,0.0109759936666666,0.0,0.1649450273333333,0.0004431176666666,0.0025886536666666,0.029858277,0.013099537,0.2428273463333333,0.0097280193333333,0.0338419166666666,0.0313390043333333,0.0536388136666666,0.0995820473333333,0.008132681,0.0033758553333333,0.0020755376666666,0.204587568,0.00891582,0.0086029553333333,0.0,0.0062639066666666,0.3676328503333333,0.0010126199999999,0.0250159626666666,0.0012441913333333,0.0953077746666666,0.059618041
0.4837652033333333,0.0026800726666666,0.7530516876666667,0.0551131916666666,1.052727466,0.6718926630000001,2.781735396666667,1.9839834563333332,0.0283091853333333,0.0044702563333333,0.0449396106666666,2.480591270333333,0.1855432506666666,0.604239572,0.013096372,0.0677598193333333,0.4850027143333333,0.1244338993333333,1.9406502083333332,0.0,0.0451237463333333,2.6142677116666664,0.9617966763333334,0.0034752526666666,0.0,0.00259796,0.009808167,3.54088836,0.00375788,0.1893195993333333,0.0141705239999999,0.72403555,2.891271349666667
4.882970994666667,5.353184184,1.196292998,9.777822286666668,0.0143151213333333,0.479105339,0.7389192196666667,1.1408581073333333,0.0272259859999999,8.872268720666666,3.39290201,11.424240973000002,0.0358199843333333,0.5398033716666666,1.8272553066666664,2.4580653763333333,2.1704650953333333,3.712438442,0.2934971136666667,0.1582153423333333,1.6777539773333334,0.1982512973333333,1.5917195743333332,2.278529374333333,0.2050315456666666,12.660505656333331,1.1740122243333333,1.1250202973333332,5.496688516333333,0.4020977073333333,8.905892066666667,5.822311725666666,0.0
4.44812792,0.310965702,1.236530144,9.637209940333332,22.031038096666663,3.274406119,13.85760577,2.808640794,0.2071843866666667,1.203103826,1.826345398666667,12.335669449,0.2205474429999999,1.5133787936666667,3.896430002,1.6410662893333334,1.1278934496666666,2.105563529,8.590820903333332,0.1571326056666666,0.427487281,5.284777223333333,4.680850346666666,0.2660730553333333,0.3032599116666666,0.473980645,1.3561214153333332,8.099454538666667,2.467988135333333,0.3471571716666666,7.545057481333333,7.876346769,5.329834146666667
4.781865799,0.004226911,8.306295351333333,0.0445520533333333,0.7460943896666666,7.009951993333334,0.4562743863333333,2.760883039666666,0.0407578833333333,0.6427064843333333,2.200456167,6.361875418666667,0.220175053,4.496156145,1.581319759,3.616319444,1.228891129333333,2.1049047990000003,1.7156340313333331,0.0013496913333333,1.076308593,1.5671209253333334,1.2898311613333335,0.2102184266666666,0.0338259346666666,0.33370017,3.9563604523333336,0.5567530383333333,0.1709356346666666,0.607782188,0.0654922533333333,6.684528323666666,1.32170951
5.129576062,17.333840073333334,7.323781558,9.121992542333333,7.285054701333333,1.8473017903333333,4.982598772,0.8015667383333334,0.860108835,22.729062888,16.48415204133333,8.471207527999999,0.153206794,1.4296219593333337,14.360756254999998,16.487594045333335,10.505716636666667,12.549879918666669,9.178330860333334,3.281221350333333,0.148056488,3.2757045516666667,5.520063040666667,11.481003374333334,4.648726204333333,27.134910644666665,10.347419811333332,3.767193658,20.671619127,0.5227565453333334,14.677399532666668,7.210102356666667,5.433133131666666
0.7357316826666667,0.146632646,0.1823078466666666,0.1190455803333333,1.941088889,0.8896066883333335,1.1846221203333334,0.205672523,0.130158066,0.3103455563333333,0.0,1.8963367956666664,0.3298423766666666,1.237993385,0.1221930873333333,0.28402923,0.0981033193333333,0.6631550743333333,1.5949345423333332,0.0120682829999999,0.0742115786666666,0.3531860353333333,1.9197483813333331,0.0538439736666666,0.0144904993333333,0.2583430693333333,0.0150784669999999,0.4288210943333333,0.0384278473333333,0.6605222983333333,0.2421540949999999,2.3444216756666667,0.3610263303333333
4.846727692666667,0.9149503053333334,0.3917636196666667,0.4725314123333333,1.3175627336666669,1.6563150606666666,4.334235296,4.0664212053333335,0.8033733133333333,0.8677619393333332,2.951738402333333,8.465275083666667,0.924420806,3.7022130656666663,0.5771232353333333,2.1601694966666667,3.3772591313333336,3.4692880956666667,2.692921322666667,0.0292884773333333,1.2443694603333333,2.8761161146666665,3.099997617,1.0136335683333333,0.1614137236666666,0.806236377,0.1346038816666666,3.337278871333333,0.033736091,2.1385952733333333,0.5127062696666667,8.306470838666668,2.4736600396666666
0.3903408983333333,1.961959139,1.52140705,1.1661638676666666,0.0545546543333333,0.7378234153333333,0.0073736953333333,0.0283874703333333,1.3104091093333334,3.8354021583333338,9.043891893,0.027820176,0.763057985,1.4795994093333331,2.6922320873333336,5.165161155666667,6.943271154666667,3.9050998853333336,0.262974233,9.832127421,0.0496641593333333,0.007628909,1.98740693,1.744193485,5.575435722666666,1.1210143423333334,4.104088483666667,0.0475131486666666,6.914305998333333,1.1584506353333337,2.33805092,0.560934612,0.0252830893333333
10.680584582,15.888402682666666,3.0219742136666667,9.651423761333334,5.951339752666667,2.41871517,9.422605401,0.714302273,1.7745702576666669,13.438614715666665,15.466892895666666,25.354876064333336,0.3273445596666666,3.107962389666666,7.336278604,13.499376540999998,11.766367947666666,10.835852495666666,7.099275428666668,22.62287811266667,0.0926150316666666,3.812563968333333,12.069469597999998,10.102564735666666,12.914638189333331,14.225192754333332,10.803505986333334,6.532434362666667,13.981553475666669,0.7358983276666667,10.909766284,14.334488946666667,7.414274077333332
3.326576237,2.787076175,4.623722512,0.773268966,1.5269356973333332,6.665879079000001,1.3310043413333337,3.253145941666667,0.8345910073333332,0.5970637916666667,4.01280861,1.7571189406666667,0.1089725856666666,4.121830502,1.103819637666667,2.5303740633333334,3.498745255333333,4.698128353333334,3.3569007833333337,0.102542257,0.2642954223333333,2.128189030333333,4.336136350666667,2.7123007603333336,0.518119321,1.5190414463333333,2.107131042,3.134910881,0.4784505413333333,0.7178043806666666,1.1873984546666667,2.138369184666667,0.4618635899999999
2.2809570593333333,1.0278353876666666,1.3215604853333334,3.5844646336666663,1.6502038973333335,1.4256005383333334,2.928310904,2.888002160333333,1.2800064103333333,1.3540746323333333,0.9776150703333334,3.70684792,0.29365521,3.7838741263333335,2.60894867,1.8670453213333331,0.7964074023333333,1.5838908073333335,1.5194661086666663,0.0033259323333333,0.4534143466666667,2.5964178493333336,0.7291538163333332,0.9993457173333334,0.0110120246666666,0.7996884706666667,1.0181365273333334,2.1498286446666666,1.5882724366666665,1.2911924623333333,2.564093474,7.387408774666667,1.7838970696666667
0.2240935636666666,0.0,0.0213936073333333,0.015630852,0.005544204,0.051682912,0.011202206,0.0016387126666666,0.092717059,0.0057599603333333,0.0,0.0153040876666666,4.5635817303333335,0.0403509183333333,0.017212095,0.013619793,0.0087232393333333,0.003407967,0.0022845969999999,0.0014935496666666,3.6671717303333335,0.00826961,1.813333333333333e-05,0.0077338733333333,0.0178478003333333,0.0003107996666666,0.0132427323333333,0.3009409426666666,0.0009054583333333,1.1835749313333332,0.0049628876666666,0.0400123833333333,0.0237310386666666
2.3753034626666665,12.029669468999998,0.7449280576666667,7.262679286333334,2.954386705,1.4424980239999998,1.3300692646666668,4.6647328366666665,1.2325068356666666,13.971075724333334,7.3498167866666675,9.316830816,0.4775052046666666,2.352310139666667,3.4842155986666667,4.9424659596666665,2.788160574666667,6.910562141333334,3.555122692,0.1119146196666666,1.141040648,2.539685947666667,7.237553484333333,10.904670955,1.2951531186666667,11.569735434333332,0.902589763,1.022995615,8.666224026666667,1.209388283,11.163471105,5.803063065666667,0.7245287376666667
10.43858282,5.554517417333333,2.5175756540000003,14.022385598333337,3.2222524226666667,3.341771807,11.501739959,5.204077223666666,1.372732478,2.289720012666667,8.380400934666666,12.257680333666668,0.5722097536666667,3.857316858,6.955709171666666,7.526289445666666,3.724229373333333,5.598077254,7.922945824333333,0.0,2.9750350303333337,5.808289871666666,2.901772958,2.029556488,0.034673376,1.3673279416666666,11.2596366,7.560207056666666,4.851363098,2.2487450376666667,8.345760775666667,8.508150634666666,5.329962926
2.341866528666667,5.857026854333333,0.8985994296666666,1.526262921,0.2843422013333333,1.8980673476666663,1.603998031,0.9029466416666666,1.3949382456666666,4.953193626666667,4.901884737666667,8.874600112000001,0.6829173023333333,3.57719539,2.6326800096666667,3.203342799666667,4.332775761333333,4.672572793,1.9239799953333332,1.617161892333333,0.1437997206666666,1.0972470353333332,4.451526699333333,8.653263740333333,3.255383897666667,4.894266464333334,1.858815693333333,1.2227607493333332,3.983238914,1.4858270073333333,2.2233796096666665,7.154148649333333,0.5487213473333333
5.670009617000001,40.851119110000006,3.764094399333333,2.92523096,5.430738844666667,0.1773710546666666,0.6838750063333334,0.2093887743333333,3.6983930420000006,12.989456078333331,10.360229617666668,1.5646853106666665,0.0910588153333333,0.1791433823333333,10.043525735,8.496160458,10.062003268333331,15.837297871666664,6.832569857666667,1.5260059903333334,0.1117852643333333,0.262679098,5.196700736666667,17.636855464333333,3.748335158,8.001674352333334,6.651255474666667,0.738081657,25.98100234933333,0.1939317183333333,8.323688574333334,2.7778579590000003,0.0898482826666666
0.709001133,1.3626436320000002,3.444290187,0.052101988,0.942339639,0.1015162093333333,2.264986975333333,0.0275484173333333,0.8619855003333333,1.3261046333333333,1.137709460333333,0.6683324329999999,0.0262035323333333,0.1780639126666666,0.3109258093333333,0.304367894,4.457091667333334,0.4534786453333333,3.979340385,5.61748665,0.1225061009999999,0.0568070033333333,4.148312321666666,1.9044990773333328,1.689084468,0.5961214533333333,5.778974460333333,0.163599217,1.0256529746666667,0.0482780423333333,0.0923809849999999,0.3160835223333333,0.3379584226666667
6.157125127333333,0.1350341093333333,10.525289182666668,0.1128482423333333,11.254240474333336,4.031395942333333,7.438721394000001,22.987606607,0.2850930906666666,0.0275369103333333,9.488259933333334,0.8959453153333333,0.0356752549999999,2.4380731033333336,1.391711968,6.081733772,14.219287370666668,5.542816214999999,5.358060147,0.0211352173333333,2.169629448666667,12.048244088333332,5.797395750333333,0.190446001,0.2702366386666666,0.0596280993333333,5.052090711333333,11.545047568333333,0.0355194516666666,0.2500821769999999,0.025620067,2.1149781536666663,10.533770549333331
16.168716337666666,0.8660778543333333,7.846276226666667,0.3330092313333333,10.250103942666668,0.9676128113333332,10.367409588666666,3.150525801333333,0.6734335836666667,1.260982404666667,22.383464478,6.476101859666668,0.0534347346666666,1.4380010946666666,14.111515905,18.805496828666666,21.312452426666667,13.16454193,13.682073390666668,14.386064446333334,0.7504562946666667,2.796912358333333,15.304860436666669,4.388322208333334,14.302349863333331,1.3714157336666666,13.905706177333334,8.123323339333334,7.247926412000001,0.5772199486666666,2.9005457746666665,5.542603851333333,3.953663422333333
1.6462407036666666,1.947461314,0.5839030196666667,0.038670465,0.2808470826666666,0.2621848886666666,0.7407781323333333,2.783208639333333,4.168374498333333,0.5502286316666667,1.082221369,10.745693482,1.561967896,2.825768395666667,0.2821118543333333,0.6680970653333334,1.073251533,0.8954106413333335,0.1622372046666666,0.0891388023333333,6.145981553666666,2.382225657,0.266807117,2.171840878333333,0.2532816786666667,0.587585036,0.2158817493333333,2.044837806,0.177743098,3.3067945646666668,0.186122309,4.321961204666667,1.8860499023333333
0.0749970743333333,3.146970772,0.3772906069999999,0.0,0.044011995,0.087716467,0.0377967336666666,0.0569103729999999,4.543343809333334,0.0407729536666666,0.2219861056666666,2.755709431666667,9.455904828333331,1.1131698673333332,4.205897822333333,2.533763733,0.113322755,0.952557329,0.033170533,1.0160402869999998,1.4465354006666666,0.0513412353333333,0.041428782,2.256659308666667,2.831822118666667,0.0922324246666666,1.146009088,0.1971141319999999,0.9805296393333331,5.104424897,1.25323884,1.279520643,0.0303315923333333
3.951381796,0.5253013453333334,0.7744460169999999,6.141788726000001,0.104773924,0.1573234386666666,1.3447360843333334,1.7668326956666665,2.8433229593333333,3.8748915986666654,9.58858366,1.6442790623333334,10.911136003333334,1.8695570606666667,7.767735583333334,6.796711645333335,1.665312936,5.880246016,0.1303058176666666,0.0068207413333333,6.367608413,0.4662245433333332,1.0355252513333333,0.0954742803333333,0.051622748,1.091198355333333,2.2027278536666666,3.149051275333333,0.9194846633333332,6.795421913999999,4.226300958,4.8297547173333335,0.1062336773333333
5.154319628666666,8.205479512,3.844647399333333,8.662096695,8.129962829,3.938770988666666,4.578768478333333,5.335123296,3.9234956256666655,4.260168184333334,26.84955633233333,2.5358754726666666,2.4750351956666665,2.9986579256666666,23.891129301000003,27.582651791333333,13.646404541666667,20.998161125333333,8.013349015666668,1.500715224,2.324810685333333,7.737128762666667,7.829658256666666,4.860326510666666,2.733889157,3.8896351636666666,16.709547729666667,7.538239639333334,15.990920395333331,4.040654651333333,6.153446173666666,3.779590425333333,8.690503039333333
15.48785930933333,13.033008388666666,1.9401889233333331,23.647627727,11.175326416333334,1.143621206,4.699960709333333,1.0907360583333334,2.5932391963333337,25.197263801,12.494248148666664,9.473082386,3.3858949816666666,4.231520381,7.813856773666667,8.770321364333334,17.458343472333333,19.88384692933333,13.864289555999996,24.327680554,8.723224417666666,0.2523571246666666,18.048577617666663,16.615583868333335,45.01388875633334,9.236271138333333,5.509164514666668,5.438913915333333,23.256457593333334,6.730671504666667,24.40436331966667,9.858551853,0.6557680463333333
8.564214083000001,5.131344498,1.9430623373333331,8.331089650666666,8.163965048,2.2289697136666664,7.205226759000001,5.126186564,1.7949984853333334,5.6952710380000005,3.6984680836666666,26.89345755333333,5.033282808333333,2.371461387,1.9701172853333333,2.872295404333333,2.444699199,4.959718211333333,11.088019722,0.0070616779999999,11.733823233333334,6.016794772000001,10.748107897666666,3.5828108726666663,0.0785361796666666,10.311109023666669,0.230355761,4.065268633333333,1.4629059480000002,7.936584063000001,4.806750160333333,18.874873866666665,6.554103942
0.450653602,13.644859466999998,1.878134864,1.1619268696666667,0.017116932,0.3378854,0.3919855643333333,0.0926179996666666,1.2492081406666666,5.996811873333333,0.0,20.98044381333333,2.465458418333333,0.7473382656666666,0.2822983426666666,0.050854049,0.0807629236666666,0.2533040866666666,0.2719397416666666,6.812154254666666,1.2785038653333334,0.0945524416666666,0.2277600696666666,17.036343213333335,8.924167439333333,11.189438565,0.2278498596666666,0.9653669003333332,1.5031246783333332,1.470103906,1.9453200993333333,10.832168454,0.1632811716666666
1.3456529030000002,2.976945675,8.671505795666667,0.1131514443333333,11.239480350666666,6.413138876333334,6.342894915,1.446057358,5.945042998000001,0.2496602233333333,15.273238950666666,0.580558296,0.615618096,7.476594924666667,2.797029579333333,7.254157709,20.70066057933333,6.278291686,10.753100832666668,2.96584269,0.2379973593333333,3.8095524496666666,14.629760867666668,0.282549692,1.6702041773333336,0.7216385433333333,7.064554312666666,2.7257835473333327,2.111978613,2.820041899333333,0.6220421476666667,0.2756285916666667,4.266438958333333
8.698724207333333,14.913070369333331,6.6418640380000005,20.306989397,25.957942494666668,1.4572557663333334,5.068931891333334,1.1403826856666666,6.34591037,26.192493008333333,3.290373479,3.354321963333333,0.9228918453333332,4.691645918,2.423212223333333,3.4312805866666665,4.681108771666667,6.036782369333333,12.670649335,16.315441034333332,1.1151893490000002,3.824549982666667,4.460912570333334,15.594654383,18.338055729666667,7.239304262,4.046027124333333,8.602246426666667,7.706939934333334,4.541417734666667,28.990736591,4.076116246333334,8.149123338999999
8.966940041333332,4.116858607666667,12.220438297,0.3286572476666666,4.729976898666666,4.744809655333333,16.486978643666664,9.712232885333334,3.242934809,2.9439564553333333,27.746834578,1.8606343936666665,5.170212870333333,7.174778414666666,10.086819858666669,22.262664798333333,19.27527371733333,9.675842914666667,13.328368317666666,1.6285142523333331,4.971634339666666,6.923473738999999,20.947473813,8.244731808333333,1.5706376723333335,5.404974239666667,19.70577194033333,14.951070913666667,5.198828373666667,7.242670778666667,0.617946415,2.9565448646666668,9.930943883
11.605101525333334,19.71604183233333,0.303727291,6.728693359666667,0.4340536666666667,0.1650718673333333,2.842989716,2.707407759,3.7467405736666666,16.882285179333334,7.428837610666666,0.3828769373333334,1.7788774256666666,4.040723929333333,3.578428479,4.505410614333333,4.546644939666667,6.963845273333334,2.749046977666667,64.08488310466666,3.601661774,1.0097689056666668,4.936663458666666,7.35205282,29.181508501,12.234593662666668,1.1737788363333337,11.757567381333333,11.407961523333332,6.380156567,8.549997514,2.527973873,0.4230854603333333
9.166475272,6.035994263666666,1.3041091076666669,0.8018442453333333,0.04792423,0.6335879806666668,0.5797261593333333,0.5587515806666666,3.1860496190000003,8.396115391,0.4953644736666667,1.1402502026666668,4.413046719333333,2.967119916333333,0.526164604,1.898125567,1.067482439666667,5.959961781333333,0.316854905,11.806986207666668,5.319295248,0.0126430596666666,0.4593311106666666,2.344259473,4.806566737333333,20.464755562666667,0.9884828726666668,1.2700870946666665,0.9783860383333332,3.2498920813333334,2.4482269873333333,1.187435732,0.016162288
1.6374558546666669,0.309969715,10.319834280333332,4.833888253333334,23.73615137266667,23.087171164,11.224542680666666,18.766319173333333,5.963967371,1.2896997606666667,10.919724350333333,0.7019286290000001,7.627061255666667,17.403566521,11.243878396,11.828487186666669,17.551913744666667,13.545611428,17.406965738666667,0.2553016356666667,3.680960594,12.308813777666666,21.932506449666665,0.7620640653333334,0.1838066706666666,1.7304877606666669,7.568990838333332,7.039919635333334,8.344547039,7.563353960000001,8.584780187333333,1.4326321000000002,10.085816792333334
0.06942122,8.933274869666667,0.3669710273333333,0.0575572453333333,0.0048240843333333,0.4263868276666667,0.0046981559999999,0.0039359246666666,1.3362947873333333,4.187981745333333,0.0,6.063939357333333,5.036259631,0.4353836423333333,0.0736022273333333,0.013850657,0.036854783,0.0141916503333333,0.0638704303333333,22.409544772000004,0.1900482303333333,0.0097857826666666,0.1427438236666666,8.293494658,24.393934962333333,13.074942350333336,0.077962873,0.0544102603333333,1.0926044943333333,0.8338438873333334,0.524328009,2.6258286783333333,0.007759915
13.507254301,12.682138151666663,1.2941779703333334,1.79446879,6.202914151999999,1.2899976913333333,6.025729845000001,5.049107132333333,0.8394823960000001,10.014980387,3.565420270333333,7.786857921333333,2.8464192686666667,1.276869045,2.318680608,3.1934005823333336,3.3382689130000003,5.161480363333333,4.167010357,18.46794354233333,5.074108211666666,5.153849660333333,5.823395181,17.124444669666666,17.678806057666666,12.129260378333331,1.8055005573333336,10.151536477,11.309863835333331,1.4501992253333336,4.511718158333333,8.166307852000001,4.343415758
4.600855086,18.804542626333333,2.598907440666667,7.058367207333333,25.85475329,2.2483398943333333,8.892099845333332,1.040198638,2.1261546656666668,21.211541592,2.006940647,13.895923606666663,4.517531358333334,1.8760729596666668,5.068850335333333,1.6496795426666668,3.0357295646666667,2.6759825040000003,13.537843060333335,5.785488177666667,4.838005419666667,3.753358174666667,10.912111286333332,9.105943359666666,5.513031704666666,20.01771919033333,3.5202144446666668,4.2872976246666665,11.216388621,3.310823008333333,13.543519475333332,6.084531796333333,13.32668356
10.023799200333334,2.366240105666667,4.396862232666667,15.294453247666668,10.828521520333332,16.332608768666667,9.337585092333333,21.72832109333333,5.132252158666666,1.1201635046666667,8.948673567333334,3.754631827666667,5.3220004906666665,11.155905474666667,13.473117012,33.472775678666665,6.034345735,21.98457923566667,9.764152336666667,6.904171602333332,5.468680959666667,24.643133687,9.152532778666666,3.706067177333333,1.9258298166666667,2.0204047823333333,2.573977788333333,6.948761018,2.7446162970000003,8.799771835333333,11.94007233,6.9592371303333325,13.231515300333331
8.347953702,10.597075032333334,19.196721346333334,2.660894886,35.887026217,20.563934920666668,23.70665572533333,13.225073869333334,1.424681918,7.395747514333333,1.9885297313333328,6.849200100666667,5.614247464333334,4.465516165333333,1.1277990456666669,1.2309550683333332,4.617921237666667,1.691126393,8.304983101666666,4.411773291333334,10.418158681666666,31.159262452000004,2.4212917160000003,4.240343157333334,4.267750995333333,7.631652956,10.299742461,24.65818076933333,4.9075631390000005,5.4717956590000005,5.837317801333334,1.989716462,27.460481588000004
6.626612025666667,15.92117723,2.126886371,12.534953057666668,8.188803814,4.960546251666667,9.484365075333336,4.785538926,5.041910545,5.658107674,5.443859087,8.806747563333333,4.129058276333333,3.345763584666667,14.955331003666666,11.669461991666669,4.549048300333333,10.001927073,3.545187599333333,2.9555516093333334,9.443753583666666,4.777031776,1.6184105679999998,5.546653197666667,3.479465533666666,6.715225279666666,3.6187344216666673,5.740337524333333,7.699850132333334,6.025313255666667,12.427866162333332,7.142297567,3.698287625666667
11.633179354666666,0.0100381956666666,3.87844753,0.8777220346666667,2.5036082463333336,4.543426031,4.865203560333334,12.325292199333331,3.6998510256666655,0.0374722533333333,0.0238902569999999,0.1253633313333333,6.615532947333333,2.40263708,0.033208636,0.1574071689999999,1.4705706256666666,0.6747787463333333,3.876894516666667,0.0024267963333333,9.427515193666666,6.408497806,2.353819962,0.0426696286666666,0.013081121,0.0335368513333333,0.4960520153333334,7.663369981666666,0.063351424,3.3732490196666665,0.166033543,3.249988454666667,1.2638919763333332
6.683781398333333,6.701600973000001,4.491651778333334,1.5643090123333334,4.027784101666667,8.264885350333333,10.397284873333334,10.301361359,3.0305072326666664,3.579064585333333,3.343061871,2.163644546,11.40531531,7.040763517333335,1.865270182,4.364952695333333,5.945670914,1.58100885,10.068093675666669,2.5279122133333334,10.537892464333334,13.447440580666669,7.081836796,1.679870875,0.740956722,9.164177977333331,8.157098694,5.202869570333333,0.9126979136666667,7.368203752666666,1.6770779823333335,2.7608756473333336,11.282320635333337
2.732048943,0.069578141,2.0119819983333334,0.1157882599999999,0.7320606813333334,1.960655984666667,0.7813359933333334,0.183371168,4.220036580666666,1.614584549,10.493675043333337,7.747952403333334,2.2081465346666667,6.4317947470000005,1.2267015103333334,9.180631732,7.329374464333333,4.405139653666667,0.286499012,0.0019351853333333,4.371509710000001,0.0508648943333333,0.9918074753333332,0.2409948143333333,0.0026950636666666,0.0737985313333333,1.841254404,2.5940520566666665,0.5879003256666667,3.7876066956666654,0.4376459323333333,4.129612591666667,0.1256331656666666
3.7696739506666663,5.049704424666667,5.28060912,1.6956636799999998,1.4993914993333333,14.772514736,0.9773771393333334,2.3636476446666665,2.4160949866666663,4.393147730666667,7.701394151333333,5.943641323333334,5.256003441333333,10.26849317,7.284884609333333,19.022009603,4.891626910666667,16.25046310233333,2.775300263666667,0.6422192643333333,9.227203,4.571881389666666,3.2447256386666665,3.2678182213333336,3.948573568,4.786184148333333,2.4806697863333333,1.6102150816666665,1.1235372693333334,4.551791178666667,4.875473762333334,3.866111615,1.932468775
2.444676486333333,3.714709032333333,0.129076176,0.7695590573333333,0.0496460573333333,0.1968016346666666,0.2512577873333333,0.0,8.210744805333333,1.1980954496666667,0.0,5.080268184,0.7447967173333333,2.059827303,0.0112645086666666,0.0009812706666666,0.0294023946666666,0.0,0.0678996216666666,5.799991528333333,0.5907349606666666,0.0162389126666666,0.0154644273333333,5.911927803666667,6.736251797666667,3.522885831,0.0192425806666666,0.5095940963333333,0.5240449263333334,3.0294884213333333,2.001296443333333,4.207542513,0.0
1.666270617,3.217268231333333,1.0248696496666667,0.0,1.4718734459999998,0.0470792723333333,2.624088505,2.630813734,3.327488084333333,0.6025265383333334,1.9063198213333332,1.489008625,3.9552565596666662,7.657297941,0.463336403,1.4662668216666666,2.2232071986666666,1.275725002,2.955447635666667,0.8486608756666666,8.398818712,0.653231246,3.264510875333334,2.30665598,4.051667090666666,1.222613224,1.805431203,2.401767613333333,0.0068478173333333,6.560556393,0.004804101,1.3574246399999998,5.242900433
3.970298319333333,15.695418238000002,2.696606796,8.370560219666666,1.470900737,4.689963005333333,5.7390022400000005,2.8052782596666668,1.1508158326666666,7.842043145000001,6.284158075333333,10.266971988,9.183048684666666,5.005897937333334,3.5876095583333334,3.715276653,10.451104483333332,4.767039487,6.909235743666667,11.290925355,7.323842745999999,5.014812600666667,5.629800553333333,9.147379594333334,14.999174996666667,11.551525774,9.316099724333332,1.2301194636666668,10.407928023333334,7.700771855666666,6.997479762666667,6.403901865333334,3.573259524
4.645090970000001,0.1710559116666666,8.797451661666665,0.005351516,11.665000900333332,8.729134966666665,7.680377371333333,18.217956114666663,3.564422190333333,0.0234861653333333,0.5672711346666667,3.391859038333333,8.876729548,6.057377362,0.8150822913333333,0.639215667,1.9984617203333328,0.0411600986666666,4.9642683383333335,0.0261416203333333,8.416878647333334,9.844883779333331,2.710014759333333,0.1019096506666666,0.1145768563333333,0.0338183093333333,3.582681306,7.256297114666666,0.0880320536666666,5.200981735,0.0210612596666666,2.487684758,10.920904689
10.627720967333332,17.43506714833333,12.171086620333334,8.577796832333334,5.822531392666666,6.972444497000001,3.109815285,2.829116578666667,1.775927157,10.150702366666666,34.746705043,9.746232344,6.076364267333333,5.687899695,31.92410635333333,33.940547422,22.708684118666667,29.428609616333333,11.195514893666669,24.14558136333333,4.774037495333334,5.780094864333333,12.436484932666668,11.973458964666667,15.590657561666667,22.00153097,26.004494519666668,2.9795527626666662,17.875419072000003,6.906424435333334,7.243479431666667,12.262123166333334,3.377550660666667
0.3062782356666667,2.5324066063333333,0.3216039753333333,0.0,0.852464409,1.590188714666667,1.010704045,3.598539799333333,3.9217299776666663,0.0965712476666666,0.0,2.292709808333333,7.459049440333334,2.8883837053333337,0.010843416,0.070375961,0.0175584206666666,0.0131400786666666,0.5063204423333333,0.0521307363333333,0.9669032726666668,2.8634690053333336,0.077190556,6.659770797333333,0.7649814510000001,0.3307825883333333,0.011578376,2.7138134963333336,0.0386326856666666,5.341692030666667,0.0171290163333333,0.2296360753333333,0.522509837
0.0508323253333333,0.4418814866666667,0.9481590396666668,0.471761488,0.0,0.8997975893333333,0.0028535153333333,0.4847149556666666,0.540999239,4.149362141,0.0,0.624613781,5.352295012666667,3.228791373,0.0138147286666666,0.0792566343333333,0.0010064013333333,0.028767701,0.0232346246666666,0.0,1.961454611666667,0.4269089553333333,0.0207363583333333,0.1702625093333333,0.0254321843333333,2.673106388333333,0.0221495426666666,0.395216128,0.1139190136666666,3.697062001,0.869226121,2.173414097,0.0
0.151047797,1.212344317,0.1418723146666667,0.2316781213333333,0.3829601519999999,0.2102330153333333,0.00466957,0.0,2.636519196333333,1.63499776,0.0,2.326407344333333,0.218890066,0.533046295,0.0171541533333333,0.095262061,0.0448518416666666,0.0244867173333333,0.004713196,0.007476298,0.0641089083333333,0.0024679759999999,0.0275243233333333,2.480396808,1.3333309806666669,0.2496085483333333,0.0060513226666666,0.0877316623333333,0.6397388350000001,0.469043161,0.1984003886666666,1.1429793523333334,0.0236511346666666
0.6867016996666667,0.011969223,2.923535832,0.0,0.0,0.9196096886666666,0.0223132426666666,0.005033286,2.028635899,0.4246693176666666,0.2504428223333333,1.397667854,0.8206254246666665,2.236236328,0.3949963456666667,1.3737304406666666,0.1762256253333333,0.0981721689999999,0.0058004133333333,0.0,3.2417261576666667,0.0221026906666666,0.0096988393333333,0.0074282346666666,0.0067733346666666,0.082633841,0.9983893603333334,0.0235412516666666,0.406341853,1.6349844893333334,0.0462247733333333,1.81069089,0.0560747343333333
7.272065209666668,1.056032088,15.575579208333332,5.820246632,33.776537080333334,16.543722639333332,15.30749107,4.248709127666666,2.744676472,6.843943914333333,25.16696595433333,1.7897218233333334,5.568743196333333,13.620386964,13.823125598333334,19.697791195666667,14.771596145333334,16.011185833333332,23.020304648000003,5.329519823333333,6.288972993000001,7.808494003,22.217909406666667,4.819664145666667,4.2206385546666665,0.9325731966666668,11.982412249333334,9.077337269666666,11.377236707,8.394262033333334,5.403668782666667,4.909007213333333,15.197376106666669
0.7923160123333334,12.614617837,0.1797539246666666,2.111167158,0.374184065,0.0982346083333333,1.0079523253333331,0.0399536736666666,0.101645154,8.803602879000001,0.0458265836666666,19.75188151,2.0834832503333334,0.1796298926666666,1.2697203333333331,0.7094654586666667,0.082675958,0.9282917206666668,0.6043375316666667,17.95601478833333,0.510280669,0.0327680396666666,0.134912418,14.034101037,9.528298639,7.981574615333333,0.2723263763333333,0.35141134,4.6602920443333335,0.2066365426666666,2.967423961333333,6.150920761666666,0.0061769476666666
0.0142754373333333,0.058786354,4.205949758333333,0.0050871743333333,0.033157169,2.206360193666667,0.0047100336666666,0.027500049,2.739216421666667,0.000497055,1.3944926903333332,1.076812157,1.286630179,3.5179273703333336,1.6365695943333334,0.772057014,2.5744118786666665,0.0304475963333333,0.027837267,0.966717919,0.178506367,0.0166031983333333,0.056868748,1.1171190816666667,0.9353508266666668,0.0101910326666666,6.983034018666667,0.0862149669999999,0.1695059213333333,2.291553325666667,0.5526810593333333,0.1158547706666666,0.0
16.41077886533333,20.769621047666668,10.213378563666668,7.942084014666666,23.12307245,3.056133138,19.99575576633333,7.227587659333333,2.8620276399999995,9.164780738666666,32.28183745133334,1.8975850703333332,1.588347462,5.911109830333333,16.112243209666666,23.58674767933333,27.85790984966667,30.92598328433333,12.956901648666667,12.131312830333336,3.9580134883333336,7.875398250333333,19.452563495666663,15.411580356,11.352163687333332,3.3251087310000003,19.391647745,11.888908253333334,22.608626593333337,4.080615040666667,9.522250967,4.961766137,7.427214996333333
4.437300579333333,2.549133404,5.522791613333332,2.1649883096666667,10.605819226666666,2.5780211603333334,7.300080326666666,1.732680856,3.1626991926666665,2.034752388333333,56.480580931,0.3986691223333333,0.9593426936666668,4.560363748333333,12.725927814333334,32.92204532833333,38.34229920333333,23.306418526,13.584588931666666,1.4566092333333334,0.4925932046666666,4.177614231666667,22.509760245666666,5.647476553333333,5.080778722666667,1.4012248466666666,14.653804292333334,2.8344817236666664,5.934783473,3.079967475333333,1.479239346666667,1.9906156583333332,6.025485564
0.7691284236666668,0.0824283069999999,6.373901377,0.1443781563333333,3.0475263626666664,0.8121189063333333,2.550729762,1.0948459673333335,1.9727375786666668,0.015116679,1.090954515,1.329740724,1.677752132333333,3.649860012,0.0565639706666666,0.2988964603333333,2.4775674023333334,0.1749041773333333,3.209045890333333,0.0161793853333333,0.5976197086666667,2.053871758333333,2.1963950696666665,0.21918654,0.0035404153333333,0.0029628569999999,9.094295071333333,1.46259246,0.068257145,2.5241580383333333,0.11318384,0.4183095063333333,3.3584958976666663
5.069702143333333,2.027096686,2.76900467,0.4282424216666666,0.3666147666666666,0.4480516913333333,1.3839919223333332,0.456951896,0.841523955,0.3009752116666667,16.841192979,1.4255103673333334,2.2422351196666668,2.1436910616666665,3.170442159666667,8.017173141999999,14.291406363,7.973422937333333,2.244030478,1.7931265606666666,2.0667360886666666,0.4017082553333333,8.406312141333332,4.244507422666667,4.041233654333333,0.2852462996666666,9.858464774,0.7605205920000001,1.3520541826666663,1.3234258586666667,0.6908496306666666,1.888725158333333,0.5034908243333334
2.346253081,1.990827193,2.7187885153333333,3.3778776083333333,3.952709419,0.3293490076666667,3.8232791046666654,0.8242301593333333,1.6593585866666667,2.227341346333333,18.160827512,0.544825097,0.4961123243333333,2.667922385,9.109108138,12.854714797333337,15.558214724666668,12.176910843333332,8.056720192666667,1.5399043013333331,0.2020637903333333,0.755847853,11.099597294333334,2.891806528,2.6433466216666663,0.9805232753333332,12.394075010333331,0.972457556,10.708482623333332,1.156212098,5.15419182,2.1134295533333334,0.6768943203333334
10.799521346333334,0.044256254,8.105081737666666,1.2794200876666668,18.520654176666667,5.166548317999999,15.468261225,5.721679468333332,5.602935052333334,0.2935654183333333,23.587155426666666,0.162219537,1.5101589703333334,5.220611127,7.529209607999999,16.97647448,15.929789978333334,13.720864955666665,16.366819198666665,0.1271634303333333,1.8454378596666663,9.216085373333334,13.279363065333332,0.0708772036666666,0.0200675843333333,0.05112397,9.943369525333331,9.849090118,1.285168714,3.3320912013333337,1.799245429,1.3110281073333334,12.457039290000004
2.2354501323333333,3.8675176086666663,1.307831962,0.9164859633333332,5.232876997666667,3.229983058666667,4.715332837666666,4.520556921,0.7378661116666668,2.6082585046666664,0.4014256553333333,2.673622964333333,7.283755468,3.995036173666667,0.7143503583333333,0.5785020056666667,0.6959655716666666,1.127731619,3.408804988,2.787679755,6.045082312666668,5.835443067,2.305250497333333,4.544558390333333,3.467108334,2.885093462666667,0.1736129536666666,3.6002624616666665,1.722163139,6.695587619666667,1.7691339866666669,1.402506411,5.481622266
2.172065297333333,0.1037700016666666,4.327022864,0.065600559,1.5466873823333334,4.200034913666666,3.040812722666667,4.999352762,2.3701760490000003,0.120349076,1.8606743116666664,1.1693609336666666,3.2180271706666663,2.815692413666666,0.508265295,1.5208464143333331,1.8442407780000003,1.7147799863333333,2.012723917,0.0151678816666666,5.420779841000001,6.520275427666667,1.702812465,0.085537853,0.032936357,0.028430754,1.3906631066666666,3.600864472,0.121790367,3.3784113896666668,0.1350878429999999,1.1723494423333334,9.314366891
2.886696466333333,0.033864604,0.261199653,0.064197616,1.9202914783333331,1.093905971,2.9353784846666664,1.8545635006666668,0.0418095513333333,0.0749825293333333,0.656306642,0.0165066776666666,0.3158468363333333,1.4984918123333333,0.0027135406666666,0.0697774966666666,0.020718809,0.0338631096666666,1.304255094666667,0.0566397323333333,5.227040671,2.427837955,0.1554919656666666,0.0281255766666666,0.0201571706666666,0.0052788523333333,0.0414664536666666,3.1618381233333337,0.0224555203333333,1.831738085,0.0225314336666666,0.4341835166666667,2.9610985456666667
0.0019255376666666,0.0057490333333333,2.986635613,0.0,0.0,1.04170753,0.000221321,0.0954501259999999,0.8961888046666666,0.0002234986666666,0.8341154513333334,0.0113579923333333,0.004360187,1.006234626,0.0297351553333333,0.3025185133333333,0.121756613,0.0084060953333333,0.0004702473333333,0.0017652486666666,0.4494878516666667,0.155748092,0.0,0.005604358,0.007460772,0.004005384,3.2388431260000003,0.0088943256666666,0.0028672966666666,0.7660266383333333,0.0001443533333333,0.0103750043333333,0.034284801
0.5678536906666667,0.9022897693333332,2.775451883,0.1401263263333333,2.3403247163333334,0.773524553,2.0595419466666667,0.9181296803333332,0.6647142826666667,0.4855721943333333,9.152068509666666,7.078611304,0.1228940983333333,1.356165016,1.4970194563333334,5.453204768333333,9.298531939333332,3.4289302960000003,2.263494006333333,3.6471328876666655,0.081996265,1.7681646266666666,3.566071236333334,1.3835012113333331,2.4523852923333336,0.806425933,6.841102133,0.9637867446666668,1.219973202,0.5113584283333333,0.307105196,3.603154958,1.9661755913333328
0.080686377,0.0024392146666666,0.0271594293333333,0.0,0.107106776,0.0030144466666666,0.138199897,0.0163338863333333,0.555338356,0.0022260586666666,0.0,0.0532306923333333,0.010963408,0.018824762,0.0010355096666666,0.012832041,0.0208125396666666,0.0121266126666666,0.1684887906666666,0.0,0.053617645,0.0155213306666666,0.2219432203333333,0.0012398613333333,0.00106143,0.0051870113333333,0.000135782,0.1115844006666666,0.0002283816666666,0.128478336,0.0006925526666666,0.0046677253333333,0.0030607753333333
9.587927010333331,0.003294698,2.032266111333333,6.303387380333334,18.110155944666666,5.192960534,14.519034393333332,3.970999165333333,0.238971773,0.1970119173333333,9.852221404,4.5204258206666665,1.9040236426666668,2.8978193980000007,5.056408401333333,8.368734982666668,9.949831234,13.852684762666668,14.054823026666668,0.0,1.984079629,8.456138404333332,11.332485866333334,0.0085783103333333,0.0086394903333333,0.0096143533333333,0.4256093063333333,4.212468221333333,0.030719942,1.980567064,1.828600768,10.636592084,10.898714281666669
0.8204876529999999,0.4456669463333333,0.016495865,0.0097841506666666,0.0226066386666666,0.056467054,0.259298839,0.7786360823333335,0.0154677736666666,0.0483938876666666,0.01916685,0.4898222173333333,0.170486231,0.2584580696666667,0.002902988,0.0041295973333333,0.003326661,0.0,0.0331403323333333,0.0,0.374049718,0.3077122309999999,0.0,0.0297221713333333,0.0,0.0581522033333333,0.002335013,0.2796635733333333,0.0001107649999999,0.4121443323333333,0.0066096236666666,0.1559788436666666,0.1364656483333333
0.0016000493333333,0.0093285873333333,0.176082755,0.0,0.5078348506666667,0.430957479,0.0260663806666666,0.0,0.0631719833333333,0.001242748,0.0,0.0013390666666666,0.0056511636666666,0.529433584,0.0145156793333333,0.014016921,0.0,0.0058859836666666,0.0800696769999999,0.0,0.0058918943333333,0.0114661063333333,0.0057696676666666,0.0004427763333333,0.0,0.0,0.0194919936666666,0.0,0.0122077826666666,0.035080002,0.0,0.000182982,0.0
2.2740022926666668,4.777985934666667,1.7716014306666663,5.678805401999999,5.361257048,0.1999268563333333,2.374700766666667,0.0115628326666666,0.4305673126666667,5.767935693000001,26.052441667,0.4239975436666667,0.1208076776666666,0.8347737696666666,9.016189853666669,15.813913793333334,16.405680755333332,15.486635303666668,7.427658434333334,4.6815403946666665,0.0152634643333333,0.4926102346666667,9.380614633,4.700484162666666,3.777219923666667,1.516255124,8.102369233333333,0.2185385433333333,12.310700449666667,0.4486548523333333,8.843483007333333,3.3178091339999995,0.6831583853333334
0.0622005726666666,0.7232717776666666,0.031501963,2.331548337333333,0.0018688336666666,0.0073763686666666,0.0419760103333333,0.0454755173333333,0.001490768,0.8955483676666667,1.1492751513333337,7.078870048333333,0.0027439943333333,0.3502262909999999,0.0764724246666666,0.3420647173333333,0.2701519453333333,0.065822256,0.0385884646666666,0.0862785826666666,0.4040114806666666,0.0197874836666666,0.017669384,0.5275165039999999,0.0892314216666666,1.5383226746666665,0.1274896606666666,0.0237868063333333,0.1115449143333333,0.311190123,1.314439736333333,2.520876252666667,0.024224489
5.214776188,5.700426883333333,0.6779599099999999,5.696589299666667,0.2271393323333333,0.8516083930000001,1.749258234,0.0023236646666666,0.0102936703333333,7.296998490666667,8.257278922666666,15.61163859,0.010805871,0.7489368066666667,3.3338228226666664,5.750687815333333,3.979535105,3.71016696,0.6950082859999999,0.9867011016666666,0.0308399553333333,0.0929593509999999,2.3693492416666664,4.518269314666667,1.5420194743333333,7.954778123666666,2.2229754086666667,0.939612361,5.413598986666667,0.027683034,8.214715740333334,14.396979523333334,0.0
1.6435841086666665,0.69753446,2.921553164666667,0.326608703,7.412958513333333,5.465018188666666,2.219081356333333,2.197489385,0.0217452686666666,0.6155743046666666,0.6581775243333333,0.6577994143333333,0.0002736836666666,2.560711615,0.1526265543333333,0.297919402,1.1050820346666663,0.6026696263333333,3.315088316666667,1.031726682,0.4133284506666666,3.5974145126666666,1.8301181356666667,1.078494175,0.9280519233333332,0.1614595516666666,0.1089644293333333,1.3513748386666666,0.528989835,0.066965431,0.704666927,3.6184075623333336,2.5787622873333333
0.4112050883333333,2.597517261333333,0.1120765329999999,0.970515102,0.041576234,0.0536734603333333,0.7451811776666667,1.568932252,0.0,1.704904801,0.7905228333333333,2.469032013666667,0.20700602,0.1157203456666666,0.6679867113333332,0.7061209273333334,0.3194198116666666,0.8213996490000001,0.1220805763333333,1.43735095,0.222866486,0.9444365743333332,0.2503165483333333,2.470450591333333,1.917965945,1.8024068906666664,0.1381111273333333,0.9729627983333332,1.5531663446666666,0.001524198,1.117721276,1.546762611,0.311260999
0.1332682833333333,0.0,0.0001572283333333,0.0,0.0,0.006954674,0.0011047816666666,1.0199450213333334,0.002798322,0.0,0.0,0.000752383,3.523308177333333,0.1083247576666666,0.0,0.0,0.000382472,0.0006544353333333,0.001870632,0.0,1.958049604,0.1573381963333333,0.0036807873333333,0.0,0.0,0.0,0.0,0.3949537716666667,0.0,0.803441764,0.0,7.3284e-05,0.0
0.028683548,0.0,0.0002384559999999,0.0,0.0,0.0,0.0409873373333333,0.1084977743333333,0.0088554196666666,0.0,0.0,0.001232387,0.0684663926666666,0.009946057,0.0,0.0,0.0,0.0,0.003985602,0.0,0.0465764693333333,0.0024676013333333,0.0012360466666666,0.000317333,0.0,0.0,7.589733333333333e-05,0.051988972,0.0,0.1863377343333333,0.0,0.000939212,0.0
1.1908074056666669,0.02139288,0.8699049526666666,1.431503102333333,0.3509061713333333,0.144807484,0.2979007076666666,0.605136397,8.213433333333334e-05,0.3573291606666666,4.554175734333334,0.0111482963333333,0.000475108,0.104650628,2.3322577353333336,3.0099585399999995,3.6628704633333338,2.8620495286666667,0.6708743953333333,0.0034624813333333,0.044324845,0.5683428789999999,1.1692790576666667,0.0521786553333333,0.0652870333333333,0.001940849,1.0733243273333335,0.315450716,1.314533566,0.000671777,1.5281988560000002,0.2903288603333333,0.1966252576666667
0.006386744,0.0002908383333333,0.0004817546666666,0.0,0.0,0.0014065496666666,0.0,0.0046261316666666,0.0858149506666666,0.0005692493333333,0.0,0.001227258,0.0,0.0196435203333333,0.0010537773333333,0.0,0.0003904706666666,0.0,0.0071752333333333,0.0,0.0115455663333333,0.003644635,0.0004799323333333,0.003443244,0.0009989763333333,0.0,0.0005648303333333,0.0018154946666666,0.0005127126666666,0.0432733,0.0006288286666666,0.0016581909999999,0.0
0.643688088,0.026939986,0.423816877,0.0200421146666666,3.576961072,0.4901367816666666,1.9455552406666663,0.3129150266666666,0.1089687223333333,0.0008649753333333,0.6321399446666667,0.1597974443333333,0.005653808,0.2393843536666667,0.1641502993333333,0.3790591423333333,0.4765589646666666,0.574805573,1.654825489,0.0,0.013365821,1.7475248573333335,0.941446428,0.008650984,0.0002516416666666,0.0,0.2475609736666666,1.3930631463333334,0.0,0.1545380933333333,0.0042720723333333,0.5162298973333334,2.914559365
0.2201068806666667,0.0005929993333333,0.0010817573333333,0.0,0.0763925663333333,0.0841377983333333,0.6589722013333333,0.1361410276666666,0.0178294473333333,0.0004375393333333,0.0,2.203892848,0.0287274913333333,0.1089949066666666,0.0,0.000347294,0.0001983526666666,0.0,0.0480496023333333,0.0,0.015131226,0.367793043,0.0004256013333333,0.0072284763333333,0.0,0.0,0.0,0.2099531506666666,0.0,0.0647964373333333,0.0,1.656986585,0.7647388730000001
0.0239061363333333,0.0,0.000843029,0.0,0.0,0.0,0.000404154,0.019969564,0.0,0.0,0.0,0.0056313903333333,1.5247573373333332,0.0,0.0,0.0,0.0,0.0003107223333333,0.0,0.0,0.5273639626666667,0.0005018703333333,0.0,0.0,0.0,0.0,0.0,0.0093010493333333,0.0,0.1437254766666666,0.0,0.0019974506666666,0.0
0.201481059,6.096827044666667,0.49717499,6.542057792333334,0.1573872946666666,0.0335631643333333,0.271032234,0.0297895816666666,0.012820112,5.751313846666666,2.1573822883333333,1.5126357433333333,0.2149560969999999,0.0120876006666666,3.062247121,2.104495973,1.948853187,3.490856914666667,0.5977497876666666,6.158072756,0.058966551,0.0311774603333333,1.663427072333333,4.9483395256666665,4.868006457,5.077983949999999,3.84495653,0.0455812316666666,5.943094466999999,0.045613136,7.017332658000001,1.60827728,0.01011905
0.4420172069999999,1.823684866,0.1374137893333333,0.2707180933333333,0.0334523753333333,0.0002296116666666,0.0298274523333333,0.0,0.385029794,0.5774954483333333,3.916024174333333,0.3045064356666667,1.026163102,0.0003472763333333,1.440672599,1.4348075493333334,1.732542119,3.133633126,0.0503111546666666,5.617536445666666,1.8260037193333332,0.007525762,0.1470754973333333,1.9312544453333336,2.489390975333333,0.551716209,1.670346830333333,0.0024218026666666,2.8332179946666667,0.1001918686666666,0.6829917656666668,0.2338858136666666,0.0
1.3372001733333334,8.055663034333334,0.041316997,1.6470766103333334,0.4609656346666666,0.000898974,1.6340118446666665,0.1351101753333333,0.0,7.242258073666666,5.748049223333333,2.9299416726666667,0.0,0.0002539533333333,9.568311089,7.473053869,2.453859167333333,9.358925140333334,1.255677083,6.750732132666667,0.0295034396666666,0.0511561776666666,2.837546325,6.543351772666667,6.284133233000001,7.5954072670000015,1.6516348966666667,0.7507771816666667,8.712134467666667,0.0,5.110948746,2.1054251296666666,0.035815105
0.2221659843333333,2.340461848666666,0.0085542153333333,0.162055995,0.0046142436666666,0.0054326506666666,0.0569286096666666,0.0279626143333333,7.615666666666668e-05,0.9575118376666668,0.0182710206666666,1.8115047626666667,0.0,4.919733333333333e-05,0.0002989336666666,0.0035860163333333,0.0023121513333333,0.0022441619999999,0.00158943,2.734873786,0.0104472656666666,0.1820352616666666,0.0,3.859970767333333,3.798135335333333,1.3757086036666666,0.0037644286666666,0.3021898366666666,0.2242392679999999,0.00027144,0.378800803,0.903011066,0.2295178133333333
0.0213989286666666,0.0,7.660700000000001e-05,0.0,0.0,0.0020646186666666,0.088100976,0.0274141176666666,0.0,0.0,0.076028601,0.017951787,0.0,0.000517109,0.000288647,0.0185102556666666,0.001020115,0.0282556743333333,0.0078508423333333,0.0,0.0259044479999999,0.0,0.0,0.0,0.0004728759999999,0.0,0.0,0.0894222163333333,0.0,0.0020360516666666,0.0,0.000721043,0.0
0.0282492136666666,0.0,0.0,0.0,0.0,0.0006193306666666,0.0010947096666666,0.0399933063333333,0.0045241943333333,0.0061002403333333,0.0496933936666666,0.0009920016666666,0.0129551986666666,0.0,0.0,0.0078305916666666,0.0,0.0071924336666666,0.0022022226666666,0.0,0.0605444856666666,0.0005451203333333,0.0,0.0,0.000461952,0.0,0.0,0.0380919266666666,0.0,0.021735799,0.0,0.0001326273333333,0.0
0.3752148153333333,0.0,0.00020321,0.5702280573333333,0.0024586083333333,0.0003017899999999,0.148531793,0.0,0.0,0.0002957116666666,0.2932038366666666,0.001276977,0.0,0.0,0.2619389073333333,0.17466264,0.198505735,0.4664960263333333,0.1246875113333333,0.0,0.0148754156666666,0.0,0.289116533,0.0,0.0,0.0,0.0278562846666666,0.0392177906666666,0.1139266736666666,0.000620636,0.3382223176666667,0.1178217413333333,0.0
1.2450342613333334,0.4357833383333333,0.3880232606666667,0.9217724363333332,0.3358496053333333,0.0336283806666666,1.290602917666667,0.3903886713333333,0.0,0.8041531636666667,1.471689642,0.056380347,0.0,0.0023709173333333,0.087045923,0.2397358923333333,1.8875302786666663,1.1318479313333334,0.937426541,0.593397888,0.0109799473333333,0.6523360473333334,1.6610942416666663,0.4071230096666666,0.5519431046666666,0.4226304213333333,0.228904123,0.7991872566666666,0.5802059203333333,0.0039372313333333,1.1480082893333334,1.242930246,0.7577170483333333
2.4597127016666667,2.694250025333333,0.05172747,2.632192536,0.177246258,0.0026608966666666,0.3738451446666667,0.0680606736666666,0.017084836,3.759921300666667,2.6280756276666666,1.5705148463333334,0.0578146776666666,0.19036801,3.156808094666667,3.525812821666666,0.8827258483333332,2.7244714030000003,0.2895757696666666,1.8552245966666667,0.2660494473333333,0.0261506693333333,0.7626048516666667,2.182316829,2.28949465,3.848091233,0.7673599206666667,0.5786363856666666,3.130421721333333,0.2781323143333333,3.0896512593333334,4.939286499666667,0.0
1.00509645,0.0,0.0640706613333333,0.003509313,0.5002964066666666,0.0036060936666666,0.3009189276666666,0.0334974473333333,0.0,0.0,0.227355728,0.251935896,0.0015204916666666,0.0191459363333333,0.0464300426666666,0.027567166,0.11577278,0.3684647683333333,0.4628834546666667,0.0,0.0030884673333333,0.0361906656666666,0.2036639793333333,0.0,0.0002906283333333,0.0,0.037688963,0.0963739189999999,0.0,0.0064222393333333,0.0007979426666666,2.564483522,0.0
0.2781942963333333,0.061891223,0.0014211986666666,0.0232965733333333,0.0027017596666666,0.0088757403333333,0.0504643826666666,0.1269805036666666,0.0,0.0919495013333333,0.2230987633333333,3.5940804610000003,0.0,0.067235829,0.3445147656666666,0.3664594836666666,0.0047128446666666,0.201267058,0.001909888,0.0,0.0278251783333333,0.0967112933333333,0.0,0.0209111916666666,0.0207855786666666,0.034919419,0.045330324,0.12203314,0.0908671786666666,0.0,0.02092394,3.884542500666667,0.0
0.610904523,0.000197933,0.0,0.0,0.0,0.001247003,0.004021746,0.1008196593333333,0.0,0.0,0.0459995273333333,5.4785000000000005e-05,0.000445975,0.0,0.0,0.002236326,0.0,0.005967298,0.0011736953333333,0.0,0.0093036286666666,0.121187198,0.0,0.0,0.0,0.0,0.0,0.2534854776666667,0.0,0.0,0.0,0.683784356,0.0
0.4537750153333333,0.0922373243333333,1.658618362,1.0877150803333333,0.7198750246666666,0.0041395623333333,0.2196488096666666,0.0,0.0108724623333333,0.3465214316666666,2.2721971296666665,0.09918395,0.00486347,0.0580694983333333,3.1278688103333327,2.6512563853333333,2.7365952696666667,3.622522893,1.4052658676666667,0.0687939733333333,0.2089396913333333,0.0293243353333333,0.8363388416666666,0.164291072,0.0609485793333333,0.0674975506666666,2.212910022,0.00325205,2.777073124333333,0.020319601,1.1180640513333333,0.906919909,0.004003206
2.357337599,10.583897368333332,0.4078814176666667,17.288029917333333,0.8739148716666666,0.0084262226666666,1.766563961,0.0142267923333333,0.1429923543333333,13.522922262999998,8.740272542,4.406984403333333,0.0758260726666666,0.146991412,8.740074881,8.997018108333334,4.893810116,8.629954026,1.0708258423333334,8.835719959666667,0.3637531526666666,0.004570521,2.0033960910000004,9.519334808333332,10.465383512,10.869692056666668,2.5344131263333334,0.3448425553333333,11.924517081,0.062099499,14.489421743666668,10.487348705666667,0.0812386956666666
3.3626470703333333,1.4607885433333336,1.7856230193333331,0.3828105173333333,4.879146878333334,5.351106702333333,4.875850278,5.141559161333333,0.0129886493333333,1.0038455393333334,0.750929812,7.333293469333333,0.004779292,1.4444873006666663,1.1619004003333333,1.566044700666667,1.282420677666667,2.0488410333333333,4.933865043666667,1.302757875,1.823119595,6.841355031666667,2.791815532,2.163483333333333,1.541032276,1.3980154246666665,0.7760953093333333,3.008240665666667,0.857097484,0.2494218416666666,0.9598455763333332,7.432258602,6.817091017
0.1074543493333333,0.0005852583333333,0.6769422563333333,0.0,0.0520968536666666,1.2922246366666663,0.0399586183333333,0.8718673263333333,0.056326099,0.0205779306666666,0.1171417846666666,0.2117366753333333,0.0580468376666666,0.4247862186666666,0.000649427,0.0202728093333333,0.0026249386666666,0.0274882983333333,0.0750628076666666,0.0,0.2708751456666666,0.6179263753333334,0.018411058,6.557e-05,0.0,0.0,0.0129555449999999,0.061611563,0.0,0.0774020503333333,0.0030788726666666,0.1020361503333333,0.1484142026666666
0.210588747,0.0,0.0823156593333333,0.0,0.2011092773333333,0.005333851,0.401713262,0.0942609816666666,0.0,0.0,0.1438640116666666,0.163583066,0.10120104,0.11604513,0.001352018,0.0303095993333333,0.4065765563333333,0.1652768773333333,0.2244881273333333,0.0,0.6393006493333333,0.0982828653333333,0.3799990749999999,0.0,0.0,0.0,0.0015329793333333,0.483827148,0.001376304,0.003731724,0.0,0.5809810086666667,0.028651363
0.2104658646666666,3.873803544,0.0110967936666666,2.848023791,0.035508563,0.0012588403333333,0.257215493,0.076025483,0.0773206769999999,5.134676872333333,0.2006184869999999,7.022114602333333,0.0095412403333333,0.0327496269999999,0.191447315,0.0546055783333333,0.0594902523333333,0.0955831796666666,0.0280074663333333,2.890344083,0.1893660506666666,0.1753154353333333,0.0266369353333333,4.375145061,5.600556759333333,5.744876915,0.3914249543333333,0.2976401016666667,1.9818514436666668,0.0040366116666666,2.93553449,3.743850471333333,0.1172372313333333
2.243399881,19.713486583,0.2333859989999999,15.621109373333333,0.1269501473333333,0.2088827093333333,0.7071854053333334,0.9633948603333334,0.4726119643333333,17.69935672,2.855580350666667,6.402916291333334,0.317806372,0.2214257383333333,8.779460137666666,4.638612700333334,1.6679993240000002,7.265464927666667,0.5469919953333333,6.031165411333333,0.5643066546666667,1.5236769593333337,1.053593920333333,15.870706426,8.804474504,19.88371731,2.115241754,0.785443622,10.026976982,0.1357371226666666,15.998210790666668,4.712596870666666,0.7583313746666667
1.7739313866666668,7.269361603333333,0.4164031129999999,11.158547707666663,0.7985991043333334,0.3278394176666666,1.0237087643333334,1.3119535676666667,0.3035453663333333,8.775338953333334,2.6531931346666666,14.713379812999998,0.1022929753333333,0.1794991763333333,3.696360039,3.074833472666666,1.6189803276666666,3.746386511333333,0.961062929,4.607485861,0.0677985883333333,2.484557949,1.143368965,8.161385021666666,5.6620836966666666,9.12152671,1.149723426,1.6264912006666667,6.341171208,0.053745494,9.271320906999998,9.890063219666668,2.806445139
0.3210905426666666,0.1772402446666666,0.1110581273333333,0.3556792833333334,0.5671553243333333,0.041882655,1.2928421536666663,0.4558195846666666,0.0156452786666666,0.0494239666666666,0.3294531726666667,5.93172031,0.0687799553333333,0.1730870813333333,0.2212559466666666,0.9017062816666668,0.0323849973333333,0.3672642036666667,0.205843005,0.0,0.078120053,0.6479481340000001,0.0136418903333333,0.029489065,0.0006711396666666,0.402589575,0.0749952776666666,1.315405146,0.0259689686666666,0.142888735,0.254939435,3.450785136666666,1.622712079
0.0139023763333333,0.0,7.383233333333333e-05,0.0,0.0,0.0,0.0,0.0,0.0,0.0,0.0537468036666666,0.000392396,0.023755985,0.0002883686666666,0.0,0.0092666243333333,0.0002531586666666,0.0123393149999999,0.0,0.0,0.0150203903333333,0.0,0.0,0.0,0.0,0.0,0.0,0.026398357,0.0,0.0570148366666666,0.0,0.002743154,0.0
1.7896260956666667,1.446189561333333,0.1961787483333333,5.186842716666667,0.2340971523333333,0.0789012213333333,0.111223579,0.0259182196666666,0.0105596453333333,4.548873108666666,1.4267303556666666,2.4135970603333337,0.0700542293333333,0.5372498216666667,0.4286171546666666,0.6133755603333333,1.5094324710000002,2.1394417486666666,1.2462843973333333,1.1821918306666668,0.0024098016666666,0.0161397723333333,3.5188430226666667,1.4790436913333334,1.1130796603333333,2.924316192666667,0.3902028063333333,0.050407739,1.7946210503333333,0.1853099413333333,5.29723088,2.8179406733333336,0.0
0.0457753146666666,1.7740968353333333,0.0001589106666666,0.0018857553333333,0.0,0.0005285633333333,0.0216571923333333,0.0,0.0056822856666666,0.903915318,0.114484196,0.307836199,0.1579612496666666,0.05195179,0.0150847953333333,0.0925674583333333,0.0012993223333333,0.0649735523333333,0.0263722763333333,1.1883560033333334,0.0019779183333333,0.0004457053333333,0.0003580463333333,0.5699196926666666,0.2380294936666666,0.4359709373333333,0.0021159226666666,0.0003933963333333,0.139083575,0.108646499,0.0506829876666666,0.0725660506666666,0.0
0.069010937,17.186626954,0.251766658,6.2611669753333326,0.2013699456666666,0.0175077293333333,0.245007595,0.0780396416666666,0.0857128296666666,7.377928909,5.127774790666666,7.071146651333334,0.1755186653333333,0.0283609783333333,4.2859783013333335,3.174955433333334,1.572839818,2.1666495156666667,0.3126248789999999,17.349399666,0.007696767,0.19667603,0.0889237023333333,19.347220148666665,17.438988717333334,9.181871168,3.586455854,0.0668553373333333,12.131348022333334,0.067094262,6.529686269999999,1.5651906020000002,0.2612883356666666
0.465906067,7.674813701666667,1.094344853666667,11.875479001,1.6110286666666669,0.7796079716666666,2.230934518666667,0.9958235813333332,0.441004408,11.718094989333332,1.9104354816666669,9.719335127333334,2.016089409333333,1.3068932026666669,3.097142066,1.5471578763333331,0.559235993,2.1072524393333336,1.2275065183333334,2.876790754,0.4056352346666667,2.2555869096666665,0.3429406209999999,6.177862289666667,3.3576299300000003,8.537069534333334,1.589738121,1.883668554,5.196332321,0.829573125,11.742814943666668,2.4375642956666668,3.3332983256666666
0.244184884,0.1179550623333333,0.028904383,0.3053138806666667,0.061637974,0.0071726776666666,0.7890247076666667,0.0,0.1534834876666666,1.1568082446666668,0.1246117386666666,1.223967904,0.095906724,0.0621075996666666,0.006207147,0.0675787766666666,0.0209011209999999,0.0773961446666666,0.0177028256666666,0.0,0.001773018,0.107371562,0.0,0.108731415,0.0004740006666666,1.126813341,0.008990816,0.5062099573333333,0.1094670066666666,0.0210444843333333,0.4714099423333333,0.5995649773333334,1.078183203
0.4711699033333333,2.6652160056666667,0.6262622893333334,1.7763230406666668,0.320777276,0.6506025830000001,0.377143681,0.4025320736666667,0.4474707203333333,3.790826004333333,0.1129046316666666,9.977310902,0.054098892,1.091946999,0.059392425,0.0184526713333333,0.2156199909999999,0.45367181,0.7401734013333333,7.646763419,0.076534674,0.2340569866666666,0.6163749523333334,3.1399310186666667,3.885804079,5.876309975333332,0.3436390733333334,0.6966626640000001,0.2560860476666666,0.3392644563333333,2.012397803,4.532866299333333,0.002840829
0.1579921063333333,2.34088795,0.0096397113333333,0.8705794293333334,0.0,0.0721992416666666,0.1984381156666666,1.555727063333333,0.095891724,1.2343505586666663,0.0941586406666666,0.53558445,0.033466358,0.1672813726666666,0.009441892,0.0183863173333333,0.0312442936666666,0.1407367263333333,0.0021682416666666,0.643943375,0.094767027,0.6977305363333334,0.012638679,1.523890364,0.9638346473333332,1.7655490296666667,0.0178288596666666,0.5126196903333333,0.22564493,0.0830238543333333,1.079173172666667,0.3250325393333333,0.008792354
0.5823194476666667,4.228022904666667,0.238265024,1.1843312166666666,0.4627416179999999,0.0383653336666666,2.154385395333333,1.064224286,0.0247479013333333,2.947769857333333,0.0930535356666666,2.7590497096666664,0.0796381846666666,0.28099037,0.0105425863333333,0.0245749673333333,0.757891049,0.3129095416666667,1.044590358,0.527528871,0.0776735476666666,0.737830375,1.3471084783333334,4.1651869653333335,0.9022723176666666,4.060397146333334,0.0942773266666666,1.8614948953333328,0.2965498486666666,0.0905065163333333,1.547914681333333,0.4165014356666667,0.6336708466666666
0.399055127,0.0003543046666666,0.6259333106666666,0.0,0.0041667463333333,0.0847248576666666,0.1373502466666666,1.0171298883333335,0.1206377946666666,0.0,0.3312275716666666,1.986228944,0.0017316433333333,0.4679554606666666,0.0297936513333333,0.144665845,0.073488277,0.0749039176666666,0.0331853426666666,0.0,0.0555848043333333,0.9753610146666666,0.0478751336666666,0.0032507649999999,0.0,0.0,0.1974466756666666,0.7644646383333334,0.0001303226666666,0.099207159,0.000528558,1.5589897996666666,0.7269180599999999
0.861927394,0.065974021,1.1387865426666668,0.0380634013333333,0.7393925846666667,0.033565242,0.0206033046666666,0.298586025,0.3170511013333333,0.0741809319999999,0.3589029833333333,3.6714843953333336,0.098046733,0.4296260056666667,0.127931071,0.1720718426666666,0.5451098376666667,0.4581251863333334,0.2470334966666666,0.000699456,0.114721577,0.0620765646666666,0.169774198,0.0858709456666666,0.0095167743333333,0.0431577456666666,0.384447529,0.1608830826666666,0.0027245813333333,0.2107328243333333,0.0884520966666666,2.979980886333333,0.0
0.559162352,0.0841687616666666,0.1185659546666666,0.002964707,0.0,0.1043759943333333,0.1188215206666666,0.0092453513333333,0.0396298556666666,0.014719599,0.1394745326666666,5.857305917000001,0.051398849,0.7444220486666667,0.0061910686666666,0.0533909996666666,0.017310115,0.0566998893333333,0.0214617886666666,0.2595693876666666,0.0158809213333333,0.0071791043333333,0.0,0.074261328,0.2244513036666666,0.0248905356666666,0.0087297633333333,0.5298665043333334,0.0038388373333333,0.2738852506666667,0.032737625,3.913004496333334,0.0
1.2089888356666665,2.802863043333333,2.3497069826666666,6.068532868666668,2.331451711,0.9391106663333334,2.585652057666666,1.106071099,0.073968458,5.245270745666667,3.3008629383333337,5.769106597666666,0.0042971496666666,1.212738141,3.162611959,4.338857562,2.8580448080000003,4.3460379006666665,2.173943637333333,0.0136975976666666,0.0814606266666666,1.3375973276666666,2.535384207,1.7341506443333332,0.3105045213333333,3.466657115333333,3.2472992736666666,1.332434962,3.6077222006666663,0.1399596463333333,5.955850530333333,3.086081040333333,1.090179586
0.0384771066666666,0.0,0.0035192813333333,0.0,0.0,0.0002127843333333,0.01261309,0.0,0.023959445,0.0002999893333333,0.168133306,0.0168600266666666,0.1440679073333333,0.0490785053333333,0.0045145123333333,0.0554740679999999,0.004204622,0.0690348426666666,0.0,0.0,0.1728391056666667,0.0062287919999999,0.002441065,0.006504663,0.0007670293333333,0.0,0.0004503503333333,0.1091763716666666,0.0010485213333333,0.062567923,0.0017632836666666,0.0233738733333333,0.0
3.625722332000001,8.120178931,2.6325029706666663,10.733834317333333,0.6650583266666666,2.5653245226666668,0.652145769,1.95191065,0.773215984,15.99665855,12.364241556,3.604329453333333,0.1485758739999999,2.2211757796666665,13.625813531,11.790987429666666,9.247683049666668,16.557942799666666,0.7227379279999999,22.88299838,0.5224221396666666,1.7356284513333335,3.881675384333333,8.505940529666667,12.796636875333334,9.587000798333332,8.620940397666667,0.709957883,18.38155631233333,0.6446511096666666,16.999745934,5.449248868666667,1.185014992
3.04996718,8.283597257666665,0.4264331656666666,4.299941262,1.7221041456666668,1.0371843436666666,1.3832054076666669,2.1837579936666667,0.4029400393333333,6.8381469673333335,4.894488931333334,4.933604117333333,0.645461547,1.7901516993333333,1.2251693206666667,1.853268342,1.1452193423333332,2.49257995,1.553401936,2.157658274,0.6027993736666666,0.7121528296666666,1.5921497646666667,7.668484593666666,3.320501302333333,10.231809251333331,0.5851934916666667,0.8779471366666667,3.635569226333333,1.089019984,5.0009432123333335,4.889165125666667,0.7592127573333333
1.4017025756666666,1.6912957346666666,0.2846825926666667,11.605399106666669,0.2307572686666666,0.7093282913333333,0.1778171926666666,0.0094663976666666,0.2013286966666666,4.985096138,0.2721047636666666,9.569552218666669,0.3786344636666667,0.0694901976666666,0.3732694856666667,0.0996650393333333,1.0277089503333332,2.0143498266666664,0.5397252296666667,0.0,0.6743289469999999,0.1940710523333333,1.826740808,0.5904238853333333,0.002475695,4.2403779366666665,0.0560988193333333,0.39276516,1.649807694,0.2814540826666666,6.237021890666667,3.647842999333333,0.028515523
5.220476234,15.028586256333334,3.408982581,14.631502848333334,7.575474174999999,4.188539123666667,6.081950451,0.0678349686666666,0.356774345,16.881836053666667,9.261439689333336,28.410926586666665,1.5212116993333331,2.983940667666667,5.716870327,6.094731683666667,9.757840017666666,10.279133630666667,8.909737454,4.3055707886666665,0.135284996,3.255408214333333,10.573170091666666,9.718449518666668,7.0355537403333335,22.117678788666662,8.125183722666668,1.404574624,7.990882224,1.075184745,15.473418314,14.460401336666663,2.683149380333333
6.313257414,0.4328852443333333,3.9378497763333336,3.3339281370000005,11.620560896666667,10.081287455333332,17.296217291666668,8.257343966666667,0.4708443803333333,1.7204597213333337,1.4690332713333332,18.7002331,1.4703506336666667,5.5358575750000005,1.188962742666667,1.6681463526666669,2.6861594436666665,3.77282435,10.163099362,0.0,0.743956392,16.19417023833333,6.572806011666667,0.8131297873333333,0.098969743,1.1852088846666666,0.5442894046666668,8.989266088,0.8538621576666667,1.620060784,1.993148407,13.915163198333332,21.53263117766667
0.9870768663333332,1.678365975333333,2.375026518333333,0.286013372,4.04276599,3.846145715,2.4424701570000003,1.434720277,0.7717720796666666,0.246552321,0.4076497956666667,4.9920530696666665,2.568088329333333,2.109811043666667,0.0415963779999999,0.1710507336666666,1.4427061436666666,1.2308243296666668,2.769806963666667,2.7372506400000005,0.1217036763333333,3.639061598,3.213298593,3.002067438333333,3.880381064333333,1.0971761946666667,0.082399378,1.3163790113333331,0.05627529,1.8404256123333331,0.0577527026666666,4.524426063666667,4.335811957333333
0.4930824006666667,0.6596462976666667,0.9612914636666666,2.093415388,0.8202788019999999,0.5737027516666666,1.139554746,0.4652166013333333,0.3380385943333333,2.1427818450000005,0.900732013,3.1608809116666663,0.3619198556666667,1.0638114136666668,0.8047710713333333,0.5464712176666667,1.2047328403333333,1.1222025653333334,0.4347466596666667,1.2084557573333334,0.0131293986666666,1.759834320666667,0.8230257416666666,0.480349855,0.8220357703333333,2.114900774333333,0.63631058,1.017844448,0.2568060456666667,0.478183945,2.069157348,2.122986768333333,2.993876801333333
2.292437516,3.795836048333333,0.4598119393333333,8.410413604333334,1.965765017,0.0,0.6936862503333332,0.0,0.1265034086666666,5.178021361333333,0.069237865,6.884045613666667,0.0002930616666666,0.0071088093333333,0.33194873,0.0698089743333333,0.582480052,0.9286406363333334,2.9668794576666664,0.028804008,0.0021801493333333,0.0015796653333333,2.8649139926666667,3.3343394399999995,0.644420745,8.143593851,2.882601649333333,0.4394872993333333,0.4331275,0.0230830896666666,5.263176875666667,3.909535268,0.0
5.551658596,8.533813304666667,8.136609551333335,4.589451209333333,11.958747666666666,14.894406973666667,9.675546299666667,4.616067269,1.3177337026666665,7.339762278999999,3.623916549,15.170697214,0.305742099,6.160185034666667,3.938950185,5.679811329,7.307477544666667,8.556096823999999,9.447604232333331,0.3087372833333333,1.386047787,13.31707697533333,9.128884010999998,8.93577873,3.882719690333334,5.888940467333334,2.59839344,8.940271591333333,7.011314133666667,1.2626151853333332,8.344118352666667,11.722661162,15.199646122
11.757068447,10.602662643333334,3.9671838926666663,7.13847516,8.502300469333333,2.8046446846666666,11.750361749,2.1606388476666667,1.25407512,8.301517831333333,6.066438887333334,17.737676376666666,1.4990009616666666,2.911553634000001,3.356177911333333,2.589503894666666,7.710955911333333,4.835254065666667,8.187739642,5.484532039,1.730565662,3.853634708,6.779188564333334,7.555160099333331,7.792011195666666,8.670373007666667,3.79435061,7.638994771,8.927927253333333,2.4025647026666666,9.141964113,12.851668434333334,7.070771383
2.504141848333333,0.7090028889999999,3.113196079666667,2.795097913,5.038720099,3.412515125,5.391258360999999,5.855062104000001,1.0856279226666663,1.2898640143333333,2.332085169,4.050567507,1.7136920489999998,5.672542829666667,0.8977964549999999,1.934114359,3.0633466876666664,2.9804284016666664,4.332432836,0.3511240433333333,2.004177952333333,5.740142457333334,4.242683784,1.2976528086666663,0.1855424869999999,0.6579176363333333,0.2746938536666666,4.216865463,0.2954319726666666,3.710207112666667,2.1027113286666665,1.941501055,7.195161539333333
6.286838371999999,0.0111187109999999,0.5387514146666667,0.0696664066666666,3.2978653196666667,0.590276219,5.512189066333334,3.181342309666667,0.5551351870000001,0.1171132233333333,0.2887005136666666,10.274700122,0.641927152,1.9928722256666669,0.0502679923333333,0.3426367583333333,0.595937241,1.2859430263333331,3.206026278333333,0.0,0.7487199066666667,3.901762419666667,3.6263020456666655,0.046251803,0.0,0.0335734483333333,0.3588339756666667,3.6176171526666665,0.010708212,1.1379796513333331,0.7205951546666668,7.604951138333334,3.914964121666666
11.219417738,12.293344637,7.910024077333333,13.941956174,8.964764207,5.708607815333333,15.609250804333334,13.133306325,0.620756218,16.944211621333334,9.672830158333332,25.75835445,0.7962226986666666,2.888778222333334,6.899651542666667,7.530490977666666,8.006390597333334,9.164569733333332,9.255873750666668,2.5825174746666666,1.6759871763333332,15.08066479,12.630212566666666,10.151157543666669,4.731844116333333,16.055529472,9.606701342333333,11.308293076666668,11.972525319333334,0.5991064916666667,18.612795861333336,17.677820362333335,13.092572111
3.481422424,3.496986495333333,2.289179905333333,20.136544595333334,1.308173213,2.444387204,1.198115717,1.6200835813333334,1.865010388333333,7.527306634999999,5.888046315,6.687976089333333,2.324536679,3.936179944333334,6.482522404333333,7.060575396666668,2.640904474333333,6.718204389666667,2.2561330126666665,0.020612901,0.9568948376666668,2.025755753,2.7992847036666664,2.225000548,0.1267316246666666,7.128873570333333,2.450261911333333,2.7385538176666664,1.737612512,2.1232613226666666,10.719295228333335,6.056082744666667,1.0879786766666666
4.132599483333333,13.129400833333335,0.1638851346666666,5.696870059333334,0.9561528063333332,1.0660670433333337,1.941245923,2.3176763966666667,1.327317237,7.092019542,0.7215889506666667,16.70493627633333,1.095967335,2.0814671776666667,1.2929262073333334,0.394920026,0.5819454383333333,0.7660721473333333,1.0578561366666668,5.971047795666667,1.5020796746666667,2.4802087816666667,0.3979182376666666,9.250896701666669,7.9322425486666654,16.375439617666668,0.4452911546666666,2.3369980153333336,3.237205884,1.1908594499999998,5.412198575000001,8.677043623666668,0.9970490313333332
5.314528588666667,0.4358586149999999,2.1700102283333336,0.0,1.085536541333333,1.9877747806666664,1.1766958946666666,5.350044255,0.585273735,0.1121655719999999,0.5952694633333334,0.0605316153333333,1.2553667563333333,4.879532843666667,0.0212211799999999,0.1014035373333333,1.965563018,0.3135258223333333,0.5955027203333333,0.3243976426666666,5.585001536,5.978224094000001,2.3490537326666665,0.014612808,0.0525747453333333,0.590849445,1.3094721433333334,4.479759664666667,0.1909953606666666,2.8740666273333333,0.0071086856666666,1.912426926,2.8344815936666667
9.706406876333334,7.176684770666665,1.1418430373333333,1.732532797,2.3338529460000004,3.610152100333333,9.109477532,7.936069999,1.1277320183333333,6.197731062,6.140566664666667,7.429175830333333,1.5694305653333334,5.963550315,3.161455286666667,6.546257202333334,6.994724707,4.0422498110000005,5.278596761666667,4.365468327333334,2.8838634143333337,9.959835640333331,5.885453593333334,11.024780082333336,7.5409488656666674,6.737910289666666,1.992780836,8.858275319666667,4.122133197666667,4.712077124333334,3.3962425303333337,7.177118566666668,11.195205955666667
3.712947806,0.016592461,0.082337643,0.01193204,1.814789216,0.0621484156666666,1.0735885356666668,2.637217447333333,2.0119828893333334,0.0012547213333333,0.1785926696666666,0.0986572586666666,0.9511766473333332,0.973034676,0.0066550333333333,0.0541639936666666,0.0263229606666666,0.1044015673333333,0.7538163763333334,0.0008766306666666,3.656415892333333,0.3811573136666666,0.4822605236666666,0.0013073433333333,0.001154974,0.0011273996666666,0.014413136,3.5699356629999994,0.0004558703333333,1.699239908,0.018486578,0.1471231503333333,0.032670551
6.141170355666667,0.0001075666666666,1.703820071,0.0009816103333333,8.416407546666667,2.3734319036666665,8.869189090666667,4.287782559666667,2.752501417,0.006780782,0.2012712556666666,0.0219523756666666,1.3866397416666665,2.964918252666666,0.0020857286666666,0.0583109099999999,0.7795684573333332,1.441762017,4.5999572833333335,0.0348649246666666,2.7795844620000003,3.188414598,1.709563101,0.0,0.0045594506666666,0.0033752536666666,0.1050641676666666,4.434251041666666,0.0020601613333333,3.939633384,0.005196147,2.9828927986666667,2.322608428666667
6.374564215,3.667219843333333,1.707756215,3.155927764333333,2.8782053593333337,0.2002439286666666,3.683609868333333,0.272351116,0.1416005153333333,2.6712568873333336,12.259621465,9.029715741333334,2.7511479406666663,1.0270926603333332,8.305479041,16.654701703666667,8.850990296333334,10.777470655,7.396451501,0.0,5.386305525333333,0.0238145213333333,13.779486064666663,1.906029002,0.015890555,6.912374541000001,3.680865892666666,1.649059272,2.527926346,1.739811243,2.5526695806666666,7.27027986,0.636871031
0.6060130513333334,2.5935222456666667,0.0870006796666666,0.0114299976666666,0.0261434186666666,0.0105918949999999,0.000373156,0.0,1.4178580113333332,4.661261878333334,0.378970353,1.285383209,1.0553565663333333,0.0412930416666666,0.034090787,0.1502533516666666,1.1890442736666669,2.2273873,0.0034391886666666,0.013697361,0.8144344646666667,0.0,0.2337022563333333,0.2761167106666667,0.0082746096666666,2.105032299,0.1076806983333333,0.0521469506666666,1.287158626,0.7256922596666667,0.9608787193333334,0.4415399323333333,0.0
6.318806194,15.919797524666668,5.3720280140000005,8.569002389333333,7.258508346333333,3.585986384666666,12.354123342333333,23.339082048,1.702169183,10.023516295,4.841567263999999,14.533841841,1.197874264,5.692982792333335,1.6765300673333334,4.221064333666667,4.988076656666666,4.191597113666667,3.9610807136666666,0.790594978,8.097339886333332,14.414743006666669,2.038137205,19.434566412333336,8.121604641666666,16.097452113333333,9.019286693666666,16.001307643333334,4.354590874666666,3.4011969443333334,4.201408424666667,11.698716831,13.622987913666668
10.665295344,7.793990582,9.303098725,12.565194358333336,6.266702053666667,11.27624274,4.501847122666667,5.0772389743333335,4.801299374,6.829076662333333,2.474206445333333,1.387344891,1.7679116036666669,7.995518063,2.2111578316666667,2.1750628953333337,4.583883937666667,6.209545325333334,5.812128831333333,3.488053997333333,1.9198854073333331,6.202512718666667,7.9905300713333345,5.602003546,4.932189974,5.811391486666667,1.2871569396666669,4.319606862666666,2.9238149216666667,3.573221741,8.657679878666666,8.399825708666667,5.439913815
0.905006331,5.620180892,1.9626625316666668,2.199345601,3.5454645313333333,1.7672665706666668,3.1381987136666667,2.5779908026666667,3.957096798,6.704247028666667,0.7076572926666667,11.004078167333333,0.4975288313333333,3.569269274333333,0.0941769816666666,0.3707112726666666,0.7225857746666667,0.9570559013333332,0.8595985036666667,0.0287278453333333,1.9628014983333333,4.215536313666667,0.5336068066666667,5.155462380666667,0.2054307116666666,7.210029478,1.1638370413333334,3.634337753,0.6627664143333333,2.9689628493333333,3.493041109,2.3021322156666666,6.655172638333333
6.356389077666667,1.3102408133333334,1.8414386916666663,5.2746586996666665,3.152675347333333,1.424291244333333,5.802996447333332,3.250016099,2.748996026666666,2.8758967433333336,2.4634658123333333,7.331003878333334,0.6707765543333334,3.359024263666667,2.5939665243333336,2.176835891333333,2.8323105376666664,2.7166188166666667,3.623195743666667,2.0445170703333333,3.979335704,3.25577205,2.008344387333333,0.8733016726666666,1.2369621983333332,3.6647192626666665,0.9174753426666666,5.909029944333333,0.9177363523333334,2.9757882356666663,2.535909885666667,8.097783494333333,7.441719393666666
8.924638086,0.0752287593333333,3.2055158833333333,0.5111313583333333,4.472272019,3.827623864,12.725928209,8.348605042666666,2.795148157,0.0513892406666666,0.4396366686666667,0.5775437946666667,0.5799225443333333,4.353416805666667,0.2659604196666666,0.3832193773333333,0.7293189149999999,0.6581277106666666,4.115302614,0.0175857973333333,7.798182969666667,11.316597449333337,0.8903782493333333,0.2157650176666666,0.1020056556666666,0.136603187,0.355829947,11.529813336333332,0.1805683033333333,3.3319399723333336,0.152687525,2.3756125746666665,20.87707746
6.403010192,4.086021178333334,0.3927670716666667,8.729608631666666,2.458654893333333,1.5475235453333334,6.126997975666666,3.3906699870000003,2.1310411486666667,6.608388854666667,1.230776651,19.967404999,3.0512744213333334,4.934113765,0.5470687043333333,1.1922436129999998,0.5876700553333334,1.6138456896666666,2.757298125,0.0,9.592373840666667,5.081916402666667,3.799403607333333,3.943735743333333,0.0688489183333333,10.033894612333333,0.076969632,7.216450055,0.7128665903333333,7.128775806,6.829680856,10.219529368333331,6.463076129333333
1.981659747,0.1451549093333333,0.1664370976666666,0.0832062056666666,0.012418162,0.1321604486666666,0.0850713576666666,0.0718767256666666,2.708934182333333,1.206829325,0.5730729293333333,17.011569303333335,3.3450697770000004,1.985821364666667,0.1456730663333333,0.4716468493333334,0.008513957,0.3317533603333333,0.0669262289999999,0.0077935443333333,11.540741535333334,0.0599257076666666,0.058906233,0.0728939146666666,0.0222199306666666,0.292688346,0.4771371696666667,0.2022695679999999,0.1132607783333333,5.676496773,0.722277811,9.305415325,0.1213489973333333
11.622231850333334,0.3849995989999999,4.947094855666666,2.2708753236666666,1.5974490803333332,0.5318397926666666,3.380546565,2.455285741,2.2863638403333333,3.531233550333333,1.7566817293333334,21.53829483,5.58938113,3.431116562333333,1.5772706706666666,1.5694089423333335,1.947341671,5.097977141666667,3.5473865606666664,0.4192929253333333,7.565292431333333,1.2496434896666666,2.660794141333333,0.2712601146666666,0.1204640683333333,1.6327591083333337,6.223847643333333,10.230509606666669,1.3341478783333331,6.943984579333333,1.0440357896666663,14.828259010000002,0.9828755976666668
8.085652601666666,21.779224657,2.5025389403333334,19.831775967,8.685756703000001,3.564170629666666,7.782503854333334,8.435256989333334,4.538285467666666,12.373769464333336,1.849977687,15.425130981666667,3.673977003333333,6.330139945,1.1751841076666667,1.0310916583333334,3.9697137156666655,1.5251623666666667,5.491466594666666,0.6545921483333333,6.916005928,8.023289423,4.1575548116666665,31.771589531,5.344416610666666,16.039641347333333,0.9210826986666666,4.881052925666666,3.760847059,7.283513886333334,17.22995474,12.532946463333332,7.835694755000001
18.92873300666667,35.86095622,1.801293673,41.290424302,23.214944291,2.390570644333333,16.272710771666667,3.856213242,3.709951325333333,52.71414133333334,11.112399062666666,5.611239214333334,2.137085872333333,6.012949969666667,8.462010096666667,10.568786622333333,9.178878599666666,15.277590728,17.92848512,27.185001390333337,4.862865512333333,4.562624627666667,13.513215991,21.446889181666663,14.446009262333334,36.233212643,3.697787371333333,9.080474034,19.582795007,6.407764830666667,47.85927881333333,12.186779313333332,10.477756269
4.150214012666667,2.167858623666667,1.7195499769999998,3.259939466666667,3.871778271666667,4.053087453000001,2.9566376039999995,1.5901108509999995,2.660559507,5.474811427333333,1.3484542780000002,38.18354205333333,12.012294052666666,3.0693201423333334,1.2915796810000002,0.6587388136666666,7.162112650666667,1.384382878,3.467404797666667,1.8072781416666668,5.816840531333334,3.421559977333333,4.434719890666667,5.195003751333334,4.770809520666667,7.040342098333333,0.7511750596666666,1.7263363293333331,2.2155189676666667,6.79439143,2.433873085666667,24.298512486666667,3.6458890186666655
23.54784558333333,39.17927187,0.855374061,71.96464114333334,17.95310549266667,5.4441990706666665,18.999257437,8.169681620333334,3.0451968273333336,51.412658746666665,1.58321356,10.202496941333331,8.343773553333333,4.2467287313333335,17.598268808,4.080244106333334,5.299924289666667,27.437781279000003,16.864471956666666,33.812751987,3.667920432,11.06636266,16.634935085666665,26.93649694,34.56253635033334,39.35167792,3.662986088666667,16.150692153333335,42.49220924833333,6.333880764333333,64.33751352333333,19.643053480000003,14.191447216333335
8.440340755,47.463931993333325,4.649552376333333,19.119136016666666,0.604558843,2.4571708396666665,7.468752318666667,8.379476829,1.7192536006666668,43.06764030333333,1.580626680333333,20.81030407333333,3.687628263666667,4.207584894333333,7.966441659,2.466940957,2.3954315876666668,4.522365725999999,2.983505372,17.360339588333332,3.774496074,4.747000531666666,2.2807237553333333,38.97696169333333,24.202138711333333,49.9280978,5.666642714999999,7.468843540666668,16.489838049333333,2.4578160023333333,31.96156884466667,26.040315396666667,7.817572081333332
1.5037871163333332,0.1629713023333333,17.035044842666668,0.642440981,3.698627524666667,6.443454361666667,2.4303088786666667,0.5857549889999999,3.3757441516666664,2.8592125066666667,32.95696104033333,0.292017317,6.495599060333333,4.192892546666667,7.6066927956666675,18.419669424,17.342186938,14.858692802333335,9.222681012666667,2.337614657,7.879002038333334,2.433158671333333,8.938003108333334,0.2358917363333333,0.7983693083333333,0.2277437873333333,15.448355873333334,1.6186858933333337,8.13254524,6.913197719333334,3.410264551333334,2.0342077396666665,3.1940550946666666
0.3400553146666666,0.0115882316666666,15.932600443,0.0899500913333333,0.0479563956666666,4.945888676666667,0.0363145413333333,0.496670042,6.4636279043333325,0.023486168,5.242076259,0.036840999,1.9206636696666664,6.826691266,0.2317284086666666,2.022220998333333,10.477569335666669,2.675805682,1.5354897159999998,0.0822651223333333,0.1967555493333333,0.267632927,3.5001948326666668,0.0354824873333333,0.0093747856666666,0.0058944536666666,6.938595050333333,0.3592422306666666,0.206059073,3.4665687910000003,0.048640928,0.0590798353333333,0.1578164773333333
3.3039925236666665,4.979642640333334,14.413918329,0.2886463193333333,9.747817780666669,19.536847972,18.104137577333333,11.150589519333332,4.333020731666667,3.0230292453333334,37.29648860666666,0.5527523383333334,8.771565147333334,10.739871498333336,10.119293765333332,29.235290266666667,28.543179095,15.0197346,17.206643226666667,24.946670001,4.859751122,14.613979748,30.65712847933333,19.164977545666662,40.75583039266667,2.341633338,16.172940893333333,16.1298947,15.476164635666668,9.554726070666666,1.2347357596666666,0.3573564369999999,10.642953424333331
5.736518235333333,35.91063400333333,10.05087319,2.198273957,25.760572980000003,18.953152732,17.846346131,11.246931697666668,8.197020265,9.206649902,23.980075553333336,0.9320802506666666,6.952988537666667,8.616225811333335,14.605195270333336,24.46807070733333,16.321239168,31.48118071333333,13.146998731000002,12.317310115,6.920815315666666,17.349275245333335,7.438209817000001,32.56542413,15.033564080666666,17.824849786333335,13.744721908333332,8.139599400333333,39.35100048666666,8.185245092666667,14.046379345,2.0099765533333334,23.667406038666662
0.1081180096666666,0.0876778236666666,13.824293490333332,0.1713679263333333,0.4699515596666666,11.896397856333332,0.153710593,0.7642425306666668,2.90370526,0.0363689576666666,1.1698700703333331,0.3939591696666666,7.397248575,9.632815871666669,4.728793598,1.579808191,0.067128202,1.357198094,0.0958183543333333,4.068243857,1.749968259,0.098771847,0.0,0.1651316613333333,0.326189498,0.0675120533333333,19.09221924,0.0517409126666666,1.9156142336666664,4.5139078716666665,0.430944476,0.2098191029999999,0.0410874996666666
0.1334560623333333,0.0894601199999999,8.442880658666667,0.0234356833333333,0.0837128053333333,10.117527600666667,0.0035557916666666,2.6597279916666667,4.944692391333334,0.0473086133333333,0.8736321939999999,0.8329501856666667,4.991308284666666,10.602827910666669,0.353652989,0.6420674186666667,0.839405203,0.3412761533333333,0.3567492103333333,2.1492345276666667,1.5551915346666665,1.078051822,0.2575273116666666,0.0414796516666666,0.7153070276666668,0.1307442756666666,11.350973662666666,0.076699162,0.379092752,5.430198863333334,0.0443550263333333,0.4086823433333333,0.0296599533333333
0.0708873696666666,0.0192134496666666,5.922767984666666,0.0363207326666666,0.0548122929999999,6.407155223666667,0.0065891353333333,4.324906565333333,6.4620559213333335,0.003943978,0.2455745756666666,0.0691766496666666,6.496223568,7.009669519333333,0.0006540116666666,0.0229532233333333,0.0169617886666666,0.044220612,0.0138201556666666,0.064614991,3.4577696776666667,0.8589940483333334,0.032332406,0.032190543,0.0077060773333333,0.0025710483333333,0.3254571786666667,0.02243477,0.0132403553333333,6.255109921666666,0.013631362,0.0078990676666666,0.119161823
1.135604562,0.2328554456666666,6.471758935666667,0.628715316,2.6980756133333337,3.583654191666667,1.244661864,0.7474517203333333,5.559026403666667,0.7849084363333333,1.4427263936666666,5.519822810666668,5.581141721000001,13.776104310666668,1.9529143156666664,1.785515979,1.1091778056666668,0.5247289886666667,3.146704953,4.43491585,4.694429657333333,0.1683068293333333,1.7166950346666665,1.7392099680000002,1.4966698476666669,0.0042926356666666,2.9053175623333334,0.128600866,0.189609764,6.2256865076666665,0.653262959,1.0270133863333333,0.0302644223333333
19.068243464,7.241251720666667,2.577737437666667,15.559613443333332,9.726358867,2.6357829943333333,6.6206273200000005,4.869466913,2.499325143333333,9.485972838666669,2.7003983923333337,20.10653552566667,6.842705448666667,7.827886122,11.453728133333334,4.325697548666667,12.224407008333332,7.011999706,4.781235235666667,0.418171761,9.795204136666667,4.601086597,14.558789747666667,1.8031833136666664,0.3285173413333333,12.050684019333334,5.790415121666666,5.612775464666666,11.712925916333331,9.520700273666668,12.317233359666666,32.51264212,2.734938784333333
12.290725442333333,0.914419697,1.5191873356666663,2.413988701,4.077780916666667,0.098960437,15.137408183333331,4.171894683333334,0.5092069456666667,1.4551447206666666,8.461373691,0.6519793206666668,4.389454176,0.718953332,5.249429901,6.812465006333333,7.341309951333334,5.772177089,23.267884830333333,0.2133155209999999,5.030689984,0.129387259,7.927582731333334,0.3397128246666667,0.1705015573333333,0.1113174206666666,9.371203536333333,7.136939919666667,1.8950006946666669,1.7920044893333331,1.839450202,6.102201793333333,0.0378980193333333
2.752008841333333,0.0177278429999999,6.481607938,0.0809876846666666,3.529368908666666,5.900219759333333,2.392486577,4.201409710333333,2.1223792066666665,1.0493538406666667,0.1581502483333333,0.1448262766666666,4.528735088666667,7.468774311333334,0.074219129,0.0660537483333333,1.2904764726666669,0.5364306733333333,1.875956032,1.3373998576666668,5.861752128666666,3.5418151676666665,0.5345038936666667,0.0915847106666666,0.386098617,0.125409638,3.374228143,2.718883898333333,0.2204053986666666,3.1341575883333337,0.03471409,0.7315578770000001,3.967950909666666
1.879571931,1.4289724136666664,1.9608232483333328,0.041340284,0.2594797373333333,3.4377001283333333,0.8904166099999999,4.531664963,3.199155578666667,0.7675225126666666,4.638476326666667,2.665041886,1.7372922713333334,0.7488362286666668,3.395499562666666,7.321995304,7.666399935666667,5.422258338333333,2.0877324416666667,2.267961264666667,5.136352348,0.9357354376666668,3.304354505333333,2.6547865463333333,1.357818751,0.1402864976666666,3.217914931333333,5.951621367,3.138753211333333,1.069915137666667,0.199305398,0.5415158386666666,0.4342469076666666
4.031482409666666,0.0400302596666666,8.427608508666667,0.0024260493333333,0.7474231183333334,8.776293815333334,2.21851223,18.955177544,2.1846907643333333,0.016724188,4.585853703333333,0.179327817,6.2452060110000005,8.873272136333334,0.5056868736666666,1.003502096,1.1736681426666669,1.6056018463333332,2.380588737,0.4327814543333333,6.645808738666667,13.754122009666666,4.826027981666667,0.326927839,1.105010683,0.03923032,2.938599391,5.977715466333334,0.148416118,4.411338683666667,0.0315527336666666,1.886235849666667,5.8504256503333325
1.9278845116666667,14.720139701666668,0.0823329376666666,0.1445297373333333,0.1760794056666666,0.170442356,0.5896277436666667,1.102685024,1.459064375,3.371100075333333,0.3426880863333333,9.546820084,2.3526822846666664,0.328058722,0.0663428236666666,0.0666362736666666,0.2924261313333333,0.176388942,0.2044925353333333,4.739974790000001,1.092117063,0.28217512,0.4333982253333333,8.913052996666666,6.336130929,9.344086534,0.0283776826666666,0.982848016,1.0548847196666669,0.407048141,1.2941929823333334,8.868352432666667,0.0096338423333333
1.1494277759999998,2.475054297,2.4474779053333333,0.6832669186666666,4.612697174,2.061360451,2.8936045836666664,2.1105864596666666,1.6126040149999998,2.2531107706666664,0.0891489666666666,5.538975702666666,5.057917238999999,4.4650148493333335,1.3642147066666668,0.6015959643333334,0.0758050623333333,0.2838052503333333,1.3424858963333337,1.0640360313333332,1.3033202119999998,0.8192509086666666,1.0677823153333332,4.089427393666667,2.406281568333333,2.4312063906666666,1.7172256706666669,4.077237495333334,1.3468243576666667,4.273929117666667,1.87115402,8.642924946666668,0.1966627363333333
2.4100635893333333,4.907462685,1.558893489,4.403120284333333,1.996058657,0.6096985106666667,2.240827892,0.7405366126666667,0.2309717583333333,3.50817972,2.893741099,11.005513862666668,4.538743511,0.8993914243333334,2.659455340666667,3.924392103,3.586580191,5.181284343000001,3.995792211333333,1.6880209016666663,4.181895034666667,0.8899964749999999,2.429491330333333,6.100845793,4.342372218666667,6.637334961666666,3.02812755,1.8788607936666668,4.06953225,1.994724494,4.196408829666667,7.535222768,1.326287512
0.0065775876666666,3.735854362,0.1121063263333333,0.0591021716666666,0.1766425606666666,0.1099031783333333,0.0343294456666666,0.0,1.7676042689999998,0.1558821866666666,1.988917501,9.513989696666668,0.1019740936666666,0.2877717553333334,1.7169947723333332,5.252844573,0.3728376376666666,0.8490164193333335,0.0849971746666666,29.78740405166667,0.4917071536666667,0.017249104,0.0221712883333333,12.636321076,21.023360196666665,0.8975545613333334,3.467769308333333,0.0526840556666666,0.3393651,0.16374586,0.0445150393333333,0.606915467,0.0520604893333333
0.0828779713333333,0.7216223156666667,0.590466767,1.1561407783333333,0.038422799,0.2877339203333333,0.021687197,0.083378812,1.4888890010000002,1.3075527213333331,0.0804133903333333,1.52408648,0.393462867,0.9360587853333334,0.3851792116666666,0.3572609996666666,0.617153112,0.7342567713333333,0.0227030173333333,0.3950051076666667,1.1535396503333333,0.014703513,0.0258196733333333,0.6568258053333333,2.028486351,0.1450030673333333,0.6291307166666666,0.0912676833333333,1.08619047,0.2097785763333333,1.7278247879999995,0.706625071,0.0322960553333333
0.64272083,1.050311849,0.9485600713333332,0.0194287286666666,0.001238432,0.7862044673333334,0.1319328733333333,0.0014688009999999,0.5927932703333333,0.6162089430000001,9.254753865666666,1.4543896106666665,0.7679245796666666,0.6573721076666666,2.001828054,4.156454802666667,2.8139194476666667,3.094539614999999,0.045414685,5.233669221333334,2.2854765473333334,0.0211206406666666,0.1360737896666666,1.1613702196666666,2.908904766666667,0.6384337606666667,1.5090059366666668,0.3994299586666667,2.646826716333333,0.743738859,0.7304782639999999,0.5989793816666666,0.0568820513333333
1.5646294916666668,0.4867722293333333,0.5644511613333334,0.980951241,0.031636625,1.986277619,0.0826983606666666,2.2819702383333333,0.1552106053333333,1.1879392183333333,0.2139658566666666,0.5314757576666667,3.514919636,3.525632857333333,0.0788387103333333,0.3304972343333333,0.0406299356666666,0.1397438776666666,0.0115032783333333,0.105897252,4.191832919333334,0.2245791906666666,0.0247935956666666,1.523291475,0.4595547443333332,0.2670359576666667,0.040870197,1.4490520756666667,0.1746718726666667,2.817075190333333,0.2219441546666667,0.4344794846666666,0.55034996
1.851442795,0.2701305096666667,1.162029776,0.0063724229999999,0.903378546,2.390417069333333,1.61276552,6.7983718086666665,1.9306083683333333,0.7054084206666666,0.4942555146666667,0.939990891,3.479432701666666,3.1709319946666668,2.0369499863333336,0.6316048106666666,0.5941440433333333,0.712304579,0.603400832,0.0141078906666666,9.241547751,5.491578194333333,0.8603098153333333,0.301302423,0.0819384096666666,0.312662575,0.6237794263333333,4.390991895666667,1.112382827,3.301345699,0.270456773,1.252683123333333,4.350739727
1.447638267,0.026055623,1.886543423,0.0743893416666666,4.767751510999999,3.602639064,2.275510138,1.5950247089999998,5.8699654956666665,0.498869852,1.2815930416666668,0.7323465203333334,5.766104548,4.7521510283333335,0.41690643,1.0579244146666666,0.2261867593333333,1.2070273246666667,3.690332976666667,0.0036332113333333,5.3180817073333335,5.717333584333333,0.951812543,0.0163704153333333,0.001173474,0.016382943,0.8944405903333336,3.524577774333333,0.0890242843333333,4.697960982666667,0.0448782643333333,2.7745248326666663,7.178758524
5.412620272666668,0.0014201313333333,3.276199443,0.7072915476666667,1.0732773536666669,1.897207905,0.9769142793333332,1.3432328256666668,3.724354166,0.0303406446666666,1.146867875,1.513684319,1.529017733,4.645037496333333,0.5838226063333333,0.8176652213333333,0.2458349466666667,1.3684839646666669,0.358682385,0.0,2.8328790426666663,1.1045168753333334,0.1084410183333333,0.0273709486666666,0.0097207223333333,0.0035256119999999,2.9820879376666665,4.915888204,0.050687233,1.7972178770000002,0.2547329763333333,4.1155797566666665,1.2835091566666663
3.037794953333333,12.044153095333334,4.97610838,1.0297770606666667,3.075646298333333,13.857243701333331,1.1262833346666663,3.4373004936666667,4.373799604666666,7.272081595666667,1.2943707976666667,1.4478661443333334,2.9947658526666667,4.921955026333333,6.735205531666668,3.3982903323333336,0.7019859813333333,3.15420203,0.790357485,21.05485837,4.092081660333333,3.2192721733333336,0.510224763,16.306601949,19.83566868633333,17.188904041666667,1.329934282,4.969509752666667,0.9671494636666664,2.866034107666666,3.1103805826666666,2.631449095333333,1.702143008333333
0.0392561436666666,0.30493272,2.491688056333333,0.7299846346666666,0.0130408956666666,11.822057941666666,0.0041314943333333,1.101516657,4.423801764666666,0.914222843,0.710692253,3.194632166333333,1.958484306,9.458672909333332,0.3155810433333333,1.00702329,0.130870942,0.3233897853333333,0.0014176336666666,4.199323975666666,1.3793863496666667,0.048905256,0.0099908266666666,1.8019072393333333,2.8945620216666668,0.03228777,0.2474643516666666,0.0878524453333333,0.238683644,1.9690322543333332,0.7313523983333333,2.599992829,0.0027624613333333
0.952338633,2.902428955,0.7303957990000001,0.013179864,0.039870335,0.2120635493333333,0.006635183,3.0197416820000007,3.3522423919999995,0.131745275,0.225721142,1.3015336133333333,1.6372277956666668,6.978927154666667,0.0972495776666666,0.0412968586666666,0.0084498213333333,0.074414025,0.1034536243333333,24.081847766666662,7.19786504,0.1811062483333333,0.0243713966666666,14.325109844666668,33.493631125,0.0110202826666666,0.023408966,0.5728512163333334,0.1198994286666666,3.784210051333333,0.0147565759999999,2.605325838333333,0.0
2.351311939,3.345312803333333,1.8911337693333337,0.542441936,0.8622199909999999,1.6459638566666666,1.82695273,4.2821579173333335,1.9676367873333331,1.1459968683333333,2.0968403056666665,6.399901386333333,1.3816126566666669,2.584756817333333,0.6084894483333333,1.8653903733333332,0.0838355106666666,0.409348617,1.041369434,2.331395447666667,2.156186651333333,2.7446119143333334,1.972592508,4.089441937666667,2.4471747893333338,2.210487877,0.4896830386666666,5.525691120666667,0.0609943863333333,1.1711436156666666,0.609003405,4.256201077,4.797631073333333
1.8336745863333328,0.0059898573333333,0.3290098,0.003435044,0.1382753253333333,0.0998799656666666,2.86915756,0.0962744443333333,1.1977599123333331,0.0120885549999999,0.177988869,1.5747008343333333,4.362384905333333,3.844365887333333,0.0148583216666666,0.0957110303333333,0.7722430303333332,0.0867550023333333,2.4375342576666665,0.0009884283333333,0.2777204823333333,0.1410062046666666,9.166392841333334,0.0188160533333333,0.0007003193333333,0.0,0.003576831,5.182639579,0.0069519496666666,4.921820994666667,0.003966914,0.2226104716666666,0.151207565
0.8690686370000001,0.3977564536666667,0.313565774,0.0,0.0,0.053659063,0.028060238,0.333532847,0.4527709516666666,0.0013418106666666,0.301172991,0.4783487213333333,2.742392826,0.2611000263333333,0.044060731,0.32538866,0.0052006896666666,0.1261247306666666,0.0475181556666666,0.0156343206666666,4.050203792666666,0.064199108,0.078095793,4.4452458256666665,2.7862977653333334,0.0027584336666666,0.0591492406666666,0.391199631,0.0002913506666666,2.3864359270000004,0.0004977553333333,0.1070474426666666,0.0901829666666666
12.802820909,0.3956357186666666,18.571066969666667,0.012637198,16.666045829999998,17.638294060333333,10.143378623666669,20.05715007333333,1.1677073896666668,0.0007342446666666,13.452888574,0.0421822443333333,1.6927448636666669,5.225298737666667,3.902268843333333,9.02185726,17.693190503,12.989090024,17.725618162,3.49036935,5.192297580000001,20.507842172333334,23.25102407833333,1.44348927,3.947860595,0.0,13.728455138666666,13.989833624333334,0.382795535,3.6233068833333335,0.137526814,2.6478408686666666,15.172979809
9.656710432333334,0.5577889656666667,0.289528226,0.1642678033333333,5.748800147333334,2.408107586666667,11.355267054666667,2.8896630696666663,0.7994111736666666,0.0542090003333333,0.6669147056666667,0.1921063546666666,2.9608286426666663,1.970358241666667,0.73779197,0.580620817,0.4830248623333333,1.6861185793333335,5.3073655833333335,7.521124860333333,0.7807899303333333,4.2043881113333335,2.436754688,2.123005716,2.7255376650000005,0.151401016,0.0484435256666666,9.588600000666666,0.120048106,3.293591948,0.128394815,3.1018875586666663,7.047247305
0.4202546643333333,1.0389037383333333,0.8794248626666666,0.0,0.7325972373333333,1.935931609,0.2100949713333333,1.0940271003333333,2.3875434033333334,0.0097935836666666,3.9155201796666663,0.018281187,4.8430116750000005,4.679264084333333,0.5408343223333333,2.186486158,3.221480884,2.4100009313333333,1.8435994516666667,7.718977123333333,1.2849341766666666,0.6176656563333333,3.9791204446666666,1.7136890779999998,5.154426853333333,0.0455402873333333,0.4410833963333334,0.275033247,0.2825978036666666,4.871168079333334,0.023070559,0.0284696506666666,0.1494476666666666
0.6491980606666666,2.9086970696666667,0.8983221916666667,0.0151032916666666,0.945801535,1.279598052,0.7200895176666666,0.8011021246666666,0.279482842,0.8700227716666666,0.6513767806666667,0.5722964819999999,1.5751890403333333,1.733112234,0.0692955816666666,0.3206269123333333,1.0741835733333331,0.5715957363333334,1.010549666666667,5.982559617333333,4.1237695573333335,0.924583383,1.069859057,5.039942779666666,6.556826891,0.689277294,0.1614668916666666,1.222793431,0.3306005293333333,2.911670021333333,0.1978857866666666,0.1748433929999999,0.6348798616666667
2.230202029,0.000323852,3.965959562,0.0,4.491766977666667,6.6913595930000005,3.809250566333333,5.051587822,0.7162077393333334,0.0015018226666666,1.4237769586666669,0.0036670836666666,2.1373644426666667,4.453490860333333,0.285428518,0.9399835753333332,3.3374930296666663,2.5832679886666665,5.094985584,0.0,4.700741127666666,8.632741455,4.330609493333333,0.0,0.0,0.0,0.7350047566666666,3.852882494333334,0.0709714486666666,4.277647993,0.0256605586666666,0.260995339,7.397633656333333
10.019499434666669,2.6668926193333333,0.0539457156666666,4.817909556333333,1.491282844,0.3895567543333333,5.344973617666668,2.4770408256666667,0.4487630333333334,2.516088489666666,0.2308790736666666,3.016899067,1.1279332886666669,0.538767608,1.469747145,0.3094899426666667,0.1198739993333333,2.608158422666667,2.013720623333333,5.0618461413333335,4.789061999666667,3.0881088250000004,0.6481674926666667,4.4080490076666665,3.581493943666666,2.983501733,0.10269979,5.423924031666666,1.3675414116666669,1.35728483,3.3182455350000004,9.270656911,4.348017033333334
8.476808882333334,8.419848631666667,2.9514524870000005,10.747803946,3.1715709256666664,5.859610050333334,1.6679773396666666,4.181430019,0.218332056,12.011480303666668,8.989055392666666,5.207060332666667,2.5785908836666667,2.5834822763333336,10.235930288,9.810539461,7.496067168,8.519853963000001,3.846850829333333,10.891223548,6.529552951,3.331583850666666,5.43412536,6.7834490213333325,9.478443554333332,3.4257683723333336,7.450798197,4.2729970863333335,8.241915330333333,2.7435614966666666,14.187965016666666,7.395734125666666,1.994333916
7.787336214333333,0.6309808840000001,8.289442492000001,0.8562764039999999,3.4325428526666664,7.519219509999999,2.919691857,2.731569598333333,0.259050776,0.6606334753333333,19.835693541666668,2.290734962333333,0.5377617436666667,2.873027237333333,7.157894426,13.320486309,14.649763847333334,10.391049945,5.465082519,1.4900283493333333,1.8296998666666664,3.4822384996666664,7.589121719,0.8118536376666666,1.1780991706666668,0.24834157,3.844822142,4.700329306333333,6.145543839999999,0.8498143363333334,1.5690128826666667,3.497222283,2.025240279333333
1.0181328266666667,1.2208969173333333,0.2391791709999999,2.827691776,0.0918425233333333,0.1228876723333333,1.198404519,1.5428207853333331,0.2700145343333333,2.4041668373333334,0.0839588163333333,0.0682675096666666,3.2621713876666667,0.3258115316666667,0.719956551,0.0722898136666666,0.1373645426666666,0.2174578983333333,0.1533157533333333,5.682776813333334,0.609551869,1.2060490666666668,0.0546285146666666,1.7145084333333331,3.988074168,1.113196321,0.426271603,1.0730520933333334,3.6805015626666666,1.0747863213333333,2.832174154,1.425227274,0.5585421246666666
0.0100816233333333,2.694692119666667,1.1527201236666664,0.0015945306666666,0.1408140143333333,0.3695870866666667,0.0864966676666666,2.0076369746666667,0.1996618226666666,1.931441134666667,0.1061108566666666,2.275062107,1.378150488666667,2.1293351496666664,0.013496304,0.08976559,0.0015130276666666,0.051995214,0.0138933613333333,1.7269700183333334,1.074178351,0.8280918616666667,0.0022542853333333,5.60640333,3.3164234626666667,1.4144673533333334,0.3043630166666666,0.2380031036666666,0.5295483519999999,1.676637478333333,0.1675110933333333,1.0200456826666666,0.019735202
0.0009070493333333,0.069718922,0.53860374,0.0,0.0,0.0008666546666666,0.0047557696666666,0.0064436426666666,0.0157018409999999,0.1794076403333333,0.0179099173333333,1.5903687763333334,0.0211430383333333,0.1789228193333333,0.0,0.0051480803333333,0.0011401426666666,0.0064028943333333,0.0,0.0,0.0233368726666666,0.0,0.0,0.1850888616666667,0.0,0.242976125,0.7238940229999998,0.0,0.0,0.0354225486666666,0.0061730846666666,0.6242947076666666,0.0
0.1125683196666666,6.310262729666667,2.3392299856666665,0.0,0.120608633,0.5079876993333333,0.9056874676666666,1.5094894583333334,0.0208943816666666,0.6797613523333333,0.1267294646666666,0.7604415736666666,0.1181091473333333,1.852730297,0.014360729,0.0730832073333333,0.5790114566666666,0.0471654066666666,0.2075092026666666,8.288396049333334,2.0939530546666667,1.8733013473333333,0.1894892483333333,8.393822296666666,11.100379809666668,3.30470132,1.272545994,1.2704984153333332,0.0017455243333333,0.7478252406666667,0.0007864959999999,0.01857499,2.080598375333333
1.2963340266666667,0.0,0.6104442656666667,0.0094116693333333,0.7219551043333333,0.510974063,3.386435617666667,1.1824244956666667,0.0147468353333333,0.0005612926666666,0.5778492066666666,0.083340767,0.884091962,2.061702010666667,0.006828563,0.1170408206666666,1.3387554606666667,1.031422328,2.509934199666666,0.0008087896666666,2.5556148616666667,0.7528283293333334,3.181027025666666,0.0077006683333333,0.001255237,0.002473008,0.0681711646666666,1.9526474546666668,0.0020989293333333,1.9045431366666667,0.0117903476666666,0.073336628,1.1732897670000002
0.6434574886666666,0.0012340053333333,0.0460258653333333,0.0,0.3045703803333333,0.6071278053333333,0.94095234,3.492879161,0.0186517123333333,0.0064144226666666,0.4401736383333334,0.00237235,3.845123627,0.4772635683333333,0.021988483,0.1830423959999999,0.0273465396666666,0.116969125,0.1479591783333333,0.0,9.599083109,2.1341710873333333,0.0261922349999999,0.000447006,0.001042285,0.0002154183333333,0.0029589646666666,1.6366224349999998,0.005407111,2.603433647,0.0004751513333333,0.0012026846666666,1.6968729
0.600321747,0.4243494213333332,1.0757468503333334,0.0594589993333333,2.447609702333333,1.0332324846666667,0.9822087393333332,1.1750549726666666,0.0003123943333333,0.2125077013333333,0.4690383973333333,1.0387577726666668,0.0363544293333333,0.4894145569999999,0.1543353923333333,0.276448986,0.7367373916666667,0.373658555,2.248313693,0.0252053453333333,0.152162817,1.6186134689999998,1.950205948,0.2630672583333334,0.150929513,0.5261540516666666,0.424445558,0.4914038343333333,0.224734679,0.001510733,0.0054081886666666,0.0803060553333333,1.380099963
0.4173462939999999,0.6172035073333334,1.0249975833333334,0.010331673,1.949847747,0.4171035723333333,1.242055507,0.3399429846666666,0.0002653693333333,0.102439961,3.1049379100000003,1.6832184986666665,0.0001300796666666,0.208841955,1.1015715516666666,1.9140850026666667,5.102924775666667,3.4873109336666666,1.874859405,0.1701595293333333,0.024238485,0.8692531126666667,3.9925585236666663,0.9865608473333336,0.0122800443333333,0.6276175543333333,3.1927283766666665,0.2632224056666666,0.77370577,0.0331911553333333,0.0558123086666666,0.371169164,1.211785359
2.560145421666667,2.3001258836666665,3.657958100666667,0.9837121153333334,3.1275856876666666,0.18985241,4.265024234666666,1.2539324303333337,0.001317878,1.6186353823333337,3.094350035666667,8.187028786333334,0.000108612,0.5905665826666667,2.702428400666667,2.9242231536666665,10.717322408333333,3.678704018,7.915663403,2.1330855676666665,0.1657035353333333,0.975720477,12.106789078,4.289339224,1.8121284453333333,2.6024643936666667,6.118756477666667,2.1955072306666668,2.0285214336666666,0.0063479869999999,1.2801440666666668,1.7559845606666666,0.7426749153333333
0.971241546,0.2854887933333333,1.149554165,1.3332813923333335,2.3170957800000003,0.179283905,3.756592630666667,0.8001898340000001,0.0,0.477117339,3.1731502996666667,0.3391728793333333,0.036138474,0.285901487,2.6903279323333336,3.558590300333333,2.495623419333333,3.073342399,1.8879073476666663,0.0679257306666666,0.098696513,0.962456726,1.1071532503333332,0.2432856449999999,0.1949525406666666,0.1632925956666666,2.8977236430000004,2.495442609666666,1.5325774050000005,0.0027754393333333,1.0883932366666669,0.8670561476666667,1.840314151
1.2332644353333333,0.0006506393333333,0.3317421683333333,0.154952869,1.0383487446666668,0.0626325636666666,1.5572145496666667,0.279271546,0.0440778713333333,0.000140198,0.074027375,0.1021528763333333,0.2322944836666667,0.634435921,0.0360331263333333,0.0517939329999999,0.056934622,0.156908194,0.7855184606666666,0.0,1.351499865,0.2277786,1.00969434,0.0012547426666666,0.0,0.0005097663333333,0.0684847163333333,1.464614987,0.0,0.2121335496666666,0.0127013949999999,0.8656136606666666,0.115728708
3.813235685,2.369288832333333,1.3615676023333334,2.7750650506666665,3.542422683333333,1.6334390573333335,4.274567618333333,2.951854378,0.022751574,2.0605712053333334,3.059990720333334,3.353477731666666,0.027794472,1.6944933886666669,3.057792424,3.0442178646666664,3.1090785750000003,4.044652705333333,3.7711789863333336,2.515958715,0.5074980573333333,2.284945598,3.802410828,1.8915340706666663,2.1059174520000004,2.6147748390000003,2.5581643413333333,2.6678426326666664,3.0255075743333326,0.1212240216666666,2.6846565756666667,4.742250578999999,2.6912771416666668
0.201130313,0.001154206,0.000976684,0.0,0.0,0.3062435623333333,0.538384094,0.6468621533333333,0.0707540386666666,0.0009174183333333,0.02239258,0.00348301,0.1889344713333333,0.1654085953333333,0.0009033983333333,0.0048587683333333,0.0002814133333333,0.0086984663333333,0.004492484,0.0,0.331775137,1.0831910946666663,0.0,0.0018058446666666,0.0013037973333333,0.0004737353333333,0.0002667706666666,1.0562454396666667,0.0,0.1209759853333333,0.0002462176666666,0.006101714,1.3369820883333334
0.0011231963333333,0.0,0.001253317,0.0055228786666666,0.0,0.002852811,0.0,0.0,0.0,0.0,0.0121112506666666,0.000827214,3.063333333333333e-05,0.0040036106666666,0.0,0.0020356953333333,0.000172415,0.002605522,0.0003861703333333,0.0,0.002907997,0.0,0.000497793,0.0,0.0,0.0,0.0,0.0,0.0,0.0008069263333333,0.0,0.012045291,0.0
3.259567386,1.6843696816666665,0.750513176,2.529407277,4.287836018666667,0.065095705,3.3396213953333334,0.2321955566666666,0.0,2.1919483666666664,3.602790218666667,0.249807502,0.0,0.0144493256666666,2.834057361,2.853404273,3.881711520333333,4.487359898,5.172304637333333,0.4371318883333333,0.015903383,0.45477972,5.979228005333333,1.3828697523333335,1.1547044793333334,1.7803306146666669,0.8994223406666667,1.4592610963333332,2.773719441666666,0.0,2.7524023986666664,2.0051502353333333,0.7838948926666666
1.4593527886666664,0.000521265,1.4383742570000002,0.0747888983333333,2.324568336,2.546568698333333,2.1494098606666667,0.4211805016666667,0.0,0.1707554216666666,0.080957219,0.8603796466666668,0.0,0.162110652,0.0004072266666666,0.0387670306666666,0.4477632833333333,0.1593864663333333,2.073941094333333,0.0,0.083057193,1.7895743016666668,1.357521648,0.0052165156666666,0.0,0.1374140533333333,0.020710821,1.072650225,0.0,0.0002719553333333,0.0560438726666666,3.506168837666667,2.641182413
1.4351018186666666,3.6617604893333335,0.4254217743333333,0.8964220196666667,0.0066791443333333,0.8485495346666667,0.6697193176666666,1.4077126926666663,0.0905906726666666,2.5054153093333333,0.1449490886666666,1.1272206426666669,0.0005282196666666,0.4903889723333333,0.021850518,0.0529793983333333,0.1071610633333333,0.227368491,0.1307079626666666,0.8987807253333333,0.142652523,0.4274837836666667,0.088417074,4.021258332,2.560562044333333,3.6595197103333335,0.03088779,1.328662410333333,0.3670727326666667,0.0963274576666666,1.3805899576666665,1.7545761143333334,0.0042474556666666
0.2879226079999999,0.0172133493333333,0.1249625763333333,0.0,1.919878479,0.5456667666666667,1.7801025426666666,4.385257133666667,0.0,0.0001975613333333,0.0737030816666666,0.0437475346666666,0.0,0.567131846,0.0018296546666666,0.0305317876666666,0.0115183346666666,0.0675305026666666,0.5159715186666666,0.0,0.2760164953333333,5.113629707666667,0.14210201,0.0889032783333333,0.0,0.0006139303333333,0.025262385,2.2395646213333333,0.0,0.0058882136666666,0.0,0.077189031,4.9035012936666655
0.1807760366666666,0.0,2.9866666666666663e-05,0.0,0.0,0.0008062516666666,0.0022424873333333,0.0042733703333333,0.0,0.0,0.05184841,0.0014005816666666,0.0,0.0,0.0,0.0085259023333333,0.0002034486666666,0.010992262,0.002854865,0.0,0.0619158086666666,0.0,0.0,0.0,0.0,0.0,0.0,0.165844147,0.0,0.000240668,0.0,0.0027503033333333,0.0
0.1701280103333333,0.0,0.293708171,0.0,0.0482408973333333,0.0770523529999999,0.029796599,1.0343750516666663,0.00502741,0.0,0.054111876,8.150666666666667e-05,0.0,0.025335471,0.0,0.010313962,0.007485642,0.0085767073333333,0.028005444,0.0,0.0679641946666666,1.0033131176666668,0.0028724849999999,0.000270587,0.0,0.0,0.007709181,0.360832016,0.0,0.0016973773333333,0.0,0.0004579113333333,0.2547038803333333
0.5283614063333334,0.0010860403333333,0.3003159643333333,0.0018933939999999,0.0,0.4747195636666667,0.034352261,1.0725758623333337,0.0,0.0048673283333333,0.0614995073333333,0.000982754,0.0038145113333333,0.491895365,0.0,0.0192512663333333,0.057540555,0.0234985256666666,0.001639667,0.0,0.1049404703333333,0.7029043106666667,0.0,0.000411769,0.000985963,0.0,0.013223156,0.4908461336666667,0.0,5.0568e-05,0.0014635746666666,0.0025436129999999,0.1948806166666666
0.567320736,0.0002476793333333,0.0012635406666666,0.0,0.0,0.0713536953333333,0.425948703,1.0353794223333332,0.0,0.0,0.079507581,0.0016817896666666,0.0,0.2115440733333333,0.0,0.0167859629999999,0.0023888356666666,0.0318669053333333,0.004737675,0.0,0.086493487,0.9457961386666668,0.0,0.0003361236666666,0.0002903823333333,0.0,0.0007464033333333,1.106879514,0.0,0.001266664,0.0,0.0064467083333333,0.357465638
0.321993937,0.0,0.0,0.0,0.0,0.001008631,0.0,0.0,0.0,0.0,0.083005779,0.005376783,0.0,0.002400767,0.0,0.0128212,0.000497932,0.014803589,0.0,0.0,0.008718176,0.0,0.0,0.0,0.0,0.0,0.0,0.372230026,0.000347396,0.001668324,0.0,0.003705635,0.0
