BM,BTG,BWQ,CLJ,CT,DMZ,FSB,GGS,GTQ,HK,HLS,HMS,JJQ,LJG,LK,NJG,PS,QJDQ,QXC,SJY,SMZ,SPY,SWB,SXC,WC,WHK,XH,XJX,YJ,YLJK,YSG,YYL,ZT
92852.54166666669,100267.875,97816.125,100125.375,95943.25,97525.125,97807.25,96021.75,67803.29166666667,99198.08333333331,94322.04166666669,100193.83333333331,81030.04166666667,95895.54166666669,100080.45833333331,98607.41666666669,94784.79166666669,99310.95833333331,98378.79166666669,100305.66666666669,95895.54166666669,96862.04166666669,96773.75,99949.66666666669,100428.79166666669,100258.125,100171.25,97566.625,100110.33333333331,87423.75,100074.08333333331,100134.45833333331,97658.83333333331
93034.5,100395.70833333331,97844.70833333331,100141.83333333331,96012.33333333331,97508.45833333331,97844.41666666669,96008.08333333331,67891.16666666667,99303.66666666669,94429.54166666669,100308.83333333331,81045.79166666667,95884.66666666669,100023.20833333331,98563.58333333331,94913.875,99244.0,98502.125,100507.79166666669,95884.66666666669,96858.95833333331,96939.20833333331,100118.75,100627.58333333331,100347.5,100161.83333333331,97561.41666666669,100160.33333333331,87675.20833333333,100083.875,100147.625,97662.04166666669
92923.79166666669,100556.33333333331,97710.25,100144.54166666669,95873.04166666669,97466.79166666669,97704.75,95980.95833333331,67945.0,99441.0,94395.70833333331,100437.16666666669,80946.95833333333,95862.125,100021.875,98565.66666666669,94849.45833333331,99252.625,98290.91666666669,100735.25,95862.125,96799.41666666669,96789.125,100315.33333333331,100854.95833333331,100490.25,100192.54166666669,97481.08333333331,100232.04166666669,87512.45833333333,100122.91666666669,100148.20833333331,97571.91666666669
92703.70833333331,100162.66666666669,97543.5,99807.45833333331,95705.66666666669,97241.91666666669,97537.45833333331,95749.25,68151.5,99052.0,94091.91666666669,100052.875,80971.125,95625.125,99726.20833333331,98292.33333333331,94566.08333333331,98973.125,98149.95833333331,100306.625,95625.125,96585.875,96579.79166666669,99907.125,100416.20833333331,100110.75,99865.45833333331,97279.70833333331,99880.91666666669,87519.0,99786.875,99810.625,97376.54166666669
92643.25,100135.45833333331,97455.58333333331,99793.04166666669,95618.66666666669,97152.04166666669,97438.41666666669,95679.33333333331,67996.66666666667,99073.75,94071.45833333331,100073.95833333331,80948.125,95562.04166666669,99661.95833333331,98215.91666666669,94543.5,98897.875,98070.91666666669,100315.375,95562.04166666669,96491.33333333331,96534.0,99894.33333333331,100427.33333333331,100114.125,99832.5,97176.66666666669,99870.29166666669,87565.45833333333,99763.0,99795.79166666669,97267.33333333331
92782.83333333331,100262.58333333331,97616.33333333331,99984.45833333331,95787.79166666669,97322.5,97622.66666666669,95829.25,68118.91666666667,99195.54166666669,94246.875,100200.16666666669,81029.41666666667,95707.375,99877.5,98425.04166666669,94724.83333333331,99109.83333333331,98247.5,100345.91666666669,95707.375,96669.375,96714.95833333331,99957.125,100473.375,100239.5,100002.66666666669,97367.16666666669,100009.95833333331,87548.91666666667,99924.41666666669,99990.66666666669,97456.41666666669
93048.16666666669,100441.375,97858.29166666669,100183.41666666669,96026.33333333331,97561.16666666669,97860.625,96060.25,68229.66666666667,99442.66666666669,94449.79166666669,100443.58333333331,81189.875,95932.875,100105.54166666669,98637.95833333331,94947.41666666669,99333.66666666669,98492.125,100543.08333333331,95932.875,96903.66666666669,96947.79166666669,100171.54166666669,100646.70833333331,100463.33333333331,100242.16666666669,97597.75,100252.04166666669,87848.875,100161.08333333331,100189.41666666669,97693.79166666669
92970.29166666669,100539.0,97702.95833333331,100277.25,95878.33333333331,97401.875,97696.66666666669,95929.5,68217.25,99566.0,94439.04166666669,100574.70833333331,81400.20833333333,95811.04166666669,100017.45833333331,98526.58333333331,94939.29166666669,99205.33333333331,98350.0,100588.08333333331,95811.04166666669,96735.04166666669,96880.41666666669,100223.66666666669,100755.20833333331,100581.54166666669,100246.66666666669,97414.08333333331,100336.66666666669,87970.79166666667,100194.45833333331,100278.29166666669,97519.375
92743.75,100302.5,97458.5,99932.66666666669,95646.375,97122.66666666669,97449.375,95643.25,68269.70833333333,99314.54166666669,94073.45833333331,100306.0,81288.29166666667,95521.20833333331,99638.0,98139.16666666669,94584.625,98817.04166666669,98122.125,100406.0,95521.20833333331,96475.66666666669,96631.45833333331,100009.25,100551.83333333331,100323.25,99894.91666666669,97155.5,100011.95833333331,87825.29166666667,99855.95833333331,99931.95833333331,97257.875
92874.20833333331,100517.625,97564.5,100151.45833333331,95756.625,97260.0,97551.79166666669,95796.79166666669,68255.0,99468.29166666669,94350.04166666669,100462.125,81276.625,95682.625,99950.5,98478.58333333331,94814.16666666669,99148.25,98201.16666666669,100680.66666666669,95682.625,96602.08333333331,96712.16666666669,100262.91666666669,100812.70833333331,100497.83333333331,100171.04166666669,97269.33333333331,100230.41666666669,87854.20833333333,100110.45833333331,100151.625,97384.54166666669
92949.625,100464.25,97719.08333333331,100085.04166666669,95891.33333333331,97413.0,97718.16666666669,95929.70833333331,68304.66666666667,99344.41666666669,94303.125,100345.5,81175.16666666667,95807.04166666669,99945.375,98489.91666666669,94775.95833333331,99173.75,98339.375,100647.33333333331,95807.04166666669,96759.25,96791.5,100228.95833333331,100757.16666666669,100417.5,100101.875,97454.45833333331,100159.16666666669,87760.5,100037.41666666669,100089.29166666669,97559.08333333331
92855.58333333331,100525.70833333331,97567.45833333331,100043.83333333331,95765.54166666669,97245.95833333331,97572.41666666669,95768.625,68001.54166666667,99324.20833333331,94301.70833333331,100313.25,81072.83333333333,95642.79166666669,99947.33333333331,98507.91666666669,94762.29166666669,99180.25,98203.375,100775.25,95642.79166666669,96593.79166666669,96701.33333333331,100342.125,100875.83333333331,100392.16666666669,100115.125,97281.33333333331,100154.875,87671.125,100043.45833333331,100046.625,97392.625
92818.875,100060.91666666669,97530.16666666669,99891.58333333331,95714.58333333331,97207.91666666669,97513.66666666669,95740.0,67989.25,98998.875,94296.20833333331,99999.29166666669,81071.04166666667,95619.75,99873.625,98463.25,94752.875,99133.875,98143.625,100178.25,95619.75,96555.75,96672.41666666669,99827.0,100215.79166666669,100067.41666666669,99962.70833333331,97244.25,99925.95833333331,87709.54166666667,99870.5,99900.5,97349.33333333331
92601.41666666669,99041.29166666669,97325.95833333331,99481.20833333331,95527.375,97050.16666666669,97337.29166666669,95598.08333333331,68170.20833333333,98359.375,93876.54166666669,99368.20833333331,80948.5,95487.04166666669,99400.91666666669,97972.33333333331,94363.33333333331,98646.79166666669,97978.58333333331,99157.625,95487.04166666669,96407.25,96430.79166666669,98735.375,99233.66666666669,99295.33333333331,99440.625,97098.04166666669,99333.04166666669,87539.0,99339.875,99490.75,97190.95833333331
92597.45833333331,99726.375,97289.29166666669,99530.04166666669,95500.04166666669,97013.08333333331,97301.33333333331,95548.33333333331,68286.20833333333,98742.66666666669,93853.83333333331,99738.25,81128.41666666667,95430.125,99369.0,97920.375,94337.75,98590.41666666669,97922.25,99800.95833333331,95430.125,96372.95833333331,96389.95833333331,99433.625,99928.25,99749.16666666669,99532.83333333331,97065.0,99561.45833333331,87726.79166666667,99463.04166666669,99535.25,97161.75
92665.95833333331,99969.16666666669,97307.29166666669,99654.41666666669,95526.29166666669,97012.33333333331,97306.79166666669,95549.45833333331,68100.16666666667,98858.83333333331,94045.33333333331,99845.0,81119.95833333333,95435.95833333331,99591.29166666669,98167.375,94502.45833333331,98839.375,97932.70833333331,100137.375,95435.95833333331,96368.95833333331,96426.25,99740.95833333331,100236.08333333331,99912.25,99718.125,97048.66666666669,99722.54166666669,87685.54166666667,99636.0,99661.0,97155.08333333331
92691.375,100018.20833333331,97363.66666666669,99662.91666666669,95569.58333333331,97090.70833333331,97357.83333333331,95650.16666666669,67934.70833333333,98827.0,94102.375,99819.125,81125.75,95539.375,99638.33333333331,98224.79166666669,94555.5,98895.79166666669,97974.08333333331,100228.08333333331,95539.375,96430.95833333331,96480.75,99814.875,100331.79166666669,99905.58333333331,99728.33333333331,97097.79166666669,99701.0,87633.79166666667,99634.41666666669,99671.75,97204.20833333331
92818.58333333331,100303.83333333331,97620.875,99979.625,95786.41666666669,97334.875,97623.29166666669,95857.20833333331,68154.5,99194.83333333331,94328.125,100184.29166666669,81148.33333333333,95742.25,99927.83333333331,98494.54166666669,94803.58333333331,99177.75,98220.91666666669,100438.125,95742.25,96680.25,96712.125,100053.54166666669,100544.41666666669,100262.66666666669,100036.16666666669,97372.54166666669,100060.41666666669,87676.0,99950.375,99986.375,97473.16666666669
92981.125,100514.875,97766.375,100218.29166666669,95951.04166666669,97521.45833333331,97790.58333333331,96047.75,68195.54166666667,99418.375,94485.33333333331,100421.20833333331,81224.16666666667,95934.5,100134.91666666669,98689.16666666669,94967.125,99379.79166666669,98416.75,100651.29166666669,95934.5,96853.45833333331,96897.375,100269.16666666669,100756.625,100479.45833333331,100251.875,97530.54166666669,100264.16666666669,87812.45833333333,100170.125,100225.5,97635.16666666669
93141.91666666669,100663.125,97957.16666666669,100442.08333333331,96119.0,97638.58333333331,97966.54166666669,96139.79166666669,68117.16666666667,99557.08333333331,94680.875,100566.58333333331,81202.41666666667,96021.66666666669,100412.75,98964.375,95140.875,99665.33333333331,98585.625,100780.16666666669,96021.66666666669,96976.91666666669,97054.83333333331,100407.29166666669,100875.625,100627.04166666669,100501.33333333331,97669.625,100464.29166666669,87896.125,100410.79166666669,100450.91666666669,97786.75
93182.45833333331,100894.20833333331,97832.875,100599.29166666669,96026.04166666669,97539.91666666669,97830.83333333331,96069.83333333331,68224.5,99812.625,94754.875,100820.29166666669,81378.29166666667,95956.125,100491.125,99028.66666666669,95213.70833333331,99712.79166666669,98485.16666666669,100994.75,95956.125,96870.91666666669,97056.75,100623.79166666669,101103.54166666669,100869.625,100657.75,97541.29166666669,100671.58333333331,88006.58333333333,100580.66666666669,100603.875,97665.54166666669
92908.95833333331,100501.16666666669,97558.70833333331,100221.58333333331,95760.66666666669,97284.20833333331,97549.95833333331,95821.875,68320.91666666667,99467.375,94376.79166666669,100472.70833333331,81382.54166666667,95704.83333333331,100050.45833333331,98586.20833333331,94840.91666666669,99265.625,98181.54166666669,100595.5,95704.83333333331,96620.875,96749.54166666669,100218.83333333331,100718.20833333331,100504.66666666669,100257.54166666669,97285.29166666669,100289.91666666669,87954.625,100186.04166666669,100221.75,97399.75
92852.20833333331,100228.08333333331,97672.375,100014.45833333331,95833.375,97405.20833333331,97671.58333333331,95920.95833333331,68226.25,99216.5,94223.04166666669,100219.08333333331,81137.125,95802.29166666669,99895.375,98426.29166666669,94695.0,99109.58333333331,98275.83333333331,100299.625,95802.29166666669,96741.75,96714.04166666669,99930.04166666669,100422.20833333331,100251.5,100041.91666666669,97429.54166666669,100051.83333333331,87713.29166666667,99961.58333333331,100019.66666666669,97527.75
93533.58333333331,100989.16666666669,98437.79166666669,100851.41666666669,96557.70833333331,98142.125,98425.54166666669,96640.41666666669,68279.58333333333,99957.83333333331,95013.25,100960.5,81395.70833333333,96521.79166666669,100772.95833333331,99289.41666666669,95500.20833333331,99988.33333333331,99077.75,101048.70833333331,96521.79166666669,97450.16666666669,97513.33333333331,100693.75,101153.70833333331,101003.625,100874.83333333331,98135.70833333331,100849.25,88096.5,100784.25,100857.79166666669,98256.33333333331
93330.04166666669,101038.95833333331,98249.5,100699.20833333331,96367.79166666669,97951.70833333331,98229.0,96431.04166666669,68234.75,99983.16666666669,94796.04166666669,100986.16666666669,81512.66666666667,96306.25,100513.20833333331,99036.125,95264.54166666669,99706.41666666669,98847.16666666669,101177.0,96306.25,97275.33333333331,97268.58333333331,100787.20833333331,101282.20833333331,101027.125,100743.125,97960.04166666669,100798.25,88118.5,100680.375,100700.91666666669,98082.25
93337.375,100856.70833333331,98141.33333333331,100622.29166666669,96294.0,97869.70833333331,98124.66666666669,96385.375,68394.58333333333,99823.0,94766.54166666669,100821.125,81497.33333333333,96269.95833333331,100535.75,99037.66666666669,95248.75,99733.91666666669,98708.83333333331,100930.0,96269.95833333331,97197.375,97196.5,100564.04166666669,101038.75,100865.29166666669,100684.5,97872.25,100666.25,88115.5,100597.375,100628.29166666669,97987.79166666669
93078.66666666669,100803.58333333331,97852.0,100445.66666666669,96027.04166666669,97592.54166666669,97845.5,96116.5,68242.04166666667,99697.95833333331,94570.33333333331,100696.125,81318.58333333333,96001.70833333331,100331.70833333331,98847.54166666669,95027.375,99541.41666666669,98442.16666666669,100930.16666666669,96001.70833333331,96917.04166666669,96920.70833333331,100534.875,101034.66666666669,100757.66666666669,100508.75,97581.20833333331,100521.75,87948.08333333333,100432.5,100452.125,97702.70833333331
93886.04166666669,101212.95833333331,98838.41666666669,101050.875,96966.20833333331,98545.875,98831.5,97027.20833333331,68814.20833333333,100136.79166666669,95242.66666666669,101145.875,81838.29166666667,96909.29166666669,100964.125,99475.41666666669,95745.16666666669,100177.41666666669,99454.16666666669,101268.125,96909.29166666669,97874.33333333331,97844.79166666669,100905.25,101380.83333333331,101203.04166666669,101085.75,98574.54166666669,101045.0,88604.70833333333,100994.375,101058.375,98684.58333333331
93527.66666666669,100826.875,98390.0,100560.08333333331,96534.375,98096.125,98389.5,96583.75,68613.66666666667,99736.41666666669,94871.45833333331,100740.125,81629.70833333333,96456.875,100447.25,99001.91666666669,95360.41666666669,99672.58333333331,99007.125,100981.5,96456.875,97418.33333333331,97422.25,100579.875,101091.875,100784.125,100598.41666666669,98098.41666666669,100613.58333333331,88337.91666666667,100519.29166666669,100565.25,98227.625
93566.16666666669,101005.45833333331,98277.25,100767.625,96458.33333333331,97929.125,98282.875,96433.33333333331,68245.91666666667,99927.91666666669,95077.25,100940.66666666669,81547.66666666667,96314.08333333331,100725.58333333331,99291.29166666669,95544.91666666669,99974.25,98949.83333333331,101061.58333333331,96314.08333333331,97259.58333333331,97487.625,100740.625,101116.04166666669,101014.79166666669,100843.125,97945.83333333331,100822.41666666669,88202.0,100751.0,100775.25,98074.125
93437.79166666669,101152.41666666669,98247.95833333331,100780.5,96402.33333333331,98007.75,98256.29166666669,96504.5,68288.875,100062.79166666669,94981.75,101070.33333333331,81501.33333333333,96389.25,100691.375,99227.95833333331,95447.5,99920.625,98889.79166666669,101228.20833333331,96389.25,97331.5,97338.29166666669,100870.83333333331,101323.70833333331,101126.08333333331,100876.83333333331,98008.25,100914.91666666669,88097.75,100802.29166666669,100784.91666666669,98113.70833333331
93520.66666666669,100821.0,98435.08333333331,100597.79166666669,96566.95833333331,98150.875,98437.45833333331,96622.29166666669,68731.41666666667,99819.91666666669,94763.0,100825.66666666669,81610.95833333333,96501.5,100439.625,98940.33333333331,95272.0,99630.75,99027.20833333331,100947.125,96501.5,97480.375,97364.66666666669,100542.0,101084.0,100812.5,100613.83333333331,98176.45833333331,100644.0,88285.625,100545.70833333331,100602.5,98289.58333333331
93345.375,101069.70833333331,98013.91666666669,100710.91666666669,96197.91666666669,97719.58333333331,98003.625,96233.5,68271.5,100050.58333333331,94896.54166666669,101052.04166666669,81608.875,96116.79166666669,100497.33333333331,99012.20833333331,95376.16666666669,99681.83333333331,98690.25,101179.66666666669,96116.79166666669,97047.83333333331,97260.25,100787.83333333331,101318.625,101067.75,100754.875,97718.91666666669,100836.25,88254.875,100692.70833333331,100712.375,97844.375
93395.29166666669,101262.29166666669,98062.125,100800.0,96246.16666666669,97787.875,98039.91666666669,96315.66666666669,68422.66666666667,100114.95833333331,94906.125,101113.66666666669,81709.04166666667,96202.0,100620.875,99107.41666666669,95376.79166666669,99809.83333333331,98679.91666666669,101522.375,96202.0,97101.08333333331,97237.66666666669,101064.54166666669,101647.54166666669,101157.41666666669,100850.29166666669,97759.125,100898.875,88342.75,100780.875,100802.41666666669,97888.5
93532.83333333331,100956.95833333331,98475.79166666669,100758.08333333331,96604.875,98188.75,98471.70833333331,96663.08333333331,68749.375,99860.41666666669,94902.83333333331,100861.66666666669,81677.75,96539.41666666669,100678.33333333331,99173.0,95384.875,99880.75,99054.66666666669,101021.0,96539.41666666669,97516.45833333331,97426.83333333331,100657.58333333331,101128.70833333331,100928.625,100804.79166666669,98208.58333333331,100764.45833333331,88322.79166666667,100715.75,100765.45833333331,98329.29166666669
93279.0,100927.875,98012.95833333331,100598.91666666669,96185.625,97705.91666666669,98004.33333333331,96222.70833333331,68468.70833333333,99887.70833333331,94758.5,100892.04166666669,81528.875,96105.875,100424.33333333331,98937.375,95238.375,99615.16666666669,98652.08333333331,101052.66666666669,96105.875,97042.33333333331,97173.20833333331,100656.875,101185.95833333331,100915.125,100641.79166666669,97721.83333333331,100717.375,88134.70833333333,100556.25,100601.66666666669,97844.70833333331
93242.08333333331,101314.5,97943.75,100853.875,96105.41666666669,97630.95833333331,97914.08333333331,96154.875,68153.41666666667,100206.25,94892.375,101205.08333333331,81526.0,96037.20833333331,100724.91666666669,99178.375,95346.41666666669,99905.75,98514.875,101496.16666666669,96037.20833333331,96952.91666666669,97118.75,101060.20833333331,101636.625,101279.75,100968.83333333331,97629.16666666669,101018.125,88104.75,100871.54166666669,100856.54166666669,97752.66666666669
93664.83333333331,101470.70833333331,98665.25,101315.625,96760.95833333331,98368.29166666669,98648.875,96833.0,68204.45833333333,100332.79166666669,95263.91666666669,101329.95833333331,81315.375,96709.91666666669,101315.70833333331,99757.79166666669,95712.66666666669,100511.91666666669,99231.08333333331,101492.125,96709.91666666669,97679.79166666669,97598.95833333331,101136.375,101594.79166666669,101450.45833333331,101425.5,98376.25,101342.95833333331,87995.125,101291.58333333331,101324.16666666669,98499.33333333331
94144.25,101849.375,99238.45833333331,101694.625,97298.79166666669,98984.45833333331,99209.20833333331,97432.83333333331,68213.16666666667,100647.375,95771.58333333331,101670.375,81600.41666666667,97306.41666666669,101752.58333333331,100239.79166666669,96230.83333333331,100990.29166666669,99784.29166666669,101914.29166666669,97306.41666666669,98277.79166666669,98181.33333333331,101558.25,101991.33333333331,101809.83333333331,101804.125,98976.0,101678.5,88373.0,101655.04166666669,101705.625,99094.75
94276.0,101805.79166666669,99348.58333333331,101646.33333333331,97415.875,99087.91666666669,99326.20833333331,97538.95833333331,68316.95833333333,100635.95833333331,95768.75,101662.29166666669,81740.5,97412.79166666669,101684.41666666669,100189.04166666669,96243.79166666669,100925.29166666669,99917.70833333331,101911.66666666669,97412.79166666669,98394.04166666669,98252.95833333331,101544.70833333331,101981.20833333331,101774.54166666669,101733.125,99102.5,101644.0,88492.58333333333,101598.79166666669,101656.75,99214.54166666669
94839.83333333331,102603.75,99960.125,102437.08333333331,98005.45833333331,99675.41666666669,99957.16666666669,98089.375,68365.625,101404.0,96439.79166666669,102462.125,82043.20833333333,97957.45833333331,102465.625,100932.625,96932.20833333331,101677.79166666669,100588.16666666669,102654.66666666669,97957.45833333331,98967.875,98964.125,102305.91666666669,102730.0,102565.70833333331,102522.79166666669,99688.70833333331,102444.125,88959.0,102381.41666666669,102449.66666666669,99814.83333333331
94309.29166666669,102297.29166666669,99376.41666666669,101983.5,97439.125,99070.625,99360.5,97491.625,68147.70833333333,101103.625,95876.125,102159.41666666669,81703.375,97367.66666666669,101928.83333333331,100372.0,96366.0,101114.66666666669,100038.83333333331,102375.75,97367.66666666669,98365.0,98425.91666666669,102001.79166666669,102486.625,102234.83333333331,102081.04166666669,99077.54166666669,102079.16666666669,88376.20833333333,101968.16666666669,101990.875,99208.41666666669
94766.25,102592.25,99831.70833333331,102345.70833333331,97890.33333333331,99489.66666666669,99824.375,97893.29166666669,68457.20833333333,101454.04166666669,96231.95833333331,102519.41666666669,81818.33333333333,97771.54166666669,102254.45833333331,100694.125,96726.79166666669,101427.70833333331,100483.125,102662.70833333331,97771.54166666669,98788.16666666669,98823.29166666669,102285.33333333331,102770.5,102570.125,102403.79166666669,99513.08333333331,102411.33333333331,88909.20833333333,102291.83333333331,102351.16666666669,99648.58333333331
94396.95833333331,102140.75,99446.66666666669,101918.08333333331,97513.79166666669,99161.91666666669,99438.125,97584.0,68226.625,101033.0,95863.20833333331,102082.91666666669,81709.41666666667,97467.625,101810.45833333331,100273.70833333331,96354.875,100994.29166666669,100080.625,102279.29166666669,97467.625,98459.5,98446.83333333331,101865.0,102391.75,102117.20833333331,101959.375,99167.75,101974.45833333331,88450.33333333333,101850.58333333331,101924.83333333331,99295.04166666669
94586.0,102207.83333333331,99639.375,101971.04166666669,97706.91666666669,99327.79166666669,99628.875,97733.25,68549.95833333333,101079.625,95985.54166666669,102123.33333333331,81817.75,97613.20833333331,101876.0,100351.25,96503.66666666669,101073.54166666669,100304.375,102339.41666666669,97613.20833333331,98620.29166666669,98644.16666666669,101937.75,102444.125,102165.75,101996.33333333331,99333.5,102002.875,88526.33333333333,101885.25,101977.625,99465.04166666669
94517.625,102291.83333333331,99556.5,101970.95833333331,97627.0,99246.20833333331,99550.5,97657.79166666669,68449.70833333333,101132.25,96013.41666666669,102170.125,81788.75,97540.58333333331,101883.54166666669,100368.75,96520.08333333331,101082.29166666669,100227.0,102451.25,97540.58333333331,98542.58333333331,98593.41666666669,102037.83333333331,102558.91666666669,102215.25,102020.45833333331,99259.33333333331,102032.41666666669,88498.33333333333,101923.45833333331,101976.5,99390.70833333331
93989.29166666669,101801.25,99004.95833333331,101502.16666666669,97083.08333333331,98688.91666666669,98989.41666666669,97116.5,68184.75,100686.54166666669,95475.875,101723.54166666669,81687.625,97001.20833333331,101389.875,99858.45833333331,95971.41666666669,100574.66666666669,99656.04166666669,101985.16666666669,97001.20833333331,97982.20833333331,98022.75,101554.875,102107.95833333331,101758.95833333331,101543.91666666669,98682.16666666669,101558.91666666669,88376.08333333333,101463.45833333331,101504.875,98820.75
94068.0,101632.125,99273.58333333331,101544.29166666669,97307.08333333331,98983.79166666669,99237.875,97388.29166666669,68164.33333333333,100493.79166666669,95520.5,101539.375,81497.5,97264.75,101504.58333333331,99939.16666666669,96030.875,100685.875,99845.125,101680.41666666669,97264.75,98269.54166666669,98144.33333333331,101318.54166666669,101776.875,101629.70833333331,101615.29166666669,98970.79166666669,101532.08333333331,88260.54166666667,101509.16666666669,101548.91666666669,99105.5
94791.41666666669,102213.04166666669,100035.375,102236.58333333331,98041.41666666669,99688.375,100006.0,98043.70833333331,68403.0,101250.70833333331,96101.625,102332.70833333331,81641.0,97911.16666666669,102054.58333333331,100474.875,96659.375,101204.16666666669,100705.91666666669,102146.375,97911.16666666669,98967.33333333331,99009.625,101805.33333333331,102286.375,102309.16666666669,102186.625,99695.91666666669,102192.70833333331,88573.79166666667,102106.04166666669,102236.66666666669,99843.79166666669
94683.79166666669,102113.0,99882.04166666669,102024.95833333331,97904.41666666669,99536.20833333331,99879.66666666669,97898.5,68247.0,101088.83333333331,96022.70833333331,102147.95833333331,81548.375,97767.70833333331,101883.375,100334.375,96567.95833333331,101050.54166666669,100552.5,102119.83333333331,97767.70833333331,98823.66666666669,98842.91666666669,101754.83333333331,102258.625,102141.625,102014.375,99565.625,102015.16666666669,88531.45833333333,101936.0,102026.33333333331,99703.41666666669
94343.16666666669,102054.29166666669,99560.125,101742.33333333331,97582.04166666669,99231.20833333331,99544.0,97607.375,68061.66666666667,100925.375,95741.83333333331,101965.33333333331,81432.29166666667,97477.125,101644.25,100107.04166666669,96262.41666666669,100828.16666666669,100200.33333333331,102168.91666666669,97477.125,98521.625,98462.20833333331,101770.95833333331,102305.125,102007.5,101790.45833333331,99245.125,101806.25,88224.04166666667,101709.41666666669,101742.70833333331,99384.33333333331
94014.08333333331,101732.66666666669,99155.41666666669,101419.08333333331,97190.625,98838.75,99143.125,97208.25,68157.0,100649.0,95361.58333333331,101684.125,81432.25,97075.75,101259.375,99712.58333333331,95879.125,100430.16666666669,99801.91666666669,101891.54166666669,97075.75,98131.625,98101.20833333331,101465.29166666669,102012.16666666669,101726.25,101448.75,98844.20833333331,101484.66666666669,88230.58333333333,101373.29166666669,101418.0,98985.5
94468.29166666669,102143.45833333331,99715.54166666669,102067.91666666669,97724.83333333331,99453.04166666669,99702.08333333331,97832.70833333331,67979.125,101048.91666666669,95941.91666666669,102118.29166666669,81340.66666666667,97710.41666666669,101993.0,100420.66666666669,96444.04166666669,101172.70833333331,100313.91666666669,102187.79166666669,97710.41666666669,98731.95833333331,98627.375,101819.04166666669,102291.04166666669,102171.375,102133.66666666669,99458.20833333331,102065.33333333331,88367.08333333333,102035.08333333331,102069.5,99582.625
94639.20833333331,102226.95833333331,99862.29166666669,102064.16666666669,97878.375,99522.0,99847.79166666669,97883.66666666669,68380.95833333333,101236.29166666669,95990.83333333331,102307.95833333331,81744.70833333333,97752.29166666669,101869.04166666669,100293.375,96529.16666666669,101011.04166666669,100511.5,102259.33333333331,97752.29166666669,98803.5,98818.41666666669,101872.91666666669,102408.04166666669,102282.0,102074.54166666669,99537.08333333331,102118.79166666669,88853.58333333333,102007.125,102064.20833333331,99683.66666666669
94666.95833333331,102694.625,99802.91666666669,102308.91666666669,97834.95833333331,99515.5,99794.16666666669,97896.04166666669,68451.33333333333,101476.875,96174.45833333331,102527.875,81869.33333333333,97770.91666666669,102241.79166666669,100676.16666666669,96654.25,101415.58333333331,100445.375,102917.625,97770.91666666669,98798.66666666669,98766.70833333331,102470.66666666669,103028.75,102593.91666666669,102386.375,99518.29166666669,102391.08333333331,88807.58333333333,102300.54166666669,102310.08333333331,99655.16666666669
94958.45833333331,102674.04166666669,100162.58333333331,102580.125,98174.79166666669,99841.33333333331,100142.91666666669,98208.16666666669,68608.33333333333,101570.75,96364.41666666669,102647.91666666669,81994.91666666667,98083.41666666669,102480.91666666669,100881.16666666669,96882.83333333331,101631.20833333331,100830.41666666669,102647.16666666669,98083.41666666669,99120.54166666669,100651.95833333331,102300.95833333331,102754.875,102684.125,102624.375,99850.5,102584.91666666669,89030.45833333333,102515.75,102581.91666666669,99989.66666666669
94770.20833333331,102504.29166666669,99925.33333333331,102329.79166666669,97947.625,99610.375,99902.375,97976.875,68562.04166666667,101445.58333333331,96148.20833333331,102528.5,81951.375,97848.16666666669,102171.0,100593.91666666669,96666.16666666669,101323.75,100605.91666666669,102556.125,97848.16666666669,98893.20833333331,102266.70833333331,102160.33333333331,102692.25,102535.91666666669,102351.20833333331,99619.45833333331,102390.45833333331,88893.0,102247.04166666669,102329.83333333331,99750.75
94500.875,102670.20833333331,99550.125,102330.58333333331,97593.66666666669,99245.5,99529.41666666669,97632.54166666669,68281.125,101474.70833333331,96150.91666666669,102534.79166666669,81861.33333333333,97507.25,102258.66666666669,100669.70833333331,96631.25,101421.08333333331,100239.16666666669,102807.08333333331,97507.25,98532.83333333331,102014.91666666669,102390.83333333331,102915.16666666669,102600.45833333331,102414.91666666669,99246.29166666669,102419.70833333331,88723.25,102298.83333333331,102332.75,99380.83333333331
94614.625,102590.91666666669,99759.45833333331,102318.54166666669,97778.20833333331,99461.95833333331,99738.29166666669,97839.41666666669,68339.125,101425.91666666669,96113.375,102471.58333333331,81790.33333333333,97716.08333333331,102233.125,100649.75,96602.41666666669,101397.0,100402.625,102749.75,97716.08333333331,98741.20833333331,102069.91666666669,102329.0,102864.04166666669,102520.58333333331,102352.625,99459.0,102352.79166666669,88571.16666666667,102239.20833333331,102321.54166666669,99593.5
94833.375,102827.95833333331,99987.625,102595.33333333331,98012.41666666669,99675.45833333331,99973.66666666669,98051.25,68622.45833333333,101627.0,96318.75,102693.95833333331,81880.04166666667,97926.83333333331,102507.04166666669,100891.33333333331,96813.625,101657.375,100669.375,102942.58333333331,97926.83333333331,98955.25,102350.5,102537.83333333331,103049.875,102761.66666666669,102645.54166666669,99681.0,102616.0,88762.95833333333,102520.625,102598.625,99810.29166666669
94217.45833333331,102052.0,99368.04166666669,101886.125,97389.54166666669,99069.625,99348.625,97462.33333333331,67906.95833333333,100974.16666666669,95705.91666666669,102019.375,81466.08333333333,97340.91666666669,101791.33333333331,100213.29166666669,96193.83333333331,100954.70833333331,100016.375,102158.25,97340.91666666669,98351.33333333331,101672.16666666669,101747.04166666669,102271.625,102052.04166666669,101945.79166666669,99069.25,101924.5,88303.54166666667,101825.95833333331,101885.54166666669,99202.58333333331
94946.41666666669,102888.16666666669,100188.75,102713.83333333331,98179.20833333331,99865.79166666669,100167.16666666669,98216.0,67776.91666666667,101788.45833333331,96402.66666666669,102871.83333333331,81708.0,98086.125,102566.75,100933.75,96905.125,101703.375,100838.54166666669,102937.75,98086.125,99147.83333333331,102504.0,102544.75,103073.29166666669,102909.08333333331,102759.625,99883.95833333331,102763.25,88694.70833333333,102649.33333333331,102715.16666666669,100015.54166666669
94324.20833333331,101946.25,99523.25,101729.95833333331,97528.75,99182.91666666669,99504.29166666669,97540.20833333331,68252.79166666667,100902.91666666669,95701.33333333331,101965.5,81617.45833333333,97406.58333333331,101557.0,100003.58333333331,96220.91666666669,100712.125,100188.04166666669,102044.66666666669,97406.58333333331,98465.08333333331,101835.08333333331,101634.95833333331,102182.625,101955.54166666669,101750.41666666669,99201.875,101797.0,88520.29166666667,101649.66666666669,101730.20833333331,99344.04166666669
94433.33333333331,102876.70833333331,99547.95833333331,102498.16666666669,97566.75,99200.625,99533.125,97575.41666666669,68084.79166666667,101552.95833333331,96143.04166666669,102634.75,81639.875,97446.04166666669,102497.95833333331,100852.45833333331,96610.20833333331,101651.54166666669,100238.29166666669,103031.79166666669,97446.04166666669,98482.25,101984.08333333331,102625.29166666669,103105.29166666669,102773.25,102647.70833333331,99206.54166666669,102562.79166666669,88549.125,102509.66666666669,102502.33333333331,99352.29166666669
95171.375,103399.16666666669,100426.08333333331,103259.875,98388.5,100098.20833333331,100401.625,98434.16666666669,68076.79166666667,102262.08333333331,96717.0,103357.08333333331,81864.125,98299.875,103099.0,101400.79166666669,97221.33333333331,102195.45833333331,101117.91666666669,103464.20833333331,98299.875,99351.79166666669,102884.95833333331,103059.95833333331,103595.75,103396.66666666669,103250.16666666669,100083.54166666669,103246.5,88724.125,103136.375,103260.95833333331,100229.08333333331
95105.04166666669,103002.5,100382.33333333331,102780.04166666669,98353.45833333331,100059.25,100362.58333333331,98383.29166666669,68199.91666666667,101854.29166666669,96484.66666666669,102938.54166666669,81966.25,98250.08333333331,102638.75,101020.5,97011.16666666669,101779.70833333331,101046.125,103095.66666666669,98250.08333333331,99326.70833333331,102299.375,102683.375,103221.41666666669,102964.91666666669,102811.29166666669,100068.58333333331,102814.83333333331,88771.45833333333,102706.79166666669,102780.79166666669,100213.5
94578.58333333331,102584.70833333331,99768.875,102286.04166666669,97771.83333333331,99440.91666666669,99760.875,97785.04166666669,68330.29166666667,101449.125,96061.375,102520.83333333331,81791.41666666667,97653.875,102136.45833333331,100529.45833333331,96581.41666666669,101278.29166666669,100429.95833333331,102728.29166666669,97653.875,98718.375,98771.29166666669,102300.5,102847.83333333331,102540.25,102325.375,99449.08333333331,102351.20833333331,88596.29166666667,102250.20833333331,102284.79166666669,99596.41666666669
94364.45833333331,102586.66666666669,99555.16666666669,102333.58333333331,97570.04166666669,99227.29166666669,99552.54166666669,97585.08333333331,68182.66666666667,101366.0,95988.66666666669,102431.16666666669,81582.04166666667,97455.41666666669,102301.45833333331,100672.75,96465.625,101464.33333333331,100202.45833333331,102797.41666666669,97455.41666666669,98518.04166666669,98552.375,102361.75,102885.75,102515.91666666669,102406.33333333331,99257.04166666669,102340.58333333331,88393.70833333333,102307.66666666669,102337.875,99385.95833333331
94434.04166666669,102555.58333333331,99578.04166666669,102326.5,97589.5,99247.79166666669,99560.75,97612.04166666669,68222.625,101415.58333333331,95948.95833333331,102493.875,81444.08333333333,97481.0,102206.54166666669,100578.58333333331,96435.25,101343.08333333331,100240.91666666669,102671.625,97481.0,98522.79166666669,98584.16666666669,102254.70833333331,102789.0,102533.375,102365.79166666669,99248.58333333331,102349.66666666669,88236.04166666667,102280.66666666669,102328.29166666669,99387.25
94487.45833333331,102496.20833333331,99643.75,102325.5,97667.95833333331,99335.75,99637.08333333331,97715.125,67954.5,101374.04166666669,95967.08333333331,102463.08333333331,81534.91666666667,97593.625,102202.33333333331,100562.5,96472.20833333331,101329.75,100302.29166666669,102577.375,97593.625,98618.66666666669,98655.125,102171.75,102703.16666666669,102504.41666666669,102376.16666666669,99355.16666666669,102346.5,88256.70833333333,102281.58333333331,102327.0,99473.08333333331
94335.66666666669,102547.08333333331,99499.66666666669,102243.0,97511.04166666669,99148.41666666669,99478.125,97508.625,67970.95833333333,101378.5,95900.25,102455.25,81584.33333333333,97380.41666666669,102118.54166666669,100492.20833333331,96391.54166666669,101248.25,100177.41666666669,102658.33333333331,97380.41666666669,98426.83333333331,98551.66666666669,102240.20833333331,102783.66666666669,102503.70833333331,102303.25,99155.5,102294.79166666669,88258.20833333333,102220.91666666669,102244.125,99293.0
94632.33333333331,102578.625,99829.41666666669,102341.79166666669,97835.45833333331,99501.41666666669,99816.0,97857.08333333331,68655.54166666667,101414.375,96058.70833333331,102485.75,81901.41666666667,97725.29166666669,102206.0,100583.5,96583.66666666669,101345.66666666669,100508.41666666669,102774.04166666669,97725.29166666669,98781.125,98839.75,102322.70833333331,102895.04166666669,102522.625,102362.04166666669,99521.875,102346.75,88910.20833333333,102275.125,102341.95833333331,99647.75
93858.41666666669,102448.95833333331,98923.04166666669,101918.83333333331,96955.875,98601.33333333331,98908.75,96987.45833333331,67656.04166666667,101142.5,95608.54166666669,102189.16666666669,81330.625,96863.375,101889.25,100253.79166666669,96069.66666666669,101045.58333333331,99592.66666666669,102732.08333333331,96863.375,97889.41666666669,98051.95833333331,102261.5,102838.95833333331,102294.83333333331,102037.125,98602.33333333331,102019.91666666669,88145.54166666667,101944.75,101923.29166666669,98737.0
93793.16666666669,102002.66666666669,98925.79166666669,101869.66666666669,96947.79166666669,98597.33333333331,98904.83333333331,96983.5,67529.625,100803.125,95471.375,101864.45833333331,81205.95833333333,96858.33333333331,101852.5,100193.04166666669,95938.79166666669,100994.125,99554.41666666669,102165.91666666669,96858.33333333331,97879.54166666669,97940.20833333331,101758.5,102250.95833333331,101934.54166666669,101908.0,98592.95833333331,101808.95833333331,87940.0,101797.625,101875.75,98730.25
94045.70833333331,102456.04166666669,99163.29166666669,102153.54166666669,97178.08333333331,98827.20833333331,99135.79166666669,97219.91666666669,67342.625,101172.33333333331,95788.83333333331,102242.33333333331,81284.08333333333,97100.33333333331,102138.83333333331,100503.91666666669,96262.79166666669,101296.29166666669,99821.83333333331,102632.125,97100.33333333331,98096.875,98252.875,102209.33333333331,102730.75,102343.16666666669,102223.95833333331,98814.75,102159.83333333331,88041.75,102125.83333333331,102160.25,98953.16666666669
94317.41666666669,102604.375,99563.25,102379.29166666669,97548.375,99263.08333333331,99541.5,97614.20833333331,67706.375,101379.83333333331,95925.375,102475.375,81216.75,97483.41666666669,102281.25,100627.20833333331,96415.20833333331,101418.0,100219.58333333331,102665.0,97483.41666666669,98531.16666666669,98584.29166666669,102268.29166666669,102785.70833333331,102551.83333333331,102411.20833333331,99262.04166666669,102375.91666666669,87998.83333333333,102316.33333333331,102383.125,99386.20833333331
94544.875,102823.75,99763.95833333331,102524.75,97753.04166666669,99399.29166666669,99744.45833333331,97745.875,67512.91666666667,101570.25,96172.66666666669,102662.875,81266.33333333333,97614.33333333331,102435.41666666669,100822.45833333331,96659.125,101590.0,100435.04166666669,102960.04166666669,97614.33333333331,98672.875,98777.58333333331,102541.95833333331,103082.04166666669,102742.0,102580.16666666669,99404.625,102557.375,88152.66666666667,102490.25,102529.125,99546.83333333331
94578.08333333331,102952.91666666669,99739.08333333331,102586.29166666669,97741.58333333331,99380.08333333331,99714.95833333331,97743.95833333331,67596.5,101718.25,96179.54166666669,102815.08333333331,81502.29166666667,97620.41666666669,102469.70833333331,100820.75,96656.33333333331,101603.58333333331,100403.70833333331,103059.95833333331,97620.41666666669,98653.54166666669,98783.20833333331,102651.29166666669,103176.875,102894.20833333331,102651.41666666669,99381.125,102649.66666666669,88359.29166666667,102566.79166666669,102585.20833333331,99518.58333333331
94326.66666666669,102723.79166666669,99554.04166666669,102450.75,97535.0,99201.625,99522.66666666669,97557.58333333331,67618.25,101509.375,96033.29166666669,102593.25,81289.95833333333,97432.0,102410.20833333331,100760.875,96517.83333333331,101558.625,100209.25,102897.04166666669,97432.0,98473.29166666669,98589.91666666669,102466.70833333331,102995.04166666669,102652.08333333331,102531.54166666669,99199.41666666669,102480.33333333331,88075.375,102435.375,102451.25,99343.625
94186.70833333331,102326.04166666669,99397.66666666669,102116.375,97384.25,99062.41666666669,99362.25,97414.08333333331,67461.5,101186.66666666669,95716.125,102264.20833333331,81324.25,97286.125,101973.33333333331,100331.0,96210.29166666669,101104.95833333331,100046.125,102504.91666666669,97286.125,98343.375,98401.5,102073.25,102627.66666666669,102302.08333333331,102127.20833333331,99073.20833333331,102132.125,87986.125,102048.29166666669,102116.58333333331,99204.79166666669
94157.83333333331,102265.91666666669,99284.04166666669,102062.75,97307.45833333331,98921.75,99241.58333333331,97307.70833333331,68069.45833333333,101138.95833333331,95677.33333333331,102216.66666666669,81361.95833333333,97181.875,101931.375,100295.5,96176.58333333331,101063.66666666669,99980.16666666669,102368.20833333331,97181.875,98204.79166666669,98354.08333333331,101963.0,102478.08333333331,102262.20833333331,102101.75,98928.95833333331,102077.875,88096.95833333333,102013.625,102063.41666666669,99068.70833333331
93760.16666666669,102426.5,98741.75,101872.95833333331,96796.5,98334.33333333331,98703.375,96729.29166666669,67442.66666666667,101012.95833333331,95568.0,102090.0,81093.33333333333,96601.625,101868.75,100253.625,96022.20833333331,101035.54166666669,99452.66666666669,102721.75,96601.625,97631.70833333331,97927.79166666669,102252.08333333331,102826.08333333331,102215.66666666669,102008.125,98350.75,101981.45833333331,87692.16666666667,101914.125,101875.91666666669,98497.375
94699.5,102993.54166666669,99943.75,102793.04166666669,97921.58333333331,99617.0,99897.16666666669,97973.375,67480.75,101791.70833333331,96336.45833333331,102889.83333333331,81140.5,97849.0,102714.29166666669,101060.29166666669,96812.25,101859.0,100569.41666666669,103085.79166666669,97849.0,98879.16666666669,98911.25,102686.70833333331,103198.20833333331,102958.75,102851.45833333331,99605.29166666669,102792.70833333331,88086.625,102755.54166666669,102795.08333333331,99746.0
95086.375,103248.25,100348.625,102998.625,98324.125,99985.25,100299.29166666669,98322.29166666669,67906.29166666667,102069.54166666669,96519.83333333331,103170.08333333331,81698.33333333333,98191.20833333331,102832.70833333331,101159.75,97021.29166666669,101932.16666666669,101004.75,103367.58333333331,98191.20833333331,99256.95833333331,99297.25,102931.70833333331,103490.25,103219.0,103005.375,100000.625,103017.45833333331,89009.375,102924.875,103000.16666666669,100136.16666666669
94651.125,102590.70833333331,99835.79166666669,102360.16666666669,97847.625,99508.375,99810.70833333331,97876.0,67966.54166666667,101487.5,95991.70833333331,102570.5,81768.45833333333,97753.0,102152.25,100525.25,96501.83333333331,101275.29166666669,100484.66666666669,102696.625,97753.0,98789.75,98801.04166666669,102276.95833333331,102841.79166666669,102571.70833333331,102364.33333333331,99527.04166666669,102393.08333333331,88580.91666666667,102291.5,102360.875,99661.125
94060.0,101831.58333333331,99143.45833333331,101660.79166666669,97187.91666666669,98804.08333333331,99106.41666666669,97206.08333333331,68044.58333333333,100771.66666666669,95634.25,101825.16666666669,81648.625,97085.91666666669,101534.875,99988.16666666669,96143.20833333331,100705.625,99835.5,101964.20833333331,97085.91666666669,98092.375,98249.58333333331,101545.70833333331,102083.04166666669,101829.58333333331,101684.25,98797.25,101680.33333333331,88280.0,101600.83333333331,101660.45833333331,98936.91666666669
93949.79166666669,101604.95833333331,99016.875,101417.5,97069.875,98661.95833333331,98981.58333333331,97058.25,68022.79166666667,100551.04166666669,95395.625,101585.54166666669,81495.0,96938.04166666669,101265.41666666669,99722.16666666669,95909.5,100432.16666666669,99718.91666666669,101684.79166666669,96938.04166666669,97963.83333333331,98076.29166666669,101293.08333333331,101824.66666666669,101607.875,101425.0,98678.04166666669,101437.33333333331,88098.45833333333,101349.25,101418.375,98815.20833333331
93988.83333333331,102032.04166666669,98991.25,101631.5,97059.5,98628.58333333331,98955.08333333331,97038.29166666669,68534.70833333333,100805.20833333331,95559.5,101859.41666666669,81587.83333333333,96916.95833333331,101532.25,99951.0,96059.08333333331,100685.83333333331,99687.125,102224.20833333331,96916.95833333331,97929.5,98146.875,101782.79166666669,102352.95833333331,101926.08333333331,101681.25,98633.45833333331,101692.54166666669,88267.33333333333,101607.08333333331,101635.83333333331,98780.41666666669
93365.16666666669,101471.375,98217.33333333331,101058.125,96332.91666666669,97924.70833333331,98187.08333333331,96370.875,68260.79166666667,100402.70833333331,94932.25,101428.375,81348.45833333333,96261.875,100873.29166666669,99340.16666666669,95388.79166666669,100045.79166666669,98850.875,101647.0,96261.875,97244.58333333331,97346.375,101210.5,101789.45833333331,101452.41666666669,101110.04166666669,97931.91666666669,101183.08333333331,87879.79166666667,101047.0,101055.58333333331,98061.25
93191.66666666669,100980.625,97942.58333333331,100642.20833333331,96092.25,97600.25,97914.25,96071.04166666669,68305.75,99929.125,94620.16666666669,100945.375,81302.0,95958.04166666669,100429.625,98905.41666666669,95085.70833333331,99599.29166666669,98600.04166666669,101179.375,95958.04166666669,96929.33333333331,97103.0,100735.625,101294.08333333331,100956.5,100660.125,97616.04166666669,100714.0,87778.79166666667,100597.33333333331,100640.16666666669,97748.16666666669
93151.75,101031.20833333331,97908.625,100606.45833333331,96066.875,97602.125,97893.75,96074.66666666669,68246.58333333333,99867.125,94703.91666666669,100880.54166666669,81213.20833333333,95960.95833333331,100538.33333333331,99035.5,95148.875,99750.45833333331,98577.875,101276.95833333331,95960.95833333331,96933.0,97078.41666666669,100821.66666666669,101390.83333333331,100923.29166666669,100688.45833333331,97615.5,100680.83333333331,87776.79166666667,100605.125,100607.45833333331,97735.29166666669
92947.0,101374.83333333331,97617.45833333331,101104.33333333331,95773.125,97269.45833333331,97581.625,95755.75,68103.54166666667,100175.58333333331,94775.125,101201.125,81120.5,95642.375,101059.0,99427.70833333331,95186.625,100218.25,98304.5,101520.5,95642.375,96593.91666666669,96896.54166666669,101129.875,101598.5,101304.66666666669,101199.625,97267.83333333331,101116.83333333331,87651.29166666667,101088.375,101107.08333333331,97405.70833333331
93628.29166666669,102007.66666666669,98641.70833333331,101637.25,96684.79166666669,98334.91666666669,98576.75,96767.33333333331,67708.375,100650.0,95420.54166666669,101698.45833333331,81125.79166666667,96651.0,101649.375,100037.70833333331,95884.08333333331,100824.45833333331,99271.875,102267.41666666669,96651.0,97624.20833333331,97797.95833333331,101809.08333333331,102354.66666666669,101831.58333333331,101712.08333333331,98318.875,101644.04166666669,87509.20833333333,101605.66666666669,101645.66666666669,98446.25
93256.04166666669,101141.04166666669,98263.75,100975.66666666669,96342.0,97943.95833333331,98233.79166666669,96364.95833333331,67610.79166666667,100117.41666666669,94738.0,101142.66666666669,81135.08333333333,96244.5,100821.41666666669,99237.58333333331,95217.04166666669,99957.75,98912.04166666669,101230.625,96244.5,97249.20833333331,97320.95833333331,100824.04166666669,101381.95833333331,101177.91666666669,100999.33333333331,97945.83333333331,100987.70833333331,87604.625,100916.70833333331,100978.41666666669,98082.625
94014.54166666669,101953.875,99044.04166666669,101696.20833333331,97096.91666666669,98728.5,99005.5,97143.45833333331,68153.95833333333,100838.125,95522.58333333331,101889.70833333331,81557.83333333333,97028.75,101504.70833333331,99925.83333333331,96005.79166666669,100652.25,99663.45833333331,102122.375,97028.75,98028.125,98121.41666666669,101695.20833333331,102241.0,101914.75,101694.29166666669,98733.625,101699.5,88333.70833333333,101614.70833333331,101696.16666666669,98861.25
94261.91666666669,102155.5,99327.79166666669,101801.5,97371.5,99066.25,99287.70833333331,97501.5,67979.20833333333,100966.66666666669,95836.66666666669,102014.125,81408.70833333333,97396.58333333331,101737.66666666669,100233.375,96325.54166666669,100938.58333333331,99956.66666666669,102335.5,97396.58333333331,98353.16666666669,98408.16666666669,101911.125,102438.33333333331,102099.25,101909.25,99055.75,101892.91666666669,88121.16666666667,101821.83333333331,101802.875,99167.33333333331
94908.5,102820.16666666669,100007.125,102481.58333333331,98046.0,99668.75,99967.16666666669,98066.45833333331,68434.25,101662.29166666669,96278.25,102728.66666666669,82314.25,97944.41666666669,102313.95833333331,100718.375,96766.5,101458.91666666669,100653.625,102977.29166666669,97944.41666666669,98955.70833333331,99022.08333333331,102546.16666666669,103096.79166666669,102761.58333333331,102504.16666666669,99675.16666666669,102536.33333333331,89356.20833333333,102434.45833333331,102482.79166666669,99801.45833333331
94631.75,101999.04166666669,99753.83333333331,101800.25,97795.625,99419.0,99720.70833333331,97818.0,68653.29166666667,100962.16666666669,95882.20833333331,102006.54166666669,82092.375,97693.54166666669,101609.83333333331,100058.54166666669,96423.125,100767.66666666669,100394.875,102130.375,97693.54166666669,98714.125,98743.91666666669,101715.0,102274.45833333331,101989.58333333331,101804.41666666669,99432.20833333331,101826.45833333331,89145.75,101729.625,101800.5,99558.58333333331
93720.125,101284.41666666669,98615.95833333331,100998.70833333331,96714.125,98291.45833333331,98580.625,96731.625,68393.08333333333,100284.16666666669,95031.625,101308.95833333331,81688.29166666667,96616.91666666669,100740.91666666669,99198.08333333331,95531.95833333331,99891.08333333331,99260.875,101417.58333333331,96616.91666666669,97612.41666666669,97688.16666666669,100999.29166666669,101569.125,101305.91666666669,100995.20833333331,98314.625,101060.125,88462.70833333333,100931.91666666669,100996.45833333331,98437.375
93049.79166666669,100755.125,97951.16666666669,100392.79166666669,96059.91666666669,97647.70833333331,97910.54166666669,96112.33333333331,68159.70833333333,99658.5,94534.04166666669,100666.875,81187.625,95995.83333333331,100267.58333333331,98774.33333333331,94990.16666666669,99460.58333333331,98520.20833333331,100903.125,95995.83333333331,96962.91666666669,96995.375,100496.08333333331,101025.33333333331,100726.79166666669,100458.04166666669,97637.125,100456.75,87777.875,100374.20833333331,100394.79166666669,97760.04166666669
93600.54166666669,101721.83333333331,98524.79166666669,101380.75,96605.875,98110.66666666669,98480.04166666669,96563.29166666669,67780.16666666667,100471.41666666669,95427.5,101524.08333333331,81101.0,96452.29166666669,101420.875,99924.66666666669,95870.125,100657.16666666669,99202.25,101806.66666666669,96452.29166666669,97411.70833333331,97759.54166666669,101452.70833333331,101896.91666666669,101637.0,101500.875,98103.83333333331,101457.75,87600.5,101396.16666666669,101382.875,98259.58333333331
94322.45833333331,101846.54166666669,99474.33333333331,101776.08333333331,97496.125,99177.04166666669,99432.16666666669,97574.70833333331,68075.41666666667,100824.75,95731.54166666669,101890.125,81389.375,97459.5,101644.20833333331,100093.5,96242.58333333331,100826.375,100084.54166666669,101960.20833333331,97459.5,98459.16666666669,98448.91666666669,101548.66666666669,102085.20833333331,101873.54166666669,101743.08333333331,99174.79166666669,101733.25,88106.83333333333,101658.125,101777.91666666669,99296.54166666669
93495.75,101205.75,98362.625,100994.79166666669,96470.33333333331,98024.29166666669,98326.625,96467.54166666669,68287.95833333333,100245.83333333331,94914.20833333331,101284.16666666669,81383.58333333333,96351.375,100740.79166666669,99192.54166666669,95393.79166666669,99899.16666666669,99006.75,101282.625,96351.375,97340.95833333331,97480.16666666669,100887.75,101425.54166666669,101256.95833333331,100979.29166666669,98032.79166666669,101045.54166666669,88119.29166666667,100912.04166666669,100992.29166666669,98163.91666666669
92926.625,100755.95833333331,97755.41666666669,100360.54166666669,95883.66666666669,97461.20833333331,97719.75,95947.08333333331,68058.04166666667,99662.91666666669,94427.95833333331,100680.29166666669,81142.08333333333,95840.75,100186.91666666669,98695.95833333331,94871.20833333331,99387.83333333331,98346.41666666669,100899.5,95840.75,96787.16666666669,96831.83333333331,100494.54166666669,101038.29166666669,100710.375,100419.08333333331,97463.29166666669,100462.0,87605.41666666667,100345.54166666669,100356.66666666669,97585.375
93102.29166666669,100730.54166666669,97943.29166666669,100340.25,96065.375,97626.20833333331,97912.0,96090.04166666669,68232.70833333333,99560.33333333331,94531.125,100575.75,81198.125,95981.95833333331,100239.29166666669,98779.16666666669,94993.79166666669,99470.20833333331,98549.25,100953.95833333331,95981.95833333331,96942.375,97028.70833333331,100527.95833333331,101061.58333333331,100624.83333333331,100390.29166666669,97619.875,100395.41666666669,87554.04166666667,100306.0,100339.875,97756.125
93864.29166666669,101742.58333333331,98887.875,101507.75,96944.79166666669,98613.33333333331,98841.875,97060.16666666669,68249.83333333333,100566.375,95462.58333333331,101603.33333333331,81368.08333333333,96945.95833333331,101492.125,99928.79166666669,95925.125,100685.25,99446.16666666669,101846.25,96945.95833333331,97904.125,97890.54166666669,101458.66666666669,101941.0,101693.04166666669,101590.29166666669,98594.70833333331,101510.125,87860.20833333333,101475.91666666669,101512.29166666669,98713.33333333331
94385.0,101709.41666666669,99445.91666666669,101635.75,97502.91666666669,99150.0,99418.41666666669,97551.79166666669,68376.66666666667,100733.58333333331,95651.25,101784.625,82019.75,97434.08333333331,101435.125,99890.08333333331,96161.41666666669,100603.08333333331,100056.08333333331,101750.625,97434.08333333331,98457.375,98401.95833333331,101372.5,101896.16666666669,101769.91666666669,101606.20833333331,99180.375,101617.0,89002.125,101526.875,101635.20833333331,99296.0
93418.33333333331,101166.70833333331,98216.0,100794.125,96343.45833333331,97901.41666666669,98179.75,96368.54166666669,68275.5,100112.16666666669,94814.70833333331,101138.16666666669,81610.83333333333,96257.20833333331,100546.625,99018.54166666669,95287.16666666669,99713.91666666669,98846.66666666669,101342.83333333331,96257.20833333331,97227.08333333331,97334.33333333331,100916.375,101478.95833333331,101143.875,100815.79166666669,97910.375,100895.875,88288.0,100750.125,100790.20833333331,98035.41666666669
93404.33333333331,101421.08333333331,98171.83333333331,100969.16666666669,96306.79166666669,97812.45833333331,98129.625,96277.20833333331,68195.29166666667,100199.70833333331,94978.29166666669,101217.91666666669,81281.83333333333,96164.125,100938.54166666669,99405.375,95425.45833333331,100159.66666666669,98825.0,101712.5,96164.125,97137.875,97340.95833333331,101255.83333333331,101803.875,101303.04166666669,101085.41666666669,97816.20833333331,101055.33333333331,87918.875,100987.16666666669,100969.58333333331,97944.75
93277.375,101088.45833333331,98099.58333333331,100807.08333333331,96228.20833333331,97752.95833333331,98084.625,96208.25,68114.04166666667,99919.45833333331,94782.83333333331,100939.41666666669,81101.25,96090.29166666669,100744.33333333331,99220.5,95218.20833333331,99958.0,98724.375,101271.375,96090.29166666669,97081.95833333331,97176.83333333331,100856.58333333331,101373.5,101017.125,100873.33333333331,97774.16666666669,100834.875,87792.375,100778.125,100809.625,97906.70833333331
93776.0,101475.45833333331,98729.08333333331,101305.58333333331,96807.625,98412.125,98689.33333333331,96867.75,68172.66666666667,100344.875,95379.625,101392.04166666669,81159.75,96756.91666666669,101266.45833333331,99759.70833333331,95859.75,100482.75,99373.0,101558.79166666669,96756.91666666669,97716.95833333331,97889.08333333331,101182.25,101685.20833333331,101452.25,101356.875,98419.70833333331,101280.125,87948.79166666667,101258.16666666669,101307.08333333331,98529.5
93869.20833333331,101386.875,98868.58333333331,101234.20833333331,96943.75,98577.58333333331,98847.66666666669,97006.0,68166.29166666667,100401.75,95248.25,101438.45833333331,81401.08333333333,96887.79166666669,101043.375,99493.58333333331,95742.04166666669,100212.5,99488.20833333331,101442.20833333331,96887.79166666669,97884.75,97893.08333333331,101065.95833333331,101597.58333333331,101417.79166666669,101235.625,98598.25,101259.20833333331,88142.66666666667,101161.25,101233.04166666669,98711.16666666669
93571.625,101065.66666666669,98525.0,100887.25,96624.33333333331,98207.08333333331,98503.95833333331,96648.29166666669,68146.91666666667,100026.91666666669,94868.79166666669,101060.29166666669,81127.33333333333,96530.91666666669,100759.29166666669,99218.66666666669,95342.375,99940.375,99141.08333333331,101157.54166666669,96530.91666666669,97526.875,97522.08333333331,100767.375,101283.625,101083.20833333331,100915.375,98234.79166666669,100920.95833333331,87896.54166666667,100832.41666666669,100887.04166666669,98350.5
93297.58333333331,100865.20833333331,98174.5,100633.66666666669,96286.95833333331,97881.5,98140.08333333331,96347.0,67868.20833333333,99838.91666666669,94647.125,100862.83333333331,81043.375,96233.33333333331,100462.375,98942.54166666669,95112.5,99654.04166666669,98774.5,101036.29166666669,96233.33333333331,97201.41666666669,97229.625,100618.625,101175.75,100856.375,100626.83333333331,97890.5,100656.5,87780.04166666667,100552.375,100633.375,98010.08333333331
93040.58333333331,100566.95833333331,97932.20833333331,100371.70833333331,96041.45833333331,97673.0,97906.66666666669,96151.79166666669,67734.20833333333,99514.70833333331,94604.41666666669,100531.875,80863.54166666667,96043.375,100305.20833333331,98844.16666666669,95077.0,99541.08333333331,98544.625,100702.16666666669,96043.375,96986.58333333331,97058.16666666669,100313.83333333331,100810.75,100533.5,100402.75,97669.66666666669,100377.25,87393.04166666667,100313.5,100373.91666666669,97777.79166666669
93029.625,100263.41666666669,97933.5,100067.375,96060.625,97625.5,97931.45833333331,96074.45833333331,67875.125,99258.625,94274.04166666669,100275.04166666669,80910.20833333333,95953.29166666669,99884.66666666669,98399.5,94770.20833333331,99096.45833333331,98544.41666666669,100359.70833333331,95953.29166666669,96955.0,96953.29166666669,99974.45833333331,100489.91666666669,100277.83333333331,100061.08333333331,97652.04166666669,100088.54166666669,87482.95833333333,99988.41666666669,100066.875,97770.58333333331
92765.79166666669,100323.45833333331,97621.125,100027.375,95759.625,97319.375,97597.83333333331,95800.875,67832.29166666667,99326.04166666669,94190.66666666669,100335.33333333331,80896.83333333333,95686.79166666669,99876.83333333331,98417.33333333331,94653.79166666669,99110.5,98186.91666666669,100453.91666666669,95686.79166666669,96652.95833333331,96634.79166666669,100053.04166666669,100588.54166666669,100347.91666666669,100073.79166666669,97336.20833333331,100116.79166666669,87430.70833333333,100001.33333333331,100025.875,97451.5
92822.79166666669,100032.95833333331,97729.125,99813.375,95859.95833333331,97464.29166666669,97719.54166666669,95941.04166666669,67907.5,99010.83333333331,94115.33333333331,100027.625,80899.54166666667,95830.125,99691.29166666669,98269.25,94588.04166666669,98940.875,98291.91666666669,100174.25,95830.125,96796.54166666669,96662.875,99780.91666666669,100291.04166666669,100037.0,99824.66666666669,97488.79166666669,99824.625,87420.95833333333,99741.33333333331,99811.875,97588.625
93149.91666666669,100471.25,97992.25,100120.91666666669,96134.33333333331,97694.5,97979.75,96161.25,68078.625,99390.29166666669,94439.625,100392.25,81207.70833333333,96045.70833333331,99992.0,98544.91666666669,94911.875,99227.16666666669,98603.33333333331,100617.70833333331,96045.70833333331,97031.125,97018.375,100223.5,100747.16666666669,100421.83333333331,100164.45833333331,97722.95833333331,100204.25,87976.08333333333,100094.125,100121.08333333331,97834.70833333331
93177.29166666669,100706.58333333331,98065.625,100228.79166666669,96187.29166666669,97784.45833333331,98049.95833333331,96255.5,68048.0,99535.79166666669,94544.45833333331,100541.25,81007.33333333333,96145.79166666669,100143.29166666669,98724.33333333331,95011.08333333331,99394.83333333331,98654.79166666669,100913.79166666669,96145.79166666669,97109.95833333331,97069.83333333331,100489.04166666669,101043.125,100567.5,100315.5,97800.58333333331,100348.91666666669,87740.58333333333,100240.125,100227.66666666669,97910.91666666669
93276.75,100495.5,98149.16666666669,100322.58333333331,96283.45833333331,97843.91666666669,98135.70833333331,96311.375,68268.54166666667,99490.75,94545.41666666669,100507.25,81350.16666666667,96198.04166666669,100167.08333333331,98680.16666666669,95035.0,99372.08333333331,98766.0,100586.79166666669,96198.04166666669,97176.33333333331,97170.54166666669,100198.16666666669,100706.0,100504.83333333331,100311.625,97868.875,100333.33333333331,88138.125,100238.125,100323.0,97978.04166666669
93007.33333333331,100411.95833333331,97791.66666666669,100187.125,95945.375,97493.91666666669,97786.41666666669,95967.125,68057.91666666667,99466.16666666669,94243.83333333331,100471.25,81214.41666666667,95854.20833333331,99925.41666666669,98405.66666666669,94702.20833333331,99104.66666666669,98386.70833333331,100473.66666666669,95854.20833333331,96834.45833333331,96797.29166666669,100097.75,100621.25,100470.0,100157.91666666669,97523.08333333331,100219.83333333331,87845.33333333333,100091.125,100184.16666666669,97634.75
92529.45833333331,100084.5,97279.29166666669,99759.33333333331,95454.0,96993.54166666669,97275.75,95492.375,67695.375,99101.375,93962.29166666669,100109.04166666669,80810.375,95379.79166666669,99601.91666666669,98173.66666666669,94407.375,98847.41666666669,97895.45833333331,100232.70833333331,95379.79166666669,96331.66666666669,96371.66666666669,99823.45833333331,100338.45833333331,100128.91666666669,99830.08333333331,97012.54166666669,99877.58333333331,87237.08333333333,99759.54166666669,99753.45833333331,97126.04166666669
92656.58333333331,100178.5,97367.33333333331,99925.04166666669,95540.375,97090.125,97351.75,95596.20833333331,68052.75,99256.5,94034.83333333331,100272.16666666669,81005.45833333333,95489.875,99658.45833333331,98186.91666666669,94507.79166666669,98867.54166666669,97976.25,100231.04166666669,95489.875,96433.83333333331,96485.25,99861.66666666669,100376.79166666669,100251.54166666669,99907.83333333331,97105.83333333331,99978.125,87559.58333333333,99846.625,99919.45833333331,97215.75
92578.29166666669,100181.04166666669,97260.5,99879.16666666669,95440.16666666669,96994.91666666669,97235.75,95514.79166666669,68049.83333333333,99227.70833333331,93941.04166666669,100233.5,81143.33333333333,95404.04166666669,99564.79166666669,98039.08333333331,94412.41666666669,98736.375,97859.0,100243.25,95404.04166666669,96321.83333333331,96391.45833333331,99858.66666666669,100402.41666666669,100230.20833333331,99843.75,96978.375,99941.83333333331,87656.20833333333,99795.04166666669,99869.95833333331,97096.375
92771.54166666669,99961.95833333331,97534.58333333331,99738.70833333331,95706.375,97270.91666666669,97537.33333333331,95765.91666666669,68302.29166666667,99059.625,94033.58333333331,100067.0,81226.66666666667,95651.70833333331,99523.20833333331,98072.375,94521.95833333331,98741.79166666669,98131.625,100029.54166666669,95651.70833333331,96614.25,96576.66666666669,99652.95833333331,100185.91666666669,100040.5,99735.20833333331,97304.75,99791.33333333331,87889.08333333333,99668.5,99735.54166666669,97406.83333333331
92985.41666666669,100491.70833333331,97800.95833333331,100084.125,95947.54166666669,97537.75,97779.91666666669,96038.16666666669,68259.875,99405.0,94377.625,100403.20833333331,81189.83333333333,95931.54166666669,99953.79166666669,98524.66666666669,94847.33333333331,99206.875,98355.79166666669,100689.66666666669,95931.54166666669,96869.375,96855.33333333331,100259.875,100830.5,100434.95833333331,100134.58333333331,97550.08333333331,100186.54166666669,87796.54166666667,100062.83333333331,100082.08333333331,97658.20833333331
92628.66666666669,99965.95833333331,97416.125,99599.625,95586.79166666669,97148.41666666669,97405.5,95648.70833333331,68346.5,98905.125,93925.45833333331,99902.45833333331,81034.79166666667,95536.54166666669,99522.125,98085.04166666669,94399.5,98782.625,98001.08333333331,100151.04166666669,95536.54166666669,96493.33333333331,96464.58333333331,99730.79166666669,100270.75,99941.08333333331,99638.29166666669,97167.625,99656.875,87568.04166666667,99547.29166666669,99601.0,97275.25
92839.625,100228.41666666669,97493.29166666669,100052.95833333331,95692.29166666669,97178.41666666669,97478.33333333331,95686.75,68276.75,99290.08333333331,94214.75,100297.66666666669,81187.20833333333,95576.25,99854.79166666669,98385.95833333331,94669.29166666669,99068.20833333331,98137.625,100263.625,95576.25,96529.5,96660.58333333331,99910.66666666669,100390.70833333331,100282.33333333331,100045.25,97204.58333333331,100081.5,87714.45833333333,99973.75,100050.04166666669,97323.33333333331
92586.75,100167.95833333331,97105.70833333331,99925.375,95336.75,96715.20833333331,97095.875,95245.83333333331,67836.20833333333,99227.5,93986.08333333331,100229.75,81143.5,95134.04166666669,99614.75,98107.125,94448.875,98782.875,97764.25,100274.29166666669,95134.04166666669,96082.5,96358.29166666669,99886.79166666669,100401.29166666669,100216.66666666669,99893.75,96766.08333333331,99970.5,87650.33333333333,99840.33333333331,99919.0,96890.5
92572.08333333331,100120.58333333331,97086.41666666669,99897.33333333331,95323.79166666669,96747.58333333331,97073.875,95303.29166666669,68043.125,99181.70833333331,94005.20833333331,100181.625,81082.66666666667,95203.75,99598.58333333331,98088.29166666669,94465.54166666669,98760.33333333331,97746.0,100160.375,95203.75,96096.91666666669,96361.29166666669,99806.70833333331,100288.70833333331,100176.375,99876.58333333331,96753.58333333331,99939.45833333331,87575.0,99817.0,99891.375,96879.625
92613.20833333331,99845.66666666669,97242.79166666669,99742.625,95448.70833333331,96972.33333333331,97225.625,95512.375,68053.0,98943.83333333331,93948.79166666669,99944.20833333331,81089.54166666667,95410.41666666669,99521.16666666669,98061.04166666669,94406.625,98731.83333333331,97857.75,99925.625,95410.41666666669,96310.66666666669,96399.33333333331,99556.0,100053.83333333331,99919.83333333331,99717.25,96966.79166666669,99753.29166666669,87533.66666666667,99648.45833333331,99738.125,97079.33333333331
92949.66666666669,100251.75,97786.25,100035.875,95927.33333333331,97517.79166666669,97778.25,95997.58333333331,68186.20833333333,99269.875,94222.625,100277.45833333331,81095.08333333333,95884.29166666669,99882.5,98420.875,94688.79166666669,99106.20833333331,98352.29166666669,100324.91666666669,95884.29166666669,96852.25,96769.04166666669,99957.625,100447.41666666669,100281.125,100051.0,97544.25,100068.04166666669,87791.45833333333,99972.66666666669,100032.16666666669,97646.5
93252.20833333331,100544.375,98074.08333333331,100395.91666666669,96214.625,97793.33333333331,98044.58333333331,96278.5,68652.16666666667,99562.0,94552.79166666669,100565.91666666669,81596.83333333333,96171.41666666669,100214.0,98720.66666666669,95034.5,99413.45833333331,98636.83333333331,100597.66666666669,96171.41666666669,97116.33333333331,97103.75,100249.29166666669,100722.66666666669,100555.91666666669,100405.70833333331,97779.16666666669,100413.375,88245.29166666667,100331.45833333331,100393.25,97908.08333333331
92838.0,100443.91666666669,97514.04166666669,100083.875,95704.0,97231.5,97508.33333333331,95750.375,68414.91666666667,99395.70833333331,94296.625,100395.875,81506.625,95640.70833333331,99901.83333333331,98453.16666666669,94761.45833333331,99123.20833333331,98087.04166666669,100567.66666666669,95640.70833333331,96577.29166666669,96668.70833333331,100171.95833333331,100676.16666666669,100433.08333333331,100135.5,97243.58333333331,100185.29166666669,88036.5,100064.29166666669,100081.91666666669,97371.0
93097.95833333331,100393.95833333331,97839.70833333331,100183.16666666669,96015.66666666669,97546.25,97831.45833333331,96046.25,68501.08333333333,99343.70833333331,94481.45833333331,100343.04166666669,81424.375,95938.5,100073.875,98629.45833333331,94943.70833333331,99310.125,98471.625,100537.83333333331,95938.5,96876.0,96987.20833333331,100158.41666666669,100650.58333333331,100379.58333333331,100203.25,97545.625,100184.20833333331,88014.45833333333,100117.25,100186.54166666669,97664.83333333331
92897.20833333331,100306.5,97493.41666666669,100137.33333333331,95702.33333333331,97203.70833333331,97483.625,95727.79166666669,68098.70833333333,99308.33333333331,94354.70833333331,100316.25,81230.20833333333,95628.375,100006.66666666669,98551.0,94793.20833333331,99231.25,98129.16666666669,100400.83333333331,95628.375,96544.95833333331,96705.20833333331,100041.625,100498.41666666669,100329.33333333331,100158.58333333331,97200.91666666669,100152.79166666669,87860.79166666667,100076.125,100136.70833333331,97330.54166666669
93010.33333333331,100508.04166666669,97676.29166666669,100236.5,95864.95833333331,97435.0,97662.70833333331,95962.33333333331,68199.83333333333,99525.83333333331,94471.08333333331,100528.375,81363.375,95863.66666666669,100068.45833333331,98616.75,94920.375,99286.5,98236.375,100646.95833333331,95863.66666666669,96774.20833333331,96843.95833333331,100257.54166666669,100769.70833333331,100538.375,100262.16666666669,97435.45833333331,100309.25,88024.20833333333,100192.54166666669,100233.66666666669,97558.75
92955.33333333331,100375.95833333331,97618.375,100122.95833333331,95814.625,97340.25,97625.04166666669,95844.54166666669,68233.41666666667,99435.95833333331,94241.08333333331,100431.625,81283.33333333333,95734.91666666669,99855.41666666669,98351.16666666669,94698.54166666669,99028.83333333331,98194.83333333331,100443.79166666669,95734.91666666669,96684.54166666669,96694.04166666669,100073.54166666669,100583.54166666669,100429.70833333331,100099.75,97358.58333333331,100162.875,87869.58333333333,100037.83333333331,100118.875,97478.58333333331
92853.625,100380.70833333331,97441.125,100109.08333333331,95660.625,97136.54166666669,97429.0,95659.54166666669,68161.70833333333,99433.25,94262.625,100429.875,81279.33333333333,95556.66666666669,99870.75,98377.0,94710.16666666669,99043.25,98041.04166666669,100456.75,95556.66666666669,96483.79166666669,96610.04166666669,100092.45833333331,100589.16666666669,100436.5,100115.5,97148.25,100163.29166666669,87832.29166666667,100047.20833333331,100106.66666666669,97276.875
92849.625,100358.41666666669,97416.25,100119.875,95643.04166666669,97073.58333333331,97411.25,95579.75,68171.91666666667,99413.29166666669,94217.125,100405.375,81236.66666666667,95470.75,99853.375,98340.875,94665.5,99008.375,98026.20833333331,100415.25,95470.75,96437.75,96591.875,100054.83333333331,100548.04166666669,100410.08333333331,100117.45833333331,97111.75,100148.33333333331,87775.20833333333,100051.16666666669,100116.875,97241.625
92774.04166666669,100219.33333333331,97341.5,99971.20833333331,95569.25,97041.0,97331.04166666669,95569.04166666669,68243.79166666667,99243.58333333331,94222.29166666669,100238.0,81289.29166666667,95468.54166666669,99762.54166666669,98312.16666666669,94674.91666666669,98972.16666666669,97948.20833333331,100281.25,95468.54166666669,96399.58333333331,96545.29166666669,99924.33333333331,100408.58333333331,100251.5,99982.125,97063.875,100011.08333333331,87845.66666666667,99908.83333333331,99968.95833333331,97185.58333333331
92716.79166666669,100269.125,97243.0,99957.70833333331,95481.5,96929.16666666669,97230.79166666669,95470.91666666669,68206.75,99272.20833333331,94199.04166666669,100266.29166666669,81221.95833333333,95372.08333333331,99757.04166666669,98304.375,94643.75,98972.33333333331,97872.16666666669,100403.79166666669,95372.08333333331,96280.875,96480.70833333331,100007.25,100523.625,100277.0,99984.70833333331,96942.54166666669,100036.45833333331,87764.95833333333,99916.20833333331,99953.70833333331,97065.70833333331
92744.875,100277.875,97296.54166666669,100040.70833333331,95529.875,96942.33333333331,97283.08333333331,95453.375,68168.25,99321.79166666669,94163.16666666669,100314.58333333331,81262.45833333333,95341.25,99777.375,98290.375,94610.625,98961.75,97910.58333333331,100390.83333333331,95341.25,96313.20833333331,96480.95833333331,100002.75,100510.58333333331,100316.41666666669,100036.20833333331,96989.58333333331,100071.625,87793.0,99968.08333333331,100036.83333333331,97119.125
92995.08333333331,100723.875,97549.41666666669,100383.54166666669,95774.08333333331,97222.875,97523.25,95753.70833333331,68314.5,99559.04166666669,94586.5,100545.66666666669,81419.625,95650.58333333331,100334.70833333331,98854.875,95008.125,99568.54166666669,98177.33333333331,100888.04166666669,95650.58333333331,96581.33333333331,96767.75,100509.66666666669,100973.25,100642.875,100475.45833333331,97236.125,100418.70833333331,87945.45833333333,100382.875,100385.375,97362.08333333331
92933.25,100853.625,97521.875,100440.375,95731.25,97216.58333333331,97504.5,95746.0,68149.375,99680.625,94510.66666666669,100675.0,81323.95833333333,95647.95833333331,100395.54166666669,98890.91666666669,94926.79166666669,99612.91666666669,98137.04166666669,101044.58333333331,95647.95833333331,96559.66666666669,96711.375,100645.04166666669,101157.70833333331,100755.375,100511.91666666669,97212.29166666669,100498.70833333331,87891.95833333333,100419.66666666669,100441.45833333331,97346.0
93569.41666666669,101101.29166666669,98597.29166666669,101017.41666666669,96686.08333333331,98332.95833333331,98560.54166666669,96799.875,68286.29166666667,100008.5,95142.29166666669,101014.45833333331,81428.95833333333,96690.75,100966.375,99466.04166666669,95596.125,100184.125,99097.5,101134.29166666669,96690.75,97648.875,97516.20833333331,100796.04166666669,101232.29166666669,101080.29166666669,101058.33333333331,98328.91666666669,100976.79166666669,88093.5,100956.0,101021.83333333331,98450.125
93843.79166666669,101019.875,98802.83333333331,100895.16666666669,96896.91666666669,98492.5,98771.5,96951.08333333331,68310.04166666667,99939.375,95238.70833333331,100961.33333333331,81448.58333333333,96841.79166666669,100855.875,99423.16666666669,95725.54166666669,100104.25,99431.83333333331,101101.08333333331,96841.79166666669,97802.95833333331,97828.375,100761.79166666669,101177.79166666669,101019.16666666669,100941.25,98499.375,100877.75,88382.125,100843.04166666669,100899.875,98627.58333333331
93712.54166666669,100736.45833333331,98611.875,100646.45833333331,96740.0,98342.0,98587.58333333331,96813.375,68615.45833333333,99751.29166666669,94984.45833333331,100756.375,81874.08333333333,96705.58333333331,100537.95833333331,99079.75,95472.95833333331,99762.625,99170.91666666669,100771.25,96705.58333333331,97667.08333333331,97608.66666666669,100433.625,100876.91666666669,100779.25,100661.79166666669,98356.70833333331,100637.83333333331,88663.95833333333,100577.95833333331,100647.45833333331,98475.0
94101.04166666669,101530.04166666669,99085.41666666669,101179.70833333331,97182.70833333331,98826.25,99049.125,97304.66666666669,68923.04166666667,100405.5,95498.58333333331,101413.33333333331,82030.20833333333,97187.83333333331,101114.75,99662.83333333331,95988.375,100348.79166666669,99601.70833333331,101672.70833333331,97187.83333333331,98135.66666666669,98067.91666666669,101293.75,101776.45833333331,101466.5,101257.375,98809.75,101253.54166666669,88754.45833333333,101173.16666666669,101179.45833333331,98938.41666666669
93674.04166666669,101126.41666666669,98553.66666666669,100842.33333333331,96682.58333333331,98270.5,98532.0,96739.54166666669,68610.29166666667,100020.0,95087.20833333331,101024.91666666669,81713.70833333333,96625.0,100765.66666666669,99315.08333333331,95539.66666666669,99999.25,99102.625,101273.25,96625.0,97597.20833333331,97573.54166666669,100890.20833333331,101371.375,101075.20833333331,100900.08333333331,98282.25,100877.70833333331,88456.375,100810.75,100843.08333333331,98407.79166666669
93385.95833333331,100747.375,98186.79166666669,100745.29166666669,96326.83333333331,97882.70833333331,98148.79166666669,96389.54166666669,68285.58333333333,99770.125,94990.45833333331,100793.83333333331,81386.0,96278.25,100669.45833333331,99229.45833333331,95455.54166666669,99920.16666666669,98775.04166666669,100666.75,96278.25,97201.375,97400.66666666669,100394.125,100757.45833333331,100817.5,100768.04166666669,97863.58333333331,100693.41666666669,88053.04166666667,100671.25,100748.54166666669,97994.75
93142.91666666669,100658.25,98026.83333333331,100422.95833333331,96144.75,97769.91666666669,97975.70833333331,96274.0,68090.16666666667,99585.125,94704.04166666669,100592.5,81272.91666666667,96154.625,100322.91666666669,98876.25,95173.33333333331,99553.625,98513.79166666669,100742.08333333331,96154.625,97087.875,97082.04166666669,100390.20833333331,100841.70833333331,100639.91666666669,100481.16666666669,97750.20833333331,100457.54166666669,87862.16666666667,100393.66666666669,100422.91666666669,97875.33333333331
93587.25,101384.08333333331,98481.0,101034.875,96579.875,98226.45833333331,98438.66666666669,96703.875,68361.125,100183.33333333331,95284.0,101201.08333333331,81520.0,96612.0,101029.0,99562.375,95754.41666666669,100257.29166666669,99067.0,101511.29166666669,96612.0,97537.04166666669,97650.25,101136.33333333331,101607.875,101294.16666666669,101129.33333333331,98205.54166666669,101079.04166666669,88181.16666666667,101034.5,101039.95833333331,98330.0
94119.08333333331,101511.54166666669,99098.75,101334.54166666669,97175.33333333331,98791.83333333331,99062.91666666669,97237.83333333331,68381.54166666667,100383.91666666669,95497.875,101409.20833333331,81563.20833333333,97147.66666666669,101249.54166666669,99770.08333333331,95994.91666666669,100467.70833333331,99727.875,101637.75,97147.66666666669,98082.29166666669,98124.79166666669,101253.04166666669,101740.0,101463.0,101359.45833333331,98768.16666666669,101300.29166666669,88400.875,101263.16666666669,101337.91666666669,98902.45833333331
93884.16666666669,101366.20833333331,98884.04166666669,101104.5,96967.33333333331,98612.29166666669,98865.20833333331,97044.25,68359.625,100219.625,95295.91666666669,101233.29166666669,81527.875,96948.08333333331,101030.58333333331,99558.25,95779.66666666669,100248.95833333331,99476.08333333331,101557.91666666669,96948.08333333331,97920.70833333331,97891.08333333331,101141.45833333331,101671.66666666669,101273.08333333331,101146.20833333331,98619.41666666669,101120.75,88219.29166666667,101053.58333333331,101108.0,98738.04166666669
93607.45833333331,101200.5,98508.16666666669,100878.625,96619.20833333331,98184.20833333331,98478.625,96635.45833333331,68370.625,100063.20833333331,95054.91666666669,101069.08333333331,81548.58333333333,96542.58333333331,100725.66666666669,99234.33333333331,95539.08333333331,99926.33333333331,99140.66666666669,101394.70833333331,96542.58333333331,97504.66666666669,97601.79166666669,100968.08333333331,101512.70833333331,101108.125,100906.66666666669,98197.875,100914.875,88338.04166666667,100830.33333333331,100877.66666666669,98332.375
93290.83333333331,100954.58333333331,98013.91666666669,100690.75,96173.25,97762.75,97932.20833333331,96259.375,68386.0,99943.91666666669,94780.04166666669,100945.25,81574.29166666667,96182.45833333331,100454.875,98923.58333333331,95259.70833333331,99625.79166666669,98517.25,101069.5,96182.45833333331,97074.45833333331,97137.08333333331,100683.91666666669,101201.95833333331,100953.70833333331,100705.33333333331,97727.04166666669,100727.29166666669,88224.04166666667,100639.125,100686.83333333331,97852.0
93957.41666666669,102251.66666666669,99083.29166666669,101998.20833333331,97146.0,98806.375,99005.45833333331,97227.20833333331,68449.29166666667,100972.54166666669,95829.95833333331,102001.04166666669,81702.125,97136.25,102037.83333333331,100432.29166666669,96254.16666666669,101229.5,99556.04166666669,102409.08333333331,97136.25,98101.375,98019.54166666669,102033.5,102495.375,102127.29166666669,102086.5,98794.33333333331,101943.625,88365.58333333333,101951.54166666669,102006.91666666669,98931.58333333331
94673.70833333331,102314.04166666669,99784.375,102245.0,97829.0,99474.66666666669,99708.79166666669,97875.41666666669,68490.33333333333,101214.33333333331,96115.45833333331,102276.79166666669,81732.91666666667,97785.08333333331,102143.875,100568.58333333331,96646.41666666669,101316.04166666669,100336.625,102362.75,97785.08333333331,98757.16666666669,98772.70833333331,102001.79166666669,102482.25,102305.95833333331,102261.66666666669,99468.41666666669,102197.875,88639.70833333333,102156.91666666669,102249.04166666669,99605.04166666669
94470.08333333331,102438.0,99563.875,102091.0,97623.75,99268.125,99491.0,97687.70833333331,68327.70833333333,101256.16666666669,95979.16666666669,102304.79166666669,81778.83333333333,97600.75,101996.08333333331,100448.75,96450.29166666669,101174.41666666669,100076.75,102565.29166666669,97600.75,98558.79166666669,98530.58333333331,102167.41666666669,102682.08333333331,102368.33333333331,102167.25,99272.5,102156.04166666669,88758.875,102077.875,102092.20833333331,99401.16666666669
94425.625,101881.41666666669,99546.16666666669,101630.16666666669,97614.5,99252.83333333331,99490.41666666669,97664.45833333331,68411.95833333333,100721.29166666669,95737.0,101755.79166666669,81631.79166666667,97575.625,101553.83333333331,100062.70833333331,96252.875,100770.83333333331,100054.79166666669,102033.25,97575.625,98551.58333333331,98449.625,101638.04166666669,102142.04166666669,101806.08333333331,101667.45833333331,99270.66666666669,101626.66666666669,88619.41666666667,101569.95833333331,101631.33333333331,99398.54166666669
94633.25,102354.08333333331,99632.04166666669,102032.16666666669,97723.54166666669,99307.0,99568.41666666669,97714.75,68694.41666666667,101149.79166666669,96098.08333333331,102191.875,82178.16666666667,97622.33333333331,101985.95833333331,100478.0,96592.83333333331,101194.0,100198.75,102478.54166666669,97622.33333333331,98611.95833333331,98668.625,102100.08333333331,102574.66666666669,102280.5,102129.83333333331,99337.125,102072.41666666669,89142.70833333333,102025.0,102034.20833333331,99461.29166666669
94238.41666666669,102216.25,99131.0,101836.70833333331,97245.83333333331,98798.79166666669,99056.29166666669,97227.45833333331,68483.20833333333,101049.375,95792.04166666669,102071.95833333331,81935.66666666667,97143.08333333331,101723.125,100201.95833333331,96269.83333333331,100910.91666666669,99710.25,102401.29166666669,97143.08333333331,98107.25,98253.58333333331,101980.08333333331,102524.45833333331,102115.91666666669,101901.41666666669,98819.375,101922.04166666669,88793.58333333333,101823.125,101837.0,98951.41666666669
94391.79166666669,102248.45833333331,99378.375,101823.25,97486.41666666669,99030.95833333331,99319.66666666669,97441.83333333331,68686.45833333333,101027.45833333331,95987.91666666669,102059.125,81982.75,97346.125,101778.16666666669,100305.41666666669,96487.70833333331,100999.20833333331,99977.25,102383.54166666669,97346.125,98338.83333333331,98513.79166666669,101988.20833333331,102499.79166666669,102132.41666666669,101915.29166666669,99045.29166666669,101908.5,88806.125,101829.20833333331,101824.33333333331,99183.0
94134.83333333331,102188.5,99224.0,101828.04166666669,97300.5,98886.70833333331,99153.95833333331,97298.58333333331,68533.125,100968.79166666669,95825.875,102001.95833333331,81730.29166666667,97204.375,101804.0,100291.16666666669,96327.20833333331,101015.375,99796.29166666669,102423.45833333331,97204.375,98187.5,98281.95833333331,101990.33333333331,102533.04166666669,102080.33333333331,101917.54166666669,98898.25,101879.625,88515.29166666667,101818.75,101830.83333333331,99035.41666666669
94407.625,102285.95833333331,99483.29166666669,101971.58333333331,97559.375,99144.16666666669,99414.29166666669,97553.875,68750.75,101049.29166666669,95951.75,102097.375,81760.0,97460.75,101929.29166666669,100412.70833333331,96451.25,101146.0,100044.95833333331,102460.625,97460.75,98434.91666666669,98508.25,102053.83333333331,102562.125,102185.41666666669,102023.33333333331,99151.83333333331,101979.5,88545.33333333333,101921.95833333331,101975.04166666669,99287.04166666669
94191.66666666669,102025.41666666669,99166.83333333331,101676.70833333331,97253.04166666669,98843.125,99114.875,97272.41666666669,68571.91666666667,100814.29166666669,95716.0,101858.16666666669,81779.33333333333,97179.45833333331,101607.5,100097.375,96194.95833333331,100809.66666666669,99768.16666666669,102203.375,97179.45833333331,98145.125,98245.70833333331,101794.45833333331,102305.29166666669,101939.95833333331,101748.25,98857.75,101731.95833333331,88582.75,101654.79166666669,101677.25,98988.5
94373.45833333331,102425.16666666669,99421.375,102014.91666666669,97476.125,99131.625,99375.16666666669,97549.79166666669,68715.95833333333,101174.33333333331,95958.54166666669,102227.33333333331,81873.54166666667,97456.29166666669,101974.0,100421.33333333331,96426.125,101170.66666666669,100021.875,102579.20833333331,97456.29166666669,98422.0,98455.45833333331,102177.0,102684.875,102324.375,102106.54166666669,99124.70833333331,102070.16666666669,88663.20833333333,102010.58333333331,102017.75,99257.70833333331
94032.70833333331,102027.875,99009.91666666669,101664.625,97083.54166666669,98700.45833333331,98971.66666666669,97130.25,68529.125,100896.16666666669,95605.29166666669,101930.79166666669,81779.33333333333,97041.5,101535.0,100007.95833333331,96075.79166666669,100724.5,99611.08333333331,102214.95833333331,97041.5,97996.625,98108.04166666669,101786.54166666669,102336.75,101973.16666666669,101723.54166666669,98689.83333333331,101746.04166666669,88556.75,101641.79166666669,101664.20833333331,98832.91666666669
93648.95833333331,101696.58333333331,98638.625,101223.29166666669,96711.70833333331,98341.04166666669,98585.875,96778.66666666669,68199.54166666667,100542.70833333331,95316.58333333331,101567.41666666669,81727.45833333333,96698.875,101136.08333333331,99639.375,95779.125,100342.54166666669,99174.54166666669,101935.83333333331,96698.875,97641.66666666669,97691.375,101496.70833333331,102048.375,101616.79166666669,101329.54166666669,98324.25,101359.875,88477.33333333333,101249.875,101222.20833333331,98461.875
94269.20833333331,102110.625,99463.58333333331,101977.95833333331,97486.33333333331,99148.16666666669,99420.08333333331,97546.625,68149.25,100948.25,95850.16666666669,101986.04166666669,81696.25,97436.75,101947.16666666669,100374.20833333331,96319.83333333331,101126.875,100051.41666666669,102157.5,97436.75,98440.625,98390.29166666669,101804.16666666669,102260.54166666669,102071.04166666669,102046.45833333331,99164.0,101940.75,88420.83333333333,101937.83333333331,101980.95833333331,99297.54166666669
93949.33333333331,101890.58333333331,99022.08333333331,101600.20833333331,97066.04166666669,98678.70833333331,98978.08333333331,97071.66666666669,68119.41666666667,100794.125,95453.79166666669,101832.83333333331,81562.625,96948.33333333331,101469.08333333331,99901.58333333331,95925.91666666669,100638.5,99672.25,102056.66666666669,96948.33333333331,97981.54166666669,98040.83333333331,101637.20833333331,102172.58333333331,101818.41666666669,101643.25,98673.91666666669,101663.75,88258.20833333333,101564.375,101601.41666666669,98823.33333333331
94013.91666666669,101865.70833333331,99051.5,101643.625,97118.5,98715.75,99023.5,97137.125,68291.33333333333,100780.83333333331,95529.875,101824.625,81713.29166666667,97020.83333333331,101522.25,99962.16666666669,96016.5,100692.08333333331,99693.91666666669,101948.75,97020.83333333331,98013.83333333331,98092.95833333331,101574.16666666669,102060.25,101858.875,101701.58333333331,98726.70833333331,101694.58333333331,88527.58333333333,101616.5,101644.08333333331,98869.54166666669
94037.08333333331,101792.58333333331,99094.375,101616.45833333331,97146.25,98758.75,99054.95833333331,97175.5,68226.04166666667,100711.75,95545.58333333331,101748.66666666669,81486.66666666667,97058.41666666669,101576.83333333331,100034.91666666669,96030.08333333331,100776.45833333331,99711.20833333331,101912.79166666669,97058.41666666669,98059.33333333331,98116.70833333331,101533.91666666669,102016.625,101799.08333333331,101702.70833333331,98779.33333333331,101638.625,88293.91666666667,101601.54166666669,101618.29166666669,98914.54166666669
93807.08333333331,101606.875,98811.75,101333.33333333331,96881.375,98472.91666666669,98780.45833333331,96894.25,68508.875,100533.70833333331,95242.70833333331,101580.625,81651.08333333333,96773.95833333331,101178.625,99621.25,95739.79166666669,100347.16666666669,99440.75,101772.875,96773.95833333331,97770.91666666669,97856.70833333331,101350.08333333331,101897.95833333331,101593.79166666669,101382.91666666669,98484.33333333331,101410.41666666669,88429.29166666667,101306.95833333331,101331.25,98624.41666666669
93365.20833333331,101638.54166666669,98404.75,101292.16666666669,96453.04166666669,98102.91666666669,98337.75,96550.125,67915.83333333333,100398.83333333331,95207.75,101449.70833333331,81373.33333333333,96437.45833333331,101311.25,99762.375,95649.375,100530.25,98957.875,101742.91666666669,96437.45833333331,97396.5,97472.66666666669,101364.20833333331,101839.125,101575.70833333331,101435.66666666669,98091.95833333331,101342.875,88054.66666666667,101331.125,101295.25,98222.79166666669
94789.04166666669,103236.91666666669,99989.79166666669,102971.25,97959.04166666669,99679.25,99938.75,98031.20833333331,68051.66666666667,102020.5,96487.5,103115.29166666669,81512.45833333333,97907.0,102891.375,101224.79166666669,96970.79166666669,102019.08333333331,100648.58333333331,103314.5,97907.0,98944.375,99039.70833333331,102925.29166666669,103421.41666666669,103184.91666666669,103038.0,99672.75,103008.375,88233.625,102948.25,102973.875,99814.54166666669
94716.375,102891.75,99966.79166666669,102676.33333333331,97952.70833333331,99629.625,99920.54166666669,97987.45833333331,68037.08333333333,101667.125,96310.5,102757.58333333331,81537.95833333333,97865.20833333331,102598.04166666669,100962.5,96794.125,101737.83333333331,100618.875,102979.375,97865.20833333331,98900.66666666669,98926.45833333331,102594.58333333331,103073.16666666669,102841.54166666669,102726.16666666669,99637.04166666669,102676.45833333331,88371.41666666667,102632.875,102680.0,99777.875
94421.79166666669,102404.83333333331,99623.08333333331,102231.58333333331,97623.45833333331,99285.20833333331,99577.91666666669,97659.20833333331,68112.16666666667,101296.58333333331,95854.04166666669,102379.79166666669,81444.25,97539.79166666669,102095.875,100465.20833333331,96349.95833333331,101230.125,100266.04166666669,102537.75,97539.79166666669,98559.875,98590.79166666669,102126.66666666669,102658.16666666669,102405.875,102265.33333333331,99285.70833333331,102243.95833333331,88259.54166666667,102185.33333333331,102231.45833333331,99434.58333333331
94373.625,102392.625,99538.58333333331,102217.25,97548.375,99213.20833333331,99489.20833333331,97597.20833333331,68051.58333333333,101235.29166666669,95937.0,102318.91666666669,81343.04166666667,97477.20833333331,102154.70833333331,100538.20833333331,96424.33333333331,101315.375,100184.25,102447.375,97477.20833333331,98485.70833333331,98550.375,102081.58333333331,102549.375,102386.20833333331,102295.875,99203.375,102227.95833333331,88248.33333333333,102202.58333333331,102218.70833333331,99349.08333333331
94642.375,102717.20833333331,99838.625,102465.625,97835.95833333331,99523.08333333331,99803.41666666669,97891.95833333331,67943.08333333333,101586.83333333331,96121.125,102672.91666666669,81480.95833333333,97773.66666666669,102335.20833333331,100707.16666666669,96623.125,101458.91666666669,100485.5,102792.375,97773.66666666669,98793.20833333331,98801.16666666669,102395.0,102927.875,102707.29166666669,102517.83333333331,99524.95833333331,102527.58333333331,88484.91666666667,102440.20833333331,102463.875,99663.91666666669
95043.5,103061.66666666669,100328.95833333331,102912.83333333331,98295.29166666669,100013.625,100288.25,98363.70833333331,68216.41666666667,101886.0,96494.20833333331,102980.625,81659.95833333333,98243.29166666669,102841.625,101189.29166666669,96999.83333333331,101985.16666666669,100951.58333333331,103124.16666666669,98243.29166666669,99278.41666666669,99219.16666666669,102748.20833333331,103228.41666666669,103058.79166666669,102994.91666666669,100023.875,102916.41666666669,88692.375,102892.58333333331,102914.04166666669,100158.75
94519.58333333331,102399.54166666669,99801.45833333331,102185.91666666669,97772.83333333331,99467.16666666669,99762.29166666669,97809.625,68129.20833333333,101362.79166666669,95927.16666666669,102447.33333333331,81617.5,97686.83333333331,102000.33333333331,100395.625,96455.04166666669,101132.875,100445.20833333331,102486.0,97686.83333333331,98741.20833333331,98731.625,102074.29166666669,102633.79166666669,102437.08333333331,102215.375,99492.04166666669,102249.0,88673.20833333333,102147.5,102184.625,99631.45833333331
94339.58333333331,102237.95833333331,99554.16666666669,101973.33333333331,97546.45833333331,99205.20833333331,99499.08333333331,97565.5,67999.0,101135.41666666669,95748.95833333331,102225.5,81354.5,97442.16666666669,101830.375,100238.625,96272.41666666669,100973.58333333331,100213.95833333331,102245.04166666669,97442.16666666669,98481.83333333331,98541.29166666669,101885.58333333331,102366.33333333331,102262.79166666669,102042.79166666669,99214.66666666669,102054.33333333331,88419.25,101968.75,101972.66666666669,99359.08333333331
94394.70833333331,102872.08333333331,99578.70833333331,102465.25,97569.54166666669,99268.29166666669,99533.0,97645.5,67706.25,101652.08333333331,96141.75,102724.125,81550.0,97527.66666666669,102430.5,100804.04166666669,96615.75,101574.54166666669,100200.125,102972.20833333331,97527.66666666669,98543.20833333331,98628.04166666669,102574.45833333331,103091.125,102805.125,102577.58333333331,99278.5,102563.79166666669,88363.0,102488.41666666669,102467.33333333331,99412.29166666669
95096.375,103254.25,100345.08333333331,103017.33333333331,98306.0,100025.83333333331,100304.125,98359.79166666669,68177.625,102095.58333333331,96613.5,103192.20833333331,81738.875,98234.0,102898.29166666669,101266.70833333331,97117.20833333331,102039.875,100987.25,103358.5,98234.0,99292.375,99289.66666666669,102955.375,103471.29166666669,103232.66666666669,103059.625,100037.5,103050.125,88822.66666666667,102973.54166666669,103018.45833333331,100172.45833333331
95017.25,103162.29166666669,100275.16666666669,102904.16666666669,98246.83333333331,99958.75,100228.41666666669,98305.08333333331,68110.20833333333,101993.70833333331,96529.625,103075.20833333331,81805.66666666667,98182.29166666669,102779.125,101161.16666666669,97026.0,101923.79166666669,100890.45833333331,103308.75,98182.29166666669,99220.45833333331,99195.375,102882.0,103433.5,103110.45833333331,102939.75,99953.79166666669,102936.25,88866.41666666667,102853.41666666669,102905.20833333331,100096.41666666669
94920.625,103049.625,100143.20833333331,102755.125,98124.33333333331,99803.66666666669,100105.75,98157.16666666669,68080.33333333333,101890.83333333331,96432.04166666669,102980.04166666669,81698.0,98036.79166666669,102645.83333333331,101022.66666666669,96930.95833333331,101791.54166666669,100786.33333333331,103208.25,98036.79166666669,99072.58333333331,99114.08333333331,102770.25,103331.83333333331,103019.75,102811.0,99815.33333333331,102821.125,88768.875,102728.70833333331,102755.70833333331,99957.41666666669
94897.0,102482.5,100128.375,102337.45833333331,98116.70833333331,99781.75,100084.45833333331,98123.95833333331,69070.66666666667,101473.66666666669,96281.375,102548.20833333331,81903.29166666667,97999.375,102158.25,100575.83333333331,96826.75,101301.625,100796.75,102540.83333333331,97999.375,99052.20833333331,99121.66666666669,102132.20833333331,102681.75,102538.25,102353.79166666669,99798.5,102377.875,89050.625,102276.29166666669,102338.75,99940.625
94318.66666666669,102340.20833333331,99514.66666666669,101968.5,97517.41666666669,99184.79166666669,99459.16666666669,97566.875,68618.875,101173.70833333331,95802.04166666669,102220.16666666669,81625.875,97445.70833333331,101892.83333333331,100300.875,96306.45833333331,101056.95833333331,100200.91666666669,102546.125,97445.70833333331,98463.0,98531.5,102101.29166666669,102659.16666666669,102275.0,102064.45833333331,99190.0,102035.75,88732.08333333333,101972.70833333331,101969.08333333331,99326.83333333331
93202.375,101281.75,98355.83333333331,100938.875,96374.33333333331,98036.0,98288.70833333331,96440.5,67591.16666666667,100157.70833333331,94765.04166666669,101192.25,81075.20833333333,96319.95833333331,100884.79166666669,99293.29166666669,95241.70833333331,100061.33333333331,98947.5,101476.75,96319.95833333331,97319.5,97297.625,101032.375,101591.58333333331,101252.41666666669,101018.79166666669,98033.04166666669,100970.75,87917.0,100921.08333333331,100938.66666666669,98162.95833333331
94660.70833333331,102857.79166666669,100105.45833333331,102722.04166666669,98033.08333333331,99808.125,100050.04166666669,98132.58333333331,67195.66666666667,101616.5,96242.20833333331,102721.91666666669,80971.41666666667,98007.04166666669,102691.125,101001.125,96736.5,101828.33333333331,100685.91666666669,102889.875,98007.04166666669,99062.5,98939.83333333331,102523.95833333331,102986.375,102826.04166666669,102817.25,99812.875,102668.04166666669,87910.75,102703.04166666669,102725.625,99937.58333333331
94926.375,102787.95833333331,100278.58333333331,102673.70833333331,98229.79166666669,99908.33333333331,100229.95833333331,98213.45833333331,67591.54166666667,101738.75,96341.16666666669,102852.75,81357.41666666667,98082.41666666669,102505.375,100865.75,96881.83333333331,101629.33333333331,100926.125,102829.41666666669,98082.41666666669,99172.75,99203.16666666669,102426.625,102972.41666666669,102843.33333333331,102684.33333333331,99935.41666666669,102650.625,88314.54166666667,102599.125,102672.41666666669,100073.625
94325.95833333331,102411.20833333331,99589.125,102108.75,97570.5,99225.75,99539.95833333331,97563.5,67425.75,101210.375,95831.04166666669,102284.125,81121.45833333333,97437.20833333331,102026.29166666669,100409.75,96333.125,101181.08333333331,100246.16666666669,102607.41666666669,97437.20833333331,98500.08333333331,98567.91666666669,102162.75,102712.16666666669,102338.66666666669,102167.41666666669,99249.75,102129.29166666669,87926.54166666667,102076.95833333331,102110.125,99381.54166666669
94699.54166666669,103120.20833333331,99907.04166666669,102795.41666666669,97892.375,99569.58333333331,99857.625,97923.0,67749.20833333333,101898.375,96287.79166666669,102999.58333333331,81255.83333333333,97802.91666666669,102709.70833333331,101038.91666666669,96777.04166666669,101834.625,100581.16666666669,103233.5,97802.91666666669,98839.79166666669,98942.91666666669,102820.04166666669,103343.08333333331,103077.95833333331,102906.66666666669,99580.08333333331,102843.875,88418.5,102811.875,102796.70833333331,99712.5
94929.54166666669,102911.75,100223.04166666669,102790.625,98195.66666666669,99886.91666666669,100178.375,98226.875,67889.625,101827.79166666669,96381.45833333331,102942.08333333331,81242.04166666667,98108.04166666669,102666.83333333331,101030.91666666669,96896.5,101808.08333333331,100852.5,102927.66666666669,98108.04166666669,99164.0,99153.54166666669,102544.58333333331,103051.41666666669,102970.29166666669,102835.625,99924.45833333331,102782.41666666669,88603.125,102748.41666666669,102792.04166666669,100041.95833333331
93952.79166666669,101950.66666666669,99100.70833333331,101650.08333333331,97106.29166666669,98760.25,99038.54166666669,97129.875,68186.625,100928.16666666669,95432.33333333331,101988.75,81432.79166666667,97016.20833333331,101450.08333333331,99862.20833333331,95950.54166666669,100601.875,99718.45833333331,102047.08333333331,97016.20833333331,98044.25,98088.08333333331,101629.58333333331,102194.125,101976.66666666669,101705.0,98778.875,101736.5,88486.41666666667,101630.83333333331,101647.95833333331,98914.08333333331
94051.375,102492.5,99130.70833333331,102101.83333333331,97162.79166666669,98762.75,99085.33333333331,97150.70833333331,67966.66666666667,101195.70833333331,95746.375,102260.41666666669,81241.66666666667,97035.875,102073.20833333331,100419.95833333331,96225.16666666669,101230.95833333331,99804.70833333331,102694.04166666669,97035.875,98055.125,98199.20833333331,102256.41666666669,102802.04166666669,102350.33333333331,102182.83333333331,98784.08333333331,102094.25,88006.08333333333,102078.83333333331,102104.79166666669,98922.125
93890.0,101977.83333333331,98967.04166666669,101748.41666666669,96992.125,98595.75,98907.79166666669,96984.70833333331,67760.125,100846.79166666669,95422.95833333331,101906.0,81089.875,96865.5,101615.33333333331,99996.5,95913.70833333331,100769.04166666669,99643.83333333331,102182.25,96865.5,97884.5,98025.875,101733.875,102298.375,101926.08333333331,101764.58333333331,98609.5,101730.79166666669,87875.95833333333,101679.54166666669,101750.70833333331,98745.25
93950.41666666669,102143.625,99033.58333333331,101824.625,97059.625,98689.16666666669,98979.79166666669,97086.875,67639.75,100932.79166666669,95586.33333333331,101997.45833333331,81150.33333333333,96965.125,101791.66666666669,100182.375,96057.5,100960.95833333331,99675.08333333331,102369.45833333331,96965.125,97981.125,98083.25,101921.20833333331,102474.125,102069.125,101923.04166666669,98706.0,101852.29166666669,87968.25,101827.04166666669,101827.625,98836.29166666669
93465.70833333331,101713.5,98494.08333333331,101458.58333333331,96531.54166666669,98176.45833333331,98430.33333333331,96599.75,67218.95833333333,100544.58333333331,95191.625,101582.375,81024.375,96480.20833333331,101441.75,99836.08333333331,95649.125,100612.29166666669,99116.95833333331,101909.79166666669,96480.20833333331,97467.29166666669,97543.79166666669,101467.91666666669,102011.95833333331,101649.125,101537.33333333331,98173.5,101450.5,87735.0,101431.20833333331,101463.70833333331,98302.54166666669
94736.625,102936.58333333331,99967.375,102760.79166666669,97951.83333333331,99633.375,99916.08333333331,98002.54166666669,68056.79166666667,101748.54166666669,96350.04166666669,102843.79166666669,81366.20833333333,97877.95833333331,102680.58333333331,101020.5,96842.45833333331,101819.08333333331,100600.91666666669,103037.41666666669,97877.95833333331,98913.375,98980.83333333331,102633.91666666669,103145.08333333331,102916.375,102806.41666666669,99650.91666666669,102713.375,88230.0,102697.54166666669,102763.125,99780.5
94326.33333333331,102279.58333333331,99482.04166666669,102043.08333333331,97499.375,99124.41666666669,99433.33333333331,97523.29166666669,68268.375,101171.41666666669,95772.33333333331,102230.91666666669,81463.54166666667,97399.75,101912.08333333331,100303.41666666669,96289.54166666669,101065.125,100152.04166666669,102415.20833333331,97399.75,98417.33333333331,98495.54166666669,101990.25,102540.58333333331,102254.41666666669,102098.25,99153.25,102055.75,88299.58333333333,102010.91666666669,102044.125,99283.70833333331
94696.16666666669,102998.75,99817.0,102433.58333333331,97832.125,99419.66666666669,99762.41666666669,97804.33333333331,67897.58333333333,101661.20833333331,96325.375,102730.33333333331,81386.33333333333,97682.08333333331,102429.08333333331,100834.58333333331,96823.16666666669,101600.70833333331,100504.58333333331,103209.125,97682.08333333331,98708.75,98932.66666666669,102763.5,103317.83333333331,102854.95833333331,102592.875,99439.54166666669,102530.5,88210.04166666667,102500.33333333331,102435.83333333331,99578.58333333331
94663.83333333331,102711.79166666669,99882.33333333331,102488.29166666669,97880.16666666669,99543.875,99839.20833333331,97917.5,68102.04166666667,101557.91666666669,96132.5,102632.54166666669,81435.5,97790.83333333331,102384.25,100732.20833333331,96634.375,101519.70833333331,100525.79166666669,102859.08333333331,97790.83333333331,98833.70833333331,98841.375,102437.29166666669,102968.79166666669,102668.08333333331,102543.95833333331,99582.20833333331,102477.95833333331,88369.0,102452.45833333331,102490.33333333331,99706.125
94929.08333333331,103418.25,99946.875,102952.70833333331,97993.58333333331,99542.29166666669,99887.66666666669,97937.41666666669,68436.16666666667,102193.70833333331,96592.08333333331,103268.91666666669,81911.08333333333,97806.625,102860.75,101231.08333333331,97060.66666666669,102003.41666666669,100633.79166666669,103609.45833333331,97806.625,98843.83333333331,99076.79166666669,103154.95833333331,103741.04166666669,103326.83333333331,103058.875,99567.45833333331,103043.08333333331,89079.95833333333,102976.0,102953.29166666669,99710.95833333331
94849.70833333331,102659.625,100028.125,102371.125,98027.75,99662.16666666669,99961.41666666669,98065.5,68347.29166666667,101520.54166666669,96282.04166666669,102588.20833333331,81714.91666666667,97947.91666666669,102276.04166666669,100702.83333333331,96804.375,101447.70833333331,100660.33333333331,102778.79166666669,97947.91666666669,98956.54166666669,99001.41666666669,102363.0,102907.20833333331,102627.375,102427.41666666669,99686.16666666669,102374.58333333331,88554.91666666667,102338.25,102372.41666666669,99811.66666666669
94647.375,102370.95833333331,99742.29166666669,102160.875,97766.125,99402.125,99685.29166666669,97797.75,68523.95833333333,101363.45833333331,95997.54166666669,102432.58333333331,81705.125,97667.5,101921.41666666669,100321.20833333331,96516.20833333331,101049.375,100356.125,102518.45833333331,97667.5,98703.625,98724.58333333331,102061.04166666669,102666.54166666669,102391.75,102162.5,99431.875,102166.625,88648.25,102089.5,102160.45833333331,99556.54166666669
94263.0,101731.29166666669,99361.04166666669,101522.70833333331,97399.5,98976.625,99306.04166666669,97388.70833333331,68503.875,100761.79166666669,95589.20833333331,101809.91666666669,81534.33333333333,97263.16666666669,101334.375,99795.41666666669,96129.04166666669,100511.375,100001.45833333331,101797.95833333331,97263.16666666669,98288.04166666669,98368.75,101392.70833333331,101949.79166666669,101801.70833333331,101545.33333333331,99025.83333333331,101554.875,88324.0,101471.95833333331,101522.04166666669,99145.45833333331
94064.08333333331,101695.75,99077.91666666669,101503.58333333331,97140.70833333331,98713.04166666669,99003.25,97168.83333333331,68392.04166666667,100693.20833333331,95570.0,101736.625,81452.875,97049.83333333331,101368.66666666669,99810.08333333331,96067.04166666669,100533.75,99736.41666666669,101770.41666666669,97049.83333333331,98020.66666666669,98190.41666666669,101375.54166666669,101896.33333333331,101754.79166666669,101570.95833333331,98723.91666666669,101541.29166666669,88192.95833333333,101489.41666666669,101504.79166666669,98850.83333333331
94282.625,101967.58333333331,99436.91666666669,101717.29166666669,97456.45833333331,99108.08333333331,99380.0,97511.875,68476.16666666667,100919.45833333331,95602.79166666669,101970.58333333331,81413.29166666667,97390.29166666669,101505.29166666669,99900.16666666669,96130.41666666669,100635.5,100054.54166666669,102100.625,97390.29166666669,98399.29166666669,98400.33333333331,101659.58333333331,102250.04166666669,101990.75,101743.0,99122.54166666669,101719.375,88457.5,101666.5,101717.08333333331,99251.08333333331
93751.125,102160.41666666669,98832.58333333331,101785.375,96863.20833333331,98475.625,98749.20833333331,96912.54166666669,67967.83333333333,100871.16666666669,95550.91666666669,101911.16666666669,81364.54166666667,96792.29166666669,101791.375,100164.625,95985.29166666669,100968.04166666669,99385.45833333331,102437.04166666669,96792.29166666669,97780.20833333331,97839.70833333331,101987.625,102523.33333333331,101999.625,101876.20833333331,98486.66666666669,101742.66666666669,88075.04166666667,101761.58333333331,101788.95833333331,98619.125
93451.91666666669,101566.16666666669,98417.75,101327.0,96473.33333333331,98038.75,98358.70833333331,96473.375,67718.54166666667,100448.0,95030.04166666669,101490.625,81109.91666666667,96353.66666666669,101226.75,99620.33333333331,95503.16666666669,100376.16666666669,99077.70833333331,101746.375,96353.66666666669,97345.70833333331,97518.33333333331,101296.0,101863.79166666669,101524.5,101371.25,98048.58333333331,101309.29166666669,87733.08333333333,101278.95833333331,101330.5,98188.83333333331
93050.375,100938.70833333331,98059.375,100714.66666666669,96101.08333333331,97740.75,97979.41666666669,96199.54166666669,67489.83333333333,99795.16666666669,94672.79166666669,100829.04166666669,80921.45833333333,96085.83333333331,100682.125,99137.0,95124.20833333331,99886.54166666669,98634.75,101046.91666666669,96085.83333333331,97045.70833333331,97079.83333333331,100655.25,101147.91666666669,100902.04166666669,100777.20833333331,97733.375,100682.625,87562.83333333333,100676.66666666669,100716.625,97858.375
93999.54166666669,102090.375,99122.91666666669,101743.66666666669,97136.54166666669,98752.33333333331,99059.625,97160.54166666669,67753.25,100882.08333333331,95666.0,101948.33333333331,81094.0,97039.25,101705.79166666669,100148.54166666669,96137.33333333331,100895.04166666669,99748.0,102206.83333333331,97039.25,98050.375,98151.25,101784.16666666669,102322.5,102006.04166666669,101821.83333333331,98766.66666666669,101769.70833333331,87757.0,101729.70833333331,101747.75,98897.125
94125.0,101909.0,99218.45833333331,101682.08333333331,97243.91666666669,98857.5,99168.75,97264.125,67910.79166666667,100802.54166666669,95559.625,101855.54166666669,81222.54166666667,97141.70833333331,101534.5,99955.625,96047.08333333331,100695.08333333331,99828.375,102134.25,97141.70833333331,98161.91666666669,98186.375,101670.08333333331,102268.625,101832.79166666669,101677.125,98890.41666666669,101630.83333333331,87924.25,101593.75,101684.04166666669,99019.08333333331
93444.83333333331,101470.08333333331,98337.375,101017.29166666669,96419.91666666669,97953.16666666669,98283.375,96395.16666666669,67745.625,100308.41666666669,94888.5,101344.125,81052.125,96273.625,100851.20833333331,99282.20833333331,95334.66666666669,100012.0,98961.625,101683.16666666669,96273.625,97266.29166666669,97398.375,101234.08333333331,101795.125,101377.0,101067.54166666669,97970.83333333331,101084.91666666669,87681.625,100998.33333333331,101015.79166666669,98112.66666666669
92568.58333333331,100823.33333333331,97542.75,100303.91666666669,95621.25,97191.33333333331,97453.66666666669,95677.45833333331,67462.70833333333,99637.16666666669,94295.29166666669,100659.25,80915.45833333333,95564.79166666669,100278.54166666669,98744.5,94729.25,99472.83333333331,98056.125,101078.91666666669,95564.79166666669,96511.08333333331,96588.75,100593.375,101214.375,100673.45833333331,100430.95833333331,97188.375,100393.79166666669,87504.20833333333,100345.58333333331,100301.54166666669,97312.75
94108.83333333331,101849.95833333331,99215.125,101701.54166666669,97250.20833333331,98864.0,99162.41666666669,97290.0,68087.125,100773.125,95573.91666666669,101822.91666666669,81261.54166666667,97165.95833333331,101601.54166666669,100019.95833333331,96062.20833333331,100768.45833333331,99808.45833333331,101867.91666666669,97165.95833333331,98166.41666666669,98197.375,101490.125,101988.70833333331,101858.75,101736.70833333331,98887.125,101659.33333333331,87901.875,101649.16666666669,101704.45833333331,99004.41666666669
93743.54166666669,101509.04166666669,98706.54166666669,101200.33333333331,96790.29166666669,98335.625,98652.375,96769.58333333331,68328.66666666667,100493.33333333331,95106.625,101528.41666666669,81315.625,96647.875,100978.54166666669,99418.08333333331,95600.04166666669,100132.5,99302.58333333331,101641.0,96647.875,97655.91666666669,97736.16666666669,101203.5,101785.29166666669,101522.125,101231.125,98359.375,101258.20833333331,87881.75,101162.5,101199.25,98494.70833333331
93357.33333333331,101179.5,98248.45833333331,100726.16666666669,96359.79166666669,97873.625,98207.95833333331,96342.25,68259.25,100032.66666666669,94838.875,101037.875,81146.66666666667,96224.91666666669,100630.625,99133.83333333331,95302.04166666669,99857.33333333331,98849.0,101416.41666666669,96224.91666666669,97202.16666666669,97329.58333333331,100952.54166666669,101548.41666666669,101091.54166666669,100810.5,97901.91666666669,100801.625,87707.0,100732.41666666669,100726.66666666669,98022.375
93276.70833333331,100698.83333333331,98068.5,100592.08333333331,96215.41666666669,97715.5,98028.16666666669,96206.70833333331,68470.875,99762.58333333331,94706.20833333331,100780.58333333331,81199.375,96098.75,100390.45833333331,98871.125,95191.875,99564.91666666669,98713.125,100831.79166666669,96098.75,97049.70833333331,97240.75,100406.25,100955.79166666669,100755.875,100569.45833333331,97744.41666666669,100552.0,87882.08333333333,100490.875,100593.625,97862.04166666669
92875.33333333331,100497.16666666669,97667.04166666669,100209.41666666669,95815.54166666669,97316.79166666669,97628.79166666669,95794.41666666669,68166.04166666667,99472.375,94324.91666666669,100475.29166666669,80971.45833333333,95677.25,100055.20833333331,98563.625,94774.95833333331,99261.95833333331,98278.16666666669,100692.95833333331,95677.25,96657.625,96760.29166666669,100246.0,100812.5,100496.375,100249.70833333331,97341.54166666669,100237.33333333331,87505.79166666667,100173.375,100208.875,97459.125
92835.58333333331,101211.91666666669,97743.20833333331,100649.79166666669,95831.625,97425.875,97668.0,95914.83333333331,67558.83333333333,99884.5,94697.875,100885.95833333331,80889.45833333333,95794.58333333331,100712.83333333331,99169.375,95109.625,99934.0,98256.20833333331,101506.58333333331,95794.58333333331,96732.54166666669,96854.125,101043.5,101600.875,101021.04166666669,100802.625,97410.83333333331,100711.33333333331,87394.70833333333,100698.16666666669,100656.75,97526.0
94154.125,101831.125,99275.58333333331,101781.16666666669,97302.25,98914.5,99207.04166666669,97331.95833333331,68103.58333333333,100758.83333333331,95678.83333333331,101815.75,81335.83333333333,97201.16666666669,101724.375,100140.91666666669,96170.08333333331,100906.25,99856.20833333331,102001.29166666669,97201.16666666669,98223.33333333331,98280.41666666669,101580.58333333331,102108.95833333331,101812.625,101777.375,98942.54166666669,101679.33333333331,87981.0,101676.45833333331,101786.79166666669,99063.70833333331
93632.54166666669,101349.0,98589.79166666669,101103.41666666669,96668.625,98221.875,98509.95833333331,96702.20833333331,68175.70833333333,100335.83333333331,95051.125,101359.875,81194.20833333333,96581.66666666669,100949.25,99396.45833333331,95520.75,100115.20833333331,99181.33333333331,101471.58333333331,96581.66666666669,97526.16666666669,97625.75,101049.79166666669,101600.29166666669,101379.79166666669,101150.375,98214.33333333331,101142.33333333331,87774.08333333333,101067.375,101103.5,98349.08333333331
93664.91666666669,101406.125,98557.25,101136.91666666669,96662.16666666669,98201.33333333331,98507.08333333331,96658.25,68162.29166666667,100409.66666666669,95078.20833333331,101438.04166666669,81216.16666666667,96534.16666666669,100954.08333333331,99380.75,95547.45833333331,100112.58333333331,99169.58333333331,101475.95833333331,96534.16666666669,97522.95833333331,97640.33333333331,101074.08333333331,101621.41666666669,101434.375,101180.41666666669,98222.33333333331,101197.625,87992.58333333333,101110.29166666669,101136.66666666669,98339.91666666669
92621.79166666669,100566.66666666669,97440.79166666669,100115.375,95577.45833333331,97098.91666666669,97376.25,95607.91666666669,67805.41666666667,99540.08333333331,94242.66666666669,100543.08333333331,81134.58333333333,95518.91666666669,99960.83333333331,98484.0,94694.16666666669,99179.66666666669,98015.45833333331,100787.5,95518.91666666669,96431.45833333331,96587.83333333331,100325.08333333331,100932.66666666669,100576.45833333331,100203.83333333331,97105.0,100231.58333333331,87624.875,100125.375,100111.875,97221.75
93112.875,100823.375,98027.5,100638.54166666669,96128.91666666669,97691.125,97971.125,96180.66666666669,67886.0,99690.70833333331,94791.54166666669,100710.70833333331,80881.54166666667,96089.41666666669,100654.58333333331,99175.875,95249.5,99898.41666666669,98628.20833333331,100894.25,96089.41666666669,97011.91666666669,97172.25,100524.91666666669,100993.95833333331,100799.75,100730.83333333331,97706.0,100611.625,87341.875,100622.83333333331,100644.95833333331,97812.875
93826.91666666669,101658.91666666669,98820.0,101325.04166666669,96889.83333333331,98442.91666666669,98762.29166666669,96899.875,67883.79166666667,100500.08333333331,95428.875,101518.125,81098.83333333333,96808.66666666669,101309.29166666669,99811.79166666669,95904.45833333331,100537.0,99420.95833333331,101846.70833333331,96808.66666666669,97751.875,97915.375,101410.20833333331,101957.29166666669,101585.83333333331,101412.79166666669,98456.20833333331,101357.83333333331,87621.91666666667,101320.04166666669,101331.45833333331,98579.95833333331
94065.45833333331,101344.5,99035.45833333331,101249.5,97133.58333333331,98715.125,99000.41666666669,97168.875,68716.70833333333,100403.375,95333.79166666669,101435.54166666669,81488.58333333333,97074.66666666669,101046.58333333331,99522.83333333331,95839.70833333331,100229.375,99620.0,101402.04166666669,97074.66666666669,98041.75,98031.45833333331,101004.70833333331,101538.83333333331,101406.125,101229.875,98758.33333333331,101229.5,88386.5,101160.375,101249.0,98861.0
93106.41666666669,100563.29166666669,97930.25,100275.70833333331,96071.45833333331,97557.66666666669,97896.0,96032.125,68148.91666666667,99617.125,94427.83333333331,100620.83333333331,81336.33333333333,95943.33333333331,100065.58333333331,98567.66666666669,94927.58333333331,99253.5,98571.0,100647.33333333331,95943.33333333331,96894.0,97030.58333333331,100243.08333333331,100796.95833333331,100625.41666666669,100292.58333333331,97595.08333333331,100329.625,88137.41666666667,100228.625,100275.0,97713.0
93302.91666666669,100673.41666666669,98218.58333333331,100429.83333333331,96327.41666666669,97893.5,98171.125,96380.41666666669,68298.20833333333,99597.08333333331,94674.33333333331,100601.875,81047.79166666667,96282.08333333331,100287.41666666669,98812.54166666669,95166.33333333331,99494.875,98782.16666666669,100804.79166666669,96282.08333333331,97215.04166666669,97239.29166666669,100401.70833333331,100917.83333333331,100644.375,100452.58333333331,97906.58333333331,100422.29166666669,87651.16666666667,100372.04166666669,100431.75,98018.66666666669
93354.70833333331,100920.66666666669,98344.0,100735.58333333331,96428.58333333331,97990.79166666669,98275.66666666669,96468.75,68142.95833333333,99863.20833333331,94822.75,100873.66666666669,81115.25,96373.16666666669,100672.41666666669,99139.66666666669,95301.04166666669,99863.79166666669,98922.83333333331,101050.5,96373.16666666669,97307.58333333331,97357.625,100643.83333333331,101161.79166666669,100921.5,100794.16666666669,97997.75,100705.375,87592.625,100693.95833333331,100737.58333333331,98120.625
93290.375,101104.0,98195.875,100799.125,96305.25,97815.75,98146.66666666669,96294.5,68024.875,100029.95833333331,94789.58333333331,101042.08333333331,81000.91666666667,96199.58333333331,100676.125,99153.375,95253.33333333331,99867.625,98810.66666666669,101263.75,96199.58333333331,97149.625,97271.95833333331,100832.75,101396.04166666669,101068.70833333331,100848.25,97844.04166666669,100828.70833333331,87551.33333333333,100770.08333333331,100798.875,97968.45833333331
92947.16666666669,100792.54166666669,97882.70833333331,100353.0,96003.70833333331,97561.91666666669,97844.16666666669,96044.54166666669,67703.79166666667,99705.79166666669,94495.375,100702.16666666669,81029.25,95954.04166666669,100295.33333333331,98808.875,94952.08333333331,99515.70833333331,98442.54166666669,100934.04166666669,95954.04166666669,96900.20833333331,96893.58333333331,100516.54166666669,101065.54166666669,100766.33333333331,100442.29166666669,97593.625,100453.0,87541.95833333333,100361.04166666669,100355.16666666669,97704.16666666669
93049.16666666669,100715.54166666669,97831.5,100493.41666666669,95979.0,97447.20833333331,97772.20833333331,95975.125,68058.95833333333,99601.875,94629.20833333331,100594.29166666669,81015.58333333333,95887.91666666669,100473.375,98985.125,95074.75,99690.54166666669,98409.625,100866.91666666669,95887.91666666669,96784.125,96972.83333333331,100462.91666666669,100958.33333333331,100685.95833333331,100562.95833333331,97456.66666666669,100464.25,87535.33333333333,100461.66666666669,100498.83333333331,97583.125
93098.08333333331,100641.875,98032.125,100450.375,96140.33333333331,97745.375,97956.20833333331,96222.95833333331,67644.70833333333,99593.58333333331,94719.83333333331,100588.41666666669,80693.08333333333,96129.5,100421.125,98974.125,95213.66666666669,99654.83333333331,98494.5,100774.95833333331,96129.5,97073.41666666669,97077.16666666669,100365.66666666669,100884.91666666669,100648.5,100519.66666666669,97750.79166666669,100444.04166666669,87233.875,100418.54166666669,100454.95833333331,97866.79166666669
93478.29166666669,100867.58333333331,98451.45833333331,100730.45833333331,96566.16666666669,98110.70833333331,98378.66666666669,96573.0,67934.04166666667,99803.83333333331,94863.20833333331,100802.125,80846.75,96476.25,100659.54166666669,99146.875,95374.0,99855.20833333331,98968.58333333331,101016.375,96476.25,97444.70833333331,97464.54166666669,100598.41666666669,101112.95833333331,100854.79166666669,100765.16666666669,98133.54166666669,100672.79166666669,87674.45833333333,100659.16666666669,100735.58333333331,98256.875
93420.375,100324.20833333331,98349.33333333331,100233.375,96483.5,98023.83333333331,98288.29166666669,96488.70833333331,68218.75,99427.25,94637.58333333331,100429.20833333331,81152.25,96389.54166666669,100074.25,98636.33333333331,95203.125,99287.25,98872.83333333331,100369.41666666669,96389.54166666669,97366.875,97353.79166666669,99987.29166666669,100509.625,100406.625,100241.625,98063.04166666669,100236.04166666669,88111.66666666667,100169.16666666669,100234.04166666669,98173.08333333331
93066.0,100180.125,97904.04166666669,99947.58333333331,96064.54166666669,97583.20833333331,97848.75,96048.83333333331,68220.33333333333,99148.79166666669,94290.375,100141.08333333331,81152.5,95949.75,99818.45833333331,98379.33333333331,94822.16666666669,99038.83333333331,98422.625,100347.41666666669,95949.75,96934.29166666669,96910.29166666669,99921.125,100460.91666666669,100164.70833333331,99963.875,97638.25,99944.875,88135.375,99891.54166666669,99948.375,97734.95833333331
93226.0,100563.41666666669,98087.5,100341.45833333331,96219.45833333331,97760.04166666669,98001.75,96240.08333333331,68100.5,99542.95833333331,94565.125,100540.20833333331,80975.08333333333,96146.20833333331,100215.625,98752.66666666669,95071.79166666669,99435.29166666669,98622.75,100693.33333333331,96146.20833333331,97088.16666666669,97130.54166666669,100278.33333333331,100815.83333333331,100577.5,100370.25,97766.70833333331,100368.25,88002.70833333333,100295.95833333331,100343.75,97887.04166666669
92907.41666666669,100544.16666666669,97805.54166666669,100099.875,95940.79166666669,97460.16666666669,97738.04166666669,95930.75,67956.41666666667,99474.79166666669,94298.70833333331,100471.91666666669,80740.5,95835.04166666669,100043.08333333331,98564.79166666669,94804.70833333331,99264.91666666669,98323.25,100745.41666666669,95835.04166666669,96801.25,96833.95833333331,100299.0,100868.04166666669,100515.91666666669,100198.29166666669,97485.83333333331,100221.95833333331,87422.20833333333,100126.33333333331,100101.33333333331,97608.54166666669
93073.29166666669,100272.41666666669,97971.33333333331,100149.625,96111.33333333331,97663.83333333331,97892.875,96158.16666666669,68145.5,99322.83333333331,94427.54166666669,100326.91666666669,80836.375,96067.875,100037.79166666669,98588.66666666669,94948.79166666669,99250.0,98480.41666666669,100346.54166666669,96067.875,96999.25,96993.625,99959.91666666669,100469.83333333331,100342.375,100163.54166666669,97680.375,100143.08333333331,87768.83333333333,100086.66666666669,100151.33333333331,97790.41666666669
93225.91666666669,100576.79166666669,98105.125,100335.95833333331,96248.16666666669,97748.66666666669,98035.33333333331,96217.45833333331,68434.70833333333,99529.04166666669,94574.29166666669,100536.875,80989.79166666667,96115.95833333331,100231.58333333331,98781.25,95098.625,99456.91666666669,98651.04166666669,100751.16666666669,96115.95833333331,97093.5,97183.66666666669,100330.04166666669,100873.79166666669,100564.45833333331,100377.375,97780.75,100360.83333333331,87974.125,100297.79166666669,100340.08333333331,97904.04166666669
92964.91666666669,100547.58333333331,97632.04166666669,100326.33333333331,95826.54166666669,97225.58333333331,97553.875,95735.45833333331,68099.875,99620.83333333331,94383.54166666669,100626.54166666669,81021.125,95643.83333333331,100096.54166666669,98580.79166666669,94884.54166666669,99260.75,98202.54166666669,100620.58333333331,95643.83333333331,96584.58333333331,96818.83333333331,100226.79166666669,100769.95833333331,100607.45833333331,100332.70833333331,97266.54166666669,100351.20833333331,87736.125,100263.41666666669,100324.125,97389.41666666669
92758.41666666669,100161.33333333331,97581.29166666669,99937.95833333331,95733.5,97275.875,97504.79166666669,95788.33333333331,68061.66666666667,99207.5,94115.75,100206.33333333331,80749.25,95702.45833333331,99768.29166666669,98278.45833333331,94633.54166666669,98967.20833333331,98073.70833333331,100219.16666666669,95702.45833333331,96615.91666666669,96625.625,99834.54166666669,100360.83333333331,100211.95833333331,99951.83333333331,97282.70833333331,99948.41666666669,87400.91666666667,99879.125,99936.83333333331,97394.54166666669
92625.125,100276.66666666669,97498.0,99917.25,95621.875,97173.0,97431.625,95684.375,68026.08333333333,99298.70833333331,94095.25,100291.54166666669,80709.125,95599.16666666669,99717.16666666669,98233.83333333331,94553.95833333331,98907.83333333331,97979.04166666669,100411.70833333331,95599.16666666669,96510.91666666669,96500.75,99999.41666666669,100536.875,100316.41666666669,99952.375,97181.70833333331,100007.875,87373.20833333333,99886.20833333331,99914.75,97296.0
92738.25,99927.16666666669,97536.29166666669,99834.875,95697.79166666669,97192.70833333331,97498.5,95689.70833333331,68031.45833333333,99056.91666666669,94094.875,100059.29166666669,80953.20833333333,95598.08333333331,99633.33333333331,98169.625,94583.04166666669,98828.29166666669,98129.625,99984.875,95598.08333333331,96540.875,96634.0,99600.95833333331,100119.45833333331,100018.58333333331,99821.75,97231.375,99814.33333333331,87686.20833333333,99749.16666666669,99833.875,97340.0
92840.75,100147.91666666669,97594.16666666669,99934.83333333331,95765.66666666669,97253.41666666669,97565.29166666669,95743.375,68184.29166666667,99254.83333333331,94106.16666666669,100258.41666666669,80982.875,95646.95833333331,99680.04166666669,98181.20833333331,94606.625,98865.58333333331,98209.04166666669,100175.66666666669,95646.95833333331,96603.125,96694.875,99788.04166666669,100334.125,100253.54166666669,99921.58333333331,97289.04166666669,100006.70833333331,87782.66666666667,99864.75,99930.625,97401.75
92514.79166666669,100161.29166666669,97106.08333333331,99830.16666666669,95320.70833333331,96750.25,97065.66666666669,95285.45833333331,67996.04166666667,99220.79166666669,93934.625,100209.58333333331,80887.45833333333,95205.58333333331,99531.33333333331,97999.0,94412.20833333331,98677.45833333331,97731.0,100299.625,95205.58333333331,96098.91666666669,96339.95833333331,99886.45833333331,100435.08333333331,100210.75,99830.29166666669,96765.54166666669,99897.75,87629.95833333333,99778.54166666669,99825.125,96881.0
93134.95833333331,100073.04166666669,98048.16666666669,99978.75,96174.125,97770.04166666669,98004.0,96272.95833333331,68486.75,99122.41666666669,94346.16666666669,100122.04166666669,81090.16666666667,96188.20833333331,99866.125,98419.33333333331,94852.66666666669,99091.875,98585.91666666669,100120.04166666669,96188.20833333331,97097.625,97035.70833333331,99743.79166666669,100262.33333333331,100130.375,99990.0,97782.625,99954.41666666669,87947.0,99903.95833333331,99980.375,97881.08333333331
93249.04166666669,100655.54166666669,97997.25,100332.29166666669,96167.29166666669,97651.25,97962.29166666669,96142.16666666669,68490.625,99566.79166666669,94710.125,100562.5,81014.75,96052.16666666669,100293.375,98859.375,95174.79166666669,99533.08333333331,98597.79166666669,100796.375,96052.16666666669,97000.58333333331,97132.5,100394.04166666669,100899.91666666669,100632.54166666669,100422.54166666669,97691.625,100392.70833333331,87878.33333333333,100330.95833333331,100334.08333333331,97804.16666666669
93287.0,100551.66666666669,98120.70833333331,100293.45833333331,96260.875,97791.5,98083.91666666669,96271.70833333331,68533.16666666667,99575.58333333331,94575.66666666669,100577.25,81208.08333333333,96176.125,100144.45833333331,98672.25,95088.95833333331,99354.54166666669,98734.08333333331,100677.25,96176.125,97122.875,97207.79166666669,100261.375,100802.41666666669,100606.70833333331,100321.91666666669,97805.79166666669,100347.5,88144.66666666667,100249.875,100293.95833333331,97919.875
93110.75,100542.20833333331,97863.04166666669,100259.58333333331,96030.95833333331,97529.875,97825.58333333331,96018.29166666669,68454.58333333333,99591.04166666669,94490.25,100594.04166666669,81245.08333333333,95925.16666666669,100078.54166666669,98592.0,94972.58333333331,99283.20833333331,98475.625,100630.16666666669,95925.16666666669,96869.20833333331,96994.25,100230.79166666669,100767.08333333331,100608.79166666669,100302.79166666669,97542.95833333331,100344.66666666669,88066.83333333333,100235.20833333331,100256.16666666669,97662.54166666669
92978.0,100560.20833333331,97770.95833333331,100182.45833333331,95917.20833333331,97444.95833333331,97739.70833333331,95948.20833333331,68301.20833333333,99427.0,94494.20833333331,100418.79166666669,80865.375,95861.125,100115.91666666669,98676.58333333331,94957.95833333331,99348.625,98339.58333333331,100813.45833333331,95861.125,96780.04166666669,96886.04166666669,100364.25,100931.41666666669,100485.66666666669,100270.04166666669,97469.75,100248.5,87673.625,100182.83333333331,100183.58333333331,97579.91666666669
92771.0,100208.33333333331,97564.125,99777.08333333331,95726.04166666669,97245.70833333331,97536.625,95747.95833333331,68212.83333333333,99075.25,94048.70833333331,100071.83333333331,80892.0,95656.875,99658.29166666669,98190.25,94529.41666666669,98874.875,98122.08333333331,100537.95833333331,95656.875,96592.08333333331,96615.79166666669,100043.625,100667.70833333331,100116.75,99807.66666666669,97280.70833333331,99820.58333333331,87723.91666666667,99730.91666666669,99776.25,97391.70833333331
92926.875,100466.41666666669,97690.70833333331,100112.04166666669,95848.25,97363.58333333331,97657.125,95871.41666666669,68128.125,99370.16666666669,94300.83333333331,100364.41666666669,80883.66666666667,95783.29166666669,99971.625,98505.75,94757.16666666669,99190.58333333331,98259.375,100681.29166666669,95783.29166666669,96704.125,96759.41666666669,100241.33333333331,100792.95833333331,100412.04166666669,100144.79166666669,97390.25,100155.625,87748.0,100067.95833333331,100112.58333333331,97505.20833333331
92869.91666666669,100030.91666666669,97620.58333333331,99805.66666666669,95786.5,97294.5,97582.04166666669,95804.54166666669,68165.79166666667,99019.29166666669,94099.16666666669,100008.70833333331,80894.16666666667,95713.70833333331,99645.29166666669,98187.20833333331,94584.79166666669,98855.58333333331,98204.875,100175.08333333331,95713.70833333331,96634.91666666669,96691.25,99761.58333333331,100278.29166666669,100028.54166666669,99821.08333333331,97309.625,99816.0,87743.70833333333,99743.25,99805.95833333331,97428.5
92715.625,99987.875,97453.125,99758.20833333331,95628.125,97152.20833333331,97434.33333333331,95657.79166666669,68064.875,98953.83333333331,94121.91666666669,99941.125,80773.375,95565.79166666669,99702.83333333331,98265.29166666669,94583.83333333331,98939.0,98034.29166666669,100122.58333333331,95565.79166666669,96498.16666666669,96538.08333333331,99734.375,100214.0,99983.08333333331,99827.125,97182.45833333331,99765.25,87572.91666666667,99732.75,99759.08333333331,97293.16666666669
92887.375,100284.54166666669,97536.41666666669,100058.625,95730.25,97181.95833333331,97495.29166666669,95712.625,68289.75,99271.41666666669,94338.5,100264.04166666669,80961.79166666667,95627.04166666669,99979.0,98524.625,94788.95833333331,99204.04166666669,98147.875,100362.04166666669,95627.04166666669,96530.79166666669,96724.75,99989.70833333331,100473.5,100307.5,100115.5,97207.16666666669,100084.625,87779.08333333333,100029.95833333331,100062.0,97330.08333333331
92913.5,100125.0,97703.20833333331,99980.33333333331,95859.79166666669,97390.16666666669,97652.0,95901.70833333331,68117.16666666667,99163.25,94291.04166666669,100160.04166666669,80940.45833333333,95812.41666666669,99894.54166666669,98455.54166666669,94754.54166666669,99127.33333333331,98235.375,100211.79166666669,95812.41666666669,96730.95833333331,96760.70833333331,99833.91666666669,100321.25,100180.16666666669,100007.41666666669,97408.70833333331,99965.79166666669,87780.08333333333,99915.75,99983.41666666669,97521.20833333331
93079.95833333331,100340.83333333331,97791.70833333331,100161.45833333331,95966.41666666669,97484.54166666669,97747.08333333331,96019.45833333331,68296.33333333333,99327.66666666669,94447.5,100328.41666666669,81101.95833333333,95935.70833333331,100025.75,98574.79166666669,94911.41666666669,99242.91666666669,98365.375,100471.75,95935.70833333331,96824.79166666669,96907.75,100066.29166666669,100585.66666666669,100346.54166666669,100175.75,97495.79166666669,100144.04166666669,87884.33333333333,100090.70833333331,100161.75,97612.54166666669
93159.29166666669,100504.875,97962.625,100204.91666666669,96112.58333333331,97700.625,97920.58333333331,96222.91666666669,68382.08333333333,99462.75,94548.33333333331,100453.54166666669,81119.41666666667,96134.75,100120.20833333331,98696.79166666669,95021.41666666669,99358.58333333331,98503.45833333331,100723.58333333331,96134.75,97030.0,97014.95833333331,100285.16666666669,100835.58333333331,100495.45833333331,100250.08333333331,97703.95833333331,100247.79166666669,87968.70833333333,100167.20833333331,100207.375,97811.83333333331
93074.33333333331,100343.45833333331,97868.70833333331,100177.25,96028.33333333331,97577.375,97832.875,96075.83333333331,68344.41666666667,99352.0,94422.08333333331,100357.625,81118.25,95980.41666666669,100045.04166666669,98577.41666666669,94899.91666666669,99253.16666666669,98419.29166666669,100425.83333333331,95980.41666666669,96910.08333333331,96943.5,100041.375,100537.91666666669,100387.83333333331,100197.33333333331,97582.91666666669,100162.66666666669,88026.54166666667,100114.5,100178.25,97702.04166666669
92987.54166666669,100581.04166666669,97850.66666666669,100205.5,95978.5,97587.25,97805.625,96096.58333333331,68084.83333333333,99503.20833333331,94473.79166666669,100497.54166666669,80863.83333333333,95996.75,100129.66666666669,98683.91666666669,94946.33333333331,99355.875,98406.875,100800.33333333331,95996.75,96907.70833333331,96953.125,100363.04166666669,100904.33333333331,100547.16666666669,100300.95833333331,97581.58333333331,100295.79166666669,87722.5,100221.79166666669,100205.33333333331,97689.125
93318.20833333331,100436.83333333331,98186.16666666669,100422.91666666669,96319.66666666669,97867.70833333331,98155.33333333331,96336.5,68160.20833333333,99443.625,94679.5,100454.45833333331,81108.0,96234.83333333331,100414.29166666669,98928.625,95151.08333333331,99640.41666666669,98769.20833333331,100492.95833333331,96234.83333333331,97184.79166666669,97214.375,100119.66666666669,100607.5,100482.75,100446.875,97884.20833333331,100330.08333333331,88077.04166666667,100339.75,100430.70833333331,98004.66666666669
93614.83333333331,101102.25,98487.04166666669,100732.83333333331,96614.79166666669,98192.66666666669,98438.25,96669.45833333331,68531.83333333333,99938.58333333331,95018.79166666669,100946.29166666669,81354.45833333333,96568.95833333331,100684.58333333331,99225.70833333331,95489.91666666669,99908.41666666669,99034.20833333331,101214.625,96568.95833333331,97518.95833333331,97518.45833333331,100815.5,101330.25,101036.125,100818.33333333331,98209.125,100782.0,88403.25,100730.375,100735.625,98319.58333333331
93417.75,100894.25,98242.04166666669,100626.08333333331,96383.33333333331,97936.33333333331,98188.75,96421.625,68543.25,99764.58333333331,94877.875,100766.95833333331,81295.58333333333,96317.125,100567.79166666669,99107.95833333331,95334.20833333331,99791.625,98778.79166666669,101048.25,96317.125,97270.625,97293.25,100648.79166666669,101144.95833333331,100848.75,100701.33333333331,97960.70833333331,100661.04166666669,88211.875,100613.875,100631.95833333331,98072.66666666669
93547.125,101091.41666666669,98255.20833333331,100718.58333333331,96423.625,97876.04166666669,98210.75,96366.5,68433.95833333333,99940.875,95050.83333333331,100949.125,81356.79166666667,96265.125,100709.20833333331,99270.79166666669,95501.70833333331,99950.41666666669,98855.83333333331,101277.5,96265.125,97220.04166666669,97426.25,100861.16666666669,101382.25,101024.66666666669,100826.45833333331,97897.58333333331,100790.04166666669,88283.125,100738.625,100721.95833333331,98029.45833333331
93229.58333333331,100772.5,97946.45833333331,100399.125,96118.20833333331,97629.54166666669,97899.45833333331,96135.08333333331,68370.41666666667,99681.70833333331,94647.54166666669,100680.625,81167.91666666667,96036.70833333331,100301.79166666669,98839.33333333331,95107.16666666669,99515.83333333331,98514.25,100986.95833333331,96036.70833333331,96969.25,97077.54166666669,100549.83333333331,101097.25,100720.5,100463.58333333331,97628.04166666669,100463.54166666669,88051.5,100385.79166666669,100399.58333333331,97748.75
93372.83333333331,100742.125,98301.04166666669,100561.79166666669,96407.95833333331,98050.45833333331,98260.95833333331,96530.375,68638.125,99667.95833333331,94904.66666666669,100669.625,81166.75,96432.08333333331,100570.04166666669,99148.375,95389.70833333331,99825.125,98859.125,100885.41666666669,96432.08333333331,97376.125,97383.25,100496.83333333331,100976.70833333331,100738.66666666669,100636.41666666669,98058.29166666669,100545.29166666669,88096.33333333333,100528.375,100567.95833333331,98161.04166666669
93526.66666666669,101060.66666666669,98303.91666666669,100814.91666666669,96452.41666666669,97942.08333333331,98254.41666666669,96418.33333333331,68458.45833333333,100022.5,94938.20833333331,101037.79166666669,81259.79166666667,96314.25,100677.33333333331,99182.95833333331,95405.29166666669,99872.625,98906.375,101174.29166666669,96314.25,97282.79166666669,97419.5,100781.91666666669,101288.91666666669,101067.20833333331,100844.375,97958.58333333331,100847.0,88160.375,100786.16666666669,100815.41666666669,98087.875
93148.70833333331,100871.41666666669,97945.54166666669,100515.5,96085.125,97676.91666666669,97885.91666666669,96190.75,68362.125,99856.5,94670.16666666669,100857.58333333331,81261.04166666667,96093.875,100341.58333333331,98869.375,95132.41666666669,99545.45833333331,98462.58333333331,101015.91666666669,96093.875,97000.08333333331,97056.20833333331,100595.83333333331,101144.70833333331,100883.5,100553.79166666669,97657.375,100594.16666666669,88089.125,100505.83333333331,100513.25,97767.95833333331
93573.66666666669,101395.125,98562.95833333331,101147.95833333331,96657.79166666669,98252.25,98508.41666666669,96706.625,68372.66666666667,100234.54166666669,95325.54166666669,101238.25,81256.125,96604.0,101137.58333333331,99667.33333333331,95793.125,100369.625,99134.20833333331,101506.58333333331,96604.0,97575.375,97678.5,101128.79166666669,101618.83333333331,101300.66666666669,101192.95833333331,98251.625,101124.58333333331,88034.33333333333,101112.75,101156.16666666669,98373.04166666669
93616.25,101412.29166666669,98623.625,101152.95833333331,96713.58333333331,98319.5,98574.20833333331,96763.41666666669,68114.875,100303.83333333331,95184.41666666669,101303.625,81144.79166666667,96660.16666666669,101118.70833333331,99593.25,95643.375,100316.33333333331,99205.20833333331,101540.54166666669,96660.16666666669,97637.16666666669,97658.83333333331,101139.58333333331,101654.29166666669,101334.25,101207.95833333331,98320.20833333331,101150.125,87912.45833333333,101130.125,101158.875,98437.5
93780.83333333331,101366.20833333331,98838.79166666669,101191.91666666669,96925.29166666669,98534.58333333331,98788.625,96971.70833333331,68311.58333333333,100293.5,95207.70833333331,101292.5,81383.25,96865.79166666669,101115.79166666669,99616.0,95679.45833333331,100324.70833333331,99394.875,101496.5,96865.79166666669,97851.79166666669,97794.125,101092.33333333331,101603.625,101348.58333333331,101236.0,98534.5,101175.95833333331,88281.91666666667,101164.58333333331,101195.29166666669,98653.29166666669
93638.0,101409.54166666669,98642.08333333331,101147.83333333331,96738.83333333331,98315.25,98593.45833333331,96770.58333333331,68318.29166666667,100288.5,95284.41666666669,101301.91666666669,81383.91666666667,96668.33333333331,101140.66666666669,99652.29166666669,95737.91666666669,100359.41666666669,99210.20833333331,101514.83333333331,96668.33333333331,97638.29166666669,97677.83333333331,101119.20833333331,101624.20833333331,101356.16666666669,101224.33333333331,98316.75,101165.375,88239.20833333333,101150.04166666669,101153.0,98443.20833333331
93637.875,101496.04166666669,98640.5,101247.66666666669,96730.75,98332.625,98590.5,96786.29166666669,68244.79166666667,100346.29166666669,95312.125,101357.95833333331,81269.83333333333,96687.41666666669,101232.95833333331,99714.625,95781.125,100442.5,99227.91666666669,101674.20833333331,96687.41666666669,97652.08333333331,97719.5,101256.375,101774.91666666669,101441.91666666669,101288.70833333331,98337.54166666669,101220.375,88044.66666666667,101209.41666666669,101255.5,98452.20833333331
94013.91666666669,101904.08333333331,99035.125,101552.875,97110.70833333331,98737.625,98990.33333333331,97169.16666666669,68399.79166666667,100653.875,95689.66666666669,101682.66666666669,81276.625,97062.16666666669,101599.70833333331,100117.875,96165.5,100824.70833333331,99651.54166666669,102097.125,97062.16666666669,98042.25,98148.125,101680.375,102189.79166666669,101790.375,101650.91666666669,98732.29166666669,101567.5,88209.16666666667,101561.83333333331,101561.25,98850.91666666669
94495.08333333331,102165.04166666669,99569.54166666669,101934.41666666669,97619.79166666669,99263.75,99520.08333333331,97686.25,68645.25,101070.70833333331,96001.5,102109.375,81644.54166666667,97580.83333333331,101861.54166666669,100347.29166666669,96488.625,101055.0,100149.04166666669,102252.29166666669,97580.83333333331,98565.125,98573.375,101862.95833333331,102365.79166666669,102162.83333333331,101999.5,99261.75,101951.29166666669,88861.0,101925.0,101937.5,99386.625
94435.41666666669,102028.125,99475.16666666669,101866.04166666669,97530.66666666669,99146.25,99424.75,97574.91666666669,68722.95833333333,100958.29166666669,95911.29166666669,101994.70833333331,81636.08333333333,97471.5,101786.08333333331,100264.375,96401.41666666669,100979.25,100082.125,102134.75,97471.5,98447.125,98505.79166666669,101736.25,102254.41666666669,102032.20833333331,101894.0,99144.58333333331,101844.16666666669,88680.83333333333,101824.25,101869.95833333331,99267.41666666669
94033.95833333331,101589.95833333331,99010.41666666669,101421.54166666669,97085.79166666669,98684.58333333331,98959.875,97123.29166666669,68469.91666666667,100602.875,95479.58333333331,101639.91666666669,81467.29166666667,97016.25,101261.375,99751.5,95972.08333333331,100444.04166666669,99605.91666666669,101664.66666666669,97016.25,97997.83333333331,98073.25,101260.33333333331,101799.875,101636.25,101433.875,98688.5,101444.45833333331,88546.20833333333,101379.45833333331,101421.16666666669,98817.875
93956.91666666669,101714.75,99033.875,101452.625,97078.875,98776.33333333331,98976.16666666669,97220.66666666669,68411.08333333333,100633.95833333331,95491.20833333331,101654.20833333331,81487.0,97119.16666666669,101392.75,99872.33333333331,95962.41666666669,100586.5,99516.66666666669,101838.29166666669,97119.16666666669,98076.70833333331,97983.70833333331,101424.08333333331,101960.75,101701.04166666669,101527.58333333331,98759.45833333331,101471.41666666669,88449.33333333333,101447.95833333331,101457.0,98874.66666666669
94587.875,102321.375,99648.58333333331,102082.58333333331,97697.45833333331,99298.375,99595.41666666669,97702.08333333331,68654.70833333333,101244.91666666669,96018.83333333331,102290.125,81709.58333333333,97592.83333333331,101967.0,100415.95833333331,96522.04166666669,101137.29166666669,100259.375,102413.08333333331,97592.83333333331,98609.04166666669,98694.45833333331,102011.54166666669,102535.375,102327.54166666669,102126.95833333331,99308.83333333331,102105.04166666669,88834.91666666667,102064.95833333331,102083.54166666669,99447.875
94130.20833333331,101717.29166666669,99199.0,101468.41666666669,97255.54166666669,98877.04166666669,99156.75,97295.79166666669,68548.125,100683.375,95488.83333333331,101706.83333333331,81621.04166666667,97186.91666666669,101343.29166666669,99831.83333333331,95984.45833333331,100538.125,99777.79166666669,101824.54166666669,97186.91666666669,98195.29166666669,98158.5,101416.875,101951.58333333331,101721.45833333331,101497.91666666669,98897.83333333331,101498.25,88560.29166666667,101440.0,101469.91666666669,99015.625
94293.70833333331,101686.20833333331,99374.29166666669,101475.25,97422.375,99071.875,99336.08333333331,97494.08333333331,68677.875,100589.16666666669,95635.45833333331,101612.16666666669,81496.04166666667,97384.04166666669,101366.54166666669,99882.91666666669,96159.125,100569.375,99992.875,101853.70833333331,97384.04166666669,98377.91666666669,98368.58333333331,101419.95833333331,101973.08333333331,101638.20833333331,101473.91666666669,99091.91666666669,101442.45833333331,88467.875,101409.75,101478.45833333331,99196.875
94390.5,101898.95833333331,99451.33333333331,101682.54166666669,97499.625,99087.16666666669,99394.58333333331,97497.33333333331,68985.33333333333,100858.83333333331,95756.08333333331,101893.875,81808.25,97380.04166666669,101512.79166666669,99988.5,96287.25,100676.875,100073.08333333331,102019.16666666669,97380.04166666669,98399.75,98493.54166666669,101590.70833333331,102160.33333333331,101896.95833333331,101683.16666666669,99099.5,101685.04166666669,88849.66666666667,101625.70833333331,101680.70833333331,99233.125
93749.5,101391.25,98775.75,101104.625,96860.5,98468.54166666669,98694.16666666669,96914.04166666669,68472.91666666667,100377.375,95224.0,101397.95833333331,81421.5,96805.79166666669,100988.45833333331,99503.45833333331,95744.29166666669,100192.875,99306.875,101527.29166666669,96805.79166666669,97789.79166666669,97799.375,101099.08333333331,101665.0,101404.20833333331,101164.41666666669,98464.25,101156.375,88346.45833333333,101104.45833333331,101105.66666666669,98598.41666666669
93952.5,101626.29166666669,98971.625,101538.04166666669,97051.375,98627.66666666669,98897.29166666669,97052.83333333331,68669.16666666667,100602.75,95427.79166666669,101637.45833333331,81494.75,96937.45833333331,101428.95833333331,99870.625,95965.375,100592.5,99531.16666666669,101626.79166666669,96937.45833333331,97946.45833333331,98022.375,101250.41666666669,101755.91666666669,101652.375,101565.875,98628.45833333331,101513.33333333331,88446.625,101494.45833333331,101542.58333333331,98770.45833333331
93813.66666666669,101797.375,98800.5,101381.91666666669,96884.125,98450.91666666669,98722.5,96880.25,68507.54166666667,100688.08333333331,95354.5,101714.25,81441.16666666667,96766.91666666669,101302.625,99761.91666666669,95867.25,100475.16666666669,99354.33333333331,101956.83333333331,96766.91666666669,97773.625,97875.16666666669,101520.41666666669,102074.625,101770.33333333331,101480.625,98451.66666666669,101486.16666666669,88405.29166666667,101413.16666666669,101387.79166666669,98597.625
94601.58333333331,102988.70833333331,99600.375,102680.29166666669,97653.16666666669,99248.58333333331,99502.875,97665.125,68689.20833333333,101717.375,96386.25,102770.5,81706.41666666667,97553.16666666669,102742.83333333331,101112.91666666669,96892.0,101912.33333333331,100171.75,103135.20833333331,97553.16666666669,98543.54166666669,98785.5,102725.125,103228.5,102899.04166666669,102813.875,99221.625,102678.375,88729.125,102702.04166666669,102689.45833333331,99370.5
94956.54166666669,102869.0,100198.54166666669,102659.70833333331,98201.58333333331,99861.79166666669,100103.125,98233.25,68751.04166666667,101770.375,96371.0,102829.20833333331,81729.375,98116.95833333331,102561.5,100942.125,96923.20833333331,101693.70833333331,100722.0,102948.45833333331,98116.95833333331,99149.0,99137.25,102535.95833333331,103066.625,102857.20833333331,102710.75,99844.375,102668.04166666669,88723.79166666667,102638.45833333331,102665.54166666669,99994.25
95145.125,102620.5,100390.83333333331,102532.66666666669,98392.125,100032.08333333331,100292.45833333331,98401.08333333331,68997.83333333333,101651.625,96430.70833333331,102727.58333333331,82227.45833333333,98284.5,102369.375,100778.79166666669,97017.70833333331,101506.5,100937.95833333331,102604.91666666669,98284.5,99327.66666666669,99335.54166666669,102229.33333333331,102745.95833333331,102695.33333333331,102541.95833333331,100032.95833333331,102529.41666666669,89559.875,102477.08333333331,102535.04166666669,100181.16666666669
94117.625,101891.125,99297.625,101543.83333333331,97321.79166666669,98965.375,99195.75,97371.58333333331,68700.16666666667,100857.04166666669,95527.91666666669,101891.0,81639.29166666667,97259.79166666669,101395.66666666669,99857.08333333331,96076.91666666669,100561.58333333331,99818.20833333331,102020.79166666669,97259.79166666669,98266.79166666669,98257.04166666669,101579.66666666669,102162.83333333331,101898.04166666669,101600.54166666669,98956.375,101629.875,88777.66666666667,101546.25,101545.41666666669,99105.75
94167.08333333331,102310.875,99217.25,101845.0,97275.5,98870.08333333331,99139.25,97273.0,68682.04166666667,101096.20833333331,95725.83333333331,102127.45833333331,81555.29166666667,97159.125,101826.04166666669,100254.70833333331,96230.33333333331,100993.91666666669,99781.83333333331,102409.83333333331,97159.125,98185.91666666669,98273.25,102007.0,102524.04166666669,102230.625,102003.29166666669,98885.375,101950.875,88631.45833333333,101923.08333333331,101849.08333333331,99023.375
94427.29166666669,102257.54166666669,99519.75,102139.04166666669,97565.70833333331,99187.04166666669,99432.83333333331,97587.66666666669,69079.70833333333,101245.20833333331,95975.66666666669,102299.25,81815.125,97474.66666666669,102034.08333333331,100421.875,96503.54166666669,101175.91666666669,100078.08333333331,102338.95833333331,97474.66666666669,98495.25,98577.25,101921.95833333331,102476.95833333331,102268.375,102186.125,99188.41666666669,102144.33333333331,88934.83333333333,102108.83333333331,102144.04166666669,99331.33333333331
94388.45833333331,102678.75,99470.0,102321.0,97511.20833333331,99118.0,99369.66666666669,97527.58333333331,68415.95833333333,101460.25,96123.29166666669,102510.20833333331,81567.5,97416.95833333331,102309.83333333331,100725.04166666669,96647.125,101479.95833333331,100048.875,102800.875,97416.95833333331,98417.58333333331,98596.08333333331,102385.75,102903.95833333331,102598.45833333331,102438.125,99100.29166666669,102358.875,88636.83333333333,102346.29166666669,102326.04166666669,99245.625
94711.375,102743.83333333331,99908.58333333331,102481.70833333331,97905.66666666669,99554.5,99855.45833333331,97920.29166666669,68496.83333333333,101617.5,96139.58333333331,102678.16666666669,81581.70833333333,97801.45833333331,102363.41666666669,100721.79166666669,96685.79166666669,101486.75,100550.29166666669,102863.45833333331,97801.45833333331,98846.125,98887.375,102421.45833333331,102995.125,102694.625,102512.41666666669,99565.625,102493.66666666669,88562.5,102448.20833333331,102486.95833333331,99700.79166666669
94368.58333333331,101757.75,99570.45833333331,101668.29166666669,97581.91666666669,99213.83333333331,99523.95833333331,97587.75,68761.25,100866.70833333331,95676.66666666669,101921.25,81563.0,97467.0,101489.125,99915.70833333331,96267.5,100637.75,100173.91666666669,101771.25,97467.0,98509.375,98543.20833333331,101371.0,101924.375,101852.95833333331,101675.875,99238.83333333331,101685.75,88637.91666666667,101622.16666666669,101670.875,99373.375
93549.08333333331,101306.875,98654.0,100968.375,96692.125,98334.875,98612.375,96726.54166666669,68229.08333333333,100362.0,94963.79166666669,101391.41666666669,81330.875,96609.75,100768.875,99229.25,95518.33333333331,99937.0,99286.125,101423.5,96609.75,97637.83333333331,97652.0,100991.58333333331,101575.91666666669,101369.875,101018.95833333331,98338.83333333331,101082.41666666669,88405.125,100967.54166666669,100968.83333333331,98475.0
93801.0,102236.54166666669,98899.95833333331,101933.0,96931.75,98550.29166666669,98845.0,96948.95833333331,68088.75,100995.95833333331,95501.54166666669,102034.75,81336.29166666667,96835.66666666669,101917.125,100245.08333333331,95993.95833333331,101057.25,99501.29166666669,102320.375,96835.66666666669,97851.25,97925.04166666669,101934.79166666669,102414.5,102141.0,102046.29166666669,98543.83333333331,101931.83333333331,88355.29166666667,101958.58333333331,101938.91666666669,98685.95833333331
93668.29166666669,102239.625,98902.75,102038.54166666669,96904.125,98609.41666666669,98822.58333333331,97020.29166666669,67848.95833333333,101057.29166666669,95572.25,102085.20833333331,81384.125,96903.95833333331,102040.25,100348.45833333331,96033.0,101162.29166666669,99423.375,102241.125,96903.95833333331,97899.70833333331,97781.75,101874.125,102345.95833333331,102206.45833333331,102172.0,98597.625,102038.04166666669,88347.16666666667,102079.95833333331,102046.16666666669,98725.75
95028.08333333331,103496.45833333331,100405.29166666669,103199.5,98336.16666666669,100049.45833333331,100331.75,98359.83333333331,67582.70833333333,102287.125,96586.58333333331,103383.41666666669,81383.95833333333,98234.83333333331,103110.0,101408.25,97111.91666666669,102213.70833333331,101041.83333333331,103604.625,98234.83333333331,99324.04166666669,99307.125,103177.5,103710.75,103451.875,103288.70833333331,100067.91666666669,103238.875,88331.45833333333,103209.08333333331,103204.875,100203.91666666669
95276.0,103748.20833333331,100602.33333333331,103439.20833333331,98556.375,100239.91666666669,100537.08333333331,98557.70833333331,68708.375,102511.66666666669,96813.25,103617.75,81600.54166666667,98431.33333333331,103359.83333333331,101652.04166666669,97355.16666666669,102469.33333333331,101243.375,103774.29166666669,98431.33333333331,99514.95833333331,99569.75,103381.625,103885.83333333331,103702.08333333331,103544.20833333331,100252.79166666669,103483.04166666669,88751.29166666667,103458.20833333331,103444.33333333331,100400.625
95455.45833333331,103783.08333333331,100778.41666666669,103494.375,98727.875,100398.95833333331,100701.83333333331,98727.16666666669,68841.83333333333,102625.91666666669,96953.0,103734.91666666669,81877.83333333333,98605.58333333331,103369.125,101684.375,97505.125,102465.625,101410.04166666669,103847.75,98605.58333333331,99670.79166666669,99733.66666666669,103417.20833333331,103984.5,103758.79166666669,103556.16666666669,100407.625,103548.25,89206.16666666667,103482.45833333331,103499.45833333331,100552.95833333331
94659.95833333331,102830.79166666669,99922.0,102468.70833333331,97899.70833333331,99591.0,99863.25,97938.58333333331,68549.20833333333,101691.91666666669,96146.875,102753.91666666669,81700.25,97820.875,102372.33333333331,100737.75,96694.45833333331,101501.5,100529.33333333331,102967.0,97820.875,98875.41666666669,98875.66666666669,102524.66666666669,103099.20833333331,102784.95833333331,102556.54166666669,99603.625,102548.5,88856.95833333333,102486.04166666669,102471.33333333331,99743.125
94419.70833333331,102266.83333333331,99667.375,102039.45833333331,97659.54166666669,99307.20833333331,99611.29166666669,97661.95833333331,68625.91666666667,101165.16666666669,95780.66666666669,102205.45833333331,81584.25,97542.91666666669,101967.33333333331,100335.33333333331,96338.125,101102.375,100297.29166666669,102376.95833333331,97542.91666666669,98598.58333333331,98598.125,101952.04166666669,102507.5,102233.29166666669,102114.16666666669,99334.375,102075.75,88710.75,102036.58333333331,102044.91666666669,99465.45833333331
94408.83333333331,102602.83333333331,99659.33333333331,102242.33333333331,97640.75,99325.08333333331,99593.5,97688.54166666669,68365.5,101400.41666666669,95975.83333333331,102454.54166666669,81428.0,97569.875,102222.75,100605.04166666669,96475.66666666669,101367.79166666669,100246.79166666669,102729.08333333331,97569.875,98614.125,98564.20833333331,102298.45833333331,102815.95833333331,102526.20833333331,102358.33333333331,99341.08333333331,102317.95833333331,88528.08333333333,102277.83333333331,102250.54166666669,99470.125
94303.58333333331,102273.83333333331,99478.04166666669,102038.33333333331,97475.79166666669,99144.91666666669,99413.20833333331,97509.58333333331,68255.45833333333,101230.33333333331,95745.25,102291.20833333331,81393.375,97388.20833333331,101892.375,100265.41666666669,96275.58333333331,101013.625,100094.54166666669,102388.66666666669,97388.20833333331,98433.875,98470.375,101945.79166666669,102479.20833333331,102293.45833333331,102090.66666666669,99148.91666666669,102088.625,88472.0,102025.91666666669,102043.45833333331,99287.79166666669
94296.5,102527.83333333331,99457.58333333331,102081.83333333331,97464.45833333331,99087.375,99386.66666666669,97465.83333333331,68317.04166666667,101324.875,95859.45833333331,102373.95833333331,81413.54166666667,97347.41666666669,102039.95833333331,100430.83333333331,96359.41666666669,101185.04166666669,100099.04166666669,102688.41666666669,97347.41666666669,98378.25,98485.54166666669,102240.04166666669,102766.5,102451.08333333331,102199.58333333331,99087.625,102178.75,88519.75,102128.16666666669,102089.5,99232.95833333331
94309.16666666669,102230.83333333331,99505.41666666669,101962.20833333331,97509.875,99153.5,99438.95833333331,97524.375,68328.95833333333,101181.25,95755.45833333331,102246.79166666669,81361.0,97405.54166666669,101850.0,100248.29166666669,96281.83333333331,100989.66666666669,100123.95833333331,102291.79166666669,97405.54166666669,98446.54166666669,98479.375,101876.125,102395.125,102255.375,102045.125,99166.79166666669,102046.70833333331,88492.375,101978.0,101966.83333333331,99299.29166666669
94116.125,102204.25,99289.95833333331,101808.125,97307.875,98959.0,99221.25,97357.75,68492.41666666667,101083.29166666669,95662.75,102126.125,81513.04166666667,97245.16666666669,101737.33333333331,100148.375,96169.95833333331,100896.625,99889.41666666669,102345.5,97245.16666666669,98260.25,98280.33333333331,101905.25,102425.16666666669,102175.75,101923.375,98967.25,101912.0,88637.95833333333,101854.20833333331,101813.83333333331,99099.45833333331
93970.25,102553.79166666669,99081.95833333331,102213.33333333331,97088.20833333331,98725.04166666669,99007.79166666669,97109.66666666669,67937.125,101334.08333333331,95770.16666666669,102346.54166666669,81363.25,96990.66666666669,102205.41666666669,100545.625,96230.16666666669,101343.79166666669,99645.20833333331,102752.16666666669,96990.66666666669,98026.58333333331,98088.04166666669,102287.79166666669,102828.54166666669,102445.20833333331,102308.75,98732.41666666669,102225.83333333331,88373.29166666667,102214.0,102223.66666666669,98872.875
94124.75,102489.875,99255.58333333331,102307.41666666669,97261.91666666669,98874.58333333331,99178.45833333331,97266.95833333331,68040.25,101292.33333333331,95878.79166666669,102343.625,81253.0,97154.16666666669,102307.25,100652.875,96354.83333333331,101452.29166666669,99886.875,102572.375,97154.16666666669,98164.91666666669,98309.5,102175.0,102633.91666666669,102420.95833333331,102387.79166666669,98874.58333333331,102258.79166666669,88286.33333333333,102286.79166666669,102318.5,99019.29166666669
95200.5,103774.04166666669,100473.41666666669,103565.16666666669,98421.83333333331,100081.16666666669,100398.5,98430.04166666669,67987.33333333333,102539.66666666669,96956.5,103655.75,81333.29166666667,98312.875,103559.95833333331,101865.54166666669,97439.25,102683.875,101130.91666666669,103817.875,98312.875,99344.75,99498.16666666669,103417.875,103893.125,103768.875,103675.41666666669,100078.83333333331,103541.58333333331,88603.33333333333,103567.70833333331,103575.125,100225.79166666669
95189.58333333331,103310.66666666669,100582.5,103102.58333333331,98510.70833333331,100212.5,100503.70833333331,98528.79166666669,67903.33333333333,102205.54166666669,96627.41666666669,103305.875,81488.79166666667,98405.91666666669,102980.0,101298.70833333331,97159.70833333331,102082.04166666669,101210.375,103354.75,98405.91666666669,99480.25,99469.79166666669,102937.04166666669,103453.79166666669,103317.5,103153.91666666669,100224.375,103138.41666666669,88578.375,103082.95833333331,103107.20833333331,100367.45833333331
94733.33333333331,102838.16666666669,100026.79166666669,102538.79166666669,97994.0,99636.45833333331,99953.41666666669,97973.75,68165.45833333333,101725.375,96161.58333333331,102797.375,81462.45833333333,97847.33333333331,102392.08333333331,100745.375,96690.04166666669,101499.66666666669,100666.58333333331,102970.5,97847.33333333331,98917.45833333331,98982.04166666669,102518.66666666669,103067.70833333331,102821.0,102584.66666666669,99648.41666666669,102590.25,88526.375,102517.91666666669,102542.875,99797.58333333331
93983.79166666669,102253.66666666669,99240.08333333331,101917.58333333331,97235.79166666669,98905.41666666669,99168.66666666669,97266.70833333331,67683.70833333333,101013.875,95584.70833333331,102046.75,81330.79166666667,97149.33333333331,101917.54166666669,100275.79166666669,96069.875,101064.66666666669,99818.54166666669,102443.66666666669,97149.33333333331,98197.29166666669,98157.5,102004.04166666669,102496.70833333331,102150.79166666669,102035.5,98918.20833333331,101928.16666666669,88278.04166666667,101933.20833333331,101926.16666666669,99047.5
94146.16666666669,102664.66666666669,99312.91666666669,102500.79166666669,97316.41666666669,98960.0,99198.29166666669,97337.625,67622.0,101454.04166666669,95940.41666666669,102525.25,81289.75,97220.08333333331,102516.33333333331,100824.29166666669,96420.91666666669,101637.20833333331,99878.91666666669,102779.91666666669,97220.08333333331,98232.91666666669,98388.95833333331,102373.83333333331,102829.0,102588.66666666669,102581.41666666669,98922.875,102464.79166666669,88270.04166666667,102463.70833333331,102513.16666666669,99072.875
94449.125,102889.33333333331,99688.45833333331,102640.45833333331,97677.95833333331,99352.25,99578.375,97711.875,67583.70833333333,101656.08333333331,96142.45833333331,102732.29166666669,81237.375,97594.79166666669,102580.25,100923.66666666669,96657.625,101705.875,100253.54166666669,102964.5,97594.79166666669,98627.75,98704.41666666669,102568.20833333331,103046.08333333331,102835.16666666669,102709.70833333331,99329.70833333331,102645.58333333331,88161.91666666667,102607.41666666669,102650.875,99472.66666666669
94903.41666666669,102645.41666666669,100187.25,102558.08333333331,98178.5,99815.91666666669,100092.08333333331,98155.125,68632.5,101655.58333333331,96291.45833333331,102745.25,81616.66666666667,98031.58333333331,102386.04166666669,100728.25,96873.375,101484.625,100773.95833333331,102664.33333333331,98031.58333333331,99102.125,99152.75,102260.125,102773.45833333331,102722.125,102582.83333333331,99832.79166666669,102576.16666666669,88767.66666666667,102497.08333333331,102563.0,99969.875
94049.125,102278.33333333331,99147.79166666669,101845.5,97180.125,98825.20833333331,99046.58333333331,97210.20833333331,68365.875,101250.54166666669,95592.125,102302.83333333331,81661.91666666667,97095.25,101634.875,100045.33333333331,96123.58333333331,100763.16666666669,99680.45833333331,102410.95833333331,97095.25,98125.45833333331,98158.75,101966.125,102534.5,102286.29166666669,101895.0,98829.33333333331,101979.29166666669,88688.91666666667,101838.33333333331,101848.20833333331,98963.75
94227.91666666669,102218.04166666669,99397.04166666669,101899.58333333331,97421.25,99055.79166666669,99290.5,97437.25,68362.45833333333,101074.125,95668.875,102123.375,81458.125,97321.54166666669,101806.875,100195.625,96216.33333333331,100941.08333333331,99943.20833333331,102357.25,97321.54166666669,98352.16666666669,98364.125,101923.08333333331,102446.125,102172.75,101982.91666666669,99045.41666666669,101942.0,88430.5,101893.66666666669,101906.54166666669,99189.33333333331
92718.58333333331,101145.5,97727.41666666669,100611.5,95799.75,97419.95833333331,97613.58333333331,95849.16666666669,67681.5,99997.0,94484.91666666669,101017.125,81104.95833333333,95739.79166666669,100538.0,98965.41666666669,94966.54166666669,99701.375,98212.41666666669,101362.29166666669,95739.79166666669,96727.70833333331,96766.08333333331,100899.41666666669,101461.79166666669,101091.16666666669,100740.125,97402.25,100752.04166666669,87893.45833333333,100657.45833333331,100615.41666666669,97534.70833333331
93652.83333333331,102085.08333333331,98792.20833333331,102237.79166666669,96775.125,98465.83333333331,98646.125,96848.41666666669,67329.58333333333,101196.54166666669,95754.91666666669,102294.08333333331,81021.5,96731.5,102315.91666666669,100628.29166666669,96207.29166666669,101455.70833333331,99238.79166666669,102509.41666666669,96731.5,97742.66666666669,97881.04166666669,102008.91666666669,102577.375,102350.5,102361.0,98419.20833333331,102222.04166666669,87810.45833333333,102220.79166666669,102249.625,98566.75
94724.625,102877.91666666669,100016.91666666669,102937.79166666669,97984.45833333331,99659.375,99912.16666666669,97998.79166666669,67635.70833333333,101980.08333333331,96352.91666666669,103094.16666666669,81330.08333333333,97875.08333333331,102848.79166666669,101167.91666666669,96877.33333333331,101961.625,100570.125,103073.25,97875.08333333331,98938.625,99003.58333333331,102624.58333333331,103179.04166666669,103091.875,102982.70833333331,99655.58333333331,102961.58333333331,88124.25,102879.0,102946.5,99803.16666666669
94437.45833333331,102500.375,99668.5,102422.58333333331,97664.58333333331,99309.66666666669,99564.0,97663.20833333331,67769.08333333333,101528.625,95994.33333333331,102626.04166666669,81197.33333333333,97543.33333333331,102336.70833333331,100689.54166666669,96522.375,101465.375,100226.5,102733.41666666669,97543.33333333331,98596.625,98654.75,102269.70833333331,102838.58333333331,102602.70833333331,102475.41666666669,99306.20833333331,102469.70833333331,87971.5,102382.83333333331,102428.08333333331,99450.95833333331
94517.41666666669,102636.08333333331,99721.625,102470.70833333331,97715.75,99344.83333333331,99639.25,97711.625,67968.45833333333,101549.16666666669,96053.95833333331,102639.83333333331,81176.54166666667,97592.66666666669,102334.75,100684.33333333331,96579.66666666669,101452.5,100356.33333333331,102694.375,97592.66666666669,98626.04166666669,98760.33333333331,102280.29166666669,102791.875,102671.79166666669,102514.29166666669,99334.08333333331,102477.29166666669,88004.625,102436.83333333331,102476.70833333331,99477.0
93291.375,101304.375,98411.41666666669,101041.54166666669,96428.16666666669,98094.5,98340.5,96497.25,67524.79166666667,100193.83333333331,94818.5,101229.25,80917.58333333333,96382.125,100972.125,99380.45833333331,95300.5,100139.33333333331,99013.45833333331,101441.33333333331,96382.125,97392.04166666669,97388.375,101011.29166666669,101519.70833333331,101282.375,101113.95833333331,98104.0,101046.33333333331,87542.75,101033.58333333331,101050.04166666669,98216.70833333331
94257.70833333331,102287.95833333331,99443.875,102031.41666666669,97451.29166666669,99076.0,99384.95833333331,97462.54166666669,67808.20833333333,101172.5,95798.16666666669,102237.20833333331,81062.75,97352.70833333331,101943.79166666669,100341.79166666669,96305.33333333331,101090.66666666669,100081.45833333331,102367.70833333331,97352.70833333331,98380.25,98459.25,101955.45833333331,102462.66666666669,102277.83333333331,102096.29166666669,99104.875,102062.08333333331,87844.08333333333,102027.25,102037.04166666669,99219.79166666669
94349.625,102115.375,99493.66666666669,101910.125,97513.66666666669,99136.29166666669,99429.91666666669,97521.95833333331,68276.875,101053.45833333331,95756.83333333331,102102.375,81354.16666666667,97407.33333333331,101751.66666666669,100172.75,96295.04166666669,100894.70833333331,100149.58333333331,102272.79166666669,97407.33333333331,98439.95833333331,98521.83333333331,101814.375,102374.41666666669,102079.20833333331,101928.95833333331,99146.79166666669,101916.83333333331,88280.54166666667,101861.25,101915.79166666669,99279.29166666669
93868.20833333331,102065.25,98922.08333333331,101593.79166666669,96969.08333333331,98562.58333333331,98863.25,96967.875,67928.375,100886.33333333331,95486.75,101922.41666666669,81174.5,96857.08333333331,101512.29166666669,99945.83333333331,95969.375,100689.75,99536.25,102262.79166666669,96857.08333333331,97883.04166666669,97988.79166666669,101810.95833333331,102350.5,101968.91666666669,101680.70833333331,98579.33333333331,101683.66666666669,87934.0,101616.54166666669,101601.20833333331,98705.125
93830.375,101919.08333333331,98848.04166666669,101501.29166666669,96909.95833333331,98532.25,98783.08333333331,96975.125,68041.95833333333,100738.66666666669,95445.16666666669,101770.125,81330.875,96865.79166666669,101463.58333333331,99928.58333333331,95912.04166666669,100651.5,99445.54166666669,102124.83333333331,96865.79166666669,97840.54166666669,97912.70833333331,101675.0,102203.54166666669,101837.33333333331,101583.04166666669,98530.95833333331,101571.25,88067.875,101513.375,101510.33333333331,98650.16666666669
94590.08333333331,102341.875,99777.79166666669,102189.58333333331,97802.83333333331,99446.20833333331,99721.08333333331,97831.91666666669,68350.66666666667,101293.54166666669,96012.66666666669,102352.66666666669,81507.91666666667,97717.91666666669,102059.625,100458.16666666669,96534.125,101200.20833333331,100385.83333333331,102432.08333333331,97717.91666666669,98748.33333333331,98736.70833333331,102012.29166666669,102523.66666666669,102362.79166666669,102199.04166666669,99462.125,102171.0,88443.875,102127.79166666669,102196.45833333331,99585.79166666669
92656.0,100779.66666666669,97549.25,100297.83333333331,95658.79166666669,97235.29166666669,97489.41666666669,95688.70833333331,67602.375,99769.91666666669,94193.875,100791.375,80917.41666666667,95586.29166666669,100116.91666666669,98559.91666666669,94678.375,99273.45833333331,98118.625,100984.5,95586.29166666669,96565.5,96647.5,100520.83333333331,101076.875,100789.125,100376.70833333331,97245.5,100445.25,87630.29166666667,100327.79166666669,100299.20833333331,97368.70833333331
93674.25,101697.375,98713.25,101466.41666666669,96786.16666666669,98373.33333333331,98647.95833333331,96811.83333333331,68089.375,100555.375,95256.875,101592.08333333331,81386.5,96703.33333333331,101432.5,99825.70833333331,95715.08333333331,100582.41666666669,99289.70833333331,101769.0,96703.33333333331,97692.16666666669,97724.83333333331,101370.83333333331,101847.41666666669,101663.25,101527.29166666669,98381.16666666669,101467.58333333331,88205.33333333333,101451.375,101474.125,98507.04166666669
93603.66666666669,101097.70833333331,98557.45833333331,100920.33333333331,96651.70833333331,98201.20833333331,98501.875,96636.75,68467.58333333333,100141.41666666669,94930.70833333331,101162.75,81362.375,96529.125,100718.83333333331,99159.54166666669,95448.25,99859.29166666669,99199.20833333331,101163.45833333331,96529.125,97515.79166666669,97632.08333333331,100752.625,101280.95833333331,101132.625,100915.16666666669,98191.70833333331,100959.66666666669,88156.66666666667,100863.04166666669,100926.45833333331,98333.25
92973.66666666669,100781.58333333331,97911.125,100328.625,96019.625,97595.70833333331,97832.5,96043.79166666669,67994.16666666667,99683.20833333331,94432.375,100693.08333333331,81009.70833333333,95932.16666666669,100228.0,98708.41666666669,94925.125,99411.0,98469.54166666669,101001.75,95932.16666666669,96922.25,96989.33333333331,100537.41666666669,101087.625,100742.79166666669,100408.08333333331,97582.91666666669,100429.375,87673.875,100348.04166666669,100336.0,97713.54166666669
93255.29166666669,101051.375,98234.25,100796.91666666669,96340.45833333331,97920.66666666669,98149.29166666669,96371.875,67986.25,99913.16666666669,94809.95833333331,100947.125,81009.20833333333,96263.125,100810.375,99266.45833333331,95327.08333333331,100002.70833333331,98757.95833333331,101200.58333333331,96263.125,97249.29166666669,97306.79166666669,100792.125,101279.91666666669,101000.79166666669,100915.16666666669,97920.54166666669,100801.95833333331,87721.54166666667,100798.66666666669,100802.875,98044.79166666669
93751.08333333331,101603.70833333331,98802.08333333331,101329.08333333331,96881.875,98454.54166666669,98704.08333333331,96886.41666666669,68047.875,100462.0,95237.04166666669,101497.91666666669,81036.16666666667,96778.83333333331,101256.79166666669,99702.58333333331,95761.91666666669,100438.04166666669,99331.0,101795.125,96778.83333333331,97763.70833333331,97821.75,101345.29166666669,101885.25,101526.16666666669,101382.79166666669,98446.75,101342.83333333331,87697.75,101290.25,101334.625,98578.16666666669
93948.125,101862.125,98997.95833333331,101497.29166666669,97076.41666666669,98666.625,98896.08333333331,97090.75,68316.29166666667,100704.16666666669,95425.75,101742.95833333331,81480.58333333333,96976.58333333331,101408.5,99854.41666666669,95936.0,100574.29166666669,99506.54166666669,102035.625,96976.58333333331,97981.20833333331,98009.16666666669,101599.20833333331,102132.29166666669,101782.25,101567.875,98658.25,101546.16666666669,88104.20833333333,101484.75,101502.125,98788.41666666669
93362.29166666669,101227.25,98279.41666666669,100844.83333333331,96405.16666666669,97899.16666666669,98190.29166666669,96344.79166666669,68439.625,100120.66666666669,94831.58333333331,101143.91666666669,81463.20833333333,96232.95833333331,100751.83333333331,99201.04166666669,95350.125,99922.875,98840.16666666669,101450.25,96232.95833333331,97234.70833333331,97380.625,100988.91666666669,101533.54166666669,101167.04166666669,100902.95833333331,97902.16666666669,100916.83333333331,88081.125,100828.95833333331,100849.25,98043.125
93099.54166666669,100966.5,97971.08333333331,100563.79166666669,96113.91666666669,97641.75,97890.54166666669,96112.79166666669,68321.41666666667,99870.66666666669,94654.375,100889.0,81223.0,96004.04166666669,100512.33333333331,99033.08333333331,95133.79166666669,99727.625,98487.33333333331,101128.25,96004.04166666669,96982.75,97075.70833333331,100702.58333333331,101211.375,100933.45833333331,100675.33333333331,97645.66666666669,100670.625,87804.20833333333,100597.58333333331,100570.08333333331,97774.08333333331
93018.91666666669,100788.625,97937.16666666669,100473.875,96075.45833333331,97617.91666666669,97866.33333333331,96090.41666666669,67928.45833333333,99660.79166666669,94527.5,100675.08333333331,80906.66666666667,95985.375,100399.58333333331,98896.54166666669,95029.0,99610.125,98480.04166666669,100965.08333333331,95985.375,96941.79166666669,97001.79166666669,100535.83333333331,101072.45833333331,100730.54166666669,100529.625,97609.04166666669,100498.25,87497.91666666667,100450.04166666669,100481.08333333331,97734.41666666669
93342.45833333331,100889.70833333331,98372.375,100606.125,96478.16666666669,98044.33333333331,98306.875,96486.875,68010.625,99783.91666666669,94740.25,100805.16666666669,80920.29166666667,96380.5,100507.83333333331,99024.45833333331,95270.20833333331,99715.875,98906.0,101057.66666666669,96380.5,97376.08333333331,97379.08333333331,100621.0,101133.91666666669,100841.20833333331,100652.54166666669,98064.66666666669,100635.83333333331,87572.75,100577.33333333331,100612.95833333331,98179.33333333331
93323.41666666669,100812.75,98359.20833333331,100555.375,96457.0,98056.125,98291.0,96481.66666666669,68040.08333333333,99758.5,94633.54166666669,100783.20833333331,81032.91666666667,96364.58333333331,100409.95833333331,98904.41666666669,95165.75,99600.08333333331,98891.0,100952.79166666669,96364.58333333331,97379.33333333331,97312.91666666669,100530.375,101053.70833333331,100786.0,100587.08333333331,98057.54166666669,100586.0,87626.58333333333,100517.5,100559.75,98178.58333333331
92886.79166666669,100619.79166666669,97720.91666666669,100224.95833333331,95876.0,97388.08333333331,97659.75,95840.20833333331,68063.66666666667,99465.5,94344.70833333331,100474.33333333331,80976.41666666667,95727.70833333331,100134.83333333331,98653.95833333331,94837.70833333331,99351.54166666669,98330.45833333331,100858.04166666669,95727.70833333331,96730.41666666669,96812.54166666669,100397.29166666669,100931.33333333331,100528.58333333331,100299.375,97403.04166666669,100278.75,87493.5,100221.45833333331,100229.54166666669,97529.45833333331
93298.125,101133.83333333331,98419.70833333331,100766.41666666669,96490.95833333331,98095.20833333331,98326.58333333331,96522.125,67787.625,99902.04166666669,94874.70833333331,100929.75,80879.70833333333,96412.16666666669,100804.375,99332.0,95384.91666666669,100040.16666666669,98899.66666666669,101269.45833333331,96412.16666666669,97414.16666666669,97356.04166666669,100861.33333333331,101342.70833333331,101017.41666666669,100895.79166666669,98090.29166666669,100807.375,87441.54166666667,100792.29166666669,100770.875,98222.95833333331
93430.66666666669,101222.75,98470.0,100947.625,96563.125,98141.83333333331,98399.33333333331,96570.66666666669,67986.41666666667,100143.91666666669,94950.25,101163.66666666669,81019.41666666667,96459.54166666669,100892.70833333331,99382.70833333331,95470.41666666669,100106.54166666669,99010.79166666669,101450.25,96459.54166666669,97458.54166666669,97482.33333333331,100990.0,101537.29166666669,101187.66666666669,101028.16666666669,98137.29166666669,101002.375,87655.16666666667,100941.66666666669,100953.75,98267.375
93712.75,101277.75,98651.125,101027.08333333331,96775.75,98324.5,98574.79166666669,96771.66666666669,68295.33333333333,100262.04166666669,95076.08333333331,101292.875,81476.125,96663.125,100851.5,99347.91666666669,95605.79166666669,100035.5,99205.33333333331,101340.33333333331,96663.125,97655.29166666669,97670.20833333331,100952.70833333331,101440.5,101295.875,101071.83333333331,98336.70833333331,101083.04166666669,88336.83333333333,101001.5,101030.625,98457.79166666669
93652.375,101460.95833333331,98608.08333333331,101057.79166666669,96717.625,98289.25,98526.5,96743.08333333331,68306.54166666667,100389.375,95085.58333333331,101407.16666666669,81431.45833333333,96634.0,100875.41666666669,99370.33333333331,95607.58333333331,100056.875,99104.20833333331,101616.29166666669,96634.0,97612.91666666669,97661.58333333331,101185.08333333331,101723.04166666669,101437.45833333331,101114.375,98279.79166666669,101160.125,88237.25,101058.04166666669,101060.79166666669,98412.58333333331
93913.66666666669,101318.5,98936.20833333331,101049.20833333331,97043.58333333331,98627.75,98869.08333333331,97059.29166666669,68557.125,100251.29166666669,95144.5,101274.54166666669,81463.75,96952.625,100911.54166666669,99418.25,95682.70833333331,100108.125,99442.08333333331,101410.45833333331,96952.625,97953.125,97882.41666666669,101016.58333333331,101500.54166666669,101308.95833333331,101095.45833333331,98642.45833333331,101087.20833333331,88390.5,101020.375,101055.54166666669,98757.79166666669
93779.875,101448.04166666669,98693.58333333331,101093.91666666669,96835.45833333331,98329.25,98629.08333333331,96787.875,68497.95833333333,100404.29166666669,95199.25,101416.875,81377.625,96684.95833333331,100948.16666666669,99451.29166666669,95720.58333333331,100141.375,99251.29166666669,101576.0,96684.95833333331,97666.70833333331,97758.33333333331,101162.625,101684.0,101442.125,101153.70833333331,98354.25,101175.41666666669,88238.54166666667,101087.5,101098.16666666669,98475.5
93182.5,100806.125,98120.08333333331,100511.70833333331,96253.95833333331,97813.41666666669,98047.75,96273.08333333331,68462.58333333333,99761.875,94617.08333333331,100768.58333333331,80988.125,96172.29166666669,100330.25,98852.45833333331,95135.70833333331,99529.83333333331,98611.04166666669,101008.83333333331,96172.29166666669,97155.625,97141.83333333331,100566.79166666669,101111.25,100772.5,100516.20833333331,97826.79166666669,100532.33333333331,87693.375,100448.83333333331,100515.29166666669,97944.20833333331
93571.625,101120.91666666669,98469.625,100781.125,96611.33333333331,98117.25,98400.66666666669,96572.58333333331,68578.45833333333,100023.95833333331,95016.70833333331,101041.58333333331,81521.08333333333,96467.33333333331,100713.5,99252.04166666669,95552.5,99940.625,99022.29166666669,101365.54166666669,96467.33333333331,97460.08333333331,97544.33333333331,100910.41666666669,101439.125,101063.54166666669,100846.95833333331,98140.625,100841.33333333331,88285.25,100773.83333333331,100787.29166666669,98264.20833333331
92996.33333333331,100736.5,97739.70833333331,100345.95833333331,95929.0,97386.04166666669,97669.20833333331,95875.66666666669,68272.0,99668.58333333331,94455.95833333331,100674.45833333331,81146.79166666667,95772.20833333331,100163.33333333331,98671.75,94957.54166666669,99373.33333333331,98274.0,100956.625,95772.20833333331,96734.25,96877.95833333331,100498.70833333331,101045.33333333331,100691.95833333331,100393.25,97395.45833333331,100424.20833333331,87784.125,100333.66666666669,100348.29166666669,97521.29166666669
92886.875,100625.375,97694.79166666669,100178.54166666669,95859.08333333331,97332.08333333331,97633.0,95807.75,67895.20833333333,99454.375,94441.83333333331,100455.20833333331,80905.125,95708.58333333331,100151.16666666669,98687.91666666669,94943.125,99393.16666666669,98210.70833333331,100773.375,95708.58333333331,96674.95833333331,96812.29166666669,100369.25,100849.5,100546.0,100296.375,97348.29166666669,100265.91666666669,87521.125,100213.54166666669,100185.83333333331,97474.125
93381.16666666669,100898.16666666669,98355.58333333331,100615.29166666669,96484.29166666669,98021.08333333331,98286.08333333331,96474.70833333331,67847.5,99807.95833333331,94761.41666666669,100813.70833333331,80948.54166666667,96374.54166666669,100537.45833333331,99026.0,95295.33333333331,99750.75,98887.08333333331,101033.79166666669,96374.54166666669,97354.33333333331,97397.08333333331,100623.16666666669,101130.5,100860.54166666669,100672.625,98029.20833333331,100646.79166666669,87813.625,100597.5,100621.20833333331,98156.08333333331
93518.70833333331,101106.20833333331,98458.58333333331,100746.29166666669,96554.79166666669,98133.70833333331,98400.875,96589.375,67937.41666666667,99982.91666666669,94967.5,100991.79166666669,81008.33333333333,96491.33333333331,100692.54166666669,99215.625,95451.20833333331,99930.41666666669,99047.625,101247.54166666669,96491.33333333331,97453.58333333331,97514.375,100839.75,101332.33333333331,101029.70833333331,100828.375,98140.29166666669,100806.875,87767.625,100754.75,100752.83333333331,98253.08333333331
93537.08333333331,101260.29166666669,98463.375,100952.45833333331,96578.75,98123.41666666669,98420.83333333331,96578.16666666669,68251.625,100163.08333333331,95023.29166666669,101186.125,81064.95833333333,96476.125,100855.54166666669,99354.45833333331,95487.75,100074.625,99076.75,101437.08333333331,96476.125,97435.91666666669,97539.29166666669,101006.54166666669,101524.70833333331,101217.04166666669,101007.45833333331,98113.0,101004.75,87861.125,100941.625,100958.58333333331,98239.70833333331
93347.625,100711.0,98269.125,100531.58333333331,96388.25,97990.125,98247.91666666669,96439.95833333331,67950.41666666667,99724.04166666669,94616.5,100737.04166666669,80809.625,96338.75,100390.70833333331,98865.91666666669,95098.83333333331,99583.66666666669,98838.54166666669,100820.20833333331,96338.75,97315.75,97217.625,100417.04166666669,100927.5,100734.95833333331,100544.91666666669,98002.75,100541.91666666669,87711.5,100481.16666666669,100535.70833333331,98107.625
93109.16666666669,100323.375,98026.45833333331,100111.25,96160.04166666669,97713.45833333331,97987.70833333331,96175.95833333331,68177.16666666667,99332.83333333331,94302.33333333331,100343.95833333331,80966.33333333333,96070.58333333331,99931.45833333331,98424.58333333331,94807.58333333331,99134.54166666669,98604.70833333331,100471.20833333331,96070.58333333331,97043.16666666669,97004.33333333331,100044.45833333331,100569.25,100335.95833333331,100120.25,97724.95833333331,100128.66666666669,87788.20833333333,100059.95833333331,100115.5,97836.625
92783.75,100089.5,97594.95833333331,99766.83333333331,95763.54166666669,97299.04166666669,97572.54166666669,95786.16666666669,68120.45833333333,99093.54166666669,94078.16666666669,100086.875,80885.25,95689.79166666669,99642.41666666669,98180.58333333331,94554.625,98875.33333333331,98176.25,100273.58333333331,95689.79166666669,96647.25,96635.83333333331,99843.16666666669,100360.33333333331,100080.29166666669,99820.125,97325.25,99851.375,87672.16666666667,99760.45833333331,99772.0,97429.58333333331
92908.375,100432.625,97780.33333333331,100034.875,95920.5,97441.58333333331,97729.54166666669,95925.375,68113.625,99343.04166666669,94348.58333333331,100337.0,80807.625,95827.625,99973.0,98525.5,94834.54166666669,99221.04166666669,98388.125,100655.04166666669,95827.625,96773.625,96873.33333333331,100213.375,100734.08333333331,100351.25,100120.5,97444.33333333331,100123.0,87511.04166666667,100048.41666666669,100042.125,97559.33333333331
92577.79166666669,99979.75,97431.70833333331,99708.66666666669,95586.91666666669,97153.79166666669,97408.20833333331,95636.91666666669,67936.66666666667,98998.0,93960.45833333331,100003.5,80719.95833333333,95539.875,99574.45833333331,98123.70833333331,94447.41666666669,98814.75,98022.625,100078.70833333331,95539.875,96492.04166666669,96481.04166666669,99675.54166666669,100178.16666666669,100007.79166666669,99753.20833333331,97169.79166666669,99774.83333333331,87295.66666666667,99693.83333333331,99710.45833333331,97270.5
93154.0,100306.91666666669,98060.95833333331,100174.83333333331,96198.91666666669,97767.75,98040.66666666669,96225.25,68210.54166666667,99415.25,94385.04166666669,100431.625,80942.375,96125.70833333331,99994.5,98505.54166666669,94889.375,99198.58333333331,98638.08333333331,100333.70833333331,96125.70833333331,97103.58333333331,97051.70833333331,99955.33333333331,100449.20833333331,100415.16666666669,100177.25,97797.75,100202.41666666669,87855.0,100119.20833333331,100179.5,97898.45833333331
93442.20833333331,100988.41666666669,98339.625,100779.375,96462.70833333331,98004.95833333331,98301.70833333331,96463.79166666669,68299.29166666667,99995.5,94801.58333333331,101016.54166666669,81286.04166666667,96363.91666666669,100610.20833333331,99068.33333333331,95284.625,99793.29166666669,98940.83333333331,101093.29166666669,96363.91666666669,97323.0,97374.20833333331,100694.66666666669,101184.29166666669,101011.33333333331,100787.125,97998.83333333331,100807.0,88110.33333333333,100730.91666666669,100783.08333333331,98134.125
92692.25,100024.5,97539.91666666669,99748.79166666669,95692.91666666669,97217.95833333331,97503.79166666669,95689.16666666669,68233.125,99038.04166666669,93903.66666666669,100045.08333333331,80972.0,95586.33333333331,99598.79166666669,98086.83333333331,94405.375,98799.66666666669,98147.75,100119.75,95586.33333333331,96560.75,96581.41666666669,99708.95833333331,100240.33333333331,100025.41666666669,99784.45833333331,97233.08333333331,99802.875,87642.125,99725.5,99753.16666666669,97352.70833333331
92739.95833333331,100260.16666666669,97565.0,100021.04166666669,95719.45833333331,97275.75,97524.75,95775.20833333331,68106.875,99290.375,94146.29166666669,100296.54166666669,80923.125,95669.54166666669,99860.16666666669,98358.33333333331,94630.83333333331,99056.08333333331,98136.95833333331,100325.33333333331,95669.54166666669,96616.25,96669.58333333331,99932.70833333331,100445.125,100281.66666666669,100046.875,97284.625,100043.33333333331,87620.41666666667,99985.875,100025.125,97398.41666666669
92632.25,100307.33333333331,97356.66666666669,100027.41666666669,95533.91666666669,97029.04166666669,97316.91666666669,95545.95833333331,68049.125,99409.33333333331,94089.95833333331,100401.20833333331,81008.08333333333,95432.125,99736.79166666669,98197.66666666669,94580.79166666669,98907.375,97999.58333333331,100370.54166666669,95432.125,96370.58333333331,96564.75,99980.25,100496.125,100378.04166666669,100007.375,97022.66666666669,100067.66666666669,87694.08333333333,99960.91666666669,100025.875,97147.79166666669
92497.33333333331,100168.29166666669,97193.58333333331,99892.45833333331,95378.45833333331,96919.79166666669,97156.25,95458.41666666669,68017.66666666667,99252.875,94013.5,100245.125,80932.91666666667,95348.91666666669,99666.04166666669,98142.125,94491.54166666669,98851.41666666669,97792.125,100225.08333333331,95348.91666666669,96254.79166666669,96413.45833333331,99837.54166666669,100337.375,100230.625,99897.33333333331,96902.75,99934.83333333331,87532.41666666667,99842.75,99892.25,97015.04166666669
92616.79166666669,100157.58333333331,97406.375,99812.58333333331,95581.54166666669,97132.54166666669,97399.41666666669,95635.83333333331,68030.375,99093.20833333331,94029.25,100089.91666666669,80841.29166666667,95522.5,99737.54166666669,98285.45833333331,94504.33333333331,98984.95833333331,98005.79166666669,100266.375,95522.5,96480.54166666669,96484.5,99868.04166666669,100355.04166666669,100126.25,99885.125,97147.58333333331,99872.20833333331,87546.83333333333,99809.125,99818.70833333331,97258.95833333331
92711.375,100524.25,97405.83333333331,100087.5,95594.0,97105.04166666669,97374.58333333331,95620.79166666669,67987.95833333333,99450.08333333331,94255.29166666669,100450.29166666669,80870.95833333333,95516.625,99915.58333333331,98452.91666666669,94734.5,99140.45833333331,98041.66666666669,100606.41666666669,95516.625,96449.70833333331,96642.0,100218.08333333331,100708.54166666669,100500.54166666669,100175.25,97104.79166666669,100214.5,87616.83333333333,100115.83333333331,100087.29166666669,97227.20833333331
92755.70833333331,100394.08333333331,97380.25,100099.79166666669,95579.0,97065.125,97337.45833333331,95608.79166666669,68127.83333333333,99470.625,94182.25,100465.95833333331,81040.70833333333,95501.375,99805.79166666669,98253.70833333331,94663.83333333331,98967.04166666669,98000.375,100468.66666666669,95501.375,96395.25,96605.08333333331,100072.83333333331,100584.20833333331,100456.25,100068.08333333331,97048.58333333331,100149.45833333331,87750.45833333333,100029.625,100098.5,97172.75
92682.5,100367.16666666669,97289.45833333331,100051.875,95502.875,96962.875,97251.16666666669,95509.58333333331,68079.58333333333,99418.41666666669,94146.33333333331,100412.33333333331,80961.04166666667,95403.04166666669,99774.0,98228.75,94631.79166666669,98935.5,97924.25,100444.91666666669,95403.04166666669,96293.91666666669,96544.79166666669,100049.20833333331,100557.0,100409.75,100042.91666666669,96952.58333333331,100110.25,87694.70833333333,100004.20833333331,100051.83333333331,97078.08333333331
92402.0,99842.91666666669,97031.25,99502.04166666669,95242.625,96712.41666666669,96981.83333333331,95274.79166666669,67974.58333333333,98799.25,93783.625,99781.16666666669,80685.375,95169.66666666669,99309.625,97844.70833333331,94254.0,98524.29166666669,97634.95833333331,100015.29166666669,95169.66666666669,96053.125,96216.875,99594.75,100116.20833333331,99812.625,99538.375,96708.66666666669,99560.625,87355.25,99477.83333333331,99504.66666666669,96829.125
92525.41666666669,99639.0,97344.25,99227.41666666669,95523.16666666669,97094.29166666669,97320.95833333331,95628.5,68088.875,98412.79166666669,93847.625,99392.16666666669,80780.79166666667,95525.41666666669,99266.20833333331,97905.20833333331,94322.5,98566.04166666669,97878.20833333331,99964.625,95525.41666666669,96443.04166666669,96328.70833333331,99479.08333333331,100047.66666666669,99500.375,99297.70833333331,97108.79166666669,99233.0,87462.75,99199.5,99241.125,97211.54166666669
92814.83333333331,100415.95833333331,97675.29166666669,99958.91666666669,95836.70833333331,97414.95833333331,97674.04166666669,95926.54166666669,68463.83333333333,99428.0,94130.95833333331,100424.5,80919.08333333333,95819.83333333331,99780.58333333331,98307.375,94605.33333333331,98988.79166666669,98270.45833333331,100560.33333333331,95819.83333333331,96760.66666666669,96670.54166666669,100138.25,100676.45833333331,100450.16666666669,100042.16666666669,97456.125,100108.95833333331,87676.33333333333,99983.625,99958.16666666669,97549.375
92758.625,100246.75,97460.04166666669,99967.95833333331,95652.54166666669,97104.375,97421.70833333331,95620.95833333331,68239.66666666667,99301.16666666669,94107.54166666669,100295.83333333331,80900.375,95510.33333333331,99750.41666666669,98252.25,94585.625,98938.5,98089.95833333331,100318.79166666669,95510.33333333331,96461.29166666669,96615.95833333331,99934.25,100416.54166666669,100300.33333333331,99984.33333333331,97133.29166666669,100023.125,87584.125,99933.79166666669,99971.58333333331,97257.5
93006.66666666669,100401.70833333331,97736.375,100159.79166666669,95907.95833333331,97428.29166666669,97695.20833333331,95946.875,68424.95833333333,99428.29166666669,94341.625,100421.54166666669,81170.5,95836.25,99920.875,98414.54166666669,94837.25,99108.5,98338.875,100493.95833333331,95836.25,96766.54166666669,96873.625,100098.20833333331,100590.41666666669,100426.875,100167.91666666669,97440.5,100188.33333333331,87931.0,100115.125,100162.75,97561.375
92671.04166666669,100255.375,97261.375,99945.75,95483.41666666669,96911.54166666669,97229.04166666669,95457.33333333331,68035.20833333333,99257.95833333331,94150.91666666669,100245.5,81090.70833333333,95343.875,99750.625,98299.08333333331,94611.20833333331,98958.5,97917.70833333331,100398.83333333331,95343.875,96265.5,96514.83333333331,99992.08333333331,100485.16666666669,100268.70833333331,99986.875,96932.5,100007.66666666669,87812.79166666667,99925.33333333331,99948.875,97056.04166666669
92816.70833333331,99896.54166666669,97647.70833333331,99728.5,95813.125,97419.45833333331,97630.58333333331,95927.20833333331,68493.29166666667,98952.625,94067.91666666669,99946.5,81062.16666666667,95822.25,99562.29166666669,98119.91666666669,94563.625,98793.625,98195.75,99970.5,95822.25,96757.91666666669,96682.33333333331,99585.29166666669,100072.5,99942.75,99727.41666666669,97431.45833333331,99723.875,87817.83333333333,99660.25,99733.625,97525.875
93125.54166666669,100413.54166666669,97863.875,100161.66666666669,96044.625,97563.5,97826.0,96086.04166666669,68507.41666666667,99373.66666666669,94514.41666666669,100372.125,81212.16666666667,95977.20833333331,100078.5,98642.25,94975.79166666669,99330.79166666669,98456.41666666669,100518.25,95977.20833333331,96910.70833333331,96982.33333333331,100127.79166666669,100598.375,100413.25,100203.45833333331,97591.125,100180.04166666669,87973.04166666667,100125.75,100169.29166666669,97697.875
93277.08333333331,100594.58333333331,98096.54166666669,100277.79166666669,96250.41666666669,97794.625,98047.54166666669,96302.33333333331,68672.25,99476.95833333331,94657.125,100474.79166666669,81383.83333333333,96190.0,100237.5,98804.04166666669,95121.16666666669,99493.16666666669,98657.25,100766.5,96190.0,97131.54166666669,97132.95833333331,100358.66666666669,100842.41666666669,100540.125,100356.45833333331,97813.75,100338.83333333331,88202.83333333333,100278.0,100283.125,97924.04166666669
93075.91666666669,100333.33333333331,97823.70833333331,100124.25,96003.58333333331,97507.54166666669,97791.66666666669,96024.91666666669,68563.41666666667,99311.58333333331,94420.54166666669,100305.66666666669,81347.29166666667,95914.08333333331,100028.20833333331,98565.625,94891.0,99264.625,98422.54166666669,100463.25,95914.08333333331,96851.66666666669,96919.625,100064.29166666669,100546.20833333331,100340.75,100174.16666666669,97526.04166666669,100130.83333333331,88089.70833333333,100098.16666666669,100129.41666666669,97642.125
93030.58333333331,100540.79166666669,97625.625,100245.04166666669,95838.625,97267.45833333331,97584.58333333331,95808.04166666669,68445.41666666667,99564.875,94422.125,100565.58333333331,81280.5,95700.29166666669,100041.125,98566.54166666669,94874.20833333331,99243.25,98245.75,100613.83333333331,95700.29166666669,96623.125,96824.08333333331,100230.91666666669,100717.375,100579.875,100273.75,97296.375,100297.95833333331,87980.16666666667,100213.83333333331,100248.0,97416.08333333331
93093.83333333331,100463.125,97734.08333333331,100214.16666666669,95938.91666666669,97378.79166666669,97689.33333333331,95912.66666666669,68382.45833333333,99466.83333333331,94453.125,100464.70833333331,81306.83333333333,95802.375,100044.5,98588.54166666669,94908.33333333331,99270.625,98336.66666666669,100605.33333333331,95802.375,96736.125,96867.875,100189.0,100692.33333333331,100469.66666666669,100250.33333333331,97410.75,100247.5,88005.66666666667,100181.625,100215.04166666669,97531.91666666669
93036.95833333331,100456.08333333331,97615.70833333331,100406.58333333331,95832.33333333331,97244.83333333331,97573.75,95787.41666666669,68367.91666666667,99442.20833333331,94617.54166666669,100452.33333333331,81264.75,95681.41666666669,100345.41666666669,98874.25,95085.70833333331,99594.91666666669,98260.79166666669,100543.25,95681.41666666669,96604.29166666669,96896.625,100171.125,100622.29166666669,100465.91666666669,100449.125,97275.0,100353.16666666669,87964.16666666667,100359.0,100414.41666666669,97396.79166666669
93220.25,100622.04166666669,97881.41666666669,100394.45833333331,96079.45833333331,97566.16666666669,97834.20833333331,96108.625,68546.91666666667,99620.41666666669,94618.5,100621.83333333331,81356.875,96007.45833333331,100242.375,98760.91666666669,95105.66666666669,99455.875,98464.45833333331,100767.54166666669,96007.45833333331,96914.375,97047.29166666669,100356.79166666669,100851.29166666669,100632.20833333331,100425.5,97589.95833333331,100413.91666666669,88149.70833333333,100357.58333333331,100398.08333333331,97697.20833333331
93073.45833333331,100675.375,97722.04166666669,100276.95833333331,95941.875,97431.91666666669,97660.45833333331,95953.75,68278.08333333333,99536.41666666669,94547.625,100524.5,81359.0,95842.45833333331,100216.08333333331,98762.66666666669,95034.66666666669,99458.0,98246.45833333331,100851.83333333331,95842.45833333331,96780.83333333331,96879.79166666669,100447.58333333331,100921.41666666669,100600.25,100368.20833333331,97438.91666666669,100345.25,88194.0,100289.04166666669,100284.08333333331,97557.29166666669
93319.58333333331,100883.25,98081.58333333331,100481.04166666669,96272.04166666669,97789.75,98026.25,96291.875,68379.45833333333,99707.41666666669,94850.04166666669,100703.0,81376.45833333333,96172.54166666669,100491.58333333331,99060.0,95364.5,99758.5,98570.66666666669,101077.0,96172.54166666669,97140.58333333331,97193.91666666669,100664.125,101143.70833333331,100784.125,100618.20833333331,97820.625,100546.625,88137.25,100518.66666666669,100489.625,97930.54166666669
93335.16666666669,100873.54166666669,98062.25,100459.625,96252.08333333331,97753.79166666669,98001.33333333331,96266.08333333331,68282.29166666667,99728.29166666669,94790.75,100724.625,81235.04166666667,96148.54166666669,100385.45833333331,98957.29166666669,95298.875,99644.33333333331,98567.75,101083.0,96148.54166666669,97110.29166666669,97189.75,100660.0,101149.0,100782.20833333331,100555.45833333331,97783.45833333331,100549.79166666669,87991.08333333333,100484.25,100463.70833333331,97898.70833333331
93320.125,100763.29166666669,98037.75,100654.95833333331,96226.5,97703.0,97960.79166666669,96226.83333333331,68301.25,99720.70833333331,94796.95833333331,100717.70833333331,81403.83333333333,96116.16666666669,100596.45833333331,99106.20833333331,95288.45833333331,99830.375,98556.75,100813.79166666669,96116.16666666669,97048.91666666669,97172.29166666669,100433.54166666669,100913.25,100722.33333333331,100707.0,97724.125,100644.70833333331,88188.16666666667,100611.95833333331,100662.33333333331,97842.45833333331
93188.41666666669,100610.5,97865.79166666669,100485.79166666669,96071.125,97561.54166666669,97801.375,96098.45833333331,68225.91666666667,99583.125,94703.875,100578.54166666669,81153.20833333333,95996.66666666669,100477.66666666669,98991.41666666669,95199.91666666669,99722.16666666669,98402.70833333331,100677.04166666669,95996.66666666669,96898.0,97019.54166666669,100279.54166666669,100695.375,100645.75,100589.625,97559.91666666669,100495.0,87918.16666666667,100486.29166666669,100493.5,97679.16666666669
93328.875,100673.125,98070.79166666669,100524.625,96264.375,97785.58333333331,98007.41666666669,96305.33333333331,68547.54166666667,99606.54166666669,94761.125,100606.41666666669,81392.66666666667,96197.83333333331,100469.70833333331,98994.375,95258.625,99707.04166666669,98553.45833333331,100880.875,96197.83333333331,97132.75,97137.25,100447.41666666669,100937.16666666669,100637.04166666669,100563.83333333331,97807.45833333331,100495.66666666669,88183.875,100471.29166666669,100531.91666666669,97916.75
93668.375,101196.33333333331,98526.33333333331,101015.29166666669,96679.41666666669,98216.375,98454.375,96715.25,68793.20833333333,100068.54166666669,95211.79166666669,101082.29166666669,81488.875,96602.04166666669,101030.45833333331,99540.66666666669,95700.625,100275.33333333331,99020.75,101212.16666666669,96602.04166666669,97563.41666666669,97570.95833333331,100886.0,101267.5,101182.125,101127.33333333331,98235.66666666669,100990.125,88301.33333333333,101017.25,101022.54166666669,98353.0
93662.625,101351.125,98474.875,101050.79166666669,96640.41666666669,98178.45833333331,98414.45833333331,96675.79166666669,68729.54166666667,100252.625,95124.79166666669,101266.75,81524.54166666667,96563.91666666669,100960.91666666669,99461.625,95601.5,100175.79166666669,99016.5,101447.75,96563.91666666669,97517.25,97542.08333333331,101059.54166666669,101525.66666666669,101314.58333333331,101110.58333333331,98202.70833333331,101088.79166666669,88334.0,101026.375,101057.5,98316.95833333331
93233.5,101257.125,97858.45833333331,100751.83333333331,96065.79166666669,97493.75,97787.625,96011.0,68329.70833333333,100068.45833333331,94850.58333333331,101075.79166666669,81333.45833333333,95898.45833333331,100636.5,99157.79166666669,95323.25,99852.79166666669,98444.16666666669,101467.0,95898.45833333331,96841.79166666669,97118.58333333331,101038.83333333331,101533.91666666669,101137.375,100836.5,97520.54166666669,100864.20833333331,88131.95833333333,100780.95833333331,100755.70833333331,97643.41666666669
93954.83333333331,101405.41666666669,99011.75,101166.0,97077.45833333331,98753.83333333331,98934.33333333331,97217.70833333331,68474.75,100267.66666666669,95399.45833333331,101273.70833333331,81382.45833333333,97104.79166666669,101196.70833333331,99693.91666666669,95922.08333333331,100423.95833333331,99491.95833333331,101522.0,97104.79166666669,98055.08333333331,97958.375,101133.29166666669,101587.04166666669,101354.33333333331,101288.79166666669,98735.08333333331,101183.45833333331,88298.20833333333,101191.79166666669,101176.04166666669,98854.95833333331
94430.91666666669,102183.75,99443.25,101802.70833333331,97511.08333333331,99112.0,99399.79166666669,97537.16666666669,68413.625,100984.5,95853.75,102022.25,81663.20833333333,97417.375,101769.5,100247.83333333331,96326.45833333331,100982.54166666669,100044.95833333331,102315.20833333331,97417.375,98419.25,98430.25,101915.95833333331,102375.58333333331,102105.125,101908.79166666669,99129.91666666669,101873.83333333331,88645.08333333333,101834.08333333331,101809.79166666669,99255.70833333331
94572.75,102034.375,99666.54166666669,101794.45833333331,97719.41666666669,99330.45833333331,99621.16666666669,97746.5,68654.95833333333,100883.33333333331,95919.45833333331,101908.375,81664.875,97622.875,101768.58333333331,100256.66666666669,96438.20833333331,100979.83333333331,100286.45833333331,102127.0,97622.875,98634.5,98656.625,101737.58333333331,102195.66666666669,101984.54166666669,101852.45833333331,99346.33333333331,101780.70833333331,88632.16666666667,101769.95833333331,101803.66666666669,99472.79166666669
94262.75,101732.70833333331,99301.41666666669,101451.16666666669,97377.625,98979.875,99256.41666666669,97413.125,68417.83333333333,100650.70833333331,95558.5,101687.375,81475.66666666667,97292.41666666669,101330.16666666669,99820.08333333331,96066.41666666669,100536.375,99907.625,101823.91666666669,97292.41666666669,98289.16666666669,98275.0,101423.16666666669,101913.70833333331,101726.08333333331,101495.70833333331,98999.58333333331,101495.08333333331,88548.45833333333,101432.0,101457.04166666669,99122.95833333331
94058.70833333331,101733.54166666669,99044.91666666669,101358.5,97128.75,98692.625,99000.125,97134.25,68610.5,100580.41666666669,95512.58333333331,101595.41666666669,81448.33333333333,97017.95833333331,101323.54166666669,99832.70833333331,96012.875,100541.20833333331,99677.08333333331,101916.5,97017.95833333331,98005.20833333331,98116.20833333331,101482.83333333331,101995.625,101652.91666666669,101445.45833333331,98713.45833333331,101421.04166666669,88302.66666666667,101374.58333333331,101366.375,98837.66666666669
93983.25,101753.20833333331,98876.45833333331,101402.16666666669,96984.91666666669,98539.375,98831.16666666669,96999.66666666669,68572.20833333333,100613.04166666669,95423.08333333331,101634.33333333331,81541.04166666667,96881.66666666669,101298.83333333331,99763.70833333331,95902.54166666669,100490.5,99524.0,101916.25,96881.66666666669,97852.33333333331,97972.125,101498.41666666669,101998.66666666669,101680.5,101449.5,98553.625,101451.41666666669,88558.16666666667,101389.125,101409.41666666669,98681.25
93921.75,101773.70833333331,98862.04166666669,101421.25,96959.41666666669,98509.0,98823.91666666669,96954.29166666669,68508.08333333333,100615.0,95436.95833333331,101646.58333333331,81535.375,96836.08333333331,101370.16666666669,99832.25,95921.5,100571.16666666669,99492.83333333331,101880.79166666669,96836.08333333331,97826.16666666669,97953.04166666669,101502.125,101957.125,101733.08333333331,101543.0,98525.0,101497.625,88427.20833333333,101463.04166666669,101425.875,98656.33333333331
94331.83333333331,102203.54166666669,99329.66666666669,102064.0,97408.375,98997.25,99288.95833333331,97438.83333333331,68967.33333333333,101102.75,95864.79166666669,102134.91666666669,81857.58333333333,97322.5,102025.83333333331,100432.875,96357.29166666669,101210.54166666669,99962.54166666669,102277.91666666669,97322.5,98302.75,98389.08333333331,101899.25,102354.91666666669,102191.79166666669,102124.875,99000.79166666669,102025.54166666669,88765.625,102034.08333333331,102073.08333333331,99132.08333333331
94150.58333333331,102038.375,99094.58333333331,101642.125,97185.66666666669,98764.83333333331,99047.29166666669,97225.33333333331,68592.41666666667,100831.375,95627.625,101857.91666666669,81695.91666666667,97110.0,101557.375,100029.91666666669,96102.33333333331,100753.75,99713.95833333331,102198.875,97110.0,98076.16666666669,98141.75,101780.20833333331,102264.33333333331,101941.95833333331,101723.83333333331,98774.79166666669,101711.16666666669,88571.625,101653.41666666669,101646.33333333331,98904.08333333331
94186.33333333331,101699.16666666669,99235.58333333331,101527.75,97303.58333333331,98926.0,99188.79166666669,97366.79166666669,68525.41666666667,100610.66666666669,95572.58333333331,101648.45833333331,81423.04166666667,97251.5,101462.5,99942.5,96068.625,100672.04166666669,99820.25,101786.58333333331,97251.5,98235.5,98203.16666666669,101404.875,101841.625,101700.08333333331,101568.41666666669,98950.125,101520.08333333331,88447.08333333333,101489.875,101534.375,99065.75
93948.66666666669,101872.625,98949.16666666669,101453.04166666669,97023.20833333331,98653.125,98890.16666666669,97101.375,68150.375,100644.58333333331,95469.54166666669,101662.875,81352.45833333333,96987.875,101410.95833333331,99885.04166666669,95931.66666666669,100619.04166666669,99529.41666666669,102048.625,96987.875,97964.20833333331,97966.08333333331,101630.41666666669,102109.375,101767.41666666669,101550.625,98653.625,101515.95833333331,88223.70833333333,101475.75,101458.16666666669,98777.375
94512.95833333331,102021.0,99579.41666666669,101902.41666666669,97645.70833333331,99246.04166666669,99541.625,97667.29166666669,68728.83333333333,100967.70833333331,95889.66666666669,102011.08333333331,81775.33333333333,97547.875,101803.79166666669,100260.875,96393.66666666669,101001.375,100195.45833333331,102078.08333333331,97547.875,98560.25,98578.20833333331,101702.66666666669,102148.29166666669,102042.83333333331,101925.70833333331,99283.75,101871.83333333331,88846.70833333333,101845.33333333331,101906.625,99400.875
94734.08333333331,102646.375,99814.08333333331,102237.04166666669,97870.20833333331,99485.625,99776.58333333331,97906.375,68858.875,101431.04166666669,96208.41666666669,102479.375,81991.20833333333,97786.16666666669,102195.91666666669,100644.41666666669,96707.875,101391.54166666669,100438.45833333331,102808.79166666669,97786.16666666669,98794.04166666669,98839.41666666669,102393.20833333331,102879.25,102567.0,102339.125,99513.75,102306.75,89097.83333333333,102260.75,102241.33333333331,99634.45833333331
94435.58333333331,102353.58333333331,99450.25,101922.04166666669,97516.5,99085.58333333331,99411.25,97503.875,68725.91666666667,101182.95833333331,95873.66666666669,102204.375,82036.16666666667,97378.58333333331,101833.125,100285.58333333331,96381.0,101018.79166666669,100082.79166666669,102588.58333333331,97378.58333333331,98392.29166666669,98497.91666666669,102135.875,102658.54166666669,102265.54166666669,102009.0,99105.54166666669,102026.20833333331,89090.58333333333,101945.04166666669,101926.20833333331,99245.45833333331
94015.75,101953.25,99025.16666666669,101556.83333333331,97094.45833333331,98728.33333333331,98984.125,97165.41666666669,68183.33333333333,100781.58333333331,95549.875,101804.83333333331,81599.45833333333,97047.33333333331,101486.70833333331,99960.75,96030.20833333331,100688.20833333331,99635.45833333331,102149.375,97047.33333333331,98038.33333333331,98064.66666666669,101716.125,102230.58333333331,101860.625,101631.20833333331,98737.33333333331,101623.29166666669,88554.83333333333,101560.54166666669,101561.83333333331,98863.54166666669
93681.0,101441.70833333331,98689.20833333331,101110.375,96767.91666666669,98367.375,98647.25,96806.91666666669,68247.54166666667,100319.5,95142.66666666669,101336.70833333331,81403.75,96688.29166666669,101064.0,99549.04166666669,95629.33333333331,100275.125,99297.91666666669,101652.0,96688.29166666669,97694.08333333331,97697.95833333331,101208.66666666669,101732.125,101368.33333333331,101163.0,98383.45833333331,101136.54166666669,88346.875,101089.0,101116.375,98511.125
94381.45833333331,102575.79166666669,99578.16666666669,102228.29166666669,97586.25,99277.875,99516.66666666669,97681.58333333331,67945.875,101271.70833333331,96171.0,102327.58333333331,81584.33333333333,97560.5,102314.75,100768.04166666669,96628.5,101537.58333333331,100138.70833333331,102751.75,97560.5,98581.95833333331,98542.875,102342.95833333331,102806.125,102395.70833333331,102363.875,99285.08333333331,102228.5,88586.125,102256.08333333331,102239.79166666669,99406.875
94713.08333333331,102612.625,99914.04166666669,102424.66666666669,97923.91666666669,99578.125,99860.0,97956.83333333331,68333.45833333333,101488.79166666669,96191.83333333331,102550.375,81637.54166666667,97828.29166666669,102324.95833333331,100724.75,96695.54166666669,101487.16666666669,100532.04166666669,102726.54166666669,97828.29166666669,98883.125,98875.0,102318.08333333331,102811.45833333331,102547.625,102457.20833333331,99597.91666666669,102408.29166666669,88598.45833333333,102376.375,102429.83333333331,99726.95833333331
94392.91666666669,102526.79166666669,99481.41666666669,102164.04166666669,97510.54166666669,99114.16666666669,99425.79166666669,97518.33333333331,68185.95833333333,101328.45833333331,95988.79166666669,102378.29166666669,81551.75,97392.16666666669,102100.125,100522.91666666669,96475.04166666669,101281.45833333331,100115.375,102742.45833333331,97392.16666666669,98410.25,98531.95833333331,102295.20833333331,102822.66666666669,102411.41666666669,102239.125,99119.45833333331,102216.04166666669,88536.5,102161.0,102169.54166666669,99264.125
94958.16666666669,102414.375,100275.29166666669,102510.04166666669,98251.08333333331,99964.41666666669,100225.0,98330.58333333331,68361.33333333333,101469.08333333331,96283.54166666669,102553.75,81618.125,98200.0,102372.125,100761.25,96831.29166666669,101519.04166666669,100854.54166666669,102334.16666666669,98200.0,99249.25,99136.75,101986.20833333331,102446.70833333331,102526.45833333331,102489.08333333331,99984.875,102437.375,88635.20833333333,102413.33333333331,102514.45833333331,100112.54166666669
94514.625,101979.375,99732.66666666669,101906.91666666669,97732.875,99372.375,99676.25,97749.16666666669,68422.125,101044.125,95806.83333333331,102120.83333333331,81559.25,97616.58333333331,101724.08333333331,100143.16666666669,96364.25,100877.20833333331,100361.04166666669,101982.75,97616.58333333331,98667.70833333331,98678.79166666669,101602.58333333331,102098.33333333331,102066.29166666669,101894.91666666669,99400.54166666669,101906.125,88646.08333333333,101830.95833333331,101908.25,99537.83333333331
93965.91666666669,101840.25,99129.45833333331,101487.41666666669,97152.625,98787.45833333331,99075.33333333331,97175.16666666669,68063.125,100703.95833333331,95466.375,101743.25,81175.5,97049.33333333331,101430.29166666669,99868.45833333331,95969.66666666669,100612.20833333331,99756.5,101992.29166666669,97049.33333333331,98090.04166666669,98073.0,101562.29166666669,102080.20833333331,101773.0,101593.125,98807.625,101558.16666666669,88207.29166666667,101518.5,101490.875,98937.66666666669
94380.70833333331,102293.79166666669,99555.66666666669,102110.33333333331,97561.5,99232.375,99509.16666666669,97616.75,67900.54166666667,101156.04166666669,95892.0,102212.70833333331,81219.33333333333,97489.75,102017.70833333331,100429.83333333331,96399.45833333331,101186.08333333331,100173.41666666669,102400.5,97489.75,98522.79166666669,98541.29166666669,101987.20833333331,102480.875,102267.875,102135.79166666669,99256.16666666669,102075.625,88246.41666666667,102053.41666666669,102118.33333333331,99376.875
94549.33333333331,102772.04166666669,99694.875,102425.70833333331,97698.58333333331,99316.66666666669,99646.875,97694.5,67334.29166666667,101565.875,96110.45833333331,102638.70833333331,81328.91666666667,97570.25,102375.58333333331,100759.29166666669,96599.20833333331,101542.29166666669,100354.95833333331,102923.95833333331,97570.25,98605.95833333331,98727.83333333331,102496.70833333331,102999.41666666669,102714.875,102519.16666666669,99343.83333333331,102469.79166666669,88227.125,102428.41666666669,102432.08333333331,99476.375
94577.54166666669,102577.41666666669,99793.91666666669,102433.125,97778.75,99448.5,99747.70833333331,97830.375,67644.41666666667,101438.45833333331,96138.45833333331,102519.0,81182.16666666667,97704.625,102379.95833333331,100766.125,96643.625,101548.125,100446.875,102658.58333333331,97704.625,98729.75,98788.66666666669,102264.95833333331,102740.0,102569.58333333331,102475.79166666669,99470.0,102413.54166666669,88122.83333333333,102380.0,102441.625,99591.70833333331
95227.79166666669,103060.20833333331,100590.41666666669,102998.58333333331,98525.75,100239.125,100530.0,98586.0,68198.70833333333,102017.91666666669,96616.29166666669,103122.58333333331,81549.25,98453.33333333331,102860.125,101213.66666666669,97153.54166666669,101994.08333333331,101204.33333333331,103049.45833333331,98453.33333333331,99506.875,99478.33333333331,102668.58333333331,103149.29166666669,103147.04166666669,103006.125,100257.04166666669,102975.70833333331,88741.20833333333,102924.16666666669,103003.125,100383.45833333331
94712.66666666669,102830.25,99965.79166666669,102549.33333333331,97938.91666666669,99586.20833333331,99915.04166666669,97939.75,68083.83333333333,101699.625,96267.83333333331,102788.625,81405.41666666667,97802.79166666669,102468.08333333331,100846.83333333331,96781.16666666669,101618.41666666669,100641.29166666669,102904.45833333331,97802.79166666669,98870.375,98953.33333333331,102500.91666666669,102989.29166666669,102827.70833333331,102629.5,99609.0,102601.04166666669,88538.66666666667,102540.83333333331,102553.45833333331,99740.58333333331
94639.29166666669,102848.625,99820.75,102591.54166666669,97800.625,99461.0,99767.41666666669,97823.16666666669,67835.41666666667,101692.16666666669,96174.41666666669,102784.875,81292.54166666667,97693.08333333331,102506.875,100868.875,96673.58333333331,101653.375,100491.25,102924.79166666669,97693.08333333331,98740.75,98856.83333333331,102519.25,103011.58333333331,102841.58333333331,102672.16666666669,99477.625,102620.625,88352.08333333333,102577.5,102597.08333333331,99606.875
94684.08333333331,102918.20833333331,99900.25,102688.08333333331,97868.66666666669,99526.5,99840.41666666669,97882.375,67864.20833333333,101774.375,96276.95833333331,102850.58333333331,81423.75,97753.20833333331,102596.83333333331,100941.125,96775.04166666669,101735.33333333331,100547.95833333331,103074.04166666669,97753.20833333331,98805.20833333331,98885.83333333331,102635.79166666669,103153.91666666669,102890.83333333331,102737.29166666669,99542.45833333331,102712.41666666669,88407.70833333333,102656.20833333331,102695.25,99672.125
95056.91666666669,103034.75,100349.79166666669,102850.83333333331,98309.08333333331,100010.70833333331,100293.58333333331,98364.70833333331,68401.08333333333,101884.125,96558.58333333331,102963.29166666669,81721.54166666667,98234.41666666669,102772.29166666669,101143.625,97086.20833333331,101925.20833333331,100968.41666666669,103121.79166666669,98234.41666666669,99289.08333333331,99306.25,102714.29166666669,103200.125,103012.95833333331,102904.66666666669,100033.5,102848.83333333331,88741.58333333333,102815.75,102857.5,100152.54166666669
94920.625,103117.25,100138.375,102921.875,98111.5,99780.5,100072.25,98152.0,68324.625,102028.5,96436.625,103131.25,81745.0,98025.5,102764.625,101103.875,96959.5,101871.875,100816.125,103177.875,98025.5,99057.75,99163.125,102755.875,103286.75,103129.875,102952.125,99787.875,102953.25,88847.125,102882.375,102924.0,99913.375
