BM,BTG,BWQ,CLJ,CT,DMZ,FSB,GGS,GTQ,HK,HLS,HMS,JJQ,LJG,LK,NJG,PS,QJDQ,QXC,SJY,SMZ,SPY,SWB,SXC,WC,WHK,XH,XJX,YJ,YLJK,YSG,YYL,ZT
0.0153291666666666,0.0163333333333333,0.0148041666666666,0.0178333333333333,0.0142333333333333,0.0151,0.0152208333333333,0.0147166666666666,0.0100666666666666,0.0165833333333333,0.015575,0.0195375,0.0100708333333333,0.0148208333333333,0.0145625,0.0144916666666666,0.0165083333333333,0.0155458333333333,0.0163875,0.0153458333333333,0.0148208333333333,0.0140583333333333,0.016875,0.016075,0.0166083333333333,0.0175333333333333,0.0160916666666666,0.015125,0.0166916666666666,0.0145125,0.0154624999999999,0.0178083333333333,0.014975
0.01525,0.0136125,0.0167416666666666,0.0168666666666666,0.0159041666666666,0.0165041666666666,0.0164208333333333,0.0162166666666666,0.0095125,0.0146958333333333,0.0136625,0.0166541666666666,0.0105916666666666,0.0150541666666666,0.0170291666666666,0.0135958333333333,0.0142458333333333,0.0153625,0.0173625,0.0129208333333333,0.0150541666666666,0.0154125,0.0164,0.0127083333333333,0.0127541666666666,0.0165125,0.0177375,0.0162041666666666,0.0166833333333333,0.0142125,0.0165125,0.0169625,0.0163375
0.0156791666666666,0.0143458333333333,0.0180666666666666,0.01775,0.01675,0.0186333333333333,0.0181041666666666,0.0178583333333333,0.0100083333333333,0.0165458333333333,0.0134499999999999,0.0180958333333333,0.0107083333333333,0.0179375,0.0172083333333333,0.0135333333333333,0.0143583333333333,0.0167083333333333,0.0172583333333333,0.0136916666666666,0.0179375,0.016725,0.0162916666666666,0.013025,0.0129416666666666,0.0166208333333333,0.0168666666666666,0.0186041666666666,0.0163416666666666,0.0168333333333333,0.0158666666666666,0.0180125,0.0183333333333333
0.0190916666666666,0.0190916666666666,0.0195958333333333,0.0225916666666666,0.018525,0.0205666666666666,0.0195458333333333,0.0204875,0.0095791666666666,0.0195208333333333,0.0189208333333333,0.0224541666666666,0.01125,0.02045,0.021675,0.0193833333333333,0.0195625,0.0214625,0.0199708333333333,0.0181125,0.02045,0.0183041666666666,0.0201416666666666,0.0189416666666666,0.0194041666666666,0.0204624999999999,0.0214541666666666,0.0199291666666666,0.0204541666666666,0.0172375,0.0203374999999999,0.0226541666666666,0.0198583333333333
0.0191916666666666,0.0184666666666666,0.0198583333333333,0.0221083333333333,0.0179708333333333,0.0211416666666666,0.0192833333333333,0.0209083333333333,0.0094666666666666,0.0191416666666666,0.0154125,0.0211291666666666,0.013525,0.0209541666666666,0.0216666666666666,0.0169708333333333,0.0162041666666666,0.0206416666666666,0.02015,0.0174875,0.0209541666666666,0.0188208333333333,0.0180583333333333,0.0175083333333333,0.0175208333333333,0.02005,0.0217249999999999,0.0205291666666666,0.0198374999999999,0.0167416666666666,0.0189916666666666,0.0221083333333333,0.0201666666666666
0.0180958333333333,0.0187833333333333,0.0189499999999999,0.0214166666666666,0.0179583333333333,0.0185541666666666,0.0188333333333333,0.0190749999999999,0.0094708333333333,0.0201625,0.0174708333333333,0.0221083333333333,0.0110375,0.01835,0.0199708333333333,0.0178416666666666,0.0180791666666666,0.0192375,0.0197916666666666,0.0180375,0.01835,0.0179666666666666,0.0183291666666666,0.018675,0.0197208333333333,0.0200916666666666,0.0205458333333333,0.0189041666666666,0.0202833333333333,0.0172666666666666,0.0198833333333333,0.0213499999999999,0.0193625
0.018775,0.0216833333333333,0.0196875,0.0253625,0.0186916666666666,0.0200791666666666,0.0197041666666666,0.0189499999999999,0.0092791666666666,0.021775,0.0184375,0.023,0.0128458333333333,0.019575,0.0206416666666666,0.0186916666666666,0.0192791666666666,0.0198291666666666,0.020675,0.0203666666666666,0.019575,0.0176666666666666,0.0193166666666666,0.0217083333333333,0.0223916666666666,0.0220125,0.0219375,0.0197666666666666,0.0218583333333333,0.0173041666666666,0.0208,0.0251583333333333,0.0197
0.0186625,0.0193375,0.0209583333333333,0.0212458333333333,0.0196708333333333,0.0217374999999999,0.0211125,0.0214208333333333,0.0103541666666666,0.02145,0.0188958333333333,0.0226583333333333,0.011975,0.0212666666666666,0.0223291666666666,0.0195166666666666,0.0200583333333333,0.0221083333333333,0.0209916666666666,0.0184958333333333,0.0212666666666666,0.0189125,0.0195874999999999,0.019425,0.0196125,0.0211666666666666,0.0226833333333333,0.02165,0.0216375,0.0168333333333333,0.0188416666666666,0.0218624999999999,0.0214
0.0189291666666666,0.0198833333333333,0.02095,0.0187958333333333,0.0197458333333333,0.0213583333333333,0.0205958333333333,0.0216458333333333,0.0084125,0.0198416666666666,0.0193,0.0211083333333333,0.0104333333333333,0.0215958333333333,0.0224291666666666,0.0216708333333333,0.020225,0.0209374999999999,0.0207291666666666,0.0196875,0.0215958333333333,0.0190625,0.0198291666666666,0.0199041666666666,0.0206958333333333,0.0198708333333333,0.0200375,0.0212,0.021125,0.0162916666666666,0.0193625,0.0190124999999999,0.020925
0.0181416666666666,0.019825,0.0201458333333333,0.0195291666666666,0.019375,0.0213125,0.0198791666666666,0.0218166666666666,0.0100458333333333,0.0213208333333333,0.0189875,0.0225333333333333,0.0108333333333333,0.0218083333333333,0.0220458333333333,0.0201125,0.0200458333333333,0.0203916666666666,0.0196625,0.02,0.0218083333333333,0.0192583333333333,0.0206666666666666,0.0212041666666666,0.0206666666666666,0.0209916666666666,0.0209291666666666,0.0212708333333333,0.0213166666666666,0.0168041666666666,0.0194041666666666,0.0198208333333333,0.0204208333333333
0.0183166666666666,0.0187666666666666,0.0202458333333333,0.0213,0.0191708333333333,0.0206375,0.0194333333333333,0.0206916666666666,0.0087708333333333,0.019,0.0188083333333333,0.0202458333333333,0.0111416666666666,0.0206458333333333,0.0215958333333333,0.0193708333333333,0.019225,0.0201083333333333,0.0202083333333333,0.0191916666666666,0.0206458333333333,0.01885,0.0190791666666666,0.019725,0.0193708333333333,0.0193375,0.0212625,0.0199916666666666,0.019325,0.016225,0.0198166666666666,0.0215333333333333,0.0199583333333333
0.0184083333333333,0.0186999999999999,0.019975,0.0214666666666666,0.0187666666666666,0.0202041666666666,0.0194416666666666,0.0198666666666666,0.0087499999999999,0.0188458333333333,0.0188666666666666,0.0199208333333333,0.0103458333333333,0.0209666666666666,0.022425,0.0202625,0.0197166666666666,0.0223166666666666,0.0209458333333333,0.0189499999999999,0.0209666666666666,0.0179791666666666,0.0190333333333333,0.0193708333333333,0.01945,0.0194583333333333,0.0206958333333333,0.0200249999999999,0.0194958333333333,0.0156166666666666,0.0185791666666666,0.0219291666666666,0.0193291666666666
0.016575,0.0187875,0.0199458333333333,0.0212291666666666,0.0183333333333333,0.0204833333333333,0.0190958333333333,0.0208666666666666,0.0084166666666666,0.0170833333333333,0.0174333333333333,0.0203374999999999,0.011025,0.0207,0.0208125,0.0185041666666666,0.0172458333333333,0.0199208333333333,0.0187166666666666,0.019175,0.0207,0.0179124999999999,0.0179333333333333,0.0192833333333333,0.020225,0.0196791666666666,0.0191041666666666,0.0198791666666666,0.0189125,0.0167833333333333,0.01845,0.0214916666666666,0.0192416666666666
0.0172875,0.0200208333333333,0.0192291666666666,0.0218,0.0182458333333333,0.0187666666666666,0.0193458333333333,0.0187958333333333,0.0081125,0.0171541666666666,0.0177833333333333,0.0217541666666666,0.0129083333333333,0.0193541666666666,0.0199125,0.0195,0.0188875,0.0197416666666666,0.0196375,0.0202416666666666,0.0193541666666666,0.0183958333333333,0.0183375,0.0210375,0.0218708333333333,0.0202375,0.0192125,0.0196375,0.0198458333333333,0.016525,0.0189916666666666,0.0219749999999999,0.0190833333333333
0.0158083333333333,0.0196,0.0186375,0.0219958333333333,0.0170833333333333,0.0187083333333333,0.0176583333333333,0.0183666666666666,0.0077083333333333,0.0191208333333333,0.0172166666666666,0.0208499999999999,0.0141791666666666,0.0180291666666666,0.0216708333333333,0.0189166666666666,0.0182125,0.0194166666666666,0.0196208333333333,0.01915,0.0180291666666666,0.0177625,0.0181541666666666,0.0193041666666666,0.0202666666666666,0.0200708333333333,0.0205208333333333,0.0188,0.0194166666666666,0.0174833333333333,0.0190749999999999,0.0224541666666666,0.0184791666666666
0.0163958333333333,0.0205874999999999,0.0184583333333333,0.022625,0.0169083333333333,0.0164416666666666,0.0175791666666666,0.0163541666666666,0.0074041666666666,0.0196958333333333,0.0174708333333333,0.021175,0.0117749999999999,0.0159125,0.0235125,0.0205791666666666,0.0187791666666666,0.0210166666666666,0.0194541666666666,0.0205416666666666,0.0159125,0.01645,0.0196958333333333,0.021025,0.0217708333333333,0.0211791666666666,0.0212125,0.0181583333333333,0.0205708333333333,0.014975,0.0210833333333333,0.0230833333333333,0.0174833333333333
0.017875,0.019925,0.01925,0.0226124999999999,0.0182874999999999,0.0185083333333333,0.0191,0.0186416666666666,0.0074208333333333,0.0190833333333333,0.0171458333333333,0.023025,0.0125166666666666,0.0190499999999999,0.0208291666666666,0.0184083333333333,0.0183458333333333,0.0192958333333333,0.0195708333333333,0.0202833333333333,0.0190499999999999,0.0183625,0.0192,0.0203916666666666,0.0207666666666666,0.022125,0.020775,0.0200458333333333,0.0210708333333333,0.0155041666666666,0.0190333333333333,0.0227791666666666,0.0188708333333333
0.0188249999999999,0.0182625,0.0214083333333333,0.0230916666666666,0.0203833333333333,0.0207541666666666,0.0213458333333333,0.0202041666666666,0.0097375,0.0193791666666666,0.019225,0.0204,0.0124708333333333,0.0199541666666666,0.0214583333333333,0.0196791666666666,0.0199833333333333,0.0213791666666666,0.021075,0.0189458333333333,0.0199541666666666,0.0197541666666666,0.0198208333333333,0.0191,0.0184458333333333,0.0199583333333333,0.0202333333333333,0.021175,0.0196583333333333,0.0174083333333333,0.0185916666666666,0.0231583333333333,0.020875
0.0193666666666666,0.0202708333333333,0.020725,0.0229083333333333,0.0198166666666666,0.0204583333333333,0.0210583333333333,0.0187208333333333,0.0106708333333333,0.0209458333333333,0.0186458333333333,0.0223375,0.0151083333333333,0.0193833333333333,0.0212333333333333,0.0190291666666666,0.0194083333333333,0.0208666666666666,0.0213833333333333,0.0196125,0.0193833333333333,0.0185625,0.0192541666666666,0.0206833333333333,0.0212958333333333,0.0212208333333333,0.021325,0.0208416666666666,0.0209749999999999,0.0180541666666666,0.0205583333333333,0.0229,0.020325
0.0167375,0.0174458333333333,0.0179083333333333,0.0184958333333333,0.0170583333333333,0.0190333333333333,0.0183416666666666,0.018675,0.0104291666666666,0.0170624999999999,0.0153666666666666,0.0188458333333333,0.0146541666666666,0.019,0.0178041666666666,0.0160833333333333,0.0161208333333333,0.0173541666666666,0.0186125,0.0171416666666666,0.019,0.0174041666666666,0.0166041666666666,0.0176625,0.0185416666666666,0.0178583333333333,0.0181166666666666,0.0192291666666666,0.017725,0.01735,0.0170708333333333,0.0183666666666666,0.0187708333333333
0.0180875,0.0178833333333333,0.0198458333333333,0.0228458333333333,0.0182958333333333,0.0205458333333333,0.019975,0.0211666666666666,0.0106541666666666,0.0189333333333333,0.0187875,0.020575,0.014275,0.0210333333333333,0.0212791666666666,0.0190458333333333,0.0192916666666666,0.0208291666666666,0.0192625,0.0179625,0.0210333333333333,0.0190166666666666,0.0190541666666666,0.01865,0.0188041666666666,0.0191166666666666,0.0206375,0.0212,0.0200874999999999,0.0178208333333333,0.0188874999999999,0.0229125,0.0206041666666666
0.0184666666666666,0.0187833333333333,0.0220125,0.0226875,0.0202166666666666,0.0221458333333333,0.0210916666666666,0.0229541666666666,0.010775,0.0203041666666666,0.0196416666666666,0.0218333333333333,0.013425,0.0230125,0.0226999999999999,0.0207208333333333,0.0202833333333333,0.0220833333333333,0.0198583333333333,0.0186583333333333,0.0230125,0.019925,0.0205874999999999,0.0194166666666666,0.019975,0.02075,0.0217166666666666,0.0224458333333333,0.0203625,0.0176958333333333,0.0195583333333333,0.0230166666666666,0.021525
0.0172291666666666,0.0199083333333333,0.0185916666666666,0.02115,0.0176166666666666,0.019925,0.01855,0.0197333333333333,0.0093916666666666,0.020025,0.0181166666666666,0.0221041666666666,0.0139333333333333,0.019475,0.020325,0.018425,0.0191708333333333,0.0201583333333333,0.01885,0.0193416666666666,0.019475,0.0166541666666666,0.0186125,0.0199208333333333,0.0210375,0.0211708333333333,0.021,0.0189583333333333,0.0202916666666666,0.017325,0.019325,0.0214,0.0182875
0.0139625,0.0172791666666666,0.0154291666666666,0.017925,0.0144041666666666,0.0160833333333333,0.0154958333333333,0.0160375,0.008525,0.0174791666666666,0.0139458333333333,0.0189541666666666,0.0144458333333333,0.0158541666666666,0.0159208333333333,0.0143958333333333,0.0145166666666666,0.0151791666666666,0.0155083333333333,0.016625,0.0158541666666666,0.0151125,0.0151416666666666,0.0169291666666666,0.0186041666666666,0.0181083333333333,0.017325,0.0163625,0.0171958333333333,0.0167583333333333,0.0160291666666666,0.0178791666666666,0.0158833333333333
0.0157708333333333,0.0199916666666666,0.0167416666666666,0.0204416666666666,0.0159041666666666,0.0168124999999999,0.0170333333333333,0.0165208333333333,0.0090666666666666,0.0205208333333333,0.0169666666666666,0.0215791666666666,0.0131166666666666,0.0165083333333333,0.0201458333333333,0.0186,0.0177041666666666,0.0194583333333333,0.0168124999999999,0.0195333333333333,0.0165083333333333,0.0157833333333333,0.01725,0.0199291666666666,0.0214833333333333,0.0202416666666666,0.0200791666666666,0.017225,0.019925,0.0168,0.01875,0.0206916666666666,0.0166541666666666
0.0178208333333333,0.0205125,0.0201,0.0214083333333333,0.0187875,0.0190166666666666,0.0201125,0.0195375,0.0093583333333333,0.0202333333333333,0.0191916666666666,0.021025,0.0132166666666666,0.0191125,0.0196708333333333,0.0181166666666666,0.0198916666666666,0.0199,0.0202416666666666,0.0199958333333333,0.0191125,0.0185083333333333,0.0196291666666666,0.0207166666666666,0.0211916666666666,0.0207791666666666,0.0202583333333333,0.0201708333333333,0.0202416666666666,0.0168208333333333,0.0188375,0.0216375,0.0196833333333333
0.0170208333333333,0.0193541666666666,0.01865,0.0215416666666666,0.0173124999999999,0.0194375,0.0182333333333333,0.0192458333333333,0.009475,0.0208833333333333,0.0185541666666666,0.0220083333333333,0.0145291666666666,0.0190875,0.0197666666666666,0.018425,0.0193291666666666,0.01885,0.0183625,0.0185708333333333,0.0190875,0.0174916666666666,0.0201458333333333,0.0190416666666666,0.0199208333333333,0.0204833333333333,0.0198416666666666,0.0194333333333333,0.0201041666666666,0.0175083333333333,0.0189666666666666,0.0219291666666666,0.0187833333333333
0.0147333333333333,0.0157333333333333,0.0162541666666666,0.016775,0.0152416666666666,0.0162,0.0158833333333333,0.0168,0.007375,0.0153333333333333,0.01525,0.0175916666666666,0.0128958333333333,0.0162666666666666,0.0158583333333333,0.0156833333333333,0.0156916666666666,0.0165291666666666,0.01635,0.01565,0.0162666666666666,0.015275,0.0158583333333333,0.0159041666666666,0.0163791666666666,0.0162708333333333,0.0160625,0.0159249999999999,0.0159708333333333,0.01385,0.0138874999999999,0.0170666666666666,0.0160583333333333
0.0147625,0.0180125,0.0166166666666666,0.0183625,0.0149624999999999,0.0167625,0.0158208333333333,0.0166166666666666,0.0069583333333333,0.0168166666666666,0.0126583333333333,0.017825,0.01245,0.0167416666666666,0.0173124999999999,0.0133083333333333,0.0136625,0.0161291666666666,0.016625,0.0181958333333333,0.0167416666666666,0.0153125,0.0165916666666666,0.018,0.0195583333333333,0.0179541666666666,0.0168083333333333,0.0172166666666666,0.0163,0.0154583333333333,0.0161791666666666,0.018875,0.0163541666666666
0.0148958333333333,0.0159708333333333,0.017225,0.0176999999999999,0.0161666666666666,0.019575,0.0175583333333333,0.0196666666666666,0.0083874999999999,0.0153999999999999,0.0109,0.01775,0.0129916666666666,0.0194208333333333,0.014725,0.0130291666666666,0.0116666666666666,0.0138,0.0165708333333333,0.0163416666666666,0.0194208333333333,0.0182541666666666,0.0153333333333333,0.0165958333333333,0.0177333333333333,0.0169166666666666,0.0148374999999999,0.0196791666666666,0.0157208333333333,0.01635,0.0152333333333333,0.0179791666666666,0.0189583333333333
0.0159833333333333,0.0140291666666666,0.0175958333333333,0.0160791666666666,0.0162875,0.0173291666666666,0.0171708333333333,0.0170708333333333,0.0081125,0.014225,0.0140208333333333,0.0146416666666666,0.012575,0.0170416666666666,0.01505,0.0142125,0.0151291666666666,0.0153791666666666,0.0168375,0.0147458333333333,0.0170416666666666,0.0157916666666666,0.0175208333333333,0.0149166666666666,0.0151833333333333,0.0140916666666666,0.0143583333333333,0.0179125,0.0147333333333333,0.0163625,0.0140875,0.0165125,0.0171833333333333
0.0139458333333333,0.0154916666666666,0.0154958333333333,0.0162333333333333,0.014525,0.0154666666666666,0.0151166666666666,0.0155708333333333,0.0052625,0.0161541666666666,0.0151916666666666,0.0168666666666666,0.0120125,0.0154791666666666,0.0171416666666666,0.0162166666666666,0.0156041666666666,0.0168124999999999,0.0156791666666666,0.0153249999999999,0.0154791666666666,0.0144958333333333,0.0161083333333333,0.0151958333333333,0.0163083333333333,0.0158875,0.0154125,0.0154875,0.0154125,0.0147833333333333,0.0152375,0.0163583333333333,0.0153291666666666
0.0141083333333333,0.0135875,0.0165375,0.0151333333333333,0.0152666666666666,0.01805,0.016075,0.0184541666666666,0.0068333333333333,0.015575,0.0140833333333333,0.0155874999999999,0.0121625,0.0184375,0.0167583333333333,0.0146833333333333,0.0147166666666666,0.0144791666666666,0.0153374999999999,0.0146083333333333,0.0184375,0.0170624999999999,0.0160958333333333,0.0138958333333333,0.0147124999999999,0.0139083333333333,0.0161041666666666,0.0183541666666666,0.0153374999999999,0.0143833333333333,0.0159041666666666,0.0155125,0.0177333333333333
0.0144291666666666,0.015025,0.0160375,0.0177208333333333,0.014725,0.0190833333333333,0.0160833333333333,0.01975,0.0079125,0.0185749999999999,0.01705,0.01925,0.0122708333333333,0.0198458333333333,0.0180333333333333,0.0171208333333333,0.018,0.0166291666666666,0.0162166666666666,0.0143416666666666,0.0198458333333333,0.0174374999999999,0.0174958333333333,0.0135333333333333,0.0147166666666666,0.0176083333333333,0.0180791666666666,0.0187291666666666,0.0189208333333333,0.0146666666666666,0.0182791666666666,0.0179083333333333,0.0181083333333333
0.0144833333333333,0.0170083333333333,0.0157958333333333,0.0178083333333333,0.0146833333333333,0.0157541666666666,0.0157833333333333,0.0159791666666666,0.0056875,0.0168833333333333,0.0149083333333333,0.0179208333333333,0.0106124999999999,0.0160708333333333,0.0155291666666666,0.0151041666666666,0.0157875,0.0151041666666666,0.0159333333333333,0.0165416666666666,0.0160708333333333,0.0146041666666666,0.016725,0.0166416666666666,0.0173583333333333,0.0170791666666666,0.0152041666666666,0.0158458333333333,0.0168124999999999,0.0137458333333333,0.0156416666666666,0.0177416666666666,0.0154624999999999
0.01375,0.0149791666666666,0.0161416666666666,0.0164541666666666,0.0151875,0.0173958333333333,0.0161708333333333,0.0176625,0.0052166666666666,0.0153625,0.0140291666666666,0.0153,0.0113124999999999,0.0178875,0.0166208333333333,0.0154083333333333,0.01485,0.0155375,0.0157416666666666,0.0145458333333333,0.0178875,0.0164,0.0157333333333333,0.0146166666666666,0.0150416666666666,0.0150833333333333,0.0155916666666666,0.0176666666666666,0.0147208333333333,0.0140541666666666,0.0155375,0.0166041666666666,0.0171916666666666
0.0134541666666666,0.0155833333333333,0.0143749999999999,0.0163666666666666,0.0140708333333333,0.0164,0.0151708333333333,0.0175875,0.0071458333333333,0.0161625,0.015025,0.0166416666666666,0.0114,0.0181833333333333,0.015025,0.0149041666666666,0.015825,0.0143833333333333,0.0152833333333333,0.0151083333333333,0.0181833333333333,0.014775,0.0156333333333333,0.0164958333333333,0.0155333333333333,0.0157666666666666,0.0152749999999999,0.0154291666666666,0.0158875,0.0145541666666666,0.0154833333333333,0.0164833333333333,0.0147041666666666
0.0134958333333333,0.0141999999999999,0.0133833333333333,0.0108333333333333,0.0128291666666666,0.0137291666666666,0.0136833333333333,0.013225,0.0067249999999999,0.0123916666666666,0.0107083333333333,0.0139916666666666,0.0120541666666666,0.0137791666666666,0.0095166666666666,0.0102583333333333,0.0119541666666666,0.0095416666666666,0.0138874999999999,0.0169333333333333,0.0137791666666666,0.0121916666666666,0.0148291666666666,0.0160583333333333,0.0181625,0.0126791666666666,0.0100791666666666,0.0139333333333333,0.0110125,0.0155375,0.0102041666666666,0.0108333333333333,0.0132833333333333
0.0126416666666666,0.013175,0.0122416666666666,0.0102416666666666,0.011925,0.0121416666666666,0.0126791666666666,0.0117416666666666,0.0060416666666666,0.0113708333333333,0.0090166666666666,0.0131583333333333,0.0105541666666666,0.0119833333333333,0.00855,0.009175,0.0105,0.0093625,0.01325,0.0133625,0.0119833333333333,0.0113958333333333,0.0120375,0.0136916666666666,0.0146916666666666,0.0121583333333333,0.0094666666666666,0.0126041666666666,0.0109458333333333,0.014875,0.0098458333333333,0.0101625,0.0121083333333333
0.0122416666666666,0.0130875,0.0128875,0.0096,0.012475,0.0127541666666666,0.013125,0.0121124999999999,0.0055333333333333,0.0105375,0.0086541666666666,0.0125375,0.01145,0.0126291666666666,0.0080708333333333,0.0096416666666666,0.0096583333333333,0.0090041666666666,0.013975,0.0140625,0.0126291666666666,0.0124583333333333,0.0125833333333333,0.0135666666666666,0.0156125,0.0119125,0.0091708333333333,0.0128583333333333,0.010825,0.0142125,0.009875,0.0094791666666666,0.0130333333333333
0.0092541666666666,0.0086541666666666,0.0101125,0.0092791666666666,0.0096458333333333,0.0100458333333333,0.0098958333333333,0.0098875,0.0054375,0.0083,0.007325,0.0092333333333333,0.0112166666666666,0.0104791666666666,0.0077958333333333,0.0077708333333333,0.0076333333333333,0.0079333333333333,0.0106,0.0084958333333333,0.0104791666666666,0.0094333333333333,0.0091333333333333,0.0085791666666666,0.0091541666666666,0.008675,0.0083583333333333,0.0102166666666666,0.0085333333333333,0.013175,0.0089791666666666,0.0092708333333333,0.0099916666666666
0.0087166666666666,0.0075791666666666,0.010375,0.0086875,0.0095708333333333,0.0102166666666666,0.0102458333333333,0.0107583333333333,0.0058875,0.0073708333333333,0.0078416666666666,0.0086083333333333,0.00985,0.0106625,0.00815,0.0075583333333333,0.0082666666666666,0.008125,0.0100333333333333,0.0071666666666666,0.0106625,0.0101916666666666,0.0089791666666666,0.00735,0.0074208333333333,0.0078666666666666,0.008025,0.0107,0.0081125,0.0133041666666666,0.0080916666666666,0.008675,0.0104416666666666
0.0080083333333333,0.0068458333333333,0.0092166666666666,0.0078666666666666,0.0084166666666666,0.0093,0.0088375,0.0103458333333333,0.0056625,0.0067,0.0065,0.007825,0.00955,0.010375,0.0079375,0.0075,0.00695,0.0074958333333333,0.0095374999999999,0.0068458333333333,0.010375,0.0091083333333333,0.0087041666666666,0.0067916666666666,0.0066833333333333,0.0068083333333333,0.0073666666666666,0.0087,0.0075166666666666,0.0106791666666666,0.0072875,0.0078958333333333,0.009075
0.0083458333333333,0.00845,0.0102041666666666,0.0085291666666666,0.0091083333333333,0.0098083333333333,0.01015,0.0108541666666666,0.0048,0.0082916666666666,0.0079208333333333,0.0088333333333333,0.0079541666666666,0.0106541666666666,0.0085041666666666,0.0077958333333333,0.008325,0.0078791666666666,0.0099,0.0080458333333333,0.0106541666666666,0.0103541666666666,0.0098333333333333,0.0083708333333333,0.0082833333333333,0.00815,0.0078958333333333,0.010125,0.0079333333333333,0.0117583333333333,0.0080791666666666,0.0086375,0.0102291666666666
0.0094458333333333,0.0085875,0.0107999999999999,0.0102208333333333,0.0100625,0.0107083333333333,0.0107166666666666,0.0109375,0.0040416666666666,0.0083208333333333,0.0090374999999999,0.0089666666666666,0.0075708333333333,0.0110125,0.0096208333333333,0.008725,0.00955,0.0097708333333333,0.0107583333333333,0.0080333333333333,0.0110125,0.0107999999999999,0.0101666666666666,0.0080041666666666,0.0080375,0.0083625,0.0094875,0.0104249999999999,0.0094291666666666,0.0111875,0.0094708333333333,0.0102958333333333,0.0104416666666666
0.0094083333333333,0.0085375,0.0109083333333333,0.0108208333333333,0.0101708333333333,0.0109458333333333,0.0108875,0.0112458333333333,0.0043791666666666,0.0083333333333333,0.0091083333333333,0.008625,0.0068125,0.0112,0.0093625,0.0093791666666666,0.0094541666666666,0.0097958333333333,0.0109958333333333,0.0083625,0.0112,0.0107125,0.0102291666666666,0.008425,0.0087333333333333,0.0079916666666666,0.0094875,0.0106625,0.0092708333333333,0.0104125,0.0097958333333333,0.0108833333333333,0.0105875
0.0098541666666666,0.0099666666666666,0.0111333333333333,0.010725,0.0103583333333333,0.0115,0.0111791666666666,0.0110458333333333,0.0033583333333333,0.0101708333333333,0.0096208333333333,0.0108583333333333,0.0058666666666666,0.0110083333333333,0.0101541666666666,0.0094166666666666,0.009925,0.0103916666666666,0.011325,0.0086375,0.0110083333333333,0.0114041666666666,0.0105458333333333,0.0091958333333333,0.00925,0.0100166666666666,0.0101583333333333,0.0110458333333333,0.0100125,0.009025,0.0104625,0.0109583333333333,0.0110625
0.0090583333333333,0.0100375,0.00865,0.0095291666666666,0.0082041666666666,0.0082791666666666,0.0086875,0.0096583333333333,0.0024083333333333,0.0097833333333333,0.0088083333333333,0.0110125,0.00475,0.0094041666666666,0.0091875,0.0083291666666666,0.0089583333333333,0.0093499999999999,0.0099375,0.0094375,0.0094041666666666,0.0090833333333333,0.0094666666666666,0.0100208333333333,0.0105041666666666,0.01015,0.0094749999999999,0.0091916666666666,0.0097041666666666,0.0075,0.0095708333333333,0.0096708333333333,0.0087416666666666
0.0052708333333333,0.0040416666666666,0.0059375,0.0052333333333333,0.0052791666666666,0.0058208333333333,0.0055916666666666,0.0058708333333333,0.0016208333333333,0.0041416666666666,0.005125,0.0042083333333333,0.0050041666666666,0.0052583333333333,0.0055666666666666,0.0056041666666666,0.0048333333333333,0.0057208333333333,0.0062791666666666,0.003275,0.0052583333333333,0.0056708333333333,0.0058375,0.0035875,0.0034333333333333,0.0042083333333333,0.0050791666666666,0.0056625,0.0046875,0.007775,0.00515,0.0053833333333333,0.0056083333333333
0.00645,0.0050791666666666,0.0069083333333333,0.00605,0.00665,0.0072083333333333,0.0069833333333333,0.0075125,0.0014916666666666,0.0054375,0.0058041666666666,0.0054041666666666,0.0051583333333333,0.0073083333333333,0.0059166666666666,0.0058124999999999,0.0060708333333333,0.0054583333333333,0.0072583333333333,0.0044125,0.0073083333333333,0.0070666666666666,0.0068333333333333,0.0047125,0.0044166666666666,0.0047916666666666,0.0056458333333333,0.0068458333333333,0.0056708333333333,0.0069208333333333,0.005875,0.0061625,0.0069541666666666
0.0069958333333333,0.0058958333333333,0.0073666666666666,0.0074375,0.0068833333333333,0.0068625,0.0074375,0.0072875,0.0019958333333333,0.0065875,0.0066416666666666,0.0062833333333333,0.0057666666666666,0.0071375,0.0067958333333333,0.0067708333333333,0.0071375,0.0071916666666666,0.0077999999999999,0.0057958333333333,0.0071375,0.007225,0.0079708333333333,0.0056041666666666,0.0058666666666666,0.0056,0.0065666666666666,0.0072416666666666,0.0060041666666666,0.0091375,0.0066083333333333,0.0076541666666666,0.0070708333333333
0.0074,0.0081666666666666,0.00765,0.0081041666666666,0.0072708333333333,0.007625,0.0079208333333333,0.0079624999999999,0.0015916666666666,0.0079041666666666,0.0066541666666666,0.0080708333333333,0.0050458333333333,0.0078458333333333,0.0078875,0.0073666666666666,0.0071916666666666,0.0076125,0.0081541666666666,0.0078083333333333,0.0078458333333333,0.0077083333333333,0.007975,0.0077791666666666,0.0082375,0.0078541666666666,0.0074166666666666,0.0076208333333333,0.0075041666666666,0.0078958333333333,0.00755,0.0082624999999999,0.0076375
0.0077166666666666,0.0064666666666666,0.00775,0.0058083333333333,0.0073958333333333,0.0075958333333333,0.0078291666666666,0.0078333333333333,0.0021208333333333,0.0065374999999999,0.0067249999999999,0.0072624999999999,0.0053999999999999,0.0074583333333333,0.0051708333333333,0.0056125,0.0071458333333333,0.0057958333333333,0.0084041666666666,0.0056083333333333,0.0074583333333333,0.007525,0.0078583333333333,0.0059999999999999,0.0061625,0.0064666666666666,0.0047791666666666,0.0075666666666666,0.0053166666666666,0.0069083333333333,0.0051916666666666,0.0058291666666666,0.0076333333333333
0.0058958333333333,0.0041833333333333,0.0065666666666666,0.0047583333333333,0.0062583333333333,0.0070208333333333,0.0066208333333333,0.0072,0.0015666666666666,0.0049166666666666,0.0052958333333333,0.0046916666666666,0.0052958333333333,0.0069666666666666,0.0053083333333333,0.0053416666666666,0.0054874999999999,0.0051125,0.006875,0.0037541666666666,0.0069666666666666,0.0068791666666666,0.0063916666666666,0.0038833333333333,0.0038958333333333,0.0043125,0.00465,0.0067041666666666,0.0041541666666666,0.0074458333333333,0.0045583333333333,0.0049625,0.0066375
0.0068,0.0063791666666666,0.0079916666666666,0.0064791666666666,0.007475,0.0083041666666666,0.0080833333333333,0.0084333333333333,0.0026583333333333,0.0061541666666666,0.0049291666666666,0.0062041666666666,0.0044666666666666,0.008325,0.0057166666666666,0.0050416666666666,0.0053958333333333,0.0051791666666666,0.0082791666666666,0.0058875,0.008325,0.0083333333333333,0.0072541666666666,0.00585,0.006325,0.0059125,0.0054916666666666,0.0080375,0.0052208333333333,0.0076041666666666,0.0055291666666666,0.0066208333333333,0.0081791666666666
0.0057833333333333,0.0043375,0.0065625,0.0043625,0.0062499999999999,0.0068,0.0066958333333333,0.0071958333333333,0.0015166666666666,0.0042208333333333,0.0048958333333333,0.0043749999999999,0.00565,0.0066916666666666,0.00405,0.0044041666666666,0.0052625,0.0045041666666666,0.0068583333333333,0.0042375,0.0066916666666666,0.0067,0.0065,0.0039416666666666,0.0045958333333333,0.0039916666666666,0.0038875,0.0067458333333333,0.0040416666666666,0.0069541666666666,0.0041041666666666,0.0043041666666666,0.0067541666666666
0.0057416666666666,0.0036583333333333,0.0069124999999999,0.0049708333333333,0.0064958333333333,0.0075583333333333,0.006925,0.0078083333333333,0.002175,0.0042333333333333,0.0051291666666666,0.0041708333333333,0.0062958333333333,0.0072291666666666,0.0047791666666666,0.0047166666666666,0.0055499999999999,0.0048083333333333,0.0069833333333333,0.00345,0.0072291666666666,0.0075583333333333,0.0069291666666666,0.0033041666666666,0.0034125,0.0036541666666666,0.0041875,0.0073333333333333,0.0038625,0.0083625,0.0042208333333333,0.005075,0.007475
0.0060916666666666,0.0049875,0.0069666666666666,0.0053708333333333,0.0065125,0.0078208333333333,0.007175,0.0084208333333333,0.0022625,0.0050375,0.0045125,0.0049208333333333,0.0066916666666666,0.0079125,0.0045791666666666,0.0049583333333333,0.0046458333333333,0.0048625,0.006675,0.0049166666666666,0.0079125,0.0079583333333333,0.0071916666666666,0.0046458333333333,0.0053125,0.0042666666666666,0.0042625,0.0077999999999999,0.0044125,0.0087291666666666,0.0042458333333333,0.0053291666666666,0.0079583333333333
0.0064166666666666,0.006025,0.007275,0.00635,0.0066125,0.007475,0.0076833333333333,0.0078666666666666,0.0018291666666666,0.0059666666666666,0.0052416666666666,0.0060708333333333,0.0050541666666666,0.0078875,0.0056458333333333,0.0051916666666666,0.0056833333333333,0.0057916666666666,0.0073208333333333,0.0056958333333333,0.0078875,0.0077083333333333,0.0073041666666666,0.0055499999999999,0.006075,0.006025,0.0056041666666666,0.0077791666666666,0.0057166666666666,0.0084208333333333,0.0057083333333333,0.006375,0.0078374999999999
0.0067291666666666,0.0053708333333333,0.0071916666666666,0.0063875,0.0068,0.0071208333333333,0.0073416666666666,0.0070958333333333,0.0013583333333333,0.0056458333333333,0.0060875,0.0064458333333333,0.0045291666666666,0.00705,0.0059833333333333,0.0059625,0.0064541666666666,0.0060375,0.0078374999999999,0.0044791666666666,0.00705,0.007225,0.0077375,0.0048375,0.0047916666666666,0.0059875,0.0058041666666666,0.00715,0.0058875,0.0070083333333333,0.0056833333333333,0.0064666666666666,0.0072208333333333
0.0068791666666666,0.0064708333333333,0.0072541666666666,0.0068041666666666,0.0066375,0.0068499999999999,0.0073375,0.0077041666666666,0.0014083333333333,0.00675,0.0063583333333333,0.0072499999999999,0.0037916666666666,0.0074624999999999,0.0065583333333333,0.0061125,0.006775,0.0071916666666666,0.0079416666666666,0.0054416666666666,0.0074624999999999,0.0076916666666666,0.0077416666666666,0.0058874999999999,0.0058916666666666,0.0065166666666666,0.0062416666666666,0.0076541666666666,0.0062625,0.0060916666666666,0.0061125,0.0069291666666666,0.0075208333333333
0.0058333333333333,0.0030833333333333,0.0063583333333333,0.0033708333333333,0.0058666666666666,0.0056583333333333,0.0059916666666666,0.0055499999999999,0.0012375,0.0031916666666666,0.0041125,0.0030958333333333,0.0038499999999999,0.0051,0.0032333333333333,0.0036583333333333,0.0046458333333333,0.003775,0.006825,0.0024833333333333,0.0051,0.0057875,0.0062916666666666,0.0024666666666666,0.0024124999999999,0.0028666666666666,0.0029375,0.006025,0.0029749999999999,0.0064333333333333,0.0030916666666666,0.0033166666666666,0.0058583333333333
0.0054416666666666,0.0045583333333333,0.00585,0.0055125,0.0056375,0.006025,0.0060125,0.0062083333333333,0.0008125,0.0057,0.00505,0.0057833333333333,0.0038333333333333,0.0057958333333333,0.0055208333333333,0.0048958333333333,0.0056124999999999,0.0049541666666666,0.0064416666666666,0.0041166666666666,0.0057958333333333,0.0057416666666666,0.0065208333333333,0.0039458333333333,0.004325,0.0044166666666666,0.0049958333333333,0.0056875,0.0045291666666666,0.0060291666666666,0.0047833333333333,0.0057,0.0056916666666666
0.0059541666666666,0.0043083333333333,0.0066708333333333,0.0047875,0.0063666666666666,0.0068958333333333,0.0069291666666666,0.0069708333333333,0.0008874999999999,0.0045041666666666,0.004725,0.0048291666666666,0.0042875,0.0066833333333333,0.0040208333333333,0.0041916666666666,0.0051875,0.0041833333333333,0.0071791666666666,0.0038541666666666,0.0066833333333333,0.0068583333333333,0.0065999999999999,0.0038541666666666,0.0041416666666666,0.0041541666666666,0.0038708333333333,0.0067916666666666,0.0040458333333333,0.0058208333333333,0.0037666666666666,0.0048375,0.0068041666666666
0.0032291666666666,0.0019875,0.004625,0.0028291666666666,0.0043375,0.0050291666666666,0.0047541666666666,0.0051666666666666,0.001475,0.0021625,0.0031916666666666,0.0023625,0.0045625,0.0050541666666666,0.00285,0.0030041666666666,0.0034999999999999,0.0032166666666666,0.0042583333333333,0.00155,0.0050541666666666,0.0051666666666666,0.0040541666666666,0.0015166666666666,0.0015125,0.00205,0.0021416666666666,0.0050374999999999,0.00235,0.0062499999999999,0.0022,0.0028208333333333,0.0051708333333333
0.00465,0.0027708333333333,0.0048958333333333,0.0042,0.0046166666666666,0.0051125,0.0051958333333333,0.0054249999999999,0.0014791666666666,0.0032958333333333,0.0039125,0.0032916666666666,0.0043791666666666,0.0051875,0.0040875,0.0039958333333333,0.0042375,0.0040625,0.0055416666666666,0.0023458333333333,0.0051875,0.0053125,0.0050166666666666,0.0022208333333333,0.0025208333333333,0.0026,0.00325,0.0053374999999999,0.0031583333333333,0.0059958333333333,0.0032374999999999,0.0043083333333333,0.005325
0.0048375,0.0037875,0.0054291666666666,0.0047041666666666,0.0050666666666666,0.0057166666666666,0.0056791666666666,0.0057041666666666,0.0009833333333333,0.0042083333333333,0.0043375,0.0041958333333333,0.0043791666666666,0.0051833333333333,0.0046833333333333,0.0045125,0.0047374999999999,0.00465,0.0057791666666666,0.0036416666666666,0.0051833333333333,0.0057083333333333,0.0053083333333333,0.0035708333333333,0.0041,0.003575,0.0039125,0.0055125,0.00365,0.0058958333333333,0.0039791666666666,0.0047916666666666,0.0056375
0.0060875,0.0049958333333333,0.0064291666666666,0.0051708333333333,0.0061333333333333,0.0061041666666666,0.0067708333333333,0.0063416666666666,0.0011374999999999,0.004775,0.0049499999999999,0.0055125,0.0035791666666666,0.0060541666666666,0.0049416666666666,0.0048875,0.0054666666666666,0.0050208333333333,0.0071166666666666,0.0041166666666666,0.0060541666666666,0.0062625,0.006375,0.0045541666666666,0.0048125,0.0052041666666666,0.0048375,0.0063166666666666,0.0051541666666666,0.0048458333333333,0.0049,0.0052791666666666,0.00635
0.0051291666666666,0.0045625,0.0061958333333333,0.0051333333333333,0.0057541666666666,0.0066125,0.0064208333333333,0.0071208333333333,0.0012125,0.0043083333333333,0.0051208333333333,0.0049875,0.0042958333333333,0.0071041666666666,0.0049625,0.0045833333333333,0.0055791666666666,0.0051458333333333,0.0064083333333333,0.0036166666666666,0.0071041666666666,0.006825,0.0059875,0.0039083333333333,0.00385,0.0046708333333333,0.0046875,0.00665,0.0048416666666666,0.0058416666666666,0.0045125,0.0052208333333333,0.006775
0.005825,0.0041666666666666,0.0062791666666666,0.0051916666666666,0.005975,0.0062666666666666,0.0062791666666666,0.0070374999999999,0.0021249999999999,0.0041291666666666,0.0048875,0.0046916666666666,0.0042625,0.00665,0.0052458333333333,0.004625,0.0053083333333333,0.0053083333333333,0.0066458333333333,0.0030666666666666,0.00665,0.0066375,0.0058041666666666,0.0034874999999999,0.0032416666666666,0.0044083333333333,0.0045499999999999,0.0064958333333333,0.0044,0.0055791666666666,0.0040041666666666,0.0052583333333333,0.0066
0.0047625,0.0034208333333333,0.0057791666666666,0.00455,0.0054541666666666,0.0061874999999999,0.0057666666666666,0.0067625,0.0018166666666666,0.003675,0.0044333333333333,0.0037958333333333,0.0040708333333333,0.0065833333333333,0.0039791666666666,0.0040416666666666,0.0047708333333333,0.0041708333333333,0.0058708333333333,0.0027208333333333,0.0065833333333333,0.0065125,0.0054125,0.0028958333333333,0.0030333333333333,0.0034791666666666,0.0039375,0.0061791666666666,0.0036166666666666,0.0056041666666666,0.0037458333333333,0.0045833333333333,0.0062208333333333
0.005075,0.0048041666666666,0.0056208333333333,0.0055166666666666,0.0053125,0.0062041666666666,0.005775,0.0065791666666666,0.0007166666666666,0.0049583333333333,0.0045166666666666,0.0051458333333333,0.0042875,0.0061541666666666,0.0052166666666666,0.0049333333333333,0.0048541666666666,0.0050208333333333,0.006075,0.0039083333333333,0.0061541666666666,0.0061333333333333,0.0058416666666666,0.0042,0.0043541666666666,0.0049416666666666,0.0047916666666666,0.006025,0.0050458333333333,0.0059999999999999,0.0048208333333333,0.0056583333333333,0.0060916666666666
0.00535,0.004625,0.0065708333333333,0.005725,0.0060791666666666,0.0071458333333333,0.0065708333333333,0.0073083333333333,0.0010583333333333,0.0049625,0.0049666666666666,0.0055125,0.0042999999999999,0.0071666666666666,0.0050041666666666,0.0050416666666666,0.0053458333333333,0.0052749999999999,0.0065041666666666,0.0036249999999999,0.0071666666666666,0.0071583333333333,0.0058541666666666,0.0038833333333333,0.0039333333333333,0.0051458333333333,0.0050958333333333,0.0069374999999999,0.0052875,0.00575,0.0051083333333333,0.0058208333333333,0.0071083333333333
0.0062666666666666,0.0056583333333333,0.0070833333333333,0.0045416666666666,0.006625,0.0070666666666666,0.0073041666666666,0.0076083333333333,0.0013916666666666,0.0052958333333333,0.0047041666666666,0.0058208333333333,0.0039833333333333,0.00745,0.0044,0.0043416666666666,0.0053208333333333,0.0045458333333333,0.007675,0.0049083333333333,0.00745,0.007325,0.0062875,0.0052291666666666,0.0056375,0.0055083333333333,0.0045499999999999,0.0072499999999999,0.0051166666666666,0.0051375,0.0047583333333333,0.0046041666666666,0.0072166666666666
0.0052583333333333,0.0047291666666666,0.0066125,0.0046583333333333,0.0060958333333333,0.0071958333333333,0.0066291666666666,0.0068166666666666,0.0012375,0.0046041666666666,0.0044083333333333,0.0051291666666666,0.0048541666666666,0.0067666666666666,0.004475,0.0042666666666666,0.0048416666666666,0.0045125,0.0068041666666666,0.0039625,0.0067666666666666,0.0071333333333333,0.0055333333333333,0.0043375,0.0044958333333333,0.0048083333333333,0.0046583333333333,0.0069166666666666,0.004975,0.006875,0.0047833333333333,0.0046875,0.007275
0.0048791666666666,0.0036999999999999,0.0055708333333333,0.0038583333333333,0.0051791666666666,0.0052375,0.0056333333333333,0.0053625,0.0007958333333333,0.0036958333333333,0.0037666666666666,0.0039041666666666,0.0036708333333333,0.0053291666666666,0.0039333333333333,0.0036541666666666,0.0042333333333333,0.00405,0.0057708333333333,0.0029749999999999,0.0053291666666666,0.005375,0.0048083333333333,0.0032333333333333,0.0033083333333333,0.0038208333333333,0.0039458333333333,0.00545,0.0040208333333333,0.0048083333333333,0.0041916666666666,0.0039166666666666,0.0055
0.0043875,0.0035666666666666,0.0051583333333333,0.0042166666666666,0.0048166666666666,0.0050416666666666,0.0051958333333333,0.0056916666666666,0.0013291666666666,0.0037666666666666,0.0035416666666666,0.0041208333333333,0.0041208333333333,0.0056041666666666,0.0036,0.0035375,0.0037,0.0038125,0.0052749999999999,0.0029791666666666,0.0056041666666666,0.0054375,0.0043416666666666,0.0031291666666666,0.0032875,0.0038291666666666,0.003825,0.005375,0.004125,0.0054583333333333,0.0039833333333333,0.0043083333333333,0.0053833333333333
0.0041791666666666,0.003725,0.005,0.0042208333333333,0.004625,0.0049625,0.0050541666666666,0.0060333333333333,0.0014583333333333,0.0038625,0.0031833333333333,0.0041708333333333,0.0043916666666666,0.0058583333333333,0.0037333333333333,0.0033416666666666,0.0035375,0.0036583333333333,0.0048208333333333,0.0026374999999999,0.0058583333333333,0.0054791666666666,0.004225,0.0029375,0.003075,0.0040041666666666,0.0037541666666666,0.0053125,0.004,0.0054249999999999,0.0039458333333333,0.0042708333333333,0.0052791666666666
0.0041708333333333,0.0036208333333333,0.0052625,0.00365,0.0049166666666666,0.0053625,0.0054083333333333,0.0057916666666666,0.0011833333333333,0.0035708333333333,0.0034874999999999,0.0038041666666666,0.0037666666666666,0.0056666666666666,0.0037333333333333,0.0036625,0.0038208333333333,0.0037333333333333,0.0051625,0.0032,0.0056666666666666,0.00565,0.0044833333333333,0.0034041666666666,0.0035375,0.0037416666666666,0.0037416666666666,0.0054833333333333,0.0036916666666666,0.005375,0.0037041666666666,0.0037291666666666,0.0055625
0.0047583333333333,0.0046833333333333,0.0056416666666666,0.0044,0.00505,0.0050208333333333,0.0054874999999999,0.0055208333333333,0.0014625,0.0044125,0.004,0.0046791666666666,0.0035416666666666,0.0053958333333333,0.0042416666666666,0.0041208333333333,0.0043666666666666,0.0042083333333333,0.0055249999999999,0.0038,0.0053958333333333,0.0053333333333333,0.0050208333333333,0.0042583333333333,0.0043666666666666,0.0046375,0.0044041666666666,0.0055333333333333,0.0044291666666666,0.0044166666666666,0.0044083333333333,0.0045,0.0053791666666666
0.0051458333333333,0.0049333333333333,0.005575,0.0047125,0.0052291666666666,0.0055375,0.0056666666666666,0.0057416666666666,0.0009041666666666,0.0047458333333333,0.0041166666666666,0.0052291666666666,0.0034625,0.0058958333333333,0.0046791666666666,0.004425,0.0045875,0.0046333333333333,0.0058583333333333,0.0041833333333333,0.0058958333333333,0.0057541666666666,0.0053458333333333,0.0044416666666666,0.004525,0.0050125,0.004625,0.0057958333333333,0.0049375,0.004,0.0046958333333333,0.0047791666666666,0.0056749999999999
0.004775,0.0042708333333333,0.0056583333333333,0.0048041666666666,0.005425,0.0060416666666666,0.005925,0.0072083333333333,0.0013125,0.0042291666666666,0.004325,0.0048333333333333,0.0027208333333333,0.0072291666666666,0.0048625,0.0044874999999999,0.0046375,0.0047916666666666,0.0054791666666666,0.003175,0.0072291666666666,0.0063875,0.0048333333333333,0.0035375,0.0035,0.0046375,0.0047125,0.0064083333333333,0.0046791666666666,0.0032583333333333,0.0048416666666666,0.0049333333333333,0.0061708333333333
0.0041916666666666,0.0032374999999999,0.0052083333333333,0.0036083333333333,0.0047833333333333,0.0054541666666666,0.0051708333333333,0.0059666666666666,0.0018124999999999,0.0032791666666666,0.0031666666666666,0.0034625,0.0033958333333333,0.0058666666666666,0.0033833333333333,0.0033166666666666,0.0035208333333333,0.0031749999999999,0.0052083333333333,0.0027875,0.0058666666666666,0.0058333333333333,0.0041041666666666,0.0027916666666666,0.0027291666666666,0.0034083333333333,0.0034874999999999,0.0055583333333333,0.0034333333333333,0.0037083333333333,0.0034458333333333,0.0036375,0.0055875
0.003575,0.0031458333333333,0.0044041666666666,0.0038625,0.0040458333333333,0.0046375,0.0043041666666666,0.0052291666666666,0.0012958333333333,0.0034791666666666,0.0027791666666666,0.0035291666666666,0.0044916666666666,0.0051083333333333,0.0037458333333333,0.0031833333333333,0.0031583333333333,0.0034041666666666,0.0044041666666666,0.0027624999999999,0.0051083333333333,0.0047708333333333,0.0049583333333333,0.0027416666666666,0.0026708333333333,0.0031458333333333,0.0037375,0.004525,0.0036541666666666,0.0052166666666666,0.0037958333333333,0.0039541666666666,0.0042541666666666
0.0040916666666666,0.0038958333333333,0.0051083333333333,0.0046833333333333,0.0045541666666666,0.0056375,0.0047333333333333,0.0055666666666666,0.0016458333333333,0.0043208333333333,0.0038458333333333,0.0043958333333333,0.0046,0.0054708333333333,0.0047958333333333,0.0041291666666666,0.0040833333333333,0.004075,0.0046625,0.0033041666666666,0.0054708333333333,0.0053166666666666,0.0049208333333333,0.0032791666666666,0.0032833333333333,0.0040583333333333,0.0045375,0.0052375,0.0043041666666666,0.0061333333333333,0.0043166666666666,0.0047875,0.0052583333333333
0.0062875,0.0059791666666666,0.0063291666666666,0.0064166666666666,0.0057291666666666,0.006325,0.0062333333333333,0.0058583333333333,0.0015624999999999,0.0060333333333333,0.0056083333333333,0.0064458333333333,0.0039916666666666,0.0057,0.0055833333333333,0.0053083333333333,0.0059375,0.0052375,0.0067916666666666,0.0053291666666666,0.0057,0.006275,0.0060458333333333,0.0052958333333333,0.0055166666666666,0.0059958333333333,0.0056958333333333,0.006425,0.0056124999999999,0.0049416666666666,0.005825,0.0064833333333333,0.0063375
0.0067208333333333,0.0064916666666666,0.0068958333333333,0.0070333333333333,0.0065541666666666,0.00765,0.0070791666666666,0.0078416666666666,0.0013791666666666,0.007375,0.0062208333333333,0.0076916666666666,0.00305,0.0071958333333333,0.0068291666666666,0.0060875,0.0067125,0.0061,0.0073666666666666,0.0048416666666666,0.0071958333333333,0.0073291666666666,0.0069041666666666,0.0048708333333333,0.0051541666666666,0.0066041666666666,0.0068458333333333,0.0073458333333333,0.0070875,0.0040041666666666,0.007025,0.0070999999999999,0.0072625
0.00695,0.00455,0.0073208333333333,0.0076875,0.0068708333333333,0.0079083333333333,0.007475,0.0077916666666666,0.00145,0.0054666666666666,0.0068416666666666,0.0059333333333333,0.0036458333333333,0.0074041666666666,0.0076208333333333,0.0068416666666666,0.0072833333333333,0.0070791666666666,0.0081875,0.0037083333333333,0.0074041666666666,0.0074458333333333,0.0076291666666666,0.0035791666666666,0.0036958333333333,0.0057041666666666,0.0064,0.0075375,0.0061,0.0042833333333333,0.0063416666666666,0.0079458333333333,0.0074041666666666
0.0081,0.0067416666666666,0.0091125,0.0072708333333333,0.0084708333333333,0.0098458333333333,0.0089541666666666,0.0095458333333333,0.0016083333333333,0.0069291666666666,0.0068666666666666,0.0071166666666666,0.0043791666666666,0.0085583333333333,0.0085375,0.0073,0.0077375,0.0078666666666666,0.0089,0.0064291666666666,0.0085583333333333,0.0090625,0.0083166666666666,0.0060875,0.0060624999999999,0.0062791666666666,0.0072,0.0092458333333333,0.0065999999999999,0.0054291666666666,0.007225,0.0074125,0.0090916666666666
0.0104833333333333,0.0105458333333333,0.0114041666666666,0.0112958333333333,0.010825,0.0129458333333333,0.0116874999999999,0.012875,0.0020375,0.0107291666666666,0.0093666666666666,0.0112791666666666,0.0036833333333333,0.0111708333333333,0.0125958333333333,0.0109958333333333,0.0102541666666666,0.0119416666666666,0.0112208333333333,0.0096625,0.0111708333333333,0.0119583333333333,0.0105708333333333,0.0098125,0.0100125,0.0102083333333333,0.0115708333333333,0.012075,0.0108333333333333,0.004525,0.0116375,0.0115,0.0119291666666666
0.0112416666666666,0.0100958333333333,0.0128166666666666,0.0127,0.012175,0.0129041666666666,0.0130083333333333,0.0126541666666666,0.001525,0.012025,0.0084833333333333,0.0129625,0.0044,0.0120833333333333,0.0118791666666666,0.0088958333333333,0.0095041666666666,0.0108458333333333,0.0119874999999999,0.0080083333333333,0.0120833333333333,0.012775,0.0113208333333333,0.0084208333333333,0.0083083333333333,0.0116208333333333,0.0119208333333333,0.0127625,0.0121833333333333,0.0053291666666666,0.0118291666666666,0.0130125,0.0130458333333333
0.0104583333333333,0.0062041666666666,0.0123333333333333,0.0065916666666666,0.0117333333333333,0.0130583333333333,0.0126375,0.0131416666666666,0.0014291666666666,0.0070166666666666,0.0067583333333333,0.0077374999999999,0.0050333333333333,0.012575,0.0066125,0.0066,0.008,0.0066125,0.0118083333333333,0.0054791666666666,0.012575,0.0126583333333333,0.0104041666666666,0.0055708333333333,0.0058125,0.0069041666666666,0.0062625,0.012675,0.0067416666666666,0.005775,0.0064375,0.0067416666666666,0.0125166666666666
0.0075,0.0057083333333333,0.0094124999999999,0.0060041666666666,0.0089125,0.0090583333333333,0.0099208333333333,0.0094124999999999,0.0031375,0.0057041666666666,0.0061291666666666,0.0063083333333333,0.0049291666666666,0.0093125,0.0057958333333333,0.0061541666666666,0.0064458333333333,0.0058416666666666,0.008875,0.0052458333333333,0.0093125,0.0095125,0.0071041666666666,0.0052416666666666,0.0053875,0.0059625,0.0059708333333333,0.0097666666666666,0.0062833333333333,0.0058916666666666,0.0059666666666666,0.0060458333333333,0.0094916666666666
0.0085291666666666,0.0081083333333333,0.0092416666666666,0.0076416666666666,0.0087666666666666,0.0083208333333333,0.0095083333333333,0.0086458333333333,0.0037166666666666,0.0075708333333333,0.0074958333333333,0.0085166666666666,0.0070083333333333,0.008725,0.0077833333333333,0.0073833333333333,0.0082083333333333,0.007675,0.0099125,0.0072916666666666,0.008725,0.0090083333333333,0.0089625,0.0075166666666666,0.007525,0.0082666666666666,0.0077166666666666,0.0092208333333333,0.00775,0.008025,0.0073458333333333,0.0077916666666666,0.0091083333333333
0.0074625,0.0066958333333333,0.0085,0.0072458333333333,0.0080791666666666,0.0079458333333333,0.0086416666666666,0.0084791666666666,0.0027833333333333,0.0077999999999999,0.0068583333333333,0.0077458333333333,0.0065833333333333,0.0086125,0.0076791666666666,0.0070458333333333,0.0073,0.0067874999999999,0.0085583333333333,0.0052791666666666,0.0086125,0.0083791666666666,0.0076583333333333,0.0055958333333333,0.005225,0.0072041666666666,0.0071125,0.008475,0.0071416666666666,0.0082291666666666,0.0070791666666666,0.0075125,0.0083666666666666
0.0084125,0.0081208333333333,0.0095541666666666,0.0095083333333333,0.0090041666666666,0.0093291666666666,0.0098125,0.0092083333333333,0.0035,0.0088,0.0088625,0.0094625,0.0067708333333333,0.0091958333333333,0.0099041666666666,0.0089124999999999,0.0091125,0.0094166666666666,0.0095833333333333,0.0063124999999999,0.0091958333333333,0.0094625,0.0087416666666666,0.0069375,0.0065374999999999,0.0087499999999999,0.0092,0.0097416666666666,0.008825,0.0079416666666666,0.0090333333333333,0.00975,0.0097749999999999
0.0071458333333333,0.0047125,0.0080875,0.0070833333333333,0.0078333333333333,0.0082083333333333,0.0083124999999999,0.008375,0.0039375,0.0050416666666666,0.0060583333333333,0.0051958333333333,0.0059,0.0083249999999999,0.0073708333333333,0.0067041666666666,0.0065291666666666,0.0064375,0.0084833333333333,0.0045916666666666,0.0083249999999999,0.0081291666666666,0.0078958333333333,0.0042625,0.0043416666666666,0.0050458333333333,0.0063708333333333,0.008075,0.0059125,0.0071541666666666,0.0062916666666666,0.0071916666666666,0.0080583333333333
0.0081666666666666,0.0070999999999999,0.0087458333333333,0.0082541666666666,0.0086416666666666,0.0094666666666666,0.0093583333333333,0.0095916666666666,0.0043375,0.007275,0.0077333333333333,0.0074291666666666,0.0081583333333333,0.0096875,0.0095125,0.0087,0.0080875,0.0085791666666666,0.0095458333333333,0.0060291666666666,0.0096875,0.0095916666666666,0.0090708333333333,0.0060916666666666,0.0061583333333333,0.0067458333333333,0.0081041666666666,0.0093,0.007725,0.0078666666666666,0.0080666666666666,0.0084291666666666,0.0095
0.0081583333333333,0.0087541666666666,0.0098666666666666,0.0073541666666666,0.0095374999999999,0.0104333333333333,0.0097875,0.0102416666666666,0.0037125,0.0084333333333333,0.0069041666666666,0.0081958333333333,0.0072666666666666,0.0095166666666666,0.00975,0.009225,0.0073791666666666,0.0085,0.0103041666666666,0.0075916666666666,0.0095166666666666,0.0098333333333333,0.0093125,0.0076416666666666,0.007525,0.0075666666666666,0.0088083333333333,0.0097833333333333,0.008075,0.0075499999999999,0.0091208333333333,0.007625,0.0098374999999999
0.0113333333333333,0.0110875,0.0115916666666666,0.0108166666666666,0.011325,0.0127708333333333,0.0122041666666666,0.0125875,0.0029833333333333,0.0109874999999999,0.0098208333333333,0.0115,0.0065458333333333,0.0122375,0.0118,0.011075,0.0104125,0.0108833333333333,0.0123458333333333,0.0097208333333333,0.0122375,0.0125375,0.0109375,0.0096541666666666,0.010025,0.0106125,0.0112791666666666,0.0126,0.0113125,0.0078625,0.0114291666666666,0.0110791666666666,0.0123375
0.0088166666666666,0.007075,0.010275,0.0083583333333333,0.0100875,0.0115833333333333,0.0108958333333333,0.0114125,0.0052416666666666,0.0070416666666666,0.0073458333333333,0.0080458333333333,0.0083583333333333,0.0113333333333333,0.0081333333333333,0.0075125,0.0078333333333333,0.0078625,0.0103916666666666,0.0066125,0.0113333333333333,0.011675,0.0088583333333333,0.0066791666666666,0.0070875,0.0076,0.0075041666666666,0.0110333333333333,0.0078625,0.0093708333333333,0.0076333333333333,0.008525,0.0109166666666666
0.0072958333333333,0.0065166666666666,0.0084708333333333,0.0077791666666666,0.0080041666666666,0.0089458333333333,0.0086375,0.0090583333333333,0.0044874999999999,0.0071208333333333,0.0070541666666666,0.0074833333333333,0.0068666666666666,0.0089166666666666,0.0082916666666666,0.0074416666666666,0.00715,0.0077708333333333,0.008675,0.0059125,0.0089166666666666,0.0089541666666666,0.007925,0.0059,0.0053458333333333,0.0072125,0.0076958333333333,0.0087,0.0076083333333333,0.0073541666666666,0.0075416666666666,0.0080208333333333,0.0088041666666666
0.0091125,0.0088916666666666,0.0095791666666666,0.0085333333333333,0.0092833333333333,0.0099583333333333,0.009975,0.0094666666666666,0.0025,0.0099958333333333,0.0083708333333333,0.0100791666666666,0.0068,0.0090583333333333,0.0096291666666666,0.0096666666666666,0.0089291666666666,0.0096291666666666,0.0101958333333333,0.0085583333333333,0.0090583333333333,0.0101125,0.0096,0.0083583333333333,0.0084583333333333,0.0090833333333333,0.009575,0.0106958333333333,0.0093458333333333,0.0071249999999999,0.0092708333333333,0.0087958333333333,0.0102666666666666
0.0136916666666666,0.0133249999999999,0.0138,0.0142208333333333,0.0130666666666666,0.0133166666666666,0.0137291666666666,0.0131541666666666,0.0044875,0.0138833333333333,0.0127208333333333,0.014725,0.0069208333333333,0.0128458333333333,0.0146333333333333,0.0138708333333333,0.0134,0.0143791666666666,0.0147125,0.0114166666666666,0.0128458333333333,0.013175,0.0125333333333333,0.0118,0.0122916666666666,0.0144999999999999,0.0144666666666666,0.0134791666666666,0.0141875,0.0091541666666666,0.0140708333333333,0.0147583333333333,0.0132624999999999
0.0129458333333333,0.0127791666666666,0.0127666666666666,0.0147666666666666,0.0120666666666666,0.0130958333333333,0.0128916666666666,0.0131624999999999,0.0048541666666666,0.0133333333333333,0.0134625,0.0149708333333333,0.0052458333333333,0.0128541666666666,0.0147416666666666,0.0145583333333333,0.0139125,0.0157083333333333,0.0138125,0.0109666666666666,0.0128541666666666,0.0129416666666666,0.0142916666666666,0.0115416666666666,0.0113375,0.0141625,0.0149291666666666,0.0130749999999999,0.0141,0.0060833333333333,0.0140625,0.0153166666666666,0.0129041666666666
0.0109375,0.0081875,0.0111166666666666,0.0084458333333333,0.0109,0.0110708333333333,0.0114,0.0114749999999999,0.0037583333333333,0.0076083333333333,0.0096375,0.0091166666666666,0.0061958333333333,0.0113499999999999,0.0084625,0.0093541666666666,0.0102583333333333,0.0094625,0.0126041666666666,0.0077041666666666,0.0113499999999999,0.0113208333333333,0.0107333333333333,0.0078666666666666,0.0078374999999999,0.0085958333333333,0.0086208333333333,0.0110208333333333,0.0086791666666666,0.00715,0.0081,0.0088375,0.0111458333333333
0.0081583333333333,0.0088875,0.0086916666666666,0.0080791666666666,0.00815,0.00905,0.0087666666666666,0.0089208333333333,0.0022,0.0085458333333333,0.00765,0.0086916666666666,0.0076541666666666,0.0069916666666666,0.0081625,0.007825,0.0080208333333333,0.0072,0.009725,0.0073,0.0069916666666666,0.0083541666666666,0.009325,0.0074125,0.007325,0.0085208333333333,0.0086208333333333,0.0085624999999999,0.0087541666666666,0.0083416666666666,0.0084041666666666,0.0082916666666666,0.0087416666666666
0.0100708333333333,0.0091291666666666,0.0107583333333333,0.008925,0.0096458333333333,0.012575,0.0105291666666666,0.0120083333333333,0.0029583333333333,0.0099291666666666,0.0080708333333333,0.0095875,0.0083416666666666,0.0106958333333333,0.0100875,0.0103166666666666,0.0083916666666666,0.0101333333333333,0.0112083333333333,0.0094541666666666,0.0106958333333333,0.0116583333333333,0.0096666666666666,0.0091333333333333,0.0092333333333333,0.0090999999999999,0.0102375,0.0120208333333333,0.0091166666666666,0.010075,0.0099583333333333,0.0091708333333333,0.0117833333333333
0.0135458333333333,0.0110666666666666,0.0134291666666666,0.0125083333333333,0.0131375,0.0145416666666666,0.0143541666666666,0.0152,0.0041791666666666,0.0124458333333333,0.0113416666666666,0.0131958333333333,0.0078916666666666,0.0150125,0.011925,0.0121916666666666,0.0126124999999999,0.0124333333333333,0.0138958333333333,0.0086708333333333,0.0150125,0.0141833333333333,0.0128249999999999,0.0090791666666666,0.0093833333333333,0.0126458333333333,0.0119416666666666,0.0141083333333333,0.0125666666666666,0.0116,0.0112416666666666,0.0129666666666666,0.0143166666666666
0.0126291666666666,0.0113,0.0138916666666666,0.0109958333333333,0.0133625,0.0146083333333333,0.0139708333333333,0.0154624999999999,0.0050875,0.0108041666666666,0.0101375,0.0123875,0.0099916666666666,0.0149041666666666,0.0103541666666666,0.0107666666666666,0.0114208333333333,0.0112,0.0141041666666666,0.0103083333333333,0.0149041666666666,0.0143291666666666,0.0133833333333333,0.0106416666666666,0.0105875,0.0120791666666666,0.0114,0.0140916666666666,0.0119374999999999,0.0124791666666666,0.0103791666666666,0.0112708333333333,0.0141583333333333
0.0104791666666666,0.0086416666666666,0.0113499999999999,0.0096166666666666,0.0108958333333333,0.0109583333333333,0.0114541666666666,0.0117916666666666,0.0055708333333333,0.0089,0.0083166666666666,0.0102208333333333,0.0093041666666666,0.0114708333333333,0.0091333333333333,0.008725,0.0088833333333333,0.0090416666666666,0.0114958333333333,0.0076833333333333,0.0114708333333333,0.0113791666666666,0.0102041666666666,0.0076333333333333,0.0071375,0.0096875,0.0092291666666666,0.011025,0.0105208333333333,0.0122625,0.0088291666666666,0.0097583333333333,0.0112791666666666
0.0100916666666666,0.0083666666666666,0.0113,0.009775,0.010775,0.01085,0.0109958333333333,0.0113875,0.0059041666666666,0.0099333333333333,0.0090875,0.0097041666666666,0.009175,0.0109708333333333,0.0091583333333333,0.009375,0.0097791666666666,0.0093208333333333,0.0118666666666666,0.0068166666666666,0.0109708333333333,0.0108416666666666,0.01115,0.0070083333333333,0.006575,0.009025,0.0100625,0.0106083333333333,0.0097291666666666,0.0122375,0.009875,0.0100375,0.0109041666666666
0.0115208333333333,0.011025,0.0130583333333333,0.0113708333333333,0.0125624999999999,0.0135916666666666,0.0131208333333333,0.0138249999999999,0.0065958333333333,0.0114333333333333,0.0110458333333333,0.0119291666666666,0.0084791666666666,0.013425,0.0118458333333333,0.0116833333333333,0.0121166666666666,0.0118916666666666,0.0137541666666666,0.0099708333333333,0.013425,0.0131708333333333,0.0134083333333333,0.0102291666666666,0.0094791666666666,0.011425,0.0125833333333333,0.0128666666666666,0.0118458333333333,0.011025,0.0116791666666666,0.0117583333333333,0.0131416666666666
0.01245,0.0119125,0.0141166666666666,0.0132708333333333,0.0134958333333333,0.0139125,0.01365,0.0144458333333333,0.006025,0.0131583333333333,0.0119958333333333,0.0137666666666666,0.0114875,0.0139666666666666,0.0132875,0.0120291666666666,0.0127041666666666,0.0129458333333333,0.0146291666666666,0.0108958333333333,0.0139666666666666,0.014,0.013925,0.0109583333333333,0.0103458333333333,0.0130291666666666,0.0135458333333333,0.0136374999999999,0.013125,0.0144041666666666,0.012675,0.0138,0.0138874999999999
0.014275,0.0138583333333333,0.0151458333333333,0.0142125,0.0148458333333333,0.0160125,0.0156666666666666,0.0157291666666666,0.0070208333333333,0.0146249999999999,0.0133833333333333,0.0151499999999999,0.0112166666666666,0.0157875,0.0141791666666666,0.0137708333333333,0.0139499999999999,0.0139,0.0157833333333333,0.0123083333333333,0.0157875,0.0156958333333333,0.0139333333333333,0.011725,0.012025,0.0138,0.0150791666666666,0.0153125,0.0149958333333333,0.0157041666666666,0.0147125,0.0145208333333333,0.0158625
0.0141333333333333,0.0154791666666666,0.0147708333333333,0.0164291666666666,0.0145333333333333,0.0147208333333333,0.01495,0.0158583333333333,0.0073374999999999,0.0161958333333333,0.0140083333333333,0.0171833333333333,0.00915,0.0153416666666666,0.0174041666666666,0.014725,0.0147625,0.0156791666666666,0.0162916666666666,0.0137958333333333,0.0153416666666666,0.0147625,0.0158958333333333,0.0144541666666666,0.0126666666666666,0.0165416666666666,0.0169833333333333,0.0144708333333333,0.0163,0.0129333333333333,0.0154041666666666,0.0168208333333333,0.0147666666666666
0.0172375,0.0157708333333333,0.0165083333333333,0.0178875,0.0162208333333333,0.0172875,0.017025,0.0181541666666666,0.0081833333333333,0.0171125,0.0155458333333333,0.01815,0.0108041666666666,0.0176291666666666,0.0192041666666666,0.0164291666666666,0.017025,0.0181,0.0191875,0.012175,0.0176291666666666,0.017175,0.0182458333333333,0.0124208333333333,0.0120833333333333,0.0175291666666666,0.0186958333333333,0.0169458333333333,0.0172958333333333,0.0149708333333333,0.0163083333333333,0.0185458333333333,0.0171458333333333
0.0163791666666666,0.0185708333333333,0.0161333333333333,0.018025,0.0158916666666666,0.0162291666666666,0.0167833333333333,0.0176458333333333,0.0086666666666666,0.0180666666666666,0.0173583333333333,0.0192041666666666,0.0102166666666666,0.0158416666666666,0.0188875,0.0182625,0.0181333333333333,0.0190208333333333,0.0186041666666666,0.0169583333333333,0.0158416666666666,0.0164666666666666,0.0186875,0.0172958333333333,0.0163583333333333,0.0188958333333333,0.0193666666666666,0.0157416666666666,0.0195291666666666,0.0145166666666666,0.0176541666666666,0.0184416666666666,0.016675
0.0150541666666666,0.0138458333333333,0.0162708333333333,0.0164291666666666,0.0156958333333333,0.0162958333333333,0.0167916666666666,0.0171666666666666,0.0082833333333333,0.0167625,0.0114416666666666,0.0167625,0.012075,0.0153833333333333,0.0161958333333333,0.01385,0.0126416666666666,0.0149166666666666,0.0181833333333333,0.0119208333333333,0.0153833333333333,0.0162791666666666,0.0179916666666666,0.0120208333333333,0.0118,0.0152541666666666,0.0159,0.0160833333333333,0.0161708333333333,0.0133708333333333,0.0157708333333333,0.0166041666666666,0.0165916666666666
0.0153458333333333,0.0140458333333333,0.0162625,0.0167875,0.01575,0.0158583333333333,0.01655,0.0168875,0.0087041666666666,0.0148333333333333,0.0127583333333333,0.0156708333333333,0.012975,0.0164666666666666,0.0168166666666666,0.0152583333333333,0.0136291666666666,0.0158708333333333,0.0178375,0.0124874999999999,0.0164666666666666,0.0159083333333333,0.0164791666666666,0.0125958333333333,0.0124833333333333,0.014375,0.0154833333333333,0.0160083333333333,0.0154125,0.0150333333333333,0.0154958333333333,0.0168916666666666,0.01625
0.0150375,0.0144416666666666,0.0161291666666666,0.0153,0.0159125,0.0169208333333333,0.0164208333333333,0.0172125,0.0082375,0.0153666666666666,0.0134416666666666,0.0162291666666666,0.0121083333333333,0.0156375,0.0156666666666666,0.0147083333333333,0.0145833333333333,0.0150208333333333,0.0171333333333333,0.0128,0.0156375,0.01625,0.0165333333333333,0.0124833333333333,0.0124916666666666,0.0157916666666666,0.0165083333333333,0.0162125,0.0155541666666666,0.0144666666666666,0.0156916666666666,0.0156166666666666,0.01645
0.0139958333333333,0.0163375,0.0161208333333333,0.0167458333333333,0.0148458333333333,0.0161791666666666,0.0159166666666666,0.0173916666666666,0.0084458333333333,0.0172666666666666,0.0110875,0.0179083333333333,0.0116833333333333,0.016775,0.01645,0.0164208333333333,0.0116083333333333,0.0160833333333333,0.016875,0.0133625,0.016775,0.0162125,0.0163041666666666,0.0136541666666666,0.0133375,0.0172208333333333,0.0164,0.0159708333333333,0.0165791666666666,0.0147416666666666,0.015825,0.0170416666666666,0.016475
0.0176,0.0182125,0.0179458333333333,0.0187541666666666,0.0173666666666666,0.01815,0.018275,0.0195416666666666,0.009325,0.0175833333333333,0.0165291666666666,0.0190083333333333,0.0111875,0.01805,0.0199833333333333,0.0178416666666666,0.01835,0.0193,0.0197375,0.017575,0.01805,0.0182916666666666,0.0187791666666666,0.0172958333333333,0.0170083333333333,0.0188583333333333,0.0200666666666666,0.0181375,0.0192041666666666,0.0147875,0.0160541666666666,0.0196666666666666,0.018225
0.0200125,0.0192708333333333,0.0201708333333333,0.0190208333333333,0.0195916666666666,0.0213541666666666,0.0209041666666666,0.0215458333333333,0.0101625,0.018425,0.0186041666666666,0.0204208333333333,0.0124166666666666,0.0206708333333333,0.0211083333333333,0.0204458333333333,0.0199708333333333,0.021525,0.0221916666666666,0.0184499999999999,0.0206708333333333,0.0206916666666666,0.0200041666666666,0.0189125,0.0181791666666666,0.0200291666666666,0.0208166666666666,0.0199166666666666,0.0196083333333333,0.015575,0.0191541666666666,0.0193458333333333,0.0203958333333333
0.0190125,0.0195625,0.0197375,0.0184333333333333,0.0191375,0.0205125,0.0198333333333333,0.0209,0.0101291666666666,0.0198208333333333,0.0177083333333333,0.0207041666666666,0.0129625,0.0207666666666666,0.0209,0.0204791666666666,0.0194166666666666,0.0200708333333333,0.0205208333333333,0.0188458333333333,0.0207666666666666,0.0204416666666666,0.0206541666666666,0.0193166666666666,0.0189083333333333,0.0202375,0.0205416666666666,0.0196125,0.0207125,0.017,0.0184333333333333,0.0187708333333333,0.020325
0.0175458333333333,0.0198583333333333,0.018525,0.0195666666666666,0.0175749999999999,0.0189583333333333,0.017625,0.0196375,0.0078,0.01905,0.016875,0.0200416666666666,0.0138916666666666,0.0168833333333333,0.0208208333333333,0.0184541666666666,0.0178666666666666,0.0189833333333333,0.0203291666666666,0.0187791666666666,0.0168833333333333,0.017825,0.0199041666666666,0.0190375,0.0192375,0.0201791666666666,0.0210333333333333,0.0175083333333333,0.0196958333333333,0.0166625,0.01965,0.0200666666666666,0.0181583333333333
0.0185375,0.0189333333333333,0.018525,0.0196291666666666,0.0178875,0.0182041666666666,0.0182375,0.0176583333333333,0.0077875,0.0193583333333333,0.017225,0.0202833333333333,0.0132958333333333,0.0171916666666666,0.0215458333333333,0.0198833333333333,0.018475,0.0206541666666666,0.0203541666666666,0.0184708333333333,0.0171916666666666,0.0179166666666666,0.0184583333333333,0.0181333333333333,0.0180958333333333,0.0202625,0.0199583333333333,0.0182833333333333,0.0194291666666666,0.0155958333333333,0.0193291666666666,0.0199166666666666,0.018125
0.019575,0.0210583333333333,0.0193208333333333,0.0197708333333333,0.0188,0.020125,0.0195166666666666,0.020025,0.0063291666666666,0.0192833333333333,0.0178583333333333,0.0216375,0.0128833333333333,0.0190458333333333,0.0208375,0.0189,0.0192416666666666,0.0204375,0.0213708333333333,0.0200833333333333,0.0190458333333333,0.0188791666666666,0.01925,0.0202291666666666,0.0197166666666666,0.0216541666666666,0.0217875,0.0184083333333333,0.0205333333333333,0.0155833333333333,0.0189916666666666,0.0203666666666666,0.0192666666666666
0.0169875,0.0209125,0.0182083333333333,0.0197,0.0172333333333333,0.0198916666666666,0.0187083333333333,0.01965,0.0062791666666666,0.0206666666666666,0.0165,0.0216208333333333,0.010375,0.0161625,0.0212041666666666,0.0199166666666666,0.0173041666666666,0.021,0.0196333333333333,0.0207541666666666,0.0161625,0.01805,0.0183791666666666,0.0212458333333333,0.019025,0.02145,0.0216708333333333,0.0179333333333333,0.0211916666666666,0.0132666666666666,0.0192291666666666,0.0200833333333333,0.0185083333333333
0.0165083333333333,0.0216791666666666,0.0170458333333333,0.0198708333333333,0.01615,0.0176125,0.0172541666666666,0.0191,0.0086708333333333,0.0219166666666666,0.0169875,0.0224375,0.01145,0.0188041666666666,0.021525,0.0211333333333333,0.0186541666666666,0.020675,0.0181958333333333,0.0220999999999999,0.0188041666666666,0.0165708333333333,0.0192458333333333,0.0216833333333333,0.0208125,0.0221875,0.021525,0.0166875,0.0220208333333333,0.0147333333333333,0.020325,0.0201208333333333,0.016625
0.0171125,0.0202375,0.0174041666666666,0.0194708333333333,0.0170333333333333,0.0206125,0.0181541666666666,0.02145,0.010875,0.021375,0.0169083333333333,0.0217333333333333,0.0110083333333333,0.0213624999999999,0.0214749999999999,0.0221166666666666,0.0184208333333333,0.0201,0.0186291666666666,0.0217041666666666,0.0213624999999999,0.0190625,0.0192416666666666,0.0208333333333333,0.0191541666666666,0.0207416666666666,0.0207083333333333,0.0186833333333333,0.0214291666666666,0.0144833333333333,0.0199166666666666,0.0197708333333333,0.0180583333333333
0.0187666666666666,0.0211625,0.0181833333333333,0.0199,0.0181083333333333,0.0205874999999999,0.0193166666666666,0.0209708333333333,0.0087333333333333,0.0211874999999999,0.0180083333333333,0.0220291666666666,0.0112833333333333,0.0208,0.0219874999999999,0.0218791666666666,0.0197,0.0215166666666666,0.0205291666666666,0.022375,0.0208,0.019675,0.02005,0.0231166666666666,0.0207083333333333,0.0212458333333333,0.0217625,0.0193583333333333,0.0209708333333333,0.0147166666666666,0.020075,0.0205083333333333,0.0190791666666666
0.01865,0.02015,0.0171708333333333,0.0193,0.0170833333333333,0.0155249999999999,0.0177666666666666,0.0190916666666666,0.0078333333333333,0.0210999999999999,0.0185041666666666,0.0219208333333333,0.012675,0.0182666666666666,0.0208625,0.0192541666666666,0.0197791666666666,0.0200833333333333,0.0204791666666666,0.0197625,0.0182666666666666,0.0176208333333333,0.0202541666666666,0.0192833333333333,0.0187791666666666,0.0211333333333333,0.0214791666666666,0.01805,0.0212916666666666,0.0169458333333333,0.020375,0.0198791666666666,0.0171874999999999
0.0164541666666666,0.0207375,0.0161541666666666,0.0191875,0.0160958333333333,0.0162708333333333,0.0169541666666666,0.018025,0.00655,0.0211708333333333,0.0186166666666666,0.0219291666666666,0.0142708333333333,0.0168958333333333,0.019475,0.0197875,0.0195833333333333,0.0191958333333333,0.0184708333333333,0.01935,0.0168958333333333,0.0170916666666666,0.0188,0.0193291666666666,0.0183708333333333,0.0211333333333333,0.0204791666666666,0.0176,0.0200833333333333,0.0161791666666666,0.0193875,0.0193333333333333,0.0165791666666666
0.0191458333333333,0.018725,0.0182874999999999,0.0204041666666666,0.0180291666666666,0.0190083333333333,0.0193958333333333,0.0189791666666666,0.0070541666666666,0.0206916666666666,0.01765,0.0217666666666666,0.0131166666666666,0.0180958333333333,0.0214374999999999,0.0215833333333333,0.0194166666666666,0.0214875,0.0197333333333333,0.0197333333333333,0.0180958333333333,0.0181375,0.0182583333333333,0.0182291666666666,0.01785,0.0200583333333333,0.0212791666666666,0.0184208333333333,0.0187666666666666,0.0161291666666666,0.0203125,0.0206583333333333,0.0187875
0.0166916666666666,0.0201958333333333,0.0173583333333333,0.01965,0.0166,0.0193791666666666,0.0175916666666666,0.0199125,0.007575,0.0207833333333333,0.0173,0.0216625,0.0136875,0.0177291666666666,0.0195708333333333,0.0186666666666666,0.0181041666666666,0.0191166666666666,0.0184416666666666,0.0205625,0.0177291666666666,0.0184083333333333,0.0178958333333333,0.0198875,0.0190833333333333,0.0205583333333333,0.0210708333333333,0.0180625,0.0201375,0.0161416666666666,0.0199166666666666,0.02005,0.0174458333333333
0.0152041666666666,0.0209666666666666,0.0157208333333333,0.0179958333333333,0.0154166666666666,0.0187291666666666,0.0167375,0.0187375,0.0094416666666666,0.0193291666666666,0.01705,0.0198458333333333,0.0136458333333333,0.0175708333333333,0.0199125,0.0188916666666666,0.0187458333333333,0.018725,0.0166958333333333,0.0212541666666666,0.0175708333333333,0.0171791666666666,0.017325,0.0207125,0.0194166666666666,0.0204624999999999,0.019325,0.0173541666666666,0.0183,0.0164458333333333,0.0192458333333333,0.0181666666666666,0.0164041666666666
0.0158625,0.0216916666666666,0.0181166666666666,0.0192291666666666,0.0174125,0.0187083333333333,0.0185041666666666,0.0205416666666666,0.008925,0.0205208333333333,0.0175333333333333,0.0212916666666666,0.0140833333333333,0.02015,0.0217291666666666,0.020425,0.0193333333333333,0.0207583333333333,0.0171833333333333,0.0231791666666666,0.02015,0.019475,0.0183083333333333,0.0222416666666666,0.0200291666666666,0.0208624999999999,0.0218583333333333,0.0195041666666666,0.0202458333333333,0.017225,0.0212291666666666,0.0197916666666666,0.0188208333333333
0.0166041666666666,0.0200833333333333,0.0177208333333333,0.0179499999999999,0.0170416666666666,0.0205416666666666,0.0183416666666666,0.0212958333333333,0.008475,0.0195666666666666,0.0178333333333333,0.0201958333333333,0.0143083333333333,0.0199083333333333,0.0198708333333333,0.0209083333333333,0.0191333333333333,0.0188791666666666,0.0178375,0.0212583333333333,0.0199083333333333,0.0189333333333333,0.0190833333333333,0.0187208333333333,0.0194916666666666,0.0203041666666666,0.019375,0.0187125,0.0195458333333333,0.0175041666666666,0.01915,0.018225,0.018175
0.0146708333333333,0.020625,0.0154666666666666,0.0174916666666666,0.0147916666666666,0.0198083333333333,0.0160333333333333,0.021175,0.0081291666666666,0.0195499999999999,0.0174708333333333,0.0200291666666666,0.0135166666666666,0.0191,0.0194375,0.0200791666666666,0.0187791666666666,0.0185041666666666,0.0157541666666666,0.0211416666666666,0.0191,0.0163875,0.0169541666666666,0.0195625,0.019025,0.0205416666666666,0.0202,0.016775,0.0194625,0.0157083333333333,0.020125,0.0178208333333333,0.01585
0.0143583333333333,0.0192083333333333,0.0149375,0.0172875,0.0145791666666666,0.0164791666666666,0.0157583333333333,0.0177333333333333,0.0089,0.0190458333333333,0.0167625,0.0194625,0.0126375,0.0173708333333333,0.0194291666666666,0.0201416666666666,0.0175375,0.0185791666666666,0.0155,0.0227833333333333,0.0173708333333333,0.0151458333333333,0.0162291666666666,0.0187583333333333,0.0181541666666666,0.0198291666666666,0.0189625,0.0158333333333333,0.0187708333333333,0.0157041666666666,0.0196958333333333,0.0176041666666666,0.0147666666666666
0.0149125,0.0200625,0.0157041666666666,0.0187166666666666,0.0153583333333333,0.018475,0.0163833333333333,0.0186041666666666,0.0090708333333333,0.0197291666666666,0.017625,0.0203291666666666,0.0135125,0.0172833333333333,0.0209374999999999,0.0204208333333333,0.0189708333333333,0.0203625,0.0158083333333333,0.0208666666666666,0.0172833333333333,0.0168541666666666,0.017675,0.019475,0.0195874999999999,0.0198666666666666,0.0200791666666666,0.0172916666666666,0.0192416666666666,0.0166416666666666,0.0205208333333333,0.0190458333333333,0.0160416666666666
0.0141333333333333,0.0213916666666666,0.0143041666666666,0.0187458333333333,0.0141666666666666,0.0180208333333333,0.0151166666666666,0.018,0.0108375,0.0200833333333333,0.0176458333333333,0.0208499999999999,0.01265,0.0181458333333333,0.0208375,0.0199,0.0193625,0.0194166666666666,0.0149083333333333,0.0221833333333333,0.0181458333333333,0.0164416666666666,0.0162833333333333,0.0209666666666666,0.0201541666666666,0.0207875,0.0205583333333333,0.0163166666666666,0.0202,0.0164916666666666,0.0205666666666666,0.0190874999999999,0.0149416666666666
0.0142541666666666,0.0203666666666666,0.0147833333333333,0.0172708333333333,0.0146625,0.0163333333333333,0.0155291666666666,0.0162333333333333,0.0085666666666666,0.0182291666666666,0.0159166666666666,0.019175,0.0131375,0.016825,0.0192041666666666,0.0192166666666666,0.0178208333333333,0.0185375,0.0149958333333333,0.0214666666666666,0.016825,0.0154624999999999,0.0159958333333333,0.020625,0.0199083333333333,0.0192291666666666,0.0194583333333333,0.0159291666666666,0.0195208333333333,0.0163541666666666,0.0194041666666666,0.0175083333333333,0.0149583333333333
0.0147333333333333,0.0176541666666666,0.0151541666666666,0.0192208333333333,0.0150375,0.0162041666666666,0.0159291666666666,0.0171833333333333,0.0082958333333333,0.0182208333333333,0.0138666666666666,0.0199041666666666,0.01305,0.0181166666666666,0.0161041666666666,0.015325,0.0167749999999999,0.0141916666666666,0.0151375,0.0163083333333333,0.0181166666666666,0.0162291666666666,0.0164958333333333,0.0159291666666666,0.0157541666666666,0.0194541666666666,0.0177333333333333,0.0166625,0.0192041666666666,0.0170666666666666,0.0180708333333333,0.0191958333333333,0.0154041666666666
0.0142375,0.018025,0.0146833333333333,0.0176083333333333,0.0150125,0.0155541666666666,0.0161291666666666,0.0176,0.0107541666666666,0.0188666666666666,0.0142708333333333,0.0199291666666666,0.0123749999999999,0.01965,0.0166874999999999,0.017,0.0169875,0.0167708333333333,0.0151708333333333,0.0164,0.01965,0.0156458333333333,0.0157458333333333,0.0165791666666666,0.0158458333333333,0.0191708333333333,0.0180791666666666,0.0156541666666666,0.0191625,0.01625,0.0180666666666666,0.017525,0.0146875
0.0153541666666666,0.0162125,0.0140208333333333,0.0130791666666666,0.0136958333333333,0.0129791666666666,0.0146208333333333,0.015225,0.0110291666666666,0.0151791666666666,0.0120833333333333,0.0172125,0.0116291666666666,0.0149833333333333,0.0125416666666666,0.0132875,0.0147166666666666,0.01285,0.0162541666666666,0.0172375,0.0149833333333333,0.0136666666666666,0.0163208333333333,0.01655,0.0167166666666666,0.0160166666666666,0.0135875,0.0141999999999999,0.0139499999999999,0.0152749999999999,0.0129249999999999,0.0131791666666666,0.0125916666666666
0.0139916666666666,0.0143166666666666,0.0140333333333333,0.0132666666666666,0.0135583333333333,0.0142791666666666,0.0146625,0.0139875,0.0096666666666666,0.0115416666666666,0.0110166666666666,0.0134583333333333,0.013525,0.0144625,0.0117041666666666,0.0113958333333333,0.0121416666666666,0.0116583333333333,0.0155083333333333,0.0154041666666666,0.0144625,0.0140291666666666,0.0139708333333333,0.0147583333333333,0.0149375,0.0138583333333333,0.0126583333333333,0.0142125,0.01235,0.0125666666666666,0.01245,0.0132666666666666,0.01275
0.0106166666666666,0.0143541666666666,0.0126208333333333,0.0138749999999999,0.0121125,0.0131,0.0121541666666666,0.0122666666666666,0.0076875,0.0107249999999999,0.0088333333333333,0.0107541666666666,0.010825,0.0114708333333333,0.0120541666666666,0.0099333333333333,0.0106541666666666,0.0091041666666666,0.0127958333333333,0.0155333333333333,0.0114708333333333,0.0118666666666666,0.0139208333333333,0.0148916666666666,0.01485,0.0112541666666666,0.0139791666666666,0.0118208333333333,0.0118333333333333,0.0125166666666666,0.0137208333333333,0.0138749999999999,0.0120541666666666
0.0122041666666666,0.0141916666666666,0.0144166666666666,0.0137541666666666,0.013675,0.01335,0.0143166666666666,0.0133958333333333,0.0070083333333333,0.0131666666666666,0.0097208333333333,0.0130416666666666,0.0114916666666666,0.0133208333333333,0.0129,0.0116083333333333,0.0119125,0.0115375,0.0137583333333333,0.0150958333333333,0.0133208333333333,0.0133333333333333,0.0129333333333333,0.0141333333333333,0.0138791666666666,0.0140583333333333,0.0119291666666666,0.01325,0.0124083333333333,0.0134458333333333,0.0131999999999999,0.0139333333333333,0.0129833333333333
0.0144458333333333,0.0134041666666666,0.0151291666666666,0.0142083333333333,0.014225,0.0155583333333333,0.0147416666666666,0.0167833333333333,0.0062958333333333,0.0118833333333333,0.012225,0.0122916666666666,0.012175,0.0160958333333333,0.0139458333333333,0.0141791666666666,0.0137958333333333,0.0141083333333333,0.0151166666666666,0.0145125,0.0160958333333333,0.0150125,0.0144875,0.0133875,0.0138166666666666,0.0126124999999999,0.0124458333333333,0.0147666666666666,0.0127625,0.0145041666666666,0.0126666666666666,0.0143541666666666,0.0144958333333333
0.012225,0.0155208333333333,0.014325,0.0130958333333333,0.0140333333333333,0.0152708333333333,0.0147083333333333,0.0168416666666666,0.0082416666666666,0.012725,0.0121249999999999,0.0140541666666666,0.0128958333333333,0.0166541666666666,0.0118916666666666,0.0126291666666666,0.0135083333333333,0.0119041666666666,0.0133249999999999,0.0164291666666666,0.0166541666666666,0.0155666666666666,0.0132625,0.0162416666666666,0.0165791666666666,0.0147958333333333,0.0126,0.0152875,0.0131833333333333,0.0154083333333333,0.0130208333333333,0.0130958333333333,0.0127916666666666
0.0140416666666666,0.01505,0.017275,0.0132791666666666,0.0167333333333333,0.0159166666666666,0.0178541666666666,0.018125,0.009025,0.0130041666666666,0.0136875,0.0133041666666666,0.0133,0.0178541666666666,0.0137166666666666,0.0145874999999999,0.0157291666666666,0.0131666666666666,0.0156749999999999,0.0160416666666666,0.0178541666666666,0.0168791666666666,0.0163375,0.0154208333333333,0.0151833333333333,0.0140625,0.0127333333333333,0.0172791666666666,0.0128375,0.01635,0.0132791666666666,0.0133666666666666,0.0142458333333333
0.0141249999999999,0.0106041666666666,0.0160208333333333,0.0110708333333333,0.01555,0.0148208333333333,0.0165666666666666,0.0166416666666666,0.0088,0.0102333333333333,0.0128666666666666,0.0104416666666666,0.0128166666666666,0.0166166666666666,0.0109125,0.0115541666666666,0.0132166666666666,0.0105416666666666,0.0150666666666666,0.0104,0.0166166666666666,0.01585,0.0133208333333333,0.0096833333333333,0.0100166666666666,0.0108083333333333,0.0094208333333333,0.0160166666666666,0.0098999999999999,0.0161708333333333,0.0099083333333333,0.0111291666666666,0.0143083333333333
0.0122833333333333,0.0102208333333333,0.013525,0.0100916666666666,0.0128624999999999,0.013975,0.0138166666666666,0.01335,0.0082416666666666,0.0096333333333333,0.01235,0.0103375,0.0121916666666666,0.0134583333333333,0.0107374999999999,0.012075,0.0130166666666666,0.0119,0.0146,0.0105166666666666,0.0134583333333333,0.0137958333333333,0.0137125,0.0093,0.0104166666666666,0.0101291666666666,0.0091166666666666,0.0140583333333333,0.0103249999999999,0.0129,0.0096625,0.0101374999999999,0.0125666666666666
0.0125333333333333,0.0119041666666666,0.013275,0.0107291666666666,0.0126249999999999,0.0139833333333333,0.013625,0.0146,0.007975,0.0110458333333333,0.0115875,0.0113208333333333,0.0124208333333333,0.0145291666666666,0.01075,0.0115958333333333,0.0123375,0.0112416666666666,0.0140333333333333,0.0113958333333333,0.0145291666666666,0.0136458333333333,0.0133416666666666,0.0108041666666666,0.0111875,0.0121,0.0101708333333333,0.0135333333333333,0.0107416666666666,0.0141958333333333,0.0105416666666666,0.0107208333333333,0.0129333333333333
0.0129958333333333,0.0145083333333333,0.0135333333333333,0.0120541666666666,0.01285,0.0135041666666666,0.013625,0.0133625,0.0077166666666666,0.0139041666666666,0.0123375,0.014325,0.0114916666666666,0.013625,0.0113708333333333,0.0117166666666666,0.0134666666666666,0.0116125,0.0148958333333333,0.0132791666666666,0.013625,0.012975,0.0140916666666666,0.0130791666666666,0.0137458333333333,0.0146791666666666,0.0123958333333333,0.0135375,0.0127541666666666,0.013475,0.0128291666666666,0.012,0.0133249999999999
0.01355,0.0173208333333333,0.0152416666666666,0.014975,0.0144083333333333,0.01545,0.0157666666666666,0.0165208333333333,0.0072583333333333,0.0152708333333333,0.0142625,0.0158291666666666,0.0119208333333333,0.0165166666666666,0.0148875,0.0157208333333333,0.0170541666666666,0.0136458333333333,0.0155208333333333,0.0171333333333333,0.0165166666666666,0.0159291666666666,0.0166666666666666,0.0161041666666666,0.0177541666666666,0.0157208333333333,0.0153874999999999,0.0164708333333333,0.0158958333333333,0.0152791666666666,0.0157999999999999,0.0151333333333333,0.015175
0.012175,0.00895,0.0115708333333333,0.0083791666666666,0.0112208333333333,0.0122125,0.0121,0.0124625,0.0083541666666666,0.009,0.0081208333333333,0.0102208333333333,0.0116541666666666,0.012575,0.0071916666666666,0.0076166666666666,0.0106458333333333,0.0070791666666666,0.0129083333333333,0.008625,0.012575,0.0122708333333333,0.0126083333333333,0.0082666666666666,0.0089666666666666,0.0095291666666666,0.008375,0.0125958333333333,0.0089916666666666,0.0149208333333333,0.0088041666666666,0.0084375,0.0097375
0.0096791666666666,0.0084416666666666,0.010575,0.0081875,0.0098708333333333,0.0109749999999999,0.0107166666666666,0.011325,0.0076958333333333,0.0086375,0.0089583333333333,0.0092041666666666,0.0096,0.0112875,0.008075,0.008675,0.0093458333333333,0.0087958333333333,0.0114291666666666,0.007825,0.0112875,0.0112,0.0104291666666666,0.007575,0.0079041666666666,0.0088541666666666,0.0084166666666666,0.0113583333333333,0.00845,0.01215,0.0085833333333333,0.0082166666666666,0.0088791666666666
0.0072499999999999,0.0059791666666666,0.0085375,0.0059499999999999,0.0077083333333333,0.0088375,0.0086541666666666,0.010125,0.0073666666666666,0.0055125,0.0058541666666666,0.0054916666666666,0.0094708333333333,0.0100083333333333,0.0054166666666666,0.00575,0.0064041666666666,0.0054041666666666,0.008375,0.0062,0.0100083333333333,0.0093458333333333,0.0081125,0.0054583333333333,0.0058791666666666,0.0054583333333333,0.0061291666666666,0.0098875,0.0060041666666666,0.0115,0.0061083333333333,0.00585,0.0087583333333333
0.0085999999999999,0.0090166666666666,0.0105958333333333,0.0080416666666666,0.0098958333333333,0.0104083333333333,0.0105625,0.0110041666666666,0.0069999999999999,0.008225,0.00805,0.00855,0.0107458333333333,0.0108666666666666,0.0073,0.0085541666666666,0.0093583333333333,0.0070958333333333,0.0107958333333333,0.0087375,0.0108666666666666,0.0105041666666666,0.0110291666666666,0.008375,0.0090125,0.0087708333333333,0.0083416666666666,0.0106833333333333,0.0085708333333333,0.0111583333333333,0.008425,0.0080208333333333,0.009875
0.0077125,0.0070041666666666,0.0102374999999999,0.0081,0.009575,0.0096333333333333,0.0098791666666666,0.00965,0.0054083333333333,0.0067625,0.0067208333333333,0.0068958333333333,0.0086958333333333,0.0091333333333333,0.0073416666666666,0.0073708333333333,0.007825,0.0069833333333333,0.0098291666666666,0.0070125,0.0091333333333333,0.0095333333333333,0.0096833333333333,0.0065208333333333,0.0066458333333333,0.0072333333333333,0.007225,0.0096583333333333,0.0069,0.0096125,0.007275,0.0080833333333333,0.0100208333333333
0.0055333333333333,0.008,0.0071541666666666,0.0075041666666666,0.0066708333333333,0.009025,0.0068458333333333,0.0092125,0.0035541666666666,0.006875,0.0064458333333333,0.0066208333333333,0.0082624999999999,0.0096666666666666,0.0069166666666666,0.0069375,0.0069583333333333,0.0063458333333333,0.0072166666666666,0.0078541666666666,0.0096666666666666,0.0083583333333333,0.0073958333333333,0.0073333333333333,0.0077541666666666,0.0068125,0.0075958333333333,0.0083208333333333,0.0068916666666666,0.0099583333333333,0.0075666666666666,0.0075916666666666,0.0081666666666666
0.0086166666666666,0.0085083333333333,0.0106166666666666,0.0082958333333333,0.0098458333333333,0.0108583333333333,0.0105958333333333,0.0115416666666666,0.0044249999999999,0.0076083333333333,0.0085166666666666,0.0075583333333333,0.0095458333333333,0.0117583333333333,0.008525,0.0090916666666666,0.0090041666666666,0.0081583333333333,0.0111666666666666,0.0085791666666666,0.0117583333333333,0.0109041666666666,0.0103166666666666,0.00785,0.0085583333333333,0.007925,0.0083166666666666,0.0119458333333333,0.007325,0.0129666666666666,0.0082166666666666,0.0083625,0.0102333333333333
0.0096791666666666,0.009075,0.0109583333333333,0.0088916666666666,0.0100875,0.0108958333333333,0.0110666666666666,0.0123291666666666,0.00545,0.0085791666666666,0.00885,0.0086708333333333,0.01015,0.0123291666666666,0.0095208333333333,0.009675,0.0101166666666666,0.0095833333333333,0.0114541666666666,0.0089083333333333,0.0123291666666666,0.0113041666666666,0.0100708333333333,0.0086291666666666,0.009025,0.0089375,0.0088041666666666,0.011825,0.0084916666666666,0.0133583333333333,0.0088583333333333,0.0090875,0.0081458333333333
0.0094833333333333,0.008575,0.0103833333333333,0.0091624999999999,0.0098291666666666,0.0102541666666666,0.011,0.0121541666666666,0.0033624999999999,0.0082166666666666,0.0093541666666666,0.0093666666666666,0.0069291666666666,0.0119291666666666,0.0093083333333333,0.0099833333333333,0.0110541666666666,0.00955,0.0112958333333333,0.0084333333333333,0.0119291666666666,0.0111291666666666,0.0102416666666666,0.0079375,0.0083,0.0092708333333333,0.0089333333333333,0.0112249999999999,0.009275,0.0102708333333333,0.0093666666666666,0.0093541666666666,0.008925
0.0082458333333333,0.0089375,0.0094541666666666,0.0081583333333333,0.0091375,0.0103333333333333,0.0098916666666666,0.0109958333333333,0.0029083333333333,0.0078583333333333,0.0078458333333333,0.0088708333333333,0.0066291666666666,0.0113208333333333,0.0080791666666666,0.0083916666666666,0.0087833333333333,0.0083958333333333,0.0102416666666666,0.0080875,0.0113208333333333,0.0101333333333333,0.009725,0.0078291666666666,0.0080625,0.0089833333333333,0.0079791666666666,0.00995,0.0076833333333333,0.0097,0.0079291666666666,0.00825,0.00985
0.0082083333333333,0.0068666666666666,0.0105708333333333,0.0078583333333333,0.0096625,0.010575,0.0107458333333333,0.0112333333333333,0.0025791666666666,0.0067958333333333,0.0072541666666666,0.0072791666666666,0.0062833333333333,0.0112083333333333,0.0076833333333333,0.0073666666666666,0.0082458333333333,0.0073583333333333,0.0106958333333333,0.0063875,0.0112083333333333,0.0109249999999999,0.0097333333333333,0.0061833333333333,0.0062083333333333,0.0065958333333333,0.0075458333333333,0.0107541666666666,0.0066958333333333,0.0093458333333333,0.0074333333333333,0.0078583333333333,0.0103916666666666
0.0089458333333333,0.00805,0.0108791666666666,0.0089125,0.0101416666666666,0.0112541666666666,0.0111124999999999,0.0128624999999999,0.0026333333333333,0.0077958333333333,0.0087708333333333,0.0079916666666666,0.0061666666666666,0.0127125,0.0087166666666666,0.0086125,0.0094708333333333,0.0083083333333333,0.011025,0.0078333333333333,0.0127125,0.0115541666666666,0.0103041666666666,0.0076916666666666,0.0078458333333333,0.0074875,0.0084166666666666,0.0112333333333333,0.0074208333333333,0.0087458333333333,0.0083208333333333,0.0090125,0.0106708333333333
0.0103583333333333,0.0120083333333333,0.011825,0.0116916666666666,0.0114166666666666,0.0123791666666666,0.0124333333333333,0.0137375,0.0021916666666666,0.0106958333333333,0.0114708333333333,0.0113,0.0054708333333333,0.0136458333333333,0.0109125,0.01075,0.0123625,0.0106416666666666,0.01235,0.0117,0.0136458333333333,0.0124583333333333,0.0120125,0.0114208333333333,0.0121208333333333,0.0114666666666666,0.0114041666666666,0.0124,0.0104875,0.0086375,0.0111,0.0118333333333333,0.0114083333333333
0.0084916666666666,0.0076791666666666,0.007825,0.0067208333333333,0.00765,0.0070958333333333,0.0080541666666666,0.0067125,0.0019125,0.0066375,0.0076999999999999,0.0078958333333333,0.0049666666666666,0.00715,0.006075,0.0072125,0.0081625,0.0064416666666666,0.0097375,0.0075291666666666,0.00715,0.0071833333333333,0.0091458333333333,0.0073708333333333,0.007725,0.007825,0.0063916666666666,0.0077083333333333,0.0070041666666666,0.008425,0.0063291666666666,0.0067583333333333,0.0074583333333333
0.0084958333333333,0.0077541666666666,0.0083333333333333,0.0074583333333333,0.0081416666666666,0.008075,0.008775,0.0077625,0.0027541666666666,0.0074166666666666,0.0076375,0.0080708333333333,0.004225,0.0082208333333333,0.0069958333333333,0.00715,0.0082666666666666,0.0071208333333333,0.0099333333333333,0.0069375,0.0082208333333333,0.0079375,0.0092708333333333,0.0067625,0.0070708333333333,0.00825,0.0075583333333333,0.0083125,0.0075,0.0067125,0.0075124999999999,0.0075375,0.0078791666666666
0.009075,0.0094875,0.0093041666666666,0.0090291666666666,0.0092041666666666,0.0091416666666666,0.0097375,0.0086541666666666,0.0018666666666666,0.0089625,0.0080958333333333,0.0098541666666666,0.0034041666666666,0.00905,0.0085,0.0077166666666666,0.0086,0.0079624999999999,0.0105583333333333,0.0098875,0.00905,0.0090125,0.0099083333333333,0.0094291666666666,0.0100791666666666,0.0095583333333333,0.0087583333333333,0.0093458333333333,0.0087458333333333,0.0054166666666666,0.008275,0.0091083333333333,0.0088458333333333
0.009825,0.0095125,0.0095083333333333,0.0091166666666666,0.0094458333333333,0.0093499999999999,0.0100208333333333,0.0094083333333333,0.0022708333333333,0.0088375,0.0088208333333333,0.0097749999999999,0.0047083333333333,0.0095541666666666,0.0091958333333333,0.0090541666666666,0.0094458333333333,0.0091833333333333,0.0113583333333333,0.0093041666666666,0.0095541666666666,0.0094375,0.0107125,0.00915,0.0094583333333333,0.0096625,0.0091166666666666,0.0101416666666666,0.0093458333333333,0.0073291666666666,0.0088041666666666,0.0091624999999999,0.009125
0.0090291666666666,0.0094625,0.0097041666666666,0.0096958333333333,0.0096,0.01065,0.0105208333333333,0.0107625,0.0014625,0.0092583333333333,0.0087833333333333,0.0098625,0.0039375,0.0109333333333333,0.0097,0.0090291666666666,0.0093916666666666,0.0094958333333333,0.0105541666666666,0.0086416666666666,0.0109333333333333,0.0104666666666666,0.0102625,0.0082708333333333,0.0087,0.0097708333333333,0.0094,0.0104166666666666,0.0093958333333333,0.0070708333333333,0.0090916666666666,0.0099125,0.0097375
0.0092708333333333,0.0082125,0.0096916666666666,0.0084625,0.0097958333333333,0.0095333333333333,0.0105999999999999,0.0090958333333333,0.0015291666666666,0.0084916666666666,0.0077333333333333,0.00965,0.0038,0.0093333333333333,0.0075416666666666,0.0077166666666666,0.0084916666666666,0.0075291666666666,0.0106166666666666,0.0080583333333333,0.0093333333333333,0.0098,0.0095541666666666,0.0077291666666666,0.0085041666666666,0.0089583333333333,0.007775,0.0103916666666666,0.0083,0.006375,0.0074958333333333,0.0084374999999999,0.0097291666666666
0.0036999999999999,0.0028125,0.0057541666666666,0.0026791666666666,0.0054666666666666,0.0055333333333333,0.0058833333333333,0.0055291666666666,0.0012,0.0026083333333333,0.0030916666666666,0.0032791666666666,0.0044041666666666,0.0055333333333333,0.0025208333333333,0.0028583333333333,0.0035875,0.0026208333333333,0.0051166666666666,0.0022958333333333,0.0055333333333333,0.0057,0.0042958333333333,0.0020458333333333,0.002375,0.0029083333333333,0.0023333333333333,0.0059791666666666,0.0027916666666666,0.0068499999999999,0.0024666666666666,0.0025583333333333,0.0048375
0.0055458333333333,0.0047208333333333,0.0059958333333333,0.0041416666666666,0.0057125,0.0063,0.0062166666666666,0.005825,0.0015666666666666,0.0042583333333333,0.0035458333333333,0.0048708333333333,0.0038458333333333,0.0060458333333333,0.0034583333333333,0.0035541666666666,0.0042499999999999,0.0032125,0.0064625,0.0044083333333333,0.0060458333333333,0.0063333333333333,0.0055541666666666,0.0039541666666666,0.0046541666666666,0.00465,0.0041208333333333,0.0064,0.0044708333333333,0.0059208333333333,0.0040833333333333,0.004075,0.0053541666666666
0.0056666666666666,0.0054666666666666,0.0064791666666666,0.0051708333333333,0.0059499999999999,0.0065875,0.0065958333333333,0.0069958333333333,0.0013625,0.0051541666666666,0.0046541666666666,0.0058958333333333,0.0038916666666666,0.0070583333333333,0.0046333333333333,0.0044208333333333,0.0051875,0.0044625,0.0068625,0.0049208333333333,0.0070583333333333,0.0069083333333333,0.0065125,0.0045791666666666,0.0050875,0.0057666666666666,0.0052416666666666,0.00705,0.0052666666666666,0.0059166666666666,0.0051666666666666,0.0051416666666666,0.0060583333333333
0.0057625,0.0052666666666666,0.0066083333333333,0.0044,0.0061166666666666,0.0065,0.0067583333333333,0.0074208333333333,0.00105,0.0045041666666666,0.0045,0.0051541666666666,0.0039208333333333,0.0074583333333333,0.0037125,0.0040041666666666,0.0050041666666666,0.0038625,0.0070916666666666,0.0055249999999999,0.0074583333333333,0.0072291666666666,0.0066583333333333,0.0051541666666666,0.0056208333333333,0.0048708333333333,0.0039375,0.0074208333333333,0.0044541666666666,0.0056583333333333,0.0040208333333333,0.0044208333333333,0.0060166666666666
0.0047625,0.0029875,0.0061208333333333,0.0035791666666666,0.0060375,0.0067125,0.0066833333333333,0.0068083333333333,0.0009958333333333,0.0034375,0.0032791666666666,0.0030416666666666,0.0044833333333333,0.0068125,0.0028333333333333,0.0027041666666666,0.0034416666666666,0.0027083333333333,0.0067833333333333,0.0027083333333333,0.0068125,0.0068041666666666,0.0059541666666666,0.0023833333333333,0.0025625,0.0029374999999999,0.0031291666666666,0.0068875,0.0032541666666666,0.0064875,0.0032541666666666,0.0035166666666666,0.0062041666666666
0.0043458333333333,0.0031708333333333,0.0055708333333333,0.0031333333333333,0.0051916666666666,0.00595,0.0059833333333333,0.0060291666666666,0.0008833333333333,0.00315,0.0029958333333333,0.0033125,0.0038708333333333,0.006125,0.0024708333333333,0.0025083333333333,0.0032624999999999,0.0025333333333333,0.0062583333333333,0.00305,0.006125,0.0060125,0.00505,0.002725,0.0030624999999999,0.0031791666666666,0.0026833333333333,0.0060916666666666,0.0030083333333333,0.0058375,0.0028416666666666,0.0030833333333333,0.0054416666666666
0.0039291666666666,0.002675,0.0045208333333333,0.0028666666666666,0.0043958333333333,0.0049708333333333,0.0050208333333333,0.0053666666666666,0.0008125,0.0025833333333333,0.0034791666666666,0.0024333333333333,0.0044875,0.0056541666666666,0.0031208333333333,0.0034916666666666,0.0037208333333333,0.0032,0.0049166666666666,0.0023333333333333,0.0056541666666666,0.0051333333333333,0.0043875,0.0021416666666666,0.0023625,0.0022958333333333,0.0027375,0.0053916666666666,0.0024666666666666,0.0055083333333333,0.002825,0.0029083333333333,0.0050875
0.0042999999999999,0.0023416666666666,0.0052916666666666,0.0030791666666666,0.0051541666666666,0.0059416666666666,0.005575,0.0060333333333333,0.0008666666666666,0.0025541666666666,0.0035666666666666,0.002575,0.0042833333333333,0.0063333333333333,0.0031583333333333,0.0031458333333333,0.0040625,0.0027749999999999,0.0055041666666666,0.0019958333333333,0.0063333333333333,0.0059291666666666,0.00535,0.0017333333333333,0.0018166666666666,0.0022708333333333,0.00285,0.0061291666666666,0.002675,0.0059708333333333,0.0028833333333333,0.0031,0.0058125
0.0049458333333333,0.0025625,0.0057875,0.0033708333333333,0.0056458333333333,0.0059916666666666,0.0062583333333333,0.0056916666666666,0.0020208333333333,0.002475,0.0039875,0.002425,0.0042583333333333,0.0057833333333333,0.0030875,0.0037,0.0044041666666666,0.0034249999999999,0.0060583333333333,0.00245,0.0057833333333333,0.0061333333333333,0.0053374999999999,0.002075,0.0023541666666666,0.0022708333333333,0.002675,0.006325,0.0025833333333333,0.0060333333333333,0.0026833333333333,0.0034375,0.0058958333333333
0.004475,0.0034583333333333,0.005775,0.0041916666666666,0.0054958333333333,0.00565,0.0058541666666666,0.0055791666666666,0.0018,0.0036583333333333,0.0036166666666666,0.0038708333333333,0.0045791666666666,0.0056791666666666,0.0036041666666666,0.0034375,0.0040708333333333,0.0034249999999999,0.0058874999999999,0.0030166666666666,0.0056791666666666,0.0056875,0.0050375,0.0028875,0.0029416666666666,0.0035916666666666,0.003175,0.0058541666666666,0.0038833333333333,0.00635,0.003325,0.0041333333333333,0.0053458333333333
0.0048583333333333,0.0033291666666666,0.0060458333333333,0.0044791666666666,0.0056041666666666,0.006325,0.0061708333333333,0.0062458333333333,0.0015125,0.0038833333333333,0.0040625,0.0040875,0.0045583333333333,0.0062958333333333,0.0041958333333333,0.0037333333333333,0.004425,0.0038666666666666,0.0058291666666666,0.0030125,0.0062958333333333,0.0062875,0.0054125,0.0026999999999999,0.00295,0.0035625,0.0033291666666666,0.0063041666666666,0.0038625,0.0072499999999999,0.0036625,0.0044333333333333,0.0056124999999999
0.0055583333333333,0.0040708333333333,0.0065,0.0047625,0.0061249999999999,0.0066208333333333,0.0066541666666666,0.0067375,0.0016625,0.0045375,0.0045583333333333,0.0048875,0.00425,0.0067666666666666,0.0039875,0.0044375,0.0050541666666666,0.0042541666666666,0.0070333333333333,0.0034291666666666,0.0067666666666666,0.0066791666666666,0.0062,0.0032916666666666,0.0035041666666666,0.0046958333333333,0.0039833333333333,0.0068375,0.0047,0.006425,0.0040458333333333,0.0047208333333333,0.0060166666666666
0.005425,0.0045499999999999,0.0060624999999999,0.0050083333333333,0.0059875,0.0061916666666666,0.0063208333333333,0.0061375,0.0008583333333333,0.0049833333333333,0.0048041666666666,0.0049583333333333,0.0042708333333333,0.006425,0.0049958333333333,0.0047291666666666,0.0053166666666666,0.0045833333333333,0.0065791666666666,0.0039958333333333,0.006425,0.0060125,0.0063375,0.003675,0.0041291666666666,0.0047666666666666,0.004725,0.006025,0.0046458333333333,0.0049875,0.0043458333333333,0.005025,0.0059083333333333
0.0062125,0.0048166666666666,0.0061291666666666,0.0054166666666666,0.0062458333333333,0.0070333333333333,0.0065291666666666,0.0070416666666666,0.0009375,0.00525,0.0046958333333333,0.0052791666666666,0.0040291666666666,0.007075,0.0045583333333333,0.0043833333333333,0.00535,0.0042833333333333,0.0066416666666666,0.0043458333333333,0.007075,0.0069416666666666,0.0066125,0.0041125,0.0044458333333333,0.0050125,0.0046749999999999,0.0069333333333333,0.0049041666666666,0.0052541666666666,0.004525,0.0054791666666666,0.0067249999999999
0.0062791666666666,0.0083375,0.006625,0.007875,0.0066708333333333,0.0067041666666666,0.0070708333333333,0.0067583333333333,0.0010625,0.0082541666666666,0.0061791666666666,0.0093583333333333,0.0037166666666666,0.0070624999999999,0.0063,0.0061208333333333,0.0068541666666666,0.0059999999999999,0.0074125,0.0079291666666666,0.0070624999999999,0.0068041666666666,0.007275,0.0079208333333333,0.0084041666666666,0.0086625,0.0073,0.0073083333333333,0.0078666666666666,0.0054333333333333,0.0056208333333333,0.0078791666666666,0.0069291666666666
0.0043083333333333,0.0029041666666666,0.0042166666666666,0.0028708333333333,0.0041083333333333,0.0039041666666666,0.0043,0.0038291666666666,0.0010125,0.0028666666666666,0.0026875,0.0033958333333333,0.0035416666666666,0.0040041666666666,0.0031708333333333,0.0036249999999999,0.00365,0.003275,0.005075,0.0025625,0.0040041666666666,0.0039125,0.0048791666666666,0.0023666666666666,0.0025708333333333,0.0030624999999999,0.0026041666666666,0.0041541666666666,0.002825,0.0050166666666666,0.0025875,0.00285,0.0036
0.003975,0.0029,0.0043291666666666,0.0029416666666666,0.0042041666666666,0.0039916666666666,0.0043666666666666,0.0034791666666666,0.0013125,0.0031875,0.0032458333333333,0.0031833333333333,0.0028958333333333,0.0035375,0.0033458333333333,0.0031458333333333,0.0034791666666666,0.0029958333333333,0.0050666666666666,0.0025208333333333,0.0035375,0.0039458333333333,0.0046333333333333,0.00235,0.0024291666666666,0.0029374999999999,0.0030833333333333,0.0041125,0.0029999999999999,0.0040666666666666,0.0029916666666666,0.0028708333333333,0.0040083333333333
0.004125,0.0045625,0.0045958333333333,0.004475,0.0044666666666666,0.0046083333333333,0.0047583333333333,0.0043916666666666,0.0009291666666666,0.0043916666666666,0.0032,0.0046083333333333,0.0028916666666666,0.0045625,0.0039208333333333,0.0037125,0.0037875,0.0037291666666666,0.0052583333333333,0.0039708333333333,0.0045625,0.0046749999999999,0.0050333333333333,0.0039041666666666,0.0041166666666666,0.0044791666666666,0.0038916666666666,0.0048708333333333,0.0043541666666666,0.0040791666666666,0.0039583333333333,0.00445,0.0046916666666666
0.0038458333333333,0.0027333333333333,0.0042333333333333,0.0024958333333333,0.0042583333333333,0.0045708333333333,0.0048041666666666,0.0043916666666666,0.0008166666666666,0.0027875,0.0021208333333333,0.0030916666666666,0.0035375,0.0045416666666666,0.0021874999999999,0.0020791666666666,0.0027166666666666,0.0021625,0.0050875,0.0023,0.0045416666666666,0.0045875,0.0042083333333333,0.0022375,0.00235,0.0027583333333333,0.0021583333333333,0.0048541666666666,0.0025291666666666,0.0044958333333333,0.0022875,0.002425,0.00485
0.0037708333333333,0.0021916666666666,0.0046583333333333,0.0024,0.0045,0.0047666666666666,0.00465,0.0044916666666666,0.0009708333333333,0.0024208333333333,0.002475,0.0023416666666666,0.0043625,0.0045333333333333,0.0022666666666666,0.0022958333333333,0.0027958333333333,0.0021458333333333,0.0048208333333333,0.0018458333333333,0.0045333333333333,0.0046749999999999,0.0039708333333333,0.0016875,0.0017875,0.0021041666666666,0.0021208333333333,0.0049208333333333,0.0021583333333333,0.004875,0.0022791666666666,0.0023583333333333,0.0048375
0.0039958333333333,0.0031708333333333,0.0045125,0.0027375,0.00445,0.00455,0.0045458333333333,0.004325,0.0009541666666666,0.0031791666666666,0.0034,0.002925,0.0045208333333333,0.0044375,0.003675,0.0035916666666666,0.0036958333333333,0.0035708333333333,0.0048333333333333,0.0027541666666666,0.0044375,0.0044541666666666,0.0044666666666666,0.0024416666666666,0.0026999999999999,0.0026333333333333,0.0030333333333333,0.0048291666666666,0.0027666666666666,0.0062666666666666,0.0031875,0.0028125,0.0045666666666666
0.0049375,0.0035791666666666,0.0060291666666666,0.0036208333333333,0.0058375,0.0058916666666666,0.0060875,0.0054375,0.0009125,0.0037375,0.0030916666666666,0.0042541666666666,0.0038333333333333,0.0056166666666666,0.0026541666666666,0.0028374999999999,0.0036291666666666,0.0026541666666666,0.0061249999999999,0.0030166666666666,0.0056166666666666,0.0058166666666666,0.0047916666666666,0.0029,0.0030833333333333,0.0039083333333333,0.0030583333333333,0.0062208333333333,0.0037041666666666,0.0053583333333333,0.0031458333333333,0.003525,0.0060458333333333
0.0051583333333333,0.0054291666666666,0.0062666666666666,0.0054041666666666,0.0059583333333333,0.0067125,0.0063416666666666,0.0066958333333333,0.0013,0.0054791666666666,0.0038041666666666,0.0060916666666666,0.0036583333333333,0.0071208333333333,0.0046916666666666,0.0041791666666666,0.0042041666666666,0.0046041666666666,0.0062708333333333,0.0048583333333333,0.0071208333333333,0.0066333333333333,0.0052749999999999,0.0048416666666666,0.0049666666666666,0.0058874999999999,0.0050458333333333,0.0069166666666666,0.0056291666666666,0.0042916666666666,0.0049458333333333,0.005325,0.0066416666666666
0.0058125,0.0059375,0.0072875,0.0059416666666666,0.0067916666666666,0.0077416666666666,0.0072916666666666,0.008025,0.0019666666666666,0.0059291666666666,0.0053333333333333,0.0064291666666666,0.0037875,0.0081875,0.0056208333333333,0.0057083333333333,0.00585,0.0055249999999999,0.0070833333333333,0.0051375,0.0081875,0.0078625,0.0063375,0.0051708333333333,0.0053291666666666,0.0063124999999999,0.0058833333333333,0.0078625,0.0062083333333333,0.0046875,0.0045541666666666,0.0059166666666666,0.0074291666666666
0.0061916666666666,0.0062541666666666,0.0070999999999999,0.0057666666666666,0.006925,0.0074333333333333,0.0074833333333333,0.0084916666666666,0.0015833333333333,0.0059166666666666,0.0049291666666666,0.0067666666666666,0.0037541666666666,0.00845,0.0053374999999999,0.0054916666666666,0.0057791666666666,0.0052708333333333,0.0077041666666666,0.0057625,0.00845,0.0079958333333333,0.0065083333333333,0.0056916666666666,0.0060166666666666,0.0064124999999999,0.0060166666666666,0.0080666666666666,0.0061958333333333,0.0049416666666666,0.0041,0.0057583333333333,0.007225
0.0054833333333333,0.0036083333333333,0.0061666666666666,0.0038333333333333,0.0058791666666666,0.0059916666666666,0.0063041666666666,0.0058833333333333,0.0015708333333333,0.0034874999999999,0.0035583333333333,0.0041458333333333,0.0038916666666666,0.0061458333333333,0.003875,0.0037416666666666,0.0043833333333333,0.0038666666666666,0.0068916666666666,0.0032083333333333,0.0061458333333333,0.0061125,0.0054833333333333,0.0030916666666666,0.0031583333333333,0.0039583333333333,0.0036708333333333,0.0064416666666666,0.0042583333333333,0.0052083333333333,0.0036666666666666,0.0038166666666666,0.0057875
0.0056208333333333,0.0054041666666666,0.0061833333333333,0.0057208333333333,0.005825,0.0064208333333333,0.0063666666666666,0.0069208333333333,0.0011833333333333,0.0053041666666666,0.0053041666666666,0.0057916666666666,0.0041291666666666,0.0070541666666666,0.0053916666666666,0.0051624999999999,0.0058333333333333,0.0054291666666666,0.0069208333333333,0.0049375,0.0070541666666666,0.0065125,0.0062041666666666,0.0046958333333333,0.0048541666666666,0.0052833333333333,0.0055083333333333,0.0068166666666666,0.0056583333333333,0.0054125,0.0053916666666666,0.0057291666666666,0.0064791666666666
0.005725,0.00385,0.006825,0.004125,0.006675,0.0072083333333333,0.0070208333333333,0.006675,0.00255,0.0039333333333333,0.0048583333333333,0.0041,0.0047083333333333,0.0068291666666666,0.0036958333333333,0.0035916666666666,0.0052875,0.0033666666666666,0.0074375,0.0032625,0.0068291666666666,0.0071874999999999,0.0064291666666666,0.0029833333333333,0.0032333333333333,0.003725,0.0033833333333333,0.0072791666666666,0.0038,0.0064125,0.0037666666666666,0.0041041666666666,0.007025
0.0052208333333333,0.0045583333333333,0.0061958333333333,0.0048458333333333,0.0059,0.0068958333333333,0.00645,0.0069875,0.0037208333333333,0.0044708333333333,0.0051125,0.0048333333333333,0.0045833333333333,0.0070666666666666,0.00515,0.0052749999999999,0.0055208333333333,0.0050375,0.0065916666666666,0.0040958333333333,0.0070666666666666,0.0067958333333333,0.006225,0.0040125,0.0041041666666666,0.0048166666666666,0.0046375,0.0066375,0.0050125,0.0061291666666666,0.0037833333333333,0.0048583333333333,0.0065
0.0044416666666666,0.0034125,0.00535,0.0045208333333333,0.0051041666666666,0.005475,0.0051291666666666,0.0057791666666666,0.0023541666666666,0.0037125,0.0043958333333333,0.0037875,0.005375,0.0059333333333333,0.0048333333333333,0.0047083333333333,0.00505,0.004825,0.0057541666666666,0.0031083333333333,0.0059333333333333,0.0052458333333333,0.0053291666666666,0.0029291666666666,0.0031125,0.0034208333333333,0.0039625,0.0055666666666666,0.0037291666666666,0.0069333333333333,0.003875,0.0045,0.0054874999999999
0.0066333333333333,0.0048208333333333,0.0073416666666666,0.0062499999999999,0.0070416666666666,0.0070666666666666,0.00755,0.0063833333333333,0.0021416666666666,0.0050958333333333,0.005725,0.0051166666666666,0.0034291666666666,0.0065083333333333,0.0054083333333333,0.0053208333333333,0.0069208333333333,0.0054083333333333,0.0083583333333333,0.0042499999999999,0.0065083333333333,0.0071041666666666,0.0073708333333333,0.0039208333333333,0.0042875,0.0050625,0.0052583333333333,0.0075166666666666,0.0052833333333333,0.0051958333333333,0.0054833333333333,0.0062708333333333,0.0072875
0.0057208333333333,0.005,0.0071041666666666,0.0058041666666666,0.0067333333333333,0.0081125,0.0073833333333333,0.0077708333333333,0.0022416666666666,0.0052666666666666,0.0047583333333333,0.0051125,0.0034583333333333,0.0079041666666666,0.0065,0.005725,0.0052083333333333,0.0054916666666666,0.0070041666666666,0.0044166666666666,0.0079041666666666,0.0079166666666666,0.0063083333333333,0.0044166666666666,0.0042583333333333,0.004825,0.0060458333333333,0.0079624999999999,0.0049,0.0059708333333333,0.0054541666666666,0.0060208333333333,0.0077916666666666
0.0085541666666666,0.00715,0.0089375,0.0087208333333333,0.0088541666666666,0.0095208333333333,0.009325,0.0095291666666666,0.0036416666666666,0.0070208333333333,0.00775,0.0069833333333333,0.0039375,0.0096875,0.0100541666666666,0.009125,0.0084833333333333,0.0091624999999999,0.0097124999999999,0.0057374999999999,0.0096875,0.0094541666666666,0.0090125,0.0057041666666666,0.0059791666666666,0.0068541666666666,0.0083125,0.0094208333333333,0.0068499999999999,0.0056458333333333,0.0069875,0.008875,0.0093708333333333
0.008075,0.0088208333333333,0.0088291666666666,0.0091833333333333,0.0087666666666666,0.0091458333333333,0.0092291666666666,0.0089583333333333,0.0025416666666666,0.0094,0.0070374999999999,0.0096708333333333,0.0034541666666666,0.0092208333333333,0.0095083333333333,0.0079083333333333,0.0080416666666666,0.0081791666666666,0.0097583333333333,0.0062458333333333,0.0092208333333333,0.0092375,0.0091041666666666,0.0065666666666666,0.0065041666666666,0.0092874999999999,0.009125,0.0095,0.0093791666666666,0.0053958333333333,0.0077999999999999,0.0094749999999999,0.0091833333333333
0.0068125,0.0050125,0.0070833333333333,0.0046708333333333,0.0067333333333333,0.0075416666666666,0.0070916666666666,0.0070541666666666,0.0011041666666666,0.0045333333333333,0.0048541666666666,0.0046749999999999,0.0047333333333333,0.0073958333333333,0.0045375,0.0042708333333333,0.0055875,0.0041958333333333,0.0075666666666666,0.0038958333333333,0.0073958333333333,0.0074708333333333,0.0066583333333333,0.0039041666666666,0.004075,0.0042416666666666,0.0043,0.00755,0.0042125,0.0065,0.0046625,0.0048,0.0073
0.0086958333333333,0.0053041666666666,0.008525,0.0059416666666666,0.0084,0.0087916666666666,0.0090041666666666,0.0092874999999999,0.0029208333333333,0.0057791666666666,0.0047833333333333,0.0064708333333333,0.0049875,0.0096958333333333,0.0047041666666666,0.00505,0.0057541666666666,0.0046375,0.0102041666666666,0.0044958333333333,0.0096958333333333,0.0088958333333333,0.0076041666666666,0.0042625,0.0046875,0.0059708333333333,0.0051708333333333,0.0090708333333333,0.0062083333333333,0.0060916666666666,0.00485,0.005875,0.0088333333333333
0.0064375,0.0064833333333333,0.0084458333333333,0.00645,0.008125,0.0091833333333333,0.0085041666666666,0.0092125,0.0032958333333333,0.0067,0.0055166666666666,0.0072375,0.0053624999999999,0.009575,0.0062541666666666,0.0061,0.0064208333333333,0.0062,0.0086958333333333,0.0055791666666666,0.009575,0.0090083333333333,0.007475,0.0054708333333333,0.0056791666666666,0.0073666666666666,0.0069708333333333,0.0090374999999999,0.0072916666666666,0.0067333333333333,0.0042041666666666,0.0065291666666666,0.0087791666666666
0.0088333333333333,0.0085624999999999,0.0093499999999999,0.0082708333333333,0.0092541666666666,0.0092083333333333,0.0096166666666666,0.0091833333333333,0.0032416666666666,0.0082541666666666,0.0070541666666666,0.009125,0.0048458333333333,0.0094416666666666,0.0080916666666666,0.0075708333333333,0.0080458333333333,0.0080083333333333,0.0104666666666666,0.0077416666666666,0.0094416666666666,0.0092625,0.0089958333333333,0.0078916666666666,0.00805,0.0089166666666666,0.0088541666666666,0.0095374999999999,0.0091541666666666,0.0060916666666666,0.0054583333333333,0.0082416666666666,0.0089291666666666
0.0078708333333333,0.00455,0.0088458333333333,0.0060375,0.0085958333333333,0.0088416666666666,0.0090916666666666,0.0089375,0.0027083333333333,0.0039625,0.0052916666666666,0.0046708333333333,0.0046916666666666,0.0090125,0.0052666666666666,0.0052124999999999,0.0059458333333333,0.0054249999999999,0.0091625,0.0041083333333333,0.0090125,0.0089083333333333,0.0074375,0.0038833333333333,0.0041375,0.0043208333333333,0.0049833333333333,0.0090958333333333,0.0053416666666666,0.0056041666666666,0.0051666666666666,0.0059625,0.0082916666666666
0.0072583333333333,0.0058083333333333,0.0088041666666666,0.0072416666666666,0.0085625,0.0095458333333333,0.0091708333333333,0.0091166666666666,0.0042083333333333,0.0068666666666666,0.0055875,0.0068916666666666,0.0052208333333333,0.0092708333333333,0.0067083333333333,0.0056208333333333,0.0060625,0.006325,0.0086625,0.0048375,0.0092708333333333,0.0094708333333333,0.0073791666666666,0.0046625,0.0050541666666666,0.00635,0.0072041666666666,0.0093833333333333,0.0067041666666666,0.0065791666666666,0.0062625,0.0072458333333333,0.0087958333333333
0.0083541666666666,0.0082416666666666,0.0093458333333333,0.0086041666666666,0.0091291666666666,0.0098333333333333,0.0098374999999999,0.0095458333333333,0.0023916666666666,0.0084541666666666,0.0068333333333333,0.0087208333333333,0.0048833333333333,0.0098083333333333,0.0090375,0.0079833333333333,0.0073666666666666,0.0080333333333333,0.0095833333333333,0.00655,0.0098083333333333,0.009725,0.0083625,0.0070666666666666,0.0068125,0.0084333333333333,0.0088,0.0101916666666666,0.0081916666666666,0.0059791666666666,0.0076458333333333,0.0086083333333333,0.0098916666666666
0.0106708333333333,0.0087208333333333,0.0100666666666666,0.010875,0.0100541666666666,0.0098125,0.0107875,0.0087833333333333,0.0033041666666666,0.010525,0.0087333333333333,0.0120083333333333,0.0052124999999999,0.0090708333333333,0.0098041666666666,0.0101374999999999,0.0103291666666666,0.0099416666666666,0.0118458333333333,0.0080041666666666,0.0090708333333333,0.009975,0.0117583333333333,0.0076583333333333,0.0083,0.01045,0.0107208333333333,0.0108333333333333,0.0112458333333333,0.0061375,0.0090458333333333,0.0108125,0.0103166666666666
0.0084,0.006825,0.0079375,0.0071958333333333,0.0081458333333333,0.0080958333333333,0.008775,0.0077416666666666,0.0035416666666666,0.0070083333333333,0.0065374999999999,0.0075208333333333,0.0047374999999999,0.0081375,0.0072625,0.0070999999999999,0.0069791666666666,0.0071874999999999,0.0098875,0.0062291666666666,0.0081375,0.0083416666666666,0.0084333333333333,0.0062541666666666,0.006325,0.006925,0.007025,0.0090333333333333,0.0072291666666666,0.0059666666666666,0.0060708333333333,0.0071125,0.0082833333333333
0.0074833333333333,0.007425,0.009125,0.0077416666666666,0.0082958333333333,0.0093625,0.0090958333333333,0.0086916666666666,0.0035333333333333,0.0078916666666666,0.0069875,0.0080458333333333,0.0040833333333333,0.0087416666666666,0.0081708333333333,0.0079166666666666,0.0075458333333333,0.0082,0.0091624999999999,0.0059916666666666,0.0087416666666666,0.0091375,0.0084541666666666,0.0058083333333333,0.00615,0.0069833333333333,0.0080958333333333,0.0098416666666666,0.0074,0.0048875,0.007575,0.0077833333333333,0.0094958333333333
0.0116791666666666,0.0079166666666666,0.0122833333333333,0.0130125,0.0118749999999999,0.0122625,0.0126958333333333,0.0124,0.0032041666666666,0.0112083333333333,0.0089458333333333,0.01255,0.0043916666666666,0.0129125,0.0112666666666666,0.0092708333333333,0.0099708333333333,0.01045,0.0132333333333333,0.0053041666666666,0.0129125,0.0124208333333333,0.0121958333333333,0.0057875,0.0057208333333333,0.0109083333333333,0.0122125,0.013,0.0124125,0.0055833333333333,0.0110833333333333,0.0128958333333333,0.0124125
0.0108375,0.0108666666666666,0.0112791666666666,0.0097041666666666,0.0107166666666666,0.0119083333333333,0.01145,0.0113458333333333,0.0018958333333333,0.0115916666666666,0.0090999999999999,0.012075,0.0063,0.0124625,0.0104083333333333,0.0106625,0.0099083333333333,0.0108499999999999,0.0123833333333333,0.0080583333333333,0.0124625,0.0119,0.0109541666666666,0.0081,0.0085375,0.0112375,0.0100208333333333,0.0125875,0.0106041666666666,0.0071874999999999,0.0095291666666666,0.0096416666666666,0.0121375
0.012725,0.014025,0.0147708333333333,0.0143291666666666,0.0140708333333333,0.0149833333333333,0.0147708333333333,0.0130583333333333,0.00405,0.013925,0.0116541666666666,0.0148125,0.0056458333333333,0.0142499999999999,0.0144,0.0142958333333333,0.0123749999999999,0.0145333333333333,0.0146083333333333,0.0115708333333333,0.0142499999999999,0.0148666666666666,0.0136583333333333,0.0121125,0.0122125,0.0132541666666666,0.014825,0.0151041666666666,0.0147583333333333,0.0079166666666666,0.0132041666666666,0.0145041666666666,0.0144916666666666
0.012775,0.0090208333333333,0.0132833333333333,0.011325,0.0125291666666666,0.0128083333333333,0.0135416666666666,0.0143124999999999,0.0047916666666666,0.0101125,0.0087833333333333,0.0112791666666666,0.0059,0.014475,0.0096708333333333,0.00995,0.0101291666666666,0.0100625,0.0147416666666666,0.0075208333333333,0.014475,0.013275,0.01175,0.0074875,0.0078333333333333,0.0103625,0.010825,0.0141375,0.0107166666666666,0.0070875,0.010125,0.0112625,0.011825
0.0082958333333333,0.007825,0.0089958333333333,0.0072458333333333,0.0086541666666666,0.0082583333333333,0.00895,0.0081083333333333,0.0030125,0.0074666666666666,0.0059041666666666,0.0084791666666666,0.0059625,0.008575,0.0064,0.0071375,0.0066166666666666,0.0071416666666666,0.00995,0.0065166666666666,0.008575,0.00855,0.0080458333333333,0.0067375,0.0067541666666666,0.0079833333333333,0.0076166666666666,0.0090666666666666,0.0082083333333333,0.007225,0.0067,0.007175,0.0083
0.0098958333333333,0.010175,0.010875,0.0095,0.0104833333333333,0.0098416666666666,0.0113333333333333,0.0092541666666666,0.00465,0.0101791666666666,0.0086083333333333,0.0108125,0.0055291666666666,0.0096958333333333,0.0094083333333333,0.0096041666666666,0.0090958333333333,0.0097625,0.0116375,0.0082916666666666,0.0096958333333333,0.0099041666666666,0.0098041666666666,0.008575,0.0085291666666666,0.0095333333333333,0.0095541666666666,0.0109541666666666,0.00895,0.0067874999999999,0.0085791666666666,0.0094541666666666,0.0103333333333333
0.0075333333333333,0.0065041666666666,0.0092583333333333,0.0064458333333333,0.0082291666666666,0.0091166666666666,0.0087833333333333,0.0087291666666666,0.0053625,0.0078125,0.0064333333333333,0.0076125,0.0065083333333333,0.0089583333333333,0.0072916666666666,0.0070458333333333,0.0069333333333333,0.0073166666666666,0.0091875,0.0058375,0.0089583333333333,0.0092333333333333,0.0082041666666666,0.0054166666666666,0.0055875,0.0062708333333333,0.0067166666666666,0.0100458333333333,0.0062333333333333,0.00795,0.0063583333333333,0.0064208333333333,0.0093708333333333
0.0134375,0.0140166666666666,0.0138625,0.0141374999999999,0.01325,0.0123791666666666,0.0141041666666666,0.011175,0.0048458333333333,0.0136,0.0111583333333333,0.0142625,0.0065916666666666,0.0121083333333333,0.0141,0.0136625,0.012325,0.0139333333333333,0.0153458333333333,0.0129666666666666,0.0121083333333333,0.0122041666666666,0.0139875,0.0135916666666666,0.0133166666666666,0.0140041666666666,0.0158083333333333,0.01365,0.0145958333333333,0.0080541666666666,0.0110666666666666,0.0140958333333333,0.0129541666666666
0.0133416666666666,0.0111375,0.0139666666666666,0.0113124999999999,0.0136625,0.0132416666666666,0.0143208333333333,0.0128291666666666,0.0042458333333333,0.0109291666666666,0.0098625,0.0127,0.0061416666666666,0.0130958333333333,0.0102333333333333,0.0111291666666666,0.0113208333333333,0.0109458333333333,0.0151041666666666,0.0098791666666666,0.0130958333333333,0.0136,0.0130333333333333,0.0101166666666666,0.0102541666666666,0.0117041666666666,0.0107125,0.0144999999999999,0.0117,0.0075208333333333,0.0100416666666666,0.0112166666666666,0.0129583333333333
0.0098458333333333,0.0077708333333333,0.0112833333333333,0.0096416666666666,0.0109416666666666,0.0120875,0.0117375,0.01265,0.0047708333333333,0.0083333333333333,0.0084958333333333,0.0089208333333333,0.0056291666666666,0.0126666666666666,0.0089541666666666,0.0093208333333333,0.0098333333333333,0.0097333333333333,0.0115875,0.0069041666666666,0.0126666666666666,0.0125958333333333,0.0107208333333333,0.0066791666666666,0.0066833333333333,0.0080458333333333,0.0095041666666666,0.0120958333333333,0.0094333333333333,0.0068291666666666,0.0085375,0.0096958333333333,0.0102625
0.01045,0.0103958333333333,0.0116333333333333,0.0106958333333333,0.0108624999999999,0.0107083333333333,0.0111375,0.0101083333333333,0.0037291666666666,0.0110416666666666,0.0091875,0.0112249999999999,0.0077208333333333,0.0105,0.0108916666666666,0.0098625,0.0098458333333333,0.0097833333333333,0.0119666666666666,0.0080708333333333,0.0105,0.0107583333333333,0.0116499999999999,0.0085166666666666,0.0079624999999999,0.0099958333333333,0.0114625,0.0117,0.0116,0.0094625,0.0103541666666666,0.0106958333333333,0.0111833333333333
0.0115,0.0122125,0.0128958333333333,0.0130458333333333,0.0123791666666666,0.0134833333333333,0.0138166666666666,0.0127333333333333,0.0041791666666666,0.0132791666666666,0.0106291666666666,0.0135375,0.0097541666666666,0.0133249999999999,0.0139625,0.0127625,0.0107999999999999,0.012275,0.0134916666666666,0.0101041666666666,0.0133249999999999,0.013675,0.01255,0.009725,0.0104333333333333,0.0115458333333333,0.0135625,0.0141916666666666,0.0129208333333333,0.0117041666666666,0.0131333333333333,0.01335,0.013275
0.0139208333333333,0.0140124999999999,0.0148208333333333,0.0157666666666666,0.0140833333333333,0.0152083333333333,0.0147083333333333,0.0154708333333333,0.0062666666666666,0.0153625,0.0128541666666666,0.016375,0.0077125,0.0156749999999999,0.0147333333333333,0.0145958333333333,0.0139166666666666,0.0140333333333333,0.0165041666666666,0.0118458333333333,0.0156749999999999,0.0146875,0.0155333333333333,0.0123041666666666,0.0123458333333333,0.0146916666666666,0.0165624999999999,0.0146916666666666,0.0162041666666666,0.0100875,0.0151458333333333,0.0156041666666666,0.0135541666666666
0.0129708333333333,0.0128291666666666,0.0129416666666666,0.0131625,0.012575,0.0131166666666666,0.0131416666666666,0.0139291666666666,0.0065,0.0135583333333333,0.0112458333333333,0.0147041666666666,0.0066583333333333,0.0140291666666666,0.0117749999999999,0.012225,0.0129291666666666,0.0123041666666666,0.01495,0.0104333333333333,0.0140291666666666,0.0136208333333333,0.0138708333333333,0.0106749999999999,0.0108624999999999,0.0133291666666666,0.0135583333333333,0.0140916666666666,0.0137041666666666,0.0088208333333333,0.0100541666666666,0.0131083333333333,0.0131791666666666
0.0119958333333333,0.0107374999999999,0.012175,0.0122875,0.0120333333333333,0.0113416666666666,0.0126916666666666,0.0112,0.0040833333333333,0.01255,0.0106749999999999,0.0135,0.0084541666666666,0.0118458333333333,0.0119625,0.0114583333333333,0.0119958333333333,0.0119625,0.0137958333333333,0.0090041666666666,0.0118458333333333,0.0113875,0.0128083333333333,0.0087,0.0090958333333333,0.0124625,0.0125041666666666,0.0124416666666666,0.0130749999999999,0.0093291666666666,0.0111875,0.0121958333333333,0.0118458333333333
0.0164,0.0182333333333333,0.0164708333333333,0.0183125,0.0156833333333333,0.015275,0.0161,0.0140041666666666,0.0045625,0.0192333333333333,0.0154541666666666,0.0206291666666666,0.0085125,0.0145125,0.0160958333333333,0.0161583333333333,0.0165624999999999,0.0158875,0.017275,0.0167625,0.0145125,0.015375,0.0181833333333333,0.0174125,0.0173083333333333,0.0188458333333333,0.0193291666666666,0.0156166666666666,0.0205208333333333,0.0098708333333333,0.01685,0.0183791666666666,0.0149791666666666
0.0179291666666666,0.0173749999999999,0.0192666666666666,0.0169291666666666,0.0187125,0.0167541666666666,0.0195916666666666,0.0158708333333333,0.0041541666666666,0.0174208333333333,0.0152291666666666,0.0192666666666666,0.0085791666666666,0.0171083333333333,0.0149624999999999,0.0160958333333333,0.0167625,0.0154791666666666,0.0203458333333333,0.014775,0.0171083333333333,0.0176458333333333,0.0188541666666666,0.0158333333333333,0.0155125,0.0177,0.0170375,0.018875,0.0191458333333333,0.0097708333333333,0.0140708333333333,0.0167166666666666,0.0187208333333333
0.0159,0.0145708333333333,0.0162416666666666,0.0143958333333333,0.0157958333333333,0.0151958333333333,0.0159333333333333,0.0156833333333333,0.00475,0.014475,0.0135916666666666,0.0155333333333333,0.0101541666666666,0.0155625,0.0132666666666666,0.0138125,0.0144666666666666,0.0139875,0.0169416666666666,0.0113958333333333,0.0155625,0.0150916666666666,0.015325,0.0115291666666666,0.0123083333333333,0.01415,0.0136583333333333,0.0152166666666666,0.0149375,0.0115208333333333,0.0126416666666666,0.014275,0.0151875
0.0131375,0.0128666666666666,0.0143375,0.0133958333333333,0.0133708333333333,0.0141208333333333,0.0142958333333333,0.0132041666666666,0.0049125,0.0140708333333333,0.0117499999999999,0.016175,0.0098458333333333,0.0132791666666666,0.0124708333333333,0.0124999999999999,0.0135749999999999,0.01275,0.0148458333333333,0.0113291666666666,0.0132791666666666,0.0136625,0.0148166666666666,0.0116583333333333,0.0118458333333333,0.0138874999999999,0.0140333333333333,0.0139375,0.0147208333333333,0.0127666666666666,0.0119208333333333,0.0132291666666666,0.0141916666666666
0.0145583333333333,0.0162541666666666,0.0159833333333333,0.0158041666666666,0.0152,0.0148125,0.015825,0.0150583333333333,0.0069,0.0180125,0.0133916666666666,0.0186791666666666,0.0115375,0.014925,0.0159,0.0145125,0.01485,0.0154208333333333,0.0166375,0.0138874999999999,0.014925,0.0147375,0.0172041666666666,0.0138083333333333,0.0147124999999999,0.016175,0.0174666666666666,0.0151333333333333,0.016325,0.0136208333333333,0.0147916666666666,0.0159625,0.0153999999999999
0.0126916666666666,0.0159166666666666,0.0146041666666666,0.0163916666666666,0.0133541666666666,0.0129874999999999,0.0139666666666666,0.01195,0.0081833333333333,0.0173333333333333,0.0144541666666666,0.0178625,0.0115333333333333,0.0119625,0.0165,0.0161166666666666,0.0161583333333333,0.0158291666666666,0.0157208333333333,0.0135333333333333,0.0119625,0.0128541666666666,0.0170208333333333,0.0134791666666666,0.0140291666666666,0.017175,0.0181083333333333,0.013975,0.0172791666666666,0.0114458333333333,0.0168124999999999,0.016625,0.0135375
0.0138541666666666,0.0154833333333333,0.0155625,0.0164,0.0140916666666666,0.0150375,0.014975,0.0146041666666666,0.0076375,0.0149458333333333,0.0122041666666666,0.0153416666666666,0.0121291666666666,0.0149666666666666,0.01555,0.0144458333333333,0.0134416666666666,0.0148208333333333,0.0160875,0.013275,0.0149666666666666,0.0150041666666666,0.0153791666666666,0.013275,0.0142041666666666,0.0143166666666666,0.016625,0.0153958333333333,0.0157666666666666,0.0142416666666666,0.0143208333333333,0.0162333333333333,0.0149083333333333
0.0139416666666666,0.0170708333333333,0.0162625,0.0190625,0.01525,0.0164708333333333,0.0158958333333333,0.0164458333333333,0.0080625,0.0176916666666666,0.0143916666666666,0.0193625,0.0109791666666666,0.0164291666666666,0.0162375,0.0156,0.0162875,0.0158166666666666,0.0162083333333333,0.0151625,0.0164291666666666,0.0158791666666666,0.0166208333333333,0.0158291666666666,0.0159583333333333,0.0188166666666666,0.0189833333333333,0.0155666666666666,0.018675,0.0144458333333333,0.0161083333333333,0.01945,0.0154624999999999
0.0153958333333333,0.0193708333333333,0.0179416666666666,0.0181416666666666,0.0164458333333333,0.0172291666666666,0.0171874999999999,0.0166708333333333,0.0085458333333333,0.0194583333333333,0.0155124999999999,0.0208833333333333,0.0135749999999999,0.016825,0.0179,0.0170208333333333,0.0158666666666666,0.0172958333333333,0.0175458333333333,0.01735,0.016825,0.0166291666666666,0.0176624999999999,0.0179875,0.0176416666666666,0.0192083333333333,0.02015,0.0162833333333333,0.0199,0.0165625,0.0166625,0.0185416666666666,0.0172708333333333
0.014925,0.0168125,0.0165791666666666,0.0162083333333333,0.0156833333333333,0.0164208333333333,0.0164166666666666,0.0165958333333333,0.0061625,0.0159791666666666,0.0134083333333333,0.0171625,0.0126416666666666,0.0164708333333333,0.0156833333333333,0.0150458333333333,0.0149583333333333,0.0149291666666666,0.0167958333333333,0.0147666666666666,0.0164708333333333,0.0158583333333333,0.0165041666666666,0.0150166666666666,0.0152041666666666,0.015975,0.0158833333333333,0.0158958333333333,0.0164416666666666,0.0145458333333333,0.0143166666666666,0.0164416666666666,0.0159041666666666
0.0150625,0.0189833333333333,0.0169291666666666,0.0175375,0.0157708333333333,0.0170208333333333,0.0169416666666666,0.0166125,0.007225,0.0185875,0.0152375,0.0200708333333333,0.0120416666666666,0.0170666666666666,0.0180291666666666,0.0172625,0.0166833333333333,0.0176125,0.0180958333333333,0.017425,0.0170666666666666,0.0158458333333333,0.0164875,0.0179458333333333,0.0189708333333333,0.0186875,0.0183083333333333,0.0168083333333333,0.0187541666666666,0.0146083333333333,0.01665,0.0180125,0.0168208333333333
0.0182458333333333,0.0201708333333333,0.0196541666666666,0.0189791666666666,0.0185749999999999,0.0188,0.0194624999999999,0.0180625,0.0099958333333333,0.0210125,0.0167791666666666,0.0219625,0.0118458333333333,0.0183458333333333,0.0187458333333333,0.01835,0.0187291666666666,0.0182458333333333,0.0198583333333333,0.0190833333333333,0.0183458333333333,0.0185666666666666,0.0193708333333333,0.0196541666666666,0.0196958333333333,0.0209083333333333,0.0195166666666666,0.0188291666666666,0.0204458333333333,0.0160708333333333,0.0178,0.0193458333333333,0.0189041666666666
0.0212791666666666,0.0218541666666666,0.0202291666666666,0.0209083333333333,0.0197416666666666,0.0203958333333333,0.0206208333333333,0.0213291666666666,0.0095041666666666,0.0221958333333333,0.0179,0.02325,0.0123875,0.0209875,0.0209583333333333,0.0192125,0.0194166666666666,0.0203791666666666,0.0232041666666666,0.0201125,0.0209875,0.0207083333333333,0.0214458333333333,0.0208416666666666,0.021675,0.0226875,0.0238,0.0201166666666666,0.0232374999999999,0.0158041666666666,0.019375,0.0211625,0.0195458333333333
0.0159916666666666,0.0204083333333333,0.0178791666666666,0.0184541666666666,0.0159958333333333,0.0162875,0.0165291666666666,0.0147916666666666,0.0097791666666666,0.0206375,0.0155874999999999,0.0226,0.0124291666666666,0.0152624999999999,0.0188541666666666,0.0156875,0.0174,0.0185791666666666,0.0185708333333333,0.0189625,0.0152624999999999,0.0158291666666666,0.018,0.0194083333333333,0.020125,0.0215916666666666,0.0189166666666666,0.0165666666666666,0.0195125,0.0147083333333333,0.0163291666666666,0.0186333333333333,0.0161291666666666
0.0204791666666666,0.0213875,0.02025,0.0199166666666666,0.0190041666666666,0.0190583333333333,0.019175,0.0175041666666666,0.0099833333333333,0.0205916666666666,0.0180041666666666,0.0216208333333333,0.0131916666666666,0.017825,0.0205666666666666,0.0206583333333333,0.0190083333333333,0.0213208333333333,0.0224583333333333,0.0201958333333333,0.017825,0.01915,0.0206541666666666,0.0210708333333333,0.0215291666666666,0.0213333333333333,0.0221124999999999,0.0199833333333333,0.0221666666666666,0.0163041666666666,0.0208833333333333,0.0198625,0.0196541666666666
0.0202708333333333,0.0216666666666666,0.0204833333333333,0.0186333333333333,0.0194791666666666,0.0184083333333333,0.0196666666666666,0.0206791666666666,0.010875,0.0215416666666666,0.018925,0.0222125,0.0125541666666666,0.0206499999999999,0.02125,0.0203041666666666,0.020325,0.020625,0.0216791666666666,0.0204833333333333,0.0206499999999999,0.0193625,0.0210916666666666,0.020875,0.0209916666666666,0.0207541666666666,0.0200166666666666,0.0207625,0.0214166666666666,0.0168916666666666,0.0202375,0.0188916666666666,0.0198666666666666
0.016375,0.0214041666666666,0.0172458333333333,0.0191583333333333,0.0165083333333333,0.0147333333333333,0.0167875,0.0169458333333333,0.01025,0.0210916666666666,0.0168875,0.0219291666666666,0.0118541666666666,0.0167791666666666,0.0183125,0.0177208333333333,0.0171708333333333,0.0190416666666666,0.0183291666666666,0.0204166666666666,0.0167791666666666,0.015725,0.0185791666666666,0.0204958333333333,0.0214041666666666,0.0206291666666666,0.0204291666666666,0.01645,0.0218666666666666,0.0149458333333333,0.0177958333333333,0.0191083333333333,0.0165375
0.0143041666666666,0.0195499999999999,0.017225,0.0193083333333333,0.0155708333333333,0.0146708333333333,0.0159874999999999,0.0133583333333333,0.0088125,0.0184625,0.0138833333333333,0.0197791666666666,0.0074375,0.01455,0.01675,0.0156833333333333,0.014575,0.0166166666666666,0.0172583333333333,0.0186416666666666,0.01455,0.0145916666666666,0.0156874999999999,0.0189291666666666,0.0201458333333333,0.0192458333333333,0.0188791666666666,0.0157208333333333,0.0211041666666666,0.0111083333333333,0.0185083333333333,0.0193458333333333,0.0161041666666666
0.0186208333333333,0.0215625,0.0206166666666666,0.0213708333333333,0.0194,0.0208541666666666,0.019725,0.0187041666666666,0.0069083333333333,0.02125,0.0177291666666666,0.0222083333333333,0.0127041666666666,0.0190416666666666,0.0200625,0.0193625,0.0189375,0.0205625,0.0208375,0.0203208333333333,0.0190416666666666,0.0202333333333333,0.0194958333333333,0.0208666666666666,0.0218291666666666,0.0215375,0.0230916666666666,0.0196,0.0227916666666666,0.0164374999999999,0.0188625,0.0217916666666666,0.019775
0.0185833333333333,0.0213499999999999,0.0208583333333333,0.020925,0.0192791666666666,0.0204166666666666,0.0207625,0.0187708333333333,0.00835,0.020675,0.0165541666666666,0.0213458333333333,0.0131541666666666,0.019275,0.0217625,0.019125,0.0177833333333333,0.0218499999999999,0.0210416666666666,0.0204624999999999,0.019275,0.0205208333333333,0.0190625,0.0202208333333333,0.0212916666666666,0.0209374999999999,0.0231958333333333,0.0202875,0.0225833333333333,0.0157125,0.0195791666666666,0.0213833333333333,0.0210166666666666
0.0195125,0.0210416666666666,0.0212833333333333,0.0206833333333333,0.0198666666666666,0.0209166666666666,0.0208125,0.0202041666666666,0.0096833333333333,0.0209458333333333,0.0178541666666666,0.02165,0.0121874999999999,0.0203291666666666,0.0199166666666666,0.0192791666666666,0.0190375,0.0205958333333333,0.02225,0.0199291666666666,0.0203291666666666,0.0205874999999999,0.0199583333333333,0.0207541666666666,0.0209708333333333,0.0213125,0.0214916666666666,0.0200125,0.0216208333333333,0.0170875,0.0178958333333333,0.0208291666666666,0.0205958333333333
0.0195541666666666,0.0212625,0.0214374999999999,0.0203999999999999,0.0200083333333333,0.0203583333333333,0.0200125,0.0196875,0.0091375,0.0199125,0.0174958333333333,0.0217291666666666,0.0137375,0.0197708333333333,0.0203041666666666,0.0199666666666666,0.0187291666666666,0.0204541666666666,0.0214749999999999,0.0198875,0.0197708333333333,0.0197083333333333,0.0200958333333333,0.0205125,0.0215833333333333,0.0213458333333333,0.0226041666666666,0.0197166666666666,0.0219416666666666,0.0178416666666666,0.0199166666666666,0.0207041666666666,0.0199708333333333
0.0186708333333333,0.0212666666666666,0.0208583333333333,0.0211125,0.0194125,0.0203208333333333,0.0197333333333333,0.0207541666666666,0.0098708333333333,0.021275,0.0177166666666666,0.0221458333333333,0.0144875,0.0208458333333333,0.0210541666666666,0.0182041666666666,0.018925,0.0208541666666666,0.02095,0.0200333333333333,0.0208458333333333,0.0204,0.020225,0.0206541666666666,0.0212958333333333,0.02205,0.0231791666666666,0.0196791666666666,0.0223833333333333,0.0177708333333333,0.0188291666666666,0.0214458333333333,0.0197
0.0197458333333333,0.0219791666666666,0.0215708333333333,0.0217916666666666,0.0197083333333333,0.0214875,0.0201791666666666,0.0216166666666666,0.0103416666666666,0.0225791666666666,0.0176708333333333,0.0232541666666666,0.014675,0.0218416666666666,0.0224,0.0199333333333333,0.018875,0.0222583333333333,0.0216125,0.021175,0.0218416666666666,0.0211541666666666,0.020475,0.0208624999999999,0.0219749999999999,0.0221708333333333,0.0238458333333333,0.0205375,0.0233083333333333,0.0185083333333333,0.020025,0.0220916666666666,0.0192375
0.0198125,0.0213916666666666,0.0214875,0.0214041666666666,0.02005,0.0209333333333333,0.0207249999999999,0.0210083333333333,0.0095875,0.0222916666666666,0.0182625,0.0229958333333333,0.0154791666666666,0.0218791666666666,0.0208125,0.0204833333333333,0.0201833333333333,0.0213375,0.0219416666666666,0.0196791666666666,0.0218791666666666,0.0214291666666666,0.0202166666666666,0.01965,0.0203416666666666,0.02255,0.0215541666666666,0.0208208333333333,0.0228916666666666,0.0186708333333333,0.021725,0.0217125,0.020375
0.0198708333333333,0.0200833333333333,0.0214208333333333,0.01965,0.0197958333333333,0.0211666666666666,0.020425,0.021575,0.0102208333333333,0.0194958333333333,0.0166291666666666,0.0201791666666666,0.015225,0.0222666666666666,0.0191583333333333,0.0179875,0.01735,0.0191708333333333,0.0215791666666666,0.01975,0.0222666666666666,0.0204208333333333,0.0196416666666666,0.0191374999999999,0.0196416666666666,0.019625,0.0185458333333333,0.020275,0.0194541666666666,0.0183583333333333,0.0188166666666666,0.0197166666666666,0.0202416666666666
0.0184208333333333,0.0210541666666666,0.0193708333333333,0.019525,0.0178416666666666,0.0194708333333333,0.018875,0.0189416666666666,0.0103916666666666,0.02115,0.0153458333333333,0.0216958333333333,0.0155791666666666,0.0189458333333333,0.0186666666666666,0.0173416666666666,0.0163916666666666,0.0183583333333333,0.0189208333333333,0.0206958333333333,0.0189458333333333,0.0191625,0.0175833333333333,0.0205541666666666,0.0213125,0.0215125,0.0192458333333333,0.0191708333333333,0.0213,0.0186791666666666,0.0203791666666666,0.01955,0.01865
0.0170791666666666,0.02045,0.0185291666666666,0.0179,0.0169791666666666,0.0200791666666666,0.0184499999999999,0.0180749999999999,0.011075,0.0208291666666666,0.0139041666666666,0.0214166666666666,0.0152041666666666,0.0190749999999999,0.0184625,0.0177291666666666,0.0150125,0.0185208333333333,0.0178166666666666,0.0194333333333333,0.0190749999999999,0.0191166666666666,0.0169541666666666,0.0199291666666666,0.0200708333333333,0.0211291666666666,0.017575,0.0196375,0.0195166666666666,0.018175,0.0181375,0.0181041666666666,0.0192
0.0183583333333333,0.0197958333333333,0.020575,0.0193958333333333,0.0193416666666666,0.0194416666666666,0.0199166666666666,0.0172416666666666,0.0101458333333333,0.0191708333333333,0.0172416666666666,0.0195125,0.01455,0.0179583333333333,0.019325,0.019675,0.0187541666666666,0.0191666666666666,0.0191125,0.0191708333333333,0.0179583333333333,0.019925,0.0193625,0.0188541666666666,0.019525,0.0196833333333333,0.0184,0.0204125,0.0188166666666666,0.017825,0.0170666666666666,0.0197125,0.0195541666666666
0.0170875,0.0194833333333333,0.0192208333333333,0.0181708333333333,0.0173541666666666,0.0203291666666666,0.0189,0.0195041666666666,0.0082083333333333,0.0186083333333333,0.0147166666666666,0.0198875,0.0143583333333333,0.0193875,0.0186875,0.0168791666666666,0.0160625,0.0175875,0.0186916666666666,0.0188875,0.0193875,0.0202375,0.0179208333333333,0.0188541666666666,0.0196208333333333,0.019625,0.0186541666666666,0.0194625,0.0192125,0.0167708333333333,0.0173833333333333,0.0186125,0.019025
0.0172583333333333,0.0185125,0.0187958333333333,0.0181541666666666,0.017525,0.0183208333333333,0.0185208333333333,0.0169583333333333,0.0095083333333333,0.0185625,0.014425,0.0192916666666666,0.0146708333333333,0.016475,0.0187791666666666,0.0165333333333333,0.0158541666666666,0.0176875,0.018775,0.0166874999999999,0.016475,0.0183041666666666,0.0170208333333333,0.0160666666666666,0.0170875,0.0193041666666666,0.0185375,0.0181833333333333,0.0177583333333333,0.0174374999999999,0.0179208333333333,0.0186083333333333,0.0180541666666666
0.0148958333333333,0.0177666666666666,0.0168708333333333,0.0145125,0.0155999999999999,0.0161458333333333,0.0161833333333333,0.0157916666666666,0.0097916666666666,0.0163541666666666,0.012725,0.0181166666666666,0.01285,0.0155291666666666,0.0126458333333333,0.0136625,0.014475,0.0135291666666666,0.016625,0.0176083333333333,0.0155291666666666,0.0159874999999999,0.0156208333333333,0.017375,0.0186083333333333,0.01785,0.0147833333333333,0.0162166666666666,0.0167083333333333,0.0153416666666666,0.014575,0.0145541666666666,0.0165583333333333
0.0123291666666666,0.0142875,0.0163208333333333,0.0151708333333333,0.0146041666666666,0.0161958333333333,0.0147708333333333,0.0160083333333333,0.0086,0.0137333333333333,0.011075,0.0148666666666666,0.013225,0.0156541666666666,0.0140083333333333,0.0133833333333333,0.0111708333333333,0.0133291666666666,0.0141708333333333,0.0142875,0.0156541666666666,0.0158416666666666,0.0124333333333333,0.0143916666666666,0.0144541666666666,0.0141791666666666,0.0136958333333333,0.0155166666666666,0.0146333333333333,0.0158583333333333,0.0141583333333333,0.0153583333333333,0.0155041666666666
0.0138541666666666,0.0172875,0.01745,0.0157166666666666,0.0153125,0.0161916666666666,0.0157291666666666,0.0153666666666666,0.0068,0.0157166666666666,0.0111625,0.0169208333333333,0.0110125,0.0149708333333333,0.0139375,0.0139875,0.0115333333333333,0.0137833333333333,0.0152708333333333,0.0172416666666666,0.0149708333333333,0.0155874999999999,0.0140708333333333,0.016475,0.0177708333333333,0.0174166666666666,0.0142666666666666,0.016125,0.0164083333333333,0.0134416666666666,0.0155,0.0160083333333333,0.0162791666666666
0.0136875,0.0190208333333333,0.0154375,0.0181916666666666,0.0136291666666666,0.0145916666666666,0.0141791666666666,0.0154541666666666,0.0074166666666666,0.0184416666666666,0.0127958333333333,0.0194,0.0126166666666666,0.0156,0.0155541666666666,0.0152416666666666,0.0135166666666666,0.0152833333333333,0.0145541666666666,0.0179458333333333,0.0156,0.0140458333333333,0.0129208333333333,0.0178041666666666,0.0184958333333333,0.0193791666666666,0.0178208333333333,0.0151041666666666,0.0192124999999999,0.015475,0.018375,0.0182083333333333,0.0145541666666666
0.0153708333333333,0.016475,0.017675,0.0188125,0.0158083333333333,0.0173416666666666,0.0166833333333333,0.0177291666666666,0.0091166666666666,0.0188666666666666,0.0153458333333333,0.0191666666666666,0.0140124999999999,0.0181625,0.0180958333333333,0.0173583333333333,0.0170166666666666,0.0180749999999999,0.0164875,0.0155291666666666,0.0181625,0.0174083333333333,0.0167749999999999,0.014975,0.0158166666666666,0.0185958333333333,0.0183333333333333,0.0181583333333333,0.0186916666666666,0.0168458333333333,0.0178708333333333,0.0189666666666666,0.017325
0.0154708333333333,0.0176333333333333,0.0172833333333333,0.0166041666666666,0.0160375,0.0165333333333333,0.0167833333333333,0.0150791666666666,0.0070666666666666,0.0167458333333333,0.0141791666666666,0.0176458333333333,0.0124333333333333,0.0150416666666666,0.015775,0.0153791666666666,0.0150583333333333,0.0156458333333333,0.0169708333333333,0.016325,0.0150416666666666,0.0166874999999999,0.0161458333333333,0.0167166666666666,0.018025,0.0177166666666666,0.0173458333333333,0.0168083333333333,0.0178291666666666,0.0155625,0.0156208333333333,0.0167666666666666,0.0163541666666666
0.013,0.0172125,0.0159249999999999,0.0158583333333333,0.0138708333333333,0.0149791666666666,0.0143625,0.0153708333333333,0.0069208333333333,0.0162416666666666,0.0131875,0.0175833333333333,0.0120916666666666,0.0160083333333333,0.0151041666666666,0.0152291666666666,0.0140458333333333,0.0148333333333333,0.0149083333333333,0.0160375,0.0160083333333333,0.0147291666666666,0.01435,0.0164791666666666,0.0172458333333333,0.0170166666666666,0.0154791666666666,0.0152875,0.0167208333333333,0.0135916666666666,0.0160833333333333,0.0160916666666666,0.0149624999999999
0.0160541666666666,0.0192791666666666,0.0192124999999999,0.0174791666666666,0.0177208333333333,0.0170708333333333,0.01875,0.0175166666666666,0.00875,0.0199916666666666,0.016225,0.0206541666666666,0.0133,0.0176999999999999,0.0185583333333333,0.0169291666666666,0.0174083333333333,0.0180375,0.0179333333333333,0.0188916666666666,0.0176999999999999,0.0179,0.0175166666666666,0.0187125,0.0195625,0.0197916666666666,0.0181458333333333,0.0192458333333333,0.0193541666666666,0.0143875,0.018875,0.0177916666666666,0.0171874999999999
0.0149875,0.0144833333333333,0.0162583333333333,0.0133083333333333,0.0151583333333333,0.0135833333333333,0.016025,0.0153041666666666,0.0081708333333333,0.0144041666666666,0.0112708333333333,0.0154875,0.0129166666666666,0.0155,0.0127291666666666,0.012025,0.0122291666666666,0.0124583333333333,0.0164083333333333,0.013475,0.0155,0.0145916666666666,0.0140749999999999,0.0136625,0.0145666666666666,0.0155166666666666,0.0134041666666666,0.0162458333333333,0.0153458333333333,0.0154,0.0135875,0.0134375,0.0153541666666666
0.01375,0.0149875,0.0157,0.0139958333333333,0.0146791666666666,0.0125333333333333,0.0154416666666666,0.0146416666666666,0.0085958333333333,0.0149416666666666,0.0118208333333333,0.0158833333333333,0.012575,0.014725,0.0124,0.0125583333333333,0.0128041666666666,0.0125541666666666,0.0156583333333333,0.0146333333333333,0.014725,0.0142833333333333,0.014675,0.0146708333333333,0.015625,0.0172083333333333,0.0143583333333333,0.0155208333333333,0.0161416666666666,0.0153583333333333,0.013225,0.0144291666666666,0.0151583333333333
0.0150958333333333,0.0169374999999999,0.0154708333333333,0.01515,0.0141458333333333,0.0143208333333333,0.01545,0.014275,0.0075083333333333,0.0168916666666666,0.0128958333333333,0.0176166666666666,0.0127791666666666,0.0145083333333333,0.0134208333333333,0.0141083333333333,0.015125,0.0138958333333333,0.0161958333333333,0.015775,0.0145083333333333,0.0149125,0.0167416666666666,0.0155916666666666,0.0168458333333333,0.0178,0.0149583333333333,0.0155333333333333,0.0170666666666666,0.0153416666666666,0.0156875,0.0151875,0.0148374999999999
0.0152541666666666,0.0144999999999999,0.0160833333333333,0.0142125,0.0149541666666666,0.0164833333333333,0.0160875,0.0149458333333333,0.0071874999999999,0.0149125,0.01245,0.0157,0.0127166666666666,0.0155249999999999,0.0132333333333333,0.0133666666666666,0.0136999999999999,0.0133583333333333,0.01625,0.0139583333333333,0.0155249999999999,0.0164041666666666,0.0155041666666666,0.0138375,0.0145416666666666,0.0152624999999999,0.0145833333333333,0.0164541666666666,0.0161333333333333,0.014725,0.0143958333333333,0.0143083333333333,0.0151666666666666
0.0148416666666666,0.012775,0.0159416666666666,0.0124708333333333,0.0149875,0.0162,0.0158583333333333,0.01525,0.0074499999999999,0.0127041666666666,0.0115625,0.0139125,0.0125041666666666,0.0152208333333333,0.0123,0.0126041666666666,0.0122958333333333,0.0121416666666666,0.0158708333333333,0.0117916666666666,0.0152208333333333,0.01595,0.0141458333333333,0.0117875,0.0117791666666666,0.0136583333333333,0.0133083333333333,0.0159083333333333,0.0146333333333333,0.0151041666666666,0.0122666666666666,0.0128208333333333,0.0151458333333333
0.0118208333333333,0.0101416666666666,0.0136041666666666,0.0105708333333333,0.0128125,0.0131375,0.0135625,0.0126291666666666,0.0073708333333333,0.0102166666666666,0.0092166666666666,0.0113625,0.0110083333333333,0.0126416666666666,0.0102416666666666,0.0100833333333333,0.0100875,0.0101208333333333,0.0132708333333333,0.0095666666666666,0.0126416666666666,0.0131666666666666,0.0117583333333333,0.0094208333333333,0.0097833333333333,0.0111083333333333,0.0103333333333333,0.0135416666666666,0.0108166666666666,0.0135833333333333,0.010725,0.0107374999999999,0.0129125
0.0113916666666666,0.0114291666666666,0.013375,0.0111124999999999,0.0121041666666666,0.0131208333333333,0.0131333333333333,0.0121916666666666,0.0064083333333333,0.0104208333333333,0.0098041666666666,0.0116166666666666,0.0120416666666666,0.012225,0.0114875,0.0105,0.0108916666666666,0.0110166666666666,0.01335,0.0106208333333333,0.012225,0.0130333333333333,0.0124166666666666,0.0105541666666666,0.0098041666666666,0.0112083333333333,0.0107708333333333,0.0133041666666666,0.0114833333333333,0.0129041666666666,0.0110958333333333,0.0111041666666666,0.0120125
0.0103583333333333,0.0107583333333333,0.0124291666666666,0.0105416666666666,0.0113166666666666,0.0126958333333333,0.0120833333333333,0.0120458333333333,0.0053333333333333,0.0103166666666666,0.0090999999999999,0.0110541666666666,0.0125958333333333,0.0120916666666666,0.0098916666666666,0.0099166666666666,0.009975,0.0100791666666666,0.0121458333333333,0.010225,0.0120916666666666,0.0124083333333333,0.0111333333333333,0.00965,0.010175,0.0108208333333333,0.010175,0.0124999999999999,0.01085,0.0140958333333333,0.0103249999999999,0.0105916666666666,0.0116583333333333
0.0104708333333333,0.0105541666666666,0.0127374999999999,0.0096291666666666,0.0116083333333333,0.0130875,0.0122875,0.0124416666666666,0.0039499999999999,0.0106208333333333,0.0099375,0.0105625,0.0099416666666666,0.0123291666666666,0.01065,0.0101958333333333,0.0105916666666666,0.0103458333333333,0.01205,0.0099,0.0123291666666666,0.012875,0.0113208333333333,0.0095916666666666,0.0092416666666666,0.0100625,0.0105,0.013,0.0102833333333333,0.0126249999999999,0.0100458333333333,0.0097458333333333,0.01245
0.0113458333333333,0.0101083333333333,0.012675,0.0103833333333333,0.011675,0.0131458333333333,0.0128791666666666,0.0121249999999999,0.0042,0.0111416666666666,0.0106458333333333,0.0114958333333333,0.0078583333333333,0.012125,0.0099916666666666,0.0097166666666666,0.0113291666666666,0.0101916666666666,0.0122083333333333,0.0107166666666666,0.012125,0.0132625,0.0118458333333333,0.0098125,0.0102083333333333,0.0101041666666666,0.010075,0.0132791666666666,0.0099416666666666,0.0112083333333333,0.0100041666666666,0.0103875,0.0117583333333333
0.0086666666666666,0.007175,0.0103958333333333,0.0074875,0.0092458333333333,0.0102374999999999,0.009825,0.0098291666666666,0.0040041666666666,0.0071583333333333,0.0084625,0.007075,0.007075,0.0096458333333333,0.0082333333333333,0.008575,0.0090208333333333,0.0085166666666666,0.0102208333333333,0.0073583333333333,0.0096458333333333,0.0101333333333333,0.0096666666666666,0.0066166666666666,0.00705,0.0067833333333333,0.0074,0.0104041666666666,0.007075,0.0097041666666666,0.007225,0.0075166666666666,0.0102375
0.0113916666666666,0.0104416666666666,0.0130625,0.0104625,0.0114541666666666,0.012675,0.0121833333333333,0.012075,0.0035166666666666,0.0104625,0.0115833333333333,0.0105416666666666,0.0096583333333333,0.0117749999999999,0.0113458333333333,0.0117041666666666,0.0123166666666666,0.011525,0.0127166666666666,0.0102708333333333,0.0117749999999999,0.0125958333333333,0.01255,0.0096208333333333,0.0107291666666666,0.0096708333333333,0.0104916666666666,0.0127125,0.0096791666666666,0.0128708333333333,0.0105041666666666,0.0106541666666666,0.0122375
0.0106291666666666,0.0112083333333333,0.012025,0.0114666666666666,0.0111666666666666,0.0115249999999999,0.0115375,0.0108291666666666,0.0040875,0.0121958333333333,0.0103624999999999,0.0120083333333333,0.0069708333333333,0.0105875,0.0115208333333333,0.01115,0.0110583333333333,0.0107,0.0121291666666666,0.0097124999999999,0.0105875,0.0114583333333333,0.0120416666666666,0.0095875,0.0092541666666666,0.0121416666666666,0.0111124999999999,0.0114666666666666,0.0129375,0.0107916666666666,0.0131458333333333,0.011425,0.011225
0.0104375,0.0104708333333333,0.0115291666666666,0.0106541666666666,0.0108083333333333,0.011875,0.0114791666666666,0.0118875,0.0027916666666666,0.0114583333333333,0.0091916666666666,0.0113499999999999,0.0072583333333333,0.011675,0.0106291666666666,0.0103625,0.0099125,0.010125,0.0115291666666666,0.0100458333333333,0.011675,0.0118,0.0111708333333333,0.009675,0.0102208333333333,0.0104041666666666,0.0106166666666666,0.0116791666666666,0.0111666666666666,0.0098875,0.0107249999999999,0.0105958333333333,0.0113541666666666
0.0117708333333333,0.0104916666666666,0.0132125,0.0096541666666666,0.0123124999999999,0.0134375,0.0131583333333333,0.0125333333333333,0.0032374999999999,0.01145,0.0101958333333333,0.0114124999999999,0.0063666666666666,0.0128333333333333,0.011025,0.0107083333333333,0.0113833333333333,0.0104791666666666,0.0130916666666666,0.01015,0.0128333333333333,0.0136,0.0125666666666666,0.009575,0.0106749999999999,0.0102333333333333,0.0102583333333333,0.0135291666666666,0.0097416666666666,0.0102041666666666,0.0101916666666666,0.0098208333333333,0.0132166666666666
0.0104458333333333,0.0099916666666666,0.0114208333333333,0.0090333333333333,0.0105583333333333,0.0115375,0.011675,0.0104041666666666,0.0022541666666666,0.0099083333333333,0.0093958333333333,0.0105041666666666,0.0052041666666666,0.0105833333333333,0.0087041666666666,0.0091208333333333,0.0104375,0.0094333333333333,0.0118166666666666,0.0101,0.0105833333333333,0.0116291666666666,0.0112541666666666,0.0098666666666666,0.0101166666666666,0.0099583333333333,0.00865,0.0116625,0.0093041666666666,0.0083541666666666,0.0085,0.009025,0.0114124999999999
0.0103625,0.0099291666666666,0.0114958333333333,0.010525,0.010225,0.0116416666666666,0.0113208333333333,0.0113416666666666,0.0020125,0.0095125,0.0098791666666666,0.00975,0.0047583333333333,0.0113583333333333,0.0099458333333333,0.0094791666666666,0.0108458333333333,0.0097625,0.0118333333333333,0.0081958333333333,0.0113583333333333,0.0115583333333333,0.0108208333333333,0.0084958333333333,0.008275,0.0093666666666666,0.009575,0.0116375,0.0090125,0.0084333333333333,0.0089833333333333,0.0106666666666666,0.0113333333333333
0.0083375,0.0069833333333333,0.0101125,0.0062625,0.0095041666666666,0.0105125,0.0105666666666666,0.0107208333333333,0.0027375,0.0062874999999999,0.0063875,0.0072833333333333,0.0049625,0.0104791666666666,0.005025,0.0061333333333333,0.0078083333333333,0.0056124999999999,0.010025,0.0054708333333333,0.0104791666666666,0.0109458333333333,0.00815,0.0058333333333333,0.00575,0.0066791666666666,0.0052791666666666,0.01075,0.0067541666666666,0.0082333333333333,0.0054791666666666,0.0059083333333333,0.0103958333333333
0.0066583333333333,0.0047666666666666,0.0080875,0.0056916666666666,0.0071333333333333,0.0083458333333333,0.0078041666666666,0.0075458333333333,0.0019541666666666,0.0050291666666666,0.0064624999999999,0.0051708333333333,0.0052124999999999,0.0074499999999999,0.0052291666666666,0.0057416666666666,0.0077583333333333,0.0056291666666666,0.0077916666666666,0.004525,0.0074499999999999,0.0083708333333333,0.007625,0.0040666666666666,0.0044041666666666,0.0047958333333333,0.0050416666666666,0.00795,0.0054291666666666,0.0081208333333333,0.0048125,0.0055541666666666,0.0077458333333333
0.0057291666666666,0.0043125,0.0065041666666666,0.00515,0.005825,0.0069416666666666,0.0062541666666666,0.0070208333333333,0.0019125,0.0051583333333333,0.0052124999999999,0.0052708333333333,0.0058291666666666,0.0071208333333333,0.0065958333333333,0.0061125,0.0056333333333333,0.0064041666666666,0.0065958333333333,0.0034916666666666,0.0071208333333333,0.007125,0.0062541666666666,0.0034833333333333,0.0033875,0.0044458333333333,0.0053875,0.0074125,0.0052708333333333,0.0075333333333333,0.0050708333333333,0.0052291666666666,0.00705
0.0075791666666666,0.0063333333333333,0.0080124999999999,0.0067666666666666,0.0077541666666666,0.0083333333333333,0.0081958333333333,0.008275,0.0021041666666666,0.0071666666666666,0.0070208333333333,0.0069875,0.0072708333333333,0.0085791666666666,0.0082083333333333,0.0076083333333333,0.008075,0.0081666666666666,0.008525,0.0061708333333333,0.0085791666666666,0.0083916666666666,0.0086958333333333,0.0056208333333333,0.0056875,0.006225,0.0069458333333333,0.008725,0.0063416666666666,0.0092541666666666,0.0068041666666666,0.0069416666666666,0.0082
0.0082791666666666,0.0054208333333333,0.0094166666666666,0.0064291666666666,0.0090999999999999,0.0102666666666666,0.0099083333333333,0.0093958333333333,0.0011916666666666,0.0059333333333333,0.0061583333333333,0.0059833333333333,0.0055333333333333,0.0095125,0.0061083333333333,0.0061083333333333,0.008325,0.0061375,0.0097958333333333,0.0049958333333333,0.0095125,0.0100083333333333,0.0095,0.0045125,0.0048708333333333,0.0052291666666666,0.0051416666666666,0.0098416666666666,0.0053666666666666,0.0089375,0.0048708333333333,0.0066375,0.0097625
0.0074916666666666,0.0062791666666666,0.008875,0.0057708333333333,0.0084999999999999,0.0104375,0.0094375,0.0092583333333333,0.0010958333333333,0.0059416666666666,0.0065791666666666,0.0063916666666666,0.0049583333333333,0.0093333333333333,0.0056958333333333,0.006,0.0077041666666666,0.0059125,0.0091666666666666,0.0056749999999999,0.0093333333333333,0.010275,0.0088291666666666,0.0055541666666666,0.0059666666666666,0.0053625,0.0053458333333333,0.0100958333333333,0.0057,0.0073,0.0052,0.0059125,0.0099416666666666
0.007275,0.0042708333333333,0.0085958333333333,0.0056791666666666,0.0083166666666666,0.009,0.0091958333333333,0.0084208333333333,0.002025,0.0051291666666666,0.0055083333333333,0.0055041666666666,0.0056458333333333,0.008525,0.0055166666666666,0.0050833333333333,0.0063666666666666,0.0054208333333333,0.0088666666666666,0.0039541666666666,0.008525,0.0092083333333333,0.0068541666666666,0.0037458333333333,0.0042,0.0044583333333333,0.0043916666666666,0.0096416666666666,0.0045625,0.0086249999999999,0.0044958333333333,0.0056791666666666,0.0092833333333333
0.0062375,0.0031875,0.0073208333333333,0.0039,0.0069708333333333,0.0083625,0.0077291666666666,0.0072333333333333,0.0027624999999999,0.0038,0.0055541666666666,0.00375,0.0056749999999999,0.0075,0.0047041666666666,0.0044625,0.005975,0.0053125,0.007575,0.0029791666666666,0.0075,0.00825,0.0069416666666666,0.0025791666666666,0.0026208333333333,0.0029041666666666,0.0037291666666666,0.0082625,0.0033624999999999,0.0090166666666666,0.0039458333333333,0.0039333333333333,0.0075208333333333
0.0070083333333333,0.0050833333333333,0.0074958333333333,0.0054791666666666,0.0072916666666666,0.0081791666666666,0.0081291666666666,0.0078416666666666,0.0019,0.0063625,0.0061125,0.0064625,0.0046708333333333,0.007925,0.0066166666666666,0.0061874999999999,0.0066041666666666,0.0068083333333333,0.0080958333333333,0.0047166666666666,0.007925,0.0082041666666666,0.0079083333333333,0.0040083333333333,0.0045666666666666,0.0057791666666666,0.0052416666666666,0.0081999999999999,0.0049375,0.007375,0.005225,0.0058125,0.0078291666666666
0.0077541666666666,0.006025,0.0082291666666666,0.0062583333333333,0.0080583333333333,0.0088625,0.0087833333333333,0.0083333333333333,0.0018124999999999,0.0075833333333333,0.0064458333333333,0.0078041666666666,0.0071708333333333,0.0084583333333333,0.0071083333333333,0.0065041666666666,0.0069083333333333,0.0068916666666666,0.0086583333333333,0.0049708333333333,0.0084583333333333,0.0088041666666666,0.0081999999999999,0.0050041666666666,0.005175,0.0062333333333333,0.0067,0.0090333333333333,0.0064541666666666,0.0078583333333333,0.0068666666666666,0.0064416666666666,0.0086875
0.0086541666666666,0.0058458333333333,0.0088166666666666,0.0056124999999999,0.008375,0.0090333333333333,0.0095833333333333,0.0082333333333333,0.001725,0.0059916666666666,0.0062,0.0067333333333333,0.0044666666666666,0.0083791666666666,0.0049166666666666,0.0055916666666666,0.0070833333333333,0.005325,0.0098166666666666,0.0055208333333333,0.0083791666666666,0.009075,0.0087875,0.0051791666666666,0.0058875,0.00605,0.00485,0.0096125,0.0056791666666666,0.0068916666666666,0.0050833333333333,0.0055708333333333,0.0088708333333333
0.0076208333333333,0.0054708333333333,0.006875,0.0052041666666666,0.0068791666666666,0.0071375,0.0077416666666666,0.0063666666666666,0.001425,0.0061791666666666,0.0051333333333333,0.0067375,0.0047833333333333,0.0064583333333333,0.0046375,0.0048958333333333,0.00565,0.0048583333333333,0.008025,0.0058833333333333,0.0064583333333333,0.0075416666666666,0.0079458333333333,0.0054416666666666,0.0061833333333333,0.0058791666666666,0.0047,0.0082166666666666,0.0050374999999999,0.0071166666666666,0.0046416666666666,0.005225,0.007325
0.00345,0.0024333333333333,0.0039666666666666,0.0026208333333333,0.0036249999999999,0.0040666666666666,0.0042916666666666,0.0032833333333333,0.0014333333333333,0.0025666666666666,0.0028291666666666,0.0028875,0.0041041666666666,0.003275,0.0024791666666666,0.002975,0.0032166666666666,0.0027916666666666,0.004175,0.0022166666666666,0.003275,0.0042208333333333,0.0041375,0.0021375,0.0023083333333333,0.0024166666666666,0.0023374999999999,0.0044541666666666,0.00245,0.0059625,0.0025291666666666,0.0026125,0.0040833333333333
0.0041458333333333,0.002375,0.0045791666666666,0.002925,0.0042333333333333,0.0045458333333333,0.0048,0.0042416666666666,0.0008458333333333,0.0026416666666666,0.002925,0.0029458333333333,0.0039958333333333,0.004375,0.0027791666666666,0.0028958333333333,0.0035333333333333,0.0028958333333333,0.0048375,0.0020166666666666,0.004375,0.0046666666666666,0.0048333333333333,0.0019541666666666,0.0020375,0.0027041666666666,0.0023625,0.0049708333333333,0.0026458333333333,0.0055083333333333,0.0024166666666666,0.002875,0.0047333333333333
0.0038416666666666,0.0021708333333333,0.0047083333333333,0.0026791666666666,0.0044916666666666,0.00515,0.0050375,0.0048041666666666,0.0008291666666666,0.0022166666666666,0.0034416666666666,0.002175,0.0056,0.004975,0.0025916666666666,0.0030125,0.0038083333333333,0.0029999999999999,0.0043708333333333,0.0018458333333333,0.004975,0.005125,0.0048541666666666,0.0017833333333333,0.0018458333333333,0.0018083333333333,0.0022166666666666,0.0052291666666666,0.002225,0.0067666666666666,0.00225,0.0026958333333333,0.00495
0.0052208333333333,0.0038375,0.0053791666666666,0.0041375,0.0051791666666666,0.0056083333333333,0.00565,0.0052666666666666,0.0014791666666666,0.0039666666666666,0.0046125,0.0037833333333333,0.0051166666666666,0.0053624999999999,0.0041333333333333,0.004325,0.0050666666666666,0.0046791666666666,0.0060583333333333,0.0035375,0.0053624999999999,0.0056041666666666,0.0059375,0.0033125,0.0035958333333333,0.0032416666666666,0.0035083333333333,0.0057833333333333,0.00345,0.0072125,0.0035791666666666,0.0041458333333333,0.0055791666666666
0.0061291666666666,0.0055708333333333,0.0064458333333333,0.0057083333333333,0.0062541666666666,0.0064749999999999,0.0067083333333333,0.006075,0.001,0.0055541666666666,0.0058541666666666,0.0058541666666666,0.0041333333333333,0.0062625,0.0051333333333333,0.0053333333333333,0.0063375,0.0053125,0.0071458333333333,0.0054083333333333,0.0062625,0.0063833333333333,0.0071291666666666,0.005125,0.0057458333333333,0.0057125,0.0049083333333333,0.0065458333333333,0.0051416666666666,0.0058333333333333,0.0049125,0.0056625,0.0063875
0.007025,0.004,0.0070083333333333,0.0051791666666666,0.0067833333333333,0.007475,0.0074833333333333,0.0072625,0.0012666666666666,0.0044208333333333,0.0054833333333333,0.0044208333333333,0.003875,0.0070333333333333,0.0048708333333333,0.0048916666666666,0.005975,0.0051166666666666,0.0078291666666666,0.0037958333333333,0.0070333333333333,0.0074708333333333,0.0075541666666666,0.0036958333333333,0.0037583333333333,0.0042125,0.0043333333333333,0.0075124999999999,0.0046416666666666,0.0056416666666666,0.0043416666666666,0.0051624999999999,0.0070541666666666
0.0060208333333333,0.0045333333333333,0.0070999999999999,0.0052124999999999,0.0066,0.0077208333333333,0.0076083333333333,0.0072583333333333,0.0011833333333333,0.005225,0.0056041666666666,0.0050875,0.0033875,0.0071041666666666,0.0055333333333333,0.0053416666666666,0.005875,0.0059208333333333,0.0071291666666666,0.0041416666666666,0.0071041666666666,0.0076791666666666,0.0066208333333333,0.0040541666666666,0.0039875,0.0046666666666666,0.0046375,0.0078541666666666,0.0044416666666666,0.0045083333333333,0.0042666666666666,0.0053666666666666,0.0071583333333333
0.0065041666666666,0.0043,0.0075333333333333,0.0053374999999999,0.007225,0.0078875,0.0078833333333333,0.0074166666666666,0.0008791666666666,0.0049166666666666,0.0049708333333333,0.0051125,0.0034541666666666,0.0074791666666666,0.0050166666666666,0.0050583333333333,0.0053916666666666,0.0056041666666666,0.0077083333333333,0.0036875,0.0074791666666666,0.0078375,0.0065583333333333,0.0036708333333333,0.0036208333333333,0.0046749999999999,0.0045291666666666,0.0079875,0.0044666666666666,0.0048125,0.0046041666666666,0.0053416666666666,0.0072499999999999
0.0062583333333333,0.0044625,0.0071041666666666,0.0054833333333333,0.0067375,0.0079041666666666,0.0076625,0.0075375,0.0007166666666666,0.0047166666666666,0.0055499999999999,0.0048041666666666,0.0038666666666666,0.0077208333333333,0.0053374999999999,0.0052875,0.0059125,0.00525,0.0073,0.0035833333333333,0.0077208333333333,0.0080625,0.0069583333333333,0.0036,0.0036458333333333,0.0044125,0.0044375,0.0081166666666666,0.0044291666666666,0.0050708333333333,0.0044249999999999,0.0056083333333333,0.0074291666666666
0.0072625,0.0051166666666666,0.0075625,0.0069833333333333,0.0071541666666666,0.007975,0.0078541666666666,0.0073875,0.000775,0.0056625,0.0058208333333333,0.0058416666666666,0.0039375,0.0078333333333333,0.0064208333333333,0.0056333333333333,0.0064749999999999,0.0059499999999999,0.0078833333333333,0.0046625,0.0078333333333333,0.0080791666666666,0.0073916666666666,0.0043458333333333,0.0046124999999999,0.0052291666666666,0.0053374999999999,0.0083583333333333,0.0052041666666666,0.0051458333333333,0.0052208333333333,0.0071333333333333,0.0079916666666666
0.0065708333333333,0.0045541666666666,0.0083708333333333,0.0048666666666666,0.0079666666666666,0.0080125,0.0086833333333333,0.0075625,0.0019333333333333,0.0046333333333333,0.0047666666666666,0.0051833333333333,0.0039625,0.0079041666666666,0.0042958333333333,0.0044375,0.0052458333333333,0.0042541666666666,0.0078875,0.0043708333333333,0.0079041666666666,0.0080083333333333,0.0071166666666666,0.0043416666666666,0.0041583333333333,0.0046041666666666,0.0043583333333333,0.0087541666666666,0.0047583333333333,0.0051708333333333,0.0044333333333333,0.0048583333333333,0.0075375
0.00665,0.0049125,0.0076708333333333,0.0044,0.0072749999999999,0.0078416666666666,0.0083041666666666,0.0070666666666666,0.0015291666666666,0.0046833333333333,0.0046749999999999,0.0052083333333333,0.0035208333333333,0.007375,0.0038708333333333,0.0045499999999999,0.0050583333333333,0.0041791666666666,0.0080791666666666,0.0049291666666666,0.007375,0.0080333333333333,0.0061874999999999,0.0047458333333333,0.0047625,0.0048208333333333,0.0039625,0.0084416666666666,0.0044375,0.0040083333333333,0.0040833333333333,0.0043291666666666,0.0071541666666666
0.00335,0.0021874999999999,0.0045791666666666,0.0023208333333333,0.004125,0.0052,0.0046416666666666,0.0050208333333333,0.0010875,0.0021833333333333,0.0025416666666666,0.002475,0.0032833333333333,0.0049333333333333,0.002425,0.0026833333333333,0.002925,0.0023083333333333,0.0044041666666666,0.0018208333333333,0.0049333333333333,0.0052,0.0038625,0.0018708333333333,0.0018708333333333,0.0021375,0.0019833333333333,0.0050791666666666,0.0021583333333333,0.0049,0.0019916666666666,0.00225,0.00455
0.0032875,0.002425,0.0042541666666666,0.0025291666666666,0.0037833333333333,0.0048125,0.0042666666666666,0.0046625,0.0013375,0.0024583333333333,0.0029749999999999,0.0024375,0.0034666666666666,0.0046666666666666,0.002725,0.0026875,0.0034958333333333,0.0027583333333333,0.0040708333333333,0.0020041666666666,0.0046666666666666,0.0047875,0.00435,0.0019499999999999,0.0019375,0.0020791666666666,0.0025,0.00465,0.0024208333333333,0.0053208333333333,0.0025041666666666,0.0024916666666666,0.0039041666666666
0.0045333333333333,0.0033625,0.0049291666666666,0.003775,0.0046416666666666,0.0050958333333333,0.0052166666666666,0.0047708333333333,0.0012666666666666,0.0037375,0.0040875,0.0037416666666666,0.0033083333333333,0.0048958333333333,0.0037874999999999,0.0037583333333333,0.0044375,0.003775,0.0052625,0.0030375,0.0048958333333333,0.0050666666666666,0.0052041666666666,0.0027875,0.0030708333333333,0.0030083333333333,0.0033958333333333,0.005375,0.0030791666666666,0.0048083333333333,0.0033791666666666,0.0038541666666666,0.0050708333333333
0.0058166666666666,0.005825,0.0060041666666666,0.0058333333333333,0.0056583333333333,0.0058874999999999,0.0063124999999999,0.0051791666666666,0.0014958333333333,0.0059499999999999,0.0049458333333333,0.0067416666666666,0.0032375,0.0053625,0.0050125,0.0048291666666666,0.005625,0.0048125,0.0066916666666666,0.0056124999999999,0.0053625,0.0058958333333333,0.006475,0.0053875,0.0057208333333333,0.0062458333333333,0.0051666666666666,0.0064833333333333,0.0057208333333333,0.0036375,0.0048333333333333,0.0058458333333333,0.0058208333333333
0.00465,0.0039166666666666,0.0061333333333333,0.0035416666666666,0.005825,0.00665,0.0065208333333333,0.0061333333333333,0.0013791666666666,0.003775,0.0034208333333333,0.0040875,0.004075,0.0062041666666666,0.0028708333333333,0.0033333333333333,0.0044458333333333,0.0030375,0.0061666666666666,0.0037916666666666,0.0062041666666666,0.0066416666666666,0.0050083333333333,0.0034999999999999,0.0037208333333333,0.0038791666666666,0.0032041666666666,0.0068916666666666,0.0034625,0.0048708333333333,0.0029291666666666,0.0034916666666666,0.0060916666666666
0.0043166666666666,0.0032375,0.0058208333333333,0.003525,0.0053916666666666,0.0063124999999999,0.0060916666666666,0.0058333333333333,0.0014166666666666,0.0033291666666666,0.0035208333333333,0.0036208333333333,0.0037125,0.005875,0.0031875,0.0032708333333333,0.0044166666666666,0.0033791666666666,0.0056958333333333,0.00305,0.005875,0.0063916666666666,0.0043208333333333,0.0028333333333333,0.0029833333333333,0.0033291666666666,0.0030916666666666,0.0064958333333333,0.0033291666666666,0.0046124999999999,0.0030208333333333,0.0034833333333333,0.0061625
0.0046708333333333,0.0034166666666666,0.0055291666666666,0.0039833333333333,0.0053791666666666,0.0056625,0.0057916666666666,0.0054583333333333,0.0008625,0.0040041666666666,0.0042041666666666,0.00415,0.0035458333333333,0.0056666666666666,0.0042583333333333,0.0042541666666666,0.0052041666666666,0.0044166666666666,0.0056041666666666,0.0034541666666666,0.0056666666666666,0.0055875,0.005175,0.0033624999999999,0.0033208333333333,0.0035499999999999,0.0035791666666666,0.0058208333333333,0.0039125,0.0040666666666666,0.0035291666666666,0.0039708333333333,0.0055791666666666
0.0053833333333333,0.0049083333333333,0.0061666666666666,0.0055166666666666,0.0060458333333333,0.0065875,0.0065916666666666,0.0063583333333333,0.0009583333333333,0.0053666666666666,0.0051624999999999,0.0056708333333333,0.0041791666666666,0.0065958333333333,0.0064208333333333,0.0056916666666666,0.0057125,0.0062375,0.0063916666666666,0.0047083333333333,0.0065958333333333,0.0065541666666666,0.0053416666666666,0.0042708333333333,0.0044625,0.0047083333333333,0.0052541666666666,0.0067208333333333,0.0046458333333333,0.0050208333333333,0.0048833333333333,0.0055833333333333,0.0065291666666666
0.0064708333333333,0.0057875,0.006375,0.0071708333333333,0.0062375,0.0062083333333333,0.0069041666666666,0.0055583333333333,0.0016541666666666,0.0062583333333333,0.0052625,0.0068625,0.0040541666666666,0.0057291666666666,0.00615,0.0052458333333333,0.0066958333333333,0.0056625,0.0074125,0.0046416666666666,0.0057291666666666,0.0063,0.0069916666666666,0.00455,0.0046041666666666,0.0065833333333333,0.0058625,0.0065166666666666,0.0060125,0.0044333333333333,0.0057166666666666,0.0071625,0.0063416666666666
0.0079166666666666,0.0089375,0.0069875,0.0090958333333333,0.00715,0.0073583333333333,0.0079708333333333,0.0068458333333333,0.0017208333333333,0.0079041666666666,0.0062583333333333,0.0086,0.0034,0.007,0.0073458333333333,0.0062666666666666,0.0093166666666666,0.0066833333333333,0.0087666666666666,0.0073541666666666,0.007,0.0075583333333333,0.0079708333333333,0.0075375,0.0074916666666666,0.0091375,0.0077624999999999,0.0080666666666666,0.0083166666666666,0.0036833333333333,0.0075291666666666,0.0091916666666666,0.0076791666666666
0.0050541666666666,0.0065958333333333,0.0058833333333333,0.0035916666666666,0.005975,0.0063083333333333,0.0065166666666666,0.0057166666666666,0.0027458333333333,0.0026958333333333,0.0032875,0.0027166666666666,0.0042416666666666,0.00605,0.0029,0.0032083333333333,0.0044833333333333,0.0029125,0.0066666666666666,0.0041291666666666,0.00605,0.0063708333333333,0.0049125,0.0045625,0.0044333333333333,0.0038166666666666,0.0030875,0.0066125,0.0034916666666666,0.0047291666666666,0.0029083333333333,0.0035749999999999,0.0062041666666666
0.0034916666666666,0.0047916666666666,0.0049041666666666,0.0030291666666666,0.0044666666666666,0.0053875,0.0052166666666666,0.0046541666666666,0.0025416666666666,0.0022833333333333,0.00275,0.0022875,0.0043833333333333,0.0050166666666666,0.002975,0.0028083333333333,0.0040791666666666,0.0028708333333333,0.0045458333333333,0.0035458333333333,0.0050166666666666,0.0053791666666666,0.0039166666666666,0.0038916666666666,0.0036791666666666,0.0030208333333333,0.0027375,0.0055208333333333,0.0027791666666666,0.0051041666666666,0.0027708333333333,0.0030125,0.0052666666666666
0.0038708333333333,0.0058541666666666,0.0051291666666666,0.004325,0.0045583333333333,0.0056208333333333,0.0053458333333333,0.0054833333333333,0.0017416666666666,0.0018666666666666,0.0030833333333333,0.0018499999999999,0.0038458333333333,0.0056416666666666,0.0036708333333333,0.0034125,0.0052083333333333,0.0035499999999999,0.0050125,0.0042958333333333,0.0056416666666666,0.0057958333333333,0.0043791666666666,0.0048333333333333,0.0045125,0.0038833333333333,0.0037333333333333,0.0059833333333333,0.003575,0.0043791666666666,0.0036375,0.0043291666666666,0.0057958333333333
0.0047541666666666,0.0037875,0.0055,0.00455,0.0051875,0.0059125,0.0058458333333333,0.0059166666666666,0.0019416666666666,0.003825,0.0032875,0.0041708333333333,0.0038541666666666,0.0059541666666666,0.0042125,0.0037708333333333,0.0043875,0.0039625,0.0057708333333333,0.0035166666666666,0.0059541666666666,0.0060875,0.0045833333333333,0.0032833333333333,0.0034,0.0038791666666666,0.0040916666666666,0.0062499999999999,0.0040291666666666,0.0041,0.0041708333333333,0.0046041666666666,0.0054166666666666
0.0058916666666666,0.0060125,0.006325,0.0061416666666666,0.00605,0.0066375,0.0067208333333333,0.0061625,0.0025,0.0059625,0.0053625,0.0067166666666666,0.0042708333333333,0.0063458333333333,0.0054833333333333,0.005375,0.0058625,0.0055666666666666,0.0066208333333333,0.0055333333333333,0.0063458333333333,0.0068458333333333,0.0061458333333333,0.0053999999999999,0.0055375,0.0062875,0.0057083333333333,0.0074916666666666,0.0059375,0.0042875,0.0057833333333333,0.0061791666666666,0.0063708333333333
0.0068291666666666,0.0045375,0.0072166666666666,0.0057333333333333,0.0070333333333333,0.0073875,0.0078666666666666,0.0063666666666666,0.0024791666666666,0.0049041666666666,0.00575,0.0050874999999999,0.0036125,0.0065333333333333,0.0056,0.0053166666666666,0.0060416666666666,0.0054291666666666,0.0082958333333333,0.0039499999999999,0.0065333333333333,0.0075749999999999,0.0068833333333333,0.0037291666666666,0.0036208333333333,0.0047125,0.0047666666666666,0.0079708333333333,0.0052208333333333,0.0033375,0.0049458333333333,0.005775,0.0073083333333333
0.0057708333333333,0.0052083333333333,0.0071541666666666,0.0057916666666666,0.0066291666666666,0.0075124999999999,0.0072583333333333,0.0074958333333333,0.0015458333333333,0.0055583333333333,0.0055791666666666,0.0056375,0.0034041666666666,0.00775,0.0056208333333333,0.0049375,0.006,0.0051416666666666,0.0071208333333333,0.0047291666666666,0.00775,0.007875,0.00645,0.0043958333333333,0.0045583333333333,0.0049333333333333,0.0050083333333333,0.0081208333333333,0.0052625,0.0035458333333333,0.0052375,0.0059375,0.0073166666666666
0.0069,0.0058541666666666,0.0083583333333333,0.0084583333333333,0.0076125,0.0081416666666666,0.0078,0.0075666666666666,0.0036958333333333,0.0070541666666666,0.005975,0.0073875,0.0044333333333333,0.0079041666666666,0.0069416666666666,0.005725,0.0064124999999999,0.0064541666666666,0.0077416666666666,0.004725,0.0079041666666666,0.00835,0.007125,0.0045416666666666,0.004525,0.007075,0.0066208333333333,0.0087833333333333,0.0067541666666666,0.0044791666666666,0.0067541666666666,0.0085625,0.0082333333333333
0.0079041666666666,0.0077333333333333,0.0083458333333333,0.0104833333333333,0.0082583333333333,0.0088541666666666,0.0089875,0.0085916666666666,0.0027041666666666,0.0087291666666666,0.0075416666666666,0.0095541666666666,0.00425,0.0090958333333333,0.0089458333333333,0.007625,0.0079958333333333,0.0082125,0.0090583333333333,0.0067083333333333,0.0090958333333333,0.0092583333333333,0.0080666666666666,0.0064041666666666,0.0066624999999999,0.0086333333333333,0.0088708333333333,0.010075,0.0086333333333333,0.0043291666666666,0.0089,0.01045,0.0087791666666666
0.0071166666666666,0.0049625,0.0081208333333333,0.0063166666666666,0.0078125,0.0083333333333333,0.0083625,0.0077791666666666,0.0025375,0.0059,0.0058833333333333,0.0058875,0.0052958333333333,0.0080375,0.0063875,0.0060208333333333,0.006225,0.0059416666666666,0.0087666666666666,0.0042541666666666,0.0080375,0.0085083333333333,0.0075041666666666,0.0037291666666666,0.0041666666666666,0.0052124999999999,0.0058875,0.0088916666666666,0.0058333333333333,0.0053291666666666,0.0061249999999999,0.0064041666666666,0.0080708333333333
0.0086041666666666,0.0092,0.0096208333333333,0.0109249999999999,0.0092,0.0094958333333333,0.0096125,0.0088458333333333,0.0022791666666666,0.0095166666666666,0.0085333333333333,0.0105875,0.0052375,0.0092708333333333,0.0104541666666666,0.0092208333333333,0.0093625,0.0096791666666666,0.0101958333333333,0.0076374999999999,0.0092708333333333,0.0095041666666666,0.0097666666666666,0.0074958333333333,0.0075416666666666,0.0097333333333333,0.0097916666666666,0.0102333333333333,0.0094749999999999,0.0059208333333333,0.0090625,0.0110166666666666,0.0095875
0.0080791666666666,0.0083291666666666,0.0087499999999999,0.0088083333333333,0.0085791666666666,0.0091166666666666,0.0094416666666666,0.0083916666666666,0.0030125,0.0092291666666666,0.0085083333333333,0.0098625,0.0049499999999999,0.0088041666666666,0.0081083333333333,0.0076791666666666,0.0092791666666666,0.0080916666666666,0.0095791666666666,0.0075041666666666,0.0088041666666666,0.0090958333333333,0.010025,0.007525,0.0073583333333333,0.0090875,0.0076916666666666,0.0095291666666666,0.0080416666666666,0.0053374999999999,0.0074041666666666,0.0088125,0.0091875
0.0082208333333333,0.0088583333333333,0.0093375,0.0087416666666666,0.0091291666666666,0.0101625,0.0098,0.0096791666666666,0.0021958333333333,0.0092791666666666,0.0079666666666666,0.0093583333333333,0.0054333333333333,0.009725,0.0096125,0.0086791666666666,0.0084291666666666,0.0085333333333333,0.009725,0.0082958333333333,0.009725,0.0100416666666666,0.0089833333333333,0.0082708333333333,0.008175,0.0085791666666666,0.0093416666666666,0.0105541666666666,0.009025,0.0051625,0.0088791666666666,0.0088708333333333,0.0099625
0.0106791666666666,0.0104708333333333,0.0114208333333333,0.0142625,0.0108666666666666,0.0117583333333333,0.0119208333333333,0.0110958333333333,0.0041875,0.01195,0.010175,0.0125624999999999,0.0064666666666666,0.0112458333333333,0.0131875,0.0110708333333333,0.011175,0.01215,0.0120333333333333,0.0082416666666666,0.0112458333333333,0.0115583333333333,0.011425,0.0083166666666666,0.0082083333333333,0.0124291666666666,0.0130083333333333,0.0119541666666666,0.0119999999999999,0.0067791666666666,0.0115583333333333,0.0143541666666666,0.0115791666666666
0.0118958333333333,0.0097833333333333,0.0127291666666666,0.0115833333333333,0.01235,0.0130416666666666,0.0135208333333333,0.0118958333333333,0.004875,0.0100041666666666,0.0104874999999999,0.0115208333333333,0.0053624999999999,0.0119541666666666,0.0097124999999999,0.0094291666666666,0.0121583333333333,0.0095708333333333,0.0143916666666666,0.0079875,0.0119541666666666,0.0129791666666666,0.0120791666666666,0.0083083333333333,0.0082083333333333,0.0099375,0.0092291666666666,0.0132375,0.0102166666666666,0.0056916666666666,0.0090041666666666,0.0115916666666666,0.0130499999999999
0.009525,0.008,0.0104416666666666,0.010025,0.0100708333333333,0.0113333333333333,0.0110125,0.0106875,0.004575,0.0075125,0.0084875,0.0089541666666666,0.0055083333333333,0.0105499999999999,0.0090666666666666,0.0082041666666666,0.0098125,0.0087625,0.01165,0.0068166666666666,0.0105499999999999,0.01155,0.0096083333333333,0.0064708333333333,0.006675,0.0082458333333333,0.0084833333333333,0.0112833333333333,0.0083625,0.0056333333333333,0.0082458333333333,0.0099958333333333,0.0109208333333333
0.0102541666666666,0.00815,0.0117416666666666,0.01165,0.0112166666666666,0.0122291666666666,0.0123041666666666,0.0113958333333333,0.0042541666666666,0.0089,0.0086416666666666,0.0099875,0.0058749999999999,0.0113958333333333,0.0105499999999999,0.0088541666666666,0.0096625,0.0096791666666666,0.0128166666666666,0.0073416666666666,0.0113958333333333,0.0122458333333333,0.0111583333333333,0.0074708333333333,0.0073124999999999,0.0089708333333333,0.0094625,0.0122791666666666,0.0093916666666666,0.0056124999999999,0.0094083333333333,0.0117333333333333,0.0120624999999999
0.0121166666666666,0.0117749999999999,0.0125666666666666,0.0139083333333333,0.0123833333333333,0.0131916666666666,0.013775,0.0122541666666666,0.0030666666666666,0.0125166666666666,0.0104916666666666,0.013425,0.0050208333333333,0.0124958333333333,0.0124541666666666,0.0102958333333333,0.0125333333333333,0.0120083333333333,0.0140791666666666,0.0109041666666666,0.0124958333333333,0.0129625,0.0120375,0.0107458333333333,0.0106875,0.0126708333333333,0.0124958333333333,0.0136708333333333,0.0119875,0.0051958333333333,0.0111708333333333,0.013925,0.0131541666666666
0.014275,0.0140166666666666,0.0145291666666666,0.0169875,0.014175,0.0153916666666666,0.0154833333333333,0.0140124999999999,0.0031083333333333,0.0148,0.0130749999999999,0.0159041666666666,0.0051833333333333,0.0140708333333333,0.0141958333333333,0.01255,0.0150083333333333,0.0139999999999999,0.0166125,0.0114958333333333,0.0140708333333333,0.015075,0.0142499999999999,0.0117583333333333,0.0116375,0.0153541666666666,0.0137708333333333,0.0152791666666666,0.0143833333333333,0.0051666666666666,0.0129874999999999,0.0170458333333333,0.0149291666666666
0.0125791666666666,0.00985,0.0137416666666666,0.0143333333333333,0.01315,0.0142833333333333,0.0141374999999999,0.0126958333333333,0.0044,0.0122875,0.0113583333333333,0.0137083333333333,0.0063416666666666,0.0130291666666666,0.0110999999999999,0.0115041666666666,0.0134791666666666,0.0115958333333333,0.0151125,0.0078999999999999,0.0130291666666666,0.0142833333333333,0.0141833333333333,0.0084083333333333,0.0079208333333333,0.0122416666666666,0.0120166666666666,0.0141374999999999,0.0121333333333333,0.0074333333333333,0.0106375,0.0143083333333333,0.0137791666666666
0.0116916666666666,0.0109791666666666,0.0125624999999999,0.0140875,0.012275,0.013175,0.0133333333333333,0.0125958333333333,0.004975,0.0110541666666666,0.0115041666666666,0.0118625,0.0065916666666666,0.0122541666666666,0.0117333333333333,0.011275,0.0123333333333333,0.0115833333333333,0.0138125,0.0093791666666666,0.0122541666666666,0.0132875,0.0127374999999999,0.0094166666666666,0.0089625,0.0117125,0.01145,0.0131833333333333,0.0112916666666666,0.0085,0.010875,0.0141958333333333,0.0127708333333333
0.0116583333333333,0.0096291666666666,0.0124374999999999,0.014675,0.0119374999999999,0.0130833333333333,0.0131875,0.0123583333333333,0.0052,0.0114416666666666,0.0104249999999999,0.0132375,0.0053833333333333,0.0121333333333333,0.0115125,0.0096375,0.0115375,0.0107833333333333,0.0135458333333333,0.0084833333333333,0.0121333333333333,0.0130125,0.0119041666666666,0.0083083333333333,0.0078333333333333,0.0120791666666666,0.0106541666666666,0.0130458333333333,0.0109249999999999,0.0066416666666666,0.0104875,0.014675,0.01235
0.0128166666666666,0.0131458333333333,0.0133541666666666,0.0165541666666666,0.0131583333333333,0.0145291666666666,0.0141875,0.013925,0.0043125,0.0147708333333333,0.0103291666666666,0.0157041666666666,0.0051458333333333,0.0139458333333333,0.0138541666666666,0.0117666666666666,0.01275,0.0123,0.01505,0.0110666666666666,0.0139458333333333,0.0141083333333333,0.0136416666666666,0.0111208333333333,0.0109833333333333,0.0148916666666666,0.0142583333333333,0.0143083333333333,0.0141791666666666,0.0055833333333333,0.0133083333333333,0.016575,0.0140124999999999
0.011325,0.0096083333333333,0.0109083333333333,0.0120291666666666,0.0106333333333333,0.0110458333333333,0.01115,0.011125,0.00495,0.0099958333333333,0.0090708333333333,0.0114958333333333,0.0056041666666666,0.0110208333333333,0.0096458333333333,0.0092958333333333,0.0110375,0.0097875,0.0128375,0.0079208333333333,0.0110208333333333,0.0114208333333333,0.0119333333333333,0.0080125,0.0077458333333333,0.0106291666666666,0.0105208333333333,0.0116291666666666,0.011025,0.0061625,0.009925,0.0120125,0.010975
0.01035,0.0105,0.0109249999999999,0.0112916666666666,0.0106333333333333,0.01185,0.0114958333333333,0.0114916666666666,0.0039499999999999,0.0093083333333333,0.0098208333333333,0.0100875,0.00565,0.0113,0.0101583333333333,0.0093666666666666,0.0107958333333333,0.0099125,0.0126541666666666,0.0090625,0.0113,0.01195,0.0108833333333333,0.009075,0.0087583333333333,0.0103166666666666,0.0101083333333333,0.0117666666666666,0.0096916666666666,0.0063,0.0091291666666666,0.0112916666666666,0.0113125
0.0113583333333333,0.0119875,0.0134333333333333,0.0142541666666666,0.0124125,0.0142375,0.0133666666666666,0.0136875,0.0054458333333333,0.0122625,0.0114625,0.012925,0.0077791666666666,0.0129,0.0138958333333333,0.0124374999999999,0.0124083333333333,0.0136708333333333,0.0138541666666666,0.0108166666666666,0.0129,0.0138041666666666,0.0125666666666666,0.0105708333333333,0.0104875,0.0130875,0.0125375,0.0141125,0.0124333333333333,0.0090625,0.0119541666666666,0.0143625,0.0138125
0.0122,0.0104083333333333,0.0142583333333333,0.0133291666666666,0.0130333333333333,0.0151125,0.0148375,0.0142458333333333,0.0048083333333333,0.0117333333333333,0.0122625,0.0118166666666666,0.0077333333333333,0.0139416666666666,0.0127791666666666,0.0132916666666666,0.0137499999999999,0.0127875,0.0153458333333333,0.009175,0.0139416666666666,0.0151458333333333,0.0144,0.0089541666666666,0.0085083333333333,0.0112541666666666,0.0115125,0.0147166666666666,0.0108875,0.0107958333333333,0.0110333333333333,0.0134,0.0147833333333333
0.0125583333333333,0.011275,0.0124333333333333,0.0131208333333333,0.0119958333333333,0.0129916666666666,0.01265,0.0126874999999999,0.0052375,0.0113,0.0108583333333333,0.0115958333333333,0.0081958333333333,0.0122958333333333,0.0118875,0.0116333333333333,0.0122083333333333,0.0114666666666666,0.0148875,0.0100708333333333,0.0122958333333333,0.0127333333333333,0.0137958333333333,0.0099416666666666,0.0096666666666666,0.0109374999999999,0.0105333333333333,0.0128624999999999,0.0109458333333333,0.0088833333333333,0.0103208333333333,0.0133125,0.0124083333333333
0.0113375,0.0094791666666666,0.0125666666666666,0.0120958333333333,0.0119541666666666,0.0136458333333333,0.0132291666666666,0.0134208333333333,0.0067541666666666,0.0108666666666666,0.0102791666666666,0.0106083333333333,0.0084791666666666,0.0138833333333333,0.0120458333333333,0.0120541666666666,0.0121916666666666,0.0113499999999999,0.0140833333333333,0.0075666666666666,0.0138833333333333,0.012675,0.0125333333333333,0.0076416666666666,0.0070208333333333,0.0094791666666666,0.0112541666666666,0.0136333333333333,0.0099958333333333,0.0112625,0.011,0.0123291666666666,0.0131541666666666
0.0144791666666666,0.0124666666666666,0.0150791666666666,0.0172583333333333,0.0144333333333333,0.0160458333333333,0.0159125,0.0149541666666666,0.0055541666666666,0.0151541666666666,0.0132833333333333,0.0153458333333333,0.0086083333333333,0.0149458333333333,0.0157,0.0143041666666666,0.0151375,0.0152708333333333,0.0172125,0.0116666666666666,0.0149458333333333,0.0158624999999999,0.0149125,0.0115125,0.0111333333333333,0.0147,0.0147958333333333,0.0159666666666666,0.0143,0.0107083333333333,0.0144041666666666,0.0173333333333333,0.0157375
0.0146333333333333,0.0132666666666666,0.0150208333333333,0.0186208333333333,0.0142499999999999,0.0151041666666666,0.0155249999999999,0.0145416666666666,0.0049458333333333,0.0153291666666666,0.0133875,0.0165166666666666,0.0086666666666666,0.0142625,0.0146416666666666,0.0134958333333333,0.0152375,0.01375,0.0169666666666666,0.0132125,0.0142625,0.01485,0.0133083333333333,0.0127333333333333,0.0127625,0.0166499999999999,0.0156708333333333,0.0152583333333333,0.0156208333333333,0.0101666666666666,0.0149291666666666,0.0185833333333333,0.0152749999999999
0.0146041666666666,0.0151375,0.0154041666666666,0.0188333333333333,0.0148541666666666,0.0167583333333333,0.0164583333333333,0.0162375,0.0062291666666666,0.0176666666666666,0.01485,0.0189833333333333,0.0086541666666666,0.0160166666666666,0.016525,0.016875,0.0177791666666666,0.0170166666666666,0.017275,0.0141708333333333,0.0160166666666666,0.0165791666666666,0.0152666666666666,0.0138208333333333,0.0134083333333333,0.0179208333333333,0.0168,0.0171041666666666,0.016975,0.0106291666666666,0.0167916666666666,0.0190291666666666,0.01655
0.0157416666666666,0.0123625,0.0170583333333333,0.0153916666666666,0.0163083333333333,0.0175583333333333,0.0178,0.0169333333333333,0.0088499999999999,0.0134791666666666,0.0130333333333333,0.0150541666666666,0.0125041666666666,0.0169166666666666,0.013275,0.0138458333333333,0.0144208333333333,0.013275,0.0181041666666666,0.0114541666666666,0.0169166666666666,0.0178083333333333,0.0144458333333333,0.0115416666666666,0.0109458333333333,0.014025,0.0127958333333333,0.0168291666666666,0.0130791666666666,0.0148333333333333,0.0126541666666666,0.0155583333333333,0.01735
0.0123166666666666,0.0118708333333333,0.0137125,0.0146541666666666,0.0129458333333333,0.0145166666666666,0.0138958333333333,0.0137041666666666,0.0084958333333333,0.0131166666666666,0.0124,0.0144083333333333,0.0101208333333333,0.0135666666666666,0.0126916666666666,0.0136083333333333,0.0134125,0.0129625,0.0147166666666666,0.0114083333333333,0.0135666666666666,0.0142916666666666,0.0138166666666666,0.0113791666666666,0.0112583333333333,0.0130833333333333,0.0131791666666666,0.0143333333333333,0.0128708333333333,0.0121083333333333,0.0119541666666666,0.01475,0.013775
0.0129874999999999,0.0105,0.014825,0.0162583333333333,0.0141374999999999,0.0151541666666666,0.01535,0.0146249999999999,0.0079666666666666,0.01295,0.0111541666666666,0.0132791666666666,0.0105791666666666,0.014575,0.0125291666666666,0.0113875,0.01185,0.0123083333333333,0.0157708333333333,0.0097833333333333,0.014575,0.0152833333333333,0.0132458333333333,0.0093458333333333,0.0091916666666666,0.0125458333333333,0.012525,0.0156208333333333,0.0123166666666666,0.0135041666666666,0.0128208333333333,0.0163291666666666,0.0145375
0.0126,0.0114583333333333,0.0137041666666666,0.0148916666666666,0.0131625,0.0147916666666666,0.0143041666666666,0.0147791666666666,0.0065583333333333,0.0128541666666666,0.0121583333333333,0.0142499999999999,0.010775,0.0148416666666666,0.0128375,0.0125291666666666,0.0130625,0.0126291666666666,0.01435,0.01195,0.0148416666666666,0.01515,0.0136041666666666,0.0112666666666666,0.011525,0.0139458333333333,0.0122458333333333,0.0156625,0.0122458333333333,0.0139208333333333,0.0122125,0.0149833333333333,0.0140583333333333
0.014525,0.0141666666666666,0.0160791666666666,0.0184833333333333,0.0152375,0.0167,0.0164083333333333,0.016075,0.007475,0.0146916666666666,0.013375,0.0157625,0.0116333333333333,0.0155249999999999,0.0151166666666666,0.0143,0.0141291666666666,0.0151458333333333,0.0166874999999999,0.012975,0.0155249999999999,0.0165041666666666,0.0157041666666666,0.0129125,0.0129375,0.0164083333333333,0.015125,0.0164333333333333,0.0147791666666666,0.0158458333333333,0.0137125,0.0184833333333333,0.0155708333333333
0.0154833333333333,0.0158666666666666,0.0162375,0.0208666666666666,0.0156333333333333,0.017475,0.01685,0.0167708333333333,0.0085916666666666,0.0183291666666666,0.0144666666666666,0.0195416666666666,0.0137666666666666,0.0164208333333333,0.0183416666666666,0.0171708333333333,0.0154375,0.0176125,0.0171791666666666,0.0150249999999999,0.0164208333333333,0.0171666666666666,0.017475,0.0148041666666666,0.01475,0.0193791666666666,0.0178625,0.0173791666666666,0.0171708333333333,0.0164791666666666,0.0148958333333333,0.02095,0.0166458333333333
0.0166458333333333,0.0172208333333333,0.018375,0.024675,0.0173416666666666,0.0196749999999999,0.0191583333333333,0.0183625,0.008875,0.0202166666666666,0.0148875,0.0209208333333333,0.0124166666666666,0.0173708333333333,0.019225,0.0172125,0.0160125,0.0179083333333333,0.0187458333333333,0.0159791666666666,0.0173708333333333,0.0192541666666666,0.0185541666666666,0.0154875,0.0153666666666666,0.0201625,0.0182125,0.0191791666666666,0.01775,0.0155874999999999,0.01815,0.024725,0.018525
0.0162666666666666,0.0138916666666666,0.017175,0.0214,0.0162458333333333,0.0184041666666666,0.017875,0.0183416666666666,0.009,0.0174791666666666,0.0163583333333333,0.0187333333333333,0.0122291666666666,0.0177458333333333,0.0176,0.0169541666666666,0.0167166666666666,0.0169666666666666,0.0185958333333333,0.0132958333333333,0.0177458333333333,0.0193083333333333,0.01695,0.0130125,0.0129375,0.0172583333333333,0.0170333333333333,0.0189958333333333,0.0171333333333333,0.0174666666666666,0.0167875,0.0212625,0.0166
0.0182666666666666,0.0194708333333333,0.0191791666666666,0.0244458333333333,0.0186083333333333,0.0196958333333333,0.0199083333333333,0.0186875,0.0095791666666666,0.0202,0.0175624999999999,0.0222249999999999,0.010875,0.018125,0.0199416666666666,0.0190666666666666,0.018775,0.0189333333333333,0.0201833333333333,0.0192375,0.018125,0.0197666666666666,0.0195083333333333,0.0189,0.018925,0.0214708333333333,0.0218958333333333,0.0197958333333333,0.0205291666666666,0.0156583333333333,0.0150791666666666,0.0245083333333333,0.0183166666666666
0.0167625,0.0177666666666666,0.0179791666666666,0.0207416666666666,0.0169875,0.0159583333333333,0.0180458333333333,0.0166916666666666,0.0095041666666666,0.0176541666666666,0.0176,0.0190666666666666,0.0116333333333333,0.0161958333333333,0.0192375,0.0193583333333333,0.0180208333333333,0.0186666666666666,0.0194041666666666,0.0180416666666666,0.0161958333333333,0.0167666666666666,0.0192875,0.0178583333333333,0.0174583333333333,0.0186208333333333,0.0202083333333333,0.0182916666666666,0.0179,0.0146208333333333,0.0156958333333333,0.0208541666666666,0.0161416666666666
0.0150375,0.016175,0.0164041666666666,0.0175083333333333,0.0156833333333333,0.0172791666666666,0.0171958333333333,0.0164041666666666,0.0098458333333333,0.0163083333333333,0.0153333333333333,0.017175,0.0110499999999999,0.0161666666666666,0.0148541666666666,0.0166458333333333,0.0160541666666666,0.0155958333333333,0.017325,0.016425,0.0161666666666666,0.0174291666666666,0.0170958333333333,0.0162666666666666,0.0162708333333333,0.0172416666666666,0.0168416666666666,0.0174625,0.0158041666666666,0.0160416666666666,0.0141708333333333,0.0175083333333333,0.0168208333333333
0.0159708333333333,0.0192208333333333,0.0177958333333333,0.0208041666666666,0.0169541666666666,0.0189791666666666,0.0180416666666666,0.0183041666666666,0.008475,0.0199041666666666,0.0158708333333333,0.0212166666666666,0.0133375,0.0185,0.0180208333333333,0.0190749999999999,0.0165875,0.0185041666666666,0.0186083333333333,0.0194791666666666,0.0185,0.0188041666666666,0.0181416666666666,0.0190458333333333,0.0188958333333333,0.0202708333333333,0.0188083333333333,0.0187625,0.018625,0.0180375,0.0167875,0.0205874999999999,0.0175958333333333
0.0167208333333333,0.0192166666666666,0.0171333333333333,0.0218083333333333,0.0169374999999999,0.0172333333333333,0.0181791666666666,0.0174916666666666,0.0078541666666666,0.0195874999999999,0.0164958333333333,0.020775,0.0103625,0.0173708333333333,0.01825,0.0187708333333333,0.0167749999999999,0.0179541666666666,0.0193791666666666,0.0198458333333333,0.0173708333333333,0.0178333333333333,0.0171958333333333,0.019375,0.0193291666666666,0.0208041666666666,0.0194833333333333,0.0187458333333333,0.019275,0.0173583333333333,0.0156416666666666,0.0217666666666666,0.0178375
0.017725,0.0186375,0.0200375,0.0206958333333333,0.019875,0.019875,0.0216541666666666,0.0201083333333333,0.0099875,0.019775,0.0192458333333333,0.0209374999999999,0.0109458333333333,0.0199208333333333,0.0203666666666666,0.0203083333333333,0.0205041666666666,0.0193833333333333,0.0209541666666666,0.0196291666666666,0.0199208333333333,0.0210708333333333,0.020375,0.0193875,0.0189833333333333,0.0224291666666666,0.0194583333333333,0.0222583333333333,0.020675,0.0179458333333333,0.0183916666666666,0.0210541666666666,0.0208791666666666
0.0175708333333333,0.0195458333333333,0.0209416666666666,0.0201625,0.0200208333333333,0.0223833333333333,0.0219416666666666,0.0213541666666666,0.0113875,0.0205583333333333,0.0204041666666666,0.022175,0.0120708333333333,0.0209416666666666,0.0199416666666666,0.0200708333333333,0.0216875,0.0193416666666666,0.0211208333333333,0.0200125,0.0209416666666666,0.0235166666666666,0.0214083333333333,0.0196083333333333,0.0196916666666666,0.0234,0.0193041666666666,0.0233833333333333,0.0209291666666666,0.0162916666666666,0.0189625,0.0202875,0.0215791666666666
0.0198666666666666,0.0193041666666666,0.02055,0.0246416666666666,0.0197124999999999,0.0204166666666666,0.0208333333333333,0.0192958333333333,0.0114833333333333,0.0206791666666666,0.0188458333333333,0.0221625,0.0125833333333333,0.0194291666666666,0.0194833333333333,0.0195916666666666,0.0201458333333333,0.019025,0.0227041666666666,0.0185958333333333,0.0194291666666666,0.0205,0.0214541666666666,0.0184583333333333,0.0182666666666666,0.0222416666666666,0.0219541666666666,0.0210041666666666,0.020875,0.0183208333333333,0.0156208333333333,0.0248375,0.0195375
0.0188625,0.020375,0.0205416666666666,0.0226291666666666,0.020125,0.019525,0.020925,0.020325,0.0118916666666666,0.0216625,0.0202541666666666,0.0230291666666666,0.0086541666666666,0.0204166666666666,0.0218708333333333,0.0216708333333333,0.0210791666666666,0.0207916666666666,0.0223208333333333,0.0213916666666666,0.0204166666666666,0.0210958333333333,0.0215708333333333,0.0206916666666666,0.0202416666666666,0.0220125,0.0231458333333333,0.0222416666666666,0.0215208333333333,0.0190041666666666,0.0155541666666666,0.02305,0.0210208333333333
0.0162625,0.02055,0.0195125,0.0191541666666666,0.0181791666666666,0.0204333333333333,0.0197416666666666,0.0219333333333333,0.0110791666666666,0.0206416666666666,0.0201041666666666,0.0218125,0.0107916666666666,0.0219958333333333,0.0209458333333333,0.0212125,0.0218708333333333,0.0186833333333333,0.0196166666666666,0.021675,0.0219958333333333,0.0223125,0.0205916666666666,0.0207583333333333,0.0207166666666666,0.0227125,0.0202,0.0217458333333333,0.0219333333333333,0.017875,0.0198166666666666,0.0194291666666666,0.0210333333333333
0.0159249999999999,0.0196666666666666,0.0192958333333333,0.0193375,0.0183666666666666,0.0206416666666666,0.0187208333333333,0.0217708333333333,0.0118916666666666,0.0211874999999999,0.0201916666666666,0.0218499999999999,0.0129083333333333,0.0221625,0.0206541666666666,0.0201625,0.0214833333333333,0.0188291666666666,0.0195208333333333,0.0204666666666666,0.0221625,0.0221916666666666,0.0205291666666666,0.0200291666666666,0.0200708333333333,0.0226999999999999,0.0192291666666666,0.0210166666666666,0.0207,0.0178958333333333,0.019525,0.0196625,0.0200583333333333
0.0162875,0.021325,0.0183375,0.020375,0.0173583333333333,0.0199375,0.0183874999999999,0.0221208333333333,0.0116666666666666,0.0222916666666666,0.0197041666666666,0.0229291666666666,0.013025,0.0228624999999999,0.0216416666666666,0.0215583333333333,0.0206125,0.0203083333333333,0.0191166666666666,0.0213833333333333,0.0228624999999999,0.0205791666666666,0.0199458333333333,0.0208916666666666,0.0210333333333333,0.023175,0.0208499999999999,0.0199083333333333,0.0210625,0.0183125,0.0210958333333333,0.0206625,0.0194541666666666
0.0191374999999999,0.0207,0.0205541666666666,0.0223624999999999,0.0199166666666666,0.0196041666666666,0.021375,0.0190333333333333,0.0115416666666666,0.0199625,0.0196041666666666,0.0231333333333333,0.0128541666666666,0.0198291666666666,0.0212208333333333,0.0196208333333333,0.0207708333333333,0.0197041666666666,0.02225,0.0211666666666666,0.0198291666666666,0.0207208333333333,0.0204583333333333,0.0206333333333333,0.0205041666666666,0.0227416666666666,0.0221375,0.0213416666666666,0.0209875,0.0180875,0.0200541666666666,0.0224499999999999,0.0198708333333333
0.0188833333333333,0.0199208333333333,0.0194375,0.0180083333333333,0.0183958333333333,0.0171041666666666,0.0192,0.0174708333333333,0.0083666666666666,0.0190791666666666,0.0199416666666666,0.0224041666666666,0.0141666666666666,0.0182916666666666,0.02055,0.0211833333333333,0.0207583333333333,0.020225,0.020575,0.02025,0.0182916666666666,0.0188249999999999,0.0207166666666666,0.0202666666666666,0.0194083333333333,0.0225916666666666,0.0208541666666666,0.0192666666666666,0.0196791666666666,0.0180916666666666,0.0181791666666666,0.0197541666666666,0.0181458333333333
0.0182833333333333,0.020825,0.0192833333333333,0.0191291666666666,0.018425,0.0191041666666666,0.0196416666666666,0.0185791666666666,0.0077625,0.0208708333333333,0.0195541666666666,0.0228333333333333,0.0119666666666666,0.0189041666666666,0.0211458333333333,0.02165,0.0204791666666666,0.0203875,0.0212666666666666,0.0215291666666666,0.0189041666666666,0.0190958333333333,0.0203416666666666,0.02045,0.0206333333333333,0.0228041666666666,0.0215999999999999,0.0195833333333333,0.0218458333333333,0.0160208333333333,0.019325,0.0210375,0.0189791666666666
0.0188541666666666,0.0195333333333333,0.0201458333333333,0.0193791666666666,0.0193125,0.0192833333333333,0.0205416666666666,0.0197375,0.00885,0.0224,0.0196875,0.0233041666666666,0.0133874999999999,0.0206083333333333,0.0205666666666666,0.0204749999999999,0.0204333333333333,0.0193708333333333,0.0216041666666666,0.0219125,0.0206083333333333,0.0201833333333333,0.0200791666666666,0.020475,0.0203083333333333,0.0220541666666666,0.0198875,0.0211333333333333,0.0220708333333333,0.0177583333333333,0.0204958333333333,0.0198458333333333,0.0197791666666666
0.0179166666666666,0.0197166666666666,0.0186,0.0197833333333333,0.018125,0.0189,0.0190916666666666,0.019175,0.0095875,0.022,0.0195916666666666,0.0227791666666666,0.0125958333333333,0.0211041666666666,0.0211833333333333,0.0208375,0.020775,0.0197833333333333,0.0203541666666666,0.0225291666666666,0.0211041666666666,0.0183583333333333,0.0203166666666666,0.0208125,0.0202041666666666,0.0211416666666666,0.0200916666666666,0.0189333333333333,0.0207375,0.0166583333333333,0.0206208333333333,0.0205041666666666,0.0186
0.0182041666666666,0.020175,0.01815,0.0208333333333333,0.0179625,0.0173541666666666,0.0187583333333333,0.0183166666666666,0.0075625,0.0215166666666666,0.0186916666666666,0.0227458333333333,0.0120916666666666,0.0185083333333333,0.0208666666666666,0.0191958333333333,0.0199,0.0192791666666666,0.0200041666666666,0.0220416666666666,0.0185083333333333,0.0180166666666666,0.0206916666666666,0.0205666666666666,0.0204833333333333,0.0224041666666666,0.0200208333333333,0.0182416666666666,0.0203125,0.01625,0.0204166666666666,0.0216458333333333,0.0176875
0.0144333333333333,0.0197458333333333,0.0171041666666666,0.0189625,0.0159083333333333,0.0181875,0.0160875,0.0168166666666666,0.0069916666666666,0.0190041666666666,0.0142291666666666,0.0221583333333333,0.0102708333333333,0.0167125,0.0185916666666666,0.0155375,0.0153166666666666,0.016725,0.0174666666666666,0.0217583333333333,0.0167125,0.0166666666666666,0.0173249999999999,0.0195208333333333,0.0198125,0.0213166666666666,0.0184041666666666,0.01635,0.0205208333333333,0.0129041666666666,0.0185583333333333,0.0196458333333333,0.0160249999999999
0.0153374999999999,0.0190958333333333,0.0173791666666666,0.0193666666666666,0.0169791666666666,0.0184333333333333,0.0174083333333333,0.0170666666666666,0.0068,0.0189666666666666,0.0156541666666666,0.0213916666666666,0.0117625,0.0178333333333333,0.0191458333333333,0.0174,0.0162875,0.0182208333333333,0.0166458333333333,0.021125,0.0178333333333333,0.0177833333333333,0.0170833333333333,0.0192416666666666,0.019575,0.0222416666666666,0.0199125,0.0176291666666666,0.0205833333333333,0.0159833333333333,0.0180541666666666,0.0185291666666666,0.0170083333333333
0.0158583333333333,0.0200333333333333,0.017375,0.0203416666666666,0.0166916666666666,0.0184916666666666,0.0172208333333333,0.0177,0.0056041666666666,0.01995,0.0167833333333333,0.0219583333333333,0.0127374999999999,0.0184833333333333,0.0198708333333333,0.0186708333333333,0.01715,0.01875,0.0177958333333333,0.0213,0.0184833333333333,0.0179375,0.0173875,0.0202583333333333,0.0203083333333333,0.022025,0.020025,0.0176,0.0197208333333333,0.017,0.0194833333333333,0.0197875,0.0174041666666666
0.0149083333333333,0.0208583333333333,0.016575,0.0194583333333333,0.0162291666666666,0.0191041666666666,0.0166666666666666,0.019975,0.0067499999999999,0.0205916666666666,0.0179,0.022925,0.01255,0.0207708333333333,0.0209291666666666,0.0207208333333333,0.0188583333333333,0.0200333333333333,0.0169374999999999,0.0219541666666666,0.0207708333333333,0.0170166666666666,0.0177541666666666,0.0212291666666666,0.0199166666666666,0.0224375,0.020625,0.016975,0.0200041666666666,0.0155791666666666,0.0206166666666666,0.0208208333333333,0.0169416666666666
0.0142083333333333,0.02095,0.0158916666666666,0.0192708333333333,0.0156291666666666,0.0177291666666666,0.015975,0.0181791666666666,0.0072375,0.0218666666666666,0.0183958333333333,0.0231291666666666,0.0120875,0.0190458333333333,0.0214125,0.0203125,0.0193666666666666,0.0206875,0.0162291666666666,0.0219541666666666,0.0190458333333333,0.0158333333333333,0.0179541666666666,0.0208041666666666,0.0200083333333333,0.0224375,0.0207333333333333,0.0163208333333333,0.0202166666666666,0.0160458333333333,0.0205458333333333,0.0194958333333333,0.0157333333333333
0.014975,0.0188916666666666,0.0165375,0.0172583333333333,0.0165375,0.01825,0.0171874999999999,0.0179791666666666,0.0075416666666666,0.0172583333333333,0.0161041666666666,0.0205958333333333,0.0114083333333333,0.0193041666666666,0.0165125,0.0160416666666666,0.0170875,0.0158875,0.0166333333333333,0.02025,0.0193041666666666,0.017,0.0163125,0.0188583333333333,0.0191208333333333,0.0205708333333333,0.0177291666666666,0.0173875,0.017275,0.0169708333333333,0.0151166666666666,0.0169166666666666,0.01665
0.0148416666666666,0.0214708333333333,0.0166833333333333,0.019525,0.016325,0.0196583333333333,0.0176666666666666,0.0197124999999999,0.0092708333333333,0.0215791666666666,0.0161291666666666,0.0226666666666666,0.0111833333333333,0.0202833333333333,0.01965,0.0179791666666666,0.0179875,0.0183833333333333,0.0164166666666666,0.0215625,0.0202833333333333,0.0188583333333333,0.0156041666666666,0.0212416666666666,0.01945,0.0230458333333333,0.0206416666666666,0.0189499999999999,0.0202541666666666,0.0163916666666666,0.0194458333333333,0.0195916666666666,0.0174999999999999
0.0146708333333333,0.0197333333333333,0.0160458333333333,0.0212833333333333,0.0158583333333333,0.0175416666666666,0.0163458333333333,0.0168916666666666,0.009975,0.0203583333333333,0.0181291666666666,0.0224958333333333,0.0118166666666666,0.0185333333333333,0.0209208333333333,0.0205666666666666,0.0225291666666666,0.0200833333333333,0.0170916666666666,0.0192124999999999,0.0185333333333333,0.0171291666666666,0.0176833333333333,0.0183083333333333,0.0177833333333333,0.0229041666666666,0.020825,0.0172625,0.0208291666666666,0.0167833333333333,0.0203083333333333,0.0214875,0.0166125
0.0155874999999999,0.0187333333333333,0.0177708333333333,0.019775,0.017575,0.01805,0.0183791666666666,0.0176666666666666,0.0097875,0.0179083333333333,0.016975,0.0215,0.0123791666666666,0.0186291666666666,0.0184125,0.0186625,0.0218666666666666,0.0179208333333333,0.0186083333333333,0.0207166666666666,0.0186291666666666,0.0185833333333333,0.0166708333333333,0.0196791666666666,0.018775,0.0212375,0.0192958333333333,0.018725,0.0199541666666666,0.016625,0.018675,0.0197458333333333,0.0171458333333333
0.0153208333333333,0.0180791666666666,0.017,0.0181875,0.0167916666666666,0.0178125,0.0178541666666666,0.0175833333333333,0.0093083333333333,0.0179,0.0170083333333333,0.0203541666666666,0.0124,0.0184916666666666,0.0204291666666666,0.0194541666666666,0.0207208333333333,0.0187916666666666,0.0178083333333333,0.0208416666666666,0.0184916666666666,0.0175875,0.0163833333333333,0.0191916666666666,0.0192375,0.0203833333333333,0.0184416666666666,0.0179833333333333,0.018675,0.0163708333333333,0.0186833333333333,0.0195,0.0173458333333333
0.0132125,0.0228916666666666,0.0160791666666666,0.0172416666666666,0.0150375,0.0179,0.0163291666666666,0.0178875,0.0094208333333333,0.0172416666666666,0.0150083333333333,0.0174999999999999,0.0118291666666666,0.0189083333333333,0.0164583333333333,0.0180083333333333,0.0201708333333333,0.0161541666666666,0.0161125,0.0225791666666666,0.0189083333333333,0.0169583333333333,0.0152916666666666,0.0224958333333333,0.0225291666666666,0.0199791666666666,0.0168875,0.0169374999999999,0.0172291666666666,0.0155458333333333,0.0154291666666666,0.0165416666666666,0.0160666666666666
0.0132375,0.019425,0.01505,0.017875,0.0142541666666666,0.0185875,0.0159416666666666,0.0185583333333333,0.0093416666666666,0.0163583333333333,0.0146333333333333,0.0198041666666666,0.0119125,0.0196708333333333,0.0164916666666666,0.0180291666666666,0.020075,0.0164041666666666,0.0157208333333333,0.0203625,0.0196708333333333,0.018175,0.0148291666666666,0.0195083333333333,0.0197333333333333,0.0199541666666666,0.0170416666666666,0.0169208333333333,0.0181,0.0159958333333333,0.0155375,0.0174583333333333,0.0162791666666666
0.0132083333333333,0.0200083333333333,0.0161208333333333,0.0180541666666666,0.0149333333333333,0.0167125,0.0156749999999999,0.0166583333333333,0.0092625,0.0180875,0.0139375,0.021175,0.0109833333333333,0.0177833333333333,0.0168,0.0167208333333333,0.018425,0.0162875,0.0161,0.0212833333333333,0.0177833333333333,0.0159958333333333,0.0147333333333333,0.0202333333333333,0.0199958333333333,0.0220166666666666,0.0176875,0.0160125,0.0186875,0.0159708333333333,0.0175,0.0181833333333333,0.0153041666666666
0.0166666666666666,0.0141833333333333,0.0145958333333333,0.0140875,0.0149583333333333,0.0159333333333333,0.0161208333333333,0.015075,0.0095875,0.0131291666666666,0.011575,0.0165583333333333,0.0103083333333333,0.0155208333333333,0.0119833333333333,0.0124583333333333,0.0163875,0.0118,0.0186833333333333,0.0145541666666666,0.0155208333333333,0.015975,0.0146833333333333,0.0138625,0.0140416666666666,0.015775,0.0119875,0.016675,0.01325,0.0138375,0.0121416666666666,0.0133458333333333,0.0149458333333333
0.013175,0.0117166666666666,0.0147541666666666,0.0113083333333333,0.0144083333333333,0.0169416666666666,0.0158541666666666,0.0169374999999999,0.0077208333333333,0.0118833333333333,0.0084916666666666,0.0124583333333333,0.0105541666666666,0.0174125,0.0096625,0.0089833333333333,0.0102125,0.0088375,0.0150916666666666,0.0138958333333333,0.0174125,0.0172583333333333,0.0122166666666666,0.0120416666666666,0.012275,0.0128458333333333,0.0102208333333333,0.0167666666666666,0.0107958333333333,0.0137208333333333,0.0104333333333333,0.0112416666666666,0.0159208333333333
0.0130041666666666,0.0153291666666666,0.0141958333333333,0.0155375,0.0141041666666666,0.0166208333333333,0.0150583333333333,0.0166083333333333,0.0081791666666666,0.0154166666666666,0.0109333333333333,0.0169916666666666,0.0112833333333333,0.017575,0.0139708333333333,0.0121791666666666,0.0143416666666666,0.0126291666666666,0.0149916666666666,0.0153541666666666,0.017575,0.0156958333333333,0.0128416666666666,0.0145541666666666,0.0139166666666666,0.0169666666666666,0.0137875,0.015825,0.0145458333333333,0.0166458333333333,0.0141541666666666,0.0154875,0.0152625
0.0126625,0.0137541666666666,0.0123416666666666,0.0123291666666666,0.0122833333333333,0.0118,0.0132041666666666,0.0125416666666666,0.007825,0.0124625,0.0123458333333333,0.0139166666666666,0.0105625,0.012775,0.0115208333333333,0.0124833333333333,0.0145249999999999,0.011725,0.0139833333333333,0.015375,0.012775,0.0129791666666666,0.0132833333333333,0.0141583333333333,0.0140958333333333,0.0138541666666666,0.0108958333333333,0.0133041666666666,0.0116291666666666,0.015225,0.01115,0.0123416666666666,0.0122458333333333
0.0084,0.0073291666666666,0.010125,0.0067208333333333,0.0091041666666666,0.0108166666666666,0.0097,0.0109249999999999,0.0083291666666666,0.007175,0.0063416666666666,0.0074291666666666,0.0090708333333333,0.0110791666666666,0.0059333333333333,0.0059958333333333,0.0071291666666666,0.0060958333333333,0.0092916666666666,0.0087958333333333,0.0110791666666666,0.0117583333333333,0.0099291666666666,0.0075125,0.0071208333333333,0.0077208333333333,0.0056708333333333,0.0118083333333333,0.0061208333333333,0.0129416666666666,0.0059416666666666,0.006775,0.010575
0.0097666666666666,0.0115208333333333,0.0103083333333333,0.0099958333333333,0.0100208333333333,0.0102458333333333,0.0107791666666666,0.0110791666666666,0.0083416666666666,0.0107875,0.0093958333333333,0.01215,0.0096666666666666,0.0112791666666666,0.008425,0.0092166666666666,0.0103083333333333,0.008675,0.0109916666666666,0.0116958333333333,0.0112791666666666,0.0112416666666666,0.0106541666666666,0.0110958333333333,0.0111208333333333,0.012175,0.009175,0.0112249999999999,0.010225,0.0135083333333333,0.0095583333333333,0.0098333333333333,0.0097125
0.0095583333333333,0.0092791666666666,0.0118,0.0106416666666666,0.0112458333333333,0.0121375,0.0121125,0.0121541666666666,0.0068375,0.0098208333333333,0.0100583333333333,0.0105,0.0118958333333333,0.0122416666666666,0.0092708333333333,0.0093499999999999,0.0108958333333333,0.0092166666666666,0.0117625,0.0098333333333333,0.0122416666666666,0.0126,0.0118166666666666,0.0090958333333333,0.0088083333333333,0.0100083333333333,0.00985,0.0129499999999999,0.0101374999999999,0.0131666666666666,0.0099125,0.0108041666666666,0.0118375
0.0115708333333333,0.0118041666666666,0.0126124999999999,0.0112958333333333,0.0121583333333333,0.0131791666666666,0.013375,0.0124833333333333,0.0059499999999999,0.0104833333333333,0.0120916666666666,0.010775,0.0090958333333333,0.0127041666666666,0.0106541666666666,0.011825,0.0124708333333333,0.0114291666666666,0.0136291666666666,0.0125375,0.0127041666666666,0.0131583333333333,0.0125583333333333,0.0114833333333333,0.0111833333333333,0.0107208333333333,0.0100541666666666,0.013625,0.0094666666666666,0.0135458333333333,0.0101875,0.0112916666666666,0.0128875
0.0113499999999999,0.0134458333333333,0.0120541666666666,0.0140791666666666,0.01175,0.0125541666666666,0.0125208333333333,0.0124999999999999,0.0050791666666666,0.0136958333333333,0.01145,0.0148166666666666,0.0092333333333333,0.0127,0.0127708333333333,0.0124,0.0118916666666666,0.0122541666666666,0.0126375,0.01355,0.0127,0.0128041666666666,0.0121916666666666,0.0129958333333333,0.0127458333333333,0.0145541666666666,0.0130333333333333,0.0131083333333333,0.0143833333333333,0.0129499999999999,0.0130333333333333,0.0137708333333333,0.0124583333333333
0.0117458333333333,0.0125458333333333,0.0127125,0.0135208333333333,0.0124499999999999,0.0132666666666666,0.013325,0.0129,0.0056041666666666,0.0122458333333333,0.0113416666666666,0.01445,0.0082375,0.0131875,0.0123749999999999,0.0118166666666666,0.0121125,0.0117666666666666,0.013225,0.0127708333333333,0.0131875,0.0138249999999999,0.0127416666666666,0.0119458333333333,0.0121625,0.0140625,0.0119041666666666,0.0141541666666666,0.01245,0.0122125,0.0118541666666666,0.0132208333333333,0.0125541666666666
0.01065,0.0092166666666666,0.0113833333333333,0.0086083333333333,0.0114416666666666,0.0117166666666666,0.0124166666666666,0.0119541666666666,0.0042083333333333,0.0086083333333333,0.0089166666666666,0.0104583333333333,0.0086083333333333,0.0124583333333333,0.0076749999999999,0.0083541666666666,0.0096916666666666,0.0076458333333333,0.0127208333333333,0.0095458333333333,0.0124583333333333,0.0127333333333333,0.0113541666666666,0.0089124999999999,0.0090958333333333,0.0099875,0.0077083333333333,0.0132041666666666,0.0088416666666666,0.0131,0.00795,0.0085458333333333,0.0112791666666666
0.0100666666666666,0.0081416666666666,0.011875,0.0080541666666666,0.0112666666666666,0.0120083333333333,0.0122833333333333,0.0122041666666666,0.0045916666666666,0.0075625,0.0093458333333333,0.0075541666666666,0.0104666666666666,0.012375,0.0082916666666666,0.0087041666666666,0.0098458333333333,0.0086458333333333,0.0123875,0.0090125,0.012375,0.0130208333333333,0.0107,0.0081458333333333,0.0081791666666666,0.0083125,0.00785,0.0128375,0.0079666666666666,0.0141416666666666,0.0079333333333333,0.0080666666666666,0.0123541666666666
0.0091541666666666,0.0107791666666666,0.0103208333333333,0.0098,0.0100333333333333,0.00965,0.0109416666666666,0.0102041666666666,0.0045,0.0101999999999999,0.0084708333333333,0.0114458333333333,0.0090999999999999,0.0101,0.0085083333333333,0.0083874999999999,0.0091624999999999,0.0082333333333333,0.0112875,0.0105916666666666,0.0101,0.01045,0.0103583333333333,0.0100708333333333,0.01025,0.0109625,0.0093208333333333,0.0107875,0.0109583333333333,0.0124458333333333,0.0095,0.0096875,0.0102083333333333
0.0090083333333333,0.0093083333333333,0.0112583333333333,0.0088083333333333,0.0103,0.0115624999999999,0.0115041666666666,0.0112583333333333,0.0045458333333333,0.0091375,0.008175,0.0093791666666666,0.0077708333333333,0.0114625,0.0085333333333333,0.0084,0.0089541666666666,0.008375,0.0107416666666666,0.0093208333333333,0.0114625,0.011625,0.0094875,0.0086,0.0086666666666666,0.0098375,0.0084208333333333,0.0117916666666666,0.0088208333333333,0.0122625,0.008375,0.008825,0.0113458333333333
0.0106291666666666,0.009425,0.0110166666666666,0.0089833333333333,0.0106416666666666,0.0111833333333333,0.0114791666666666,0.0115833333333333,0.0032666666666666,0.0089625,0.008225,0.0097458333333333,0.0082583333333333,0.0113124999999999,0.0085,0.0083083333333333,0.0091208333333333,0.008425,0.0122791666666666,0.0099083333333333,0.0113124999999999,0.0117041666666666,0.0113333333333333,0.0088041666666666,0.0093875,0.0092666666666666,0.008475,0.011775,0.0086874999999999,0.0127291666666666,0.0084125,0.0089166666666666,0.0111625
0.0102291666666666,0.00695,0.0111541666666666,0.008225,0.0105958333333333,0.0110333333333333,0.0117749999999999,0.0106833333333333,0.0039499999999999,0.0076166666666666,0.0074458333333333,0.0078208333333333,0.0086708333333333,0.0109375,0.0067666666666666,0.0068083333333333,0.0098208333333333,0.0067416666666666,0.0119625,0.0070916666666666,0.0109375,0.0114875,0.0106208333333333,0.0064833333333333,0.0063958333333333,0.0076208333333333,0.0068875,0.0119666666666666,0.0075708333333333,0.0119083333333333,0.0070708333333333,0.0081291666666666,0.0113458333333333
0.0098541666666666,0.0081208333333333,0.0109208333333333,0.0085083333333333,0.0105291666666666,0.0108333333333333,0.0115041666666666,0.0114125,0.0028916666666666,0.0080583333333333,0.0083333333333333,0.0077333333333333,0.0074416666666666,0.011975,0.0078833333333333,0.0075958333333333,0.0098,0.0078041666666666,0.0115708333333333,0.0085958333333333,0.011975,0.0119208333333333,0.0101166666666666,0.0078708333333333,0.0075666666666666,0.0083458333333333,0.0073333333333333,0.0120791666666666,0.0072625,0.0109541666666666,0.0073958333333333,0.0085875,0.0109666666666666
0.0102375,0.0089458333333333,0.0114749999999999,0.0108541666666666,0.0109416666666666,0.0109958333333333,0.0121291666666666,0.0111124999999999,0.0027458333333333,0.0096791666666666,0.0089875,0.0102458333333333,0.0070833333333333,0.0114125,0.0094333333333333,0.0088208333333333,0.0100541666666666,0.0088833333333333,0.01205,0.009175,0.0114125,0.011725,0.0105291666666666,0.0087041666666666,0.0085875,0.0106208333333333,0.0094708333333333,0.0122499999999999,0.01,0.0103541666666666,0.0094541666666666,0.0108041666666666,0.0112708333333333
0.0120875,0.0126083333333333,0.0122041666666666,0.01335,0.0117375,0.0103416666666666,0.0128416666666666,0.0120166666666666,0.0022791666666666,0.0124166666666666,0.0115666666666666,0.01385,0.0062041666666666,0.0122583333333333,0.0115666666666666,0.0121291666666666,0.0122958333333333,0.0112833333333333,0.0136166666666666,0.012025,0.0122583333333333,0.0108875,0.0130083333333333,0.0115541666666666,0.0115791666666666,0.0132541666666666,0.0117125,0.0128791666666666,0.0126708333333333,0.0092583333333333,0.0116333333333333,0.0133583333333333,0.0119416666666666
0.0093875,0.0080333333333333,0.0090291666666666,0.0094625,0.0087583333333333,0.0067666666666666,0.009675,0.0084291666666666,0.002275,0.0080375,0.0073999999999999,0.0094208333333333,0.0053708333333333,0.0086041666666666,0.0076166666666666,0.0082541666666666,0.0080416666666666,0.0076791666666666,0.0105875,0.0075375,0.0086041666666666,0.00785,0.0088458333333333,0.0071208333333333,0.0072875,0.00965,0.0076625,0.0096916666666666,0.0080333333333333,0.0091708333333333,0.0078125,0.0093625,0.0086333333333333
0.008375,0.0061874999999999,0.0085583333333333,0.00715,0.0081416666666666,0.0069791666666666,0.0089583333333333,0.0077333333333333,0.0031166666666666,0.0067208333333333,0.0062958333333333,0.0069166666666666,0.0056041666666666,0.0079708333333333,0.0063666666666666,0.0066291666666666,0.0072625,0.0064583333333333,0.0093916666666666,0.0058666666666666,0.0079708333333333,0.00765,0.0081416666666666,0.0056291666666666,0.0055166666666666,0.0075541666666666,0.0063666666666666,0.0088416666666666,0.0068583333333333,0.0092333333333333,0.0064041666666666,0.007125,0.0080791666666666
0.007275,0.0058833333333333,0.0083375,0.007775,0.0080875,0.0079333333333333,0.0087416666666666,0.0083041666666666,0.0027125,0.0063083333333333,0.0061583333333333,0.0069833333333333,0.0050083333333333,0.0087166666666666,0.0070875,0.0071541666666666,0.0064375,0.0071625,0.0090208333333333,0.0060958333333333,0.0087166666666666,0.0084666666666666,0.0079833333333333,0.0054624999999999,0.0052791666666666,0.0066791666666666,0.0068458333333333,0.0090666666666666,0.0069333333333333,0.0084416666666666,0.0070416666666666,0.0078166666666666,0.0078125
0.0064458333333333,0.0042,0.0063708333333333,0.00515,0.0060458333333333,0.0063583333333333,0.0068541666666666,0.0064291666666666,0.0019625,0.0046083333333333,0.0054208333333333,0.0047833333333333,0.0043749999999999,0.0065,0.0048083333333333,0.0054833333333333,0.0058166666666666,0.0057,0.0072875,0.0042375,0.0065,0.0068291666666666,0.0067166666666666,0.0038125,0.0040375,0.00465,0.0045291666666666,0.0070916666666666,0.0046875,0.0073291666666666,0.004775,0.0050791666666666,0.0063124999999999
0.0055875,0.0035458333333333,0.0063375,0.0047416666666666,0.0061541666666666,0.0068791666666666,0.0067166666666666,0.0067708333333333,0.001875,0.0041375,0.0047208333333333,0.0039916666666666,0.0051083333333333,0.0069958333333333,0.0054874999999999,0.0048666666666666,0.0053083333333333,0.0052,0.0069666666666666,0.0037208333333333,0.0069958333333333,0.0069583333333333,0.006675,0.0032666666666666,0.0032958333333333,0.0035583333333333,0.0043291666666666,0.0070458333333333,0.0039416666666666,0.0078291666666666,0.004325,0.00465,0.0068541666666666
0.0073208333333333,0.0057916666666666,0.0073333333333333,0.0065875,0.0070999999999999,0.0073375,0.0076666666666666,0.0072875,0.0014375,0.0060333333333333,0.0068083333333333,0.0060833333333333,0.004175,0.0075708333333333,0.0060833333333333,0.005825,0.0075291666666666,0.0059625,0.0082541666666666,0.0057,0.0075708333333333,0.0076041666666666,0.0081958333333333,0.0051708333333333,0.0052791666666666,0.0059,0.0055916666666666,0.0080625,0.0056208333333333,0.0068833333333333,0.0054708333333333,0.0065416666666666,0.0076166666666666
0.0071583333333333,0.0056625,0.0077916666666666,0.006375,0.007375,0.0069708333333333,0.0079166666666666,0.0073208333333333,0.0012375,0.0058625,0.0056333333333333,0.0065208333333333,0.0037875,0.0073166666666666,0.0059666666666666,0.0059708333333333,0.00675,0.00575,0.0086041666666666,0.0054583333333333,0.0073166666666666,0.007675,0.0077875,0.0051916666666666,0.0051791666666666,0.0055958333333333,0.0052791666666666,0.0081041666666666,0.0051791666666666,0.0069166666666666,0.0052666666666666,0.0063124999999999,0.0070083333333333
0.0044583333333333,0.0034333333333333,0.0055708333333333,0.0040791666666666,0.0054708333333333,0.0059375,0.006075,0.0062333333333333,0.001675,0.0037583333333333,0.00345,0.00395,0.0042916666666666,0.0063666666666666,0.0035666666666666,0.0031875,0.0040125,0.0036833333333333,0.0055041666666666,0.0033291666666666,0.0063666666666666,0.006425,0.0055333333333333,0.0029999999999999,0.0030958333333333,0.0037375,0.0031291666666666,0.0065791666666666,0.0036166666666666,0.0069916666666666,0.00335,0.0040166666666666,0.0060958333333333
0.0049375,0.0047374999999999,0.0059875,0.0043958333333333,0.00565,0.0061208333333333,0.0062875,0.0062708333333333,0.001475,0.0043125,0.0035458333333333,0.0049416666666666,0.0044166666666666,0.0062875,0.0034999999999999,0.003725,0.0041791666666666,0.0038833333333333,0.0059833333333333,0.0045583333333333,0.0062875,0.0066041666666666,0.0051499999999999,0.0042708333333333,0.0044375,0.004525,0.0035833333333333,0.0066291666666666,0.0043708333333333,0.0067666666666666,0.0039916666666666,0.0042708333333333,0.0060666666666666
0.0048416666666666,0.0029416666666666,0.0050791666666666,0.0028708333333333,0.004975,0.0049125,0.0054624999999999,0.0048875,0.0009541666666666,0.0028208333333333,0.0034958333333333,0.0028833333333333,0.0039749999999999,0.0049166666666666,0.0029291666666666,0.0029833333333333,0.0041875,0.0029583333333333,0.0056958333333333,0.0029541666666666,0.0049166666666666,0.0052291666666666,0.005225,0.0026499999999999,0.0027291666666666,0.0027791666666666,0.0023708333333333,0.0055125,0.0025833333333333,0.0057,0.0025208333333333,0.0028458333333333,0.005175
0.0047791666666666,0.0030791666666666,0.0053833333333333,0.0035166666666666,0.0051958333333333,0.0054083333333333,0.0055666666666666,0.0055958333333333,0.0011666666666666,0.00345,0.0035291666666666,0.0032375,0.0041083333333333,0.0058541666666666,0.0035541666666666,0.003575,0.0042958333333333,0.0036708333333333,0.0058291666666666,0.0030458333333333,0.0058541666666666,0.0056916666666666,0.0052708333333333,0.0026291666666666,0.0028333333333333,0.00305,0.0028833333333333,0.0061083333333333,0.0029375,0.0069791666666666,0.0030624999999999,0.0034666666666666,0.0058125
0.0039041666666666,0.0026374999999999,0.0054333333333333,0.0030958333333333,0.0048833333333333,0.0060458333333333,0.0055208333333333,0.0061666666666666,0.0010958333333333,0.0027791666666666,0.0030708333333333,0.0027375,0.0041583333333333,0.006325,0.0026625,0.0026041666666666,0.0036125,0.00265,0.0051624999999999,0.0028625,0.006325,0.0063,0.0049666666666666,0.0024,0.0026666666666666,0.0025375,0.0025291666666666,0.0064583333333333,0.0028083333333333,0.0067249999999999,0.002725,0.0029916666666666,0.0056875
0.0038333333333333,0.0032458333333333,0.0048791666666666,0.0029666666666666,0.0046124999999999,0.0055291666666666,0.0048708333333333,0.0058041666666666,0.001275,0.0030875,0.0031375,0.00305,0.0037458333333333,0.0061333333333333,0.0024833333333333,0.0022041666666666,0.0037125,0.0024041666666666,0.0047333333333333,0.0031375,0.0061333333333333,0.0058666666666666,0.0043041666666666,0.0027541666666666,0.00305,0.0031666666666666,0.0025875,0.0058208333333333,0.0029166666666666,0.005875,0.0027875,0.0028875,0.00525
0.0053541666666666,0.0032166666666666,0.0054708333333333,0.0036708333333333,0.0053,0.0056749999999999,0.0059875,0.005875,0.0010125,0.0035583333333333,0.0039041666666666,0.0034416666666666,0.0043708333333333,0.0059375,0.0036291666666666,0.0035375,0.0052166666666666,0.0035375,0.0062166666666666,0.0034166666666666,0.0059375,0.0061291666666666,0.0057666666666666,0.0029375,0.0033666666666666,0.0033458333333333,0.0033583333333333,0.0065583333333333,0.0038125,0.0065875,0.0037208333333333,0.0036166666666666,0.0059333333333333
0.0051875,0.0021375,0.0052125,0.0021875,0.0050625,0.005175,0.0057,0.005,0.00095,0.002675,0.0035125,0.0022625,0.00475,0.0052375,0.0025,0.0023625,0.0042875,0.0023125,0.006125,0.0020625,0.0052375,0.0055875,0.004675,0.0016875,0.0018125,0.0021125,0.0020125,0.006075,0.0018375,0.006925,0.001825,0.0020875,0.005625
