BM,BTG,BWQ,CLJ,CT,DMZ,FSB,GGS,GTQ,HK,HLS,HMS,JJQ,LJG,LK,NJG,PS,QJDQ,QXC,SJY,SMZ,SPY,SWB,SXC,WC,WHK,XH,XJX,YJ,YLJK,YSG,YYL,ZT
1991.93125,36041.9125,1023.13125,21461.5625,9743.91875,20.23125,8773.05,8415.5625,637.775,33599.34375,12298.3625,8224.36875,1527.825,3585.8125,12895.0,12408.875,12261.05,227.1,11779.9,1164.36875,4783.90625,8444.66875,11948.0,39116.9,42202.09375,34092.9875,1935.875,313.95625,25023.36875,2437.26875,22387.83125,13146.30625,8701.8125
1999.825,33379.84375,2626.3375,19765.35625,12977.1625,132.98125,10368.1625,9974.31875,1418.5,31744.6,15255.68125,5986.2,2182.00625,4191.125,15246.2,15226.8875,15253.45,405.35,14994.5375,1023.71875,5735.95,10114.04375,14979.31875,36226.6625,38293.975,31807.35,4904.75,257.46875,25530.35,3066.55625,19960.6,14074.65625,10310.175
1306.584375,32387.178126000003,1932.2125,19625.1875,13571.4,47.265625,11702.734376,11649.709376,1859.01875,30474.16875,14993.5625,4468.6125,3015.034375,3924.16875,15175.384375999998,14978.021876000004,14989.234376000002,260.134375,14747.45,1856.51875,7690.390625,11642.90625,14642.328126,33879.41875,35979.6,31086.346876000003,3307.00625,218.546875,25230.00625,3682.671875,20660.253126000003,15513.440626,11706.565626
4958.084375,35858.575004,2665.896875,25801.331252,19818.856252,71.128125,17157.350004,15370.093752,1817.45,36346.759376,24584.587502,4868.69375,3518.91875,4086.34375,23729.028128,24370.059378,24625.693752,413.2,24674.059376,2477.496875,10988.196876,15875.090628,24334.687502,37294.846878,38130.196878,35512.843754,5294.03125,1256.428125,30721.856252000005,4715.684375,24661.534376000003,20942.196878,16908.265628
4773.31875,62341.278128,2588.553125,44988.937502,21468.750002,46.471875,18872.215626,17434.275002000002,1678.5125,61875.22812600001,29046.337502,9975.228128,3878.95625,4019.709375,29441.596878,29145.606252000005,28941.487502000004,565.309375,26651.181252,3012.178125,13265.303126,17682.950002,27041.115628,67109.86250199999,70595.468754,60969.225,4310.41875,883.809375,51010.009378,5728.75,44839.968752,28871.540628,18467.743752
2917.9375,74218.978128,6445.80625,49720.418752000005,25452.843752,131.725,19022.856252,17722.946878,1673.878125,72032.859378,32676.446876,8946.337501,4205.309375,4536.9875,34340.556252,33076.384378,32461.546878,1018.83125,28955.959376000003,3864.03125,13062.26563,18087.846878,29494.140628,77908.012502,83859.718754,72391.94375199999,8518.446876,519.409375,62226.94375200001,5861.084375,51136.862504,33938.109378,18655.918752
1725.68125,65014.540628,12133.109377,44036.634376,32074.137504,1816.775,19970.381252,16860.834376000003,1565.25,61703.856252000005,35197.418754,5864.03125,4120.146875,5302.265625,35839.156252,35336.940628,35100.309378,918.553125,33985.528128,7464.76875,11332.7375,18897.934376,33823.56875200001,67863.859376,77354.993752,62513.278128,7847.1375,912.809375,54795.021876,5069.79375,44715.471878,34688.775004,19651.965628
3569.290625,63360.16875199999,8776.928126,46162.056254,29175.159378,1278.296875,20184.087504000003,16246.056252,1382.65625,61529.690626,36444.062502,3880.496875,3948.253125,4942.453125,38895.265626,36943.190628,36260.712502,924.1375,33798.215626000005,8370.6125,10915.321876,18147.265628,34620.571878,64379.60000399999,72538.31250199999,61854.409378,7559.33125,1207.49375,57298.865628,4289.50625,47280.712502,40091.534378,19522.831254
2320.14375,56137.681252,5303.2625,35383.762502000005,23962.703126,1182.19375,18578.800004,15944.56875,1371.540625,50754.903128,28096.984376,2834.771875,3521.48125,5024.50625,29828.975002000003,28425.556252,27986.881252000003,664.4,26704.250002000004,11730.928128,10522.090628,17561.109378,27090.043754,60756.85000200001,75103.665628,52143.756254,7804.165625,759.559375,46716.481254,3633.39375,37020.993752,31072.059378,18288.746878
1665.425,42945.359376,2885.55,29311.521878,20388.837502,651.33125,17404.193754,15680.478128,1233.65,38789.556252,23607.303128,2103.18125,3817.225,4197.96875,24878.350002,23851.871876,23525.075002,395.934375,22464.284378,13006.590628,11230.981252,16652.415625999998,22883.034376000003,48240.234378,67287.97500399999,39730.878128,4356.6125,412.6375,35798.815626,3709.0,30325.412502000003,25975.068752,17167.071876
887.684375,32612.137504,1268.0625,22683.696878,14507.931254,211.38125,13132.975002,11884.709378,1110.29375,29777.878128,17020.837504000003,1656.6375,3168.5625,3111.071875,18319.071878,17275.831252,16939.546878,233.14375,15859.493752,13934.128128,8635.943751,12412.100002,16386.162504,35248.059378,51472.281252,30649.806252,2214.90625,192.25625,27247.868754000003,2927.3125,24033.971878,19976.853128,12842.531252
1330.4625,25561.009378,3434.26875,20819.459376000003,16293.625002,343.746875,12856.312502,11161.381254,1222.9125,25364.693752,20661.093752,1400.49375,2894.728125,3430.196875,20261.893752,20612.309376,20612.590628,552.446875,18001.978128,10063.709377,7632.603125,11624.884378,18218.118752,27192.375004,38521.487504,24961.318752,3965.521875,902.575,24639.721878,2718.39375,20325.071878,18455.88438,12399.137502
4333.265625,46554.98438,3152.678125,32366.103128,20492.356252,232.840625,17232.615626000003,14873.978125999998,1353.9625,48410.928128,29071.337504000003,1575.75625,3907.321875,3886.5,30647.946878,29311.700004,28971.375004,1306.5,26007.412504,6056.11875,10910.693753,15181.584378,27084.543754,48148.621878,51023.537504,47515.56875,9491.753126,1366.128125,46583.728126,3518.959375,32143.021878,29255.484378,16409.484378
3421.025,52426.315628,2988.690625,35592.265626,23707.762504,1030.565625,20746.950004,18602.062504,1407.190625,49798.306254,28663.078128,3559.096875,4624.540625,5544.775,30574.468752000004,28915.540628,28590.046878,1246.478125,27401.628128,4952.1,12795.265628,19871.925002,27743.587504000003,55783.03750400001,62617.62500400001,50332.328128,6247.31875,670.24375,45158.906254,3913.9625,36444.53750200001,30684.550002000004,20426.775002
2947.846875,56030.762504,7814.3531252,40633.757816000005,29362.05,1317.3843752,21523.378128,19199.03594,1380.390625,57411.215624,35254.818752,4643.6875002,5149.8203126,6249.3468752,36770.378126,35649.390626,35051.882814,1528.13125,32754.992188000004,5294.2375002,12755.546878,20740.165624,32943.414064,57252.54218999999,61835.810938,56571.757812,11300.970314,599.8421875,53304.550004,4639.3921876,40310.203126,34684.725,21202.86875
3189.7468752,71891.46875,9165.6671878,54764.770314,34968.95469,1231.4,25701.157814,22612.951562,1343.7734376,74639.64375199999,43666.831252,4164.5578128,5854.8234378,6347.9687502,46829.654688,44336.359376,43428.257814,1678.9203126,39296.85,5820.5765628,16017.9,24420.989064,40137.409374,72535.832814,77242.275002,73569.80937599999,15638.200002,652.66875,71088.50625199999,5851.5671876,54656.114064,46802.157814,25158.120314
1600.242188,74495.367186,10839.6625002,46564.965626000005,34702.829686,1073.1000001,23975.382814,22281.415626,1384.7671878,70007.96250200001,38172.31719,3300.8265628,5383.3562504,7217.7531254,39693.845314,38445.909376,38065.832812,999.7593751,36503.565624,7819.873437799999,14908.271876,23536.045316,36583.912498000005,76791.20625,86286.18906199999,71470.857814,15212.121874,330.659375,65342.976564,5602.3218754,48399.634374,40319.85,23792.921878
1290.717188,65931.54844,11656.7796892,47444.86719,36117.817188,1036.3234375,24195.684376,21987.109378,1332.2484376,65849.325,40774.51562400001,2406.2468752,5482.8890626,6762.9531254,42669.746878,41152.18125,40644.482814,674.90625,38233.989064,8527.670312799999,15028.262502,23453.093752,38963.504688,66271.94219,74480.715628,66064.545314,14289.3156246,235.40625,63008.39219,5597.364063,47812.55469,43409.540624,23869.839064
1438.1218752,52726.60937600001,5832.8406252,36012.59375,27346.539064,807.5140626,21370.993752,18876.798438,1194.05625,47638.81406,30556.820312000003,1780.9984376,4848.9625002,5820.6062502,31563.951566000003,30716.501562,30505.601564,295.06875,29658.979688,8277.6671876,12828.806251999998,20142.417188,29876.529690000003,55488.0125,67118.307814,49233.310938,5424.2421878000005,410.778125,44446.515626,4775.0750004,37561.54844,33052.975002,20573.682814
3450.7234378000003,39854.356252,10471.7625006,38632.351566000005,33562.832814,1485.3921878,22997.18125,19233.810938,1240.4093754,43051.328126,39826.17188,1427.9265627999998,4360.4000004,5939.2328128,39057.553124000005,39676.601562,39845.685938,373.309375,38526.704688000005,5878.0453128,12989.578128,21358.789066,38640.6,40378.925002,47248.534376,41367.51875,7642.8687508,807.7109375,43197.026564,4713.5546878000005,36917.365626,36369.92969,22239.64219
2591.6093754000003,58964.950002000005,7199.248437600001,38938.359376,25814.106252,896.15,18511.115624,15826.753126,1140.8265628,56641.460938,31678.376564,1202.5515627999998,3657.0718752,4979.3406254,33815.267188000005,32074.848436,31556.81875,380.6203125,29478.89219,3758.610938,10640.2640632,17204.148438,30319.543752,58645.951564,60815.17344,58070.789064,11005.932812,514.7140625,54019.125,4011.8375004,41061.060938,36619.632814,17946.940626
1176.7765627,45210.150002,12535.72344,33368.901562,29209.337502,1232.0078128,16647.834376000003,14666.943752,1125.9906252,45714.88594,31413.882814,1033.2796878,3433.7484378,5439.3531252,31669.33594,31504.012502,31381.950002,287.4265625,30693.901566000004,3121.834375,9081.6531252,16155.353123999996,30803.684376,45804.020314,50189.409374,45348.657812000005,11748.634376,225.7171875,44901.107814,3675.7687504,33164.578126,30993.04375,16447.81875
770.753125,46504.706252,9085.9093756,29243.218752000004,23062.36094,774.2484376,14029.367186,12752.6625,1031.2015628,42534.401564,24445.092188,900.796875,2898.6140628000003,5164.9468752,25270.004688,24577.204688,24408.223442,232.2875,23913.806252,3774.4828126,7508.8859378,13670.751564,24002.895314,47569.695314,52082.632816,44061.634376,7441.6000014,159.0453125,40099.017188,2990.8640628000003,30977.570314,26895.026564,13888.832814
831.2515625,36837.864064,12262.4906256,29924.479688,25739.950002,822.390625,13344.076564,11929.539062,1043.060938,38444.543752000005,27866.465626,801.865625,2655.7828128,4628.9921876,28300.478126,27970.045314,27830.479688,212.5921875,26968.671878,4044.5718754,7231.001562799999,12894.576564,27277.685942,36687.739064,40958.817186,37884.57969,8589.367187799999,195.4515625,38035.051562,3064.9828128,29667.642188,27941.217188,13165.27344
1300.9734376,38479.703126,6843.6156252,26066.253126000003,18820.4875,386.3015625,11833.946876,10481.1468746,960.7265625,35625.420314,21890.718752,730.1515625,2390.2890628,3624.4875004,22926.675002,22098.98594,21823.825002,223.9375,20678.237502,3550.2718752,6739.8140626,11133.475,21217.903124,39904.771876,44816.639062,36570.773438,6174.2390626,277.11875,34139.8875,2734.5093752,26972.731252000005,24067.612504,11561.003128
1422.0531252,31174.121876,4158.6250002,21084.56875,14197.089064,207.484375,9933.9718756,8989.882812799999,899.9765625,29146.709378,17199.295309999998,694.7875,2296.3437502,2948.4687502,18140.109376,17380.651564,17135.967188000002,335.471875,16108.831252,3420.7406252,5945.4046878,9377.176563,16581.92969,32741.171876,38326.7,29733.32344,4861.8968752,248.821875,27854.198438,2422.1750002,22029.126564,18973.242188,9702.3484376
1489.5578128,27624.278126,2572.4984376,18465.289064,12971.68125,205.5359375,10349.5312506,9493.4640628,920.4125,25920.56719,15242.020314,721.75,2577.2687504,2875.2937502,15809.989062,15328.720312,15211.490626,295.9515625,14714.615623999998,3323.3703128,6506.0921878,9822.1812506,14923.11875,29010.368752,33237.760938,26419.92969,4594.6484378000005,362.6,24621.896876000003,2525.3203128,19166.793752,16141.571878,10161.743752
904.2,23624.276564,1722.9546878,16607.289064,10902.604688,143.6875,9133.2421876,8330.3250002,817.7640625,22066.543752,12709.723438,756.984375,2183.465625,2569.2796878,13490.11875,12851.364062,12667.571875999998,207.8953125,12060.356252,3011.0843754,5648.1031252,8665.3468752,12337.689064,24633.503128,28509.267186,22583.409376000003,2865.6718754000003,202.6296875,20823.465626,2165.6953128,17327.087502000002,14363.937502,8955.9328126
1102.9687501,19674.825,1520.2890626,14141.684376,10145.096875,176.6640625,8602.5968752,7729.1656252,744.3484375,18297.492188,11679.264061999998,746.06875,1849.5062502,2562.5265626,11989.734378,11730.525004,11659.0875,209.265625,11382.853126,2438.4625004,5036.9609378000005,8111.5718752,11467.117188,20534.509376,23731.195314,18761.517188,2138.5593754,284.825,17146.895312,1912.0000002,14505.93125,12094.55625,8450.8515626
1757.6187502,17941.159378,1592.2390627999998,14433.931252,9101.8421878,161.6171875,7473.6406254,6586.201562600001,679.546875,17942.095314,11876.959378,710.50625,1607.7484378,2395.0640628,12305.567188,11956.989062,11844.703128,305.8296875,11120.917188,1911.9000002,4077.6015628,6946.610937799999,11384.996874,18479.001564,20804.707812,17891.692188,2329.2250004,243.05625,17176.54219,1562.3843754,14580.845314,12201.396876,7273.914062600001
1081.4875002,19437.679688,1274.6359376,14609.826564,7545.860937799999,132.60625,6216.8125002,5549.8031252,613.9890625,19217.60625,9720.3203138,788.584375,1435.5468752000002,2003.2515628,10622.9000006,9883.107811999998,9670.7343762,239.5765625,8913.4124998,1512.9750004,3482.3656252,5823.3093752,9263.1359372,19724.215626,21292.293752,19359.818752,2569.1906252,160.3375,18177.373440000003,1375.0968754,15079.320314,11536.445316,6062.2859378
814.1109375,17635.204688,977.540625,12333.145314,6471.9546878,90.2859375,5471.7328126,4960.2875004,545.0703125,16281.934376,7874.6046878,913.734375,1299.5265628,1691.6453126,8342.832813,7950.8718754,7849.948437600001,207.265625,7461.3609376,1406.0234378,3219.1296876,5153.6296876,7619.2968752,18372.43125,20434.140624,16767.298436,1370.4625002,155.7375,14899.137502,1255.2843752,12961.56094,8799.3500004,5352.8937502
1414.9765627000002,14985.807814,1068.7234377999998,10879.789062,6538.9781254,86.446875,5448.2437504,4785.1484378000005,480.0515625,14122.317188,8377.326563,907.8671875,1222.1546878,1609.4062502000002,8406.857812799999,8361.389063,8375.4031252,229.4484375,8143.7093752,1448.3671878,3106.9453126,4983.4078126,8208.9640628,15601.501562,17528.19219,14426.898438,1375.6515628,289.9640625,12886.396874,1216.2703126,11182.257814,8078.6593752,5274.7750004
982.5984376,14157.365628,914.828125,11674.61719,6166.2875,77.565625,5224.546875,4679.25625,423.0796875,14206.376564,7903.159375,874.9515625,1129.396875,1549.8984376,8520.467187600001,8016.417187600001,7868.0953126,207.6296875,7351.41875,1324.6390626,3072.396875,4861.5046876,7592.773437600001,14467.689064,15956.24844,14196.30469,1435.8171876,200.9265625,13351.470316,1192.609375,11735.064064,8911.957812600001,5092.290625
737.434375,14237.359378,848.2625,10324.309378,5637.590625,76.546875,4771.50625,4254.884375,368.609375,13433.056252,6872.35625,867.103125,1010.15625,1460.68125,7273.69375,6938.140625,6850.246875,206.5625,6523.840625,1146.465625,2737.846875,4444.971875,6653.78125,14628.915628,15924.800002,13763.087502,1079.771875,161.3,12256.550002,1092.834375,10769.200002,7543.646875,4652.9
710.06875,12614.281252,835.5875,9143.721875,5148.05625,71.046875,4303.715625,3883.2,317.603125,11970.350004,6278.45,805.66875,922.215625,1333.871875,6650.63125,6336.79375,6258.6125,206.346875,5977.228125,993.06875,2503.440625,4033.628125,6079.146875,13000.665628,14329.662502,12231.346876,1037.565625,148.315625,10922.112502,1030.2125,9518.5625,6860.559375,4205.76875
910.2375,11366.746878,993.803125,8467.35625,5246.278125,84.840625,4247.9375,3785.9375,272.40625,10831.812502,6483.503125,722.21875,851.578125,1293.484375,6652.378125,6504.253125,6470.953125,211.678125,6250.559375,865.984375,2437.090625,3949.6375,6299.05,11715.725004,12854.721878,11032.003128,1067.128125,189.89375,9951.45625,1003.6125,8649.81875,6516.56875,4146.3875
849.1625,11078.618752,890.828125,8648.51875,4939.809375,77.36875,4028.4125,3562.14375,229.8375,11188.446878,6318.784375,649.346875,774.4875,1244.046875,6726.959375,6388.08125,6294.80625,206.303125,5936.30625,767.921875,2261.409375,3731.853125,6084.228125,11180.775002,11951.14688,11191.446878,1540.528125,161.421875,10521.784376,900.44375,8754.38125,6853.521875,3922.90625
748.921875,11134.318752,813.54375,8030.05,4517.734375,69.86875,3687.6125,3253.925,190.265625,10565.915628,5693.1875,592.565625,705.809375,1155.478125,6076.309375,5752.515625,5672.91875,206.7875,5392.371875,691.134375,2053.15625,3403.421875,5493.71875,11415.771878,12225.834378,10805.465628,1089.434375,151.203125,9747.837501,836.853125,8313.4125,6302.95625,3581.909375
917.878125,10121.0625,862.28125,7595.428125,4779.29375,99.984375,3922.178125,3507.784375,155.840625,9682.809375,5859.46875,555.409375,645.93125,1271.3625,5998.86875,5867.6625,5852.890625,206.85625,5740.58125,640.096875,2166.721875,3683.35625,5745.13125,10396.665626,11270.175002,9860.35625,973.40625,186.55,8977.065625,863.55625,7756.371875,5894.4125,3843.271875
752.028125,9662.365625,800.846875,7998.703125,4476.43125,90.025,3652.046875,3139.2375,125.7,9705.3125,5773.296875,531.784375,592.03125,1137.05,6193.071875,5846.83125,5748.771875,205.984375,5391.503125,601.796875,1949.5,3332.628125,5544.465625,9799.2375,10456.978128,9710.715625,1026.665625,146.640625,9184.728125,787.86875,8006.928125,6278.840625,3531.396875
1114.859375,10230.50625,769.275,7604.93125,4158.259375,63.8625,3378.64375,2923.109375,99.6625,10089.6625,5521.56875,532.059375,542.7,1108.99375,5723.59375,5542.090625,5511.44375,206.871875,5362.08125,637.0625,1770.2375,3062.021875,5383.4875,10443.91875,11299.234376,10188.603126,1005.6875,189.946875,9366.25625,729.778125,7947.153125,5793.81875,3268.85
950.8125,10078.296875,762.78125,7835.103125,3969.3625,65.703125,3197.2625,2819.484375,81.790625,9863.946875,5405.6,531.74375,504.39375,1118.003125,5813.66875,5475.759375,5381.86875,205.559375,5039.56875,609.071875,1656.553125,2945.60625,5184.678125,10347.78125,11284.996876,9936.753126,1122.309375,153.2625,9264.746875,686.0625,7947.7,5903.7375,3106.2875
755.9875,10027.250001,742.928125,7299.59375,3900.834375,62.6875,3152.584375,2816.353125,70.984375,9679.175,4957.740625,519.275,485.571875,1095.640625,5259.425,4997.440625,4942.9625,205.14375,4741.178125,607.796875,1678.715625,2926.78125,4800.340625,10211.525002,10904.800002,9860.809375,1031.565625,154.578125,8958.0625,698.371875,7600.36875,5416.784375,3079.246875
1057.134375,9494.71875,754.88125,7188.80625,4020.9375,53.81875,3261.471875,2855.09375,62.928125,9233.178125,5268.00625,514.74375,457.628125,1095.115625,5398.996875,5271.5375,5262.8625,208.746875,5157.628125,664.484375,1717.865625,2971.271875,5153.559375,9754.5375,10563.678128,9300.8625,957.140625,189.884375,8574.490625,677.178125,7325.409375,5272.3875,3163.553125
1458.90625,11493.028128,822.08125,8587.19375,4221.41875,68.978125,3394.571875,2956.6375,59.359375,11349.678128,5988.915625,603.546875,447.784375,1222.171875,6222.409375,6016.25,5975.3,216.040625,5766.4625,742.09375,1665.984375,3094.925,5822.065625,12067.231252,12484.340628,11201.028126,1211.596875,209.4,10538.146877,699.54375,8828.78125,5995.3125,3282.4625
1174.453125,14155.762502,808.246875,9886.912501,4400.25,83.91875,3583.090625,3140.2375,58.459375,13738.340626,6008.475,863.953125,440.328125,1252.55,6389.4375,6064.128125,5987.696875,210.825,5685.596875,743.759375,1807.45,3301.14375,5808.478125,14967.934376,15641.731254000002,13812.587504,1618.490625,188.35,12499.215626,741.64375,10376.381254,6487.88125,3479.28125
928.9375,14312.796878,760.184375,9410.428125,4530.75,85.871875,3766.265625,3389.528125,57.003125,13247.212502,5702.909375,1089.565625,438.225,1265.003125,5966.921875,5728.8625,5691.29375,209.140625,5531.121875,823.809375,2042.3875,3540.428125,5562.83125,15122.028128,16125.496878,13560.056252,1274.478125,167.35625,11707.434378,745.5125,9937.518752,6095.515625,3688.78125
1097.728125,13900.209376,801.534375,9670.54375,4697.78125,96.021875,3877.790625,3268.971875,55.571875,13011.296876,6166.49375,1198.6,422.375,1223.121875,6401.821875,6199.625,6151.26875,207.8,5929.084375,969.709375,1951.140625,3507.184375,6007.384375,15038.671876,16329.659378,13188.956252,1219.5,192.825,11478.512504,715.99375,9902.675001,6243.71875,3749.459375
1445.8,13782.028126,712.71875,9865.628125,4216.39375,67.65,3499.45,3085.95625,54.24375,13270.784376,5922.871875,1438.79375,408.25,1193.5625,6225.865625,5960.584375,5908.878125,212.334375,5740.546875,987.634375,1841.928125,3201.421875,5778.715625,14603.678126,15882.690626,13398.006252,1150.590625,212.66875,11564.831254,670.4625,10133.059378,6356.071875,3406.446875
1444.3125,14095.78125,853.06875,10359.1625,4556.65625,94.60625,3701.525,3197.75,52.66875,13794.74375,6298.0625,1748.50625,422.0625,1377.48125,6498.89375,6322.35,6286.5,207.5875,6077.5375,941.15,1725.9625,3384.425,6156.825,14679.78125,15677.7875,13842.36875,1273.9125,216.5625,11858.85625,649.5625,10413.6875,6352.2875,3602.31875
903.3375,15189.9875,767.94375,11793.75,4250.20625,89.4625,3466.7625,3037.55625,50.1375,15594.3,5619.60625,2507.03125,398.1375,1244.9625,6075.925,5702.9125,5592.69375,208.8,5274.4,857.90625,1727.19375,3196.7,5402.025,15451.88125,16094.4125,15444.1625,1176.5125,167.39375,13089.0625,636.65625,11809.0,6383.1125,3378.63125
1074.35625,16521.6875,726.2875,10536.025,4088.33125,62.2,3355.5125,2946.26875,48.19375,15923.71875,5506.61875,2903.9375,380.45,1209.275,5780.95,5561.59375,5485.10625,216.675,5255.0375,759.66875,1690.20625,3078.78125,5331.29375,16919.84375,17601.65625,16159.0,1347.29375,161.68125,12740.5125,640.725,11057.55,5753.15,3260.69375
988.28125,15278.24375,780.9375,9765.2,3909.49375,53.675,3129.89375,2799.00625,45.98125,14485.61875,5300.11875,2398.79375,365.28125,1251.05,5688.875,5377.0,5271.14375,221.45625,4979.60625,656.475,1510.6125,2900.325,5075.03125,15925.9875,16814.30625,14752.675,1522.15,145.4,11832.64375,619.325,10021.46875,5787.55,3049.85
750.05,14106.00625,1056.7375,9388.33125,4245.28125,52.3625,3205.275,2999.85625,43.6875,13813.55,5138.65625,1962.575,361.2375,1472.825,5391.81875,5171.1875,5124.6375,206.55625,5001.31875,476.50625,1499.6,3055.2375,5003.9625,14482.5625,14896.19375,13918.35625,1829.8875,137.96875,11727.5625,616.2625,9638.69375,5469.16875,3156.1
1478.50625,16941.90625,1302.50625,9425.01875,5191.3375,82.85625,3884.30625,3380.86875,42.2625,16396.56875,6907.69375,1650.8375,379.0625,1713.91875,6653.625,6827.3875,6907.8125,229.3125,6726.99375,463.2875,1616.90625,3509.75625,6678.4375,17377.05,16855.9,16170.6375,3067.01875,209.45,14933.6625,612.2625,9946.81875,5964.03125,3697.475
1803.0125,24843.2125,1914.375,13273.39375,5730.9125,93.23125,3819.45,3312.925,48.85625,23916.7625,9334.9875,1479.54375,415.41875,1737.725,10036.125,9575.71875,9224.5875,322.2,7841.80625,768.7625,1522.46875,3460.625,8084.96875,27509.525,28628.0625,23359.825,5435.48125,202.44375,22172.325,618.2,13647.175,9387.51875,3668.375
1522.55625,30767.2125,1157.6,15904.5125,4778.9375,5.13125,3554.36875,3142.1,47.3875,28855.3375,7666.68125,2316.55,463.19375,1455.04375,8906.08125,7885.1625,7588.91875,500.9125,6648.90625,2357.125,1641.025,3172.5375,6985.98125,33164.51875,36336.1375,29157.95625,5204.7875,218.08125,25045.65,598.24375,17356.8875,9727.35,3366.05625
2146.175,25768.7375,1015.15,14639.375,5135.2375,1.425,4108.3875,3414.38125,41.53125,24302.68125,7991.10625,4076.23125,526.8375,1464.24375,8393.825,8046.35,7965.91875,504.725,7612.21875,4493.9625,1882.68125,3450.95,7649.3,27618.46875,33187.46875,24586.70625,2960.76875,458.25,19418.7875,624.88125,15351.3875,8032.35,3829.09375
1561.4875,22622.425,679.44375,14601.49375,4928.46875,0.36875,4216.80625,3666.925,38.43125,22116.075,7494.90625,4420.25,637.275,1390.7375,8392.11875,7639.2,7448.68125,366.94375,6784.9875,3691.13125,2210.53125,3715.625,7111.30625,23534.9,27698.49375,22263.8875,2249.89375,337.55,17516.875,702.425,14861.30625,8842.7375,4019.525
1338.93125,19130.48125,571.34375,10786.5125,4599.90625,4.325,4065.0,3764.86875,35.19375,17473.05625,6849.34375,2952.325,575.15625,1454.225,6906.3375,6835.0625,6838.9,306.56875,6057.3125,2404.0125,2202.96875,3827.83125,6178.93125,20203.15,23165.24375,17914.55625,1438.8,237.8625,14185.45,705.85625,11874.54375,6764.6,3966.725
2874.10625,18487.75625,2426.64375,13937.88125,8090.48125,166.975,5713.75,4865.78125,38.425,18738.99375,12136.64375,1832.8,577.53125,2289.05,12754.81875,12214.9,12102.55625,828.0875,11233.15,1691.1375,2417.825,5230.2875,11326.675,20083.5,22440.06875,18288.0875,3434.525,382.43125,17273.7625,833.58125,13434.7875,10835.55625,5525.23125
2006.9125,23867.23125,1757.23125,18349.86875,7178.6375,89.19375,5314.09375,4432.71875,33.9125,23665.05,11055.9,1654.6375,563.68125,1901.6375,12726.2,11343.3375,10968.175,555.8,9703.825,1127.85,2413.58125,4728.975,10276.75625,24373.24375,24180.93125,23593.70625,2832.75,260.375,21976.2,812.55625,18692.81875,13883.45625,5078.725
1978.3625,26711.05625,2888.46875,16700.1125,7727.93125,57.99375,4832.90625,3983.825,31.9125,24743.95625,10042.075,1936.625,520.29375,2000.45625,10282.5125,10013.825,10048.0625,570.69375,9919.18125,1056.36875,1933.6875,4155.85,9762.21875,29178.7125,31078.075,24942.775,3167.175,271.05,22351.81875,765.95,17881.08125,10152.025,4414.225
2943.98125,33399.0875,3666.58125,25486.58125,10051.4875,203.43125,6284.6375,4698.23125,30.76875,35951.88125,14414.64375,4931.69375,577.175,2563.99375,15388.1875,14536.0625,14374.56875,786.125,13543.975,1030.39375,2032.86875,5197.26875,13853.825,34026.84375,34250.0125,34786.08125,5973.3,525.46875,31429.175,839.46875,25098.025,14481.7375,5737.01875
1713.48125,40015.09375,1583.84375,24495.09375,6781.88125,55.88125,5096.33125,4569.1,33.475,38078.3375,9851.6875,6504.3,634.7,2463.95625,11415.66875,10105.0125,9781.19375,382.36875,8889.05,1239.51875,2073.64375,4627.76875,9313.79375,41041.64375,42538.475,38814.5875,3198.425,281.75,30613.30625,797.69375,26228.88125,13294.64375,4833.8125
2845.4625,29721.2625,1555.875,19517.0125,9937.0375,492.975,8428.125,7268.675,108.35,27056.05,12342.625,5215.1625,829.64375,4121.58125,11745.33125,12163.9375,12387.11875,312.375,12776.725,1496.95625,3023.775,7918.03125,12520.80625,31374.16875,34656.98125,27769.09375,1626.225,461.2125,21259.8875,1153.85625,19303.55,10381.0875,8184.90625
2543.4875,30644.60625,3385.66875,27777.3375,14909.29375,946.01875,11503.49375,9312.4,153.65,33992.35625,17584.125,6584.16875,1363.19375,4583.3875,17244.14375,17483.98125,17605.55625,277.2125,17667.44375,1209.34375,4563.325,10627.1875,17589.11875,29893.54375,29856.875,32831.56875,1937.4125,529.21875,28205.8875,1571.0125,26842.425,15920.4,11134.05625
2147.34375,39060.325,1997.9625,27492.925,12379.85625,442.69375,10282.3625,8748.10625,164.825,38665.96875,15804.075,6863.0875,1648.4375,3617.2375,16730.45625,15960.61875,15757.54375,272.49375,15005.2,876.6625,5028.44375,9438.0625,15414.41875,39097.04375,39398.36875,38965.7375,1868.575,445.9125,31326.99375,1896.725,28718.4,17739.10625,9937.51875
2955.5125,31996.41875,1268.21875,22657.89375,11322.0625,153.35,10024.3875,9056.80625,179.6875,30261.3625,14949.31875,5347.50625,1794.625,3121.3625,15037.4,14928.1625,14947.7375,347.125,14552.4125,626.9875,5844.6,9340.6875,14650.48125,32958.875,34758.71875,30766.8125,1226.1375,448.75625,24446.3875,2307.3375,22810.5375,14775.225,9753.11875
4265.9125,35635.65625,1380.74375,30603.5375,13009.1125,56.01875,11633.40625,10902.1625,320.6,39069.76875,17713.65,8644.13125,2054.26875,3441.18125,17800.61875,17641.65,17728.08125,453.925,17456.1875,423.675,7388.2375,11001.2125,17470.5125,35095.01875,33760.825,37849.31875,1443.275,459.58125,30888.23125,3025.81875,29759.8625,17185.55,11363.3875
5903.88125,57384.54375,1450.825,43199.55625,14687.275,323.4,13246.75625,12191.325,597.7125,59739.5375,21984.5125,16372.3125,2327.2625,4023.7,22472.13125,22003.4875,21974.1875,559.91875,20856.76875,380.975,8114.63125,12521.4125,21373.3,57781.11875,55412.95,58713.38125,1654.61875,513.0625,43872.88125,3591.4,42399.5,21568.6875,12933.41875
3706.9625,68913.65625,1118.09375,42344.125,15938.8125,251.925,14829.20625,14186.15,894.725,66858.35,20210.14375,18682.2875,3189.50625,4233.65,20723.09375,20237.74375,20199.7125,359.075,19730.875,289.9875,9920.03125,14372.19375,19919.10625,70567.4875,71626.33125,67569.41875,1857.11875,495.5125,47159.45625,3986.20625,44175.95,21187.48125,14694.85
2818.25625,59940.65625,911.58125,36693.3375,18341.875,115.71875,17422.675,16599.575,939.5625,58963.28125,21741.86875,19532.48125,3919.1375,4056.025,22107.96875,21794.2625,21723.0125,231.7375,21313.19375,237.1375,12469.79375,16830.34375,21502.89375,61264.91875,62518.66875,59203.275,1647.64375,391.3875,39072.3625,4459.525,37068.04375,21905.425,17228.0
3520.5875,61622.48125,775.225,36578.2875,16254.39375,143.96875,15485.7125,14846.575,1005.56875,61613.3625,20238.075,22214.39375,3631.9875,3942.725,20735.175,20284.20625,20222.38125,337.56875,19876.775,180.98125,10833.43125,15085.7,20008.26875,61802.7875,61346.575,61798.9625,1437.15,338.36875,38797.96875,4261.53125,36926.30625,21031.01875,15370.18125
3108.11875,68935.887502,3779.471875,40937.543752000005,22789.318752,619.8,19191.61875,17639.250002,1171.9125,66439.75,25951.846876000003,22508.303126000003,3781.25625,5687.603125,25287.565626000003,25863.809376,25932.012502,422.49375,25678.612502,209.9375,11679.584376,18592.106252,25377.568752,70541.962502,70668.575002,66769.046878,1939.275,545.19375,43718.559376000005,4295.490625,40892.48125,23057.246878,19006.312502
2088.80625,67845.05937599999,4588.6875,44730.453128,24174.043752,440.046875,19409.381254,17484.293752,1189.965625,65909.55625200001,29253.062502000004,14891.246878,4382.2875,5255.146875,31232.296876,29654.934378,29116.756252000003,604.328125,27052.437502000004,333.85,11982.371878,18411.878126000003,27846.981252000005,69602.75625199999,71162.31250199999,66415.746878,3880.15,431.153125,50710.093754,4309.446875,45577.562502,32042.343752000004,18998.690628
1450.578125,60008.750002,2167.153125,38657.000004,18910.337502,122.753125,16640.787502,15378.471878,994.54375,57210.056252,22291.55938,10604.984376,4122.778125,4115.60625,23971.090626,22530.065628,22217.465628,529.20625,20925.500002,565.35625,11126.475002,15823.128128,21492.650004000003,61751.409378,64018.44375200001,57767.909378,3739.571875,319.503125,45682.818754,3740.7,39783.868754,25254.940626000003,16302.184378
830.259375,56477.565626,956.70625,36740.025002,12990.834376,28.190625,11955.821878,11123.000002,926.4875,53961.340628,15337.556254,9499.653125,3202.35625,2880.5,16948.07813,15584.903128,15268.090628,293.36875,14244.350002,2298.10625,8167.05,11368.221878,14758.59688,57744.75625200001,61308.840628,54766.334378,2525.4375,169.03125,43168.921878,2795.2875,38757.581252,18852.000004,11708.8375
735.371875,42146.343752,1785.634375,25418.446878,12663.146878,99.01875,10950.934378,10712.825002,1193.415625,38268.731252000005,13214.840626,7305.00625,2858.5125,4318.328125,13373.868752,13200.590628,13219.481254000002,218.93125,13298.856252,5428.871875,6361.475,10810.565626,13178.387502,44024.040626,51726.884378,39512.865628,1523.28125,185.196875,29797.118752,2391.13125,27108.650002,13508.668752,10927.350002
2665.340625,32991.121878,2443.715625,23853.350004,15406.703128,143.56875,13009.387502,12447.106254,1238.221875,32355.150002,17828.156252,4986.625,3017.721875,3903.69375,17543.303128,17737.084376000003,17858.578126,338.353125,17993.434377999998,5944.609375,8534.0625,12499.012504,17773.200002,33916.406252,41176.187502,32403.271876000003,2398.675,650.371875,27371.037504,2651.01875,23945.931252,15939.134378,12990.078128
2010.340625,35337.24375,2489.0875,26657.418754,15143.809378,148.003125,12588.331254,11624.790626,1015.99375,35404.250002,18487.246878,3800.128125,2922.771875,3424.734375,19767.368752,18706.665628,18424.006254,448.15,17468.471876,4891.715625,8138.446875,11931.965628,17865.034378,35830.306252,41163.812502,35334.796876,3420.44375,353.853125,31537.084378,2580.778125,27231.468752000004,20419.590628,12386.928128
1697.021875,32992.2625,1470.478125,21325.987502,12816.406252,127.428125,11307.64063,10749.390626,849.690625,30833.15625,15322.906252,2825.5625,2859.3625,3019.5375,16293.103128,15496.0375,15274.306252,390.309375,14698.065628,4871.5875,7692.35625,10916.940628,14927.781252,34141.646878,40604.4625,31527.54375,3572.734375,290.83125,27204.493752,2548.340625,22351.550004,17005.81875,11204.603126
898.540625,25696.796878,981.3,17729.075002,14023.687504,105.221875,13071.909378,13025.750002,824.28125,23725.200004,14770.334378,2081.4875,3198.64375,3185.915625,14891.562502,14799.365628,14770.125004,229.9625,14833.721876,4947.453125,9788.971876,13075.740628,14724.528128,26753.200002000005,33036.878128,24335.093752,2135.2125,187.075,21036.775004000003,2853.909375,18197.556252,14786.378128,13117.531252
858.875,21498.003128,857.7,18367.531252,13958.187502,137.275,13059.587502,12141.934378,774.834375,21619.150002,15526.009375999998,1611.68125,2884.559375,2689.1625,15993.956254,15626.812502,15498.084378,206.678125,15060.115628,4508.4,9356.318751,12525.887502,15276.609378,21791.065628,26729.315628,21537.821878,1644.325,179.203125,20070.537502,2575.0375,18302.996878,16039.025002,12859.859378
674.359375,21045.559378,753.515625,16050.365628,10729.425002,115.184375,9935.49375,9194.475001,795.728125,20297.206252,12281.503126,1323.425,2480.159375,2233.75,13059.371878,12430.712502,12239.343754,205.515625,11666.271876,2961.19375,6901.659375,9479.771876,11951.39375,21353.068754,24550.500002,20623.725002,1238.490625,148.165625,18563.190628,2188.540625,16794.4875,13970.087502,9749.096875
664.16875,17605.175,691.81875,13244.29375,9784.51875,83.3125,9094.8625,8757.203125,898.946875,16571.79688,10708.88125,1138.375,2444.584375,2289.096875,11035.571878,10758.059376,10694.700004,205.203125,10516.071876,1977.521875,6431.259375,8889.6125,10567.290626,18162.609376,21008.300002,16907.509378,1035.45625,141.715625,15091.478128,2077.928125,13666.053126,11297.34688,9027.8
679.328125,15396.540625999998,769.9375,12793.525002,9907.696876,68.096875,9164.3625,8982.36875,900.4375,15180.206252,10690.468754,995.4875,2318.59375,2533.803125,10920.550002,10714.178126,10682.078126,205.38125,10594.121876,1409.828125,6420.3125,9045.940625,10589.034376,15662.340628,17405.218754,15235.756252,1057.878125,138.13125,14113.828128,2010.165625,12863.015626,10932.059378,9133.890625
687.40625,15487.050004,2711.2312504,13428.745314,12986.253128,319.9671875,10413.812502,10298.7484382,1025.8125,15512.121876,12951.589064,887.459375,2369.9796878,3456.9515628,12509.10625,12828.725002,12981.884376,207.296875,13392.121878,1196.4578127999998,6838.998437799999,10486.8937526,13059.134376,15931.304688,17368.809376,15413.195314,1479.6281252,138.853125,14722.335938,2411.3078130000004,13183.360937999998,11627.496876,10462.848438
703.6390625,18090.610938,2831.4859376,18082.845314,16018.91875,241.8109375,13133.896876,12741.0875,1183.4125002,20305.345314,17053.465626,811.5546875,3177.4781254,3549.3281252,17144.204690000002,17070.376564,17044.067188,205.0296875,16835.387502,1105.2500002000002,9159.2000002,13009.342188,16898.520314,17786.970314,18404.935938,19507.092188,3475.3046878,139.878125,20226.39219,3239.3515626,17153.884378,16323.618752,13108.195314
681.965625,22978.570314,1431.8546878,18252.565628,13935.239064,131.703125,12443.873438,11869.384376,1127.8828128,22518.33594,15340.406252,754.9546875,3724.7906254,3034.1437502,15937.721878,15447.162502,15307.84375,204.6796875,14842.21094,1297.0828127999998,8789.9140626,12109.939064,15071.289062,23161.695312,24153.943752,22767.28125,2275.5187502,136.2375,21423.507812,3157.3937504,18649.626562,16460.6375,12313.637502
676.4828125,20347.473438,954.2796877,16246.257814,13497.77344,102.6828125,12562.070314,12466.284376,984.6703126,19385.964066,14209.051562,714.5078125,3558.6203128,2858.9859376,14405.885938,14225.329690000002,14201.417188,205.0609375,14153.357811999998,1586.2343752000002,9589.1250006,12519.929688,14118.80625,21077.203128,24266.825,19708.532814,1448.1218754,134.8328125,18359.928128,2932.7125002,16543.426562,14500.096876,12564.39219
664.25625,18503.859378,2196.2421878,17135.78125,15989.475002,258.4640625,13912.459373999998,13521.629689999998,1050.7718752,18776.189064,16167.442187999995,679.2390625,3274.1468754,3086.5484378,16009.873438,16106.006252,16181.746876,204.8046875,16445.382814,1461.2375004,10400.6718766,13790.131252,16199.337502,19264.203126,22148.370312,18636.026564,1506.0437502,139.9171875,18254.595316,2855.5375002,16787.520314,15453.625,13881.015628
698.6703125,20902.668752,3735.6218752,21100.521876000003,19741.956252,240.7015625,15927.648438,15640.492187999998,1126.7312504,22827.832814,20687.248440000003,647.36875,3601.8984376,3953.2796878,20498.356252,20656.943752,20689.437502,205.6359375,20547.24531,1167.7515628,11631.912502,15879.009375999998,20549.357814,20634.979688,21550.932814,22129.05469,3008.8265628,150.8875,22859.385938,3559.0359378000003,20319.475,19444.753124,15927.768752
656.559375,26435.0125,2097.0578128,22297.756252,18223.371878,207.821875,16071.351564,15240.882814,1097.5000004,26501.200002000005,19671.934376,611.5921875,3772.7718752,3943.5906252,20208.818754,19770.696876,19641.485936,204.0640625,19125.790626,925.0484375,11213.496876,15639.206252,19362.634378,26272.628126000003,26662.146878,26624.28125,2673.7921878,146.696875,25655.603126,3913.0875,22586.646876000003,20601.509376,15907.548440000002
629.803125,24761.179686,4511.9125002,19833.5625,17853.745316,179.746875,13494.270314,12865.682812,1008.5062502,24057.600002,18246.09844,576.3875,3435.0859378,3510.3921878,18069.865626000003,18166.28125,18263.396878,204.7703125,18250.91719,757.3109375,9298.7875002,13162.58594,17985.348438,25241.385936,26456.715626,24295.1625,2817.90625,126.7296875,23269.28594,3429.0812502,20350.406252,18179.220314,13361.42969
669.5078125,29869.334378,6791.801562600001,23915.815626000003,20362.203128,235.2546875,13461.495316,13089.257816,1042.0765628,32962.50469,22511.126564,557.171875,3276.9859378,3819.1921876,22996.665626,22653.968752,22453.715628,207.06875,21342.778128,812.0015625,9217.9390626,13337.609378,21642.38594,29384.679688,29537.021876000003,31864.654688,10509.1937506,139.1171875,33346.734378,3757.1125002,23097.559376,22322.059376,13427.79375
626.6625,32700.521875999995,3012.0187502,21818.881252,16165.793752,145.0421875,13037.66094,12280.826564,987.5343751,29871.568754,18111.809378,554.978125,3221.1546878,3426.6859378,19060.129688,18298.514066,18055.165628,203.5609375,17169.321873999997,1140.9125002,8774.5328128,12609.409378,17564.75469,34087.017186,36561.700004,30804.532812,4656.9875002,132.659375,28379.970312,3516.9750002,22670.414062,20143.364064,12872.410938
605.440625,24290.145314,1396.3250002,17098.639066,12276.90625,86.771875,10808.2734386,10151.2406236,873.7390625,22149.798438,13773.164064,544.171875,2891.7171876,2892.1484376,14531.610938000002,13908.690626,13732.739064,203.0953125,13154.723438,2320.5187502,7197.9875004000005,10408.9906272,13440.589064,25353.962502,28882.932814,22864.353126,2147.4375002,118.16875,20883.664064,2971.7656252,17976.645314,15476.862504,10651.104688
611.4328125,18659.560940000003,847.6375,13842.506252,9698.3796882,56.1,8816.7234378,8367.2093752,787.9546875,17283.626566,10972.376564,522.8296875,2456.6593752,2412.8968752,11586.590626,11075.98594,10940.020314,203.0828125,10494.690627,2285.9750002,5910.9078126,8518.7593754,10700.203126,19397.518752,22573.178128,17746.089062,1238.5234378,114.9796875,16281.020312,2380.3703128,14507.1,12305.77344,8699.226562799999
635.3109375,15351.570314,973.2828126,12069.795314,9537.2453126,77.0609375,8575.2937504,8246.3500002,730.3796875,14596.020314,10367.070314,501.98125,2312.9734378000003,2539.0015630000003,10565.340626,10387.390626,10357.703126,203.946875,10209.640626,1793.8687502,5663.1265628,8380.5578126,10218.5750016,15908.853125999998,18370.66094,14794.003124,1517.3343754,123.2515625,13960.796876,2156.2093752,12338.926566,10592.470316,8513.648437799999
599.9796875,14933.581252,939.28125,12040.856252,8606.171875,103.3234375,7631.1343754,7092.7843754000005,675.228125,15086.73125,9814.7968766,487.5515625,1909.4359378,2310.2265628,10314.157812,9901.181251,9787.3453126,202.6390625,9390.3734372,1365.4656252,4728.1843752,7311.773437600001,9580.046876,15002.851564,16351.428128,15085.126564,2009.615625,114.71875,14492.434376,1773.1937502,12173.632814,10586.326564,7506.1593754
579.8859375,14303.306248,924.8078125,10747.107814,7855.701562600001,97.596875,6919.7687502,6443.7781254,631.234375,13509.107811999998,8791.1453128,475.7640625,1649.5921878,2187.4859378,9102.2421876,8831.3375002,8776.3843752,202.18125,8534.5671878,1069.0750001,4193.0093752,6656.6015628,8621.6359378,14683.415625999998,16085.29375,13802.459378,1234.7875002,111.578125,12720.01719,1590.1609377999998,11110.393752,9325.6296878,6823.1578126
591.215625,12641.543752,1384.396875,10162.5093762,7294.4015628,86.1953125,5941.7828128,5500.0765626,592.9421875,12460.145314,8330.4562502,467.25625,1458.6515628,1910.8531254,8649.4171878,8384.4796878,8303.0906252,203.4421875,7928.4593754,881.2609375,3537.3281252,5680.0578128,7996.6437502,12905.17344,14090.767188000002,12494.464062,1565.7906252,109.1984375,11974.832814,1301.6734378,10356.882814,8795.8656252,5841.9953128
607.778125,13186.290626000002,1743.0937504,10093.153128,7053.629687799999,67.390625,5254.8187502,4843.8218752,558.6171875,13534.142190000002,8331.0015628,465.71875,1330.2234376,1699.5875002,8720.0187504,8403.0906252,8304.0125,202.190625,7855.4953128,781.265625,3101.16875,4999.2312504,8024.0484376,13218.257812,13877.923442,13413.115628,2934.5484378,107.0125,13134.500002,1113.4375,10103.131251,8762.0312502,5158.7515628
615.915625,14045.44375,1003.3656251,9247.3406252,5771.4296878000005,53.1453125,4745.6781252,4443.3703128,523.0515625,13307.91875,6875.0031252,485.221875,1234.4906252,1565.8078128,7357.223438000001,6951.8781254000005,6848.5937502,204.0890625,6505.7265628000005,748.7296875,2841.8296878,4549.5250004,6628.8500004,14577.162502,15646.360938000002,13561.528126,2230.79375,107.6046875,12468.525004,993.0578127,9735.7046876,7841.007813000001,4675.9734376
604.665625,13022.026564,854.9046875,8374.260938000001,5426.3265628,48.1484375,4552.6234376,4252.5812504000005,488.209375,12327.637502,6409.3281252,520.1328125,1156.5718752,1557.5187502,6714.4687504,6449.6656252,6392.0734378,204.9828125,6122.6484378000005,766.1109375,2658.7265628,4357.1671878,6214.0609376,13598.665628,14775.259375999998,12443.728126,2435.2531254,106.046875,11590.673438,917.3953125,8725.9812504,6866.317187799999,4483.2390628
611.409375,13123.6875,959.8828125,8448.003125,5269.4328128,47.31875,4301.8515628000005,3976.7640628,452.2875,11893.406252,6254.2078128,671.5984375,1084.1343754,1420.6015628,6548.3031252,6292.4000004,6239.0109378,202.6359375,5976.3203126,901.6640625,2513.2359376,4091.6390628,6053.2656254,14412.026562,15864.20625,12123.36094,1728.5781254,108.159375,10909.953126,854.559375,8767.1187502,6625.939062799999,4226.6500002
558.928125,12117.421876,747.78125,8138.5531254,4702.3109378,39.578125,3935.9156252,3647.2140626,421.396875,11335.601564,5658.1125002,984.8906252,1021.1812502,1245.1859378,6063.7171878,5717.6562504,5638.1296876,201.3796875,5367.9328128,1053.332813,2365.2109378,3743.0890628,5478.8468752,12928.860936,14394.100002,11527.393752,1300.2984378,100.2140625,10102.5625012,806.5109375,8446.2812502,6317.6656254,3867.1281254
542.6703125,10927.770314,657.4453125,7244.4468752,4400.0109378,36.4046875,3737.5296876,3503.3750002,391.7140625,10168.8062512,5197.0000002,1038.3531254,964.2765625,1181.4843754,5496.0468754,5232.8375002,5183.5937502,200.9171875,5005.5546878000005,1110.8140628,2277.8734378,3580.1375004,5064.3062504,11509.076564,13054.278126,10403.5359396,1018.7609375,98.2640625,8886.926563,770.2921875,7551.3046878,5655.6593754000005,3685.0312502
537.296875,9722.8703128,647.13125,6743.6046878,4355.2406254,39.55625,3700.3875002,3428.5515628000003,362.4859375,9206.5812502,5103.5812502,946.99375,915.4984375,1167.9312502,5339.6171878000005,5127.2359378,5093.3312502,200.6640625,4949.6109376,1041.2593752,2207.3375004,3529.2734378,4992.0687502,10169.029688,11513.770314,9365.3437504,939.98125,109.871875,8103.6343754,758.009375,6918.6312502,5364.4859378,3646.7437502
527.1984375,8963.1593752,620.540625,6532.7750002,4153.7843754000005,34.15,3523.3468752,3270.6656252,336.3484375,8632.092187799999,4961.0093754,816.8421875,865.8671875,1108.0781252000002,5247.0046878,4997.1187502,4947.2375002,200.334375,4754.2515628,913.6578125,2126.8828126,3350.7812502,4825.8031254,9338.9828128,10477.453126,8737.476562799999,855.29375,97.1765625,7712.9031252,747.4109375,6661.1437502,5303.4625002,3463.0578128
553.5078125,8506.467187799999,676.85625,6251.6515628,4201.8234378,32.4,3517.9328126,3292.7406252,309.9703125,8259.0468752,4942.8953128,699.759375,822.8609375,1136.0578126,5132.7171878,4955.9859378,4935.1609376,200.3484375,4799.3109378,788.28125,2111.7625004,3365.7640626,4827.1703128,8755.5203128,9676.3234378,8358.514062600001,842.4984375,109.7328125,7441.8968752,757.815625,6395.8203128000005,5120.3968754,3465.9906254
530.4640625,8148.279687600001,632.6828125,6307.2328126,4188.9250002,38.66875,3547.5500002,3304.0453128,286.40625,8074.9859376,4967.9812502,611.7375,774.203125,1111.4718752,5227.9859376,4997.8687502,4955.8968752,199.0890625,4784.3671878000005,684.6875,2142.4296878,3391.3328126,4844.3562502,8337.5015628,9125.8000002,8101.8250002,943.5515625,101.7140625,7424.8750002,764.9859375,6351.7765626,5225.1843752,3497.5031252
509.125,8180.115625,594.628125,6175.409375,4002.2,34.20625,3399.234375,3125.425,264.115625,8049.61875,4781.234375,550.615625,727.921875,1077.7875,5051.55625,4813.425,4768.51875,195.971875,4586.003125,602.846875,2005.1375,3215.596875,4654.9625,8308.915625,8898.9,8122.65625,904.528125,97.76875,7402.490625,717.30625,6311.234375,5118.865625,3336.2875
501.075,8035.55,572.959375,5907.290625,3787.39375,27.859375,3209.04375,3001.5,242.78125,7823.834375,4537.21875,507.21875,683.759375,1072.575,4786.915625,4561.653125,4525.575,193.54375,4341.459375,546.840625,1898.496875,3061.025,4402.259375,8218.415625,8790.353125,7943.51875,866.765625,95.584375,7177.3875,665.10625,6081.15,4887.36875,3161.446875
634.79375,8362.378125,700.921875,5868.83125,3892.809375,24.66875,3197.03125,2983.915625,223.4875,7842.5875,4863.553125,489.309375,642.996875,1131.065625,5012.85,4875.459375,4853.45,192.51875,4574.36875,526.1375,1817.225,3048.028125,4646.50625,9195.175,9825.478126,7949.66875,1164.121875,93.90625,7239.084375,644.7375,5943.34375,4853.13125,3147.70625
505.66875,8392.353125,614.5875,6066.528125,3631.590625,30.01875,2999.99375,2771.328125,207.515625,8381.25625,4499.440625,537.575,605.096875,1069.6,4861.9375,4551.303125,4481.51875,190.03125,4230.203125,496.984375,1667.21875,2842.284375,4336.24375,8730.58125,9397.35,8381.0625,1328.01875,87.415625,7764.0,601.396875,6184.403125,5040.0625,2945.084375
478.66875,8364.85,536.3,5530.340625,3420.9375,22.54375,2880.96875,2678.6,193.975,7742.9875,4117.934375,578.8375,573.1125,1043.3625,4379.353125,4146.275,4106.525,186.965625,3951.69375,513.390625,1594.896875,2739.390625,4004.109375,8848.4625,9568.21875,7943.821875,879.90625,90.8875,6944.99375,570.6875,5775.259375,4520.83125,2836.703125
458.5875,7393.59375,512.90625,5206.375,3284.121875,19.54375,2768.53125,2596.48125,179.203125,7024.903125,3945.509375,565.56875,549.95,1024.140625,4190.984375,3971.546875,3934.765625,183.865625,3788.925,563.90625,1543.596875,2640.609375,3836.109375,7752.784375,8619.540625,7137.978125,793.25625,87.390625,6337.334375,554.55,5346.275,4258.921875,2728.509375
469.103125,6937.378125,512.696875,5014.8875,3285.146875,16.534375,2773.86875,2620.84375,166.378125,6738.05625,3895.359375,528.496875,534.303125,1080.778125,4093.371875,3911.625,3887.378125,181.7125,3783.121875,584.178125,1512.5375,2656.61875,3805.61875,7142.1375,7836.29375,6818.75,811.25625,87.2,6101.103125,557.015625,5135.79375,4110.021875,2739.18125
676.83125,7410.9625,563.2,5216.54375,3429.38125,34.275,2874.015625,2696.990625,155.396875,7164.709375,4183.9125,512.003125,515.5125,1195.8125,4304.3625,4184.221875,4179.775,181.709375,4115.66875,638.859375,1467.628125,2743.584375,4108.0,7914.021875,8436.865625,7200.31875,968.0875,104.734375,6503.628125,536.44375,5350.23125,4180.78125,2835.028125
568.859375,8877.878125,659.978125,5960.40625,3623.953125,63.853125,2962.2625,2717.04375,145.040625,8543.9125,4426.325,731.24375,497.1375,1230.73125,4629.790625,4446.46875,4416.715625,178.359375,4249.68125,673.078125,1442.375,2816.734375,4302.475,9872.359375,11065.543752,8471.33125,1593.7125,91.365625,7732.815625,521.628125,6065.865625,4555.515625,2910.70625
512.678125,9503.696875,585.1,5963.75,3401.571875,50.696875,2805.840625,2577.790625,132.5,9163.36875,4183.35625,1105.771875,474.90625,1167.409375,4437.809375,4210.209375,4171.165625,175.571875,3978.571875,658.071875,1375.634375,2660.953125,4036.4375,9914.65,10745.03125,9277.6625,1381.575,87.315625,7865.0375,509.86875,6168.421875,4563.4625,2752.190625
517.51875,8920.58125,647.6125,5598.34375,3409.35,53.125,2753.95625,2494.975,118.60625,8342.24375,4182.3625,1089.8,448.6625,1144.01875,4400.7625,4208.08125,4171.125,173.075,3992.05625,750.01875,1311.4375,2594.24375,4058.075,9426.63125,10490.3375,8483.83125,1280.54375,88.83125,7160.06875,525.95,5745.31875,4376.225,2698.00625
478.6625,8324.44375,531.19375,5305.60625,3180.14375,36.06875,2642.7125,2445.91875,108.64375,8011.20625,3861.6625,914.45,422.45,1120.0625,4110.08125,3887.6125,3850.95,170.4,3702.70625,798.58125,1294.725,2512.69375,3751.25,8614.425,9576.7625,8144.3625,1153.25625,87.43125,6928.03125,520.975,5503.9875,4255.90625,2599.83125
622.46875,7508.2375,539.79375,4962.16875,3143.875,25.66875,2602.275,2409.2375,99.99375,7166.06875,4015.3,747.3875,409.93125,1124.69375,4130.1625,4019.65625,4008.18125,170.1375,3814.1125,716.4,1255.95625,2456.45625,3848.55,7814.03125,8768.6875,7274.5375,1014.21875,100.075,6270.9625,508.375,5089.6375,4034.9875,2549.20625
864.95625,7049.6875,628.41875,5183.19375,3812.34375,26.6125,3194.99375,3070.89375,90.4375,7148.9625,4523.1,627.46875,401.2625,1468.89375,4477.43125,4482.625,4529.56875,167.24375,4617.38125,479.61875,1544.8125,3087.5625,4511.6,7148.29375,7433.50625,7114.3875,1163.70625,170.14375,6477.775,528.3625,5256.7125,4297.9375,3173.10625
1229.8375,7640.78125,950.11875,6123.10625,4351.4375,42.8125,3376.65,2900.4625,82.5625,7755.4875,5864.4375,541.45625,398.5125,1382.96875,5844.01875,5856.01875,5857.95625,167.71875,5701.8,355.24375,1455.85,3029.225,5721.925,7764.4125,7685.6,7657.7,1292.11875,148.125,7207.325,510.45625,5851.55,5257.925,3225.30625
1394.025,9206.3125,783.1375,7128.68125,3713.66875,27.175,2907.28125,2724.51875,73.625,9150.85,5606.96875,514.2625,389.66875,1374.975,5892.21875,5657.2625,5582.15,166.9625,5219.4375,373.75625,1311.8625,2752.7375,5343.4125,9717.3625,9932.39375,9120.69375,1605.7,107.025,8627.025,484.19375,7024.70625,5952.6625,2843.0375
1029.31875,8475.75,868.75625,7058.0875,3710.475,0.53125,2851.775,2718.39375,65.95,8969.66875,5195.93125,966.975,373.9,1369.8375,5447.93125,5239.6375,5175.1875,164.0625,4812.51875,284.76875,1298.8,2732.9,4925.60625,8910.93125,9622.75,8642.54375,1523.76875,117.35625,8155.34375,450.6375,6777.525,5437.13125,2820.075
899.125,9299.15625,411.8,7536.9625,3011.79375,0.00625,2591.925,2449.9375,58.175,11137.95625,4424.16875,2011.76875,362.8,1224.24375,4615.50625,4430.71875,4412.675,174.01875,4050.025,248.66875,1195.725,2457.3375,4189.7125,8855.775,8542.225,10379.64375,1251.425,98.96875,9308.9625,433.675,7501.54375,4881.6875,2540.75625
1392.975,15392.16875,996.55625,8936.225,3432.54375,0.0,2495.8125,2501.7,51.11875,15133.35,5555.99375,2302.36875,351.075,1334.6,5574.19375,5576.875,5524.51875,195.8375,4853.3125,400.7375,1143.30625,2462.55,5024.0,15447.2,15467.18125,14924.33125,2168.625,111.25625,12348.90625,413.95,9191.75,4950.95625,2494.9625
829.93125,16062.86875,575.45625,9724.125,3048.68125,0.04375,2430.18125,2298.975,44.5625,16079.4625,4545.55625,2726.475,336.00625,1244.2375,5129.0,4641.1,4510.91875,185.54375,4009.9,447.23125,1033.46875,2301.93125,4217.2,15956.3125,16339.59375,16146.025,2052.74375,85.65625,12927.06875,399.01875,10232.81875,5583.2875,2369.075
1220.53125,15844.125,418.08125,7682.675,3063.80625,0.225,2666.33125,2635.15625,39.2625,13567.35,4353.71875,2399.1875,336.15,1442.95625,4411.825,4343.14375,4347.6,186.78125,4263.10625,926.24375,1159.95625,2603.2875,4242.05625,16754.13125,17909.60625,14114.75,1017.83125,99.36875,10373.35625,433.16875,8580.85,4367.45625,2624.51875
2150.93125,13404.39375,2526.35625,8276.01875,6828.8125,134.24375,4443.275,3912.41875,41.96875,13013.05,7582.83125,2696.625,362.8625,2538.84375,6322.325,7286.2375,7651.23125,198.0625,8532.3875,1106.7,1302.475,4071.8875,7877.5625,13910.26875,15162.825,12958.15,1139.0375,421.025,9918.8,477.2,8254.875,4989.575,4328.13125
2361.45625,17682.58125,3149.875,18928.7375,7846.06875,151.46875,4569.625,3490.91875,52.78125,21587.11875,11929.89375,3934.89375,399.5625,2113.0875,12676.50625,12127.475,11856.275,199.90625,10729.4125,993.91875,1307.675,3784.75625,11301.575,17147.55625,17186.75,20012.2875,2784.5625,364.65,18933.6375,530.625,16995.425,11785.75,4252.73125
1796.65,27907.48125,1248.16875,18321.80625,5020.46875,22.60625,3736.50625,3326.65625,41.95625,27088.73125,7861.7625,3903.54375,385.11875,1914.275,8544.45,7980.625,7813.75625,199.03125,7041.4625,820.6,1371.45,3380.2375,7393.08125,27981.29375,27823.39375,27487.4625,2245.825,206.60625,22600.0625,524.1375,19424.08125,9522.7375,3582.175
3039.3875,27831.7,1206.2625,16796.675,4751.61875,0.8625,3586.275,3469.61875,35.35625,26527.68125,8622.44375,3481.625,352.26875,2273.325,8555.28125,8607.4875,8602.84375,243.30625,7912.9875,1061.34375,1176.21875,3428.09375,7948.4,28835.0125,31088.0625,26722.15,2401.88125,158.83125,22489.88125,462.76875,18112.75,7932.0125,3510.6125
2036.19375,27968.5125,1577.75,19884.15,5846.4625,1.35625,4280.4125,4007.21875,35.775,28450.3625,8882.84375,4627.81875,360.85625,2689.03125,9371.6625,8969.89375,8843.53125,216.70625,8032.6875,1325.99375,1257.3125,4051.84375,8279.56875,28351.75,30008.5625,28183.2125,3056.09375,180.65,23786.1875,484.35625,20143.6875,9632.2,4203.68125
1111.05625,28168.13125,932.025,16325.63125,4719.15,0.0875,3746.975,3548.6,31.13125,26177.95,6662.98125,4420.54375,437.1625,2177.03125,7371.56875,6780.43125,6624.375,205.225,6009.25625,1848.90625,1342.89375,3571.15625,6286.4875,28983.9625,31098.46875,26849.2625,2248.33125,99.33125,20990.725,520.6875,17755.25625,8177.16875,3675.2125
1877.30625,23468.19375,578.45625,12117.23125,4794.3125,0.15625,4203.9375,3904.48125,35.80625,21505.2,6950.20625,3603.36875,412.325,2303.5125,6779.925,6904.4375,6943.34375,224.6375,6772.13125,1693.98125,1570.49375,3905.54375,6734.2,24855.58125,27541.63125,22057.525,1495.14375,205.10625,16935.70625,591.775,13517.7875,6411.1,4054.38125
2343.825,23873.44375,989.33125,14049.80625,5202.35625,0.04375,4261.0875,3772.23125,49.91875,24022.33125,8443.4125,4367.94375,425.08125,2339.725,8692.80625,8490.2375,8404.91875,283.4625,7638.7125,1424.45625,1397.39375,3829.9,7836.375,25066.8875,26652.71875,23630.16875,2921.0125,234.26875,19651.33125,630.23125,14589.49375,8366.75625,4081.9875
2164.58125,26734.0625,2742.91875,15679.4,7680.48125,6.4375,4939.29375,4234.36875,128.08125,25615.29375,10290.925,4069.99375,433.44375,2333.56875,10398.0,10206.75,10288.33125,572.3,9933.08125,1252.91875,1722.28125,4321.01875,9825.3125,28210.41875,30784.2375,25784.79375,3422.2375,637.36875,21158.20625,625.84375,16178.3625,9848.2,4836.8
3923.875,24773.33125,4860.625,18820.9,10748.3,6.4375,5808.3375,4359.3375,395.675,25552.3125,16690.4,2936.05625,652.10625,2433.8,16793.7125,16658.09375,16658.6625,655.025,15318.2875,1247.8625,1818.63125,4503.0,15644.7125,25740.725,28107.44375,25068.475,5644.76875,840.10625,23256.575,779.49375,17743.76875,14870.0625,5378.91875
2135.24375,28889.606252000005,2357.58125,17908.784376,7556.903125,0.03125,5120.340625,4594.321875,615.178125,28018.262502000005,11638.49375,2274.159375,1102.8,2187.91875,13171.353125999998,11884.825001,11551.303126,443.90625,10161.459375,1603.146875,2366.64375,4601.415625,10745.8875,29348.309376,30927.146876000003,28518.296876,4320.040625,390.71875,24860.893752,1020.89375,19358.593752,15075.856252,4963.9125
1943.49375,22082.446878,1241.315625,12230.978128,7030.390625,0.125,5768.421875,5352.653125,643.275,20205.565626000003,10259.656251,2583.809375,1544.878125,1946.925,9862.4375,10146.518751,10260.796876,338.228125,9194.131252,1763.1,3366.6,5339.640625,9229.25625,23475.712502,26514.446878,20715.868754000003,2747.54375,451.775,16876.184377999998,1188.275,13266.650002,9705.184377,5687.503125
4621.55625,25357.790626,1416.640625,18755.400004000003,8696.109375,0.671875,7145.434375,6376.459375,743.6125,27495.462504000003,16143.290626000002,2490.078125,1815.278125,2042.515625,17025.659376000003,16276.296876000002,16065.334378,906.33125,14090.268754,2067.4375,4314.90625,6280.0625,14539.671878,26610.187502000004,29814.315628,26301.765626,5389.396875,666.35625,25451.843752,1521.90625,18690.571878,15695.078126000002,6803.89375
3066.075,38302.246878,863.328125,25767.896876000003,9244.134375,0.08125,8289.796875,7532.13125,722.84375,38025.784378,14599.162502,7052.859376,2016.55625,2209.753125,16043.987502,14815.118752,14521.403126,636.96875,12937.100004,2105.4625,5271.553125,7619.178125,13597.684376,41644.384378,42860.278128,37616.012504,3480.496875,366.51875,30108.350004,1747.415625,25675.528128,16969.128126000003,8019.48125
1576.875,50816.737504,2320.2,28328.562502000004,9380.406251,1.2,7071.140625,6639.66875,1172.209375,50225.22500200001,11949.521878,13368.068752,1966.784375,2523.128125,12192.146876,11935.540626,11933.509376,393.221875,11075.290627,2997.16875,4095.671875,6650.228125,10989.059375,53488.675002,56119.75000400001,50028.737502,2765.11875,260.740625,36403.084378,1604.00625,31161.193752000003,12961.090628,6873.234375
1711.25,49662.825004,5408.78125,27275.528128,15101.956252,24.8375,9568.559377,8800.759375,1734.290625,48045.843752,19628.000002,10016.665626,2714.7125,3212.353125,19892.206254,19706.937502,19555.681252,614.575,17599.334378,3363.615625,5531.684375,8889.325,17895.209378,53064.643752,59574.300004,48075.800002,8256.703125,540.496875,37738.031252,2002.128125,27857.128128,18016.931252,9289.559375
2337.715625,49253.459378,2328.090625,25354.784378,13612.181254,13.715625,11206.750002,10756.893751,1847.3875,43511.765628,17656.268754,6376.603125,2990.228125,4344.778125,19247.534376000003,17838.375002,17568.100002,1106.321875,16267.390628,5504.153125,6412.01875,10611.259377,16581.850002,53132.65625400001,61471.659378,44886.621876000005,5035.465625,625.35,34867.234378,2182.478125,26913.303128,19850.553126000003,11019.012502
1201.60625,35537.893754000004,1509.621875,23105.628128,15675.090626,244.55625,14108.018752,13236.875,2002.728125,32575.2375,17957.893752,4046.878125,3569.978125,6117.30625,18982.468752,18076.043754,17887.475002,855.99375,17104.38125,6962.7625,7058.5875,13575.406254,17318.421878,38511.931254,48150.418754,33276.746878,3472.190625,252.95,27877.837502,2604.64375,23514.025002,18920.931252,13830.19688
1671.996875,32639.834376000003,1152.76875,20554.262502,12889.262504,83.4875,11616.946878,10551.87813,1627.453125,29568.471876000003,15811.478128,2860.871875,3314.44375,3992.484375,16568.203128,15923.653126,15755.268752,498.734375,14964.500002,5877.01875,6500.234375,10822.918752,15231.543752,35606.668754,43541.646878,30336.859378,2564.9375,325.259375,25748.056252,2200.4375,21596.018752,17059.400004000003,11250.193754
2417.61875,28746.346878,2779.1875,19872.006254,15719.618752,1142.09375,13081.478128,11144.815627,1457.915625,27021.318752000003,17330.112502,3018.1375,3060.321875,4201.609375,17598.696878,17320.303128,17357.346878,686.934375,17860.240628,4917.634375,6899.865625,12324.5875,17378.178128,31270.812502000004,38249.246876000005,27312.946876,2042.296875,969.175,23444.056254000003,2236.509375,20325.303128,16781.162504,12955.203128
4064.84375,32696.271878,3779.74375,29647.115628,21169.662504,1565.434375,17225.650002000002,12790.909378,1362.7375,34269.003128,26735.546878,3300.709375,3276.353125,4247.046875,27857.425002000004,26995.512502000005,26685.143752000004,658.025,25849.709376000003,4191.00625,8432.940625,14923.100002,26217.734378,33748.809376000005,37296.578128,33395.934378,2686.778125,1475.390625,31531.825004,2673.1,28765.409376000003,26735.906252000004,16550.696878
3792.76875,39358.037504,2552.66875,28324.300002000004,19395.643754,849.1,16761.437502,13653.109376,1357.978125,37456.543754,24242.906252,3233.2625,3549.340625,3858.88125,25218.534378,24422.343754,24205.815628,489.2,23566.471876000003,3719.184375,9646.696875,15029.621876,23795.971878,41165.303126,45796.925002,37910.0625,3530.203125,1117.61875,33661.821876,2724.9625,29180.371878,25504.962502,16142.353128
2661.5609378,35208.296876,2014.5937502,27067.321878,20166.664064,973.9453126,18147.756252,15955.095312,1351.6109378,34409.071876,23455.228126,2762.8906254000003,3892.8187502,4467.9890628,24177.114064,23618.609376,23385.496876,455.4046875,22951.404688,3805.2000002,11326.7125,17266.59375,23026.535938,36430.254688,41060.295312,34550.4375,3907.4031252,676.159375,31500.467188,3026.4578128000003,27355.123438,24239.410938,17817.062502
1774.2171878,34555.960938000004,1798.1671876,27874.693752000003,21010.25469,946.034375,19144.798438,16823.140624,1439.5531254,34178.212504,23946.912502,2171.4000004,4056.9890626,5193.4328128,24849.50625,24192.137502,23830.453126,415.9265625,23126.329688,3339.0218752,11463.256252,18276.931252,23429.734376,35369.44219,38985.007812,34236.000002,3730.6515626,332.6890625,31906.182814,3168.5265626,27926.825,24908.428128,18809.11719
923.1734375,33099.001564,1018.6765626,23491.114064,18120.132814,354.453125,17097.465627999998,16551.851564,1695.7328126,30835.931252,19346.560940000003,1991.4062504,4295.8250004,4683.9125004,19919.931252,19465.732814,19293.750002,266.5109375,19034.632814,2649.1031254,11803.801564,16940.543752,19056.528128,34458.57343800001,37923.315628,31618.715626,2414.3625002,274.715625,27999.528126,3374.8812502,24667.234378,20779.109378,17082.642190000002
1060.9531251,28846.425002000004,2081.0093752,24736.114064,22128.32344,528.7921875,20186.03125,19157.489064,1489.2390626,28692.440626000003,23404.706252,2080.2484376,4808.4984376,5218.2640628,24057.450002,23708.623440000003,23324.55,701.3765626,22930.26094,2024.2593752,13771.742188,19946.720312,22676.73125,30462.58125,33528.976564,28455.696876,2940.8156252,295.0828125,26923.375004,3760.7187502,24048.521876000003,22057.992188,20143.346878
1948.8718754,42132.4875,3637.5718752,34580.101564,24166.779688,550.2171875,20414.52344,18672.217188,1456.6968752,44700.390626,28203.614064,2385.4984378,5242.4593752,5029.5234376,31106.73594,28747.260938,28056.603126,1178.2812502000002,26535.957812,1888.8765628,13453.284376,19653.912502,26983.78125,42531.246876000005,42535.89844,43543.651562,8587.7453138,344.5359375,43219.278128,4171.5187502,34289.45469,31570.246878,20162.309376
868.8828126000001,43417.12344,1414.6515628,27879.60625,18762.295314,192.5390625,17256.209376000003,16311.385940000002,1347.75,39176.346876,20936.451566,2785.7765628,5154.1750004000005,4439.2937504,22416.045312,21199.292188,20859.953128,399.534375,19970.737502,3658.1359378,11776.317188,16747.932814,20365.453124,46435.371878,52442.526566,40461.914064,4157.6843754,154.8484375,35070.879688,3944.7093752,29444.934376,24038.506252,17064.621876
622.6125,31503.428128,847.8484375,21446.9625,14424.437502,115.196875,13561.018752,13187.990623999998,1302.8734376,29015.539064,15727.914066,2717.6296876,4168.7796876,3929.3843754,16585.300002,15874.05,15684.610938000002,208.23125,15203.303128,5533.4843752,9223.3078128,13346.787502,15399.157812,33176.837502,40128.943752,29799.7125,1789.1390626,119.0875,25469.98594,3083.5156252,22789.984376,17852.878126,13476.05
822.3703125,27164.565628,3070.5750002,20973.778126,19297.092190000003,666.271875,16271.25625,15087.189062,1260.9187504,26618.151562000003,20452.109376,3442.7609376,4096.707813,5333.1390628,20247.014064,20456.401566,20437.10625,387.01875,20224.071876,4184.3156254000005,9641.9562502,15987.950002,20191.600002,28901.084376000003,34400.075,26314.570316000005,3337.007813,195.8296875,23680.828126,3173.665625,20174.946876,18360.642188,16204.918752
1164.63906246,33826.621096,3603.9632814,22899.790626,16656.442188,353.79453126,13066.446096,12169.239842,1163.4187504,33955.728906,19386.671876,4240.739844000001,3380.4117190000006,4444.934375,19619.961718,19416.581252,19351.807814,304.51406252000004,18037.500784,2954.4320316000003,7656.7539066,12673.939064,18332.144532,35375.81797,38541.452346,33812.070312,5192.3765624,162.05781252,29695.365624,2778.6109376,23876.186718,20144.694536000003,12897.978906
2432.9507812,42047.010158000005,5069.8953128,29669.8125,19825.582814,249.19218752,14634.671876,12979.72344,1224.8632814,44574.199998,26940.289844000003,4987.5132816,3099.234375,4748.550781399999,27870.928908,27161.122656,26797.539844000003,805.38671876,23227.153906,2967.5804688,8102.3265624,13498.267188000002,24139.379688,42755.903128,45158.06797,43462.502346,11614.482811999998,650.9609375,40571.81172,3175.1695316,28240.034374,26270.67422,14195.483592
2025.5015626,47203.560938,4524.4914064,28942.369532,17844.653908,151.45781252,13259.209376,11991.644532,1281.6484376,44844.120312,23707.192188,3780.561718800001,3024.6914066,3962.2421876,24963.301564,23967.513282,23574.978906,648.78125002,20597.564066,5256.8984378000005,7951.295312600001,12294.259374,21281.840624,48911.507032,54943.39297,45633.608594000005,9067.1078136,535.7429687800001,40311.564062000005,3268.9132812,30042.015626,25823.560938,12887.908594
2140.6437502,40681.355468,4568.005469000001,26875.19297,16826.71328,115.08437503999998,12176.298438000002,10799.633594,1241.715625,40352.154688,22803.502344,2664.9539062,2734.277344,3455.7328126,24248.44453,23083.208596,22671.475,945.0148437599998,19673.092188,6455.8164066,7271.314062399999,11093.734374,20223.506254,41717.910156,49033.367972,40387.414064,9716.4351558,591.38515626,37691.88593800001,3052.7265626,27218.522654,24388.182812,11740.763284
2385.7343752,40107.155470000005,4756.4546876,27188.071094000003,19269.819532,198.515625,14445.445312,12950.028126,1309.5601564,39239.692188,24329.091408,1952.2828128,3019.9734378000003,3972.4039064,25446.746094,24522.859376,24235.443752,938.4578128,22229.002342,5152.6000002,8857.1289064,13297.252346,22600.284374,41007.409376,46761.232034,39511.31172,9186.3976564,914.1609375,37022.491408,3578.2703126,27105.76797,25067.389062,14077.487502
1615.2546878,36049.475784,2749.567969,25656.117968,18308.746874,243.47031252,15486.914844,14038.289844,1127.049219,33886.389844000005,21623.878126000003,1500.5804688,3063.2960940000003,3921.4609378,22703.525782,21809.675784,21549.0375,473.85937504,20336.42422,3878.3945314,9976.5289074,14544.08125,20703.683594,37256.27578,42187.423436,34636.378906,4282.9671874,616.27968754,31643.584376000003,3483.4640626,26474.823438000003,23602.533594,15202.139064
928.41875002,29034.125784,2256.6453126,21459.123438,15094.453908,164.50156252000002,12787.65,11461.44375,963.74921876,27301.250782,17736.57344,1203.1484376,2498.3906252,3406.6906252,18625.34375,17921.67266,17668.873436,263.70859378,16419.179686,2868.636719,7925.520312600001,11965.823438,16838.582812,30018.9625,33886.728126,27900.93125,2524.590625,302.64375004,25499.066406,2817.2460938,22308.583594,19577.692188,12485.671094
849.1367188799999,25024.45703,2140.3585938,17791.805472,11727.856252,133.79375002,9473.4523448,8527.3320314,856.67421876,24506.902344,14124.928123999998,1027.70625006,2063.9492188,2947.152344,15134.921096,14312.621876,14061.24297,324.51015628,12990.95703,2110.9515626,5505.714844,8888.0374994,13379.200002,25492.210156,28049.871094,24700.76797,4388.3710938,178.51875002000003,23265.734376,2170.8062502,18504.217188,16060.363282,9226.8820318
1522.4835938,21948.325782,1212.85468786,15492.620314,9668.5554686,84.34140625,8392.0781252,7620.171875,783.4140625,20280.33125,12362.975,959.51093752,1848.9140628,2617.3125,13168.797656,12474.903906,12324.530470000002,462.94531252,11544.079688000002,1585.484375,4957.502344,7816.075781199999,11885.152343999998,22825.478906,25293.500782,20811.130468,2469.246875,289.14375004,18838.132032,2006.5234376,15825.440628,13472.453908,8144.5914064
1009.73359382,18746.75547,834.36875002,13902.607032,8079.471093800001,66.15546875,7178.8687502,6541.030469,722.43906252,17938.692968,10489.145313,965.7015625,1594.5023438,2384.361719,11085.820312,10600.58828,10429.1515642,477.38281256,9404.1585938,1274.2992188,4104.9140626,6743.495312600001,9717.4929682,19169.712502,20812.772658,18261.204686,1473.1835938,147.0570313,16599.478128,1624.167969,14581.204688000002,11449.929688,6975.217968800001
1426.178125,17736.079687999998,1021.84765622,14360.259375999998,7490.660937799999,58.01484375,6438.8609374,5904.9296876,669.48984378,18480.463284,10718.017971,930.71796878,1418.4,2356.3398436,12125.150784,10927.09297,10633.100002,886.37890642,9290.5468752,1135.8578128,3502.9578126,6064.2421876,9701.73047,17946.385938,19391.055468,18109.773438,2956.4781252,161.38437502000002,17841.94297,1348.3281252000002,14417.748438,12207.055466,6271.8
2178.267969,20436.209374,1018.49687506,13260.964064,7480.9960938,145.51796875999997,6472.1148438,5864.394531399999,618.65781252,18819.966406,10251.8726566,921.77109378,1283.5007812,2645.2375,10895.389064,10321.371096,10215.1703112,568.84687502,9746.882032,1008.22890642,3159.1539066,6079.3109376,9817.610937,21238.340624,22368.538282,19373.714842,2560.6953126,298.82890628,17271.621874,1124.9640626,13759.55,10946.00469,6348.8757816
1255.15000016,17627.639841999997,1034.94062516,13381.560154,6981.2539062,166.31796878,5892.9625002,5191.999219,570.33359378,17157.25625,9289.1015614,1131.2101564,1270.2960936,2234.6492188,10178.0843746,9445.0679688,9238.5460944,298.75625002,8508.56875,1199.53125,2899.5531252,5482.3015624,8852.040625,18173.739846,19845.285938,17279.722656,1824.14375,170.8320313,15856.089846,1037.3593752000002,13653.732814,10777.2210928,5736.5390626
659.5109375,16422.582814,685.02343752,10673.278906800002,5776.4390626,66.19453125,5066.5539064,4632.1031252,523.30078128,15080.875,6992.9437502,1237.8414064,1211.7859376,1795.8296876,7523.598437600001,7079.185937799999,6965.613281399999,202.18203128,6583.860937799999,1400.8265626,2793.1968752,4793.2312502,6744.736719,17010.378908000002,18814.270314,15581.235156,1232.6304688,118.88203126,13309.254688,977.22812498,11468.239842,8186.815625,4963.8914064
679.88906254,13104.653126,719.5945312599999,8911.3500002,5241.9289062,40.4078125,4512.546093800001,4140.346094,474.76015627999993,12071.136718,6357.0968752,1123.5281252,1074.0859378,1605.1015626,6684.615625,6406.6750002,6339.1984376,202.32890628,6040.7164064,1321.3023438,2492.2648438,4262.4179688,6139.7671874,13705.017972,15692.704686,12407.666406,996.24921876,119.61093753999998,10654.700782,865.5929687800001,9294.8734376,6869.075,4420.5156252
623.7640625199999,11404.11953,701.95468752,8185.623437600001,4876.317969000001,35.6984375,4156.209375,3812.5632814,428.83828127999993,11006.048438,5960.7273438,966.3421875,982.46093752,1475.3515628,6306.1734378,6013.983594,5941.9195316,201.87421878,5643.8656252,1127.9343752,2296.4601564,3916.1890626,5757.6148438,11700.161718,13110.689844,11158.39453,1196.5273436,130.76093752000003,9893.7367204,805.78671878,8429.958594,6450.7453126,4068.8695314
586.92500002,10610.914062,615.54140628,7580.2085938,4545.702344,30.85078125,3919.055469,3632.5375002,386.76562502,10184.910158,5493.5671878,839.72890628,932.75000002,1438.277344,5831.8328124,5543.4187502,5476.017968800001,202.13593752000003,5227.2515626,938.32500006,2159.8859376,3716.1742188,5313.1507812,10875.746876,12008.353126,10351.60703,1048.4117189,115.50937502,9169.599219,775.25937502,7828.6804688,6004.621094,3846.6351564
974.4359376,10165.925002,647.35625,7378.2968752,4401.4921876,27.303125,3753.5000002,3465.6375002,343.771875,10160.934375,5822.6062502,758.3875,872.1828125,1375.8578126,5976.3875002,5835.6203126,5802.2593752,277.1140625,5446.7078128,860.8765625,2056.795313,3545.5281254,5473.6203126,10400.579688,11463.693752,10117.9968756,1365.1062501,115.54375,9410.7109372,724.7265625,7669.892187799999,5809.8750004,3677.0000002
1435.0015626,12835.576564,921.4578125,9047.9937502,4510.2156252,24.4625,3585.4656252,3267.5609378,302.0171875,13562.806252,7034.7906252,736.4484375,803.4578125,1294.2421878,7788.1531252,7128.576562600001,6984.4625002,605.9734375,6088.2046878,902.9921875,1938.2984378,3353.2484378,6348.5812504000005,12745.87344,13577.829686,13216.740626,3218.584375,115.175,12906.80625,678.9,8993.907813000002,7300.1796878,3491.3468752
760.528125,14558.15469,702.084375,9121.0515632,3999.3781252,23.5828125,3275.3156252,2988.3171876,267.625,13590.239064,5429.5156252,749.965625,742.9390625,1153.6437502,6172.8546878,5535.0046878,5394.1515628,283.0796875,4896.1031254,1066.3187502,1800.7484378,3067.5234376,5086.7031254,14980.507814,16240.526564,13972.585938,1867.1593754,109.690625,12353.815624,646.2203125,9772.0875012,6963.6718752,3199.2125002
590.05625,11841.768752,576.153125,7238.1281252,3668.2062502,22.121875,3082.7531254,2830.4546878,238.6609375,10457.246877,4620.1359378,742.6765625,693.4921875,1066.8640627999998,4982.1406252,4672.0968754000005,4601.9500002,201.9984375,4345.2046878,1490.1375004,1732.9250004,2897.3171878000003,4432.1531252,12608.243751999998,14847.125002,10901.5328126,1079.3000003,107.6,9298.4890632,636.80625,7738.342188,5282.3375002,3016.9593754
711.2234375,9577.3718756,563.2796875,6476.8046878000005,3562.8062502,20.45625,2993.2640628,2742.471875,214.8828125,8939.289062799999,4552.6468752,700.9046875,644.053125,1056.8031252,4777.4218754,4580.453125,4541.0484378,207.7828125,4352.346875,1519.401563,1656.5828128,2801.2546878000003,4391.2968754,10150.4687502,12222.582814,9129.4390628,1007.8453126,113.9765625,8051.9468752,623.85625,6734.3843754,4789.0281252,2921.692188
674.5109375,8952.6093752,568.1125,6416.1734376,3503.1578128,18.7578125,2927.4203128,2690.2609378,194.728125,8717.285937600001,4536.9046876,652.3203125,601.4875,1061.1953128,4856.5625002,4585.8281252,4519.0953128,202.41875,4260.1906252,1309.7046876,1599.4765626,2749.2265626,4350.6250002,9283.2171878,10834.071876,8788.195312799999,1213.3328126,107.2234375,7984.467187600001,604.178125,6533.8578126,4878.9890626,2864.1875002
661.640625,8776.00625,536.98125,6135.975,3369.859375,18.5375,2826.15,2591.153125,176.940625,8419.65,4332.225,613.51875,561.684375,1060.621875,4608.559375,4368.76875,4317.921875,201.35,4106.659375,1106.615625,1500.778125,2650.334375,4174.83125,9029.540625,10268.80313,8571.66875,1033.515625,105.034375,7641.471875,565.21875,6325.05,4681.046875,2764.584375
1477.68125,8318.978125,676.35625,6131.615625,3534.06875,18.275,2870.975,2536.203125,163.01875,8326.040625,5243.03125,593.078125,525.459375,1070.121875,5019.58125,5166.409375,5246.90625,236.096875,5089.45,996.65,1434.66875,2590.69375,5016.159375,8619.91875,9806.600001,8256.1125,1000.371875,184.865625,7695.271875,538.95625,6287.703125,4628.390625,2770.665625
2377.884375,10593.656251,903.040625,9122.91875,4112.13125,38.278125,3209.5375,2796.28125,153.184375,11602.203128,7246.009375,594.771875,499.51875,1249.03125,7742.046875,7288.071875,7216.315625,515.25,6638.4625,972.740625,1489.471875,2876.725,6837.515625,10719.659377,11645.340628,11118.375002,2125.053125,263.940625,11204.646877,540.421875,8800.6875,7049.54375,3095.76875
1260.871875,13806.928126,700.109375,9983.818751,3988.525,72.73125,3252.828125,2769.51875,144.09375,13499.025004,6118.546875,638.084375,480.059375,1231.66875,6865.690625,6240.29375,6077.546875,270.959375,5462.390625,906.93125,1468.328125,2932.40625,5767.146875,14000.862504,14651.834378,13677.728128,1627.6125,152.68125,12559.446878,548.965625,10435.781252,7425.584375,3132.85
954.99375,13175.937504,519.628125,8191.6625,3384.41875,37.51875,2855.228125,2571.171875,135.1125,11883.709378,4616.490625,732.08125,459.4375,1099.6,5042.753125,4675.603125,4595.384375,242.28125,4408.18125,1034.55625,1430.728125,2654.378125,4428.378125,13887.865626,15164.525004,12269.053128,1047.665625,113.796875,10536.250002,523.75,8923.578125,5599.978125,2782.4625
1684.1875,12933.078126,551.915625,8234.975,3480.265625,33.390625,2928.38125,2585.5625,126.696875,11639.625004,5492.546875,873.7625,444.721875,1162.590625,5779.625,5506.540625,5481.225,367.209375,5247.025,1124.63125,1369.55,2674.746875,5327.109375,14174.625002,15865.825002,11854.212502,1318.50625,163.15,10166.60625,505.96875,8477.784375,5365.46875,2828.86875
1014.084375,12570.984378,500.375,8862.590625,3347.453125,35.2375,2834.35625,2468.834375,119.31875,12503.065628,4793.034375,1525.44375,431.575,1114.928125,5307.35625,4868.29375,4769.38125,218.7125,4465.596875,1062.834375,1299.603125,2583.04375,4584.759375,13190.159376,14666.637502,12414.296878,1199.315625,134.265625,10899.915628,493.7625,9236.50625,5722.840625,2744.2125
1152.03125,14296.521878,482.859375,8793.29375,3095.075,23.18125,2611.071875,2389.246875,111.984375,14319.678128,4632.671875,2034.5,416.3,1106.475,5025.846875,4675.525,4609.921875,328.103125,4322.584375,1058.7375,1255.428125,2440.23125,4418.6875,14565.537502,15665.196878,14302.068754000002,1386.121875,106.828125,12025.431252,480.90625,9613.86875,5053.9875,2545.9125
1272.515625,17892.109378,623.025,10055.309376,3196.646875,17.865625,2586.15625,2369.065625,103.1625,17363.084378,5370.559375,1909.934375,403.2,1135.0875,5788.04375,5450.03125,5323.4625,481.35625,4521.040625,1243.34375,1204.853125,2417.328125,4623.509375,18448.80938,19205.818752,17134.190628,1932.18125,106.575,15081.350002,464.98125,11009.703128,5397.525,2524.8875
1021.9125,22306.734378,776.228125,12346.253128,3366.73125,20.05625,2575.953125,2329.196875,92.921875,20789.143754,5316.5375,2624.440625,424.678125,1137.746875,6312.4625,5445.54375,5263.8875,527.728125,4511.740625,1626.60625,1153.2,2392.7,4719.584375,23836.743754000003,26015.868752,21030.306254000003,2705.6,111.440625,17365.765626,477.49375,13156.475002,6610.7,2512.759375
737.74375,20764.612502,555.703125,10930.171877,3073.034375,22.528125,2507.91875,2282.36875,86.140625,18841.284378,4270.540625,3493.86875,392.38125,1105.13125,4805.6375,4338.6125,4244.496875,271.64375,3893.575,2533.8875,1135.35,2342.346875,3996.653125,22347.968752,25781.881252,19410.303126000003,1619.775,109.8375,14581.221878,447.478125,11990.306252,5322.40625,2454.725
621.515625,17430.518754,484.59375,8892.696875,2917.628125,23.26875,2427.4,2214.03125,79.43125,15444.281254,3916.64375,3188.28125,372.2875,1093.8125,4250.4625,3964.690625,3895.803125,210.084375,3614.23125,2730.0125,1084.59375,2266.975,3707.871875,19032.106254,22618.296878,16037.362502,1417.090625,104.00625,11540.646878,429.609375,9567.878125,4420.990625,2372.6125
610.896875,14167.346878,525.81875,7682.653125,2951.45,20.615625,2423.64375,2201.2625,73.7,13077.000002,3786.6,2906.121875,355.3375,1119.2375,4032.33125,3811.7625,3774.86875,203.48125,3606.784375,2134.590625,1047.53125,2253.4,3636.05625,15189.387502,17900.040628,13411.00938,1304.790625,110.475,9840.565625,415.590625,8166.809375,4103.646875,2365.60625
852.621875,12168.621876,605.8375,6935.746875,3073.31875,22.490625,2469.925,2277.534375,68.121875,11421.037504,4151.734375,2347.1125,347.521875,1202.6875,4297.090625,4173.3625,4141.11875,212.3,3971.928125,1519.678125,1042.690625,2314.640625,3990.140625,12825.003128,14583.103125999998,11658.221878,1381.084375,130.815625,8853.8875,403.275,7198.415625,4119.26875,2425.6125
787.85625,11624.778126,733.190625,7463.003125,3228.146875,20.184375,2482.603125,2250.784375,62.096875,11790.746876,4458.790625,1885.7625,342.346875,1210.128125,4683.478125,4486.534375,4444.509375,234.584375,4105.0125,1126.240625,1007.753125,2303.70625,4215.0625,12151.712502,13183.840626,11642.793752,2067.7625,109.140625,9953.48125,395.01875,7692.475,4537.66875,2418.675
1416.178125,15115.465628,836.584375,8752.425,3033.278125,0.028125,2241.621875,2235.33125,55.45625,15535.265628,5107.83125,1660.015625,336.678125,1255.528125,5559.0375,5134.925,5087.359375,524.359375,4490.1375,1057.8,964.734375,2194.265625,4564.96875,15372.284378,16594.984376,15074.118754,2565.853125,102.953125,13532.215626,349.45625,9577.553126,5136.7,2232.325
1916.140625,18570.865630000004,677.89375,12452.528128,3004.371875,0.025,2300.6875,2210.603125,50.51875,18454.146878,5585.246875,1602.078125,330.225,1268.5125,6107.540625,5600.85,5563.428125,516.75625,5031.621875,1054.234375,927.403125,2186.10625,5169.025,19151.456252,19838.506252,18371.387502,2663.53125,107.1375,16123.625002,338.1,12644.378128,6062.11875,2248.5125
2095.1,25338.931252,835.603125,19285.703126,3756.490625,0.240625,2951.228125,2823.584375,44.921875,25848.543754,7037.971875,3654.9375,341.384375,1667.825,7585.7125,7098.25625,6990.65625,644.86875,6074.409375,1752.653125,1121.05625,2767.46875,6311.44375,26449.540626,28040.003126000003,25179.125002,2393.321875,260.69375,21987.365628,366.1125,19097.265628,6940.484375,2882.146875
1565.9,32793.978126,773.909375,21657.843754,4018.303125,0.1125,3237.74375,2762.534375,38.35625,33209.881254,6578.15625,7374.321875,363.934375,1574.453125,7375.025,6675.56875,6536.075,448.465625,5830.071875,2059.721875,1126.0875,2834.384375,6076.396875,33174.740628,34523.625,33124.143754000004,1968.0375,205.553125,25311.621876,365.634375,22570.956252,7744.309375,3054.10625
2597.071875,30974.021876000003,899.590625,17492.618752000002,4015.484375,2.3875,3125.021875,2672.96875,33.121875,28713.453128,7702.259375,7347.9375,336.721875,1590.2125,7844.596875,7670.371875,7704.20625,526.525,6740.646875,2021.046875,1042.25625,2673.28125,6903.140625,32675.146876000003,35517.059376000005,29335.300002000004,1345.628125,256.41875,20329.325002,358.578125,18312.881252,7150.678125,2872.146875
2969.546875,34335.240626,1959.009375,26037.203128,6616.2375,199.271875,4629.7875,3602.953125,30.396875,36030.631254,11080.871878,8913.38125,349.76875,2223.56875,11688.375002,11086.7375,11074.731253,756.996875,9977.478126,1713.40625,1307.7375,3912.121875,10305.803127,35207.987502,36209.059378,35019.296876,2592.928125,431.4125,27529.493754000003,455.496875,25105.693752,10783.656253,4243.796875
2705.1625,46206.550004,1605.06875,30536.38125,6973.409375,186.9625,5293.309375,3966.04375,28.5625,46717.884378,11121.250004,12415.515628,386.215625,2368.615625,12091.234378,11228.803128,11082.109378,547.928125,10072.565625,1363.075,1508.734375,4372.315625,10467.184378,46635.837504,47462.115628,46581.621878,2081.778125,544.278125,33894.084376,531.959375,31196.575004,12414.284378,4916.18125
3458.721875,47979.765628,2596.309375,28066.262504,8343.65625,192.40625,5725.709375,4217.978125,23.90625,47065.034376,13159.440626,14305.756252,369.040625,2774.253125,13153.90625,13089.325002,13162.796878,522.2,12306.146876,1186.246875,1371.309375,4745.53125,12522.446878,49539.150002,50551.918752000005,47091.587502,1865.19375,488.5375,31986.318752000003,495.6,29032.350002000003,12277.556252,5242.790625
3612.415625,57052.878128,2145.2125,35215.106252000005,7695.365625,148.83125,5479.63125,4215.7625,23.8125,57693.16250200001,13073.921878,17528.162502,405.9625,2705.975,14386.362502,13251.340626,13012.506252,593.91875,11800.453126,1104.48125,1426.578125,4604.45,12331.806254,58089.706252,58445.793754000006,57323.146878,3296.846875,545.8875,39870.990628,534.690625,35735.553128,15130.400002,5168.328125
3517.628125,56605.353128,1163.184375,29221.571878,7039.371875,136.34375,5868.6875,4688.86875,20.734375,52695.468752,11080.696878,16256.64063,387.25,2813.11875,11365.696878,11063.090626,11069.853128,426.134375,10708.753127,938.740625,1807.084375,4974.496875,10779.400001,58579.171878,60835.946878,54031.450002000005,2017.140625,735.1,35072.793752000005,617.3625,31390.8375,11650.99063,5646.46875
3749.965625,42056.531254,746.621875,25373.656252,6719.46875,49.39375,5919.171875,4870.94375,24.884375,39759.587502,11468.665628,11164.140626,441.86875,2854.20625,12101.762502,11545.828126,11438.884378,321.684375,10704.568752,776.859375,1944.465625,5053.684375,11028.28438,43987.2125,46515.021878,40381.74063,1613.240625,632.34375,28172.106252000005,774.796875,25901.656254,12324.090628,5692.8125
3903.109375,34124.375004,559.421875,21659.384378,6604.690625,4.046875,6016.984375,5193.5125,59.965625,31985.428126000003,12065.171878,7534.36875,627.9,2812.178125,13079.95625,12210.956252,12011.384378,813.33125,10769.750002,614.371875,2324.875,5254.8875,11122.25625,35306.456252,37003.559378,32662.028128,1133.7625,576.859375,24015.959378,1002.50625,22268.321878,12430.340628,5798.859375
2130.128125,30524.440628,561.821875,19283.600004,7159.296875,3.196875,6627.66875,5805.759375,205.6,28239.231252000005,9918.606252,5209.29375,774.571875,2736.8125,10980.568752,10026.1875,9878.121877,653.01875,9298.79375,465.24375,2805.634375,5979.34375,9414.715626,31221.475002000003,31380.825002000005,28648.487504,1403.63125,736.33125,22566.875002,1063.753125,20375.012502,11838.103126,6586.91875
3865.134375,27422.771878,1274.340625,18320.90625,9905.918753,109.18125,8686.503125,7906.375,835.675,25150.412502,13682.112502,4676.85,1577.39375,3772.065625,13598.475004000002,13590.131254000002,13699.306252,596.103125,13764.059376,371.09375,3997.575,8021.38125,13631.634378,30125.590626,31172.909378,25342.906252,1680.996875,775.978125,20106.137502,1877.821875,18000.718752,11989.443752,8633.246875
3217.2125,29538.14375,1082.540625,22900.925002,11288.675004,66.525,10191.125,9517.49375,1176.475,30023.537504,15017.115628,5280.0625,2237.23125,3857.596875,15606.765628,15085.809376,14993.803128,373.209375,14604.2625,285.903125,5567.240625,9630.071875,14764.118752,30364.468752000004,30291.812502000004,29675.609378,1556.4625,530.596875,24721.765628,2433.69375,23008.850002,15755.918754000002,10085.606251
3306.021875,31811.581254,734.290625,22781.190626000003,12252.225002,25.23125,11520.918754,10599.659378,1126.703125,31352.893754,15630.015628,6193.371875,2172.671875,3781.86875,15694.65938,15605.137502,15631.868752,261.0125,15576.412502,211.6375,6732.41875,10707.675002,15544.725002,32449.840628,32547.306252,31441.875002000004,1375.4625,650.378125,24789.115628,2827.8375,23131.596880000005,15426.115628,11314.990626
2796.315625,33125.025002,521.209375,24118.13125,12132.743752,2.1625,11631.218752,11007.568752,1316.625,34155.031252,15112.256254000002,8488.253126,2392.725,3469.9125,15587.971878,15174.009378,15092.334378,221.01875,14894.262502,139.709375,7494.534375,11021.565626,14923.362504,33320.678128,33113.496878,33707.115628,1148.53125,672.3125,25530.753126000003,3242.73125,24227.487504,15979.071878,11589.128128
4249.546875,44850.450004,592.01875,32781.043752000005,14956.390628,4.171875,14330.965628,12775.79375,1595.559375,49952.25625200001,19551.559378,16944.69063,2856.3375,3798.9125,19059.031252,19372.693752,19584.396876000003,407.546875,19461.190628,132.140625,8897.46875,12894.396878,19399.953128,44958.496880000006,42082.47500200001,47644.125002,1973.378125,1063.61875,33799.56875200001,3836.603125,31369.00625,17327.500002,13908.918752
5598.759375,87054.01875199999,707.18125,53737.981254000006,16969.581254,5.79375,16198.840628,14605.068752,1785.196875,87320.909376,23876.312504,22310.190628,3340.8,4130.175,24972.171878,23888.556254000003,23859.093754,892.578125,23109.550004,279.540625,10415.400003,14722.518754,23331.809378,89387.365632,85891.684372,87197.059378,3107.371875,858.0625,61810.803128,4265.76875,56030.121878,24749.565626000003,15564.093754
9513.678125,117600.59376599998,592.83125,70964.256252,18953.893752,26.2125,18309.228128,15811.618752,1878.178125,116166.3,30057.496878,27087.375002000004,3982.690625,3977.01875,31737.725002000003,30090.365626000003,30044.550002000004,1363.128125,29149.771876000003,620.196875,11608.596878,15975.5,29645.762504,123165.65,122334.16878,115816.95626,2853.79375,1685.128125,84812.146876,4548.521875,75318.31875399999,31197.871878,17525.253126000003
6279.265625,126808.90314,1386.15,77202.909378,20022.934378,36.571875,18707.362504,16639.218752,1746.571875,117582.35316,28562.171878,24043.550004,3973.690625,4184.1,31021.725002000003,28769.809378,28456.631252000003,1328.490625,26671.559378,828.49375,12147.418754,16979.675002,27255.768752000004,133224.11876,137905.3469,120369.67502,2913.296875,1136.765625,89744.97500199999,4676.48125,81974.200002,32269.237502000004,18201.559378
3160.453125,94396.071878,11291.431253,59051.990628,30606.093752000004,694.453125,19500.73438,18386.078126,1899.859375,88408.78750399999,35217.368752,15503.656252,4062.5875,6495.046875,35191.662504,35126.240628,35128.640628,1118.453125,33774.643752,3919.95,11717.662502,19027.465626,33622.231252000005,101198.668766,111716.89688,89749.20625199999,6843.881251000001,622.30625,71403.784376,4566.61875,61674.387504,32996.156252,19404.950004
2816.3,93113.231252,12111.531252,62086.981254000006,37710.628128,2345.8875,25611.703126,21595.453126,2036.1625,92705.987502,44495.696878,9011.85,4907.078125,6501.159375,48668.565628,45596.293752000005,44177.384378,1518.584375,41076.303128,10760.100002,14428.50313,24627.8375,41632.753130000005,97137.012516,110347.70002000002,92403.950004,15585.837502,809.934375,83540.53750199999,5382.68125,62936.70625,48153.125,25320.865626000003
1322.46875,86975.075004,16920.209376000003,57306.459378,42098.075002000005,1690.35625,25120.043752,22690.725002,1998.15625,83648.031254,45653.815626,5611.90625,5196.453125,8133.23125,47898.778128,46117.428128,45496.768752,994.903125,43808.718754,15327.112502,14220.556252,24675.671878,44209.943754,91206.518762,109879.3969,84484.05000199999,15742.19063,340.796875,77078.234378,5874.775,58814.690628,48595.618754,24989.040628
724.921875,69294.968752,11034.715627,45706.571878,37761.584376,1233.99375,26669.809378,25302.04375,2050.834375,62654.700004,39352.181252,3719.04375,5354.95625,10807.400002,40267.85000200001,39541.743754,39279.343752,454.63125,38631.025004,20924.225002,14340.825004000002,26567.865626000003,38759.203126,73234.26875199999,97270.01562,64808.481252000005,8830.784376,166.3375,57430.250004,6263.440625,46777.643752,40677.428128,26654.737502000004
2739.2000002,55109.075002000005,6135.49375,47157.212504,32950.27969,669.8375,26689.182814,25418.707816,1995.3406252,54701.210938,39075.495314,3860.7593752,5961.4046876,9015.503125,39852.665628,39241.740628,39013.525,458.5703125,36210.715628,13706.125002,16298.795314,26235.320314,37137.69219,56850.362502,72306.20469,54512.76562600001,5033.803125,170.5390625,51043.339064,6702.6000002,45941.509378,39799.16094,26456.962502
2605.9750004,66702.06875,3302.9515626,49142.85468800001,25512.481252,374.59375,22110.973438,20747.295316,1691.342188,66106.585938,31070.246876,5807.2203128,5123.4906254,6545.8250004,33013.957814,31432.539064,30957.640628,438.3390625,28693.710938,8151.3000002,14028.765626,21480.629688,29599.509378,67060.228126,74662.228126,66621.05,6292.2796876,154.675,59447.575002000005,5449.2578128000005,51401.75625200001,35368.110938000005,21823.909376000003
1335.8531252,50528.389062,3040.4093752,34856.321874,22905.317188,523.3921875,19863.52344,18713.412502,1518.2375002,46843.351564,25360.160938,4264.3796878,4422.1578128,5935.9093752,26167.084378,25488.865624,25315.964064,338.671875,24426.50469,5652.8562504,12413.870314,19574.934376,24714.032812,52595.63593800001,60977.6875,48054.839064,4043.9562502,145.6640625,41573.798438,4468.4968754,36402.389062,26979.3,19747.3375
927.0296876,40201.314062000005,2632.7234376,29180.187502000004,20635.889064,480.340625,17878.814064,16214.48125,1330.0750004,37507.684376,23139.284376000003,2898.0984378000003,4134.9765628000005,5133.3781252,24076.132812,23333.354688,23080.160938,231.521875,22051.959376000003,4493.8609378,10800.7656276,17182.576564,22588.551564,41674.406252,47215.534376,38262.407814,3419.0468754000003,139.8375,34029.69375,3787.6500002,29929.729686,24710.062502,17589.232814
701.9390625,33387.117186,1420.9375002000002,22596.982814,16224.107814,177.0375,14769.615628,14126.479687999998,1142.0359377999998,30011.176564,17575.150002000002,2157.1437502,3870.2437504,4591.8343752,18183.14375,17685.748438000002,17542.0125,205.15,17086.88125,4095.2093752,9414.8078126,14466.640626,17276.123440000003,35440.365628,41250.79375,31041.609374,2276.3593752,140.453125,26893.100002000003,3566.0625002,23671.759378,19068.857814,14663.909378
649.6359375,27978.443752000003,980.1921876,21361.871874,12819.476564,93.884375,11764.57344,10878.8484376,980.4125,27559.917188,14640.206252,2289.1859378,3079.3906252,3357.5156252,15561.323438,14830.160938,14583.582814,204.2328125,13820.954688000002,3474.4781252,7439.3406252,11218.039065,14210.129688,29370.646876000003,33999.984378,27662.026562000003,2751.8453128,120.7875,25096.4125,2758.2406252,21807.789062,16499.418752,11537.870312
624.41875,26052.700002,702.1203125,17055.68125,10102.0828132,71.503125,9371.9062504,8892.945312799999,951.69375,24162.846878,11386.239064,2935.4203128,2570.3265628,2668.7484378,12018.178126,11512.704688,11341.69375,204.7609375,10902.451561999998,2736.9781254,6176.3875002,9069.7078126,11093.335938,27126.504688,30813.534376000003,24860.262502,1749.7203130000005,115.996875,20572.110938,2233.6046876,18016.603126,12739.407816,9252.7890628
633.240625,21040.109374,685.809375,14149.54375,10603.3593766,125.9453125,9961.1093756,10107.8390626,881.165625,19546.059378,11023.117188,2758.9187504,2536.3203128,2890.6546878,11057.862502,11003.400001999998,11024.834376,204.1671875,11118.740626,2178.7750002,7199.7343754,10090.593753,10987.740626,21865.532814,24916.035938,20089.646876000003,1252.9765628,118.378125,16377.703126000002,2370.6984380000004,14599.55625,10977.595314,10033.6156256
665.0046875,18040.332814,737.215625,15415.389064,13209.018752,146.0265625,12501.396878,12347.573438,973.8453126,18010.220314,13774.406252,2240.2812504000003,2777.815625,3467.9703128,13699.901564,13744.607814,13778.154692,204.9875,13819.75,1707.3625004,8767.6828126,12470.214064,13731.675002,18389.896876000003,20476.087502,18009.260938,1091.4531254,128.2765625,15964.942187999995,2642.426563,14906.800002,12885.498436,12511.870314
677.7015625,20433.901566,1087.6015627000002,17611.457812,15269.534376,276.83125,14209.328126,13776.846876,1055.9609378,20312.992188,15917.309374,1769.7984378,2779.5093752,4301.501563,15891.148442,15895.215626,15918.828126,203.9828125,15922.6125,1441.2515628,9297.9781252,14095.609378,15861.765626000002,22394.039064,23504.432812,20212.940626000003,1361.7437504,125.6859375,18743.226564,2852.7562502,17322.954686,15327.712502,14183.484376
617.99375,22335.520314,1439.4187502,19331.82969,16819.993752000002,515.303125,15393.46094,14589.98125,1123.9187502,22232.170314,17479.632814,1448.9953128,2754.3546876,5954.7281252,17489.448438,17464.725004,17478.97969,203.5421875,17446.378124,1470.4078128,8445.0812502,15217.045314,17411.615628,24703.987502,27379.790628,22258.976564,1636.7593752,112.1640625,20864.385942,2658.5375002,19085.871876,17028.093752,15343.535938
632.8078125,23173.731252,1155.7531252,19285.626564,13288.553126000004,249.290625,12071.160938,11183.729688,1138.9718752,22867.107814,14950.109378,1265.6718752000002,2643.9593752,4384.5656252,15822.607811999998,15112.709378,14901.809378,202.85,14226.723436,2338.5671876,6674.776562600001,11615.78125,14574.157812,24268.465626,27286.521876000003,23038.526562,1215.2156252,122.696875,21453.470314,2355.9828128,19860.046876,16844.103126,11885.629688
614.9453125,21021.314064,975.3328125,15983.768752,12373.32344,159.471875,11429.440624,11281.26719,1010.1718751,19656.482814,12920.296878,1300.2468754,2707.4453126,3730.7671878,13177.965628,12941.018752,12912.446876,203.6671875,12885.865624,4890.1500004,7294.9500004,11508.926562,12822.19375,22043.318752,27686.087502,20151.059378,1010.6031252,135.965625,17957.32344,2565.5046878000003,16478.673438,13499.204690000002,11479.754688
1019.5593752,18640.526564,2894.2578126,18780.100002,17344.157814,540.0625,14438.521876,12698.45,955.8234375,19411.384376,18514.443752,1322.8250004,2618.4734378000003,4168.8265628,18130.651562,18459.478124,18522.076566,206.5453125,18445.825002,4482.9187502,8064.0750002,13739.062502,18456.831252,19112.1875,24280.399998,18979.61719,1933.8640627,443.559375,18820.907814,2500.1015628,17524.428126000003,16466.929688,14280.843752
687.0703125,25217.125002,1539.1234378,19452.887502,13957.604688,230.775,12364.731252,11810.871876,1004.8515628,25557.103126,15350.392188000002,1226.5328126,3126.1843752,3686.4390628,16091.634378,15478.051562,15312.545314,202.896875,14816.107811999998,3218.6031252,7963.170312600001,12135.01719,15039.434376,25024.829688,27539.529690000003,25753.796874,2837.1656252,181.5578125,23955.817188,2931.4562502,20440.779690000003,17230.368752000002,12305.035938
798.05,22200.476562,938.3421876,17070.71094,14155.296878,169.384375,13197.925002,12717.150002,930.91875,20713.828124,15093.865626,1088.7578128,3097.7203128,3421.007813,15209.520316,15095.098440000002,15089.550002,205.171875,14995.615628,2523.8125004000003,9173.1984376,12974.528126,14994.889061999998,23179.91094,26952.707814,21195.568752,1677.0250004000002,197.6359375,19298.506252,3283.817188,17222.428126000003,15051.854688,13136.096876
1406.8070315999998,21566.285938,862.70468752,18062.620312000003,14084.746874,173.48671876,13188.975002,12377.553908,838.5460937800001,21143.762504,15909.282812,986.07109382,2792.5484376,3073.271094,16163.450782,15952.16875,15893.471094,211.92343752,15631.85078,2250.8195316,9184.95,12745.325002,15719.978123999996,22841.157812,25313.775782,21199.35469,1773.4296878,235.8648438,20124.831252,3093.1312502,18126.314064,16028.320312,13036.789066
2112.2828126,23123.139062,1696.4515624,19084.801564,13615.71328,252.45937502,11899.235156,10649.291407,769.89843752,22966.997654,16587.000782,968.51093752,2346.2492190000003,3194.5265626,16965.346874000003,16664.292970000002,16557.838282,212.6351563,16001.054686,1998.9500002,7302.1468752,11162.744532,16264.749220000002,23823.76328,26369.342190000003,22993.445312,2670.214844,331.95859378,22031.474218,2594.2375,19097.135936,16849.010936,11614.653908
1026.64609382,23489.112502,1071.6617188,17394.28125,10958.862502,112.23593751,9831.6992198,9164.2937504,724.56796876,22301.359376,12953.929688,1014.5265626,2191.86875,2836.2625,13836.85625,13113.004688,12906.733594,211.45000002,12241.068752,1968.4039064,6223.7453128,9435.0773438,12583.020312,24147.92422,26611.189064,22803.978126,1802.4820314,153.94218752,20768.276562000003,2418.9046878,18256.932812,14969.801562,9675.0742196
599.47109376,19450.698438,787.36718752,13854.836718,9029.978125,75.4125,8216.8578124,7734.8500002,692.55312504,17687.70078,10261.4695318,990.0390626,1923.3507814,2454.678125,10860.619531,10363.8109378,10229.7398436,202.04765626,9799.0054688,2205.0351564,5210.5882814,7920.242187600001,10000.4367194,20952.377344,24628.728124,18278.188282,1151.8015626,114.86875002,16217.320312,2133.4398438,14529.432814,11533.382814,8100.2875
595.5945312599999,16107.308593999998,757.3031250199999,11984.25625,9205.0429686,66.94296875,8466.3093752,8511.330469,655.95859378,15168.112502,9791.9171872,930.38828128,1998.8296876,2304.4359376,9940.113281,9795.7960948,9787.3531256,201.90156254,9746.3804682,1883.69375,6171.111719,8497.5609374,9705.7765634,17087.210938,19915.61875,15510.689844,1400.9125,138.54687502000002,13994.620314,2296.134375,12273.620314,9929.1132812,8500.8148438
611.19375004,14723.678907999998,638.29687504,12681.831252,9983.7531248,73.54140625,9297.2132802,8512.378125,615.7507812599999,14511.975002,11060.741406,866.9046875199999,1836.8429692,2032.1718752,11215.017188,11083.296876,11048.334376,201.90234378,10774.3289042,1488.217969,6369.9132814,8825.7921872,10895.260938,15152.409376,16990.532811999998,14602.744534,1153.5367188,144.17343752000002,13676.853906,2052.3757814,12426.355472,10840.742968,9123.8976558
1185.9554688,15421.95625,793.37343756,12403.44375,7916.999219,88.278125,7093.7226562,6290.2953128,579.77187504,15370.142186,9996.7375,814.92968752,1515.0875,1870.30625,10350.92969,10067.8812512,9964.6296884,207.57578128,9337.909375,1183.0203126,4327.1132816,6552.4078126,9572.8187502,15641.884375999998,16646.184374,15481.570312,1471.3078126,231.87421878,14487.446094,1574.9406252,12835.360938,10653.441408,6876.502344
1326.528125,15867.250779999998,1396.3757814,12147.523438,7672.1625002,82.325,6250.4273442,5575.4234378,545.3289062800001,16146.479688,9882.9023448,824.36875002,1317.4890624,1801.6632814,10367.2414062,9984.1140622,9844.0382824,206.01718754000004,9205.1812502,978.17187516,3697.2750002,5757.050781399999,9463.790625,16083.519532,17065.3875,16083.621874,3178.3132812,259.42187502,15436.288284,1363.7664062,12180.613282,10471.62422,6053.4335938
1205.7460936,16740.045314,920.10703136,11237.621096,7309.7593754,87.93671875,6371.400781599999,5668.0546876,506.58671878,15978.560938,8983.3921878,879.2554687600001,1205.0421876,1865.4625002,9295.627344,9029.3593752,8964.946094,203.43828128,8640.448437399999,917.31328128,3703.0664066,5880.417969,8761.1625002,17048.253906,17981.353905999997,16336.572656,2668.2820312,296.35625001999995,14757.810938,1344.7617188,11622.29375,9511.977343,6186.184375
723.88515628,15087.703908,667.92109376,10545.151562,6105.1328128000005,68.33203125,5386.849219000001,4759.5070312,460.50390626,14432.361718,7616.6289066,877.80859378,1099.2085938,1574.9695314,8251.5437502,7732.1953128,7580.235937799999,202.19921876,7055.482812600001,963.95078126,3117.1484378,4968.2218752,7313.6351564,15480.893752,16814.792972000003,14713.110154,1946.3695314,157.24843752,13295.335158000002,1184.9515626,10902.326564,8814.465625,5216.9953126
1170.5953126,13316.973438,631.6265625,8930.21875,5543.1843752,44.0484375,4909.7109376,4349.0640628,410.521875,12211.290628,7075.4437502,839.8296875,1007.2484376,1471.7140626,7240.1937502,7089.0125,7064.4343754,204.2734375,6823.982812600001,971.359375,2810.2093754,4466.2796880000005,6894.5000002,13826.071873999996,15258.990626,12634.79375,1280.3125002000002,283.9359375,11022.762502,1088.6453127999998,9312.0906248,7287.439062799999,4748.7203128
964.6000001,11750.640628,643.2703125,9024.6609376,5439.7000002,61.0109375,4775.4015628,4192.0171878,362.4375,11429.906252,6914.7375004000005,784.2328125,930.55,1454.6968752,7330.1312502,6985.2140628,6890.8062502,201.515625,6535.3515628000005,929.96875,2632.3765628,4364.9453126,6695.4812502,12138.884378,13283.900002,11540.443752,1239.3671878,253.83125,10573.764064,978.1671875,9093.1656252,7459.9750002,4639.5625002
645.5,11500.346876,546.3,8286.2234378,4884.8343752,57.015625,4312.8640626,3768.4859376,316.4890625,10896.179688,6028.5984378,737.2296875,862.3125,1294.2187502000002,6455.4296878000005,6098.2921876,6005.1359378,200.9890625,5670.6015628000005,851.1171875,2379.2828128,3964.5671878,5822.6156252,11929.143752,12962.353125999998,11149.3125,1001.9234377,166.6359375,9940.3921872,880.9828125,8609.3250002,6744.9437502,4190.6562502
574.771875,10438.298438,497.5953125,7345.473437600001,4279.0968754000005,39.390625,3775.8437502,3477.1734378,272.728125,9832.2562502,5179.0296878,697.8796875,797.0203125,1215.6343754,5542.6343754,5229.3828128000005,5161.3671878000005,200.628125,4931.6046876,765.93125,2200.7359378,3574.3171878000003,5016.6671878,10805.437502,11856.278126,10089.5390646,881.278125,121.0859375,8911.2625002,815.5546875,7699.0250002,5859.0859376,3708.778125
571.9453125,9801.578125,511.0703125,6827.117188,4217.757813,43.671875,3704.84375,3432.5625,248.3515625,9128.5625,5017.320313,674.546875,760.484375,1250.539063,5276.242188,5046.3125,5005.28125,200.5,4843.148438,718.0,2117.4375,3529.375,4891.0625,10139.80469,11109.10156,9411.65625,846.4375,113.3359375,8227.765625,782.8125,7082.117188,5392.414063,3648.382813
