BM,BTG,BWQ,CLJ,CT,DMZ,FSB,GGS,GTQ,HK,HLS,HMS,JJQ,LJG,LK,NJG,PS,QJDQ,QXC,SJY,SMZ,SPY,SWB,SXC,WC,WHK,XH,XJX,YJ,YLJK,YSG,YYL,ZT
8.054318447,6.405306475400001,6.297781056,3.2152446240000003,0.0270343634,0.5817962962000001,0.8745984474,0.7892989902,1.5698554434,3.3496484878,3.6595243844,5.234428276400001,2.9678174198,1.968631389,2.6612733036,3.3634948446000004,2.4291606904,2.3832121166,0.2889478232,4.384348603,4.851675014,0.3121604102,1.2313125214,9.8554988172,3.5795635344,5.3908340814,4.947671429400001,2.8771013956,1.8335760116,2.7900442436,3.057796452,4.7378647512,0.1140554046
3.860288186800001,18.591759849,9.8808357812,2.6665986698,0.5313347220000001,6.1079162734,0.954680507,4.4502772346,3.6687749246,7.335531345199999,12.445519777,2.5474673978,0.9089196848,5.9615299034,9.2818759398,16.2989899076,16.9278432316,12.2398420498,3.108418592,7.020131002400001,1.3365808896,5.306635613,10.8828101032,14.395448296199998,5.0326164524,7.6349885262,7.948388467399999,2.2249097188,9.9079336598,4.170273981799999,3.6134283708,1.4291804846,2.8169117254
1.5926972592,2.8323358462,0.9026743372,0.172837238,0.4132898292,0.9271599824,0.291133135,1.742131173,4.1982738932000006,3.3367688506,0.4217582428,5.0468901074,4.334535668199999,3.8155992358,0.1538461934,0.2657985506,0.1310384918,0.8833663944,0.2530461868,0.0094209564,4.1803780648,1.5679469286,0.546891764,1.483770011,0.043554675,3.271679063,0.0602730165999999,1.1823861208,0.3753943711999999,6.3742791612,0.5837719516,2.2993889728,0.30202149
13.311388139600002,14.9870781,7.651847182199999,3.2984757158,6.03978338,8.927571321799999,3.2698838474,16.6474253288,3.6834005034,10.0228900932,2.42334057,13.1633753122,3.884039487,5.58607104,7.587133448599999,6.788449269,3.7489869822,7.752121144999999,13.370678587,2.3617241064,7.3159398178,10.804300741,5.8704481152,8.062144116999999,3.7679727848,12.9140968916,6.6571678168,6.6414812392,8.7494844504,6.364611256,8.9625495868,8.7253544452,6.9176510036
9.9535403056,32.7083328346,4.769726308,24.2481159652,7.969012429199999,1.6226591982000005,6.9116207808,2.5287080152000003,2.9618601658,21.7236471602,3.6182999712,16.9866188534,8.779559042799999,3.119338287,3.7434558328,2.1620719416,6.135656254,3.258075615,7.279068709799999,3.9494338508,8.3800955058,3.8185138146,7.222394902,22.2353560562,9.5037300642,18.682202824,3.6618572556,8.0487665486,8.275053552600001,6.609314673599999,26.2377642966,16.3811030832,5.9509020034
7.735894943,7.768802987399999,4.3582764994000005,3.877602277,10.8062311802,6.167916368599999,9.6148050332,3.6522687792,3.704075191,6.4536349916,20.9590241682,1.3490571338,6.3464569884,5.758120592999999,13.759278348,15.9865877642,21.1677880814,21.6193737232,15.912755916399998,32.6464623946,9.8641502522,7.032545454800001,11.365390423,11.258930945,13.5306160352,8.2647138192,7.0072060234,13.020081482999998,11.1010941904,7.578699406,4.5272164292,2.0069874802000003,8.7315172992
1.820620831,0.8974407912,10.8416019154,1.0615677419999998,9.2464858514,3.0819026506,1.2720895392,1.6244096792,2.2415620494,1.0999016041999998,5.582697176200001,0.033897705,2.2280326242,3.7550009292,3.9162114284,7.142036241,11.2347629532,14.4832244306,7.8431785184,1.700609704,0.8666167118000001,0.7642791416,10.3003568188,0.379900604,1.8952722010000005,0.0890138118,6.642621865,0.6332458759999999,4.9156375866,3.5725172494,1.4514113556,0.4107549564,0.1564517394
11.5823467086,14.296833758399998,15.661509502,5.497060973,14.0913965368,19.0384344984,14.8156392054,10.7037655652,1.7514549551999998,8.1083008506,4.103021654,6.2257484958,4.278779097999999,7.7120654204,7.3007812328,9.5301249792,2.729198363,9.761661347,12.451362705,15.556152823,4.7431927406,13.7344830676,5.788081505399999,10.5621161296,17.509784443199997,10.5122919356,8.0155366136,14.380777557800002,11.0702568814,2.6173862878,9.8929665628,5.0291854722,10.4169928824
2.9714155068,1.5391725474000002,4.7619519966,1.517765573,2.210670637,5.3027087436,1.332809521,6.1915252052,4.2880338342,0.5412538285999999,7.025865414,1.8557623156,1.8722809854,3.316442473,9.4259660458,15.8642480462,3.2835637098,7.3694004854,1.2045348219999998,0.2279749068,6.6148396824,2.6102525036,0.9141122204,1.9302922704,0.4986169709999999,0.5214608199999999,7.9302527166,3.6178086344,1.4034527428,1.6540419333999998,1.1218035976,1.9293746754,0.3863246662
2.5438613972,12.1139237158,2.8272530978,0.8925017216000001,0.65729378,2.211939138,1.4728412454000002,6.529360466599999,2.6576416928,0.8283552746,3.4043584988,2.1210939816,5.3323750888,4.0399246744,1.6242480468,3.4897378841999998,2.2609272022,3.978374262200001,3.0243796236,55.481450156,7.1869282522,2.1090627426,2.1378572362000003,24.3071444318,41.6739145274,1.9037983346,1.6739250038000002,3.9613664746,0.8459044262000001,4.0949285152,2.110715765,1.1713132655999998,3.1758094142
0.7709962276000001,1.0628335166,0.0808566052,0.262884491,0.045799608,0.0630723886,0.0259987648,0.0007050894,1.631898189,0.8922542108,0.4268919438,3.100464604,3.1328649692,0.7014801322,0.0132744786,0.0692740824,2.2873075824,0.6903567808,0.0237439495999999,0.456380096,4.376443264800001,0.0174823166,0.4895288582,0.9344444468,0.732974463,0.4621009778,0.6526454831999999,0.0238115107999999,0.3132479322,3.0494382164,0.3858931324,1.4616342714,0.0
1.5633938666,0.1554128598,10.506900539,2.5671111528,2.1803478404,10.0252075776,2.7457213014,3.5738473576,3.8702177762,1.6702783348,2.1294055932,3.0628373666,0.7656225969999999,6.4132953076,0.3227009429999999,0.5211036752,7.197566678800001,1.3533022897999998,17.6642244478,0.1786835534,1.1012173648,3.0575911198,9.8738641794,0.3358543163999999,0.0222960847999999,0.1345724914,6.763101820200001,6.4497190822,0.387480916,3.2671981020000005,1.7544528818,4.095161087599999,1.8994768986
15.757805622,26.5291487094,4.0563847464,7.993814473,12.5516655108,4.3236515268,16.1005638402,6.558628907000001,4.3853873312,29.151284871,22.8284545696,9.997941114,8.1578816174,5.3905414244,17.0271256372,19.0055178242,19.3323961252,25.0226741796,15.085924229,4.9666295664,9.7045754914,8.4156955628,23.5413269558,20.2555795982,9.663484133,29.7808765308,16.8208288864,15.731758958,32.1424478792,8.483644220799999,15.2879212138,10.9794352316,8.486979511600001
5.7524911242000005,7.2136775134,5.1337726308,5.5503222378,4.6359044648,11.0039683816,3.9165662382,13.0917507454,2.13456252,6.559702019,2.949798793,12.3725889122,9.146577009,7.226283760399999,3.8834595918,10.260518436,0.9555729832,6.3446693744000005,2.2866237638,2.7342781784,8.3122984318,6.8337995466,1.7078568744000002,9.0703748484,5.9530135204,8.0397601816,1.446920513,3.9958972118,2.5564943434,6.0248843342,4.913269242,9.0171033502,2.4342295226
3.0636143626,2.1209513074,13.1342483618,8.075941739200001,6.4509435022,12.0485839332,2.0798715468,6.6446119686000005,2.4693833512,4.822010562600001,8.6649656252,2.5164782536,4.0955053618,8.2227643922,8.1298526508,11.1021219492,9.4262567074,10.1798089634,10.2425501024,1.4383071856,3.0396335026,3.3767368882,18.1241924156,2.0339380914000005,0.9919825296,4.5335470434000005,14.439012547,1.8343979818,7.8477930578,4.939753842,6.4695690666,2.0703763572,0.8642402052
9.4364504478,11.3851658846,8.0407764162,19.330600467000004,21.0500045176,13.5487151426,16.16495816,8.1119168554,2.3039184326,10.7305402774,18.7535670692,5.8356368738,9.6739168834,10.3100835062,8.342774348599999,13.0910162242,24.6345364796,13.3822577006,20.1357900916,1.3299204262,7.4236392674,12.6031378534,19.6154739244,9.9103974944,6.3228204288,6.7367633682,8.0303982466,12.7885940526,8.337756434,9.9389346984,17.2196109488,8.200517145800001,11.786616751
0.2511020452,1.5346797948000002,7.446472082600001,0.0542679148,3.883776868200001,3.3474558148,1.0026370042,1.896654867,3.5756298954,2.1287041274,2.003286757,0.6227751890000001,3.1451334356,4.1865901434,1.1794413208,1.439690483,11.7574739458,1.271601355,6.4443377058,4.9041546822,2.510000012,2.9492022392,4.9005312946,1.0407788174,2.136363248,3.2147164908,13.6225026736,0.2091586332,0.750421277,4.007787472,0.5955563648,0.8480885564000001,2.9621273758
2.0042356256,0.867435947,14.2257712674,0.0271664821999999,16.849998502,10.5297529884,3.6119222576,10.5550052772,2.5581928172,1.2118629508,5.484353357600001,2.2935309826,5.133295798200001,6.606080444999999,0.5432472838,1.821275953,12.6687171326,4.3223290054,11.0373495296,2.9232964868000004,5.5470052208,9.4361783508,9.5703215694,0.4882856828,0.5334882216000001,0.8556485053999999,10.6820155282,2.0981704778,0.953328244,6.751292207400001,1.0068470476,1.7504766086,5.721288954
4.1396228044,0.0127648806,0.4558101518,0.0031276081999999,10.0812277686,0.7561838186,10.2591016962,4.6975517128,0.2842647618,0.0038185942,0.7810968624,0.7854006598,2.9830797364,1.1758744374,0.094685198,0.624242729,0.7393820038,0.8530599622,5.1207263046,0.0293179174,1.6618883752000002,5.3299779216,2.9396658384,0.347816896,0.0722595382,0.0061086471999999,0.0024277904,8.9464023036,0.0207034156,2.797703566,0.0008652877999999,0.286155562,7.5029828042
10.0485294484,0.6570986728,11.0936774374,0.0062391242,12.0366825706,18.4383168508,9.408268327399998,4.590215151200001,3.3599279296,0.0148124757999999,1.2577899796,0.0988032526,2.3790558504,6.6697795512,0.048269767,0.3914254618,3.7674902206,0.7244039219999999,9.5976306014,0.7394276012000001,3.8545009878,5.7533826434,6.0769479632,1.7435119342,0.7423853688000001,0.0100993753999999,4.738132502400001,5.3296195762,0.016633001,4.347097377999999,0.0005886004,1.7740891298,3.814726557
5.112097586999999,3.4213762114,5.9605656714,7.091444306,9.702379503,2.1600549205999995,8.173702566600001,4.158844873800001,0.7560764175999999,7.405257258000001,8.7447559126,1.3411087456000002,1.9592282686,3.0185823214000003,4.043487692199999,5.798422404,10.8231597278,7.7491569172,10.4397127026,2.2503515920000003,4.0940703858,3.6366558314,7.091543749,3.0780119524,2.363557604,2.6669398412,10.7254093052,7.188951122000001,8.2985896972,2.2030833094,9.4549510862,3.7649488422,3.401734934
0.01926336,0.3426821754,14.1833604384,0.2278440368,0.0946687716,11.9072579562,0.0785437478,2.0514598922,2.6760435976,0.2574802556,1.6678980932000005,0.1994836984,1.4523686744,6.644115057799999,0.3844823802,2.8618008028,0.2818913825999999,0.2684580746,0.3625188126,0.0020643546,0.6293733890000001,2.0516405986,0.00895653,0.0292806226,0.0083885518,0.2048583828,11.446817397,0.0688251114,0.6310875438,2.5700701548,0.4617725293999999,0.2450611572,0.9995156188
0.5611837984,4.6944209558,3.3153144412000004,3.316225,0.360162572,0.5874207428,0.2712617052,0.063165009,0.1948865377999999,4.670037219399999,4.2008945396,0.9229773220000002,0.7435678962,0.8708776438000001,6.1013164114,7.0022112414,2.0852756334,2.9285256466,0.37835425,5.678231129799999,1.3012088152,0.1600227234,0.951657986,3.764247259,4.670830878399999,4.0443204962,5.3039760868000005,0.0251163674,2.2742014086,0.526580166,2.2776738678,1.6694011928,0.1845410558
0.363356467,0.057810263,16.5827454848,0.0102335244,1.3751615918,6.587691390399999,0.6328744129999999,0.9490937024,2.490880745,0.0174254208,0.5276168608,0.052535679,0.3619972788,3.8192588582,0.0752882224,0.2780676029999999,7.280661390200001,0.3210854064,4.674553066,1.4525725202,1.1139584016,0.7080109412000001,4.681556240400001,0.122197145,1.0532404364,0.0045366916,6.635932177399999,0.4390232472,0.0146162702,1.6062609896000002,0.0373099558,0.0366389288,0.1317933806
6.2340035726,0.7194012320000001,3.1117208708,1.2744138022,4.5536450004,1.3697711152,4.9946699008,4.647637534799999,0.6465938282,1.8921630504,0.901914721,0.4003929996,0.5139367366,1.7381294186000005,1.894413644,1.249973386,3.7712650652,2.6352500338,5.4479131912,3.5390572112000003,2.2366766734,5.543062011,4.6941016832,1.79567745,1.4536767802,0.0357820988,2.533530651,6.0064980864,2.5299668988,2.5366673574,1.4898066982,4.8252822134,6.2131112714
4.6185386602000005,8.354884896,3.069830516,4.395111975800001,7.5766402308,1.4349343013999998,6.440715766399999,2.8316186824,0.0303291429999999,5.753374622800001,3.5656118334,2.2518063906,1.0894516374,1.3173505392,2.2932595398,2.0582859926,5.7457307026,3.7361354968,9.434234531,10.312572602,1.7052733772,3.8636510188,10.0320415288,11.4885246078,13.1243370522,6.2061443296,5.296939590999999,4.030999717599999,4.6897313524,1.011907056,5.255795910800001,3.7832296166,5.758207238999999
3.4147334532,3.9784455354,1.397569876,4.0222035696,3.6002645708000003,1.8074770686,4.736583449599999,4.1704955248,2.1868770448,3.3878285532,2.773662969,4.3992663846,2.7687199110000003,2.014471121,2.8875859694,2.8733098592,1.26132369,3.2978508666,2.3062192006,0.2768342876,3.8060960764,4.6611248822,1.3918445562,4.6791295528,1.583056681,3.4920539264,2.764035244,4.9621656526,2.9018441848000003,2.7644981066000005,4.269247514399999,4.89367991,4.56415652
0.1333857338,0.0008165393999999,1.5493383744,0.0030131256,0.213015611,0.5123865517999999,0.1368981199999999,0.7586553866,0.126069716,0.0003881352,0.357416416,0.2591181582,0.033059087,1.2505056492000002,0.086531501,0.2963743566,0.4775633968,0.2666320078,0.2512502573999999,0.0,0.3047516014,0.4666452702,0.2450371457999999,0.0298621271999999,0.0018457188,0.0044320962,0.597853348,0.2747366066,0.0159050052,0.3518030014,0.0009565935999999,0.0208693502,0.4472158659999999
3.3434889506000003,0.005872522,1.4979768644,0.0060929183999999,4.6397800002,3.0960980988,3.7483401026,2.2423792042,0.2256919735999999,0.0028830088,0.3070383202,2.0048715562,0.3815444639999999,2.1349378962,0.1164907952,0.4122993026,1.0454021704,1.0388757028,3.3800925696,0.0,0.571370943,3.7398186364,1.9752551506,0.0006525012,0.0,0.0006211546,0.0886099222,2.8955274268,0.0147962841999999,0.760034581,0.0150805934,8.319062241800001,4.0965922754
1.152444958,1.5757114582,0.6196079040000001,2.8601322908,0.5306689578,0.7995413362000001,0.7409509596,1.4973165286,0.0771191534,3.18948311,1.5519159102,8.386564183800001,0.0028067806,0.8219597294,0.8265826791999998,1.3404575972,1.8892684634,2.1735912262,0.5586572944,2.6362697578,0.1187452354,2.298208407,1.6068931037999998,2.2096956698,3.4379632648000005,2.5535622948,0.6572679576,1.1347952206,0.653221975,0.1483703356,3.0121431668,6.1458409484,1.3246568196
1.0575930298,2.8401179712,0.2779755808,5.169670666,0.1924612454,0.2320491822,0.8581807465999999,1.6782227162,0.0011393663999999,4.5869754512,3.5694409558,3.099634977,2.86682e-05,0.706120427,3.4867247966,3.4765386633999995,3.5627471732000005,3.3810320018,1.249331536,2.3423117600000003,0.2980073968,0.8005829076,2.5871988756,2.4142719572,1.8953570716,4.456296865600001,1.3687816096,0.4862686432,2.5858301626,0.0118364085999999,4.2861210756,3.2421146703999995,0.1603568352
0.7484358844,0.0,0.1909056988,0.0004200139999999,0.2365091868,0.0035773708,0.5504707956,0.0,0.0026189738,0.0043737172,0.1042948896,0.2408698107999999,0.00479387,0.0962892792,0.0057579464,0.0377764236,0.255914982,0.136910633,0.8839920584,0.0045571716,0.4356054613999999,0.000827273,0.9667394736,0.0003078944,0.0002822026,0.0,0.0776665036,0.2510682888,0.0045463554,0.0159716708,0.0035546349999999,1.0858673458,0.0
2.4086561576000003,2.9395477472,0.9407455474,0.2792714838,3.667576441,0.8535756473999999,3.2382064346,0.9264387882,0.002306801,2.5977617216,1.1106596394,4.5888897204,0.0062056433999999,0.3900022396,0.0265665818,0.2925188348,2.6893329958,1.7264694028,3.8545157512,0.8496751981999999,0.1662077738,1.8403982216,4.0842415482,2.314840825,1.417724863,4.4119333130000005,0.2413677796,1.7004360398,0.2257815771999999,0.0631834274,0.7292650514,5.5474277034,2.4633453878
1.2066572702,0.5509999195999999,0.0862360384,0.0,1.8453737314,0.6753863069999999,3.2103600658,2.0592450052,0.0118772754,0.3211030414,0.0353009676,1.536985555,1.0056725648,0.5541963532,0.0,0.006211199,0.0133040176,0.0389760912,1.3885702992,0.0,1.2406607444,2.2489383944,0.49174096,0.61853371,0.0083874372,0.961330699,2.3226800000000003e-05,1.9469871672,7.449e-05,0.984303606,0.0136789506,0.7880555758,2.7790060434
0.3520506914,0.0048854286,0.2724536498,0.0,0.4457125478,0.2070991924,1.0538636304,1.2318991758,0.00094295,0.0176935397999999,0.0970074762,0.0304434871999999,0.0118988172,0.1410387578,0.0066572622,0.0142436968,0.3852831858,0.0797511584,0.4681228808,0.0,0.4139186572,1.1617265418,0.3795565764,0.048094104,0.0059075522,0.0090303246,0.2838622378,0.8183563530000001,0.0147770578,0.0433595903999999,0.0009913048,0.102480049,1.2231313014
0.0010783262,0.00033,0.0008035034,0.0,0.0,0.00015046,0.0002499192,0.0,0.136356841,0.0,0.0326072308,4.04586e-05,0.0099364698,6.13126e-05,0.0,0.0077420827999999,2.76164e-05,0.009878727,0.0,0.0,0.0103164512,0.0,0.0,8.25558e-05,0.0,0.0,0.0,0.0,0.0,0.0018004282,0.0,1.5664e-05,0.0
0.7264634917999999,0.0002706926,0.8267545030000001,0.3701971354,0.62095388,0.4492753755999999,0.7334572446000001,1.2593975914,0.0531787836,0.0111070007999999,1.2748267188,0.0010547898,0.0519800028,0.3746064664,0.5912495922,0.9821564482,1.1187343802,1.3104735838,0.5762735754,0.0334945876,0.0598723174,1.2569373654,0.8498984638000001,0.0226328114,0.011736848,0.0,1.1621075851999998,0.6494181643999999,0.5847681083999999,0.1395538472,0.223094995,0.264344789,1.0056214832
1.382076894,1.3475916066,0.1259693274,1.2515078396,1.1440887928,0.0607791976,1.149605156,0.9388185968,0.0,1.0878169286,0.7035878802,1.5355122726,0.007821308,0.209023321,0.1957427014,0.2242412228,0.9493195716,0.8969000422000001,1.5459336,0.7668838001999999,0.3398573332,0.7045353282,2.3409755234,1.5904465606,0.7908393508,0.8307962412000001,0.0383267602,0.8692588920000001,0.7883483204,0.0657595012,1.0245017302,0.6751010994000001,0.9375714662
0.225869014,0.0305739348,0.0626556044,0.0,0.3046618694,0.0064323038,0.6257337521999999,0.1998045426,0.0021575118,0.021844227,0.0513765368,1.822375356,0.0,0.0016247008,0.0,0.0110634662,0.04421894,0.038520592,0.6209759762,0.0,0.0122747412,0.4112067518,0.4897883194,0.1751581784,0.0120093794,0.0129298556,0.0,0.6481606122,0.0,0.0070786054,0.0,0.3709033156,1.0445498146
2.1207966012,0.21404739,0.6243731586,0.8241381501999999,1.6522633834,1.4140928220000002,1.6740109344,1.7401655096000002,0.1063989743999999,0.2123772209999999,0.6508050076,0.4871749106,0.1048624106,0.5106905758,0.4004783388,0.6092594562,0.6905625331999999,1.8227801548,1.3574789154000002,0.03853873,1.401259159,2.3653681276,1.3569796062,0.2941093464,0.0071384002,0.166226543,0.3000760586,1.7287273319999996,0.07490969,0.1832885902,0.4029275286,3.1269378782,2.3203100938000003
0.3454210035999999,0.000383605,0.1689948325999999,0.0047026966,0.050767723,0.218457196,0.1386630846,0.2507691526,0.2917250757999999,0.011887738,0.0612435702,0.6854670532,0.056260677,0.0912347652,0.0,0.0109429714,0.0006051912,0.0325731858,0.0073007038,0.0,0.535880091,0.3489773704,0.0,0.000310572,0.0,0.0,0.0004231849999999,0.2938488306,0.0,0.1115332366,0.022918841,0.8078098457999999,0.1896410034
0.645497171,3.1666126214,0.0100302922,2.5182840174,0.0488705958,0.0483640026,0.279207683,0.0184213536,0.0494610398,2.7689407754,0.631968733,0.5135925772,4.08112e-05,0.0159682344,1.186137777,0.9195651378,0.3241470784,1.1466712676,0.0676029174,6.1984449576000005,0.000180469,0.0426718024,0.0537966972,3.4695542624,6.012397537,1.8828170584,0.5283762908,0.2542044968,2.1678647292,0.001556614,2.2796435308,1.2097019532,0.1041966602
1.7135115386,0.8125144918,0.0454098736,0.2734705625999999,0.0690812018,0.039963709,0.6239445137999999,0.6962519952,0.0398287464,0.479227589,0.4700800121999999,1.7721464538,0.0,0.1071107694,0.1020772212,0.2941401528,0.1420141808,0.333776855,0.4349568016,0.0650839166,0.0410655875999999,0.6382617446,0.272812933,0.7193303232,0.1461967566,0.7496302706000001,0.1151832796,0.9916377,0.0601789702,0.0027998144,0.1486675942,3.9890856506,0.2402734046
0.3760530678,0.00731517,0.1048435725999999,0.0441812842,0.0051905844,0.1402773154,0.0721762828,0.5735502373999999,0.0263140714,0.0167246464,0.5945179326,0.0900911874,0.6007521123999999,0.3692008787999999,0.1784960522,0.3873511624,0.495635087,0.4370977986,0.0454207306,0.0,0.2192960184,0.5125487078,0.1926184042,0.0174369088,0.0008286821999999,0.0051971396,0.150081372,0.514048071,0.0789993012,0.1408645698,0.0908813726,0.2199658356,0.1450147104
0.963295247,0.0,0.0737297004,0.0,0.0374408972,0.0,0.0378466534,0.0063277464,0.0261807163999999,0.0591105654,0.523671983,4.1849239832,0.1114822556,0.0921424892,0.0327751234,0.3434028128,0.4541664808,0.4268933091999999,0.1446197146,0.0,1.1745329946,0.0228173914,0.3222379218,0.0002934169999999,5.70184e-05,0.0074610736,0.0113253766,0.2412105625999999,0.0,0.2894449718,0.0315747442,4.1267072724,0.0059805768
1.7034008678,8.066929590800001,0.4821360244,7.611587563,0.9098895156,0.2912347805999999,1.0330428187999998,1.2320987656,0.038626205,8.542660136799999,3.5643725504000003,5.4849793778,0.2545942198,0.2335032278,5.0188124402,3.9019669892,2.4632951696,5.6655264754,1.6696842036,4.2202530214,0.4344527654,1.5299800162,2.9933635212,7.0004263568,5.613519517,10.0219492158,2.2196517634,1.0421342226,6.1186007246,0.0273915328,7.667616052,6.891979598800001,1.7950787264
1.4622581434000002,9.811984762,1.2040475462,11.0415200086,2.6264385306,1.9530518462,2.2953659518,2.1806469948,0.1296338533999999,11.079216205399998,2.5892989984,5.65382907,0.3741539766,0.8972397649999999,4.289715684,3.4585647102,2.1180878814,4.3493754246,2.259181554,2.139111762,0.954746387,3.8926714896,2.4230175974000003,9.178934252,3.6537431806,13.061491705200002,2.0393276246,1.9682994568,4.631952728,0.2593672102,9.5896397058,6.519687073,4.199914651199999
1.6670937952,1.2511877556,0.2305942353999999,0.70773749,0.9342914988,0.9090329572,0.7892647399999999,2.2352299316,0.1115705318,0.8701711738,0.1210326169999999,5.1115937142,0.1009962182,0.6987505726000001,0.0432811192,0.0258085866,0.206538181,0.5618001215999999,0.879766472,0.015146859,1.6487043748,1.3558073502,0.5493884062,1.6916541874,0.3053978214,0.8073766821999999,0.0246102164,1.1443160658,0.1469556836,0.3710907388,0.8220171642,3.2900196636,1.1084605618
2.5918547108,5.3343405138,1.0384761938,3.5753032962,1.5431344348,1.100015938,1.9992113648,1.960610882,0.2441522941999999,5.2998860278,1.1865539049999998,6.6076427924,0.9932106084,0.653082771,2.235849598,1.6547631244,1.2837947782,2.6507527338,1.6011963049999998,2.8479491744,1.6966385204,1.8445948542,1.72838393,5.1053423722,3.857514047,5.526591253199999,1.0625476427999998,2.2976935638,2.3952414934,0.234797477,3.9372721588,6.3269438684,1.8155606964
1.1474051414000002,0.5988494390000001,0.0754974831999999,0.0256131401999999,0.0,0.027278734,0.1029854542,0.2837259164,0.0357952842,0.4305750698,0.0502886222,4.6943270334000005,0.1338169686,0.2434301478,7.64256e-05,0.0085717074,0.01505551,0.0728119114,0.0273776388,0.5405968771999999,0.280065257,0.1955651345999999,0.0008291915999999,1.3328647116,1.184495094,0.5311931252000001,0.0057200914,0.9335081276,0.0330545806,0.0893086157999999,0.0929983274,2.0238114738,0.0
0.8308774771999999,2.5065256236,0.7193873784,3.229174087,1.1603350369999998,0.9168292198,0.8454314819999998,1.9337591186,0.0028382372,3.285082165,0.455491646,8.646362976999999,0.0018682876,0.5982905358,0.9166492506,0.6163775242,0.0820672076,0.8738801326000001,0.5197524434,0.305749232,0.1477541028,1.7319768646,0.06462525,2.4510532844,0.8032950924,3.7125728374,0.7421722808,1.6343855427999998,1.3814647336,0.0144263349999999,3.002831777,5.824519648000001,1.3849785252
1.3701797164,0.5274483402,0.897058438,0.1522214538,0.7375601925999999,1.4043955032,0.4872061782,0.9888842926,0.0630710258,0.8779853738,0.1050146496,4.649373365800001,0.7960275371999999,0.8541214106,0.0,0.015286735,0.7030340438,0.141750354,0.8288590736,0.0,2.9130993618,0.7368083824,0.763167513,0.536963831,0.0021760128,1.0318810214,0.0263388721999999,0.9837507718,0.0296386747999999,0.9734810212,0.311938658,4.930811218200001,0.4158869018
0.140331152,0.099227636,0.0333813568,0.0287928138,0.0,0.0675733994,0.0016788916,0.0252552876,0.1976776941999999,0.067073185,0.2668459133999999,0.0298254292,0.0331697036,0.217688801,0.0010105146,0.0461441968,0.144327509,0.6115841665999999,0.0249297142,0.527572862,0.0076673692,0.0,0.136153016,0.1961456622,0.3533712212,0.057222233,0.0003278066,0.0277348621999999,0.002503495,0.1028130448,0.02562581,0.1611132542,0.0
0.3042481281999999,2.036276693,0.2065867602,3.2863502484,0.0,0.0089456946,0.0323650082,0.0,0.0023278596,2.2621682828000003,1.6607710438,3.7402430397999993,0.0008364418,0.0873550164,0.9748235662,1.3541194212,1.1827565024,1.3010906118,0.027099319,0.0,0.0120543122,0.0,0.4351170736,1.759324702,0.0471915536,3.0770612338,1.0352506586,0.0847697853999999,0.7113893054,0.0045776754,2.0653131756,2.071687967,0.0
2.23296e-05,0.281564572,0.011293303,0.0,0.0,0.0,0.0,0.0,0.030513827,0.3316174654,0.0396739488,0.6300286718,0.0006974472,0.0006405623999999,0.0,0.0048360213999999,0.0002055584,0.0073008143999999,0.005233356,0.0,0.0002718554,0.0,0.000819942,0.3835835374,0.0009050996,0.2122725104,0.002410028,0.0,0.0717848493999999,0.0023380218,0.0681010558,0.0400249016,0.0
1.6586497456,0.182282719,1.1909905688,2.850915918,0.4202385352,0.385426723,0.9227925234,0.7537723476,0.0056747896,2.2325731758,1.8005774718,1.1724752844000002,0.0476929202,0.3849457697999999,6.700147444800001,3.4551006722000004,2.2047391708000004,8.6963666558,0.956225152,0.4104951376,0.241444535,1.3668545628,3.5773996080000003,0.2070936794,0.0872704473999999,0.7727377851999999,2.179683828,3.1661694872,5.4608749902,0.0274480268,3.87174424,1.0698394426,0.532020386
1.6891372269999998,32.9382092382,1.4395854152,11.417266053,1.7101581612,0.7235719802,0.993410379,7.5069820694,0.002865417,20.9546403792,16.222296202000003,3.893693087,0.0061314898,1.4453951952,15.6799687582,17.698143433000002,9.7876959162,9.9976679804,1.7925756654,20.5496200776,0.6846976496,2.9217371022000003,3.7429746392,28.881908022,22.222181537,28.918483365,7.5904119138,2.0195210426,25.051445842200003,0.0413122508,14.5924360846,3.1249193998,0.557729466
1.5658969138,15.1339614374,1.334151733,11.5564588624,5.901176319799999,0.9337812542,4.4021864068,1.4544181442,0.1195298462,16.904068439,2.9918081858,15.294663755799998,0.6437303448,2.6328848406,4.0925792144,3.3802951352,2.1833044338,3.6252858278,4.9937042718,8.4707911004,0.4589180986,1.5730248468,3.1849726474,10.933891941444,8.07480046,16.387010779,1.5937389516,1.9243667404,10.182380642400002,1.0310667388,13.3905336432,5.7405476698,2.1761427104
5.523357292,2.0488865376,2.7351818758,3.7997065394,9.396237176,2.7953536042,7.833895420799999,2.137072871,0.0448828208,3.8938058174,2.9857163084,12.2996914004,0.5867516150000001,2.0663959238000005,2.077082301,2.3389171888,3.4289566676,3.8927546354,8.873708208,0.001801603,1.227932955,3.125861061,4.5910278558,1.2672504702,0.1263779907999999,3.1739789592000003,1.0895415742,4.3304244212,1.3947502972,1.3524137814,4.0372029466,9.1970881466,4.1868064106
3.3704692888000003,0.0039767408,1.2863990378,0.1942394642,5.5446013748,2.213795251,6.2706307866,6.1211331866,0.1441874976,0.011129534,0.3940621504,0.9876957428,7.484130371000001,2.724923931,0.0961709688,0.1886693848,1.1531951772,1.409198897,3.8285455996,0.0,4.6332574926,6.0239779772,2.7157826382,0.0028134785999999,0.0,0.0084872686,0.1844051916,4.6833410668,0.001790796,4.5078092524,0.0419884896,1.512077048,6.6310578548
0.6364312704,0.0,0.0066104214,0.002008677,0.0025944676,0.025121218,0.0445347456,0.0601478968,0.068533133,0.0,0.102033728,0.0082814782,1.2983716618,0.5725422894,0.0004889546,0.0223532284,0.0015787808,0.0250815998,0.0102353996,0.0,0.6460735154,0.0061800972,0.0,0.0,0.0,0.0,0.0071478156,0.264037348,0.0,0.9515087684,0.0001753784,0.0245050486,0.0
7.5165853704,8.619577739399999,7.000961725400001,15.1508541938,9.4308213094,12.2509123684,8.114126283400001,10.384127971199998,0.6775521137999999,11.029708029599998,12.898800942399998,7.9780386428,1.8469682462,5.58685211,16.513196771,15.0015284366,13.9119361326,20.403309388,11.812815395,2.400754838,1.2982642768,13.7703027376,13.8601345536,8.7975841458,4.6868034244,9.71843203,3.4536336326,7.1187963084,8.2558303944,1.8527072972,16.541018384,10.3925210286,10.1661482572
1.6429465162,0.1486748578,1.4242317482,1.8140543806,1.1146632049999998,2.3650266118000003,1.6117817352,2.6038707154000003,0.4791114376,0.9155090274,2.7782191296,5.1680854634,1.6846327207999998,2.2352235596,2.6149035706,2.662301595,1.7154494906,2.6712871416,0.9380576698,0.0,1.697544533,3.8881247642,0.9733791032,0.0722954674,0.0049998834,0.8596455968000001,0.7574874471999999,3.5891547092,0.3778742685999999,1.8106575546,1.1539269794,4.7700055506,4.553793896
5.3807355748,18.8078463096,5.9365103374,4.5110629058,1.5096700226000002,2.4504997458,0.9522613172,0.1702746562,0.9123764844,15.0014400204,6.098745253599999,7.902780396599999,0.4767241422,1.1270423802,14.1697547956,9.1607799304,8.0743577768,9.6577433152,4.843082524200001,6.908101332799999,0.9607676724,0.2186202445999999,7.72514526,13.5065818886,12.2130815232,18.191332497,7.464128544,1.577621519,13.4363535002,1.1404836324,13.871315416599998,5.9976975548,0.0448494338
8.0306472246,5.4722138536000005,5.626708503000001,11.0440221728,6.443000198999999,6.3103844748,8.7982175354,3.4869658610000003,0.2834148347999999,5.7589078344,8.488705686600001,16.5762748496,0.309434597,4.7163385432,7.1661834218,8.861749666,6.8592803604,9.3712787646,8.9820266168,3.3515840002,0.5283331994,4.8920413574,8.3219504308,6.3361010854,4.4036643028,3.3457317514,5.5322825574,3.654442945600001,4.993436885,0.8670010149999999,8.8665095018,13.5628399308,5.115657692799999
1.1041467446,0.016464013,0.3433063092,0.0028042353999999,4.9516539992,1.6565088222,5.641801077999999,3.1159898038,0.0549961198,0.004580417,0.4055565464,1.1009250366,3.4516780528,0.9388530508,0.099968953,0.3083744016,0.2102085246,0.3433670564,2.7604044632,0.0213047132,1.8716873412,4.0954363396,0.9071842808,0.013336773,0.0265400432,0.0098656826,0.0735407052,3.2513760264,0.0058271604,1.1714172941999998,0.0224305318,0.9604784428,5.889508568
5.8728846336,1.9878405598,2.6815207882,2.2840397654,18.150015442,10.4038679358,8.9704115314,7.8728779728,1.7762715636,1.1161207072,0.6683092260000001,10.4618571366,0.9557181896,4.9837417174,2.0476226378,0.949002529,1.2165834104,4.404844435799999,7.9611522974,0.1072156879999999,3.3552505602000005,11.472881209,3.4687500084,0.6831139124,0.2965467996,2.717979863,1.1704271894,5.8545897534,0.2640632816,1.8105785712,1.59822767,12.041063910599998,10.8125412734
6.1219703804,0.4328006526,6.7494288798,1.5458632928,9.2692570952,13.131232426000002,9.9290185322,8.8678693818,0.8934531085999999,2.2747504862,1.2555972928,9.433674199,3.7463631,8.5100085608,0.5806807674,0.6172117220000001,3.136204202,2.5792730774,5.8242284816000005,0.0471662272,5.8283446262,11.8818080904,3.7989639156,0.652375437,0.1531719452,1.117705083,1.9727576244,7.5168031844,0.516471425,4.444313993,1.6216376609999998,7.355171014600001,14.95962917
2.6051628488,0.7235750584,1.0903984226,2.0353447262,5.2129286476,3.2595271420000005,4.8928593958,2.3668043516,2.1732286722,1.2703955606,2.9209011656,0.7109119643999999,3.4093239064,2.7134624704,1.7997114524,1.9900497472,2.5119126022,2.972278402,4.093706364,0.0200672412,1.4094370772000002,5.3507414904,3.4730049707999995,0.565766942,0.064274556,1.7280343842,0.453321195,3.1018945766,1.9236819612,4.023890605,1.9144183004,1.2081928082000002,5.9311475374
4.481981461399999,0.1016861363999999,2.9614161332,0.091615716,1.6415885896,1.4472781884,0.6520034326,2.3454776758,0.8136200666000001,0.269980651,3.1542334778,7.812970381399999,1.4409205946,2.3491551736000003,1.190886151,2.4851947746,6.2443011798,2.3667549584,1.7718773926,0.042893993,6.658230958600001,2.2748586174,4.0157814472,0.1107302946,0.0108491096,0.2425119398,1.141065832,2.294002023,0.025794347,2.6374510128,0.3770863029999999,8.2079007524,1.1682722256
9.0106455784,4.6154183424,2.3326957572,6.7594957322,8.2419703564,1.9600366954,10.5515166428,4.4061085344,3.4213017212,7.6623019196,2.2564587934,14.961091362,1.3586454140000002,4.228767857599999,4.4783561132,2.7617918544,3.6734967514,7.879684114200001,7.8023227878,2.0004390058,5.5970608442,6.084178198,6.1734232802,5.943306603799999,2.436771609,5.982074004599999,0.6905630622000001,8.2251473184,2.2329056232,4.662199816199999,5.9435740744,12.3931605698,8.5336185414
13.1138916956,3.9656249004,3.8054830124,16.605299327399997,1.8455108412,3.0252129684000004,6.0462231126,4.4168841312,2.4742859358,5.0110854346,1.3040219226,14.8315855394,1.1944992266,4.7150035654,9.603314269,4.4272640384,2.3369106068,4.9467335984,3.2718395742,1.6589950294000002,3.2589455048000007,3.5125868306,5.020129497799999,3.1537394900000004,0.889862059,3.3653038782,3.470898757,11.6406862458,5.964427719,4.9018438128,13.041138582,13.0459386652,2.294957181
4.6893369732,13.5177303888,0.8953763184,3.3378182606,1.5426470042,1.8700829328,2.9239045614,2.5363370722,2.101801056,7.7441000312,1.3603179576,9.4151361802,5.8750142454,3.6491117726,0.2377713274,0.4718029878,3.2032532072000004,4.7392784486,2.0537870264,4.2793057182,6.0492815038000005,2.6366185298,3.0854660206,11.059330281,8.910358164,16.2769679476,0.425443952,4.100894148,2.4547332728,7.1731351966000005,4.1382100992,6.9857629252,2.3469227859999995
3.6771170446,3.289464357600001,1.4346066458000002,1.723462155,6.314479188,2.6403663644,6.0249369026,5.1610069826,2.5546845847999995,3.0437051966000004,1.1414576014,12.959808570000002,7.3931785984,3.162997178,2.5371685232,2.3631731006,1.1676025832,2.8499656626,4.095070456,0.7070917006,9.1059442004,5.0973046968,3.020238023,1.586814099,0.2347258494,4.1216534902,1.3008746462,4.8654500354,1.4291233324,7.52663525,2.0121964262,6.4851211726,5.3349792996
6.2800508772,1.8433570952,0.5173474078,9.5630162952,0.1346150434,0.082234456,0.9464773376,0.9531162252,3.4495569424,6.9146701822,1.8136460622,19.5415166252,2.9773143456,1.7869601514,6.948530812,1.1896646044,2.9859839872,2.5614392882,1.1276121514,0.0067085986,1.582449523,0.5840154012000001,6.9158499228,0.2451426118,0.018139016,9.4662885282,1.4359520136,2.173314558,3.6438472702,4.2370791642,7.817616693,8.651618276399999,0.3092102404
4.6685450896,14.6397780894,7.7915224442,4.6845841016000005,19.4993913744,7.166833582,11.4717607808,11.5723163698,2.8772401228,9.1971766308,10.4063874916,9.8472405086,4.3828505212,6.908800843200001,9.270450661,10.5771762894,6.5792746744,10.6728083162,10.9756309266,3.8482623558,5.5354858484000005,13.501242029,5.2878448936,9.8970871982,10.8251053576,7.6894087216,3.3690188706,6.6518045786,9.0398804888,4.7498955324,7.3744252956,7.0344176434,9.5127887038
2.6315820124,6.2464616280000005,4.780329825000001,4.656176308,19.3987475438,7.065833868,16.7402842368,4.632987175199999,2.7191334614,7.9874318946,12.4520848012,4.0840622172000005,6.0816410352,5.3157342096,7.984734239800001,10.739616759,9.3876867524,6.9834551504,11.2743059644,4.1371813098,4.4961719318,8.9169319816,9.0519668348,4.4536061978,2.665293808,5.7666497936,7.764447039799999,6.8053851418,12.8759036668,4.4331361708,6.6963411736,2.6407804114,17.7903687118
5.1159356602,4.3248078962,2.434163068,9.6100635016,2.6803334922,1.6363785456,5.0647933164,1.185883643,0.3372683758,0.639981989,1.460088981,3.1303857084,6.040301069,1.494771337,4.7445153992,2.6236143958,5.3675122062,6.067563439,2.3899906256000003,0.8780033402,4.2253919982,2.733155202,4.8962308562,3.4552480934000003,2.0221196004,1.4609281346,3.052376188,6.797524833,4.9736140326,3.057996894,4.3169148428,10.7325885212,2.2936520368
0.8191959106000001,5.7334786916,0.5905877498,11.70316529,0.0136681938,0.104741353,0.0340334234,0.5657163869999999,0.9061750706,11.4577293264,0.991288767,6.1274960516,1.093485452,0.6160552956,6.3465117526,3.8928761408,1.888597717,2.4470456022,0.2295355509999999,2.8794616016,1.0286151728,0.0485184352,3.3790985478000004,3.8014224522,2.9036506544,6.803461588,3.2882123786,0.4813597796,11.1817341126,0.5502589097999999,9.7762853408,7.380030077799999,0.009858753
0.0205182122,0.0321694028,7.4316655994,0.0,0.053110895,1.298739866,0.0532665116,0.0065505178,6.453105989400001,0.0097663598,0.730891999,0.066436573,1.0934643602,5.5167719864,0.012660498,0.2203808068,0.027394855,0.0995263369999999,0.0993374542,3.8500080766,0.1919554242,0.0275382576,0.0726377916,0.6296266119999999,3.4643445494000007,0.0196425194,1.5497706466,0.0079541834,0.0205509882,2.1927103536,0.0024794787999999,0.0304153628,0.0383206168
11.303021552,5.5198744062,6.670524181199999,2.6148985282000003,7.9698084072,3.730815178,5.438654929,6.4683933974,3.9205928242,3.6444541296000006,6.9901068624,6.0133261996,3.0673556218,5.4450821806,8.0489655624,6.5621602558,5.0014604282,8.0601819456,9.4762949568,9.8993809572,4.1906557262,5.232671922,7.869523406800001,3.9045824204,5.2700244144,4.096045722,7.163614002200001,5.9078287964,5.075122035400001,4.420824517,7.747127183399999,5.787969436,2.8002374292
5.815888648,3.0648139698000003,6.1829335268,1.9005578006,0.0649727884,2.2224467524,0.7978942092000001,0.5529707066,1.3326819114,3.0967703012,10.0885975536,0.5193469896,3.9672081036,2.540436822,11.5631086332,11.770919269,2.8450161342,8.7002127326,0.3620948162,2.5407670014,7.9750675644,0.5462874636,0.7294016306,3.7842714322,2.9530650956000004,2.796944341,6.904218381200001,1.5451593802,13.371027472399998,4.31068507,5.6887000624,2.2968894282,0.6666211345999999
4.7657589016,7.2416018998,3.1276175882,0.275135568,1.3728547299999998,2.7897025506,6.6121362932,5.8857821996,1.0993674888,3.8442946434,8.379620147,1.0979654234000005,3.1578836370000003,1.9057292638,4.274333281,5.6490811398,7.6352053064,5.3762870884,5.2829766162,12.068054345,4.717606014799999,4.9892477382,7.5226295138,4.3204475188,6.637323406199999,4.173413099799999,3.3396929276,5.97064309,9.8420220754,1.5726914008,1.251295777,2.3597431156,2.8463148358
0.8774773906,1.5453286864,1.1835740862,0.2991646698,0.2077886,2.1794055958,0.335927044,4.1994091858,2.8980044264,0.5747323478,0.4962952374,1.618368994,5.5847936726,3.418523667,0.2504053226,0.4224607184,0.2324281648,0.0730216158,0.113054503,0.4105292938,9.330883193800002,0.8283914341999999,0.024789285,1.8840921288,0.7246343896,3.608804427,0.5322558568,0.3618500005999999,0.1364991478,4.3133756768,1.3640584996,0.7785263836,0.1327387632
2.9365608694,0.0055391614,2.2137869912,0.012637843,2.0067165856,6.920694446400001,3.5225464870000005,8.0763880904,0.6517612942,0.053672354,0.0900911114,1.3771292044,2.895378409,2.1693157316,0.0017429956,0.023930837,0.172278926,0.0298799229999999,0.968679468,0.1270201514,5.0545124078,5.2260461948,0.0154444644,0.1328561492,0.1013103944,0.009285124,0.500279319,3.7682998646,0.037269377,1.8812130778,0.0466516005999999,1.4990778386,6.1693165932
0.130759909,0.0053556438,0.1374818698,0.0,0.0128704306,0.5863966918,0.1163579444,0.0,2.8103433378,0.068232942,0.2929209744,0.5568412734000001,1.0038290274,1.4371549636,0.1014042134,0.08024873,0.0504508764,0.0725078024,0.059701077,0.0010947968,1.332877845,0.0074841112,0.0251372139999999,0.0139904688,0.0395908425999999,0.0087352319999999,0.2472136538,0.087875045,0.0298299722,1.2256871714,0.0154171794,0.1743089877999999,0.0318267827999999
0.0822750672,2.261269846,0.8644289176000001,0.0337283278,0.0518248422,0.1841020726,0.050955856,0.6899183285999999,2.1615352528,1.7388294496,2.8201559912,0.2026237692,0.9004062038,2.3815638668,0.4602437266,2.7392764894000003,3.2729780304,0.9385126042,0.07022341,2.4546101692000004,2.9578449296,0.0539940346,0.0297528968,1.6386419879999998,1.0270910058,0.6959751413999999,1.4691791944,0.1410166768,0.878322313,1.7059720656,1.0342665984,0.1895001146,0.0102349392
0.2195415572,0.2998909232,0.5004056534,0.0022071876,0.0365375306,0.1105577248,0.032832251,0.122863586,1.5992147170000002,0.1774922594,0.2630944278,0.1405642306,0.8318126422000001,1.8088313976,0.0055672422,0.0679055928,0.02024974,0.084539098,0.0417885406,0.4389969214000001,3.5529090118,0.0290123996,0.0220344078,0.5426222798,0.3232013341999999,0.6690686826000001,1.2944345028000002,0.0821905066,0.0217828598,1.431446706,0.009605467,0.0750375738,0.0739841556
0.3761792166,3.7365250038,7.2030398914,3.1390696534,0.0860703316,3.1979312316,0.0934218597999999,1.6369592416,3.7907345496000007,3.1025183428,2.0149892344,0.6547304007999999,2.0212651748,6.105856028,6.871540303000001,10.4503291176,0.1551648588,3.2131477724,0.0344583678,0.8814538178,3.093346766,0.4981314303999999,0.0265733846,3.7732149198,2.7306674092,1.4557813528,5.5392287342,0.1872571012,1.3568522898,2.9485064562,2.0757899108,0.745174353,0.0298499438
1.336590863,1.224708596,10.9335959382,0.0686686775999999,3.9673424864,5.726086189599999,1.292505771,2.4233869884,5.5517155994,0.9366654844,2.185056523,1.4453735738,6.49838046,6.4232086796,0.4364788115999999,1.0633572796,13.1475166062,2.7580078648,7.9591364176,3.3841923826000007,2.7215776318,1.9580431726,8.298215150999999,1.7883396004,1.761234576,0.323375019,6.8599461702,0.7407560356,1.1731122976,9.0880862782,0.5541155661999999,0.7322946422000001,1.2301660667999998
0.5680155572000001,0.1497800952,1.3836083478,0.0,4.0538301068,2.1788457374,2.9019559184,2.929978317,1.7220549838,0.0006925874,0.3998167848,0.3149272794,6.448773119,3.5531574762,0.0015668708,0.0950647832,0.1562047474,0.0903201078,1.6590466612,0.3919742774,2.1860082702,3.9829044458,1.054918295,1.6297019228,0.2634684158,0.0023400254,0.1188168772,1.984038238,0.0013825802,5.9932577524,0.0009646409999999,0.0142875062,3.8494952666
1.420106487,0.0013295873999999,0.3202993702,0.0,1.6782541126,0.9911324968,1.3196508898,0.6183578136,0.1584314746,0.003044757,3.448457212,0.0274539064,3.933640643,1.1093468304,1.8829990718,6.580895008000001,0.1244926766,1.7832319194,0.9282353734,0.0011683502,5.9517316686,1.5273246252,0.0685449794,0.0093069704,0.0220685442,0.0017125886,0.8206568515999999,0.9252277826,0.0215468888,2.330014047,0.0093310892,0.284491504,2.138202671
2.3224866724,0.8086327306000001,4.7256835536,0.0,0.8739463632,5.392054332999999,0.2357641785999999,8.842772607,2.6269390718,0.0892328209999999,1.2616597876,0.033078178,2.1451115666,4.6110751536,0.0739690438,0.929039271,1.1118823502,1.8874562958,0.3937621466,3.9254041706,7.0148769706,2.623739518,0.2951803816,3.6387948052,4.6529726972,0.0775931114,1.1704340908,3.0723092522,0.0095292639999999,3.2637660002000004,0.0001793551999999,0.0670548607999999,0.2811823188
4.7503134486,0.0006240624,9.1450607572,0.6956033253999999,9.3239113358,5.5386330404,8.389848455000001,7.087827850799999,3.681468747,0.0152545735999999,3.0270568982,0.0492268324,2.9784877438,5.9114737754,0.9970856162,2.3491992264,10.240820738,5.5377600362,9.4467951736,0.0027484058,3.6302487506000007,10.2926509066,9.037149866,0.000631335,0.0018984867999999,0.0033436492,6.3123495008,8.452313484000001,0.0170173128,4.9715935224,0.2062122984,0.8763436048,9.5243879626
1.8227695636,0.004519633,4.3563370436,0.0715101058,7.245350794399999,7.3720270106,6.818387040599999,7.7780498424,2.6771481404,0.0179785378,2.298063913,0.026275026,3.8958741086,6.1567122948,0.4501295068,1.3712608745999997,4.5652086896,2.7103453428,8.5611188564,0.0012859828,4.066644912199999,11.6026420318,7.9484002376,0.0146784379999999,0.0160625564,0.0003335422,1.2517973198,4.9918176564,0.0133075603999999,6.120033019599999,0.0474547836,0.1927132824,11.2532872158
0.2238578194,0.0084777564,0.7298302742,0.0,0.2559645328,0.3860474539999999,0.4866490758,0.060988069,0.961880663,0.0008934944,0.1323468444,0.0028986044,1.6324443342,1.5056819478,0.0103876518,0.0520944832,0.144011899,0.0555169664,0.2678430624,0.1402060552,1.3898556226,0.1295811939999999,0.4873070568,0.0388624526,0.2660763168,0.0004575079999999,0.7432504548,0.2199492016,0.0014026076,2.609389134,0.0041319536,0.0495956312,0.4715554516
1.7474340776,3.7075076604,12.4672341784,1.7555195188,2.6876450870000004,3.506840483,2.613586717,1.7436813306,1.9710925708,2.305865449,11.794849438,0.8836300967999999,1.5276234896,3.3119992928000004,6.1313468288,9.7935078892,17.6267815088,6.184757606,6.4960198022,16.732159795599998,0.8697199696,2.4994298778,10.278207383399998,6.693796397600001,12.7669228186,2.0631063000000003,23.5049257664,1.9505553534,6.7664891118,2.9861671888,2.5295033962,0.68879219,1.7430028936
1.7953204109999998,2.9427249918,0.4838504748,3.106531850400001,2.311444399,1.9291226338,2.31022577,3.4695327964,2.8594779026,3.38710676,1.1291657028,0.5009153402,2.2879088866,3.2867946851999994,1.4827814837999995,1.231694349,0.631848611,1.3685227110000002,1.4101332084,0.5673254186000001,2.1887502802,3.3683604296,0.7694198336,2.737663121,1.180693769,2.8887764842,0.5308007715999999,3.4358226082,2.8993213076,3.6984139012,2.9748923664,0.924797028,3.0241119998
0.0130902886,0.0003277276,0.3326785564,0.0020222216,0.0,0.0585629854,0.0059753622,0.0697407615999999,1.0063214516,0.0001037757999999,0.0992144929999999,0.002048898,0.5367951256,2.3297544254,0.0007086218,0.0221372834,0.0025155916,0.0176234192,0.0015619758,0.0,0.3239636708,0.0039364304,0.0009631338,0.0007813898,0.0,0.0,0.0130094016,0.0373282788,0.0024007528,1.4600511048000002,0.0029820664,0.0032562378,0.0
0.5780649473999999,0.0,0.1350661628,0.1128838266,0.001274567,0.0019549544,0.003232547,0.0079847572,0.7418225374,0.0065299484,0.1901440052,0.0025926496,0.1666508894,0.1060935946,0.0004720064,0.0319208064,0.0021755768,0.0377697292,0.0062748588,0.0,0.1283049434,0.0226050516,0.0,0.0,0.0,0.0,0.0003333232,0.0059450794,0.0027336048,0.4940510373999999,0.058547258,0.2117884326,0.0
2.467904319,0.7282611290000001,1.2293784256,0.8317517344,0.6759439190000001,0.7294381872000001,1.0343925362,0.447296811,0.8180531362,0.3202203028,3.5196272898,0.2330581666,2.228336551,1.9854639714,1.242120143,2.571483347,2.5640454054,1.924851612,1.0461159034,2.3657588394,0.897654749,0.3615732834,1.5489353898,1.0403626598,2.640095728,0.2938848423999999,1.8763025808,1.1939318322,0.487679775,1.518967547,0.5634757564,1.6783261067999995,0.0821385582
2.2357121284000003,0.4514089566,0.6490341908,0.2866179808,0.090479758,0.7259978570000001,0.233261907,0.5464117816,0.1482137337999999,0.4418970644,0.0290721504,0.1096232356,0.0214990284,0.8089012616,0.8699483832,0.2810955036,0.2097217426,0.5135993648,0.0702266826,0.0010197028,0.8349588908,0.3032957403999999,0.010755404,0.3495754835999999,0.0082351868,0.5048384107999999,0.6894657606,0.9884728898,0.2593606806,0.1100945072,0.2392986884,0.8294666512000001,0.0669886326
0.0085368881999999,0.0003313722,0.4927618337999999,0.0,0.1932486631999999,0.696309428,0.2328836254,1.7801818676,0.0334863694,0.0,0.206780571,2.0543559244000003,0.0434607436,0.6683427776,0.0121361374,0.0892153166,0.2191191904,0.0334166026,0.257329369,0.0028907402,0.50800448,0.966320893,0.0627050597999999,0.0014001068,0.014414118,0.0,0.0847363835999999,0.0850978898,0.0006383599999999,0.4155226492,0.0,0.2174605167999999,0.4607169154
0.0529359456,0.0059803512,1.4218538544,0.0082988344,0.0720124982,0.4413631916,0.0360489571999999,0.2785985942,0.0412807123999999,0.058367863,1.1125688494,0.0403842404,0.0017825364,0.2094047846,0.0485127072,0.3697659488,1.3456692874,0.4349673858,0.7544621063999999,0.0,0.048964602,0.1736241082,1.3664347336,0.0356562462,0.0016246167999999,0.0017160807999999,0.8647963456,0.0153564546,0.2988058908,0.0470757356,0.2131629276,0.0078073744,0.3195994506
0.5043057142,0.8839293556000001,1.0537176328,0.3853844608,0.2820078994,0.1133644566,0.2578081064,0.0981529266,0.114081136,1.1643702936,5.963507201800001,3.9571446082,0.0009407328,0.6013028678,1.4005366144,4.459641678,3.3780863282,2.760899584,0.9303319166,0.5020854668,0.0085271436,0.2019489512,2.1352872642,1.21403655,0.3896680127999999,1.4184042648,2.3420987826,0.2306015184,1.3890224076,0.0631340298,0.8202998380000001,2.1540899928000004,0.0
0.3069931146,0.9073772286,0.1978519916,2.7500558442,0.001975095,0.001654226,0.0067922882,0.0243151008,0.1177893212,1.6225862696,1.8467956764,4.211763832600001,0.0008381533999999,0.084685774,2.057358006,2.1985556432,1.4635682404,1.6407529838,0.1805691872,4.9989245434,0.0042678912,0.0806184308,0.646315765,1.9165208346,4.2857239404,0.9967842708,1.204964377,0.033665558,1.9546751992,0.0468453288,2.4931018272,3.1060667364,0.0
1.2160965608,3.7279321686,0.0884311242,1.2385506502,0.1920468665999999,0.0027810196,0.1890744144,0.0185301176,0.0,2.2511406788,0.397536875,5.5143451948,5.73096e-05,0.0078747449999999,0.7039898638000001,0.390549694,0.4908077062,1.0855857424,0.0614089216,4.9777632386,0.0018104342,0.007558781,0.2017131548,3.7862267312,4.7261140932,3.5370712070000003,0.6183825327999999,0.381728896,0.8158318143999999,0.0013058152,1.4630549034,1.9644965948,0.0
1.029942053,11.4273364442,0.7792897798,5.5937161484,3.1724777218,0.3996655122,1.341446822,1.1592868616,0.0009423744,11.4282365818,2.3571168602,16.889371384,2.9667e-05,0.0583526598,1.6320673458,2.6429250666,1.3564027182,2.3489700796,0.9585669298,3.5583784298,0.0536589396,1.832068181,0.0871499824,10.0652674094,5.8220357088,10.331283822,1.134149388,1.3873100660000002,5.4579386366,0.002387,7.6543785814,5.956532618,1.6527491662000002
0.308782422,2.190317063,0.0805383888,0.0924077084,0.6249151522,0.0646936472,0.3876623594,0.3706242114,0.0,1.0852730622,0.0317883014,4.7897249794,0.0,0.017946945,0.0005118936,0.0035232769999999,0.1449957332,0.030550063,0.3016548038,0.361181048,0.0151328012,0.3575031798,0.7122313769999999,2.7206863666,1.1315908028,1.2423543412,0.0453033698,0.3782517338,0.5457083765999999,0.0,0.3929273982,1.1015665818,0.0701630407999999
0.1564570276,0.1259695881999999,0.0064041598,0.0,0.0,0.0093502438,0.0080262226,0.8552633545999999,0.001066128,0.0,0.0578506634,0.1475776418,0.0001090611999999,0.0223069155999999,0.0,0.0086107112,0.0108108838,0.1288068552,0.002177247,0.5574005317999999,0.0700632652,0.5260738214,0.000327151,0.2958973092,0.378750854,0.0210593486,0.0034693792,0.2655540962,0.0,0.0002042318,0.0,0.0084213411999999,0.0893476769999999
0.1064312409999999,0.716311135,0.020011219,0.0,0.01811451,0.2483359282,0.0894165495999999,2.0733335086,0.0,0.0448089294,0.0553941896,0.1855166238,0.0,0.1479078162,0.0,0.0090244202,0.0034521322,0.0122915028,0.026027927,0.2674576324,0.1755373102,1.569652058,0.0886862844,1.198305609,0.382986526,0.2110311509999999,0.0037204782,0.5255735992,0.0013075524,0.0019264424,0.0,0.0149433918,0.6285780176
0.1168412913999999,0.1072079452,0.0270968646,0.0,0.8393490886,0.193758115,0.92777791,1.3808980762,0.0,0.0013525544,0.0572854884,0.0364048792,0.0467818947999999,0.125019242,0.0,0.0062003566,0.0071932364,0.02406902,0.717169346,0.0,0.1319886162,1.435656677,0.2994812578,0.1244093471999999,0.0001873188,0.0096089182,0.0,0.7745141426,0.0,0.0469781316,0.0,0.0091508139999999,1.3230226534
0.235385888,0.0,0.4666307082,0.0,0.6583518562,0.3465382888,0.6206673549999999,0.3224880942,0.0277610648,0.0,0.9013694448,0.0004394982,0.00254255,0.1347148526,0.0852947388,0.641100209,0.820663959,0.4179123794,0.6820636462,0.0,0.0239732546,0.4004941013999999,0.6941475676,0.0,0.0005077812,0.0,0.4753070715999999,0.5745164684,0.0024524598,0.0165535186,0.0,0.0171362822,0.7328051313999999
2.1895433806,0.1265333742,0.3461640601999999,0.6997750712,3.515098544,0.5503077348,2.9142552132,1.023628784,0.1389212585999999,0.371006234,0.1571172092,1.116239679,0.5045039268,0.3874826642,0.1541603142,0.119044628,0.4623056419999999,0.889615255,2.4247259914,0.0,1.3313674758,1.723814704,1.428654186,0.2633206458,0.0001671458,0.2247875472,0.0091251128,2.1299695074,0.0142835124,0.3261539302,0.5100064028,2.2288482948,2.7657103736
1.0028768826,0.1772601502,0.0895500239999999,0.2067325067999999,0.7996106206,0.0848583942,1.0699501616,0.7459526458,0.0307597797999999,0.2473257123999999,0.176639081,0.0738126254,0.0217974812,0.088293728,0.0975506502,0.1549850454,0.2567025966,0.6098562368,0.9908699064,0.0,0.310769651,0.8857477302,1.1997209426,0.1771143766,0.0,0.2610934466,0.0365578584,1.0630864336,0.0120228454,0.0266805206,0.2137440048,0.3073795581999999,0.8875408166
0.0,0.0,2.1254e-05,0.0,0.0,0.00016245,0.0,0.0,0.0002309728,0.0,0.0713652166,2.1683529622,0.0,0.0002281182,0.0002559462,0.0098980058,0.0004509316,0.0110459146,0.0004921704,0.0,7.58632e-05,0.0,0.0,0.0,0.0001286358,0.0,0.0,0.0,0.0,0.0,0.0001678272,0.620101561,0.0
0.9849799226,5.5490712912,0.3471954266,1.8111795972,0.7905881662,0.0615474502,1.0218395292,0.3587624618,0.005809398,4.278869791,1.0016530856,6.9902607398,0.0003498382,0.0938995178,1.7652154094,0.7807015190000001,1.982870206,1.5921061716,1.6304245031999998,5.1252411404,0.0263829176,0.4997348007999999,2.9676893312,6.7704545138,4.246885782,4.413072720600001,1.3206609284000002,0.6575757762000001,3.5838896554,0.0021396644,2.8686670648000003,1.9651812242,0.5340524298
0.2465853816,0.0036092462,0.1549786592,0.0011754212,0.7143050686000001,0.0127449823999999,0.7234963458,0.0,0.0520526572,0.0199918196,0.6485929224,0.0850308546,0.0001165338,0.1231819462,0.0250173692,0.2681865062,0.3317919942,0.452592012,0.8029392896,0.0,0.0053447025999999,0.0374519192,0.8786896552,0.0001600052,0.0004789482,0.0,0.0133753832,0.2375469741999999,0.0009118766,0.0824502914,0.0025778094,0.0426911486,0.0129172764
0.3057436514,1.4544197980000002,0.0125610256,0.164161794,0.0468199992,0.0011902366,0.245211615,0.0908367116,0.0535862151999999,1.0661963298,0.033596618,0.8044688264,0.0,0.0990717184,0.0214037129999999,0.0202170357999999,0.0069854745999999,0.0139227205999999,0.1338524538,1.2560479936,0.0178863852,0.0458024204,0.0353313018,1.7393744032,1.3323877726000002,1.5013019026,0.0118871491999999,0.1813725129999999,0.1777717244,0.0235893286,0.378299311,0.3750881884,0.0
0.0573589856,0.0001533466,0.0007042488,0.0,0.004556069,0.0,0.0251970958,0.0367558048,0.0007403242,0.0,0.0,0.0013883092,0.0,0.0003457452,0.0,0.0,0.0018315834,0.0038719172,0.0007895065999999,0.0,0.006174891,0.0248170834,0.0097093512,0.0,0.0,0.0,0.0001176091999999,0.0649301217999999,0.0,3.06968e-05,0.0,0.0119533236,0.0
0.247205036,0.2119289914,0.0060113436,0.2688389486,0.0,0.0003485506,0.0862712502,0.0084506182,0.0178163195999999,0.2866508916,0.0226439876,3.5188900492000004,0.0031423102,0.0253341344,0.0433599924,0.0285303404,0.0025351878,0.037676231,0.004930973,0.0,0.0005214154,0.0,0.0003056736,0.2082200421999999,0.0006657362,0.3234344396,0.0531346927999999,0.1852472204,0.0094059742,0.0255013766,0.2919894974,2.0008832054,0.0
1.8487713522,2.7862532822,0.6162033231999999,7.5348480588,0.480606938,0.4231254761999999,0.5574803387999999,0.3210662568,0.0592218013999999,4.5144763206,0.9329110012,12.8550042456,0.0658059286,0.3725100778,1.8714343956,1.1002684368,0.7303716337999999,1.9727241574,0.3440900022,4.237208114,0.021564402,0.3339403934,0.6165683248,3.1034456564000004,3.3983459468,4.4799810324,1.0204731622,0.7091013346,1.953385176,0.1166269764,5.2804842370000005,8.6228338568,0.2415060781999999
0.5181537722,10.2680128954,0.7531107159999999,3.2245309914000004,1.8803980812,0.1983371427999999,2.2823652604,1.3219448256,0.0996929056,7.756587599599999,0.5485539507999999,5.563535149,0.0185097234,0.3644927256,1.3918826432,0.7003728342,0.927158837,1.0085516928,2.7096105292,6.748276854399999,0.0754501737999999,0.9035500286,2.3284260568,9.2301299564,7.095913689600001,9.8479088502,1.7074534358000002,1.4708262562,3.8120297936,0.0947133637999999,4.476864497799999,2.175756138,0.8545878310000001
0.3888573562,0.0110854588,0.0480579466,0.0985942772,0.0225407838,0.0505059348,0.3028140504,0.2127789316,0.0010032945999999,0.0237820094,0.0891010168,0.0175568198,0.0365472942,0.0365093212,0.0593890444,0.1084315764,0.0395104402,0.1645437948,0.136427276,0.036874422,0.012674614,0.1022840546,0.1332608622,0.021071227,0.0181389204,0.0002562184,0.0274907354,0.3100935392,0.0568917568,0.0024859654,0.0911214034,0.1830619288,0.1253588701999999
2.0120628978,1.0279569676,1.0020546894,1.6922981628000002,1.3690522444000002,1.3874963864,1.4936195086,1.68926941,0.136682827,0.9302093866,2.0307990166,0.0758917646,0.8443415915999999,0.9967030488,1.5206333762000002,1.8924925896,2.050071758,2.5341541876,1.6007286698,1.1498433046,0.1247267644,2.2678220796,1.8884916618000005,1.2130145442,1.205275498,0.6980449828,1.1130526768,1.1481469032,1.0589726752000002,0.7345392556,1.519119529,0.8509676126000001,2.0855998968
0.6539821821999999,0.1192292314,0.184427752,0.0116708914,0.2833269816,0.045625739,0.4150154416,0.127973377,0.1590530522,0.034187495,0.1835783666,0.0876587032,0.1500816372,0.5312028451999999,0.0606222814,0.1425233598,0.4474723816,0.3785512672,0.8230512482,0.0,0.3078611382,0.0361336932,1.437889023,0.11596302,0.0004038852,0.0237122252,0.1056911886,0.2374688998,0.0115085198,0.4516573226,0.0132822447999999,0.2342198468,0.1480092478
1.1272232026000002,0.0023342184,0.7579686136,0.0,0.3979957394,0.6526241588,1.4745868652,0.4098271888,0.0469821361999999,0.001466868,1.1131153293999998,0.0649451148,0.029133843,0.366320156,0.0038623264,0.1793648208,2.0301192726,0.9952541144,1.3388052192,0.0,0.147592077,0.973201349,1.0245275654,0.0011730678,0.0001359622,0.0010624777999999,0.0338409196,0.8945436211999999,0.0004787258,0.2633876622,0.0,0.9982300078000002,1.191802163
1.837144809,1.0744391005999998,0.6164112104,1.4300963092,0.6111306494,0.5101083783999999,0.6868945585999999,1.2746425686,0.3270855897999999,1.6175939979999998,1.9770511174,0.8696542008,0.1425196597999999,1.4877367876,0.7347987548000001,1.6432848898,1.5884245038,3.1784164328,0.9411840386,0.0034931678,0.3334836688,1.0738064616,2.1642967186,0.5878189880000001,0.1098054751999999,1.3483030706,0.1509436626,0.721348781,0.2898357552,0.6408509836,1.0654491140000002,1.9169403414,0.5810651484
3.4622211054000003,0.1118717248,2.336226776,0.3069310866,2.7691332056,0.9033474992,4.143045614,4.6546971612,0.1651869536,0.1430895771999999,4.0085959458,1.1293152504,0.4797384378,2.2813818044,1.724157034,3.267264822,2.9548221248,2.9955578696000003,3.714051301,0.0020981356,1.224083634,3.5059322472000005,3.126046797,0.6592259506,0.076081837,0.0006607638,3.4709694554,4.106038722999999,2.2717463392,0.7326872663999999,0.6070660024,0.8526966953999999,3.4686545326
2.0979423098,9.2994088996,0.9636167174,11.596786418,0.3412391529999999,0.5625531068,0.1153523496,0.0865721154,0.43814346,11.6372048934,2.3758081298,8.8430638564,0.2394807639999999,0.5347449798,1.5282427946,1.2622784042,0.8041506416,1.7370091706,0.548134665,3.4707713006,0.0242206362,0.0777751112,0.7849830647999999,7.50571903,5.7449749994,11.7688644946,0.5219984116,0.1430133552,3.8222878592,0.2304106813999999,9.4090494058,5.918283363,0.088740004
0.90615112,4.2144528858,3.6241122738,7.2358650126,2.3184494722,1.9407593804,1.8870545926,0.4847698322,1.0738996216,2.770554431,4.5298073334,19.2040641312,0.1369509902,1.9614775756,3.655321760000001,4.1453132006,2.5485938374,3.7035907056,2.3286191444,4.066440224,0.08432979,1.272547244,2.000667593,4.942705782999999,4.1453853334,3.0736475174,2.8819797088,0.9495232762,1.6766324984,0.6542314028,4.690775125,11.118395987,1.618881997
1.3868995688,0.0394289994,0.3838677278,0.1061005927999999,2.0531667588,1.196478118,2.440402385,2.4886328804,0.418133439,0.1390580104,0.1522442874,4.1666961846,0.3968168192,2.3581288144,0.079900641,0.0671666984,0.1303063312,0.114499762,1.1239205036,0.0,0.7737346446,2.2777832404,0.2546882162,0.2425877984,0.0619457426,0.0893791512,0.0549240226,2.5463833684,0.0889778616,0.9726478418,0.148688065,2.4904576898,1.6393515021999998
2.168262594,17.424557436,3.0107495394,10.4476580454,0.2381686978,0.2906006858,0.7680003436,0.002632419,0.8612500612,19.9666833546,7.494999347399999,13.401697568,0.449551098,0.4867130406,7.611304214399999,6.827832604799999,5.011369352599999,7.812738832399999,1.0110993386,5.5546688594,0.0357812319999999,0.0033284118,1.4750249812,8.544861354,6.214481025,16.0660396124,6.3225296134,0.6714531916,20.8513395992,0.3171874242,14.585312821,9.0583512548,0.0035134882
0.877138443,0.9781915446,0.8035579070000001,1.6750130484,1.3305512612,1.3703417144,1.6486237228,1.9913609656,0.1088890125999999,2.1291162086,1.2214942576,2.545414449,0.1228523934,1.0707770466,0.8408423616,0.8449737502,1.5332736292,1.2192057424,1.5806423472,0.3126308061999999,0.1490831645999999,1.538441603,1.9600267844,0.6394495776,0.238199378,1.8693278876,0.4685439616,1.2366003278000002,0.9492849606,0.1124126016,2.1080770388,2.0093976554,0.8021587108
3.2198751448,3.2135185539999997,1.167260462,5.899761287,0.6402255524,0.6882785388,2.111996366,1.8749049382000005,0.0319435027999999,5.3260433862,2.0627049724,8.3312335812,0.0875232236,0.665236386,1.103742538,1.5147050874,1.5932806858,2.2972655702,1.3404883932,0.0949292054,1.0337266342,1.6875114054,1.5321097504,1.3692027762,0.1230189274,7.5978621698,0.7092012422,2.7995451943999994,3.2996435324,0.335163698,5.3509964884,3.9171145194,1.7289729098000002
4.4443245666,0.1891155678,1.9149415932,5.8090571962,13.2457322986,3.9503360254,8.4999639442,3.3058813431999994,0.1322043296,1.0930086916,1.0958072392,10.8892586528,0.1984966319999999,1.8561886456,2.3474171004000004,1.013118632,0.6870060444,1.4640512722,5.2173651584,0.0950893781999999,0.8911366378000001,3.937838086,2.9162855156,0.2829509015999999,0.1983310834,0.484608489,0.9328255146,5.1843318732,1.4860811928,0.4256320435999999,4.561993948,7.9854321888,3.9658692800000006
4.3095775238,10.4722917126,8.230001722599999,5.5418686114,4.8448607548,3.5284137398,3.41364653,0.6320326128,0.5426525308000001,13.8028029724,11.210764925,6.4629750918,0.2079478095999999,2.990001682,9.6117487802,12.1269580362,7.067191931799999,8.8072921926,6.531893416200001,1.97597378,0.1163149064,2.1556454648,4.166954381999999,6.915490634799999,2.8013640312,16.4243095592,8.4716478724,2.4905317844,12.5211150198,0.5822326386000001,8.9527575394,6.4162418312,3.2973350082
3.2113154033999995,0.5649621022000001,0.3194637959999999,0.2862731096,1.9019102328,1.3277992258,2.9755913326,2.4479966242,0.5500926302,0.5559767524,1.7710430414,5.1659848204,0.702471042,2.5814276816,0.3635275226,1.373430435,2.0485202236,2.2643313852,2.5143264214,0.0175730864,0.7748084964,1.9206593594,2.8230544306,0.6164219026,0.0973346496,0.4953844954,0.0812770296,2.0388370628,0.0224278886,1.5582234038,0.3109342918,5.0514479582,1.6884136068
2.2411107622000004,8.659352311000001,1.7154715742,3.1529839454,0.1524973862,1.077652361,0.5907147278,0.021570546,1.4588044524,6.9310240784,10.9318958872,6.212228988200001,0.5981745102,2.2846514682,3.7818892008,7.976074027999999,7.396906553400001,4.9498832526,1.324466891,19.3559992526,0.0693584126,0.1061840484,4.503593388800001,6.297953934400001,11.0181215916,6.354439365999999,5.531443962,0.0369827687999999,11.5477120978,0.9799623534,4.2692712564,2.6175496332000003,0.028777996
7.0502403496,3.7939695052000006,4.433072152199999,5.9430074776,4.4083581848,5.3340214102,6.193291665199999,3.4512866095999994,1.4950009934,4.4861277184,6.7672827856,11.4559866226,0.1745320292,3.9722515888,4.365164570599999,5.6994092316,6.356624283,7.5998072468,5.200752889,0.1785294218,0.2223443447999999,4.4587433972,6.794927379799999,2.465134538,0.3915369982,4.028187368799999,5.285849676,6.419557799000001,2.2035752144,0.9098758534,5.876681896799999,10.7722938968,5.0842658944
0.8501802923999999,0.5458422144,0.1574909946,0.0185798254,0.9522913524000002,0.3681468976,1.4362915356,0.6584287792000001,0.2215708604,0.1213973582,0.0015464086,0.8489647024,2.861260703,1.2632673504,0.108040885,0.169862865,0.0545781631999999,0.0661372058,0.8193209104000001,0.0028916892,2.4245936568,0.5669141746,0.1747901284,0.5765946706,0.012573245,0.2165219532,0.010369225,0.84283622,0.026805434,1.1623142355999998,0.056610059,1.2868848108000002,0.7123854286
5.4229040116,7.290963231799999,0.5973653456,4.8939309428,2.7263299366,1.9541613062,2.6462525602,5.6796561364,1.2532013352,8.5994643372,4.4893952788,7.1120446418,0.6054068243999999,2.6495947514,2.1402390202,2.9740468272,1.7547602608,4.304657819200001,2.7151655538,0.0671487717999999,2.433271871,4.4280249254,4.4924229656,6.565104954400001,0.777618895,7.018049963,0.6399512838,4.801217595,5.5074790788,1.8241332224,7.027464926399999,5.631770188199999,2.9334909028
3.8429166652,6.7737650126,1.9586766942,9.2517971174,1.1618170084,2.0839482296,6.0525881918,0.8054414354,1.3750167026,4.134503812,8.063512413800002,11.6148537884,0.4568045748,3.241822089,6.0476613402,7.441343994199999,4.7876400478,6.313122398799999,5.3393815858,0.9787349218,0.1544683124,1.2409774488,4.2649575120000005,6.390187818199999,1.9930186178,3.6928206984,7.885257760200001,1.28381344,5.032629202000001,1.1846554814,6.3119363674,7.753535917400001,1.0284369038
3.65503746,25.3282576452,4.2656505968,1.327468392,3.8122889426,0.1386251298,1.7319607898,0.1201187644,2.5081156232,8.583761896,6.7251172296,0.882378973,0.0477253658,0.1950009692,5.8683334342,4.2681851128,8.676156078400002,9.4654130052,6.473828113000001,4.2776577978,0.1087598752,0.1898229994,5.6041392424000005,11.7220146624,3.2429404982000003,5.1466047262,7.3455541508,0.339555542,16.164380536800003,0.1029133493999999,4.749807336,1.350276193,0.2566840232
8.715958889,0.0930496936,10.4906691744,0.0740137968,12.2362238516,2.9682608584,9.9521794664,15.13741095,0.5042509678,0.0534131472,14.5390104048,1.950705751,0.0433572427999999,1.8427453662,1.5503445278,7.390404656399999,17.504913808399998,4.974372515000001,9.8119164642,2.2316733262,1.5497650006,8.634111965399999,9.4983685542,0.1729082756,1.0593825292,0.070020945,10.1826316142,11.0952890282,0.4406502182,0.3514123878,0.0480961716,1.846153605,8.2991271108
5.680864950199999,1.6763550764,0.9802334292,0.2167029663999999,0.8507340568,0.2122151792,1.17805337,2.2179752812,3.542717472200001,1.0530217142,5.233357063400001,10.3996885028,2.2211296278,2.3971571748,7.9212551824,7.9427919432,4.458080989800001,6.7872887568,1.722730912,6.4688765812,4.506036556,1.7153388572,3.3230694282,3.8840702968,7.844850274199999,1.1613667622,1.332043177,1.9770023172,4.03725267,3.0681369146,1.8227577938000004,6.0830081584,1.5417814858
2.4022527842,2.2031024670000003,0.5934204282,3.6850732356,0.0734285428,0.1232640912,0.8274323234000001,1.0916642386,3.4611723248000006,2.346212638,5.8863418594,1.1602432368,10.9463843598,1.570839172,7.1837841696,5.598285227,1.0671814145999998,4.099682007,0.0848608796,0.6109697892,4.0723251098,0.2975179068,0.64617242,1.4046670336,1.721355025,0.6898480821999999,1.9987745566,1.9633331272,1.1388190704,6.2008167984,3.2842428038,2.9241293786,0.0651208896
12.2620977852,12.5460993492,3.3478017402,19.2775845616,11.5716491758,3.0009710798,5.48196495,3.8460555942,3.1276051986,17.3534892406,23.6039432596,2.5517698732,2.4547575398,3.4653217324,19.0147719706,21.8117838934,18.5263074846,24.3869022764,13.060911086,15.1334515904,3.8611316058,4.786251808,15.4065453548,12.2531333844,28.6083103802,7.7538756038,13.327976802200002,7.3495640566,23.5425815312,4.4609088976,18.0104606002,5.923560841,5.5920738074
5.5041426688,4.3763263904,1.6369846626000002,5.7420633836,4.917787361,1.4857205299999998,4.6304126278,3.1345248822,1.9371795674,4.4823947446,2.2214202792,26.861478138000003,4.7402180538,2.4665760232,1.2320880624,1.7240995282,1.630196206,3.1284412186,6.878507733799999,0.4001243156,10.2573058798,3.633525578800001,6.7050116108,5.6189478246,0.4321907219999999,6.9543863218,0.1684925196,3.4117432358000004,1.0504070804,7.394648077000001,3.749731171,16.167563050000002,3.9481512092
0.8353792616,8.8725567848,5.981737189,0.1298874868,6.7460744088,3.950740101,3.8189242778,0.8738522892,4.2388059016,3.0036210868,9.1639433704,6.864802501599999,1.1901981064,4.7634459748,1.8057987362000003,4.3822847692,12.442018739,3.9086497282,6.455000501000001,5.8344967344,0.460578251,2.3264539436,8.77876186,7.5544872852,6.0119103236,6.500593534799999,4.3484139848,1.678836289,2.0022437252,1.94327664,0.9989613692,4.0813640234,2.657832078
10.5904990262,9.3900630502,11.27340852,12.2777320022,18.38942159,3.7090987468,12.9320455694,6.5115693426000005,4.6234022206,16.689481936,18.6223248342,2.1605973114,3.1785202906,6.7313395316,7.50026349,15.416367231,14.371317669000002,9.4275751704,15.5504587952,10.766373172,3.5945006608,6.446833045599999,15.0817006448,9.5255205948,11.3170506952,5.485518771000001,14.223535982599998,14.131990404200002,7.7028630148,6.5659015324,17.5723924338,3.4226707502000004,10.8480403332
12.2766681342,17.2957029294,0.2466013885999999,4.597605395,0.3103312072,0.112771468,2.0544927712,1.6397005716,3.5939962622,15.0303132098,4.485061540999999,1.8610223038,3.3969974134,2.906452911,2.1958422272000004,2.786214985,3.0674620532000003,6.1386653334000005,1.8080824784,38.4621068564,4.9448644208,0.6078425308,3.290008466,10.3704634762,18.1408001862,21.5310605616,0.7384461406,7.7386659956,7.035643340199999,5.2069134980000005,6.3369820172,2.9944359208,0.2607130643999999
1.17765098,0.3693948932,6.9539738998,2.9247061046,14.2438764004,14.2308676454,6.735363114,11.5797865362,5.273963162799999,1.7029347309999998,6.821294319800001,0.4423876604,5.3717363658,12.128908376999998,7.0189964194,8.152999035799999,10.8346744456,9.7429857562,10.5245898908,7.226195712400001,2.6738797012,7.3928741024,13.2704233306,0.6826734588,2.9904943052,1.22788996,5.127848844,4.3018784712,5.4434913902,5.6136796426,5.6056381658,0.8913150186000001,6.054325660000001
6.957774024600001,8.8888182248,0.7601252986,1.0601512048,3.5885101446,0.6556440098,3.0206019296,2.5034090538,1.1041113496,6.021907189399999,1.8644718876,6.994386880799999,4.1025782834,0.6878493662,0.6401002294,1.7794182855999998,1.5787571592,2.3516971412,2.2658449742,15.228564398600003,1.1604828636,2.972095307,3.0102954062,10.9973586846,21.220623076000003,8.4917086092,0.352474791,5.1281613386,3.3918011698,0.9390493126,1.8276215886,5.6628260026,2.599362575
4.497022696,15.561358278399998,2.656300076,4.3278828234,16.4130658902,4.0564248922,6.562453627000001,3.5276414092,2.0271128116,15.234629879599998,1.513155958,10.4291022836,4.3519787912,3.2571913664,4.1828289462,1.1356222008,3.2596739184,3.5187939748,9.8257934576,13.9854450342,5.1822479666,4.9870087076,10.2269843024,9.886051879,7.5982313112,18.6470952776,3.1827517682,3.644024245,10.7890284352,3.4515742132,9.3223748934,5.1094228596,9.3014331742
10.474773385,7.579785968199999,13.295758635800002,10.7314107976,27.2652475234,19.8046919596,19.1970056418,18.5969315316,3.3840953942,5.101711777,6.5281106840000005,5.5868425238,5.5473178532,7.580807639600001,8.4143003614,20.821356431,5.399441062399999,13.0459249718,9.4110771398,5.5733433986,9.2506700716,30.8725298394,3.8339651628,4.5987652496,3.4487577348,5.7855839076,7.431212315400001,18.887926106,4.581792227,7.5292366434,10.6641769824,4.723124289199999,23.121117923600004
10.6225107418,9.5575123764,3.4122615742,8.0380342422,6.362566306,5.4596235444,8.3896874192,9.1185474036,4.3250589002,3.3998917200000003,3.2806496064,5.3473158358,4.7512183100000005,2.7283369828,8.9931237838,7.0961214964,3.5079991362,6.4013717926,4.0246009636,1.7747870434,9.7208669496,6.2324086828,2.1957828372000003,3.3439622658,2.0955279928,4.0291351678,2.4090908268,7.717967997400001,4.6524766242,4.2420312564,7.555868177799999,6.0833607952,2.9648590072000003
5.3827767856,4.0621053958,3.2331543312,0.9742574682,2.8707842266,5.328222692,6.6433297176,7.3985229652,3.5177804148,2.9339314132,7.126119174600001,3.2258378748,9.0026307684,5.346723133,1.8492185962,7.6185348452,6.098199791800001,2.6924343744000003,6.532673172600001,1.516747328,8.8321689182,8.576414624200002,4.585669993200001,1.1509937566,0.4445740332,5.557445856999999,5.690582668999999,4.8897325932,0.8802988656,6.1859394742,1.204903976,2.9109806488,6.8523524902
2.861889876,3.0316416064,4.0283301732,1.0607699164,0.937638473,9.9133707758,0.8703228482,1.4584564094,3.2022009074000004,2.8356029422,5.7967594648,6.2992557898,4.014584827399999,9.6186111436,4.3768951848,11.922021573,4.905575801,10.6541842882,1.7739109042000003,0.3864926698,7.2516885032,2.744606561,2.3929074336,1.9718480198,2.370761179,2.877172648,1.856612097,1.0788059382,0.6996267492,4.6357276108,2.9896862756,3.6949900814,1.1643498094
2.1214200794,2.7326666176,0.3458400338,0.4617354344,0.912911702,0.138771126,1.7249311862,1.4206393448,6.0348132626,0.980999332,0.0143281752,3.6245747622,1.5585284270000002,5.1504361316,0.0497295938,0.1856622218,0.0629788822,0.008923992,0.8867390267999999,3.7493672126,3.8675468974,0.3811449172,0.8478511698,4.642691426800001,6.0553998356,2.5210360708,0.1924622006,1.7147489894,0.3146632118,4.872992159800001,1.200777866,3.2113205854,3.0973119352
3.231581474,10.8520729568,4.6398603152,5.0255470414,0.9575678452,4.539609846599999,3.5468605600000003,10.2412682274,1.714525227,4.8151689652,4.8999585628,7.4700580742,7.611010219799999,4.3134552456,2.7816212274,3.1387671932,7.9626223904,3.6190113516,5.5763217956,7.030064415,7.2340437966,6.2452007604,5.5117983648,5.794349840800001,9.474890084399998,7.273528908999999,7.9015018372,1.9792476956,6.2593918508,5.7487330108000005,4.2115210352000005,4.3380750124,2.2723681274
8.659432862600001,10.555371562599998,9.9057541932,5.146678099400001,10.4174919728,7.702873053,6.370932967,4.22799124,3.0683003522,6.0939439018,21.1883857066,6.889971271199999,8.1321788194,6.4170887658,19.2494886476,20.5329432856,14.4209146768,17.6795851788,9.1923589174,14.487348818,6.600996842800001,6.1592111642,8.0741157942,7.2277579284,9.3651070618,13.2048594852,16.3428055624,4.9324019454000005,10.767308073,7.0172085336,4.3485736978,8.4818105678,8.4990891214
0.189209608,1.5292385034,0.74184227,0.0177283586,0.5114786454,1.4729283083999998,0.6081345362,2.449952853,2.4222450476,0.0602867452,0.0,1.5471954,7.673771747000001,3.6203210812,0.0140309469999999,0.0897795572,0.0105350523999999,0.0251446678,0.3171226206,0.0312784418,1.740145657,1.9742267764,0.051730712,4.016599413,0.4682634654000001,0.2011232846,0.017462784,1.8159677298,0.0274818418,5.353402513200001,0.022533881,0.2632301754,0.3135059022
0.273882375,0.9899224764,0.1687612146,0.404335407,0.2297760911999999,0.1729950474,0.0161896876,0.0023456784,2.5050473824,3.6484943282,0.1340150266,2.281108629,0.1927555738,0.5142398706,0.1530936702,0.669558246,0.0331341366,0.0308935656,0.0034383372,0.0044857788,0.926347896,0.0070777044,0.0285885082,1.5734694528,0.8059833042000001,1.797943545,0.0199142984,0.1075939227999999,0.4578332602,0.577373072,0.6543539974,2.3948149316,0.0184875698
4.6170631774,0.6336192528,11.0358467374,3.4921479792,20.265922248200003,10.4522076326,9.184494642,2.5498997698,2.1962440404,4.180945554999999,15.1164302394,1.2303683376,3.7852345632,9.3695458474,8.388835928,12.0305119724,8.963073871599999,9.6494132662,13.8156630368,3.197711894,4.847406013,4.6927610974,13.33151647,2.8924446312,2.5364471336000003,0.562155908,7.7749714282,5.455022232199999,7.060206354600001,5.791450644,3.2439015708,3.5013914698,9.147773615599998
0.4798429784,7.604042514600001,0.8435443316000001,1.2697525993999998,0.2444047404,0.13396492,0.6075974154,0.0389318968,1.0641573522,5.2822648878,0.0274959502,12.4780490734,1.7462463974000002,0.9661048525999998,0.7624543128,0.4332398058,0.0516609272,0.5583370174,0.362602519,11.3536396244,0.3240924766,0.0229364442,0.0824600613999999,9.0907320712,6.2781896794,4.7950593888,0.877330613,0.2601232638,2.7961752266,0.9981459394,1.7806243852,3.7169614004,0.0037061686
11.365325416,13.1487581186,8.9005484108,5.4007289776,16.35828292,4.191463884799999,13.4709480494,4.4753862554,2.9658539856,5.668181521599999,22.1855268656,1.3574506912,1.5716064026,5.7592552622,11.5885406926,15.887380278400002,19.9710601146,19.5775698762,9.4571647624,7.3392038216,2.6843069874,5.481147218599999,12.680753663,10.579798954,7.5766919144,2.740262015,15.7830056504,7.6894141198,13.8564260424,3.6252996772,6.315924806,4.0071628508,5.2796836074
1.6091111964,0.8919515366,6.1533723998,0.7501413107999999,5.7075679036,0.9250919992,4.4369914636,1.559222771,2.4729842544,1.0608034346,32.563192487,0.8373133856000001,1.2394806304,3.9659743973999992,6.729619948,18.6529070802,22.7781975334,13.0837202892,8.4098594802,0.8232570478000001,0.4338085985999999,2.9896696242000003,13.8470862618,2.1871471156,2.2851977808,0.0973158458,13.576728238799998,2.0246278628,3.4122778372,2.686312637,0.6843183133999999,0.4583558492,4.807034267400001
3.6496778872,1.358763369,3.2745032506,1.382866491,1.8876408918,0.4530034269999999,1.8016224326,0.6556813831999999,0.9701236812,0.7144299836,20.6406185494,1.1624438632,1.551964689,2.6622652746,5.1566420826,11.9769334572,17.578481027800002,8.4544765724,5.0424345062,1.0917543836,1.3226671342,0.464113571,10.3045774532,2.7721811524,2.5227138058,0.669797926,13.1023511224,0.5606861398,5.0570919836,1.3114960126,1.8463044876,1.8331878336,0.366859114
8.3371939462,3.2102191808,5.1329052214,2.2183491576,14.5466929956,3.9589238876,12.9156968646,4.8777784438,3.9050923592,2.4983260582,14.753742394399998,0.7131516764000001,1.9586615516,3.615889752,7.1572240758,11.0791851978,10.3026164662,12.5446806914,12.817535924,2.5319473744,3.166116195,7.6982589964,10.726847329,3.8916087182,3.3292212706,1.7644413944,6.2756689502,7.5302868894,3.9823858968,3.2738184448,3.79506737,1.8687687378,9.8604392648
1.5869233668,0.2510980962,3.1292293774,0.0393603354,1.337391758,3.612452879,2.3416873902,4.380202897,1.8518998124,0.1175376924,1.116404587,1.7097278,5.339547191199999,3.82761687,0.3049591769999999,0.9125078486,1.1106729554,1.0290689411999998,1.3934888344,0.1341233994,4.8592766062,5.4752434184,1.0445764958,0.438582568,0.2708804543999999,0.1040113365999999,0.8780911494,3.1789440906,0.0743175351999999,4.946122442999999,0.0877333679999999,1.030866632,6.832749776200001
1.7326764896,0.0206359976,0.2838993964,0.0385185696,1.152174887,0.7780868544,1.7612270907999998,1.1220169184,0.1112801456,0.0451236168,0.3937839852,0.0120778182,0.1907268888,1.1635286314,0.0016281244,0.041866498,0.0135357422,0.0203178658,0.7825530568000001,0.0350429886,3.3891160002,1.4755579862,0.0932951794,0.0177540458,0.0141731612,0.0038457792,0.1721395126,1.8986099106,0.0134733122,1.3628580538,0.0135188602,0.2607185868,1.784278203
0.3412782758,0.5445060464,3.3316230046,0.0840757957999999,1.4041948298000002,0.967395978,1.2358579606,0.5988690658,0.8650028661999999,0.2925550996,5.9917103766,4.2805971532,0.075400692,1.1575704552,0.916052767,3.453433969,5.651068674599999,2.0624018348,1.3634122564,2.1882797326,0.067106368,1.135492418,2.1396427418000004,0.8325846417999999,1.4738287798,0.4855803224,5.9007507278,0.5821016056,0.7337042992,0.510766894,0.1843497296,2.168348104,1.1926571598
5.8010986838,0.0034403476,1.2341052128,3.7820324282,10.9303576324,3.1175849884,8.7943405742,2.392399831,0.4619306488,0.1183310026,5.9113328424,2.7154045208,1.1487253226,1.7454222819999998,3.0344663466,5.0289402142,5.9823862642000005,8.3188868252,8.5289533862,0.0,1.2215108687999998,5.082995841000001,6.932657452000001,0.005890903,0.0058205522,0.0088808187999999,0.2554038402,2.5944315732,0.0185689942,1.2572761832,1.0975759924,6.3843172822,6.5410650342
0.4932526214,0.2729973202,0.115197734,0.0058704904,0.3182648936,0.2582069574,0.1712191317999999,0.4671816494,0.010080251,0.0297819813999999,0.01150011,0.2946485991999999,0.1054745682,0.385556474,0.0104512004,0.010887911,0.0019959966,0.0035315902,0.0679260055999999,0.0,0.2275453358,0.1915070024,0.0034618006,0.0180989686,0.0,0.034891322,0.0130737203999999,0.1677981439999999,0.0073911286,0.2584513406,0.0039657742,0.0936970954,0.081879389
1.3679095112,3.2555224136,1.0638459744,3.4072832412,3.217875529,0.1558312048,1.4299886394,0.03422301,0.2954439908,3.5260692232000004,15.6416853882,1.4366743068,0.0743388718,0.7949632426,5.4137092088,9.5030112542,9.8437012556,9.2991123068,4.4565950606,2.8606913864,0.2458340464,0.3044169764,5.628368779800001,3.1044265604,2.3189851876,1.5763421742,4.8647298738,0.1396836464,7.3921699774,0.4574212624,5.306485908,2.6460306132,0.4196742664
3.1626779208,3.4654883438,0.4251414458,4.8168825822,0.1362835993999999,0.5137635284,1.0695723672,0.0013941988,0.007070663,4.8502203076,5.6337120564,12.4320775736,0.0064835226,0.4525773959999999,2.0421818518,3.6409885414,2.5495194278,2.258462405,0.4401580504,0.592020661,0.0246545254,0.0587972651999999,1.4322111754,2.7433354284,0.9260973042,5.029271379199999,1.4069931914,0.56947898,3.309336633,0.0249788032,5.7170971824,9.4953683328,0.0047554582
1.2328735182,1.9770310328,1.8199212858,0.778274283,4.4727208484,3.3112149894,1.7785575204,2.2598529822,0.0130471611999999,1.3922874634,0.8692202146,1.8759089600000003,0.0001642102,1.6058591764,0.4923679593999999,0.6024241976000001,0.8547011078000001,0.8544415651999999,2.0623013358,1.4810940379999995,0.3024551789999999,2.7251106522,1.2482608104,2.1293668598,1.707610721,1.1783198654,0.1481333714,1.3946025822,1.2492937078000002,0.0401792586,1.0934329218,3.0990631672,1.7340139718
0.0799609699999999,0.0,0.0004105776,0.0,0.0,0.0041728044,0.000662869,0.6119670128,0.0069922449999999,0.0,0.0,0.0006413266,2.2382950966,0.0651953944,0.0,0.0,0.0002294832,0.0003926612,0.0021145954,0.0003525412,1.2541617924,0.0944029178,0.0022084724,0.0,0.0,0.0,0.000139481,0.236972263,0.0,0.4829795771999999,0.0,8.29072e-05,0.0
0.7316945722,0.012835728,0.5220263373999999,0.8589018614,0.2105437027999999,0.0868844903999999,0.203332827,0.4281805027999999,4.92806e-05,0.2143974964,2.7325054406,0.0074284099999999,0.0412583221999999,0.0685574712,1.3993546412,1.805975124,2.197722278,1.7172297172,0.4039237821999999,0.0020774888,0.0544705416,0.3424862882,0.7023090626,0.031497593,0.03917222,0.0011645094,0.6440126164000001,0.2204638128,0.7887201396,0.1122057068,0.9169193136,0.1747608434,0.1179751546
0.2916932074,0.0163384946,0.253278348,0.0120252687999999,2.1461766432,0.2755400093999999,1.1147614092,0.1271448926,0.103449104,0.0008605348,0.2695237119999999,0.051605773,0.0032764662,0.1536406326,0.099122446,0.2106065532,0.2794747871999999,0.3202328004,0.9957612598,0.0,0.0137441464,0.7476848244000001,0.5651558162000001,0.0072565367999999,0.0007503708,0.0,0.1475997626,0.6978617772,0.0003076276,0.1110880676,0.0029405406,0.055777696,1.3758276582
0.2305329628,0.0003557996,0.0019498853999999,0.0,0.0458355398,0.0698686684,0.4481975484,0.1570461574,0.0241187682,0.0002625236,0.1097602548,1.370554988,0.0288194518,0.0671730358,0.0,0.0170373086,0.0068138856,0.0248369768,0.0302689349999999,0.0,0.0118786024,0.5236926968,0.0002553608,0.0043370857999999,0.0,0.0,0.0012757198,0.2706179274,0.0,0.0591581636,0.0,1.2492474712,0.8317512845999999
0.1351151746,3.6580962268,0.2988108114,3.9252346754,0.0944323768,0.0201378986,0.1626193404,0.017873749,0.0076920671999999,3.450788308,1.294429373,0.9077500494,1.0323609222,0.0072525604,1.8373482726,1.2626975838,1.1693119122,2.0945141488,0.3586498726,3.6948436536,0.3502011274,0.0190075984,0.9980562434,2.9690037154,2.9208038742,3.04679037,2.306973918,0.027348739,3.5658566802,0.1009216348,4.2103995948,0.9660644752,0.00607143
1.0596000744,5.926393161200001,0.1025997334,1.1506768222,0.296650806,0.000544952,0.9983035782,0.0749244115999999,0.2310178764,4.6774723856,5.7984440386,1.8551268236,0.6156978611999999,0.0003607378,6.6051576102,5.3392806326,2.480030048,7.4927002022,0.7821564494000001,7.420961147,1.1007345608,0.033070883,1.77464572,5.084763730800001,5.264114525000001,4.8882740856,1.9915019682,0.4447727598,6.926804864,0.0601151211999999,3.476364307,1.3114093426,0.0192520444
0.1412299444,1.4054926882,0.0097712676,0.097233597,0.0027685462,0.0033917898,0.0341571658,0.0229192622,4.5694e-05,0.5888868302000001,0.0351117804,1.1730023856,0.0,0.0003146434,0.000585151,0.0137621102,0.0335364612,0.0123769884,0.0023901512,1.6409242716,0.018838094,0.1113594377999999,0.0161273734,2.3159824604,2.2788812012,0.8254251622,0.0039457252,0.1884605328,0.1349501742,0.001384495,0.2272804818,0.6343314464,0.1399477066
0.0297888854,0.0,4.59642e-05,0.0,0.0,0.0016103696,0.0535174114,0.0404444544,0.0027145166,0.0036601442,0.0512840288,0.0108087865999999,0.0077731192,2.51404e-05,0.0,0.0096302264,0.0002736224,0.0130731312,0.006031839,0.0,0.0518693601999999,0.0003270722,0.0,0.0,0.0005608968,0.0,0.0,0.0765084858,0.0,0.0130414794,0.0,0.0001646188,0.0
0.4002401918,0.261470003,0.000121926,0.8952002961999999,0.0116795504,0.0001810739999999,0.2027883412,0.0,0.0,0.4826693252,0.1955205273999999,0.0181751576,0.0,0.0001171764,0.2081442682,0.1100362886,0.1192530772,0.2871990416,0.1433263194,0.3560387328,0.0089674478,0.0,0.1743911624,0.2442738057999999,0.3311658628,0.2535782528,0.0256452044,0.0274231516,0.4164795564,0.0027347204,0.8917383642000001,0.3714693586,0.0
2.0517723432,1.6165500152,0.2638504384,1.5793155216,0.2976531326,0.0217735664,0.8849995719999999,0.2876600852,0.0102509016,2.2559527804000004,2.4507901836,1.0329302516,0.0356011016,0.1164116527999999,1.8953314868,2.2559249804,1.66200404,2.3083786848,0.6676875738000001,1.113134758,0.1672269902,0.4176912778,1.4532982134,1.3093900974,1.37369679,2.3088547398,0.5888269925999999,0.8292545064000001,1.8782530328,0.1707327322,1.8537907556,3.5328773242,0.454630229
0.7659389798,0.0371347338,0.039295116,0.0160835318,0.3017988997999999,0.0074891003999999,0.2108299861999999,0.0836962924,0.0,0.0551697008,0.2597434476,2.2334077072,0.0,0.0509435864,0.234566885,0.2345815332,0.0722913748,0.3399505858,0.2788760056,0.0,0.0174966356,0.0691419276,0.1221983875999999,0.012546715,0.0126457242,0.0209516514,0.0498115722,0.1245914371999999,0.0545203071999999,0.0,0.0130331296,3.745092023,0.0
0.5528645844,0.0414962072,0.7549952396,0.0174144938,0.2427737358,0.0020652592,0.0323727422,0.0604917955999999,0.002376132,0.0276631602,0.246241041,0.0590194184,0.000267585,0.0025221809999999,0.0583969246,0.2520918166,0.308715309,0.5320360049999999,0.7334842344,0.0,0.009042467,0.0770696392,0.2669520624,0.0230963724,0.005583129,0.0404985303999999,0.4864197148,0.1538399764,0.0,0.0,0.0056909218,0.7098463591999999,0.0
1.525192603,7.187578213,0.4926472908,11.1094578986,0.8440364588,0.015177709,1.9084055384,0.045688666,0.0964308546,8.5802531972,6.6038244516,4.2400067726,0.0484137256,0.2133965294,7.589979768399999,7.6061961694,4.2941743624,7.1882870364,0.8969852166000001,6.0754020818,0.3654174862,0.0301729652,1.6979506831999998,6.8944960216,7.1828704204000005,7.269003758000001,2.4063552862,0.2471959456,9.2766364276,0.0497937482,9.603211892,7.8195693108,0.0561238448
2.0572139468,0.0535494362,1.4697965028,0.1282609166,2.8282099824,3.977043508,2.2028477672,3.570903302,0.0351007524,0.3284039414,0.3058589848,2.9317257788,0.0376956778,1.0286819474,0.1699194182,0.0838090118,0.7463809297999999,0.8805410878,2.861246503,0.0489610029999999,1.2311347748,4.4613754724,1.425074168,0.1907124762,0.0519650709999999,0.0916207308,0.4290494006,1.801823465,0.0585761859999999,0.1957520469999999,0.3333433326,3.2379929638,4.174324428
0.2171208307999999,0.0101978844,0.0497946788,0.5923743958000001,0.1254933948,0.0037975256,0.2599311683999999,0.0648759604,0.0158264589999999,0.3162815714,0.1585474934,3.907080168,0.0649158904,0.0880644294,0.0060778624,0.0343788426,0.2473297621999999,0.1256646368,0.1403128394,0.01364551,0.4969990128,0.071644234,0.2439816061999999,0.0588046225999999,0.0452437356,0.097668627,0.0057146318,0.3370955841999999,0.0718449494,0.0033913868,0.350338813,2.351492986,0.0171908178
2.2384568324,17.8820758178,0.3767691458,15.9871989788,0.5490331518,0.2738962332,0.9302581644,1.0471834466,0.3189786738,17.26553298,2.8027158576,9.5136040718,0.1945094372,0.2090778626,7.169499171999999,3.8548708066,1.897384484,6.0718995776,0.91127556,7.759188406600001,0.3610306868,1.8336712852,1.2903470232,16.3622211096,11.7190002584,19.529372248,2.095757316,1.0451285846,10.4661388224,0.1047269372,15.5520912654,6.9634379724,1.3943542108
0.40010819,0.7280614827999999,0.0859919908,1.4104427186,0.3630669032,0.0734247252,1.0194097142,0.6288132794,0.186668839,1.413463356,0.7483621429999999,7.1195442098,0.1003476222,0.1365417598,0.5583482394,1.3307909301999998,0.1265446283999999,0.7864212054,0.1282477144,0.3445632965999999,0.065305498,1.0525532865999998,0.0360158421999999,0.641009612,0.2764276658,1.4645854310000002,0.138279087,1.3230601622,0.4884231719999999,0.0959654884,1.1735732952,4.1120350658,1.7884812836
0.0132437394,0.0019833838,0.0009918506,0.0,0.0,0.000183673,0.0,0.0,0.0044106614,0.0156584232,0.0400408928,0.1322674594,0.014253591,0.0038553896,0.0,0.0061872296,0.0101577556,0.018278305,0.0,0.0,0.0090122342,0.0003532212,0.0640550976,0.0075366205999999,0.0,0.0218205515999999,0.042408916,0.0158390142,0.0002899974,0.0450186179999999,0.0,0.0516372276,0.0
1.0965081902,2.3100402926,0.1168550442,3.1158765994,0.1404582914,0.0474741978,0.0797284628,0.0155509318,0.0068829651999999,3.3011882062,0.9433743998,1.5016837118,0.1371911924,0.3498385986,0.2967000696,0.4309590476,0.9008029906,1.3163093696,0.7635940042,2.59162733,0.002632632,0.0095980654,2.0474655438,1.810874069,1.1785800087999998,2.0035494494000003,0.2842265363999999,0.0304806811999999,1.7702538992,0.1655641482,3.2210268198,1.6906199772,0.0
0.3207805448,14.537012555,0.807666907,10.8793480696,1.0874391674,0.4782694205999999,1.4855652682,0.6443179338,0.3144818746,11.4124407656,4.196487684,10.0734332892,1.3145829398,0.8011525086000001,4.3993933208,2.8252474944,1.2748757116,2.559806268,0.9240788384,10.9664156224,0.247999201,1.4713577638,0.259118594,14.7260168038,12.110056672,10.6221666984,3.01447217,1.1703143348,9.7862870846,0.5380004321999999,10.951222229,2.3953456606,2.1567519968
0.2637515686,1.6419926466,0.1259089382,1.1043534776,0.0369827844,0.0655536472,0.5428187512,0.2247056008,0.3574336774,2.9279252198,0.1173384972,6.564843311,0.0736092658,0.3393850678,0.0338570611999999,0.0500698774,0.0242998718,0.0688747948,0.0134489776,4.5849437682000005,0.0311916528,0.1908572778,0.0,1.845457427,2.3240578182,4.1786414784,0.156875116,0.498871152,0.2183758065999999,0.1457867014,1.4495207644,2.9765435404,0.6469099218000001
0.3947613552,3.7870076462,0.2860442972,1.3775750628,0.1945644522,0.3724310542,0.4919326808,1.0362845916,0.0726844846,2.504824623,0.0918253148,2.01042074,0.0763603022,0.4774468791999999,0.0162464664,0.0137147954,0.1424235938,0.4025953912,0.4704012603999999,0.7059976308,0.0747423406,0.4392908940000001,0.4022911606,3.2318249576,1.0976267184,3.4400133692000003,0.0692469592,0.6488588684,0.3006709641999999,0.1382744878,1.6141745738000002,0.5302175226,0.0069799098
0.4543199571999999,0.1824614436,0.5054495956,0.0,0.2780469319999999,0.0738541148,1.1590538558,1.1627777944,0.0752208148,0.0451029562,0.2444098589999999,1.3140210948,0.0089355132,0.4253371342,0.0191230934,0.1004104738,0.4927633734,0.1643006981999999,0.6188418636,0.0,0.0778658492,1.021262113,0.8121071854,0.2873119322,0.0297464902,0.0787868478,0.1711875756,1.4571410868,0.0136801226,0.095766693,0.0031591562,0.9530119678,0.8163533439999998
0.78126449,0.0898083906,0.7461243578000001,0.0228380408,0.4436355508,0.0698541418,0.0387095619999999,0.1803947606,0.2139876849999999,0.0504282918,0.2461305329999999,4.0542348906,0.0896460502,0.6150223622000001,0.0782381266,0.1058741894,0.3362563922,0.2801740548,0.1610971712,0.1561613062,0.0723435532,0.0372459388,0.1018645188,0.0959609344,0.1403808468,0.036499217,0.2338811082,0.3003064212,0.0019831172,0.2898988238,0.062732022,3.5650585006,0.0
0.8177026968,1.681995105,1.4184650816000002,3.6428985454,1.3988710266,0.5763769998,1.5963365678,0.6679467246,0.0571867294,3.1500744742,2.080812824,5.1253330762,0.0214665154,0.8415709794000001,1.90251104,2.6585715564,1.7178523601999998,2.666968227,1.3043661824,0.0082185585999999,0.0774414928,0.8101755390000001,1.5212305242,1.0406088164,0.1863027128,2.084324021,1.9504158514,0.9267047742,2.1665882544,0.0876820384,3.5836142054,2.425656954,0.6541077516
2.1775996254,4.8721073586,1.5812595998,6.4403005904,0.399034996,1.5393223842,0.3988553153999999,1.17114639,0.465520492,9.5981751236,7.4720258328,2.1718838672,0.1567193422,1.3376309466,8.175488118599999,7.0820233954,5.549302707,9.9455620894,0.4336427568,13.729799028,0.3946095762,1.0418046662,2.3304698696000004,5.1074671156,7.678442342799999,5.752200479,5.172823428799999,0.4783800868,11.0295629002,0.4214971902,10.2007834544,3.2802980444,0.7110089952
2.4380737194,4.9705131398,0.4221595623999999,2.5799647572,1.1717168486,1.0471541642,0.9366135602,1.3153471574000002,0.336860403,4.1030599032,3.0573763718,3.1656906116,0.517262914,1.0956134236,0.7369443202,1.1473002628000002,1.2971435568,2.4574259748,1.2552583642,1.2945949644,0.4627456547999999,0.5369044564000001,2.0513343436,4.6010907562,1.9937861984,6.1390855508,0.3519358495999999,0.7078386646,2.1836768568,0.7970981052,3.0037240538,3.611650694,0.4726369681999999
5.4694432264,10.1856614054,2.5584830406,17.7194011942,9.469848977,4.933243061000001,11.7211990466,2.5789807326000003,0.3391293949999999,14.025718134000002,5.6868455894,29.248113454,1.2653131526,2.7408249562,3.8298349456,3.7234651596,6.6414739446,7.8879796906,10.2643322216,2.5833424732,0.4992518306,7.908708087399999,9.480653293,6.383766178,4.2213322442,16.362667587799997,4.915717766000001,4.607096187800001,5.8883183174,1.034064534,14.0984550552,14.049834571,10.5240781942
2.2759712162,1.1126637358,3.2791421774,0.1947048842,4.47343166,5.937093732199999,3.7711836932,3.2775462722,0.6462059266000001,0.2744766836,1.0386079096,7.5500173898,2.1676719372,3.6571123302,0.5607416866,1.0613518684,1.6971628372,1.5284215868,2.8418719814,1.6423503840000002,0.4048465456,5.9513058158,2.7349115248,2.0906761998,2.3876104844,0.821597495,0.3682452742,2.4736243596,0.439842781,1.7125244856,0.1551916069999999,7.2007139692,6.606877315
1.6706858666000002,2.672976991,0.8517526635999999,6.302297395399999,1.6716262914000002,0.3442216509999999,1.0999445978,0.2791299608,0.2449838435999999,4.3921363028,0.5648574202,6.0253655884,0.217286217,0.641932904,0.6764937599999999,0.3671845934,1.0723277353999998,1.2277240926,2.0409756704,0.7423558591999999,0.0091857288,1.0568483916000002,2.2127638406,2.2406340198,0.8795364643999999,6.153921933,1.898942568,0.8714769364,0.3847264644,0.300023851,4.398439542,3.618045916,1.7963260807999997
6.667637137,10.7612810954,6.692439231,7.036755821599999,9.923707916,9.1931893792,8.2579511998,2.9489970596000004,0.970272721,9.3038194984,4.21149892,12.8295324252,0.2085713272,3.715971051,4.345034978399999,4.5012128044,8.1049229568,6.7214166564,7.8783228534,2.630450338,0.9209142928,8.6042828842,6.9755750736,8.5732702652,5.952522321000001,8.5165304006,4.0304544696,5.761153685,9.5784141292,0.7763628106,10.4173990018,10.688658553,9.47403387
5.220710281200001,1.1463186233999998,2.4386638614,1.6770587478,5.376153025,3.4737506908,7.832348646,4.630063872799999,1.2579306844,0.8552125974000001,3.0190899498,9.3474225602,1.902531272,5.131217077800001,0.5762578732,1.623428467,2.7441451294,3.1044327468,5.3023431728,1.0561856814,2.151560548,5.1422296002,5.114878742,2.1480642748000003,1.1639791476,0.6149831084,0.1824130422,6.719447522199999,0.1916235496,3.6496057596,1.336838267,5.2223071436,8.2053135566
7.372648354000001,4.6437168388000005,4.832809001799999,3.8524420204,7.0835209238,3.4589763574,10.8942646038,5.3429817648,0.496494376,5.323722376800001,4.2668464748,10.9164341332,0.8390766974,2.4441823478,2.013029327,2.4531512156,3.6660178286,4.2193904698,6.241544793,1.3012556518,0.7826184742000001,9.1849279018,6.7319212214,3.837616456,2.1894347736,4.658950862199999,3.8185635548,5.9185288336,4.9203131988,0.9304915462,5.7999991496,8.7535062184,9.0847585054
7.137773575599999,10.3127980352,1.7022723098,20.0010492112,1.6326524038000003,2.4164721088,3.4893516138,6.808463402799999,1.3416112139999998,13.462337327,5.4001781944000005,22.0153173036,1.4408614674,3.970436022,6.8136554616,6.657512629600001,3.397836684,6.485049193799999,3.223988714,0.4689555042,1.8093719826,4.908107144800001,4.9403093108,6.0426095128,1.6141679394,18.0109001762,3.881219153,5.4757228224,5.2387501724000005,1.7651724326,15.422383260999998,15.041711348800002,2.370779859
3.750462034,2.6635107010000003,1.3080291446,0.0535311096,0.6513219248000001,1.2028193712,0.8788822256,3.210026553,1.1339900692,0.2896302524,0.6328365714,2.760147695,1.3884742078,3.0526798784,0.0212688074,0.1473521724,1.2105899488,0.2445494077999999,0.3573016322,3.5689343324,3.689219422,3.5869344564000003,1.4094322396,3.1325256738,3.902433108,1.4407082936,0.8025536086,3.2944813802,0.1303650016,2.059500147,0.0608136923999999,1.3617773098,1.7006889562
6.0861867588,4.3152909194,0.7278906033999999,1.0454858706,1.4003117676000003,2.1751504986,5.4688762386,4.7655764612,1.0711256,3.7186386372,3.7829503642,4.5138215488,1.0631507528,3.728824036,1.8998135968,3.9593037934,4.2104516824000005,2.4585892092000003,3.2292594964,2.6198069748000004,2.1295372426,5.9775998176,3.743195152,6.6156524554,4.5252623038,4.0427461738,1.203372661,5.3893360656,2.4735534408,3.1047236166000003,2.0377455182000004,4.3392812766,6.7238967692000005
7.2303533328,0.0059233478,1.7861165141999995,1.6982119911999998,7.1920491808,1.4779661422,6.577061033600001,4.2892966874,2.4999352142,0.0261192733999999,3.9492002378,1.354771416,1.3958806158,2.3906233122,1.9140905836,4.3575783822,3.6245928526,4.461301782,5.8102419384,0.0209189548,4.991153304999999,2.1424848092,4.0851678348,0.001122361,0.0035105584,0.0063187186,1.3048716244,4.9395496824,0.1869314448,3.3891564962,1.1676407444,5.1828129348,1.4097534622
2.608121291,3.7512618652,0.31964747,0.2039846638,0.6892781436,0.1008243052,1.5958056374,0.0251795246,0.8999440966,4.378213288,3.763262842800001,4.8503376842,2.1692195082000003,0.4624860192,3.0919553456,5.7613301212,2.869345882,4.236071819,1.7798552317999998,0.0082184166,2.1916717076,0.0118486172,5.4259163366,1.3081650666,0.0137242108,5.4068269774,1.032238553,0.8093152002,2.1033556352,1.1959922386,0.9546978706,1.2892783734,0.3787633484
7.5641100428,9.552994282,8.7175607164,6.448390096599999,7.4884238782,8.851782006799999,9.0326022044,16.3094676214,3.1122568428,6.0154640664,4.182151418,9.0115713468,1.6363081192,7.245889886,1.8026830798,3.5310472284,5.561036411,5.5990144366,5.3935804716,0.4798525592,5.7153704662,11.7185197788,5.4599324112000005,11.660850347,4.8743857514,9.658471268,6.0799628086,11.3830215146,2.6164101482,3.4519097711999995,2.77061931,8.382316107800001,10.677981248
4.9929589640000005,8.0473871172,1.5602707434,7.5517353126,3.3050984387999995,1.5267518246,4.3192136372,2.6344988934,4.153546812,8.127946436,0.7388451434000001,7.3918974358,0.4629565127999999,4.0344689876,0.6069540325999999,0.5723799796,0.7460138128,1.256667341,2.0084162932,2.1045735332,1.5547404296,3.9045856368,1.2753259076,6.469281434600001,3.0898313036,7.825114812200001,0.8283600036000001,4.5335786192,2.1669764346,3.1059832034,7.045444355399999,5.9254585138,7.2843447822
7.345012012800001,0.8312817436000002,2.7330148476,3.4714740348,4.0238510616,2.7503126508,9.7620404594,6.611793265200001,2.3370220684,1.7470650796,1.6349235284,4.4968187608,0.7291436466000001,3.7017678458,1.6954379824,1.4927090542,2.0066552692,1.984085143,3.620787079,1.2372617206,6.984416383600001,8.0199915074,1.341339713,0.638527636,0.7946988538,2.2685312364,0.7378287664000001,8.919857189999998,0.640299537,3.192772871,1.6083724283999998,5.416667873,14.4597967022
4.3542533244,2.5294178186,0.3263210708,5.286320076200001,1.475192936,1.0011443402,3.7044226978,2.0677178112,2.4773275748,3.9964013288,0.871126716,19.2707493614,3.1654863644,3.9374221,0.3885253301999999,0.8319569972,0.3550089506,1.0718652296,1.6866279062,0.0042634648,10.0816706316,3.0851052662000003,2.312321569,2.4069453974000004,0.0475077974,6.0970736936000005,0.2043447166,4.412134826000001,0.4583428075999999,6.3539577166,4.132424164400001,10.2921294226,3.950655076
8.019506414599999,0.3029323376,3.2686745252,4.0182912144,1.5588609466,0.6866386616,2.3840225538000004,1.9101172322,2.7681236944,3.9448450878,1.3799480348,21.341429468,5.0212424514,3.1809901928000004,1.073924997,1.212764424,1.3546901353999998,3.2788594428000004,2.5677437274,0.2575398266,8.9267600894,0.9740810822,1.7372856544000002,0.2199979088,0.0847799871999999,1.5786065908000002,3.89209924,6.441551434999999,0.9496522244,6.967284763,2.9120965736000004,12.6076017074,0.613409617
15.8390126996,34.521463782,2.291083387,34.0189229674,18.5474799952,3.2119760346,14.100253063,6.947746567600001,3.9792943094,37.9193711,7.6626700848,7.120004767599999,2.4913441066,6.498072671200001,5.6818736602,6.85518519,7.705571713199999,9.9570728994,13.620565944,16.6982047136,5.2779368276,7.327253442,10.4643176472,31.876877785,11.8688874896,30.8636373498,2.7416507524,8.1127674526,13.894355355799998,6.743079045600001,37.166616068,12.544026558,10.964386356
9.6021221416,18.4389690602,1.5009757361999998,31.953844946,13.049363547000002,5.6480727254000005,12.822779316399998,3.6025440728,3.0597394232,23.1402810984,1.6971981292000002,28.4168141758,10.4678497288,4.0387615954,10.0041302678,2.6073976888,7.4641158316,17.0628577528,12.1860293726,3.4355950452000004,4.497782433999999,7.849191234199999,12.6092151924,15.0591105908,9.0934609266,24.196215235,2.0839872188,6.2129392916,19.3562159396,6.948766396400001,26.0167925114,21.2448864,10.4166361088
12.5443665282,34.920762712,8.1689412844,24.970874302,1.1896744516,4.3200588846,5.2864491124,7.3342790198,2.0597288282,38.0687705796,3.2813205658,13.264108908,4.9459673428,4.0218488942,7.196986175800001,3.6931907776,3.3846886240000003,5.016416283,3.5865975098,28.436857798,3.6791834176,4.1621333954,3.0370519942,27.713966431400003,29.057016122600004,33.7220276446,6.2794535372,9.247834523200002,18.089662418,3.2153429764,34.479407568,21.806094224,5.636642154799999
0.6428569994,0.0316414404,14.445355999400002,0.1209453713999999,1.466577918,4.038148631,1.025534039,0.5961935062,5.2391609432,0.4936338131999999,20.6482803956,0.0341977466,4.0621580882,5.4653200588,3.6157103678000007,10.2881001132,14.7575304254,8.4481429846,4.6715048306,1.3676968546,4.6240429234,1.1501042308,5.826878817,0.0548249428,0.4554601565999999,0.014010756,11.1172121162,0.9335062736,4.2758239894,5.4154034514000005,0.8189164803999999,0.194120739,1.3507896694
4.978982062999999,20.9405094542,10.9537463274,1.0462999438,9.0239811444,15.4267399164,15.051923177,8.8172891522,6.7694739638,6.181636618400001,34.179755095999994,0.8081162404000001,8.4126930242,8.4716366818,10.952232981399998,28.7555139284,23.4776635798,22.390544148,13.4270385226,21.169300203,5.0658374446,14.12215143,20.0007041218,27.2561259694,31.6340861598,10.2263581888,11.022120269,12.9658551784,22.3512973294,8.361486786,8.576083481000001,1.04051523,13.3667174078
0.5223664567999999,3.64763218,13.5827056692,0.5571927472,12.613251931,16.746044065,6.612726878800001,6.100682328,4.0559938554,1.1859333796000002,3.4842553476,0.4236289524,6.4613232114,11.650570241,6.864533799199999,4.5818137316,3.7566700072,6.3924728724,5.0262545222,4.7507261278,3.5086725686,5.5492520694,2.8721697876,3.8850241634,2.4211422454,1.9459079702,21.161399882,1.6311691908,11.9057446198,6.0381965828,0.8738523713999999,0.6052481413999999,7.244150769799999
0.1104348006,0.063835188,7.056388194999999,0.0273340802,0.0328873757999999,7.9738648494,0.0039534811999999,3.1698675026,5.2788289224,0.0228104198,0.4753741564,0.4368059636,5.8915842320000005,7.838639444,0.067787,0.2315862241999999,0.238414487,0.1631490832,0.038724762,0.2076177641999999,2.5515875322,0.728040127,0.158244899,0.0403719862,0.0479298406,0.048120142,4.2282675788,0.0551969978,0.0240255288,5.9638293232,0.012091729,0.1504767312,0.0892930658
4.5812629576,4.4313926322,4.6062328172,9.3104162036,7.326568021599999,3.5592202972000004,4.048154684,3.2118014474,4.7735658196,6.1493882368,1.0916442044,15.2052290464,5.5440984172,11.0814764258,5.4019740614,1.3483079526,0.7133359804,0.7790425007999999,3.3732266605999994,2.9118525666,5.3963852964,2.6455756144,1.1501450874,2.1159153784,1.0924888518000002,7.2294654174,3.0821695724,3.2888116008,6.9831847564,7.222131304799999,7.3854160334,15.3765923478,1.5845248120000002
16.1855632238,0.6080387476,1.822192203,1.8821400682,2.5814379522,0.2480609478,9.9648946982,3.3044635858,1.3068414588,1.4825001277999998,6.501449331000001,0.5865524434,4.5556192092000005,2.4176700794,5.7916693486,6.4351401716,11.7849389134,7.458623682200001,15.5487137508,0.9286446492,6.6293206584,0.7802347048,13.5171325336,0.246610981,0.3317495433999999,0.1440250674,7.7656208256,5.425242777999999,1.4162597602,3.4743240728000004,1.5136929194,8.782703655,0.099545123
1.508866363,0.8617048921999999,4.978243917,0.0422309856,2.266632452,5.5865092614,1.7583109504,4.5968677608,2.2530486884,0.4938530448,2.8475814958,1.661142002,3.747879597,4.8251860776,2.081831215,4.4035884276,5.280787810400001,3.3228906941999994,2.1737676842,1.3625613368,6.285350998,2.1999884552,2.1578779266,1.6145600586,0.8195252734,0.085703642,3.9476571788,4.2152385306,1.8945724744,2.3490230204,0.1272706524,0.3896626064,2.639109491
3.4041412606000003,1.8116520988,5.0933262592,0.0690883664,0.534005622,5.3495490202,1.5840526306,12.0347175408,1.363361535,0.2167945026,2.9469590706,4.4295621464,5.1380729894,5.4836249148,0.3400830096,0.6396078584,0.7237132192000001,1.0322958062,1.5035256172,1.0663448006,4.6274836496,8.4209888016,2.9230991528000003,1.8550453774,1.3753653052,1.2071772264,1.7727476746000002,3.950743944800001,0.1158227986,2.868268092,0.601348851,5.3485645892,3.5160356955999994
1.4900015816,8.5865013772,1.928304711,0.4426199941999999,2.9160395578,1.5190018467999995,2.0304147292,1.317626294,1.8804693252,3.2416217400000003,0.3507073069999999,7.069508579799999,4.403113814999999,2.903888258,0.8977004788,0.8514986126,0.860846188,0.5252598458,2.065316112,2.7319934812,1.4801694572,0.8468861195999999,1.2341856858,6.468883184800001,4.7194866904,5.8836045722,1.2641605943999998,3.1097439928,1.4185092988,3.1179215076,1.63309655,8.564715106200001,0.7109204979999999
0.8211186824000001,5.1289713072,0.55542053,2.6637587362,1.1752953696,0.1680681197999999,1.1716737772,0.3930475494,1.1091302488,2.1245819218,2.6425432362,9.9717055716,1.4367270792,0.5245921596,2.5498332218,5.018276135,1.7162308918,3.3001024286,1.2361722036,18.828992055600004,2.1212558144,0.1898012492,1.110037846,10.9160164968,15.0330413618,4.518865862,3.6711514926,0.7211195586,2.6410814298000003,0.7642821782,2.228248762,2.610511183,0.2340859446
0.304471896,0.5551042832,0.8981686348,0.7053417042000001,0.0230536794,0.6087482192,0.0394934656,0.0509085678,1.137673758,0.8419837526,5.5322200742,1.3089193298,0.5789264238,0.915016349,1.4213517144,2.6976602646,2.0302953092000005,2.2816637614,0.0314154088,0.8191742114,1.8786884772,0.0214944922,0.0808919498,0.597853719,1.4097727806,0.1581306271999999,1.265304472,0.293870289,2.0019563134,0.4306309112,1.4260587648,0.6787016542,0.053506864
1.2805020232,0.8132315316,0.4234243974,0.5885707446,0.1537629286,1.7832945001999998,0.2662114728,5.074833689,0.5596383152,1.0312054488,0.322398896,0.8106283466,3.2657273265999995,3.359312243,0.0581558712,0.2645346048,0.0546166866,0.1596561762,0.01715361,2.6215687372,4.565031812,2.6812681664,0.053287557,1.413343712,1.8727984874,0.5774424476,0.0462490192,1.870640078,0.3465927594,3.0812241222,0.186339825,0.395391171,1.8680035082
1.7686116938,0.1645997012,1.769637687,0.0484570588,3.2686401398,3.0399205646,2.1690515150000005,1.3303863646,4.3251679712,0.7163982918,0.9403700312,0.9898258794,4.508452848999999,3.550959472,1.4723138498,0.9580504878,0.4903079829999999,1.091403363,2.5754438548,0.0106446611999999,6.870566856000001,4.1788264152,1.0651061434,0.184298772,0.0054633794,0.0921379074,0.906782629,3.7486812656,0.7169086294,3.550084551,0.1849507566,2.3862823108,5.3799054184
4.720620933,5.3634378924,3.9183688272,0.8598114069999999,2.4675912272,8.357924219000001,1.2459127636,2.6103403448,4.151481123,2.3114059662,1.1949753978,1.5710217934,2.4719176664,5.271033569799999,0.6497711128,1.5312578922,0.3157252208,2.2428526696,0.6792705176,10.342966296,3.7270128494,2.2283520986,0.284896624,8.4245862692,7.930340803200001,7.8782630522,2.467902771,5.3003504476000005,0.1537863046,2.4788216344,0.5877257412000001,3.963990433,1.7215084390000002
0.7105868636,2.488201371,2.895745413,0.6283284572000001,0.0500716932,8.303029604399999,0.0215984148,1.195369834,4.0204560266,2.6207337274,0.7630462566,2.8631714818,2.0009894998,10.1494264754,3.9893441426,1.6157458128000002,0.3334332952,0.6930692562,0.0119008418,10.0560018794,4.4609152922,0.3991331414,0.0922973408,4.958588869,10.635257439,2.4627879828,0.2728971828,0.7870775830000001,0.6034890618000001,3.4064964774,1.87762234,3.1816376544,0.0715403368
1.6447853684000002,3.3073093596,1.2052010284,0.3254651616,0.5207700037999999,0.999768349,1.0970390344,4.1046595666000005,2.5331636792,0.7644926423999999,1.3266737696,3.8803773024,1.2277578402,1.7331495972,0.365093669,1.1307959404,0.0534278052,0.2619811274,0.6859969778,10.6014871606,2.4071111048,1.7515622403999995,1.1981783428,8.5470840134,16.642856164599998,1.326684315,0.3027471918,3.5556476128,0.105173127,1.0672646318,0.3667874818,2.5795010704,2.878578644
1.6084174560000002,0.0080280986,0.3836604464,0.0020610264,0.0829651952,0.0829391172,1.7376865106,0.2578843748,0.7844894534,0.0072531329999999,0.2722839732,1.1879553022,4.0482614254,2.462015689,0.0306658629999999,0.2258054498,0.466466232,0.1190341204,1.491031448,0.0013205444,2.4123665846,0.1231231876,5.5143236514,0.1428260533999999,0.2306447098,0.0006800528,0.0366523022,3.3427685776,0.0041711698,4.2112579468,0.0024426702,0.1966290688,0.144834319
12.9124680894,0.8051229354,11.2667102428,0.1005759178,12.95025516,10.6288040842,11.3317117124,13.2854655444,0.9349384006,0.0323547748,8.3541422052,0.176622622,1.6206466460000002,3.355634095,2.7697712398,5.7311404134,10.891954976,8.7724598694,13.4463956972,6.614983656999999,3.6094196796000007,13.2262312002,15.370080237599998,4.674900971,5.4443755430000005,0.0906321824,8.2628972188,13.030377901,0.3005213698,2.5258660048,0.1504207768,3.4068793654,11.1840597314
0.828631992,0.6244938062000001,0.5791866902,0.005567083,0.9382107688,2.5697801694,1.6941768456,1.1390386016,1.8836878444,0.0072924088,2.4822650132,0.0187936808,4.2919096762,3.7705824024,0.3434514102,1.369092492,1.9466627736,1.4873595708,1.479554221,4.631952248199999,0.929781313,1.9717063638,2.4624288182000003,1.0288205414,3.093873666,0.028507607,0.2688753584,1.2832371706,0.1709183074,4.7206703478000005,0.0232106674,0.0612051612,2.237745137
0.7783452216,1.745412553,1.888973023,0.009061975,1.0967870756,2.817193033,1.016267676,2.4187496746,0.551337023,0.5229147566,0.8693109761999999,0.3435791562,1.6987177444,3.0981996794,0.097454511,0.5387246996,1.5177790906,0.5200372034,1.2127255224,3.5895357704,5.0726519046,3.3648430388,1.2574766924,3.0239656678,3.9340961346,0.4135663764,0.251708022,1.8993892818,0.2000908713999999,3.790543145,0.1188743758,0.1093444917999999,2.1102291128
7.6592546186,2.520928317,1.4040247922,2.9732077228,3.0616915168,2.5516270286,4.9749702110000005,4.6365370708,0.3917289526,2.6801806668,0.5382524944,4.2843573694,2.6631816028000004,1.7241098088000002,0.9972282358,0.4093519994,1.2012952194,2.953683198,3.671305605,3.0422812804,6.8773873442,5.1863631774,2.3771277994,4.2595221854,2.2841919042,2.4618383784000004,0.3502206286,5.6051415574000005,1.213402372,2.7482032234,2.8565859854,6.5806467298,5.678924991800001
9.0602269324,4.509704964,6.402475653799999,6.879986221,3.9613004886,7.6747863142,2.685951852,2.0903514884,0.2100358924,6.4327406944000005,17.2709055778,2.0264582310000003,0.4122042922,2.4868186414,10.4362948284,13.8725990212,13.287354660599998,11.330635232,5.574682406,7.423577542799999,1.2336560526,3.1243473918,7.8085253814,2.9424888146,6.258630096999999,1.5327286268,6.7749464158,4.179224970599999,8.2804502926,0.745240838,8.6038015066,5.6696800094,2.0509087434
0.6121920122,1.3444402198,0.8218541686,1.6966150656,0.055105514,0.294273576,0.7194772024,2.1028346506,0.2808630338,1.6904484446,0.1140418038,0.0836779516,2.777079502,1.4240466496,0.4381911553999999,0.0972332422,0.0833265421999999,0.1616718674,0.09239541,3.6608994032,0.654351507,1.2152091342,0.0327771087999999,2.349810552,2.7984975148,0.9378781814,0.4380902476,0.7616288102,2.2609327074,1.4575778545999998,1.7012249861999995,0.8644752768,0.341148259
0.0053226952,1.508089715,1.4599969944,0.0009567184,0.0857813778,0.1689146392,0.1633735562,0.2458901086,0.0214518516,1.0187986758,0.0500118493999999,2.3680945884,0.021979269,0.2899305704,0.010496995,0.0343309839999999,0.3418640808,0.0191514818,0.0987311968,1.0652152014,0.3908812231999999,0.4111059324,0.1150461202,3.26241925,3.0329783834,0.8443430983999999,1.167872155,0.1789918063999999,0.266144556,0.2269521323999999,0.102290013,0.9772653218,0.4955446547999999
0.8452995999999999,3.3248124784000006,0.6462552086000001,0.0056470016,0.5042452732,0.4441936904,2.4662172664,1.4005644548,0.0102967636,0.407955834,0.3834813038,0.4147159001999999,0.5991408434000001,2.215123865,0.0040971378,0.082832281,0.8094801551999999,0.6318428956000001,1.5396649033999998,4.6932563978,2.7687482752,1.1698472964,1.9086162154,3.932284352,5.2122037082,1.8644671966,0.0711850782,1.7799000235999998,0.0012593575999999,1.5789988484,0.0075461061999999,0.0551469708,1.4626063675999998
0.7460623881999999,0.255232196,0.523793274,0.0356753996,1.6513080496,0.8436108971999999,1.1538966476,2.5574402658,0.011378464,0.1313532744,0.5455272214000001,0.6242492816,2.3288868338,0.5591471982,0.1057943252,0.2756948292,0.4510564198000001,0.294376608,1.4375591716,0.0151232071999999,5.8319500498000005,2.0939160766,1.1858389098,0.1581085586,0.0911830788,0.315821682,0.1964391856,1.2683380893999998,0.1380850739999999,1.562966628,0.0035300039999999,0.0488604108,1.8314710064
0.267289376,0.8803095822,0.8491796788,0.0061990038,1.1699086482,0.4254545822,0.7468745526,0.5040667508000001,0.0001592216,0.6027309252,1.8958892952,5.507432627199999,7.804780000000001e-05,0.179506775,0.68240857,1.154313021,3.071544041,2.118806393,1.126482368,0.1034546651999999,0.0352126768,0.6798905838,2.3968464506,1.1591683572,0.0075270348,1.8041454866,2.0330581418,0.1704718418,0.4892530845999999,0.0199146932,0.1390618308,0.6647406643999999,0.7417839267999999
2.1021557342,1.0414991884,2.7995965860000003,1.3901961046,3.2668088806,0.186894627,4.8113288708,1.175692613,0.0007907268,0.7161846842,3.727573652,0.6186482634000001,0.0217482515999999,0.4925389167999999,3.2141881608,3.883826053,7.92537226,4.0248080174,5.8807802766,1.3192478313999998,0.156767949,1.1623222628,7.9270540606000015,2.1523430726,1.2040895834000005,0.2318792396,5.3524704846,2.810509178,2.1116296806,0.0054740558,1.3155479364000002,1.1318300922,1.5497934398
2.8375490586,1.4200707542,1.0029097247999998,1.7580107518,2.6303412924,0.898215055,3.1687962508,1.7073324956,0.0400976672,1.2353552222,1.8749765470000004,1.9272610648,0.1560533734,1.374573047,1.8555142982,1.8576070786,1.8972620898000003,2.5203694826,2.6678068794,1.509575229,1.0069246762,1.0872936606,2.8572646808,1.091893152,1.262611848,1.5676301288,1.575545971,1.9146104408,1.8147854886,0.1814528186,1.6162812224,3.3372538,1.2242856008
0.3110292014,0.0025854524,0.0143970182,0.0033137272,0.1181215643999999,0.3048857416,0.6533035064,0.6194603508000001,0.0424524232,0.0016220708,0.0188698582,0.148207106,0.1133790628,0.1244318624,0.0013230709999999,0.0029152609999999,0.0025146763999999,0.0057861367999999,0.0689070792,0.0,0.3092839576,1.070255515,0.0299984199999999,0.0448636428,0.0017209016,0.0018248756,0.000603526,1.1986113948,0.000519056,0.0916314712,0.0022812906,0.031533012,1.262107162
1.9564143494,1.010621809,0.4503250255999999,1.5176443662,2.5727016112000003,0.039057423,2.0037728372,0.139317334,0.0,1.31516902,2.1689408816,0.1503808296,0.0,0.0086695953999999,1.7004344165999998,1.713263981,2.3291303612,2.693979252,3.1036144846,0.262279133,0.0095420298,0.272867832,3.587835479,0.8297218514000001,0.6928226876,1.0681983688,0.5396534044,0.8755566578,1.6642316649999995,0.0,1.6514414392,1.209910076,0.4703369355999999
1.6075205196,1.1604452106,1.118043499,0.451342896,1.3987484882,2.0361631146,1.484698775,0.9615349628,0.0543544036,1.0176386656,0.1277635406,0.6296081768,0.0003169318,0.3910055008,0.0133546468,0.0544395334,0.2936301129999999,0.2024765166,1.2746290218,0.0486316438,0.1309098,1.2598328738000002,0.8261985508,0.9974879316,0.5231305317999999,1.3435365238,0.0279150905999999,1.2689998038,0.1484327382,0.057927513,0.6932159622,2.7510180986000004,1.5872579212
0.357367289,1.0472518516,0.0752295856,0.1313836548,1.1519270874,0.3284934354,1.2748402576,2.766955234,0.0,0.5881823098,0.0705639372,0.5899204906000001,0.0,0.3407733814,0.0010977928,0.022188589,0.046357565,0.0744616932,0.3577433236,0.4906367913999999,0.2003827588,3.138579802,0.1266258884,1.471738944,1.0132066948,0.9349920926000002,0.018201507,1.5871408764,0.0718109014,0.0035650629999999,0.168764336,0.4522804864,2.9421007761999998
0.1550809488,0.0,0.1762249026,0.0,0.0289445383999999,0.0465296126,0.0192234518,0.6231890532,0.003016446,0.0,0.0450143274,0.00016928,0.0,0.0152012826,0.0,0.0080427262,0.0044913852,0.0073744478,0.0185161854,0.0,0.04767117,0.6019878706,0.001723491,0.0001623522,0.0,0.0,0.0046255086,0.2443913716,0.0,0.0011628272,0.0,0.0013867336,0.1528223282
0.156855374,0.0,0.047794825,0.0,0.0,0.0147831,0.01409934,0.17741301,0.0,0.0,0.094892729,0.000184208,0.010254064,0.234602727,0.0,0.024325781,0.001311077,0.042844503,0.001255765,0.0,0.056036284,0.015815773,0.0,0.0,0.0,0.0,0.000788939,0.21205151,0.0,0.000151704,0.0,0.000865702,0.0
