BM,BTG,BWQ,CLJ,CT,DMZ,FSB,GGS,GTQ,HK,HLS,HMS,JJQ,LJG,LK,NJG,PS,QJDQ,QXC,SJY,SMZ,SPY,SWB,SXC,WC,WHK,XH,XJX,YJ,YLJK,YSG,YYL,ZT
1819.11875,34831.95625,1869.89375,19882.34375,11016.5125,91.1,9265.8625,9058.08125,926.85625,32542.1875,12694.525,7279.80625,1708.09375,3999.93125,12732.66875,12671.19375,12694.775,280.58125,12647.78125,1107.7375,5008.05,9112.19375,12493.5125,37639.46875,40297.89375,32940.3875,3075.0125,281.6625,24869.85625,2672.3125,21000.65,12735.6125,9261.11875
1754.9625,32571.875,2122.95,20667.4125,12862.03125,78.28125,10694.7625,10456.325,1671.3875,31830.0375,15429.2375,5289.5,2556.61875,4050.3875,16072.73125,15528.8,15394.96875,369.80625,14788.90625,1176.1375,6372.40625,10502.73125,15035.6875,34840.25625,36891.13125,31787.275,4790.53125,212.85625,26327.71875,3284.175,20849.35625,15761.95,10643.85
2070.284375,32013.728128,2460.74375,19346.0125,15945.412502,56.765625,13594.790628,13096.481252,1886.475,29736.8625,17372.446876,4046.434375,3225.478125,3989.24375,16704.296878,17176.478126,17412.056252000002,310.54375,17640.190626000003,2285.034375,8956.431251,13300.146876,17119.196878,33909.659376,36335.515626,30169.578128,4049.2125,633.084375,25076.31875,4141.8125,19887.084376000003,15561.150002,13642.390628
5689.396875,45430.784378,2422.778125,33723.878128,20662.265626,64.16875,18170.650002,16154.465626,1746.828125,46333.928126,27436.000002000004,7009.290625,3691.10625,4070.0375,27334.462502,27384.618754000003,27427.578126,426.421875,26627.143752000004,2657.009375,11843.4625,16608.825002,26801.109376,47959.03750200001,47647.546878,45182.293752000005,4555.39375,1125.13125,38069.659378,4962.58125,32493.359376,25678.009378,17694.271876000003
4125.984375,69785.165628,3349.575,49612.69375200001,22782.193752,46.48125,19460.618752,18057.384378,1659.9,69295.071878,31033.318752000003,10290.193754,4001.665625,4109.7125,31849.259378,31268.671878,30860.096878,771.9625,27470.934376,3130.071875,13811.409378,18312.862504,27997.015628,73860.62500199999,79436.41250399999,68758.96562599999,5868.35,787.884375,58411.346878,6006.4125,49990.337504,30822.218754,19049.278128
2274.825,72237.81875399999,7520.4625,46990.296876,25692.956252,196.596875,18247.700002,17115.353128,1652.60625,69298.540626,31564.040626,7640.396875,4159.071875,4784.84375,33637.821878,32023.012502000005,31347.946878,1054.6625,28392.365626000003,5237.65625,12221.634378,17510.668752,28886.181252,75620.03125199999,82857.234378,70133.243752,9312.840626,378.93125,60495.646876,5596.64375,48744.796878,34211.515628,17945.587502000002
2452.4875,61715.97500200001,13488.043753,45730.28750200001,35270.600004,2332.265625,21637.456252,17169.918752,1499.840625,59925.925002,39201.462504,4920.021875,4210.525,5426.434375,39552.96875,39282.293754,39128.987502,860.29375,38222.884378,7982.946875,11386.39375,19912.784376000003,38069.796878,63485.003128,72997.515628,60043.071878,6687.83125,1352.784375,54575.743752,4803.746875,45809.721878,37993.703128,21148.640628
3150.815625,63060.875002,7097.209375,41786.156254,25930.159378,1124.7375,18703.10938,15610.48125,1343.41875,58632.03750200001,32215.312502000004,3395.265625,3673.296875,4848.625,34787.453126,32717.731252000005,32040.378128,896.5,29852.106252000005,9430.053126,10403.950002,17213.331254,30587.721878,65325.359378,75311.806252,59855.13125400001,8174.921875,978.7125,54292.078128,3949.7625,43689.184378,36521.918752000005,18221.353130000003
2011.03125,50805.243752,4293.6875,32599.021878,22932.053126000003,1082.178125,18552.168754,16093.937502,1362.278125,45379.159378,26473.087502,2513.11875,3638.603125,4875.815625,27793.515628,26725.768752000004,26388.212502,503.08125,25331.121876,12847.028128,10842.100002,17610.146876000003,25673.228128,56993.825002000005,74764.078128,46566.928128,6546.68125,636.084375,41809.909378,3617.003125,33773.63125,28740.112504,18283.431252
1315.3625,38321.19375200001,2078.559375,26863.259376,18271.668752,408.1875,16072.275002,14522.968752,1145.865625,35055.946878,21254.028128,1890.090625,3655.146875,3642.996875,22544.606252,21507.140626,21169.050002,326.390625,20059.818754,13193.803128,10679.859378,15288.059376,20565.890628,42037.968754,59103.793754,35921.865628,3336.865625,289.1875,32322.121878,3512.721875,27981.584378,23821.596876000003,15790.990626
803.49375,29084.931252,1712.0875,20103.056254000003,13731.29688,252.2875,12038.584378,10826.778128,1140.79375,26372.143752000004,16693.962502000002,1536.796875,2912.25625,3180.925,16971.106252,16743.087502000002,16643.334378,235.465625,14738.050002,13038.406254,7537.371875,11282.471878,15037.821878,31366.621878,46559.290628,27214.762502000005,1776.91875,356.0875,23977.975004,2679.95,21290.234378,17566.51563,11721.990628
2634.58125,30020.728130000003,3682.790625,24832.640626,18473.021876000003,296.3375,14665.362502,12397.021878,1288.85,33737.840628,24706.712504000003,1366.24375,3198.8125,3541.5,24907.218754,24768.643752,24640.665628,933.925,22095.868752,8207.615625,8765.115626,12789.840628,22723.734378,30513.096878,37236.003128,32085.496876,6996.54375,1339.46875,33468.831252,3009.678125,23778.346878,22346.975004,13955.309376
4296.4875,53406.418754000006,2942.771875,35025.35000200001,21353.440628,458.615625,18385.418752,16637.987502,1376.30625,50974.056252,28744.875004,2156.9125,4292.83125,4570.321875,31105.437502000004,29080.496878,28634.125004,1359.384375,26349.437504,5247.009375,11954.090628,17114.278127999998,27144.428128,56771.21250400001,61436.03125400001,51350.896876,8642.525001,995.490625,47814.656252,3751.734375,35592.343752,31281.434378,17891.628128
2728.415625,50834.400004,4813.165625,36433.500002,25893.371878,1245.484375,21166.762504,18595.781254,1415.53125,50004.296878,29699.806252,4284.390625,4725.278125,5795.071875,31411.412502000003,29991.012502000005,29591.412502000003,1267.215625,28732.078128,5142.571875,12516.734378,20225.778126,28827.440630000005,53452.956254,60006.175004,49892.446878,6834.512501,524.440625,45566.112504,4007.8,37027.018752,30953.000002000004,20795.834376000003
3556.7640626,62351.61719,8556.7968752,47019.226566000005,32395.498438,1330.0875002,23728.170314,21189.203126,1351.903125,64196.923438000005,40744.089064,4546.0625002,5657.9000002,6497.8468752,42693.695314,41228.281252,40518.901564,1780.76875,36823.960938,5140.1515628,14493.907814,22804.298438,37311.376562000005,63417.764064,67600.0875,63199.871874,12842.225002,739.471875,60263.56875199999,5344.1218752,45904.821876,40250.515626,23355.1
2443.5578128,77381.935936,8800.6406254,53468.8875,33549.54375,990.2390625,24593.601564,21998.792188,1355.0515627999998,77543.490626,41100.76094,3843.1093754,5634.4140628000005,6189.1062504,44369.871874,41783.46875,40867.751564,1335.2312502,37150.729686,6782.232812799999,15597.959376,23476.396876000003,38143.443748000005,78072.735938,83670.376564,77582.000002,17385.673438,502.0171875,73419.326566,5750.7484376,54794.773438,45765.47968800001,24107.931252
1409.873438,67546.448438,13476.262500599998,46174.582816,38285.6875,1312.3421876,24887.376564,22996.751564,1394.5093752,66454.500002,41209.554688,2923.6531252,5416.7156254,7691.2812504,41955.675002,41340.732814,41144.6375,849.190625,39813.3125,8234.4562504,15126.620314,24538.489066,39768.012498,69676.500002,80360.79375,66373.009376,15544.967186,271.2953125,63003.870314,5673.164063,46546.807814,41017.268748,24759.503128
1222.6718754,64693.125002,8375.4218762,43292.26093800001,31393.517188,703.3203125,22711.778126,20287.309378,1251.234375,60275.054686,35709.940623999995,2119.2281252,5275.428125,6041.9125004,37636.920316,36069.242186,35593.04687599999,498.26875,33618.112502,8585.2203126,14056.551564,21507.92969,34319.339064,65948.7125,74949.78750399999,62219.61875,10113.3515626,280.1953125,56718.303126,5263.226563,44934.795314,39747.417188,22021.487502
2066.4375002,45099.464064,7009.6734382,33653.385938,28662.253128,1322.6968752,21655.428126000003,18805.596874,1229.9687502000002,41638.226562,31764.36719,1613.2250002,4622.5234378000005,6026.8343752,31372.981252000005,31632.228126,31794.539064,240.940625,31591.757812000003,7527.2359376,12513.26094,20586.35625,31367.123440000003,47171.514064,57385.398438,42718.973438,3767.623438,484.09375,39056.495314,4625.4062504,34312.575002,31003.42344,21032.125002
3584.4171878,47373.19843999999,9653.8125002,43199.496878,32005.273438000004,1089.2406252,22118.670312,18469.587502,1178.9609378,52975.60625,40079.245316,1329.6609377999998,4103.6968754,5497.4562502,41331.057812,40353.387498,39979.96875,468.2484375,37339.765626,4919.9515630000005,12677.69844,20249.32969,38240.910938,45476.307814,47959.343752,51190.878126,12090.1828126,858.6953125,53296.064064,4554.2765628,42157.98437599999,40981.950002,21313.439064
1878.7968754,53648.665626,9408.928126,33623.404687999995,26463.44844,1148.6937502,17170.720314,15061.773438,1156.9203128,48719.107814,29227.906252000004,1129.3156254,3524.4000002,5235.8250004,29918.470314,29313.195312000003,29196.190626000003,297.1453125,28581.701566000003,3221.6984378,9662.0078128,16481.126561999998,28631.896878,55848.232814,61290.61875,50245.589064,9203.842188,350.771875,46148.075,3836.9078128,35507.514064,31283.612502000004,16874.8125
953.8062501,46898.017188000005,10403.570314,34178.735938,26253.239064,890.3921876,15640.740623999998,13849.846876,1067.2859377999998,47835.16718999999,29672.845314,976.3625001,3260.7359378,5093.7781252,31071.098438,30023.620314,29570.734378,291.93125,27958.471878,3312.715625,8633.1875002,15027.085938,28642.017186,46577.85000200001,49417.720314,47633.854686,11806.8625016,184.921875,46740.309376000005,3429.3390630000004,34364.78125,31755.871874,15387.784376
740.2203125,40284.893754,11767.2781256,27813.251564,25359.904690000003,946.3078126,13704.190624,12370.06875,1045.3140628,37120.340626000005,25976.860938,857.2875,2755.5046878000003,5234.3140626,25894.950002,25931.29219,25986.890628,210.915625,25959.857814,4030.8281252,7069.9843752,13411.671876,25766.068754,42111.142188000005,48474.476564,37863.976566,6457.1343754,162.6671875,35519.392188000005,2935.6062502,28458.979688,25664.506252,13593.301564
1072.5828126,39286.346876,9743.6609382,29236.950002000005,22874.079688,594.7546875,12966.839064,11638.1625,1013.6218753,39678.58594,25600.704688,770.4375,2569.6562504000003,4230.3687502,26482.048438,25782.503126000003,25542.895314,222.746875,24480.393754,3832.4093754,7317.2625004,12422.739064,24941.178128,38867.296878,41929.806248,39856.975,8608.8375002,244.78125,38775.90625,3018.9781252,29654.17344,27245.807814,12756.31094
1358.3859376,35197.853126,5539.4062502,23838.170312,16522.373440000003,288.5859375,10856.889064,9687.8359372,930.971875,32494.368752,19631.323438,709.1546875,2334.4062502,3260.8375004,20648.807814,19833.175002,19563.451564,254.0171875,18419.307814,3490.9218752,6319.9125002,10206.1468752,18956.929688,37042.78125,43014.990626,33331.901564,5132.2859376,264.86875,31038.695312000003,2579.2796878,24918.187502,21820.189066,10597.307815
1466.7312502,29521.93125,3410.6140626,19883.517188,13278.873438,201.4859375,9791.1781262,8986.0875002,913.3796875,27773.771878,15979.032812,699.73125,2389.5421878,2904.7265626,16897.198438,16139.371876,15924.795311999998,356.9265625,15119.25625,3371.3437502,5983.9671876,9299.5687504,15467.373438,30946.682814,35699.509374,28246.039066000005,4851.2421878000005,309.0171875,26523.431252,2451.8875002,20763.89219,17664.632814,9592.1296886
1240.4734377,26067.968752,2084.9062502,17963.300002,12373.328124,177.5484375,10222.6468746,9249.4359378,881.3015625,24475.339064,14594.179688,738.7296875,2471.4781252,2753.5265628,15248.303126000004,14714.464062,14555.884375999998,234.090625,13921.075,3247.3625004,6376.4578128,9637.1671882,14228.985938000002,27297.459378,31497.179688,24973.053128,3989.4468754,278.6796875,23217.040624,2396.1156252,18445.340626,15646.910938,10006.937501
912.228125,22013.598438,1626.0406252,15273.951561999998,10419.673438000002,148.325,8765.7468752,8056.3046878,784.921875,20517.628126000003,11902.942188,759.428125,2030.2328126,2560.2375002,12446.728126,11993.032814,11874.146876,208.0078125,11488.862502,2796.4343754,5382.8718754,8366.08125,11633.596876,22904.170314,26501.79375,21052.798438,2546.7515628,232.2375,19235.065626000003,2067.3500004,16053.610938000002,13109.601564,8632.4875002
1320.9218752000002,18418.334376000003,1506.1234378,14043.990628,9769.7546876,178.6125,8225.6328126,7252.9625002,718.3609375,17531.262502,11729.2375,730.253125,1744.9546878,2465.6265626,12011.371878,11777.595314,11708.75469,215.096875,11284.525002,2205.6859378,4657.4125002,7661.1828128,11436.078126,19234.332814,22112.35625,17771.614062,2046.176563,273.6984375,16601.532814,1761.8375002,14225.970314,12011.289064,8031.134375
1663.5312502000002,18441.359378,1575.2421876,14831.245314,8619.4265628,156.4171875,7004.4125004,6184.4359376,653.878125,18764.407812,11474.726566,717.353125,1531.5125002,2301.5156254000003,12182.553124,11608.176562,11428.350002,327.203125,10583.8578116,1740.6140628,3785.8812502,6524.9921878000005,10930.2437486,18792.684376,20784.795312,18630.090626,2723.2359378,209.6109375,18043.932814,1468.9031254,15025.321875999998,12336.357814,6819.814062799999
879.6437501,19339.554688,1085.6437501,13765.951564,6967.9765628,111.175,5840.9156252,5275.8203128000005,586.4921875,18350.596876000003,8667.0687504,854.1421875,1379.2187502000002,1854.8687502,9392.0156258,8791.5500002,8629.4968752,211.8734375,8073.6656252,1420.6421878,3367.5906252,5500.7765626,8318.9531252,19809.396876000003,21461.532814,18782.184376,1937.7031252,155.509375,17002.642190000002,1333.1718754,14401.732814,10299.3984402,5711.0203128
924.9718751,16342.609376,1000.3171877,11523.531252,6333.9796878,84.5,5310.8437502,4794.4796878,518.1,15171.126564,7714.8687504,922.409375,1252.6031252,1624.8171876,8034.0937504,7755.2406254,7699.5687502,207.675,7414.2500002,1437.6906252,3117.7953126,4978.5203126,7503.0125002,17050.210936,19142.565626000003,15589.065624,1274.3046876,177.35625,13835.414064,1209.4593752,12092.665628,8281.6140628,5182.6187502
1462.3218752,14412.414064,1041.7171876,11199.434374,6565.376562799999,84.3625,5501.4312502,4810.5625002,456.3921875,13825.523438,8702.539062799999,891.3359375,1202.1828128,1593.6234378,8916.2296878,8739.2968754,8685.9843752,229.625,8263.6796876,1415.8406254,3146.7640626,5011.4406252,8455.9390628,14978.400002,16778.543752,13994.917188,1494.0125004,296.740625,12808.073438,1228.25,11147.3125,8520.2531252,5321.2906252
807.4,14428.075004000002,864.7875,11244.009378,5946.575,75.959375,5063.575,4549.540625,401.35625,14320.450002,7318.440625,873.584375,1077.709375,1534.60625,7844.196875,7405.6625,7290.94375,206.771875,6905.678125,1251.859375,2955.56875,4736.9625,7065.51875,14617.396876,15832.565628,14440.353128,1238.3125,179.175,13271.009378,1150.6375,11652.625002,8384.953125,4949.9125
719.06875,13552.890626,838.0875,9826.437502,5400.015625,75.828125,4543.6375,4059.46875,347.515625,12766.696878,6617.125,849.06875,971.35625,1392.915625,7020.1875,6683.775,6594.778125,206.415625,6268.66875,1082.109375,2617.953125,4234.0875,6399.078125,14017.359378,15464.600002,13061.118752,1076.275,151.9,11659.384376,1062.209375,10222.109377,7239.440625,4428.615625
737.703125,12097.946878,895.546875,8756.303125,5125.784375,75.271875,4228.215625,3821.553125,298.9625,11449.656254,6210.60625,772.2375,892.9375,1314.946875,6502.096875,6252.471875,6193.909375,207.24375,5955.503125,938.740625,2458.55625,3968.03125,6019.003125,12460.418754,13688.237502,11714.081252,977.34375,157.3,10432.796877,1021.15,9093.58125,6632.296875,4135.825
949.915625,11016.590628,975.95,8548.775,5206.784375,82.4875,4214.83125,3727.059375,255.078125,10794.206252,6598.603125,691.171875,821.85,1278.81875,6847.209375,6638.684375,6581.275,210.8875,6287.4625,823.8,2391.2375,3898.784375,6391.60625,11310.475002,12362.625004,10854.703128,1381.009375,185.321875,10097.721875,969.940625,8597.4375,6678.671875,4105.209375
785.08125,11321.284378,851.196875,8457.665625,4766.33125,76.14375,3897.553125,3432.64375,213.646875,11165.215628,6049.071875,624.5,745.409375,1208.2125,6456.39375,6115.44375,6026.625,206.028125,5692.73125,734.2625,2169.796875,3602.040625,5828.2,11415.428128,12058.231254,11305.587502,1316.35,158.3125,10365.184377,865.015625,8697.696875,6693.509375,3792.5625
843.45,10711.925,813.50625,7777.603125,4467.5,71.153125,3650.315625,3292.7375,175.71875,10157.628126,5600.203125,575.55,681.51875,1190.8875,5906.7625,5641.003125,5585.14375,207.459375,5389.4375,668.134375,2053.321875,3413.1625,5435.20625,11027.331252,11943.431254,10379.675002,1005.3125,167.340625,9375.0,850.003125,8048.446875,6065.471875,3561.90625
846.58125,9819.234375,859.61875,7720.709375,4856.990625,111.190625,3985.253125,3445.328125,143.3875,9541.503125,6032.0125,544.24375,623.00625,1230.809375,6226.1375,6058.39375,6020.00625,206.20625,5808.8625,623.159375,2143.215625,3676.959375,5880.55,10054.021876,10869.815626,9653.55,1011.640625,168.2625,8923.703125,835.7375,7732.934375,6021.790625,3878.271875
794.525,9824.875,779.259375,7921.109375,4260.459375,74.3375,3465.778125,3023.103125,114.484375,9950.3,5490.015625,529.0625,572.30625,1117.721875,5901.471875,5556.225,5467.684375,206.771875,5178.590625,613.721875,1860.009375,3178.659375,5277.734375,9965.7,10579.415628,9943.706251,1003.459375,154.53125,9387.453125,765.2625,8123.996875,6172.671875,3361.6125
1205.7,10298.675,766.98125,7617.325,4097.1375,61.975,3319.15625,2866.81875,91.6375,9950.05625,5648.75,533.8625,524.65,1109.85,5862.275,5678.16875,5635.85625,206.03125,5413.2,627.69375,1713.90625,2999.34375,5491.6875,10559.8875,11549.70625,10096.975,1063.21875,187.53125,9225.43125,706.91875,7830.90625,5752.2125,3204.525
798.1,10027.437501,755.596875,7731.9875,3932.796875,67.940625,3169.85,2801.403125,76.825,9925.575,5138.109375,527.51875,496.2875,1114.665625,5539.015625,5199.50625,5117.390625,205.359375,4832.040625,601.865625,1638.49375,2932.084375,4940.11875,10218.934376,11026.625002,9991.646876,1102.984375,151.253125,9311.81875,683.3,7967.103125,5796.571875,3089.115625
792.521875,9810.5875,737.171875,7122.053125,3916.63125,57.68125,3172.94375,2851.61875,67.440625,9323.821875,4971.1,514.18125,474.70625,1083.765625,5217.653125,5000.84375,4959.184375,205.834375,4785.890625,623.440625,1729.5,2955.015625,4828.2875,10062.621876,10841.425002,9531.246875,971.68125,152.553125,8609.365625,698.65,7336.98125,5265.1375,3102.35
1300.4875,9874.990627,791.615625,7554.965625,4106.0,54.90625,3309.840625,2861.915625,60.875,9783.918751,5613.890625,531.553125,450.8,1135.65,5717.79375,5614.396875,5608.71875,210.465625,5494.525,699.53125,1675.6375,2980.8875,5496.265625,10154.665626,10782.668754,9731.915626,1007.390625,216.321875,9099.2,672.09375,7698.928125,5458.009375,3194.1875
1425.25625,12759.200002,829.875,9295.55,4341.38125,80.334375,3509.0125,3029.19375,59.003125,12596.303128,6103.003125,690.91875,445.775,1248.5375,6395.059375,6137.284375,6087.090625,216.821875,5853.240625,749.60625,1703.05,3200.221875,5925.059375,13555.375002,14027.262502,12459.121876,1460.384375,206.40625,11646.653128,721.534375,9686.828127,6316.228125,3393.353125
988.8625,14473.712502,769.21875,9862.862501,4401.990625,81.271875,3626.625,3258.45,57.9,13724.425,5782.796875,975.315625,436.615625,1260.615625,6190.865625,5842.396875,5762.10625,208.003125,5483.73125,756.40625,1916.98125,3401.09375,5589.928125,15260.784376,16098.98438,13946.753128,1483.8875,166.5125,12338.490626,741.796875,10370.162504,6406.453125,3549.034375
998.840625,14149.553128,796.3875,9321.840625,4696.340625,95.10625,3895.678125,3436.15,56.428125,13006.543752,5916.7,1132.30625,435.909375,1268.3125,6085.703125,5926.28125,5908.525,209.6375,5774.74375,890.85625,2075.98125,3622.046875,5794.534375,15090.037502,16169.696878,13303.600002,1217.884375,188.85625,11425.290628,745.0875,9729.621875,6011.825,3802.553125
1223.9375,13800.30625,753.7,9869.425,4420.071875,84.353125,3642.040625,3087.834375,55.028125,13135.209376,6083.040625,1280.396875,416.26875,1175.740625,6416.11875,6135.68125,6063.29375,208.21875,5796.109375,990.734375,1840.234375,3280.45625,5899.35,14862.875002,16218.768752,13268.190628,1196.15625,189.328125,11572.65938,700.79375,10080.387502,6414.696875,3514.475
1559.709375,13871.384375999998,744.515625,9865.225,4321.021875,67.5625,3582.196875,3177.146875,53.684375,13395.578126,6044.446875,1542.0375,404.75,1283.925,6244.85,6061.440625,6035.953125,212.94375,5921.56875,973.025,1830.053125,3294.44375,5931.734375,14544.1625,15676.08125,13516.071875999998,1174.746875,226.725,11576.043752,652.01875,10131.012502,6245.6375,3496.60625
1154.7,14332.43125,857.45625,11045.8125,4519.35625,105.50625,3646.61875,3119.575,51.6625,14329.76875,6155.51875,1987.2125,422.79375,1338.23125,6521.675,6216.89375,6133.8875,205.5625,5800.39375,912.8375,1688.56875,3327.56875,5950.7875,14824.55625,15750.41875,14281.73125,1278.30625,188.66875,12272.1125,644.55,10902.8125,6512.3125,3541.75625
969.3875,16009.89375,730.05625,11537.31875,4154.775,76.09375,3416.09375,3027.54375,49.35,16204.8375,5443.68125,2810.925,390.825,1216.84375,5796.1,5509.70625,5421.28125,214.09375,5211.4,819.25625,1758.50625,3159.825,5268.48125,16200.35,16699.31875,16171.73125,1152.0625,168.58125,13280.38125,644.01875,11894.5125,6052.43125,3334.1875
1053.8,16128.675,739.7625,10062.34375,4004.2875,57.43125,3256.29375,2852.525,47.36875,15311.85625,5475.40625,2744.2625,373.06875,1215.1875,5808.325,5544.43125,5448.50625,220.1375,5162.2625,719.36875,1593.8875,2980.025,5266.53125,16690.73125,17590.46875,15601.48125,1487.95625,154.15625,12286.85,631.63125,10457.24375,5783.5125,3158.35625
882.23125,14698.54375,859.575,9651.46875,3960.8125,52.5125,3112.3,2822.4875,44.95625,14114.71875,5184.3625,2188.625,361.48125,1302.425,5547.55,5248.74375,5160.19375,213.85,4901.10625,586.175,1486.05,2909.49375,4980.65625,15311.06875,16056.56875,14280.05625,1686.45625,140.99375,11777.4125,613.5375,9892.84375,5679.53125,3043.15625
888.15625,14288.5625,1197.9375,9206.025,4621.775,60.25,3436.71875,3193.7375,43.11875,13889.20625,5416.4875,1842.3,367.81875,1601.45,5516.56875,5408.94375,5414.95625,212.30625,5481.7875,436.5375,1561.9,3252.81875,5368.0875,14494.8,14587.34375,13944.24375,1951.65,153.2125,12120.60625,618.4125,9528.4875,5441.14375,3353.74375
1757.38125,20052.725,1468.675,10368.075,5399.48125,89.75,3942.40625,3398.79375,43.59375,18909.0,8340.8,1535.6375,386.6,1762.86875,8243.24375,8372.98125,8285.34375,245.24375,7348.825,584.43125,1581.6375,3539.1125,7466.66875,21495.4,21235.8,18538.6,3958.60625,222.25625,17438.2625,609.66875,10761.625,7021.7,3751.45
1714.11875,28342.60625,1814.65,15129.7125,5550.93125,62.5625,3684.41875,3197.4125,50.5625,27804.275,8899.00625,1610.8875,442.21875,1621.875,10019.81875,9154.4625,8801.61875,424.7625,7617.36875,1055.3125,1527.2125,3311.71875,7938.60625,30842.6375,32367.13125,27390.56875,6115.25625,191.8375,25261.75625,617.0125,16082.38125,10284.45625,3516.14375
1647.65,29190.4375,912.9375,15398.25625,4607.68125,0.80625,3651.4,3181.3125,44.275,26915.5375,7192.19375,3071.3375,465.8875,1420.65,8076.41875,7329.08125,7141.8625,482.3,6564.2125,3525.78125,1708.9125,3202.0875,6713.3,31563.2875,36414.49375,27411.975,4028.31875,297.175,22534.3625,595.35625,16647.41875,8791.95625,3436.81875
2136.53125,24129.51875,1038.73125,14801.775,5377.90625,1.05625,4326.4125,3628.23125,40.35,23338.95,8447.6,4482.8625,587.9625,1486.4875,9018.05,8535.0625,8413.43125,493.175,7863.36875,4401.9125,2068.15,3666.3375,8074.45,25571.2375,30773.04375,23453.21875,2771.38125,472.0375,18454.65,667.83125,15051.7,8494.25625,4063.83125
1182.35625,21433.85,454.89375,13303.4875,4466.85,0.21875,3983.0625,3546.20625,36.84375,20501.475,6492.475,3912.24375,629.45,1308.40625,7330.34375,6632.6125,6449.33125,273.1,5861.73125,3107.09375,2178.7625,3596.2375,6152.46875,22271.1125,25884.48125,20856.275,1710.9,249.2125,16229.26875,692.9,13982.35625,8101.4375,3828.5125
1983.5,18354.0375,1187.6625,10631.3875,5701.75,20.8375,4597.15,4216.4375,35.85625,16707.11875,8715.2625,2399.5125,557.56875,1786.35,8619.925,8666.60625,8710.675,525.175,7820.79375,2093.46875,2289.68125,4326.2125,7824.09375,19967.0875,22567.85,16937.29375,2031.3875,299.04375,14183.3,753.225,11238.75625,7227.29375,4477.60625
2820.15,19727.1625,2570.8625,16714.05,8602.81875,207.6875,6003.94375,4949.875,37.78125,21054.93125,13076.78125,1663.31875,592.93125,2277.34375,14239.2625,13257.8125,13014.5,802.36875,11859.75625,1440.94375,2511.74375,5406.58125,12242.56875,20467.1125,22062.48125,20398.175,3592.50625,372.38125,19905.625,853.725,16164.95,13383.675,5786.11875
1698.86875,26109.86875,1616.4,17525.48125,6452.275,47.825,4796.9875,4065.69375,32.41875,24282.95,9451.9875,1685.29375,536.19375,1789.9375,10731.78125,9658.55,9390.925,461.24375,8514.8125,1039.48125,2190.9875,4265.89375,8845.88125,27548.41875,27661.00625,24647.0,2375.15,221.5875,22152.03125,780.9,18713.725,12138.55625,4553.09375
2586.5625,27524.34375,3763.14375,19030.225,9224.40625,117.19375,5404.75,4254.05,31.6625,27273.1125,12173.0125,2721.88125,522.1,2300.925,12283.225,12112.475,12186.4875,710.675,12089.90625,1064.1,1895.34375,4540.15,11910.20625,29635.125,31464.18125,26778.71875,4628.4,388.34375,24585.33125,780.1875,19288.6875,11012.775,4878.375
2426.68125,38370.63125,2863.0125,27562.16875,9118.96875,161.29375,6117.56875,4559.225,30.075,40133.25,13497.0875,6158.75625,620.625,2389.94375,15027.80625,13734.9625,13425.1625,655.3,12219.925,1048.725,2064.86875,5039.18125,12825.18125,38592.2875,38559.8625,39524.4,5262.8625,445.95,33907.06875,830.8625,27894.71875,15539.9,5600.5125
2230.8125,36755.3125,1259.28125,20645.43125,7265.575,154.41875,6000.6,5655.71875,52.75,33437.33125,9351.79375,6012.7,657.45,3223.0,9640.24375,9316.99375,9361.54375,318.68125,9513.08125,1396.9,2373.825,5796.3,9347.73125,38290.15625,40899.8375,34605.84375,2299.65625,319.33125,26154.9875,879.175,22584.5125,10786.83125,5863.0875
2655.01875,27013.55625,2344.5625,22656.56875,12125.25,819.1875,9843.19375,8277.36875,137.2,27581.3625,14457.8875,5357.49375,1031.08125,4506.8875,14022.38125,14326.98125,14488.95625,294.6875,14764.79375,1432.775,3646.6,9252.525,14542.90625,27788.275,30297.61875,27127.25,1609.60625,509.1625,22617.25625,1361.73125,21404.58125,12376.7625,9582.05625
2384.68125,35514.14375,3092.93125,29405.03125,14492.925,720.41875,11273.90625,8978.9,164.625,37917.15625,18183.8,7167.78125,1507.80625,4132.375,18593.74375,18267.05625,18153.7125,294.10625,17461.29375,1065.06875,4687.01875,10130.4375,17855.6,34618.9,33852.18125,37240.50625,2171.38125,526.1,31140.8625,1674.34375,29127.225,17863.91875,10787.1875
2164.11875,37425.525,1482.8375,24373.025,11437.3375,289.4125,9882.00625,8778.225,150.75,35170.00625,14567.8375,6154.61875,1712.5125,3309.575,15217.8,14669.25625,14536.08125,233.05625,13947.08125,757.64375,5388.33125,9235.4125,14238.4125,38220.58125,39498.2875,36022.8875,1445.86875,367.78125,28155.6,2025.93125,25783.66875,16078.80625,9620.3125
3493.89375,30564.14375,1356.76875,25140.65,11924.7625,103.475,10569.93125,9800.01875,231.3375,30962.6,16032.96875,5722.81875,1915.56875,3226.5125,16152.975,16000.68125,16034.1,445.29375,15662.425,549.70625,6497.36875,9936.19375,15732.1625,31056.3625,31922.05625,30630.75,1291.80625,506.18125,25397.875,2621.83125,24282.80625,15447.5,10320.0625
5427.725,43185.375,1368.0625,34728.3,13583.85625,79.0125,12223.43125,11350.5375,400.45,46494.23125,19637.93125,11773.63125,2086.38125,3668.44375,19565.01875,19530.76875,19662.5625,479.4,19194.86875,386.79375,7605.1875,11483.675,19303.825,42506.74375,40231.99375,45432.49375,1432.9375,498.925,35079.06875,3248.96875,33860.46875,18509.4,11898.15
4779.59375,65543.7625,1386.475,46260.29375,15060.26875,378.1125,13667.23125,12679.7,748.475,66841.65625,21325.0,18160.43125,2670.6375,4067.18125,22355.4125,21446.95625,21287.60625,528.05625,20122.3875,342.925,8574.825,13057.975,20690.23125,66649.975,65455.13125,66160.4375,1961.725,442.6625,48817.90625,3722.625,46579.9625,22650.6625,13415.66875
3466.3,65372.2125,997.59375,38626.4,17457.38125,212.88125,16495.7375,15914.85,930.425,62506.73125,20983.2875,18720.25,3540.16875,4352.60625,20999.64375,20929.34375,20994.4625,284.3875,20889.0625,273.55,11512.4125,16076.0875,20879.4,67271.09375,69000.025,63413.5875,1582.66875,526.58125,42696.74375,4276.91875,40078.85625,20720.0625,16400.85625
2911.975,59286.54375,833.7625,36112.43125,17482.725,62.6125,16606.175,15666.38125,954.0,58932.79375,21161.0375,19908.425,3893.625,3765.81875,21669.075,21244.125,21134.81875,225.3125,20651.95,209.26875,11823.86875,15912.48125,20896.625,59887.2,60412.35625,59291.95,1707.9875,335.10625,38608.05,4394.15625,36557.4375,21941.05625,16362.00625
3528.6125,65238.03125,1097.71875,38223.61875,17345.4375,361.5375,16323.69375,15573.85625,1061.6,64789.9125,20972.31875,24173.33125,3592.6,4678.1875,21099.325,20929.6875,20976.38125,389.74375,20824.725,186.24375,10795.29375,16034.74375,20795.225,65529.61875,64698.0875,64714.5,1368.95625,392.06875,40209.15625,4265.5375,38303.64375,20784.60625,16261.675
2715.515625,68344.85000199999,5515.6125,43863.390628,25818.309378,629.1375,20356.734376,18366.431254000003,1219.25625,66219.37187599999,30059.975002000003,19295.740626000003,3982.346875,5844.1875,30269.921876,30209.231252000005,29966.378128,520.546875,28719.778128,252.275,12188.406252,19487.740628,28851.937502000004,70446.65625199999,71672.212502,66452.668754,2735.5,546.8875,47058.950002000005,4302.428125,43463.306252,27960.268754,20039.971878
1775.709375,65821.000002,3313.721875,41098.812504,21602.768752,270.41875,18150.962504000003,16589.715625999997,1120.884375,62531.118752,25765.234378,12808.381254,4486.35,4673.853125,27645.421876,26082.137504,25661.240628,575.453125,24041.196876,363.503125,11728.300004,17240.08125,24695.818754,67892.53750199999,69925.31250199999,63519.990628,3975.8,402.05,48711.831254,4186.6625,43070.181252,29469.206252000004,17768.900004000003
1162.615625,58472.215626,1551.634375,39628.731252000005,16524.943752,67.065625,14865.443752,13705.093752,918.95625,57033.459378,19666.690630000005,9933.659375,3713.40625,3587.828125,21575.653128,19944.350002,19585.834378,450.26875,18256.615628,1008.265625,10004.821875,14085.39063,18894.543754,59563.846880000005,61462.490628,57180.262504000006,3520.740625,235.34375,46311.337504,3334.24375,40580.359378,23150.246876,14536.121876
720.71875,51927.078128,982.059375,31811.240628,11769.790626,20.053125,10796.425002,10400.359378,1035.953125,48062.165628,13294.203128,8841.81875,3005.90625,3127.815625,14403.471878,13455.325004000002,13249.115628,239.328125,12663.218752,3580.1,7234.88125,10477.871876,12924.087504,53615.590626,59155.37500400001,49377.03750200001,1894.29375,154.034375,37704.871878,2575.878125,34099.518752,15950.243754,10667.312502
1194.25,36629.534376,2201.965625,23484.971878,13604.915628,159.4875,11452.537504,11126.525002,1248.228125,33873.471876,14460.521876,6249.646875,2862.034375,4448.159375,14352.996878,14400.537502,14480.631252,243.05625,14690.968752,6044.78125,6660.578125,11215.437502,14471.484376,38245.190626,46392.459378,34689.765628,1705.65,392.59375,26993.081252000004,2436.171875,24443.537502,13700.621878,11467.253126
2879.16875,33330.618752,2649.15625,25782.209380000004,16393.328128,131.8,13760.956252,12873.109378,1164.625,33604.812502,19610.715628,4422.84375,3047.71875,3774.803125,19815.056252,19612.568752,19614.368752,416.484375,19324.556252,5435.315625,9046.271875,13096.11563,19337.025002,33948.556252,40104.140626,33313.971876,2876.2875,548.31875,29398.865628,2683.9625,25561.487502,18578.562502,13634.981252
1864.06875,35697.0,2052.2875,24569.750002,14036.328128,150.946875,11912.09688,11039.253126,925.040625,34688.003126,16982.600002,3400.834375,2831.44375,3216.86875,18108.118752,17179.190626000003,16923.371877999998,430.715625,16174.228128,4829.953125,7761.165625,11333.387502,16467.787504,36410.771878,42051.284376,35064.2,3649.953125,332.190625,30731.790628,2494.05625,25835.718752,19063.443752,11743.190628
1305.121875,30145.300002000004,1208.565625,19535.140628,12736.603128,104.909375,11523.759378,11384.831252,828.95625,27910.703126,14492.600002,2491.35625,3026.834375,3052.7375,15241.931254,14629.481252,14459.628128,320.64375,14098.834376,4933.646875,8315.040625,11411.521878,14222.171878,31300.275002,37840.500002,28627.10625,3044.678125,220.903125,24618.756254,2717.240625,20445.678128,15881.015626,11519.081252
858.946875,23164.281252,924.184375,17744.415626,14695.168752,125.765625,13773.962504,13289.675002,815.825,21989.096878,15616.337502,1865.5,3129.76875,3034.23125,15635.153128,15630.556252,15615.568754000002,212.0125,15585.325002,4933.23125,10166.690627,13519.081252,15552.568752,24011.262502,30034.403128,22289.853128,1848.2375,193.771875,19878.587504000003,2783.9125,17711.309377999998,15117.056252,13709.037502
772.009375,21506.218754,810.553125,17944.771878,12613.434378,128.48125,11748.890626,10775.812503,762.471875,21628.918754,14395.565626,1479.3125,2690.9125,2483.090625,15154.950004000002,14551.387502,14351.787504000002,205.6125,13707.300002,3871.3375,8207.5375,11164.312503,14043.250002,21612.203128,25585.668752,21630.059378,1499.7625,159.365625,20052.215626,2381.03125,18265.337502,15742.256254000002,11512.093752
656.665625,19911.984376,716.134375,14671.618752,10024.962501,102.646875,9290.2875,8808.69375,839.2125,18733.812502,11263.271876,1241.45625,2426.915625,2177.75625,11887.328128,11375.690626,11231.993754,205.534375,10839.400002,2512.196875,6589.725,8993.35,11012.771876,20423.221878,23526.825002,19170.112502,1083.990625,144.7375,17017.390628,2123.853125,15390.1875,12648.862502,9176.50625
677.334375,16316.0375,708.003125,12878.825,9724.25,75.3875,9015.8875,8641.8875,909.465625,15667.35938,10679.037502,1077.296875,2430.9625,2311.1125,10943.350002,10718.190626,10666.381252,205.0875,10485.775,1699.153125,6292.85625,8778.346875,10543.434376,16753.606252,19173.887502,15866.728128,1080.26875,140.1375,14403.259378,2063.490625,13060.896876,10976.228128,8933.653125
676.5671875,15353.821878,1084.4140626,12802.96094,10508.246877,72.9609375,9498.40625,9398.2953126,923.175,15174.123438,11053.08594,948.0171875,2264.384375,2843.7156252,11130.639064,11042.456252,11054.139064,206.65625,11102.250002,1294.1140626,6531.4078126,9431.4734376,11011.875,15653.620314,17117.370316,15202.932814,1041.5203126,137.3125,14148.93594,1982.2031252,12874.689064,10962.454692,9488.328125
703.60625,15825.71719,3508.2218754,14903.095314,15137.287502,405.5125,11703.171878,11518.0687506,1107.0140626,16562.8125,15202.714064,853.9375,2613.3406254,3726.4812502,14610.810938,15063.510940000002,15235.754688,206.215625,15617.840628,1147.5453128,7785.3625002,11809.470316,15300.495314,16118.71719,17454.326562,16188.348438,2308.8968752,140.3421875,16131.06875,2891.5828128000003,14102.603125999998,13137.798438000002,11777.915626
690.9875,20836.778126,2108.4125002,18990.120314,15329.410938,183.8296875,13158.35625,12618.592188,1187.5421876,22551.778128,16654.987502,786.7953125,3502.1984380000004,3314.6937502,17123.971878,16739.640626,16628.132812,204.6328125,16220.323440000002,1139.8500002,9259.3531252,12891.632812,16410.137502,20382.764062,20567.318752,22064.357814,3326.0187502,138.4109375,22090.23594,3243.1562502,18736.06719,17205.484376,13062.79844
680.6640625,22229.854688,1142.6437502,17351.676566000002,13298.812502,106.6671875,12122.61094,11773.700002,1065.1937504,21238.967190000003,14471.525,737.59375,3744.7828128,2864.2078126,14998.356252,14556.257814,14445.576564,204.934375,14114.529688,1407.1578128,8879.264062600001,11915.84219,14256.048436,22766.712502,24634.129688,21595.309376,1778.2312504,135.0953125,20110.41875,3079.3484378000003,17840.087498,15569.3375,12048.481252
671.89375,19254.681252,1086.5953127,16182.35,14282.175002,188.6359375,13231.307812,12965.41875,983.4,18634.953128,14808.759375999998,699.6984375,3412.4125004,3022.7859376,14783.525,14781.379690000002,14812.814064,204.7,14895.279688,1626.7812502000002,9912.3968766,13148.157814,14789.917188,20219.817188,23984.871876,18810.28125,1410.9609378,138.8,17798.939066,2892.7109378,16189.1,14466.282814,13222.587502
673.165625,18903.896878,3515.7218752,18258.171876,17826.32344,222.8859375,14379.376562,14128.981252,1097.4625004,19748.865626000003,18146.167188,666.7625,3288.7562502,3292.9000004,17746.032814,18059.51094,18164.670312,205.6046875,18362.3875,1331.4437504,10806.8203146,14310.992188,18147.209378,19201.50469,21168.110938,19430.001566,1851.0234378,141.7203125,19379.256252,2994.4625002,17724.818752,16598.14375,14360.626566
690.39375,23487.720312,2770.7015628,22546.575002,19393.703128,251.2859375,16544.473438,16030.196876000002,1122.0750004,25313.810940000003,20696.75469,633.465625,3752.4812502,4109.3546878,21055.58594,20764.326564,20674.537502,204.8953125,20269.654686,1067.0546877000002,11848.992188,16352.743752,20428.368752,22920.34375,23155.09844,24766.248438,3342.5656252,151.85,25161.373438,3835.4500002,22021.15625,20870.975,16484.087502000002
640.521875,26220.39375,1968.5640628,21478.154688,17035.650002000002,166.2609375,15022.907814,14187.740626,1064.2250004,25548.040626,18508.184376,596.8046875,3693.4687502,3716.4828128,19167.414066,18628.320312,18472.207812,203.603125,17926.837502000002,836.009375,10394.1265636,14561.101564,18182.2875,26544.742188,27575.190626000003,25803.554688,2366.3906252,137.5578125,24663.471878,3763.1281252,21917.226564,19791.310938,14843.737502
642.2453125,24267.657814,7036.4187502,20440.535938,20054.784378,231.425,13145.64844,12644.365626,1012.5578126,25415.457816,20715.743752,565.734375,3305.9875004,3604.2296876,20195.179688,20609.873440000003,20731.564066,206.8984375,20486.856252,786.3484375,8994.1171876,12927.087502,20218.125002,24750.624998,26258.715626,24726.90625,6547.334375,128.625,25708.20469,3450.6890626,19947.568752,18857.25625,13061.53594
660.5203125,34497.375002,5043.0078126,24251.89375,18909.464066,196.903125,13755.251564,13267.920314,1029.6046878,34836.915628,20922.653128,555.9515625,3310.2921878,3816.4000002,21759.101564,21096.953126,20863.41719,205.14375,19888.251564,807.4890625,9377.9968752,13543.412504000002,20205.006254,34363.10937599999,34386.418752000005,34983.63125,8238.750000600001,143.3421875,33822.943752,3779.4171876,24581.710938,22584.528128,13691.03125
614.303125,28949.284376000003,2163.2109376,19900.268754,14342.821875999998,116.7484375,12085.526566,11402.046876,945.515625,26435.435940000003,16089.954688000002,552.259375,3102.4265626,3188.4781252,17028.295312,16264.945316,16038.510940000002,203.303125,15283.823438,1652.2187502000002,8148.0000004,11683.66719,15640.229688,30254.982812,33410.564066000006,27253.66875,3289.2390628000003,123.2171875,25054.901562,3338.8468754,20863.915624,18233.976564,11926.784374
606.696875,21691.88594,1088.3828127000002,15658.031252,11077.254688,70.884375,9925.1906258,9273.4421872,833.4921875,19856.414064,12529.11094,536.378125,2692.5750002,2655.4109378000003,13244.209376000004,12656.428126,12490.828126,202.9765625,11946.982814,2447.1140628000003,6558.1312502,9516.0750014,12221.918752,22639.514064,26201.234376,20459.545312,1673.5109378000002,116.51875,18720.051564,2677.6109376,16404.832814,14072.528128,9762.1046886
616.41875,17132.962502000002,825.0765625,12854.528128,9357.0187502,54.071875,8528.4484378,8244.2781252,765.0359375,15936.462502,10397.059376,513.85,2427.7531252,2415.6343752,10840.773438,10464.96719,10374.190628,203.6234375,10064.745313,2091.9171876,5795.1906252,8335.607812799999,10166.9937516,17787.006252,20653.837504000003,16341.995312,1091.4265627999998,117.165625,14996.240623999998,2304.3828128,13431.910940000002,11344.470316,8459.2828128
630.5796875,14692.496876,1035.3843751,12055.739064,9448.6828126,100.0375,8400.3343754,7901.0734378,707.059375,14659.685938,10427.596878,495.61875,2135.1046878,2504.9500004,10678.96875,10463.307814,10413.889061999998,203.36875,10187.3375006,1607.1671878,5340.1609378,8113.7359376,10266.751564,15043.465626,17132.928128,14618.69375,2068.8937502,121.815625,14207.745314,1988.8328128,12112.41094,10595.15469,8298.467187799999
588.15625,15095.275,879.6390625,11610.437502,8142.385937600001,94.8640625,7242.9281252,6821.223437799999,656.4296875,14679.326564,9198.9468752,482.5,1793.3484378,2271.6812504,9694.5750006,9275.9453126,9174.8156252,202.45,8855.6906252,1231.5718752,4494.5687502,7000.8156252,8991.75625,15252.431252,16452.525002000002,14885.392190000002,1572.8140626,113.1046875,13927.79844,1707.7078126,11954.614064,10158.7843762,7152.2687504000005
576.2890625,13506.55,1001.9546875,10457.090626,7552.929687600001,98.65,6534.4906252,5994.9640628,615.2828125,12810.501562,8607.1984378,471.9375,1563.8921878,2036.2953128,8941.0312502,8658.1875002,8588.0875002,202.3328125,8267.7703128,982.7890625,3899.3093752,6221.4718752,8397.904687799999,13909.623438,15312.164062,13037.79219,1188.7515626,109.5890625,12121.853125999998,1461.9953128,10667.465626,9062.3765628,6412.6437502
605.58125,12552.357814,1806.4062502,9978.1796882,7457.598437799999,77.8921875,5668.9687504,5250.5250002,579.4125,12766.140626,8491.2125002,465.090625,1401.6140627999998,1856.2203128,8661.9250002,8520.1515628,8468.5328126,203.3859375,8112.2750004,831.4328125,3345.0609376,5418.3265628,8149.957812799999,12671.551564,13635.56094,12660.709376,2255.7453128,109.03125,12397.456252,1216.7906252,10155.917189,8630.128125,5575.5125002
603.0484375,13745.5625,1332.0953128,10006.356253,6379.3671878000005,59.4109375,4995.1000002,4628.9437502,544.18125,13820.789064,7695.4015628,470.95,1288.80625,1611.2437502,8274.917188000001,7799.489062799999,7661.8593752,202.8484375,7177.0078128,762.1171875,2978.3921876,4761.829688,7383.2906252,13921.795314,14558.968752,13817.982814,2763.8812502,106.196875,13248.478128,1057.3125002000002,10190.571876,8655.3093754,4908.2515628
618.9421875,13569.353126000002,932.64375,8741.7187504,5610.1390628,51.634375,4665.2296876,4382.9906254,509.396875,12594.27969,6593.0953126,497.009375,1202.5609378,1581.8000002,6980.504688000001,6649.3671878,6573.2562502,203.4109375,6315.6265628,743.6453125,2766.0000004000003,4483.4484378,6397.7578128000005,14248.087502,15670.45,12856.162502,2302.4625002,108.025,11828.428128,961.4421875,9172.3250002,7306.3687504,4603.2046876
617.275,13335.132814,857.4390625,8366.5953128,5323.0515628,47.24375,4458.5406252,4152.8859378,473.3625,12325.950002,6343.8859378,548.134375,1126.7796878,1510.0515627999998,6650.920312799999,6385.4531252,6325.6015626,205.53125,6023.9671878,809.3859375,2603.3609376,4258.4468754,6111.9046876,14203.184376,15126.609376000002,12532.515626,2072.1859378,108.2296875,11397.3875,889.8296875,8726.8234378,6745.3437502,4386.3000004000005
583.43125,12610.335938,912.9421875,8426.7781252,5091.3296878,45.1375,4154.7875002,3826.2437502,439.45625,11688.354688,6089.7765628,812.46875,1057.8484377999998,1339.8812504,6433.4812502,6139.0437504,6072.1640628000005,201.6765625,5796.5078126,969.7187502,2445.9437502,3939.9890628,5904.4250004000005,13667.68125,15280.957814,11860.446878,1597.145313,103.6390625,10630.831252,833.884375,8691.654687799999,6548.845313,4076.9093752
550.3640625,11706.721876,692.9890625,7775.6796878,4532.4609378000005,36.9015625,3826.9625002,3564.8937502,409.76875,10917.300002,5415.7312502,1033.3687503,997.8484376,1205.7203128,5776.4000004,5464.4937504,5398.7343752,201.2046875,5170.8265628,1091.501563,2322.8390628,3648.5421878,5258.7015628,12406.482811999998,13929.21719,11139.567188,1147.1890626,99.0671875,9630.3953124,790.0625,8131.3812502,6041.4171878,3764.2203128
539.5359375,10383.1343756,653.84375,6989.5812502,4368.7062504000005,37.475,3708.6078126,3471.4171878,379.496875,9713.1203134,5132.9343752,1012.2375003,942.9734375,1175.9296878,5396.2453128,5161.7750002,5121.3734376,200.8171875,4965.1750002,1095.3890626,2247.9593754,3552.3000004,5012.7359378,10901.66875,12413.204688,9916.2843768,990.0890625,100.159375,8502.892188000002,762.9640625,7240.4406254,5490.9984380000005,3656.7109376
534.1609375,9389.6640628,636.2296875,6646.7750002,4306.4296878000005,38.740625,3663.2078128,3379.1828128,352.06875,8936.545312600001,5081.8375002,895.384375,897.046875,1148.1750002,5328.8625004000005,5109.6906252,5070.2734378000005,200.5015625,4905.9171878,992.8234377,2179.5046878000003,3483.5062502,4961.0796878,9823.5906262,11060.340626,9077.5281254,891.65625,108.2484375,7904.9906252,752.5765625,6787.617187600001,5335.0328128,3606.2421878
530.496875,8748.0390626,623.0078125,6422.1734378,4109.3937504000005,31.2921875,3474.0843752,3250.340625,325.61875,8484.4968754,4885.1046878,767.171875,846.93125,1111.8890626,5149.8140628,4913.5718754,4873.3265626,200.38125,4697.0796878,861.4234375,2104.5062502,3318.0984376,4752.0109378,9060.6468752,10110.0515636,8575.7203126,848.8671875,98.3359375,7618.935937799999,747.6390625,6572.935937799999,5236.9937502,3418.8812504
553.09375,8349.7875004,688.3875,6236.6296878,4248.7640628,36.9203125,3553.4234376,3305.6968754,300.165625,8108.589062600001,5010.5562504,660.71875,804.7703125,1132.0578126,5205.2171876,5026.9390626,5002.0125002,200.1,4861.1718752,743.975,2123.7234378000003,3391.0031252,4900.0265628,8583.2078128,9448.0984378,8199.6718752,875.7546875,109.240625,7354.7687502,764.971875,6317.6546876,5132.9062502,3499.3687504
521.3421875,8136.665625,607.684375,6293.853125,4133.3734376,36.7109375,3520.0453126,3268.1421876,277.4015625,8124.253125,4896.3984376,584.715625,754.884375,1098.6562502000002,5162.7203126,4926.6750002,4884.3328126,197.953125,4715.9093752,649.6296875,2119.2062502,3357.7375,4774.0296876,8270.9437502,8959.9015626,8147.982812600001,930.86875,100.8546875,7482.807812600001,752.4703125,6387.0328126,5218.8625002,3467.765625
503.084375,8115.24375,585.553125,6083.95625,3890.4125,31.928125,3297.91875,3050.7,255.53125,7938.834375,4662.553125,531.175,710.596875,1069.09375,4953.103125,4698.5875,4648.809375,194.66875,4462.7375,575.23125,1946.221875,3127.746875,4531.5875,8274.58125,8881.26875,8018.065625,898.453125,97.090625,7308.475,695.125,6219.653125,5043.06875,3240.965625
563.659375,8190.428125,584.859375,5803.071875,3779.509375,25.41875,3194.0125,3008.459375,234.671875,7822.259375,4628.215625,495.271875,666.665625,1096.546875,4790.396875,4636.9875,4618.5,193.509375,4384.875,540.225,1880.76875,3059.2125,4442.33125,8618.240625,9033.915625,7972.775,886.2375,95.2,7134.446875,654.50625,5991.815625,4791.853125,3150.5875
582.18125,8257.384375,727.746875,6026.640625,3879.496875,27.6,3144.4,2895.825,216.6625,8022.203125,4829.278125,500.65,627.684375,1113.66875,5090.875,4864.515625,4815.05,191.359375,4541.065625,510.375,1746.1875,2974.5875,4642.703125,8978.540625,9868.887501,8013.871875,1411.58125,90.715625,7531.653125,629.728125,6031.63125,5004.46875,3086.046875
491.9875,8589.290625,562.521875,5883.28125,3509.690625,26.965625,2938.68125,2730.19375,202.059375,8277.115625,4283.01875,561.225,591.01875,1057.090625,4617.35,4325.346875,4267.971875,188.8625,4069.13125,496.778125,1634.5,2795.340625,4145.0375,8901.875,9429.040625,8412.928125,1083.4875,88.6625,7510.1625,586.509375,6110.55625,4857.35,2891.71875
466.721875,7961.5875,526.278125,5368.28125,3365.8375,21.325,2834.85625,2629.828125,188.18125,7389.928125,4050.1375,578.771875,563.3,1030.703125,4298.034375,4076.675,4039.16875,185.715625,3887.43125,534.81875,1563.95625,2687.3,3939.628125,8440.721875,9306.9,7567.3875,826.934375,89.078125,6628.909375,563.090625,5556.734375,4380.603125,2786.975
457.853125,7137.23125,507.38125,5111.684375,3268.178125,18.025,2760.596875,2606.975,173.628125,6876.8,3900.41875,551.53125,543.484375,1041.903125,4127.740625,3922.28125,3890.875,182.775,3761.95625,576.225,1537.734375,2644.165625,3798.7125,7413.25,8213.128125,6966.265625,780.375,88.49375,6214.465625,557.121875,5247.95,4189.0125,2726.690625
555.89375,6913.45,519.121875,5026.853125,3314.271875,17.0,2799.5,2652.878125,161.925,6775.284375,3951.65,515.396875,526.890625,1128.384375,4121.20625,3960.01875,3945.828125,181.996875,3884.6375,587.98125,1495.65625,2683.10625,3876.328125,7135.25,7760.58125,6818.165625,871.384375,96.259375,6168.13125,548.596875,5143.875,4104.534375,2766.184375
663.65625,8130.85625,611.615625,5501.303125,3526.2875,54.596875,2921.290625,2724.94375,151.3,7637.0625,4345.640625,546.978125,507.690625,1221.0875,4480.146875,4352.696875,4339.34375,180.559375,4212.55,676.61875,1464.075,2794.64375,4238.33125,9017.834375,9731.925001,7660.609375,1178.5875,98.2,6924.084375,529.609375,5614.384375,4317.609375,2879.296875
494.675,9143.334375,640.3625,6083.5,3561.571875,56.446875,2908.721875,2640.93125,140.43125,9055.2125,4350.775,913.4125,489.93125,1195.878125,4613.253125,4383.7,4337.584375,176.975,4139.090625,658.815625,1406.6,2743.546875,4220.1875,9821.653125,10947.190626,8995.003125,1662.009375,85.98125,8059.40625,515.696875,6225.625,4627.7625,2849.83125
562.653125,9441.265625,617.76875,5777.215625,3419.121875,51.090625,2804.21875,2572.2125,126.4875,8834.9625,4182.2875,1138.834375,463.184375,1176.55,4374.721875,4196.146875,4173.771875,174.5625,4021.43125,683.375,1354.66875,2659.90625,4049.6875,9876.1375,10753.3875,9042.84375,1158.49375,92.484375,7463.609375,513.825,6003.71875,4443.90625,2751.653125
470.25625,8570.6375,592.01875,5536.85625,3286.23125,49.16875,2677.09375,2449.98125,114.3375,8248.79375,4049.65,1024.775,437.9625,1117.8375,4328.29375,4086.21875,4035.7125,172.05625,3833.9,786.08125,1301.5125,2532.2,3917.1875,9008.35,10105.34375,8321.10625,1371.8,84.70625,7169.24375,528.14375,5653.4625,4388.01875,2626.41875
488.18125,8099.78125,528.06875,5103.075,3165.375,30.59375,2630.48125,2411.75625,105.36875,7622.24375,3851.5,842.85625,416.625,1108.25,4032.33125,3862.25625,3844.21875,169.76875,3696.45,779.78125,1271.0375,2481.5,3739.7625,8400.00625,9340.0375,7801.23125,1040.475,87.83125,6595.51875,512.825,5311.5125,4113.06875,2578.06875
716.1,7205.8875,560.975,5028.3,3208.275,23.54375,2648.6375,2550.6,95.94375,7066.36875,4136.98125,694.00625,404.3875,1219.21875,4260.08125,4146.3875,4128.16875,169.4375,3957.94375,630.58125,1310.0625,2545.83125,3971.775,7427.24375,8155.2375,7113.56875,1035.69375,108.24375,6248.29375,510.59375,5107.1125,4118.41875,2610.25625
936.275,7123.425,732.06875,5333.425,4270.7125,34.9125,3534.5375,3184.18125,87.40625,7283.40625,5108.48125,589.6375,402.4,1507.94375,4949.98125,5056.4625,5116.675,166.93125,5191.25,405.7375,1595.9,3289.21875,5101.70625,7192.45625,7276.03125,7219.58125,1245.7875,190.5875,6677.5,532.46875,5337.26875,4479.33125,3454.78125
1429.2625,8227.975,966.93125,6749.35,4133.16875,37.40625,3141.275,2770.08125,78.96875,8319.35625,5940.36875,518.41875,393.975,1345.81875,6098.8625,5961.34375,5926.5375,167.03125,5693.35,360.0625,1374.2625,2862.66875,5755.625,8440.05625,8435.3375,8192.80625,1561.2625,129.2,7900.1625,496.35,6426.375,5798.59375,3018.7375
1307.6125,9339.69375,790.38125,7069.6875,3649.225,15.8125,2869.39375,2749.56875,70.35625,9152.26875,5419.05625,576.06875,383.6625,1403.2625,5663.48125,5464.48125,5393.6875,167.225,5015.86875,352.35,1307.625,2754.9125,5116.69375,10008.84375,10480.4125,9164.9625,1260.81875,106.5,8417.3875,469.7625,7047.8375,5742.10625,2829.075
832.575,8223.40625,701.7,7315.31875,3512.33125,0.01875,2791.5375,2640.60625,62.89375,9491.6125,4835.53125,1427.825,370.23125,1315.4,5173.8125,4892.21875,4814.58125,161.74375,4455.29375,247.1625,1276.4875,2661.96875,4602.98125,8235.54375,8653.34375,8973.99375,1653.21875,118.76875,8331.58125,448.275,6846.71875,5284.69375,2754.7625
1219.45,11875.61875,521.84375,7683.45625,2921.15625,0.0,2447.34375,2397.0625,55.30625,13095.525,4789.05625,2171.6625,359.13125,1222.4125,4756.9375,4771.15625,4773.05625,189.84375,4236.75625,328.35625,1156.6125,2366.2125,4385.875,11264.44375,10504.425,12449.45625,1224.23125,93.58125,10687.325,422.28125,8185.79375,4605.76875,2414.34375
1136.66875,15665.9875,995.38125,9863.95,3546.43125,0.01875,2552.0375,2472.55,48.33125,15719.96875,5456.01875,2507.1625,342.04375,1335.05625,5762.74375,5518.15625,5421.5875,190.4125,4782.06875,387.25625,1106.69375,2473.04375,5006.4,16032.56875,16783.38125,15457.44375,2668.9375,105.86875,13015.625,405.68125,9858.85,5490.33125,2535.26875
1007.94375,16755.2875,412.1,8889.7,2861.3125,0.025,2420.7875,2376.4625,42.28125,15337.4375,4181.5,2643.1,336.33125,1297.96875,4527.26875,4213.775,4165.5375,185.98125,3945.04375,606.3125,1060.5,2341.64375,4014.0,16883.2875,17016.36875,15799.1,1484.6,87.1375,11983.2,412.975,9767.73125,5079.35625,2369.05625
1302.10625,14260.95,638.85625,7448.29375,3580.29375,3.5375,2980.46875,2976.9125,38.3875,12713.90625,4777.9375,2326.45625,341.65,1733.35625,4706.54375,4748.90625,4777.7625,187.125,4772.425,1053.875,1215.0375,2904.2125,4687.4125,15200.475,16968.175,13053.71875,920.4375,134.475,9725.875,445.44375,8042.38125,4368.83125,2917.1625
2623.18125,14100.30625,3799.14375,11208.18125,8939.50625,222.73125,5206.725,4046.08125,48.4625,14498.2625,11034.46875,3225.13125,378.8875,2617.5,9869.19375,10817.09375,11071.8125,204.55,11420.9875,1090.825,1323.375,4452.4125,11075.39375,14511.0125,15396.9875,14082.44375,1753.8875,538.6625,11384.075,499.70625,9736.075,6978.01875,4970.35
2155.68125,23103.20625,2117.8375,20775.48125,6273.11875,75.075,4068.18125,3389.54375,48.69375,26720.08125,9819.00625,4103.7375,401.23125,1964.16875,10891.20625,10026.05625,9749.575,196.325,8804.80625,896.3125,1372.34375,3528.5125,9274.24375,21933.4375,20713.24375,25560.6375,2847.65,288.11875,23343.29375,542.49375,20668.225,12212.14375,3839.45625
1996.88125,27367.45625,1049.20625,17150.30625,4593.5875,7.96875,3533.48125,3246.30625,38.95,26120.56875,7323.76875,3679.11875,370.9,1962.875,7755.275,7368.85625,7293.18125,216.6875,6740.64375,902.60625,1254.0125,3274.81875,6826.15,28178.9,29853.425,26416.44375,1963.4625,139.7125,21990.06875,490.975,18472.50625,8395.5625,3414.95625
2935.1,27705.6,1443.975,18133.99375,5305.725,0.60625,3911.2375,3784.7375,34.50625,26789.60625,9377.20625,3772.85,346.61875,2543.475,9452.7125,9412.03125,9343.9,238.2125,8384.225,1119.825,1206.46875,3750.2375,8618.1875,28782.1125,31116.34375,26816.925,2912.54375,191.10625,22681.18125,463.3,18570.40625,8783.975,3846.8625
1533.05,28709.83125,1407.49375,19075.85,5600.95625,0.8875,4169.38125,3837.1,34.7125,28615.2,8151.40625,4837.71875,400.2875,2524.64375,8771.91875,8263.6,8110.4125,206.6125,7339.70625,1559.54375,1258.66875,3903.4625,7644.79375,28981.63125,30436.14375,28700.875,2841.35,145.5625,23444.3625,510.5125,19902.4875,9239.175,4070.50625
1142.9,26574.3875,706.4375,14198.075,4482.975,0.15625,3747.86875,3612.9,30.275,23842.28125,6038.41875,3969.6,421.34375,2115.7125,6525.8,6095.61875,6016.16875,209.09375,5708.5625,1871.1625,1475.1,3600.41875,5804.10625,27834.775,30396.3625,24690.03125,1773.4375,127.04375,18881.20625,536.95,15896.1125,7253.28125,3679.11875
2255.7625,22458.56875,592.35,12381.26875,4950.3125,0.0625,4349.40625,3957.3,42.825,21395.04375,7824.3625,3799.3875,422.35625,2421.6875,7772.925,7827.75,7799.5125,230.8625,7359.35625,1544.96875,1501.23125,3987.75,7448.05,23663.35,25770.2625,21566.36875,2012.5875,203.43125,17049.09375,619.44375,13128.93125,6991.26875,4172.8125
2232.38125,25969.03125,1719.0875,14946.7125,5808.55625,0.11875,4120.9375,3684.425,59.98125,25873.03125,8972.0125,4463.9125,421.3875,2210.0125,9176.88125,8978.825,8939.41875,418.50625,8142.075,1390.20625,1421.33125,3694.0375,8307.61875,27298.29375,29239.9875,25592.4875,3046.2625,267.6375,21228.84375,614.33125,15662.71875,8875.43125,3947.025
2915.0375,25750.01875,3846.69375,15962.68125,9601.89375,10.9875,5782.8625,4518.49375,216.9875,24840.28125,12787.1125,3628.6125,482.59375,2481.06875,12226.525,12559.81875,12820.31875,574.525,12665.40625,1179.01875,1834.8875,4713.94375,12359.60625,27050.5875,29500.75,25033.08125,3878.40625,916.8625,20933.13125,667.08125,16146.1875,10798.6,5554.71875
3500.1,26322.4875,3979.01875,20517.65,9563.3125,1.825,5460.15,4414.66875,513.1875,28157.7375,15868.9375,2544.80625,809.5875,2345.6375,17225.01875,16088.6875,15775.33125,661.2125,13834.05625,1373.2,2000.46875,4471.04375,14603.16875,26599.51875,28284.38125,27460.7,6147.275,662.25,26206.0375,881.35,20012.0625,17170.76875,5132.76875
1621.33125,26890.684378,1655.85,14992.115626,6765.09375,0.01875,5061.30625,4780.18125,633.403125,24317.453128,9650.346875,2360.828125,1324.29375,2044.246875,10761.262501,9839.009376,9581.962501,308.25625,8652.33125,1707.459375,2710.20625,4747.5375,9014.99375,28190.121876,31016.465628,25212.171878,3220.21875,297.734375,20820.668754,1113.15625,16464.037502,12332.643754,4985.00625
3212.190625,21232.315628,1325.728125,13278.34688,7747.55625,0.134375,6387.90625,5574.79375,681.9875,20487.315626000003,13254.465626,2606.58125,1610.459375,1927.8875,12748.659375,13141.906252,13238.943751,596.46875,11435.696879,1933.11875,3600.678125,5598.7375,11592.071876,22901.018754,26150.303126000003,20275.906252,3382.70625,632.9375,17817.159376000003,1239.046875,13375.818754000002,10773.365625,6165.75625
4312.2875,31013.525002,1253.759375,21826.056252,9354.240625,0.715625,7952.89375,7338.196875,745.48125,32373.71563,16170.456252,2866.490625,2004.3,2195.853125,17377.425002,16322.753126,16099.496878,876.178125,14413.071878,1942.46875,5118.071875,7246.90625,14936.556252,32209.237502000004,33850.606254,31716.425002000004,5411.240625,563.10625,29150.987504,1736.9,22394.559376,17461.778126,7650.990625
2187.003125,42425.215628,826.04375,28545.034376000003,8480.596875,0.034375,7616.79375,6917.7375,805.390625,43550.012502000005,12676.521878,11135.043751,1876.490625,2214.059375,14017.212502,12893.784376,12600.187502,456.278125,11137.862503,2512.940625,4655.040625,7032.390625,11709.346876,45843.796876,48039.050004,42560.29688,2604.74375,257.615625,32330.693754,1604.88125,28761.368754000003,15528.950002,7375.84375
1572.296875,52703.828128,4582.340625,26226.093754,12427.700001,8.821875,7812.071875,7438.85625,1460.871875,49505.087502,15131.781252,12402.234378,2285.9125,2888.678125,14417.825002,14958.565626,15148.453126000002,449.5875,14265.015628,3071.621875,4526.790625,7409.94375,13941.765627,56243.090628,60361.06250400001,50163.465626000005,4417.54375,377.6125,36023.425002,1788.715625,29109.071876,13035.306252,7608.09375
2103.23125,50741.137504,3939.671875,27896.175002000004,14318.165628,26.146875,10242.350003,9174.76875,1790.45625,48992.221878,19325.018752,8411.240625,2865.59375,3195.396875,20629.143752,19561.700004,19212.165626,776.96875,17179.259378,4024.059375,5919.7375,9305.68125,17712.415626,53401.72500200001,60110.559378,49132.434376000005,8296.525,663.846875,39605.837502,2105.61875,28731.14063,20487.006252,9919.0875
1898.33125,42884.750004,1772.296875,23896.178128,14607.534378,101.434375,12783.121876,12542.565626,1959.84375,37598.384376,17525.843754,5293.190625,3186.659375,5889.5375,18891.531252,17645.487502,17451.437504,1155.309375,16612.956252,6472.65,6651.978125,12444.984378,16748.515628,47033.29688,56895.25000400001,38856.321876,3727.753125,436.109375,30625.334378,2324.4125,24998.725002,19149.031252,12622.112504
1059.45,33752.534378,1363.49375,22599.431252,14651.140628,192.38125,13193.253128,12105.062502,1861.396875,31272.73125,17014.265628,3440.71875,3549.34375,5059.703125,18196.293752,17188.243752000002,16936.303126,642.5,16034.890626,6582.49375,6977.1125,12509.653128,16362.628128,36454.768754,45043.259378,31866.071880000003,3423.075,212.65625,27328.221878,2484.30625,23069.912502,18688.490628,12869.006254
2050.275,31195.456252000004,1068.115625,19705.478128,12242.231254,53.915625,11072.537504,10134.837503,1518.309375,28188.875002000004,15600.981252,2756.596875,3164.565625,3709.7625,16305.868754,15734.665628,15556.637502,490.565625,14744.387502,5431.915625,6378.915625,10315.612502,15045.878126,34360.046878,42143.593752,28855.975002000003,2202.63125,380.371875,24494.012502,2083.009375,20629.221878,16420.350004,10728.650004
3215.225,28295.518752000004,4191.84375,22975.562504,20385.040626,2058.8875,16269.971876,12317.690628,1438.078125,27940.343752000004,22856.178128,3230.54375,3154.34375,4541.6375,22695.006252,22781.081252,22899.240628,780.715625,23482.256252,4636.6375,7695.415625,14648.021876000004,22988.131254,30383.553126000003,36288.996878,27678.384376,1991.69375,1521.003125,24619.650004000003,2504.30625,22151.846876000003,20027.900004000003,15949.568752
4144.6625,37692.171878,3106.265625,30076.687504,19612.509380000003,973.246875,16402.378128,12936.915628,1341.40625,37920.584378,25064.840626,3281.4125,3342.709375,4000.003125,26526.862502000004,25351.537502,25008.490628,602.11875,24220.375002,3941.34375,8830.484375,14418.753126,24521.300004,38676.250002,41721.468752,37670.687502,3374.05,1302.334375,34700.487502,2702.646875,30656.662502000003,27120.28125,15762.937504
3255.7640626,37474.02344,2258.9875002,27694.332814,19468.707816,872.265625,17150.953126,14403.38125,1357.1156252,35858.442192,23668.609376,3104.7421876,3749.8984376,3880.4046876,24611.092190000003,23863.253128,23624.881252,447.925,23012.342188,3769.2203126,10354.389063,15752.529688,23213.621876,39160.48125,44220.057814,36251.257812,3397.25625,926.2140625,32338.678128,2836.9890626,28305.626566000003,24964.057814,16626.837502000002
2278.7500002,34561.79844,1963.4921876,27203.57969,21204.918752,1105.3546876,19250.176564,17094.628124,1353.8765628,34212.882814,23955.19219,2507.5109380000004,3990.9703126,5219.9500004,24483.642188,24108.982814,23856.167188,437.1015625,23544.7,3660.0500002,11708.721876,18568.157814,23555.503126000003,35463.30625,39582.749998,34251.9875,4112.9468752,513.7515625,31620.176562,3146.6890628,27305.192186,24259.362502,19008.126566
1397.5171878,34544.460938,1471.7390626,27179.346878,18956.840626,618.3734375,17398.865628,15736.635938,1584.2734378,33887.709378,21828.810940000003,2027.3093754,4023.7484378,4618.4093752,23180.50625,22120.395314,21721.254688,351.109375,20764.270312,3085.6109378,11004.123438,16704.090626,21242.489064,35384.931252,38952.00625200001,34066.73594,3336.1000002,249.2921875,31577.523438,3088.8765626,27791.998440000003,24291.00469,17121.162502
889.94375,30675.965626,919.85625,22505.16875,19268.950002,323.3578125,18365.823438,17798.820314,1621.640625,28216.585938,20100.81719,2028.4312502,4545.0468752,4904.4031254,20182.07969,20127.132816,20073.070314,300.2390625,20061.500004,2375.3296878,12795.295314,18190.375002,19924.69844,32799.989064,36480.826564,28852.043752000005,2259.7453126,301.5140625,25690.935940000003,3573.1890626,22899.782814,19853.815628,18354.132816
1601.1968752,30942.100002000003,3566.4171878,29087.065626000003,24584.657814,689.7671875,21126.603126,19610.33125,1459.8765626,32894.525002,26996.387502000005,2163.2562502,4974.4640626,5350.1343752,28631.842190000003,27498.664064,26872.842188,1134.1156253,26031.665626,1903.8812502,14062.651564,20692.775,25842.739062,31760.023438000004,33771.487502,31760.389062,4978.4781254,349.734375,32008.020316,4011.9375002,27721.000002000004,26370.312502000004,21019.090626
1444.9156254,47943.603126,2496.7562502,33065.582814,21625.770314,350.4125,19009.800002,17810.215627999998,1429.4687502000002,47126.26093800001,25046.500002,2560.0750004,5426.3234378,4768.4203128,27707.44219,25516.071876,24915.306252,825.903125,23500.954688,2155.9390628,12905.264064,18440.151564,24059.378124,49449.546876,50884.264066,47422.982814,7662.3750012,250.8921875,43799.396878,4194.9265628,34394.204688000005,29700.189064,18813.039064
703.83125,37679.928128,1046.6390627,25241.179688,16775.6125,140.7921875,15635.450002,14569.98125,1305.8953126,34337.5875,18769.832816,2813.0109376,4645.3265628,4030.0968754,19937.189062,18988.062498,18705.920314,264.3921875,17865.560940000003,5001.6843752,10448.6140616,15010.757816,18282.739062,40088.248442,47052.27969,35332.507812,2914.9484378,128.1375,30546.1,3510.6546876,26566.959376000003,21291.043752,15383.0
657.7421875,28664.88594,1549.309375,19306.435938,15790.845316,365.41875,14368.959376000004,14202.507812,1309.8765626,26413.193752000003,16098.475002,2905.7140626,4134.0453128,4794.2171878,16051.551564,16077.550002,16097.289064,235.3328125,16256.489064,5076.4750004,9367.1109378,14514.0125,16017.0125,30166.84375,36650.715626,27042.951564,1652.0359378,149.2734375,22845.476566,3106.0718752,20343.550002,16144.9625,14462.726564
825.6671875,29192.121878,2876.4359378,23648.379688,18319.990626000003,509.9484375,15326.535938,13825.757812,1200.773438,30429.529688,20800.704688,3610.4828126,3825.9343754,4753.0359378,21709.487502,21022.845316,20726.24375,394.815625,19673.45469,3536.6890628,8961.945312799999,14677.689066,20169.245316,30765.048438000005,34951.395314,29649.407816000003,4471.8796878,166.9265625,27575.184374,2955.1078126,22937.659376000003,21137.659378,15079.132814
1857.04765616,35559.08672,4986.8539064,23422.834376,18391.777346,334.56406252,13429.766408,12560.2375,1175.621094,36263.499998,22443.677346,4866.7203128,3234.0312502,4698.165625,21897.1,22320.75547,22424.144532,441.20859378000006,20539.331252,2806.839844,7780.046093800001,13001.260156,20821.159374000003,37019.024222,40460.847658,35698.607812,8419.6039054,336.38750001999995,31963.713280000004,2986.5726564,23096.82656,20371.244534,13263.852341999998
2253.8515626,47259.552346,4642.8281254,31527.309376,18978.635158,199.71015626,14227.479688,12507.664844,1269.6828126,47784.10078,26081.042186,4569.3281254,3050.4414064,4448.9351564,27792.431252,26440.66875,25907.84375,820.196875,22227.059376,3567.1789063999995,7943.3609376,12970.433593999998,23208.496094,48111.518752,50906.808596,47600.18047,10455.3820326,652.95,43257.514064,3209.3656252,31633.797658000003,28127.297658000003,13730.385156
2074.0562502,43777.914062,4571.3398438,27449.092968,17455.972655999998,128.05000004,12826.20547,11573.760938,1250.6640626,41463.253126,23314.088282,3287.7382812,2935.8343752,3696.3421876,24404.73203,23559.553126000003,23184.934376,712.30078128,20195.05469,6228.1257816,7807.042187399999,11863.261718,20758.63672,45633.023438,53183.588282,42129.28672,8767.2835938,519.26328128,37667.969532,3159.1476562,28071.058592,24599.957032,12457.26797
2287.6984376,40656.691406,4891.707031399999,26492.971096,17464.425779999998,132.89843752,12512.314844,11133.370314,1292.1046876,40237.32812400001,23106.840626,2335.9117188,2737.0156254000003,3543.3125,24335.667188,23325.609376,22996.921094,1030.1937501999998,20396.785936,5979.9218752,7507.0171876,11379.150782,20821.69297,41461.775,47864.336722,40348.782814,10151.165625,768.33828126,37819.769532,3258.4265626,26876.860936,24193.442968,12073.597658
2134.6445314,39126.061720000005,3805.1828128,27572.157812,19162.782032,232.58359376,15256.966407999998,13671.501562,1244.7664064,37968.482032,23777.185938,1749.7945314,3151.1164064,4096.9875002,25142.978126,24021.757034,23676.83672,750.62734386,21871.66328,4633.5140628,9437.7164064,14149.939064,22358.292968,40072.641406,45454.960158,38382.73125,7187.3304684,794.69062502,35747.54922,3562.6500002,27673.983596,25482.686718,14916.84219
1295.69531276,33013.580472,2299.4484376,23987.168748,17354.439061999998,209.83750002,14972.691404,13554.946875999998,1053.36250016,30900.632032,20166.701566,1364.8984378,2866.080469,3684.6359378,21130.270312,20336.311722,20103.446094000003,344.4507813,19055.570314,3443.4554688000003,9728.046876,14070.839842,19439.872658,34228.15703,38868.680468,31601.153906,3381.9343748,491.95156254000005,28877.801562,3304.3570312,24762.09375,22000.833594,14688.734376
769.30703128,26826.532034,2528.0015626,19816.66094,13848.621878,162.94375002,11282.7062516,10152.0640628,916.65234376,25414.89297,16313.642188000002,1120.0265624,2300.7132814,3306.9929690000004,17188.822657999997,16494.187502,16244.846092000002,304.82578128,14974.98828,2536.8664066,6736.3570314,10607.8429696,15347.384373999996,27738.621876,31194.098438,25830.49922,3108.2195314,232.45859378,23998.060156,2528.211719,20613.865624,18009.128908000002,11027.3359376
1270.90156266,24458.739842000003,1646.1226564,16427.47969,10499.9023444,107.69218751,8750.7257816,7892.2164064,824.221875,23467.2,13060.385938,987.88515632,1955.3296876,2700.3171876,13909.527343999998,13196.434376,13014.110158,396.06796876,12156.17578,1872.7976562,5137.8101566,8154.165625,12478.039846,24920.594532,27115.68125,23916.736718,3828.6515624,244.13046878,21873.447658,2055.6601564,17210.446096,14664.692188,8486.0226564
1183.3929687599998,20119.153126,1004.53203146,15266.604688,9085.7828124,74.29296875,8015.364062600001,7285.7585938,757.71484376,19147.91953,11418.19375,958.28984376,1752.1132816000002,2560.5671876,12334.389061999998,11562.953906,11372.835158,349.88593752,10593.9312506,1437.7492188,4673.7875002,7502.4648438,10972.2687492,20789.40078,23042.91172,19446.074218,1928.5414064,210.22812504,17908.725784000002,1882.2742188,15581.438284,12979.05625,7796.145312799999
1238.27343766,17977.7375,914.6953124200002,13560.283596,7766.785937600001,63.43359375,6808.0882814,6229.2351564,700.71250002,17043.722658000002,10882.995313,960.05937502,1513.296875,2361.1820314,11676.590626,11023.410938,10803.5078142,813.16328146,9392.5,1212.9562502,3819.3554688,6402.9320314,9775.443751,18491.544534,20139.364064,17317.307032,1580.9460938,150.07890628,15870.361722,1493.3132814,13790.008594,11231.35625,6610.359375
1694.4132812,19393.35625,940.99609382,14105.79375,7219.0820316,58.8765625,6245.6734374,5735.4187502,649.07343754,19946.84297,10125.7062516,912.21406252,1360.5867186,2367.4453124,11322.713282,10290.425782,10058.1203132,708.81796878,9154.3562502,1069.5968752,3328.1406252,5864.6484376,9389.5101564,19447.010156,20146.953124,19787.454686,3387.2960940000003,219.62500004,18939.187498,1248.9796878000002,14710.68047,11933.232812,6100.749218800001
1960.3007816,19013.903124,1163.33750026,13372.598438,7722.68125,208.54140628,6555.346094,5770.633594000001,598.9593750199999,17589.284374000003,10394.249218,979.85625022,1245.11875,2646.2265626,10989.146096,10469.209376,10359.4578118,456.07734378,9833.3515632,1039.33203142,3047.0359378000003,6112.8070312,10000.5937496,20030.396094000003,21930.289844,17971.801562,2175.6625,263.42421878,16257.842188,1064.1218752,13506.85703,10943.51797,6406.1695316
909.07109376,17397.230468,835.66718746,12543.24375,6343.6390626,110.26171876,5466.8296876,4955.5546876,551.71328128,16817.6,8107.023437600001,1211.453125,1286.5789062,2015.359375,8938.878906,8250.2156252,8063.367187600001,232.27578126,7464.629687600001,1314.0640624,2894.1312502,5159.8382814,7742.4335938,17806.900002000002,19323.532034,17048.238279999998,1566.884375,134.57031254,15286.666408,1032.4921875,13213.83672,9895.3101552,5350.544531199999
635.00000002,15085.832814,662.9515625199999,9746.7453122,5492.0820312,51.5890625,4810.871875,4410.667969,503.76562502,13644.185938,6641.799218800001,1207.0289064,1149.5726564,1705.6343752,7054.489844000001,6708.314844,6619.3507814,202.29140628,6266.0593752,1395.0453126,2662.7914064,4547.2171876,6400.483594,15780.64844,17828.390624,14140.648438,1074.55546886,119.18828126,11957.94375,934.3320313,10355.1726554,7443.3867188,4710.980469
671.38437502,12181.8625,744.05937502,8564.8085938,5100.171875,37.4421875,4341.0953126,3971.261719000001,455.93671878,11485.941406,6216.152344,1059.2695314,1033.0406252,1538.4898438,6543.0695314,6265.5203126,6198.427344000001,202.08359378,5908.852344000001,1247.7937502,2391.9828126,4085.521875,6015.1374998,12652.051564,14420.549218,11707.921092,1107.2562499,124.56171878,10244.642972,831.84687502,8861.1460938,6666.8296876,4245.2601564
605.9617187800001,11104.907812,661.44296878,7943.0406252,4732.8976564,33.98984375,4055.7125002,3730.3460938,411.76562502,10700.76172,5770.61875,910.70546876,955.78281252,1452.8687504,6121.8492188,5825.405469200001,5751.346094,201.69296878,5464.0007814,1049.9773439,2238.0718752,3828.0359376,5573.2570314,11357.48203,12598.19297,10870.486718,1135.56875,124.48750004,9616.5953126,793.52109378,8189.8406252,6285.316406399999,3974.0125002
659.08828126,10296.233594,604.74921876,7381.7554688,4470.0046878,29.21015625,3856.421094,3570.3531252,369.65000002,9962.207813,5462.5914066,801.16562502,915.84062502,1416.2695314,5732.592968800001,5499.0578126,5447.1125,207.68828126,5214.7632814,882.3007812600001,2120.2968752,3653.8250002,5273.2828124,10554.439844,11636.884376,10082.5999996,997.8335938,115.03125,9000.560156399999,757.24609376,7652.489062600001,5833.978906599999,3783.8625002
1345.4031251,10685.568752,763.7125,7707.0406252,4445.1062502,26.0671875,3694.26875,3402.7859378000003,326.7515625,11279.607814,6503.1328126,742.096875,843.8625,1354.8984376,6702.9312502,6520.875,6471.7531254000005,443.6765625,5863.4562504000005,881.475,2014.7343754,3480.9984378,5942.6359378,10783.92969,11933.775,10929.290625999998,2209.9359376,115.5625,10724.4484376,705.8,7974.6093752,6099.7937502,3611.1500002
1104.1500001,14177.239064,874.403125,9738.3890632,4363.8125002,23.865625,3465.0937502,3144.8906252,287.2515625,14289.885938,6485.6546878,741.1953125,776.0671875,1235.9359378,7488.654687799999,6617.4968752,6434.2546876,494.2953125,5635.9546878,920.1984375,1873.6046878,3233.9156252,5924.1781254,14226.531252,14955.2375,14284.290626000002,2916.2156252,112.8359375,13364.9,661.2328125,9789.185939,7789.6781254,3375.9015626
652.5140625,13778.218754,628.5390625,8246.0234376,3828.2890626,23.1171875,3184.2437504,2913.5203128000003,255.465625,12289.48594,4975.1265628,751.721875,724.7203125,1112.6281252,5509.9906252,5052.1125004000005,4949.5937504,222.715625,4591.4187502,1247.7328128,1767.9968754,2987.4968752,4725.5859378000005,14406.632814,16123.168752,12821.451561999998,1404.7328128,108.715625,10987.790624,644.465625,8941.9906254,6124.5515626,3113.5062504
587.1796875,10710.2500006,562.865625,6827.360937799999,3606.3390628,21.6,3034.9031254,2789.1171876,228.559375,9627.5765636,4515.0671878,728.6578125,671.8953125,1055.4234378,4824.6265628,4558.4500002,4499.3734376,202.425,4272.8671878000005,1555.264063,1703.6328128,2853.2296878,4343.0468752,11433.878126,13709.518752,9963.6265632,990.7453127,107.5734375,8590.2515628,627.33125,7202.776563000001,4988.9093752,2970.3968754
763.534375,9188.5390626,573.7625,6396.8125002,3548.7234378000003,19.6046875,2970.9515628,2727.7734376,206.4828125,8767.8390628,4629.0421876,681.0328125,626.6546875,1059.8671878,4858.7343752,4661.321875,4615.7843754000005,207.8265625,4393.7515626,1445.7437504,1639.2046878,2782.9953128,4454.1625004,9646.0625008,11502.40625,8891.1421878,1096.6234376,114.4625,7950.1968752,623.459375,6577.7890628,4783.1109378,2901.1406254000003
659.0828125,8896.545312600001,551.2421875,6346.5203126,3448.4171876,18.559375,2888.8203126,2649.8187502,187.3171875,8684.715625,4424.359375,635.0921875,585.253125,1062.2890626,4732.9500002,4466.6781252,4408.5921876,201.84375,4186.7859376,1221.146875,1557.68125,2710.01875,4256.5859376,9166.9718752,10559.082816,8770.2718752,1171.5984376,105.51875,7945.215625,585.4453125,6512.328125,4848.778125,2825.4765626
681.425,8565.278125,542.79375,6050.4625,3345.7625,18.5375,2794.475,2556.9125,170.796875,8173.484375,4321.484375,602.684375,546.471875,1058.5875,4558.34375,4344.053125,4309.340625,201.5625,4102.278125,1042.615625,1468.978125,2614.728125,4152.2625,8843.99375,10057.896878,8320.09375,987.2125,108.765625,7435.16875,553.471875,6199.4875,4607.284375,2730.553125
2204.834375,8798.6875,811.00625,6829.05625,3773.9625,18.6375,2973.61875,2566.928125,158.790625,9190.784376,6472.146875,591.215625,513.640625,1103.8375,6238.24375,6401.4375,6468.0125,358.871875,6110.709375,998.278125,1428.6875,2613.93125,6132.784375,9023.61875,10177.875001,8926.059376000001,1342.41875,234.178125,8612.975,533.509375,6809.89375,5166.93125,2836.58125
2001.5875,12166.043752,871.09375,10132.3875,4258.928125,61.58125,3380.640625,2907.790625,149.484375,13110.790628,6998.7,603.01875,491.503125,1316.3375,7706.2125,7074.384375,6965.65625,445.184375,6413.928125,935.153125,1514.403125,3048.20625,6634.99375,12196.809378,12800.312504,12772.546878,2152.978125,248.203125,12594.178128,547.359375,10092.53125,7784.59375,3276.45625
905.571875,13701.462502,587.25,9345.443751,3639.23125,60.015625,3024.778125,2653.98125,140.571875,12820.946878,5282.065625,677.2125,472.01875,1150.24375,6006.271875,5405.046875,5243.225,218.471875,4716.98125,930.28125,1450.91875,2778.303125,4967.14375,14191.921878,15270.631254000002,13160.106252,1320.865625,116.4375,11747.153128,543.803125,9929.500002,6781.425,2929.746875
1429.671875,13157.581252,524.03125,7816.85,3375.2625,31.465625,2851.10625,2561.175,131.59375,11663.97813,4893.321875,764.278125,452.33125,1115.971875,5077.24375,4889.90625,4886.915625,331.975,4846.90625,1107.909375,1403.559375,2635.584375,4781.6,14143.118752,15495.753128,11985.675004,1060.034375,135.10625,10148.478126,514.75625,8514.25,5113.028125,2768.1875
1349.13125,12582.484378,542.06875,8737.140625,3501.890625,36.45,2952.55625,2574.653125,123.575,11769.459378,5352.25625,1057.878125,439.95,1163.496875,5858.146875,5422.3375,5327.690625,283.89375,4952.93125,1090.75625,1347.6125,2689.15,5117.665625,13643.846876,15329.121876,11875.862502,1341.05,162.015625,10376.703126,500.99375,8795.03125,5791.9875,2858.265625
1016.13125,13102.200002,483.04375,8738.134375,3201.35,30.50625,2706.34375,2395.834375,116.49375,13349.809378,4594.815625,1829.96875,425.3375,1083.715625,5024.690625,4653.653125,4572.925,239.96875,4313.940625,1056.884375,1274.175,2482.5,4403.509375,13480.971876,14854.878128,13181.668752,1272.584375,114.553125,11465.359378,484.428125,9377.059375,5366.99375,2621.346875
1137.303125,14902.984378,507.896875,9062.578125,3109.521875,19.54375,2603.740625,2391.3875,108.96875,14497.534378,4761.05625,2016.66875,411.0875,1127.1375,5150.021875,4799.93125,4736.296875,361.64375,4311.25,1100.540625,1237.1875,2439.328125,4418.75625,15338.368754,16475.978128,14617.775004,1509.828125,104.2125,12273.425002,478.278125,9755.843751,5090.371875,2542.3625
1346.515625,20861.196878,752.715625,11141.621876,3331.6625,18.390625,2591.203125,2365.74375,98.425,19762.312504,5705.634375,1954.328125,411.034375,1153.86875,6409.371875,5825.49375,5646.36875,609.70625,4745.35,1368.1625,1177.06875,2418.103125,4878.1625,21865.343754,22710.281252,19585.565628,2480.059375,114.571875,17095.368752000002,469.203125,12233.890628,5948.259375,2531.340625
836.63125,21976.221878,666.1,12224.50313,3216.265625,21.96875,2529.93125,2301.44375,90.240625,20524.584378,4795.99375,3199.08125,414.5625,1109.109375,5642.871875,4906.928125,4753.096875,378.575,4175.15,1951.753125,1156.06875,2358.809375,4350.803125,23391.400004000003,26084.818752,20864.203128,2165.71875,105.384375,16543.371875999997,467.00625,13098.146876,6302.878125,2469.875
685.053125,19445.296878,521.60625,9907.19375,3013.825,22.075,2483.971875,2243.121875,83.459375,17391.346878,4095.5125,3410.16875,381.565625,1097.009375,4505.059375,4148.503125,4074.81875,233.371875,3782.0,2747.228125,1105.584375,2306.04375,3878.603125,21043.537502,24780.065626000003,18034.918752,1548.16875,108.078125,13202.025004,438.10625,10876.168752,4832.3,2424.521875
602.29375,16032.378128,476.603125,8431.475,2900.871875,23.05,2423.403125,2221.5625,76.8625,14371.85938,3836.209375,3068.784375,366.79375,1107.490625,4143.14375,3878.359375,3817.346875,209.0125,3564.015625,2542.953125,1076.89375,2273.55,3638.6875,17523.60938,20883.468754,14847.015628,1315.6625,103.76875,10756.109376,425.046875,8994.1375,4260.85625,2374.16875
693.553125,13264.893752,574.909375,7237.5375,3006.153125,19.99375,2427.9,2205.86875,71.75625,12306.862502,3888.99375,2718.503125,351.715625,1141.409375,4058.85,3901.2125,3881.165625,202.25625,3746.421875,1865.81875,1034.446875,2251.49375,3759.9375,14076.303126,16316.662502,12626.556254,1307.4125,124.05,9313.803125,410.78125,7655.04375,4035.70625,2372.09375
904.821875,11735.025002,667.309375,7052.55625,3169.353125,23.90625,2516.296875,2317.24375,65.653125,11292.353128,4329.440625,2120.434375,343.11875,1235.009375,4518.415625,4363.671875,4315.3625,229.6625,4102.10625,1331.70625,1044.721875,2362.05625,4132.875,12272.928128,13729.828126,11424.840628,1525.971875,126.071875,8970.53125,400.815625,7263.05625,4279.5,2470.415625
888.584375,12409.978126,668.059375,7798.75625,3017.8625,10.653125,2345.36875,2188.153125,59.3,13052.456252,4643.246875,1790.934375,342.075,1185.9875,4870.815625,4668.90625,4624.6875,310.728125,4040.81875,1090.778125,981.3875,2201.18125,4205.99375,12813.146876,13989.628126,12586.256252,2221.9125,96.646875,11317.99375,377.071875,8311.321875,4669.709375,2287.6625
1629.371875,16557.075004000002,927.815625,9860.309377,3200.109375,0.00625,2295.18125,2258.79375,53.41875,16637.318752,5340.8125,1574.740625,331.840625,1286.89375,5967.19375,5372.48125,5321.790625,571.5375,4843.171875,990.9,950.85,2238.3875,4914.896875,17091.012504000002,18130.350002,16405.34063,3022.365625,109.54375,14574.062502,341.809375,10419.512502,5603.53125,2289.925
2142.0875,21302.693754,633.396875,14828.578126000002,3015.959375,0.109375,2380.953125,2346.21875,48.55,20845.071878,6098.540625,1984.5,336.228125,1371.534375,6468.26875,6112.203125,6066.99375,541.021875,5349.084375,1300.190625,965.2875,2273.45625,5518.1,22118.940626000003,22722.343752,20657.578126,2087.86875,148.03125,18073.712502,343.88125,15109.137502,6189.478125,2316.040625
1809.153125,28100.590626,876.3875,21790.365628,4163.1875,0.203125,3290.75,2964.5625,42.165625,29763.884380000003,7119.3875,5331.1375,347.85,1730.859375,7890.86875,7202.9125,7072.24375,610.703125,6214.315625,1937.209375,1177.028125,2985.25,6492.321875,28661.853128,30319.96875,28963.403128,2667.36875,263.25625,24445.831252,375.25625,21509.303128,7641.796875,3180.35625
1870.240625,33502.640626,720.10625,19394.806252,3840.221875,0.13125,3110.8625,2585.61875,36.1875,31980.237504,6436.70625,7695.13125,359.4,1474.14375,6946.459375,6481.153125,6411.871875,400.46875,5902.2625,2093.88125,1060.89375,2641.584375,6029.834375,34563.490626,36630.025,32535.840628,1512.803125,215.409375,23368.393752,358.434375,20887.662504,7296.8,2870.65
2917.675,30021.240626000003,1285.525,19655.506254,4830.134375,29.025,3552.04375,3061.4375,31.375,29137.346878,9153.434376,7601.74375,332.5125,1871.49375,9418.74375,9124.428125,9158.790626,672.146875,7937.94375,1900.175,1137.7125,3096.878125,8169.615625,31613.696878,33952.19375200001,29082.909376000003,1742.490625,301.453125,21133.928128,377.284375,19313.065626000003,8230.9875,3273.1125
2799.109375,39736.175002,2054.159375,29605.921876,7177.896875,269.340625,5079.715625,3821.965625,30.30625,41953.846878,11582.000004,10360.118751,366.278125,2301.625,12457.443752,11646.628126,11556.912504,716.425,10417.628126,1578.99375,1433.628125,4255.625,10812.656254,40158.868752,40828.159378,40947.81875200001,2700.7375,505.31875,31853.628128,508.35625,29024.590628,12034.593754,4707.9625
2829.890625,47626.434380000006,1609.225,28627.950002000005,7090.609375,148.871875,5432.453125,3990.028125,26.346875,46457.025002,11051.943752,12941.756252,382.234375,2468.578125,11505.778128,11050.659378,11042.234378,448.60625,10282.643751,1267.30625,1447.04375,4442.90625,10519.437502,48457.400002,49700.790628,46869.234378,1701.478125,526.6875,32688.950002000005,512.203125,30042.412502000003,11945.500002,4979.309375
3945.828125,50267.112502,2895.0625,31083.800002000004,8657.7625,209.246875,5712.14375,4333.215625,23.91875,50994.575002000005,14323.990628,15871.937502,385.675,2888.084375,14806.2875,14362.106252,14295.715626,613.825,13183.525,1148.240625,1364.68125,4808.196875,13574.621878,51692.075002000005,52118.187502,50458.712502,2584.415625,475.409375,34863.121876000005,513.55,31443.571878,13879.381252,5304.815625
2949.94375,59847.77500400001,1587.621875,34527.268754000004,7128.015625,124.184375,5490.271875,4237.821875,22.375,58801.378126,11503.934376,17961.837504000003,397.284375,2611.334375,12786.181254,11681.446876,11444.790628,492.1,10417.831251,1038.19375,1551.9875,4578.825,10867.668753,61046.715628,61965.671878,59120.296878,2889.515625,663.7875,39993.728128,554.93125,35883.093752,13957.000004,5228.8125
4076.85,50660.296878,1022.640625,26423.203126,7084.24375,117.140625,6042.971875,4895.446875,20.753125,46111.587502,11853.868754,13966.868754,402.3125,2961.48125,12063.793752,11840.68125,11839.800004,429.834375,11373.837502,882.596875,1862.45625,5159.459375,11542.578128,53211.918752000005,56062.825004000006,47501.584378,1763.36875,660.953125,30934.053126000003,677.315625,27770.025002,11550.30313,5797.19375
3910.203125,38753.378128,619.159375,23756.571878,6549.353125,21.2125,5876.621875,4920.64375,35.278125,36952.603128,11403.031254,9656.00625,501.209375,2764.68125,11836.559376,11440.490628,11387.040626,430.5875,10639.700002,706.665625,2090.3375,5023.871875,10836.696878,40016.884376,41852.687504,37552.29688,1378.996875,674.403125,26818.106254,871.29375,24719.890628,11896.465628,5667.99375
3157.75625,31328.968754,533.809375,21304.800004,6446.721875,0.590625,5890.790625,5265.55,86.36875,29993.85,11353.512502,6357.825,678.71875,2730.365625,12955.790626,11581.725,11273.181254,857.815625,9907.328127,547.4,2442.021875,5297.084375,10399.20625,32273.075002000005,33727.118752,30366.015628,1242.221875,460.1375,23434.534378,1003.725,21747.078128,13129.437502,5702.79375
2400.51875,29906.962504000003,769.046875,17615.868752000002,8212.859375,17.059375,7516.371875,6547.59375,399.7,26370.159378,10392.293752,4810.840625,980.284375,3116.71875,10765.421878,10371.881252,10391.953127,554.846875,10477.987501,424.26875,3163.534375,6741.14375,10224.996878,31661.015626,31934.006252000003,26977.812504,1397.696875,934.73125,20904.546876,1319.215625,18551.275002,10803.3,7511.4875
3927.534375,27197.059376,1373.74375,20802.421876,10852.71563,133.484375,9494.61875,8730.475,1077.696875,26727.471878,15099.790628,4802.1625,1964.1,3904.05,15311.146878,15077.218752,15098.512502,540.246875,14843.225,337.603125,4712.328125,8894.4125,14940.106252,29115.128128,29782.053128,26386.940626000003,1789.784375,648.596875,21984.125002,2159.903125,20201.003126000003,14225.825004000002,9427.896875
3083.590625,31017.109376,891.928125,22745.368752,11595.184378,42.6125,10704.893752,10019.187501,1136.80625,31111.143754,14935.562502,5793.684375,2244.375,3859.803125,15312.206254,14962.731252,14923.706252,320.56875,14713.075,259.93125,6074.48125,10100.803126,14765.603125999998,31595.112502000004,31538.050002000004,31021.509378,1452.484375,554.6625,25040.609378,2604.2875,23212.093754,15481.006252,10567.712502
3308.66875,31980.759378,652.7875,23360.79375,12215.834376,12.834375,11556.450004,10709.837502,1188.365625,31868.590628,15917.396878,6527.846875,2193.65625,3657.59375,16177.393754,15948.896878,15903.134378,247.634375,15616.878128,179.875,6983.625,10793.384376,15729.909378,32604.859378,32683.150002,31792.475002000003,1286.775,578.5625,25030.521878,2980.209375,23565.70313,15906.918754000002,11357.353126
3308.06875,35255.046878,454.0625,25056.887502,12893.368754,0.521875,12472.29375,11615.850002,1404.465625,36998.759376,15886.343754,10957.371878,2572.384375,3467.240625,15712.062502,15816.956252,15899.853128,206.984375,16080.578128,120.284375,8091.040625,11642.212502,15903.550004,35102.059378,34306.743754,36309.203128,1067.246875,947.259375,25919.884376,3456.390625,24789.375002,15488.331252,12455.684378
4514.621875,61149.137504000006,717.475,42362.828126,16033.028128,7.328125,15260.046878,13620.378126,1714.7375,67161.33750200001,21930.728128,20224.821880000003,3059.1375,4098.153125,22414.965628,21887.821878,21921.884376,692.871875,21073.093752,185.28125,9460.165626,13722.365628,21328.137502,61151.68750400001,56100.79375,64749.03750199999,2901.58125,977.640625,46758.918752000005,4071.834375,42014.365626,20880.434378,14648.056252
7500.91875,97583.090622,682.678125,59471.80625400001,17707.734378,14.975,16938.696878,14795.112502,1824.815625,97014.718746,26256.12188,24692.625002,3538.371875,3982.546875,26988.265628,26161.309378,26273.771878,1041.459375,25862.268754,403.440625,10723.900004,14994.603128,26009.959380000004,101987.300006,100879.750002,96528.168762,2954.06875,1154.1125,68943.093752,4340.178125,62223.200004000006,26242.806252,16129.268754
8641.853125,128984.28752,553.128125,77459.043752,19626.200002,20.1625,19049.42188,16697.290628,1841.0,123268.28126,30166.215628,26411.746878,4106.184375,4087.021875,32635.346876000003,30328.706252000004,30109.365628,1395.0875,28797.959376000003,638.078125,12275.596878,16922.303126000003,29410.571878,135596.20314,136573.65004,124427.73438,2716.49375,1569.159375,91967.081252,4658.346875,82673.387504,33391.343752,18436.409376000003
4726.084375,115730.943766,4695.296876,69485.453128,22204.481252,66.465625,17735.268754,16373.75,1758.884375,105372.900032,28366.240626000003,21020.443752,3884.2125,4612.55,30084.768754,28461.750002000004,28272.043752000005,1218.409375,26895.359378,1550.93125,11562.178128,16545.671876,27115.212502,122416.38126,129205.5,108643.606266,3422.059375,841.7,81195.546876,4482.05625,73925.540626,30822.246876,17375.503128
2964.421875,87501.040628,12473.359378,59314.40000400001,35219.140628,1704.14375,22769.071878,20356.090626,1976.171875,86356.58125199999,41237.056254,12420.593752,4404.115625,7005.5875,42569.471878,41710.909378,41026.756254,1238.578125,38603.950002000005,6413.484375,12899.746878,22318.115626000003,38738.728128,92808.625002,104564.23752,86013.465628,10632.887501,748.146875,74041.86250199999,4873.325,60054.515628,39531.281252,22720.128128
2211.81875,94936.659378,15058.387502,60186.421878,40667.815628,2025.396875,25706.231252,22113.837502,2041.75,91198.034378,45548.531252,7390.1625,5125.303125,6916.63125,48616.156252,46223.240628,45331.890626,1443.884375,43186.471878,12958.521878,14687.843754,24737.390626,43482.256254,99418.800026,114918.43752,92237.643752,16555.856254000002,608.315625,82714.709378,5692.95625,61715.243752,48657.853126,25384.037502
987.190625,81277.034378,13694.412502,53501.740628,38791.290626,1523.028125,24976.643752,23151.971876000003,1998.94375,77712.76875399999,42187.596876,4732.10625,5219.775,8966.25625,44620.546878,42685.540628,42026.328128,738.021875,40255.965630000006,18229.362502,13955.753128,24765.268752,40846.243754,84699.240626,105151.07814,78974.703128,13971.268754,239.646875,71649.259378,5982.984375,55332.550002,46442.956254,24920.737504
1014.859375,60328.918752000005,9440.840625,43903.093754,36770.434378,991.76875,27190.581252000004,25805.515626,2071.371875,56160.91250400001,39102.078126,3244.39375,5561.303125,10884.946877,39593.715628,39197.600004,39059.262502000005,363.99375,38084.734378,18834.762502,14781.359378,26915.181252,38328.509376,63742.331254,86366.48750199999,57333.953128,6363.765625,154.4625,51985.893752,6496.459375,44484.603128,39748.756254,27079.153126
3349.5468754000003,58412.317188,4758.13125,51951.728126,30546.871876,492.7046875,25653.982814,24151.048442000003,1866.6437504,60950.392188000005,37991.89844,5088.1515628,5782.9953128,7805.2843752,39486.578128,38320.207814,37882.375,534.09375,34586.112502,10915.540626,16217.725,24951.651564,35830.406252,58699.657814,69327.565626,59883.52031199999,6053.9859376,174.6515625,56744.87969,6339.7500004,50755.939064,39833.376564,25319.01094
2037.9234378,63386.5375,3036.9625002,41960.565626,23766.640626,409.6421875,20680.464064,19494.14844,1601.0625004,58374.723438,27831.165624,5301.4671878,4832.9578128,6061.0468754,29114.192188,28059.03125,27755.965628,379.3421875,26187.457814,6993.3968754,13258.704690000002,20219.478124,26773.620316000004,65488.660938,74310.914062,60207.45625,4852.4171876,144.0875,51319.120314,5038.9953128,44454.393752,30723.865624,20477.928124
1106.1031252,45004.851562,3136.7109376,31912.545312,22902.501564,601.3578125,19763.57969,18454.020314,1471.2796878,42230.810938,24770.16719,3641.1828128,4350.7875004,5923.0140626,25303.96094,24848.003126000003,24742.421876,290.278125,24148.678126000003,5049.2562504,12090.156252,19464.64219,24338.340624,46508.304688,53571.770314,43194.906252,3820.1656252,149.6203125,37794.626562000005,4222.5093752,33055.992186,25702.587502,19652.615626000003
784.8375,38006.48437400001,1932.9875002,26772.218752000004,17910.001564,317.3296875,15875.681252,14763.892186,1247.3812504,35083.896876,20170.829688,2525.8171878000003,3961.2734378,4831.9062502,21409.482812,20412.339062,20102.35,209.2578125,19104.964064,4243.4453126,9746.9750012,15371.940626,19617.58594,39757.739064,44848.63125,35877.504688,2975.1546878,135.7125,31808.078126,3641.2500002,27971.515626,22966.793752,15665.509378
688.0671875,29926.0875,1263.9843752000002,21809.448438,15322.451564,129.9734375,14002.303128,13141.342188,1064.3390626,27725.559378,16854.093752,2075.2750002,3601.3296878,4125.0468752,17415.00625,16972.596876,16816.275002000002,204.925,16267.682812,3943.5406254,8906.2109376,13518.207814,16525.951564,31939.006252,37851.76719,28285.237497999995,2482.1250004000003,134.1640625,25223.339064,3268.4015628,22177.556252,17838.171876,13815.732814
632.9453125,27898.478128,832.3453125,19863.832812,11378.826564,82.1109375,10492.3062512,9801.0296888,966.996875,27003.234376,12987.846878,2597.8093754,2830.1968752,2993.7500002,13860.245314,13163.20625,12932.798438,204.7234375,12289.115626,3123.5656252,6745.0156252,10060.289064,12601.934376,28935.807814,32779.476564,27400.457814,2343.6984378,117.475,23895.375,2518.9640626,20763.587498,14939.828128,10314.782811599998
627.3015625,23944.542188,664.815625,15575.042188,9750.9984378,76.9203125,9083.8781252,8864.9625002,918.853125,22102.72969,10788.432812,2951.3546878,2493.1484378,2691.7218754,11276.179688,10875.728125999998,10757.657812,203.8984375,10461.873438,2516.4468754,6139.4109378,8943.5890626,10564.148438,24968.784376000003,28525.079688,22758.804688,1532.498438,116.4796875,18590.782814,2198.3515628,16365.532814,11771.89219,9032.8453128
635.5328125,19460.43125,697.0921875,14085.98125,11903.08594,146.590625,11255.0062516,11357.1375,903.8015625,18309.607814,12082.203126,2561.9562504,2642.8906252,3053.0765628,11852.814066,12007.271878,12099.293752,205.1359375,12364.429688,1972.7828126,8255.7687502,11393.67344,12137.503126,20162.570314,22883.443752,18714.334376000003,1114.5296878,120.80625,15527.671873999998,2520.935938,14098.701561999998,11228.845312,11342.900002
689.16875,18574.443752,858.1890626,16386.718752,14012.270314,204.240625,13200.281252,13029.962502,1008.4890627,18856.26719,14539.325002,2035.7671878,2809.2078126,3873.7640628,14506.907814,14510.598438,14543.285939999998,204.2359375,14614.123438,1580.2562504,9008.3468752,13204.470316,14503.382814,19165.606252,20249.74375,18687.114064,1146.1578128,130.6484375,17126.150002000002,2800.4687504000003,16020.520314,13980.34375,13226.928126
648.5796875,21235.271878,1229.2953126,18408.9625,15906.265626000002,368.284375,14715.426564,14328.917186,1084.2359378,21252.884376,16479.178124,1623.6984378,2758.9750002,5232.0156254,16531.53594,16467.193752,16478.654690000003,203.9203125,16495.156248,1412.2828128,8928.1218752,14687.256252,16418.278126,23612.384376,25594.434376,21151.885938,1594.5718754,119.3578125,19827.428128,2726.8062502,18163.535936,16145.645314,14724.035938
617.8640625,22747.940626000003,1407.5953128,20002.612502,15928.917190000002,429.959375,14456.556252,13191.390626,1147.4562502,22602.676564,17390.731252,1358.8828128,2688.29375,5179.9765626,17802.795314,17478.368754000003,17360.600002,203.190625,16845.676562,1575.7656252000002,7823.6875002,13905.764064,17117.039064,24816.17969,27836.225002000003,22631.046876,1456.9218752000002,113.315625,21342.932816,2500.0875002,19772.878128,17653.967190000003,14234.951561999998
622.9125,22978.304688,1018.3453126,17682.976564,12311.539064,191.0953125,11259.615626,10709.940626,1094.8343752,21916.417188,13617.837504,1252.0031252,2731.7343752,4077.1765628,14291.965626,13732.582814,13582.912502,202.671875,13115.359373999998,3406.6296878000003,6551.4312502,10981.895312,13333.384375999998,23932.571876,27731.100002000003,22394.910938,1103.3484377999998,122.703125,20196.901564,2483.4781252,18508.128126000003,15206.837502,11154.392188000002
805.6718751000001,19655.220316,1748.1593751,15713.306252,14724.837502,362.525,13081.521874,12387.075002,966.1421875,18658.571876,14632.481252,1328.9687504,2605.9062502,3932.4828128,14037.734376000002,14484.445314,14669.607816,206.4703125,15198.625,5123.1328128000005,7975.0812502,13029.357811999998,14808.521876000004,20508.13125,26450.079688,19014.632816,961.5390625,312.8296875,17086.896878,2515.451563,15806.098438,13263.903126,13154.492188
869.9484376,20341.857814,2514.5578126,20925.203128,15946.615626000004,387.3015625,13317.201564,11887.207814,985.7921877,22826.860938,18126.556252,1294.5890628,2778.9875004,3940.7546878,18846.885938,18295.86875,18074.034376000003,204.0359375,17223.975,3898.1312502,7638.6359378,12637.176566,17687.715625999997,20012.746876,23745.235938,21990.814064,2888.7703128000003,306.98125,22437.642188,2602.2875002,20141.925,18658.062502,13099.67344
663.228125,25407.895314,1177.2406253,17768.014064,13784.776564,180.909375,12572.565626,12223.376562,982.6953126,23460.835938,14768.967188,1171.2765626,3191.7750002,3556.8312504,15148.089066,14822.078123999998,14751.100002,202.696875,14516.65469,2881.8312502,8545.357812600001,12445.52969,14589.203126,26247.040626,29596.170314,24240.71875,2268.4515628,149.8140625,21578.107814,3081.9984378,18526.357816,15635.707814,12546.589064
991.1906252,21249.898436,883.3664062600001,17358.785938,14322.792188,168.253125,13420.31016,12810.940628,891.4335937600001,20257.395314,15535.03125,1040.42968786,3015.3539064,3258.5398442,15657.223439999998,15542.665626000002,15528.932814,207.60390626,15391.759375999998,2386.710938,9436.0164062,13102.616406,15419.896092,22191.925784,25198.058596,20536.035158,1569.0039066,219.57812502,19094.58047,3311.5046878000003,17325.278906,15380.35703,13321.571875999998
1849.2687502,22192.242188,1150.80624996,18403.28672,14005.815624,226.13046876,12854.24375,11794.371876,809.0929687800001,22008.214064,16280.385158,966.49218752,2588.9914064,3169.521094,16454.728124,16307.370314,16266.882814,214.76015628,16003.232809999998,2152.7984376,8480.060937600001,12267.578908,16078.19297,23364.217966,25926.128906,21997.38047,2199.699219,306.68437504,21040.004688,2890.5187502,18571.556252,16278.778124,12646.816408
1749.5890626,23578.402344,1570.7796874,19146.350782,12621.063282,191.72734378,10984.782032,9948.5359382,748.70703126,23383.825,15530.1,987.53984376,2270.9546876,3035.9492188,16307.522656,15684.558596,15482.030468,212.92500004000004,14706.492188,1936.8257814,6780.4015628,10355.7328134,15115.364842,24071.778906,26528.66719,23493.489844000003,2472.8812502,257.67578128,22286.578124,2493.3859376,19379.472654,16826.440624000003,10733.5335972
743.60312502,22279.164846,890.3750001000001,15744.705468,10132.3789072,90.80625,9197.708594,8558.6039066,711.62812502,20427.428906,11671.835156,1015.0250002,2076.5929688,2688.0554686,12392.623438,11798.378906,11633.358594,205.57968752,11095.85547,2088.5414066000003,5776.0406252,8820.653125,11363.414064,23323.982814,26273.221094,21120.743752,1408.3062502,125.53750002,18771.026562000003,2282.9406252,16638.773438,13321.612502,9049.66875
595.59375002,17824.675,787.40781252,12858.790625999998,8783.7,70.6796875,7993.464062600001,7708.973437600001,678.02656254,16424.528906,9728.8320316,966.50781252,1900.5289064,2388.9578126,10145.2624998,9787.5554688,9709.4046882,201.96328126,9451.3726562,2123.1476562,5265.7843752,7818.983593800001,9545.6453126,19263.371094,22802.577344,16894.800779999998,1226.146875,127.15312502000002,15097.673438000002,2153.9320312,13457.794532,10640.2390622,7935.8539062
581.69453126,15341.971096,688.02890628,11957.021874,9952.4804684,64.88984375,9274.9710928,9153.024219,639.89296878,14682.006252,10387.7101554,905.37812502,2023.0984378,2199.1890626,10323.2703122,10348.4539078,10394.247657,201.82109380000003,10474.1867168,1718.589844,6891.4375002,9220.8023432,10374.1750002,16053.271876,18442.997656,14931.307814,1338.4828126,140.66328128,13624.138282,2317.3828126,12013.044534,9997.264061,9285.042187
729.59609378,14753.842188,662.9890625400001,13034.628126,8966.486719,86.17734375,8234.2132812,7352.8625,601.08593752,14917.2,10611.7007812,842.6234375199999,1690.2062502,1933.2648438,11138.107032,10715.608595000002,10576.5273446,202.61484378,9986.976562,1353.0195314,5319.3078128,7678.4773438,10275.1453138,14995.389064,16476.822654,14909.853128,1100.7851562,148.19609376,14156.575782,1831.1812502,12961.688284,11238.552344,8005.715625
1438.1421876,15639.434374,1105.9343751,12042.190626,7827.1351564,83.84296875,6722.7945314,5916.2476566,565.84765628,15402.88125,10132.2695328,808.13828126,1421.4835938,1872.039844,10371.418752,10190.2562502,10100.2609398,209.75781252,9464.6929688,1089.9781252,3948.8359378,6151.1835938,9674.2343752,16002.891406,17025.723438,15524.29453,2233.9492188,283.95234378,14584.335157999998,1452.4257814,12280.670311999998,10336.753128,6498.1320316
1233.5242186,16439.247656,1191.3218752,11946.06797,7389.052344000001,79.63046875,6157.6328128000005,5606.9875002,530.88750002,16627.790624,9346.6664062,848.80156252,1267.6625,1804.5726564,9851.8171878,9437.5789062,9314.1242186,204.48437504,8799.2914064,931.39531252,3730.3031252,5751.3507816,9007.5625,16518.178126000003,17269.832029999998,16670.983592,3135.571875,253.82968752,15685.70547,1354.7695312,12215.53672,10251.994531,5993.471875
1018.39609372,16120.490626,835.70468752,11002.204688,7058.504687799999,90.26171875,6190.9703128,5394.8171876,488.80546878,15225.175782,8724.105469,885.2585937800001,1163.771875,1783.6671876,9138.164844,8798.564844,8698.4257814,202.01953128,8264.8312498,934.39609378,3511.5390628,5650.971094,8472.299219,16586.3125,17852.100002,15569.924218,2444.1507812,263.63515628,14066.804687999998,1303.2585938,11235.472658,9269.5546874,5986.6609376
808.1023437599999,14559.964064,591.0703125,9822.548438000002,5609.983594,53.009375,4984.8820316,4468.421093800001,440.76484376,13675.432814,7028.0601566,866.1445312600001,1059.3445314,1492.8921876,7528.2937502,7109.933594,6999.548437799999,204.35,6593.4914064,973.7515625,2919.6437504,4620.8203128000005,6760.7820314,14936.915625999998,16206.050002,14068.248436,1523.921094,164.790625,12429.793752,1123.6265626,10370.6289056,8112.5687502,4837.0906252
1195.5593752,12401.739064,672.63125,8867.84375,5632.6859378,47.415625,4955.4734376,4334.0343752,390.7609375,11575.806252,7238.451562799999,817.959375,975.153125,1481.0140628,7431.139062799999,7263.45,7225.564062799999,202.19375,6947.045312600001,960.3046875,2769.0296878,4470.7515628,7057.6656252,12903.082814,14359.726564,11856.521876,1324.8000002,314.6984375,10574.826564,1055.4687503,8974.2296878,7272.154687799999,4790.5984376
819.175,11735.17344,608.83125,8835.8250002,5275.8609378,66.2515625,4644.2500002,4054.4375004,343.9796875,11380.251564,6540.1296878,763.815625,902.9625,1409.7421876,6961.0125002,6605.1468754,6518.2031252,201.2578125,6210.1843754,901.1765625,2529.5484378,4261.9296878000005,6343.4937502,12111.128128,13082.056252,11540.846876,1088.9265627999998,221.646875,10469.446875999998,936.4203125,9081.4593752,7275.4062502,4518.2750002
592.3984375,11107.003126,511.425,7939.2093752,4544.1750002,47.18125,4012.2406252,3589.7734376,298.5953125,10463.223438,5635.5984378,721.178125,835.45,1223.3375002,6086.3421878,5709.7796876,5611.0312504,200.853125,5271.5234378000005,816.6453125,2295.2656254000003,3733.6015626,5424.3281252,11529.545311999998,12615.342188,10721.993752,957.4250001,133.440625,9529.6218752,849.096875,8251.8531252,6416.1390626,3911.9500002
572.6859375,10006.0078126,503.940625,6986.0781252,4224.2968754,41.7625,3717.8828126,3440.1281252,256.475,9383.7078128,5060.0609378,682.3390625,772.5859375,1234.270313,5349.6265628,5096.2375002,5046.0609378,200.540625,4859.0812502,733.8328125,2143.5859376,3533.9859378,4920.8890628,10350.0984406,11351.2625,9650.0593756,854.9703125,116.3671875,8474.342187799999,794.0046875,7299.5546878,5532.9187502,3657.7734376
570.046875,9312.070313,501.875,6677.867188,4171.359375,57.4609375,3662.445313,3320.90625,234.34375,8762.867188,5002.335938,659.1484375,736.8984375,1201.203125,5246.15625,5032.40625,4989.726563,200.4765625,4809.203125,688.53125,2053.132813,3455.4375,4870.46875,9655.0625,10634.42969,8978.75,850.7109375,119.625,7951.132813,756.5390625,6853.320313,5275.421875,3596.6875
