BM,BTG,BWQ,CLJ,CT,DMZ,FSB,GGS,GTQ,HK,HLS,HMS,JJQ,LJG,LK,NJG,PS,QJDQ,QXC,SJY,SMZ,SPY,SWB,SXC,WC,WHK,XH,XJX,YJ,YLJK,YSG,YYL,ZT
6266.259752653999,1223.4135366720002,9465.564926658,86.81160486,0.5677216306000001,132.64955550899998,99.7042230186,35.5184545374,2298.26836894,602.9367276999999,73.1904876888,7705.07842126,2635.4218686400004,2510.00502088,359.271895946,218.6271648912,514.9820664458,378.93072652,38.1411126478,284.9826591848,4337.39746305,31.5282014282,107.12418934939998,3065.0601325800003,561.9914747376,458.22089686,6911.896987980001,503.4927441604001,614.2479638,3334.10287104,623.7904762192,11247.69092164,1.3686648564
3003.304209268,3551.026132128,14850.896177599998,71.998164097,11.1580291616,1392.6049103228002,108.83357782,200.26247552,5371.0864898,1320.395642178,248.91039553,3749.87200926,807.12068012,7600.950627,1253.05325194,1059.4343441699998,3588.7027647322,1946.134886206,410.311254151,456.3085150948,1194.903315474,535.970196868,946.8044789337998,4476.9844202,790.120783154,648.9740248219999,11103.8986922,389.35920082,3319.1577758600006,4983.4774082,737.139387684,3392.8744702800004,33.802940698
1239.11846758,540.9761466026,1356.71952889,4.666605420800001,8.6790864132,211.3924759792,33.189177386,78.3959027784,6146.2729792,600.6183932904,8.4351648592,7429.022237800001,3849.0676728,4864.8890258,20.7692360858,17.276905796599998,27.7801602776,140.45525673100002,33.4020966676,0.6123621676000001,3737.25799002,158.36263977180002,47.5795834812,461.4524733202,6.8380839666,278.092720407,84.20140404200001,206.917571182,125.757114358,7617.263597200001,119.089478149,5458.7494215,3.6242578824
10356.25997356,2862.5319180838,11500.7263148,89.0588443222,126.835450992,2035.486261226,372.766758582,749.134139748,5392.498337,1804.12021692,48.4668113994,19376.4884608,3449.02706466,7122.2405764,1024.263015674,441.249202488,794.785240272,1232.587261898,1764.92957342,153.51206692,6540.45019824,1091.234374738,510.72898604,2507.326820392,591.5717272192,1097.698235816,9300.06343806,1162.259217072,2931.0772920428,7605.7104508,1828.360116008,20713.9914552,83.0118120506
7743.8543568,6247.29157238,7168.8986385,654.699130926,167.349261004,369.966297182,787.92476901,113.7918606844,4336.1632828,3910.25648896,72.3659994292,25004.3029498,7796.2484322,3977.1563158,505.3665374,140.534676182,1300.759125624,518.034022764,960.8370697,256.7132002308,7491.8053824,385.6698953234,628.34835652,6915.19573388,1492.0856199206,1587.98724006,5115.61458596,1408.53414606,2772.1429399,7898.1310348,5352.503917200001,38888.73872,71.4108240426
6018.52626542,1483.8413707,6550.489577800001,104.6952614866,226.93085482300003,1406.284931854,1096.08777386,164.35209503000002,5422.7660814,1161.65429862,419.180483304,1985.8121012,5635.6538058,7341.603754400001,1857.502576828,1039.128204776,4487.5710734,3437.48042196,2100.4837811,2122.02005564,8818.550326,710.287091004,988.78896688,3501.5275229,2124.30671764,702.5006746199999,9789.0668124,2278.514259374,3718.8665545698,9056.5457908,923.55215154,4764.58827878,104.7782075752
1416.443006762,171.4111911388,16294.927677260002,28.662329036,194.1762028744,702.6738044460001,145.01820746779998,73.09843555159999,3281.64684012,197.9822887546,111.6539435254,49.897421652000006,1978.49297016,4787.6261846,528.688543026,464.2323556664,2381.7697463644,2302.8326840540003,1035.299564408,110.5396307636,774.7553404,77.19219328,896.131043238,118.1490878564,297.5577354728,7.566173998799999,9279.742745,110.8180283272,1646.7385913518,4269.1581132,296.0879164434,975.132266766,1.877420872
9011.0657395,2730.695247266,23539.2487836,148.4206462636,295.919327254,4340.76306579,1688.9828691409998,481.66945038000006,2564.1300544,1459.4941531326,82.06043307600001,9164.3017858,3799.5558392,9832.88341082,985.60546634,619.4581236800001,578.59005296,1552.10415444,1643.579877352,1011.149933566,4240.41431056,1387.182789962,503.563091082,3284.81811626,2749.036157616,893.5448145064001,11197.7046494,2516.63607238,3708.536055012,3127.7766136,2018.165178752,11939.2863125,125.003914588
2311.7612642,293.9819564714,7157.213850800001,40.9796704646,46.424083371200005,1209.017593602,151.940285394,278.61863422399995,6277.68153378,97.425689182,140.517308288,2731.68212854,1662.58551488,4228.4641536,1272.505416154,1031.17612309,696.115506378,1171.734676852,158.99859648199998,14.818368946,5913.66667588,263.635502858,79.52776316399999,600.3208962036,78.2828644272,44.3241697028,11078.5630438,633.11651094,470.1566689060001,1976.58011034,228.84793392800003,4580.3354796,4.6358959958
1979.12416722,2313.7594298646,4249.36140568,24.0975464836,13.803169383,504.322123364,167.90390198059998,293.821220958,3890.7874386,149.103949444,68.087169965,3122.25034094,4735.1490788,5150.90395996,219.273486346,226.8329625364,479.3165668358,632.5615077,399.218110421,3606.29425982,6425.1138572,213.0153369898,185.9935795532,7559.521918834,6542.804581800001,161.82285844099997,2338.47323026,693.239132918,283.3779827214,4893.4395758,430.5860160042,2780.69769259,38.1097129818
599.835064776,203.0012016774,121.5274776672,7.097881252799999,0.9617917684,14.3805045872,2.963859197,0.0317290252,2389.09894875,160.60575786500002,8.5378388756,4563.8838968,2781.984092548,894.3871683599998,1.7920546229999998,4.5028153526,484.909207524,109.7667281616,3.1342013394,29.664706244800005,3912.540280286,1.7657139766,42.5890106648,290.6122229984,115.0769906866,39.2785830984,911.745740032,4.1670143904,104.93805733899998,3644.078669340001,78.7221989934,3469.91976034,0.0
1216.3204281046,29.6838562118,15791.8715111,69.31200114840001,45.7873046418,2285.747327528,313.012228434,160.82313109880002,5665.9988242,300.650100282,42.5881118652,4508.4966034,679.8728662780001,8176.9515178,43.564627322,33.87173887,1525.8841357004,215.175064082,2331.6776270098003,11.6144309758,984.4883242,308.8167030322,859.0261834859999,104.45069237319998,3.5004853209999998,11.4386617794,9448.05324218,1128.700839407,129.8061068686,3904.301732,357.908387874,9721.91242,22.793722782600003
12259.5727746,5067.0674035748,6096.746274,215.832990788,263.58497571600003,985.792548028,1835.46427792,295.138300842,6420.2070526,5247.2312769,456.569091372,14716.969319000002,7244.198875200001,6872.940316,2298.661961132,1235.3586585059998,4098.46797862,3978.6051946,1991.34199826,322.83092180539995,8675.89049,849.9852519,2048.0954452,6299.485253476,1517.1670090116,2531.3745050916,23498.6979549,2753.0578176000004,10767.7200404,10137.9548446,3118.7359276,26065.179242,101.8437541654
4475.43809424,1377.8124051010002,7716.06026404,149.858700408,97.3539937362,2508.904790916,446.4885511526,589.1287834679999,3124.9995291,1180.746363308,58.9959758628,18212.45088,8122.160382600001,9213.5117938,524.267045018,666.9336983248,202.5814724538,1008.80243046,301.8343368234,177.728081604,7431.194797999999,690.213754258,148.5835480706,2820.886577994,934.623122644,683.379615542,2021.3479567,699.2820119099999,856.4256048999999,7199.7367804,1002.30692526,21406.6033552,29.2107542698
2383.491974152,405.1016997092,19740.775289200003,218.0504269138,135.4698135698,2747.077136676,237.1053561682,299.007538584,3615.1772254,867.9619011860001,173.2993125044,3704.255989660001,3636.8087612,10484.024600380002,1097.53010786,721.637926694,1998.366421892,1618.58962512,1352.0166134968,93.4899670676,2717.43235164,341.0504256972,1576.8047401970002,632.5547465256,155.7412571634,385.3514986826,20171.3005272,321.019646906,2629.0106747060004,5903.0058412,1319.79208938,4915.0734722,10.3708824626
7341.558447519999,2174.566683932,12085.286954,521.9262126704,442.050094864,3089.107052724,1842.80523052,365.03625847,3372.93658546,1931.4972498946,375.071341284,8590.057479,8590.4381926,13145.3564712,1126.274536944,850.9160545697999,5222.52173396,2127.778974412,2657.92429182,86.444827708,6636.733505000001,1272.9169233839998,1706.54623142,3082.13362094,992.682807224,572.624886214,11218.4663524,2238.00395936,2793.14840537,11877.026966,3512.8006336016,19468.0277022,141.4394010278
195.357391144,293.123840812,11192.0475408,1.4652336948,81.5593142396,763.2199257,114.3006184534,85.3494690288,5234.7221666,383.1667429968,40.065735129,916.7250782800002,2792.8784909200003,5337.902433,159.22457829,93.5798813944,2492.584477009,202.1846154466,850.652577378,318.7700543878,2243.94001094,297.8694261544,426.3462225246,323.6822122084,335.409029955,273.2509016508,19030.6362334,36.6027607974,251.391127732,4789.3060288,121.4934984068,2013.36223332,35.5455285006
1559.2953167700002,165.6802659008,21381.33421538,0.733495016,353.849968648,2400.78368131,411.759137507,474.9752374314,3745.19428478,218.135331174,109.687067134,3376.07760642,4558.366668199999,8422.7525686,73.3383833366,118.3829369494,2685.76803316,687.250311916,1456.9301378756002,190.0142715798,4959.02266717,953.0540134816,832.6179764138,151.8568473232,83.7576507826,72.7301229436,14922.7756926,367.1798336712,319.36496169839995,8067.7941888,205.3967976906,4155.63146942,68.6554674516
3220.62654123,2.4380922076,685.082658648,0.0844454209999999,211.7057831396,172.4099106104,1169.5375933015998,211.389827058,416.163611408,0.6873469520000001,15.621937247,1156.109771014,2648.97480608,1499.2399074999998,12.782501732,40.575777392000006,156.7489847646,135.636533948,675.9358722479999,1.9056646346,1485.72820756,538.32776993,255.7509279372,108.1710546906,11.3447474882,0.5192350172,3.3916234518,1565.6204030922,6.9356442456,3343.2557614,0.1765186882,679.33330404,90.03579365280001
7817.7559107,125.505846512,16673.7971906,0.168456352,252.77033400519997,4203.9362421,1072.5425892612,206.5596818,4918.9344888,2.6662456126,25.1557995896,145.438387726,2112.60159498,8503.9689278,6.516418552999999,25.442655024,798.7079269268,115.180223588,1266.8872393627998,48.062794064,3445.9238835999995,581.0916470742001,528.694472898,542.2322116926,116.554502888,0.8584469064,6619.1711044700005,932.68342573,5.572055359999999,5194.7813670000005,0.1200744596,4211.68759426,45.7767186794
3977.211922292,653.4828565626001,8958.7302043108,191.46899622,203.7499695862,492.49252177320005,931.80209253,187.1480193524,1106.895875546,1332.9463063486,174.89511825940002,1974.112073586,1739.794702376,3848.6924604116,545.8708383457999,376.8974562478001,2294.509862439,1232.115949973,1378.042076782,146.27285348,3660.098924932,367.3022390662,616.964306154,957.261717554,371.0785438,226.6898865556,14983.396799839,1258.0664470202,2780.0275487704,2632.684554568,1928.8100216742,8937.988554726,40.820819216
14.986893946,65.4522954934,21317.590738,6.1517889932,1.9880442008000003,2714.854814,8.953987253200001,92.31569515,3917.727827,46.3464459946,33.357961868000004,293.64000422600003,1289.70338314,8471.246700400001,51.9051212846,186.017052209,59.7609730698,42.684833866000005,47.8524832642,0.1341830482,562.659809892,207.2157004646,0.7792181232000001,9.1062736738,1.3170026318,17.412962535000002,15991.2039,12.0443944624,211.4143271642,3071.2338348,94.2015959954,581.775187498,11.9941874264
436.60099509520006,896.6344027289999,4982.917604118001,89.538075,7.56341401,133.9319293116,30.9238344,2.842425404,285.31389127599994,840.6066995872001,84.01789077,1358.622617712,660.2882919020001,1110.368995988,823.6777156652,455.143730596,442.0784342186,465.6355779646,49.942761016400006,369.0850234466,1163.28068092,16.162295046,82.7942447902,1170.6808976682,733.3204479028001,343.76724214140006,7409.654593012,4.395365160799999,761.8574719828,629.263298618,464.6454691828,3963.1584321294,2.2144926712
282.691331422,11.0417602236,24923.8664636,0.276305158,28.8783934182,1501.9936369382,72.1476830852,42.7092166024,3646.64941044,3.136575778,10.5523372146,77.3325195444,321.453583662,4869.555044118,10.163910064,18.074394186400003,1543.5002146647998,51.05257966,617.0410048164,94.417213818,995.8788109,71.509105056,407.295393018,38.003312052,165.3587500236,0.3856187792,9270.39725216,76.82906828419999,4.8964504466,1919.48188226,7.611231011000001,86.980816976,1.5815205664
4850.05477962,137.40563531619998,4676.9164688,34.4091726694,95.626545004,312.30781425600003,569.392368722,209.1436890808,946.61336454,340.589349022,18.0382944232,589.3784954959999,456.3758223800001,2216.115008528,255.745841986,81.248270089,799.5081938128,419.00475523,719.124541506,230.038718742,1999.58894564,559.849263047,408.3868465464,558.455686903,228.2272545218,3.0414783946,3539.3423192200003,1051.13716509,847.538911392,3031.31749204,303.9205663318,11455.219975746,74.55733526040001
3593.22307774,1595.7830150234,4613.9552655,118.66802334439998,159.1094448776,327.16502071,734.2415974539999,127.422840708,44.4018649458,1035.607432042,71.31223666,3314.65900688,967.4330541,1679.621937256,309.5900379032,133.788589528,1218.0949089034,594.0455441336001,1245.318958284,670.3172190994,1524.5143993360002,390.228752916,872.787612798,3572.9311532476,2060.5209170988,527.522267978,7399.824611403999,705.42495064,1571.0600030824,1209.2289317,1072.182365868,8981.38711046,69.098486874
2656.66262658,759.883097147,2100.54752376,108.5994963742,75.605555999,412.10477156,539.9705132381999,187.672298628,3201.58799297,609.8091394346,55.4732593736,6475.72011772,2458.623280988,2568.4506793,389.82410593,186.7651408492,267.4006223204,524.3582878344,304.4209344648,17.9942286948,3402.6498923940003,470.773613184,121.0904764102,1455.2092912116,248.539899004,296.8245836024,3861.357236738,868.378989096,972.117802168,3303.575237904,870.9264929504,11617.5961062,54.769878251
103.7741008708,0.1559590128,2328.655576684,0.081354392,4.473327831000001,116.824133788,15.606385673800002,34.1394924022,184.5660643514,0.0698643238,7.148328321799999,381.421928958,29.3564693002,1594.39470264,11.681752639,19.2643331674,101.2434401644,42.39448925999999,33.1650339944,0.0,272.44793184,47.1311722876,21.3182316972,9.287121568,0.2897778626,0.3767281658,835.201127426,48.078906127,5.3281756278,420.40458691,0.1951450626,49.543836598,5.366590392
2601.23440382,1.1216521336,2251.459227036,0.1645087986,97.4353800146,705.91036654,427.3107716108,100.907064193,330.4130492726,0.5189415965999999,6.1407664004,2951.17093072,338.811483884,2722.0458177200003,15.7262573644,26.799454671,221.62526011480003,165.18123676099998,446.172219072,0.0,510.8056232400001,377.7216822692,171.8471981022,0.2029278377999999,0.0,0.0527981314,123.7880611056,506.717299684,4.956755197000001,908.2413243,3.0764410958,19749.45376862,49.159107304
896.6021772440001,300.9608885284,931.2706800979998,77.223571854,11.1440481158,182.295424632,84.4684093662,67.37924380439999,112.9024403506,574.1069598346,31.038318209800003,12345.0224794,2.4924140494,1047.9986549199998,111.5886616484,87.1297438306,400.524914284,345.601005032,73.74276284499999,171.357534233,106.158240272,232.1190491146,139.799700046,687.2153533154,539.7602323786001,217.0527950552,918.20333662,198.589163608,218.8293616176,177.302550896,614.4772058996,14590.226411400005,15.895881835
822.807377287,542.4625325746,417.7972980956,139.58110798,4.0416861528,52.9072135076,97.8326051088,75.52002222,1.6680322412,825.6555811211999,71.3888191348,4562.662684728801,0.0254572966,900.3035444929999,470.7078475734,225.9750130902,755.3024007014001,537.584088282,164.911762725,152.2502644146,266.4186127828,80.85887366,225.08630221400003,750.8385786064,297.5710603082,378.7852335186,1912.1879087628,85.0970125842,866.2531044476,14.1445082746,874.3686992214,7696.780227273599,1.9242820218000003
582.2831180072001,0.0,286.9312653666,0.0113403802,4.96669292,0.8156405216,62.7536707028,0.0,3.8341775664,0.7872681744,2.0858977908,354.5603616582,4.2569563984,122.7688310256,0.7773227662,2.455467536,54.253976165000005,21.768790631,116.68695173259998,0.296216149,389.4312824964,0.0835545744,84.1063342094,0.095756141,0.0443058018,0.0,108.5001060404,43.936950551,1.5230290576,19.0861467158,0.725145535,2577.8490778038,0.0
1873.9344905614005,561.45361978,1413.940557608,7.540330061200001,77.0191052536,194.615247604,369.1555334698,41.689745468,3.377156611,467.5971098776,22.2131927906,6754.845666210601,5.5106114602,497.25285544060006,3.5864885280000003,19.0137242416,570.138595228,274.5086349864,508.7960791526,55.2288878884,148.5897499308,185.880220381,355.32901458,719.9154966944,222.5828034,375.01433172,337.19078802,297.576306942,75.63682834,75.504195802,148.7700705122,13169.5933688852,29.5601446514
938.779356106,105.24098466,129.6127657064,0.0,38.7528483666,153.9880779666,365.9810475416,92.6660252514,17.388331050799998,57.79854747540001,0.7060193532000001,2262.4427376198,893.0372375119999,706.6003500818,0.0,0.4037279456,2.820451718,6.1971985038,183.2912795008,0.0,1109.150705428,227.14277784,42.78146352,192.36398384,1.3168276252,81.7131094166,0.032439032,340.7227543066,0.0249541822,1176.24280944,2.790505926,1870.8439412074,33.3480725272
273.895437996,0.9331168412,409.497835628,0.0,9.359963504,47.2186158596,120.140453861,55.435462912000006,1.3804787846,3.184837158,1.9401495234,44.8128129982,10.56614968,179.824416093,0.8987312046,0.9258402976,81.68003538,12.680434197,61.792220258,0.0,370.043279775,117.334380735,33.0214221612,14.957266301,0.9274856682,0.7675775978,396.5555462558,143.21236178700002,4.9503143332,51.814710810600005,0.2022261796,243.287636331,14.677575618
0.8389376489999998,0.0630299823999999,1.2076711016,0.0,0.0,0.0343048962,0.0284907858,0.0,199.626415394,0.0,0.652144614,0.0595591325999999,8.823585112,0.0781735718,0.0,0.5032353854,0.0058546924,1.5707175772000002,0.0,0.0,9.2229073282,0.0,0.0,0.0256748808,0.0,0.0,0.0,0.0,0.0,2.1515116832,0.0,0.0372051748,0.0
565.188596712,0.0517022832,1242.612018012,9.995322654,13.040031478,102.43478560600002,83.6141258892,56.67289161800001,77.85373903600001,1.9992601606,25.496534382,1.552650501,46.158242235,477.6232448,79.81869493,63.84016913280001,237.17168863159995,208.3652998222,76.06811196160001,2.177148188,53.525851628,126.9506739278,73.941166338,7.038804328,1.8426851614,0.0,1623.4642966079998,113.6481787604,195.8973163308,166.7668473626,45.51137898259999,627.5545291340001,12.0674577956
1075.2558234964,257.3899967912,189.3318991492,33.790711672,24.025864660000003,13.8576570904,131.0549877898,42.2468368582,0.0,195.80704711,14.071757602399998,2260.274065036,6.945321458,266.504734248,26.4252646762,14.575679489200002,201.2557491766,142.60710672140002,204.0632351548,49.847447012,303.8324558464,71.1580681226,203.664870545,494.6288803262,124.16177808,70.617680486,53.5424839068,152.120306104,264.09668732,78.5826039884,208.99835296,1602.690009578,11.250857594
175.726093014,5.839621558,94.1713699012,0.0,6.3978992562,1.4665652664000002,71.33364776139999,8.991204421,3.158597296,3.931960844,1.027530739,2682.5365236044004,0.0,2.0715042314,0.0,0.7191253072,9.3744152628,6.1247741306000005,81.968828845,0.0,10.973618524,41.5318819416,42.6115837902,54.47419346,1.8854725576,1.0990377176,0.0,113.4281071142,0.0,8.458933628,0.0,880.5244722720001,12.534597774
1649.9797557362,40.883051468,938.43285712,22.2517300568,34.697531046,322.4131633888,190.8372465214,78.30744792620001,155.768098598,38.2278997896,13.0161001482,717.1214683982,93.1178207044,651.130483826,54.064575726,39.6018646788,146.39925706,289.8220446324,179.187216808,2.505017452,1252.725687914,238.9021809302,118.05722572999998,91.46800678,1.1207288144,14.1292561452,419.2062539118,302.5272831414,25.0947461636,219.029865148,82.197215848,7423.350521249199,27.843721141
268.7375407768,0.0732685604,253.999233346,0.1269728098,1.0661221814,49.8082406898,15.8075916504,11.284611871,427.085510848,2.139792834,1.224871406,1009.0075022394,49.959481169,116.3243255418,0.0,0.7112931384,0.1283005488,5.1791365556,0.9636928988,0.0,479.0768012596,35.2467144188,0.0,0.0965878833999999,0.0,0.0,0.5911895542,51.423545358,0.0,133.2822177926,4.675443554,1917.740583647,2.2756920416
502.19679898,604.8230107,15.075529239399998,67.99366849399999,1.0262825118,11.0269925934,31.82967586,0.8289609118,72.4109621352,498.4093397200001,12.6393746546,756.0082733236,0.0362402973999999,20.359499124000003,160.1285999,59.7717339744,68.71918061400001,182.3207315138,8.9235851056,402.8989221608,0.161339366,4.309852052,4.6803126622,1079.03137548,943.9464134479998,160.039449972,738.1416783999999,44.4857869522,726.2346842,1.8601537014,465.04728034,2871.8324361152,1.250359923
1333.1119769092,155.19026796920002,68.251039996,7.383705185799999,1.4507052394,9.1117257,71.1296745582,31.3313397702,58.30928474,86.2609660318,9.4016002446,2608.59958,0.0,136.56623099,13.7804248526,19.1191099252,30.1070063472,53.070519918,57.41429779280001,4.230454584,36.712635542600005,64.464436188,23.7347251832,223.7117305028,22.9528908008,63.718573017,160.911041659,173.5365975082,20.1599549688,3.3457782368,30.3281891832,9470.08933502,2.883280854
292.569286714,1.397197467,157.5798896368,1.1928946758,0.1090022719999999,31.9832279362,8.2280962522,25.8097606962,38.523800446,3.010436366,11.8903586572,132.614227872,533.4678759648,470.731120388,24.09696706,25.1778255418,105.0746384004,69.4985499472,5.9955364362,0.0,196.050640494,51.767419488,16.757801155800003,5.4228786654,0.130103108,0.4417568652,209.6636766,89.9584124082,26.46476592,168.3331609848,18.539800006,522.1988935301999,1.7401765256
749.4437019834,0.0,110.815739772,0.0,0.7862588394000001,0.0,4.314518486,0.2847485916,38.3285684326,10.639901788,10.4734396586,6160.20810171,98.9962432364,117.481673552,4.42464165,22.3211828398,96.2832939692,67.876036158,19.0898023214,0.0,1050.032497105,2.304556526,28.0346992,0.0912526996,0.0089518974,0.6341912531999999,15.821551136,42.211848478,0.0,345.8867410318,6.441247850400001,9796.8030555942,0.0717669208
1325.24587522,1540.78355173,724.65044478,205.512864188,19.1076798268,66.40152999419999,117.766881332,55.4444444494,56.5487642038,1537.6788244,71.2874509996,8073.8896456,226.07966718,297.716615362,677.5396793259999,253.62785429,522.218575946,900.81870942,220.39831486000003,274.3164463300001,388.40077243,154.527981624,260.42262634,2177.132596842,881.3225641814,851.86568326,3100.8535135800003,182.373488916,2049.73124266,32.732881733,1564.19367444,16361.5595666,21.5409447156
1137.63683568,1874.08908934,1809.683462262,298.12104024,55.1552091316,445.295820998,261.6717185068,98.129114753,189.7839613754,1994.258916962,51.7859799768,8322.43638948,332.248731252,1143.980700224,579.1116172183999,224.8067061618,449.0346308562,691.550692444,298.21196516640003,139.04226453439998,853.543269868,393.15982046,210.8025309732,2854.648552,573.6376795399999,1110.2267949000002,2848.940691153,344.452404898,1551.7041640787995,309.943816196,1956.28649986,15477.7371128,50.3989758182
1296.998972628,238.97686128060005,346.5831358526,19.1089122316,19.6201214774,207.2595142272,89.9761803742,100.5853469078,163.33925853659997,156.6308112876,2.42065234,7524.265948488,89.6846417406,890.9069803360001,5.842951094,1.6775581194,43.7860943676,89.32621933099999,116.1291743212,0.984545836,1473.94171112,136.9365423814,47.7967913354,526.104452319,47.94745796,68.62701797759999,34.3804721252,200.25531151,49.2301540148,443.45343298,167.69150151000002,7810.506682848199,13.3015267402
2016.462964888,1018.859038044,1560.82971918,96.53318897,32.405823132,250.8036338972,227.91009558,88.227489698,357.4389585194,953.9794848732,23.731078097,9726.450190372,881.9710202627999,832.68053292,301.839695758,107.559603079,272.16449300420004,421.4696846336,211.3579122546,185.116696348,1516.79483734,186.304080294,150.369401902,1587.7614776759997,605.6297052102,469.7602564236,1484.3790571692,402.096373632,802.4059004213999,280.58298515800004,803.2035206646,15020.1647439126,21.7867283584
892.6811998425999,114.3802428238,113.47271741,0.691554787,0.0,6.2195513734,11.7403417762,12.767666227,52.40429620799999,77.503512554,1.005772445,6910.04939314,118.8294680776,310.3734384224,0.0103174664,0.5571609728,3.1917681288,11.5770939066,3.613848327,35.13879703,250.3783398212,19.7520785912,0.0721396616,414.5209253444,185.9657297434,45.1514156484,7.9909773478,163.363922316,11.0732827006,106.72379583,18.9716588374,4804.528437726,0.0
646.42267736,478.7463941305999,1081.2392300200002,87.1877003568,24.36703578,209.0370621238,96.3791889458,87.01916034000001,4.1551794568,591.314789692,9.109832917,12727.446304852,1.6590394686,762.820433118,123.7476488458,40.06453908260001,17.398248028999998,138.9469410964,68.60732251900001,19.8737000756,132.0921678912,174.92966332999998,5.6223967494,762.2775713416,126.117329494,315.5686912114,1036.8146760542,286.01746993800003,462.7906858376,17.2394703904,612.5776826458,13827.409640984002,16.6197423026
1065.9998192124,100.74263297,1348.2788323,4.1099792482,15.4887640466,320.2021747306,55.5415042984,44.4997931726,92.335981768,158.0373673,2.1002929902,6843.877594526,706.872452882,1089.004798602,0.0,0.9936377562,149.0432172586,22.5383062798,109.4093977108,0.0,2604.310829388,74.417646604,66.3955736252,166.9957514758,0.3416340142,87.709886836,36.7954119758,172.15638512,9.928956023999998,1163.30982045,63.6354862224,11705.745831538,4.990642822
109.177636283,18.952478480800004,50.1721792174,0.7774059712,0.0,15.4067350462,0.1913936582,1.1364879392,289.40014452,12.0731733002,5.3369182734,43.9030318376,29.4546969086,277.553221372,0.1364194776,2.999372797,30.5974319486,97.2418824818,3.2907222636,34.292236020000004,6.8546281032,0.0,11.845312394,61.0013009414,55.47928172,4.863889812,0.457945703,4.8536008832,0.8386708441999999,122.861588502,5.2276652628,382.4828658094,0.0
236.7050439076,388.9288483392,310.499900149,88.7314567076,0.0,2.039618388,3.6896109226,0.0,3.4079864468,407.1902908946,33.2154208678,5505.63775483,0.7427604632,111.377646147,131.6011814192,88.0177623916,250.74437850000004,206.8734072756,3.5771101062,0.0,10.7765551942,0.0,37.8551854,547.1499822972,7.409073902,261.5502048558,1446.245169856,14.834712443799996,238.31541734,5.4703220342,421.32388781200007,4918.187232982001,0.0
0.0173724574,53.77883324,16.973834251,0.0,0.0,0.0,0.0,0.0,44.6722427558,59.69114378,0.7934789794,927.4022050896,0.6193331786,0.8167172592,0.0,0.3143414012,0.0435783934,1.1608295018,0.6908029908,0.0,0.2430387038,0.0,0.0713349522,119.29448014,0.1421006654,18.043163386,3.366809198,0.0,24.04792456,2.7939358496,13.892615372200002,95.0191163782,0.0
1290.4295022458,34.815999332000004,1790.0588247273995,76.97472976,8.825009242,87.87729283579999,105.1983476716,33.9197556296,8.307891981800001,401.863171746,36.0115494276,1725.8836184936,42.351313088,490.8058564687999,904.5199048908,224.5815438004,467.4047043208,1382.7222980638,126.2217200472,26.6821839424,215.85141428360004,138.05231082519998,311.2337658,64.40613426,13.701460252,65.68271172540001,3045.0183087306004,554.07966036,1829.3931216948,32.8003917428,789.835825004,2539.7988366198,6.384244632
1314.1487626706,6291.1979658108,2163.696879547,308.2661834424,35.913321394,164.97441151779998,113.2487831906,337.8141931682,4.1949706096,3771.835268447,324.4459240202,5731.516224712,5.44476276,1842.8788738358005,2116.7957824899995,1150.3793231328,2074.9915343646,1589.6292089032,236.6199878426,1335.7253050412,612.1196985592,295.0954473622,325.6387936238,8982.273393758,3488.882501698,2458.07108603,10603.805445540002,353.41618244,8392.2343566114,49.368139897,2976.856961696,7418.558656018,6.692753591400001
1218.2677989,2890.586635478,2005.2300550094,312.0243892928,123.9247027082,212.902125986,501.8492503954,65.448816489,174.991694736,3042.732319832,59.836163733,22513.7450462,571.632546222,3356.9281719299997,552.4981940344,219.7191838274,462.8605398734,576.4204466680001,659.1689639948,550.6014215957999,410.2727799874,158.87550950999997,277.092620324,3400.440393716,1267.743672148,1392.8959162699998,2226.453315144,336.7641795512,3411.0975160940006,1232.124752498,2731.668863036,13628.0601676,26.113712527400004
4297.171974257801,391.3373285894,4110.9783598894,102.59207654,197.3209807046,637.3406216400001,893.0640779012001,96.1682792022,65.7084495066,700.8850469694,59.714326188,18105.14573976,521.0354341516,2634.6548019774,280.4061105738,152.02961728,726.9388133642,618.9479869744,1171.32948348,0.1171041948,1097.7720618346,315.7119672,399.41942334,394.1148961952,19.8413445526,269.7882116298,1522.0895792717995,757.8242738854,467.24134964000007,1616.1344688952,823.5894014198,21833.8872583158,50.241676914
2622.225106172,0.7595574642,1933.4577538,5.244465534,116.4366288638,504.745317224,714.8519097554,275.45099338,211.090496664,2.0033161394,7.881243005,1453.8881334324,6645.90776874,3474.27801194,12.983080772,12.2635099936,244.4773775986,224.062624589,505.368019046,0.0,4142.1321981966,608.4217757556,236.27308954,0.8749918282,0.0,0.7214178348,257.6140524132,819.58468682,0.5999166374,5386.8320564000005,8.5656518756,3589.670911696,79.5726942704
495.143528465,0.0,9.9354636788,0.0542342786,0.0544838202,5.7276377052,5.0769610012,2.706655356,100.332506988,0.0,2.0406745578,12.1903361412,1152.954035434,729.9914187696,0.0660088755999999,1.4529598454,0.3347015457999999,3.9879743834,1.3510727314,0.0,577.589722778,0.6241898168,0.0,0.0,0.0,0.0,9.9854983592,46.2065358984,0.0,1137.052978192,0.0357771814,58.1749852778,0.0
5847.903416982001,1646.3393482744,10522.4454714114,409.073063229,198.04724748,2793.208020059,925.010396254,467.285758612,991.936294342,1985.347445376,257.97601884,11743.6728825286,1640.1078026172,7123.2364383,2229.281564,975.0993482,2949.33046008,3244.1261928,1559.2916321042,156.04906448,1160.6482634028,1390.800576514,1205.8317061916,2736.0486687786,735.828137875,826.066722661,4824.726185058,1245.7893541976,2765.70318138,2213.98521989,3374.3677502000005,24671.8449218246,121.99377909599998
1278.2123894,28.396897822,2140.62031788,48.979468264000005,23.4079273046,539.226067386,183.743117852,117.174182182,701.419144662,164.791624956,55.5643825912,7607.42180236,1495.95385604,2849.91003845,353.0119820384,173.0496036102,363.6752920268,424.7346555436,123.8236123994,0.0,1517.60481238,392.700601282,84.6839819814,22.4838903876,0.7849816926000001,73.06987573040001,1058.209963836,628.10207403,126.5878799908,2163.735778,235.401103826,11323.99317696,54.6455267534
4186.2122779588,3592.2986450508006,8922.575030443,121.7986984266,31.703070475,558.71394197,108.5577901692,7.662359524599999,1335.71917322,2700.259203895,121.9749050888,11632.8927409,423.3310381648,1436.97903492,1912.9168973646,595.450695383,1711.7638488146,1535.5811871162,639.2868931512,449.026586721,858.9262990200001,22.0806446936,672.0876375842,4200.546966973399,1917.453799154,1546.2632622852,10427.38757776,276.08376588,4501.178423480001,1362.8779410654,2829.74834526,14238.533995058,0.5381932038
6247.84354208,1045.192846166,8456.94288222,298.1885986066,135.3030042206,1438.7676600612,1002.99679891,156.913463768,414.919318116,1036.603410154,169.77411373319998,24400.276574,274.777922256,6013.33164156,967.4347617426,576.0137283932,1454.1674364304,1490.033323622,1185.6275134286,217.852960019,472.329880134,494.0961771694,724.0096876112,1970.5274374292,691.3752955348,284.387198882,7728.598734066001,639.5275154615999,1672.8013561754,1036.06621264,1808.7679385322,32198.1819922,61.3878922994
859.026167367,3.1446264598,515.9893824092,0.0757143562,103.98473398219998,377.6840116178,643.1653228766,140.21954115620002,80.51431923999999,0.8244750646,8.11113093,1620.561653528,3065.09011128,1197.0376397364,13.495808643,20.0443361152,44.5642072052,54.595361955,364.3733891346,1.384806352,1673.288482878,413.6390703126,78.9250324416,4.147736371,4.1667868168,0.8385830204000001,102.7363652658,568.9908045730001,1.9520987414,1399.8436665200002,4.5758284806,2280.1758226972,70.67410282
4569.1042459,379.677546896,4030.3257451616,61.6690736604,381.1503242,2372.0818892276,1022.6269146094,354.27950877880005,2600.461569272,200.9017285406,13.3661845198,15399.853705454,848.677752368,6354.2706900914,276.42905611000003,61.6851643794,257.91568309800004,700.3702651287999,1050.872103362,6.969019723999999,2999.5940007,1158.761001989,301.7812506516,212.44842677000003,46.5578475352,231.02828836,1635.0867836605998,1024.553206854,88.4611994086,2163.64139266,326.0384446858,28585.48572334,129.7504952768
4762.89295624,82.664924648,10144.39160736,41.7383089074,194.654399,2993.9209934500004,1131.908112654,399.054122157,1308.01535116,409.4550874756,25.1119458554,13886.3684216,3326.7704329,10850.2609126,78.3919036002,40.1187619122,664.8752907398,410.104419296,768.7981597572,3.0658047762,5210.5400954,1200.0626171486,330.509860604,202.888760888,24.0479953982,95.004932062,2755.9424005560004,1315.440557116,173.01792735860002,5310.9552214,330.81408283379994,17461.175989000003,179.51555005999998
2026.81669622,138.2028361444,1638.8688291899998,54.95430761600001,109.4715016148,743.1721882887999,557.7859709122,106.506195841,3181.60677632,228.67120090480003,58.4180232902,1046.4624110600002,3027.4796289600004,3459.6646498620003,242.9610460574,129.35323356179998,532.5254716924001,472.59226591160007,540.3692399638,1.3043706754,1260.0367472,540.424890259,302.1514324604,175.9535189466,10.0911053066,146.8829226532,633.289709189,542.8315508840001,644.4334569164,4808.549273442,390.5413333628,2868.24972672,71.17377044
3486.98157634,19.4220520692,4451.008448128,2.4736243346,34.473360375199995,329.9794269492,74.3283912942,105.5464954014,1191.1397775,48.59651714,63.08466957720001,11500.69240266,1279.537487816,2995.1728463,160.7696303834,161.5376603032,1323.7918500586,376.3140383286,233.8878158294,2.78810954,5952.458476760001,229.7607203528,349.37298592,34.4371216284,1.7033102036,20.6135148824,1594.068967176,401.450354038,8.6411062712,3151.7539604,76.925605789,19485.5563889,14.019266706000002
7010.282259000001,881.5449031672,3506.0417240199995,182.5063847738,173.0813775072,446.888366522,1202.872897384,198.2748840556,5008.7857202,1379.21434566,45.1291758668,22022.726486,1206.47712766,5391.679019,604.578075293,179.516470598,778.7813112719999,1252.8697743032,1029.9066079636,130.02853536380002,5003.77239576,614.5019980696,537.087825358,1848.3683536146,382.5731425412,508.4762902834,964.716597924,1439.400780698,748.023383752,5571.3287804,1212.4891112520002,29421.363194,102.4034224888
10202.60773984,757.4343560039999,5719.64096816,448.34308184,38.7557276688,689.74855694,689.269434824,198.7597859228,3622.354609600001,901.99537846,26.080438449999995,21832.093912,1060.7153134,6011.6295476,1296.447426326,287.7721624928,495.42504858,786.53064214,431.882823796,107.83467692,2913.497281,354.77126989360005,436.751266368,980.812981296,139.7083432602,286.0508296172,4848.845564220001,2037.12009296,1998.08328568,5857.7033562,2660.3922702,30971.0583952,27.5394861724
3648.30416422,2581.886505064,1345.750606704,90.1210930264,32.3955870912,426.378908688,333.32511996,114.1351682308,3077.036746,1393.9380056644,27.2063591594,13859.0804554,5217.0126498,4652.6175102,32.099129208200004,30.6671942026,679.0896800008001,753.5452733644,271.0998875132,278.1548715984,5408.0576644,266.2984714238,268.4355438424,3439.4517181548,1398.9262318551998,1383.5422755533998,594.3452007612,717.656475712,822.3356462758,8571.8965606,844.1948600914,16584.201183999998,28.1630734376
2860.79706086,628.2876922898,2156.2137887888,46.5334781814,132.6040629404,602.0035310278,686.84280676,232.2453142516,3740.05823268,547.8669352896,22.8291520276,19076.8382142,6565.1425942000005,4032.821402,342.5177505324,153.60625152819998,247.5317476618,453.144540352,540.549300168,45.960960542,8140.714114599999,514.8277743812,262.760708007,493.4991847742,36.8519583638,350.3405465802,1817.32188096,851.45375642,478.756316342,8994.3291254,410.4880708980001,15395.67766208,64.0197515966
4885.8795832000005,352.0812051178,777.5731540262001,258.201439929,2.8269159111999995,18.7494560248,107.8984164648,42.8902301388,5050.151363800001,1244.6406327622,36.2729212528,28765.1124732,2643.855139,2278.37419272,938.0516597486,77.328199274,633.0286054375999,407.268846952,148.844803933,0.4360589078,1414.70987354,58.985555518,601.6789433984001,76.23935226399999,2.8478255198,804.634524814,2006.0249632748,380.330047666,1220.6888352092,5063.309601,1594.7938054466,20538.9417896,3.7105228836
3632.1280796,2796.197614938,11710.65823437,126.4837707228,409.4872187914,1634.03805659,1307.780729002,520.7542365426,4212.27954,1655.4917935019998,208.12774983,14495.13802908,3891.97126278,8808.721076,1251.510839302,687.51645872,1394.80623112,1696.97652256,1448.7832824000002,250.1370531104,4948.7243484,1363.625445049,460.04250578,3077.99411808,1699.5415410766,653.5997413512,4706.519363,1164.065801,3028.35996346,5676.125161,1504.3827605,16699.707484720002,114.1534644464
2047.370805362,1193.074171432,7184.83572838,125.7167603126,407.3736984378,1611.010121914,1908.392402993,208.4844228118,3980.81138766,1437.7377408906,249.0416960242,6011.739584566,5400.4972394,6777.561118799999,1077.939122502,698.075089408,1990.1895914694,1110.369368918,1488.2083873098,268.91678514160003,4019.577706116,900.6101301565999,787.5211146446001,1385.07152746,418.451128044,490.1652323794,10846.932515006,1190.942399722,4313.427728752,5297.5977242,1366.0535995402,6269.212695560001,213.4844246298
3980.19794386,826.0383080094001,3658.54709172,259.471714531,56.2870033288,373.094308438,577.386438212,53.364763932,493.7609024220001,115.196758022,29.201779623200004,4607.9277628,5363.7873514,1905.8334545600003,640.509578988,170.53493569,1137.912587358,964.74258668,315.47876258,57.0702171022,3777.50044642,276.04867539720004,425.972084512,1074.5821572446,317.47277723080003,124.17889145079998,4264.1695348,1189.5668457,1666.1607006979998,3654.3062882,880.6506279919998,25479.1651464,27.5238244442
637.33441852,1095.094429936,887.6533881560001,315.985462807,0.2870320718,23.8810284688,3.8798102678,25.4572374084,1326.64030346,2062.39127854,19.8257753404,9019.67418702,971.01508125,785.47050186,856.779086562,253.036949092,400.382716068,389.0802508218,30.2986926822,187.1650040986,919.58196434,4.9003619618,293.9815737704,1182.24238263,455.87315276,578.2942349279999,4593.6326928,84.237961406,3745.8809275536,657.559397,1994.36220955,17520.19140358,0.1183050364
15.96316901,6.144355901799999,11169.7933958,0.0,1.1153287966,296.112689448,6.072382316200001,0.2947733064,9447.347169,1.7579447644,14.6178399746,97.794635254,970.99635188,7033.884282839999,1.7091672404,14.324752426,5.8077092746000005,15.8246876248,13.1125439434,250.2505249886,171.60814922,2.7813640062,6.3194878872,195.8138763568,543.9020943044,1.669614145,2165.02959332,1.3919821136,6.8845810474,2620.2888726,0.5058136932,72.20607121200001,0.459847402
8793.750768622,1054.2960116118,10025.7978446,70.6022602564,167.3659765454,850.62586068,620.006662,291.077702924,5739.74789492,656.0017433589999,139.802137227,8851.616164749601,2723.811791748,6942.47977976,1086.6103508962,426.5404167256,1060.3096109476,1281.568929564,1250.8709342850002,643.4597622242,3746.446218126,528.4998641742001,684.648536376,1214.32513285,827.3938328975999,348.16388636,10007.5687619,1033.87003967,1700.165882176,5282.88529802,1580.4139456501998,13740.639439736002,33.602849148000004
4524.7613672,585.3794682116,9292.9490916,51.3150605996,1.3644285564,506.717859652,90.9599398482,24.883681796,1951.046318554,557.418654446,201.7719510706,764.4787687738001,3522.880796,3239.05694884,1561.019665572,765.1097526074,603.1434202956,1383.33382458,47.796515742,165.1498551004,7129.71040242,55.1750337988,63.45794187599999,1176.908415638,463.6312200924,237.7402689996,9645.193077504,270.402891552,4479.294203908,5151.268658200001,1160.494812768,5452.815502792,7.999453614000001
3707.76042548,1383.1459629444005,4700.8092332,7.428660341999999,28.8299493288,636.0521815544,753.7835372955999,264.8601990398,1609.4740035,691.9730358036,167.592402934,1616.205103296,2804.2006694,2429.80481114,577.0349931314,367.190274168,1618.6635248400005,854.8296472280001,697.352913338,784.4235324882,4217.53977622,503.9140214512,654.46876775,1343.65917838,1042.0597747742,354.7401135794,4665.551020034,1044.8625407904,3297.0773964224,1879.36622398,255.26433852680003,5602.0301572388,34.1557780472
682.67740984,295.157779072,1778.91185162,8.077446082,4.363560601400001,496.904476032,38.295683014000005,188.9734133398,4242.67848056,103.451822593,9.92590475,2382.2391592,4959.29678146,4358.6176744,33.8047185474,27.459946686,49.2747709494,11.6104369018,14.923194401200002,26.684404094,8341.809577,83.66753486900001,2.156667814,585.952651909,113.767599156,306.7483762046,743.561432038,63.323750096000005,45.72721451459999,5154.4839342,278.26793391459995,1848.22163494,1.5928651588
2284.644356406,1.057979852,3327.3218480000005,0.3412217644,42.1410483106,1577.918333756,401.5702995192,363.4374640766,954.178534944,9.6610237338,1.8018222292,2027.13418899,2571.0960272,2765.87755834,0.2353044114,1.5555044111999998,36.5231322998,4.750907762,127.8656897846,8.256309847999999,4518.73409246,527.8306656648,1.343668402,41.3182625004,15.905731929800002,0.7892355432,698.890208392,659.4524764079999,12.4852412832,2248.049628,9.516926542,3558.8107888,74.03179910280001
101.731209118,1.0229279886,206.635250372,0.0,0.2702790414,133.698445704,13.2648056734,0.0,4114.34264648,12.2819295658,5.8584194864,819.67035452,891.4001763440001,1832.3725786,13.6895688266,5.2161674426,10.695585799399998,11.528740589200002,7.880542149,0.071161795,1191.59279316,0.7558952438000001,2.1869376328000003,4.3510357942,6.215762269200001,0.74249473,345.3574744436,15.378132892399998,9.99304069,1464.69616968,3.145104586,413.80953684,0.3819213938
64.010002322,431.9025405204,1299.2366630600002,0.9106648498,1.0883216839999998,41.9752724966,5.8089676,31.0463247952,3164.48760976,312.9893009926,56.40311982520001,298.262188308,799.56070898,3036.4939302,62.1329030718,178.0529717846,693.8713425312001,149.2235040412,9.2694901516,159.5496610268,2644.3133671,5.4533974884,2.5885020278,509.6176583284,161.25328791040002,59.15788701,2052.44333462,24.6779184212,294.237974846,2038.63661846,210.9903860494,449.87327154,0.1228192706
170.80333146799998,57.2791663,752.10969705,0.0595940628,0.7672881434,25.2071612944,3.7428766216,5.5288613686,2341.2503457400003,31.9486067314,5.261888558600001,206.910547628,738.64962623,2306.26003186,0.751577689,4.413863529,4.2929448958,13.441716627599998,5.5160873498,28.534799894600003,3176.30065672,2.9302523476,1.9169934664,168.7555290356,50.7426094972,56.870838041,1808.325000466,14.3833386464,7.2972580854,1710.57881342,1.959515302,178.13920029800002,0.8878098684
292.667430514,713.6762760164,10826.16895618,84.754880654,1.8074769632,729.128320776,10.6500920218,73.66316586740001,5549.635381800001,558.4533017880001,40.2997846866,963.76315002,1794.8834753,7784.966434999999,927.6579409228,679.2713926849999,32.894950093800006,510.8904958872,4.5485045562,57.2944981656,2765.4520089,50.3112744906,2.3118844644,1173.4698403999998,428.714783239,123.7414149918,7738.302541836,32.7699926908,454.5455170240001,3523.4652154000005,423.46114182,1769.04391404,0.3581993233999999
1039.86769133,233.9193418892,16433.19469486,1.8540542928,83.3141922188,1305.54765118,147.345657909,109.0524144928,8127.711637,168.5997871682,43.70113046,2127.589900158,5770.561849,8189.591066999999,58.924639574,69.11822316599999,2787.2735203076,438.52325059800006,1050.6060074000002,219.9725048108,2433.09040316,197.762360426,721.944717992,556.173615626,276.51382845620003,27.486876623800004,9583.344800946,129.6323062146,392.9926197684,10860.2631044,113.0395755086,1738.4674806399998,14.761992805
441.91610349,28.607998186600003,2079.56334654,0.0,85.1304322414,496.776828282,330.8229746342,131.84902429020002,2521.08849638,0.1246657219999999,7.996335691,463.572955154,5726.5105298,4530.2757834,0.2115275472,6.179210898399999,33.115406408999995,14.360897139,218.9941592788,25.478328030000004,1954.291393624,402.273349169,91.7778916436,506.837297991,41.3645412848,0.1989021622,165.98717752759998,347.2066917558,0.4631644328,7161.943012399999,0.196786763,33.9185392948,46.193943188
1104.8428467580002,0.2539511795999999,481.409953092,0.0,35.243336370600005,225.97820926,150.44020143339998,27.8261016162,231.9436792542,0.5480562794,68.96914422180001,40.4121503488,3493.072891,1414.417208926,254.2048746968,427.758175412,26.3924474572,283.533875094,122.527069318,0.0759427662,5320.848112256,154.259787141,5.963413199,2.8944677654,3.4647614346,0.1455700262,1146.45762182,161.91486195800002,7.2182077574,2784.3667864,1.9035422172,675.382830034,25.6584320534
1806.8946311,154.44885151,7102.702378799999,0.0,18.3528736282,1229.388387882,26.8771163734,397.924767294,3845.83880118,16.0619077724,25.2331957528,48.691077926000006,1904.85907108,5879.120820599999,9.9858209116,60.3875526156,235.7190582174,300.105551116,51.9766033874,255.1512710672,6271.300010999999,264.9976912564,25.6806932002,1131.6651844,730.516713434,6.5954144694,1635.096424746,537.6541189978,3.1923034002,3900.2003704,0.0365884496,159.18823928799998,3.3741878266
3695.7438634442,0.119195888,13745.0263206,18.781289783,195.8021379996,1262.8083329679998,956.442724074,318.9522531622,5389.6702458,2.74582326,60.5411379538,72.4618971042,2644.89711654,7537.1290626,134.60655816039997,152.6979496982,2171.053996462,880.5038457594001,1246.9769629344,0.1786463724,3245.44238296,1039.5577415442,786.2320383688,0.1963451382,0.298062432,0.284210189,8818.352251510001,1479.154859716,5.700799779799999,5941.054261200001,42.067308856,2080.439718206,114.29265556219998
1418.1147202339998,0.863249941,6547.574575000001,1.9307728558,152.1523666518,1680.8221583999998,777.2961225199999,350.0122428958,3919.34487716,3.236136789,45.9612782672,38.6768381972,3459.5362084,7849.808175399999,60.7674834316,89.13195685320001,967.8242421426,430.9449095206,1130.067689106,0.083588886,3635.5805516,1171.8668454578,691.5108205524,4.5649941762,2.5218213572,0.02835109,1748.760856,873.568090028,4.4580326916,7313.439457800001,9.6807758378,457.5013326566,135.0394466006
174.1613835034,1.619251463,1096.93490236,0.0,5.375255188,88.018819519,55.4779946458,2.744463108,1408.1932905,0.1608290006,2.6469368894,4.2667454516,1449.6105686059998,1919.744483162,1.4023329892,3.3861414046,30.5305225746,8.8271976536,35.3552842252,9.113393588,1242.5309265740002,13.0877005994,42.395713958200005,12.0862227544,41.77398173,0.0388881766,1038.3208855778,38.49111028,0.4698735605999999,3118.22001526,0.8429185218,117.7400278066,5.6586654194
1359.5037123382,708.1339632604,18738.252967800003,47.399027013,56.4405468312,799.55963018,297.94888568380003,78.4656598698,2885.6795234,415.055780828,235.896988762,1300.70350276,1356.5296584,4222.79909832,827.73182192,636.57801274,3736.877679828,983.37645956,857.4746137,1087.59038698,777.52965254,252.442417678,894.2040423799999,2081.7706794342,2004.40688256,175.3640355,32836.381293800005,341.3471868082,2266.7738522712,3568.4697904,516.018692802,1635.1926588772,20.916034720999995
1396.759279552,562.0604734244,727.2272635200001,83.8763599736,48.540332376,439.839960596,263.3657378384,156.1289758488,4186.2756494000005,609.6792167064,22.583314058,737.3473806804,2031.66309138,4190.66322362,200.17550029800003,80.0601326854,133.9519055388,217.595111088,186.1375835064,36.8761521988,1956.74275036,340.20440332500004,66.9395255356,851.4132305999999,185.3689217548,245.54600116,741.5286781944,601.2689565200001,971.2726381326,4419.6046122,606.8780426175999,2195.4681569238,36.28934400839999
10.1842445532,0.0625959807999999,500.01587057,0.0545999848,0.0,13.352360707,0.6811913028000001,3.1383342712,1473.254605,0.0186796462,1.9842898596,3.015977942,476.67407152,2970.4368924,0.0956639504,1.438923406,0.533305421,2.8021236452000005,0.2061808022,0.0,289.6235216,0.3975794658,0.0837926376,0.2430122494,0.0,0.0,18.1741436494,6.532448787,0.8042521922000001,1744.76107026,0.6083415494,7.7303086956,0.0
449.7345292372,0.0,203.004443065,3.047863318,0.0267659086,0.4457295742,0.3685103483999999,0.3593140702,1086.02819478,1.1753907258,3.8028801014,3.8163805524,147.9859898744,135.269333384,0.063720852,2.0748524134,0.4612222732,6.005386948,0.8282813564,0.0,114.7046193106,2.283110214,0.0,0.0,0.0,0.0,0.4656524345999999,1.0403888888,0.915757594,590.39098968,11.943640644,502.7857388304,0.0
1920.0295595912,139.09787563,1847.75577374,22.4572968228,14.1948223018,166.31190665000003,117.92074913180002,20.1283564932,1197.6297911779998,57.6396544932,70.3925457952,343.0616215684,1978.76285748,2531.466563492,167.686219332,167.1464175546,543.5776259759999,306.051406297,138.0872992346,153.77432454,802.5033455199999,36.5189016152,134.757378906,323.55278714,414.49502926,24.9802116078,2621.1947064372,208.9380706328,163.37272461019998,1815.1662187,114.9490542944,3984.3461769158,0.9856626986
1739.3840291744,86.21911069059999,975.4983888456,7.738685480000001,1.9000749192,165.527511456,26.591857405999995,24.588530176,216.9849062958,79.5414715766,0.58144301,161.36540277519998,19.0911372328,1031.349108372,117.4430317352,18.271207729,44.461009414,81.6622990056,9.2699220702,0.0662806878,746.4532484747999,30.6328697784,0.9357201352,108.71797543,1.2929243434,42.91126492,963.1836674358,172.9827557242,86.8858279694,131.562936278,48.8169324684,1969.1538296972,0.8038635932
6.641698924799999,0.0632921162,740.6210359600001,0.0,4.058221927,158.7585496174,26.548733294,80.1081840444,49.0240448598,0.0,4.1356114186,3024.0119206,38.5931401976,852.137041392,1.6383785524,5.7989955854,46.4532683502,5.3132398122,33.9674767398,0.187898118,454.156005201,97.59841017,5.455340206000001,0.435433209,2.263016522,0.0,118.3767278572,14.89213072,0.2138506255999999,496.549565978,0.0,516.251267074,5.528602985
41.1841657766,1.1422470994,2137.046343158,0.2240685281999999,1.5122624608000002,100.6308077004,4.1095811178,12.5369367442,60.4349629172,10.5062153212,22.2513769854,59.44560181959999,1.5828923898,266.991100224,6.549215468,24.0347866674,285.28188890900003,69.1598143134,99.588998061,0.0,43.77435412,17.5360349376,118.87982182,11.0890925762,0.255064823,0.1458668614,1208.1204947324,2.6873795916,100.0999733844,56.25550391,43.48523722,18.534706934600003,3.835193406
392.3498456856,168.83050692659998,1583.73760182,10.4053804446,5.9221658856,25.847096072200003,29.3901241334,4.416881704,167.014783184,209.5866528504,119.27014403540002,5824.916862778,0.8353707004,766.6611565677999,189.07244296,289.8767091368,716.1543017,438.9830338812,122.8038130044,32.635555354000005,7.6232663166,20.396844077,185.769991992,377.565367098,61.177877994000006,120.5643624958,3271.9119991834,40.3552657516,465.32250658,75.4451655314,167.34116695300003,5113.809643444,0.0
238.84064333,173.3090507,297.3715433422,74.25150778,0.041476997,0.3771635348,0.7743208436,1.0941795364,172.4435664622,292.0655285318,36.9359135286,6199.716361566,0.744280296,107.9743616242,277.743330722,142.90611681960002,310.2764669874,260.8797244044,23.8351327076,324.93009521600004,3.8154911836,8.142461518000001,56.2294715656,596.0379795544001,672.85865875,84.72666301499999,1683.3352436468,5.891472650999999,654.816191708,55.9801677436,508.5927728242,7373.802432599999,0.0
946.1231243538,712.0350442609999,132.91197977439998,33.4408675612,4.032984196599999,0.634072455,21.554483266,0.8338552918,0.0,405.205321956,7.950737495999999,8117.116128140001,0.0508909521999999,10.040299925,95.03863162,25.3857301174,104.051233742,172.6081330362,8.105977663,323.5546105726,1.6185281678000003,0.7634368826,17.5490444784,1177.5165143742,741.999912602,300.65105263439995,863.8803983637999,66.80255685,273.303657768,1.5604540031999998,298.4632002154,4663.71491632,0.0
801.294917215,2182.621260706,1171.272539446,151.0303360116,66.622032128,91.1237368108,152.924937718,52.167908780000005,1.379636168,2057.0825849000003,47.142337203,24861.1546768,0.0263443113999999,74.399641183,220.329091752,171.7901293926,287.5573762272,373.4862425696,126.53083475,231.29459796,47.9710922078,185.0388863072,7.5820484484,3130.2981643018,914.0596060864,878.1591246580001,1584.40669478,242.779261556,1828.4094436072,2.8524647726000003,1561.49323048,14140.808432,19.8329899946
240.232724306,418.3505591318,121.0491980468,2.495008124,13.123218198,14.750151591600002,44.1935089656,16.678089512999996,0.0,195.3491512434,0.6357660262,7050.475169466001,0.0,22.8823549116,0.0691056358,0.2290129838,30.739095426,4.8574600268,39.818434114,23.4767681158,13.5287245262,36.10782115,61.9641298,846.133459941,177.65975606,105.600119,63.2888075958,66.1940534056,182.8123061704,0.0,80.157189252,2615.119065204,0.8419564888
121.723567596,24.060191335000003,9.625452152,0.0,0.0,2.1318555954,0.9149894022,38.4868509546,1.5608113486,0.0,1.1570132654,217.23428889,0.0968463753999999,28.4413170916,0.0,0.5596962206,2.291907347,20.4802899624,0.2873966002,36.231034567,62.636558952,53.13345596399999,0.028462145,92.024063106,59.46388408,1.7900446528,4.846722792,46.47196683,0.0,0.2440570135999999,0.0,19.992263631,1.072172123
82.8035053368,136.815426781,30.076861948600005,0.0,0.3804047097999999,56.62059164,10.1934866718,93.30000789,0.0,8.065607308,1.1078837932,273.0804702968,0.0,188.582465452,0.0,0.5865873126000001,0.731851999,1.9543489606,3.4356863732,17.384746106,156.930355396,158.5348578672,7.715706748,372.6730444,60.12888458,17.937647834,5.197521697400001,91.9753798036,0.4380300562,2.3020988154,0.0,35.475612172,7.542936212000001
90.902524719,20.47671756,40.7266023578,0.0,17.626330862,44.176850211,105.7666817416,62.1404134278,0.0,0.2434597785999999,1.1457097668,53.587982577000005,41.542322617,159.39953347859998,0.0,0.403023182,1.5249661234,3.826974165,94.666353686,0.0,117.997822814,145.001324376,26.054869422000003,38.6913069318,0.0294090642,0.8167580458,0.0,135.53997494,0.0,56.138867165,0.0,21.7240324924,15.876271842
183.1302207596,0.0,701.345954416,0.0,13.82538898,79.010729862,70.75607846279999,14.5119642398,40.64219874,0.0,18.0273888974,0.646941509,2.2577843828,171.76143704,11.514789748,41.6715135738,173.9807593,66.44806830339999,90.032401287,0.0,21.4320895968,40.449904238,60.390838378,0.0,0.0797216538,0.0,664.00397888,100.5403819584,0.8215740386,19.7814546756,0.0,40.6815418732,8.793661578
1703.4647500988,24.1678744798,520.2845826244,18.8939269268,73.81706941259999,125.470163552,332.225094318,46.063295272000005,203.3807227,66.78112212799999,3.1423441844,1643.104807745,447.999487014,494.040396958,20.81164242,7.737900834399999,98.0087960524,141.4488255624,320.06383086,0.0,1190.242523546,174.10528512000002,124.292914172,81.89272088380001,0.0262418818,19.106941502,12.747782608,372.74466378,4.784976653799999,389.7539467228,104.0413061882,5291.285852546001,33.188524484
780.23821476,33.8566886844,134.59368647440002,5.5817776802,16.791823033,19.3477138588,121.97431842,33.567869064,45.03231799,44.5186282248,3.5327816192,108.65218480219998,19.356163310600003,112.574503138,13.169337774,10.0740279492,54.4209505098,96.9671416552,130.794827634,0.0,277.82806819280006,89.46052073199999,104.3757219988,55.0825711286,0.0,22.1929429672,51.071327967,186.04012591,4.0276532046,31.88322209,43.603776960000005,729.719071286,10.6504897986
0.0,0.0,0.031944681,0.0,0.0,0.0370386184,0.0,0.0,0.3381440588,0.0,1.4273043328,3191.815559828,0.0,0.2908506956,0.0345527258,0.6433703664,0.0955974766,1.7563004302,0.0649664954,0.0,0.067821668,0.0,0.0,0.0,0.0201958208,0.0,0.0,0.0,0.0,0.0,0.0342367408,1472.1211063502,0.0
766.314379904,1059.8726164872,521.8347262112,48.901849128,16.60235149,14.0328186512,116.4897063068,16.144310783599998,8.504958732,770.19656232,20.0330617092,10289.6638092,0.3106562739999999,119.7218849482,238.3040802824,50.7455987306,420.368483597,253.1448812792,215.2160344248,333.14067425120004,23.5863281374,50.473214877,258.188971832,2105.611353975,666.761067856,375.11118126,1844.963316531,115.0757608022,1200.603034539,2.5568986998,585.2080812199999,4665.34022576,6.408629158400001
191.84342686,0.6893659714,232.9329246468,0.0317363746,15.00040644,2.9058559954000005,82.478583454,0.0,76.20509018919999,3.5985275119999995,12.9718584436,125.1654182544,0.1034819425999999,157.05698122020002,3.3773448427999995,17.4321228978,70.3399027534,71.962129912,105.987986242,0.0,4.7781640606,3.7826438298,76.4459999992,0.0497616461999999,0.0751948564,0.0,18.685410436,41.570720486,0.305478665,98.5280979724,0.5258731342,101.348786721,0.1550073169999999
237.86856096,277.79418140459995,18.8792213506,4.4323684358,0.9832199852,0.2713739266,27.9541241018,4.0876520254,78.45021912780001,191.915339322,0.6719323578,1184.178112602,0.0,126.3164408996,2.8895012292,1.3141073263999998,1.4809205936,2.213712592,17.6685239086,81.64311959,15.9904283464,4.626044445,3.0738232646,540.9454393638,209.1848802774,127.61066171999998,16.606334982599996,31.740189775,59.553527633200005,28.1892476694,77.1730594082,890.4593471124001,0.0
44.6252908294,0.0292892162,1.0584922794,0.0,0.0956774508,0.0,2.8724689122,1.654011212,1.08383441,0.0,0.0,2.0435911346,0.0,0.4408250862,0.0,0.0,0.3882956736,0.6156348296,0.1042148862,0.0,5.5203525778,2.506525422,0.8447135566,0.0,0.0,0.0,0.1643001272,11.362771308,0.0,0.0366827578,0.0,28.377190443,0.0
192.3255180664,40.4784373646,9.035049298,7.258651611999999,0.0,0.0794695434,9.834922516,0.3802778217999999,26.083092124,51.597160526,0.452879752,5179.8061506238,2.790371434,32.3010213132,5.853598955200001,1.8544721212,0.5374598155999999,5.990520744,0.6508884328000001,0.0,0.466145298,0.0,0.0265936057999999,64.756433137,0.1045205842,27.491927366,74.22916574979999,32.418263533,3.1510013724,30.47414503,59.56585745259999,4750.0967292752,0.0
1438.34411212,532.174376836,926.1535948702,203.4408976062,10.092745696,96.4726085684,63.552758624,14.447981553,86.70071732,812.605737914,18.658220028,18922.5662504,58.4356645884,474.95034931120006,252.6436433798,71.5174483906,154.8387863546,313.663141011,45.4198802758,275.418527474,19.2785755122,33.7279797538,53.641444256,965.1715991,533.5403137249999,380.798387728,1425.601007436,124.0927336118,654.3840341422,139.369236604,1077.218784414,20470.6075752,2.8980729374
403.12363476,1961.190462904,1131.9254061380002,87.062336754,39.4883597018,45.2208685308,260.18963969920003,59.487517144,145.95041367,1396.185767712,10.9710790196,8189.52373886,16.436634343,464.72822516200006,187.904156842,45.52423422580001,196.5576734348,160.359719144,357.668589854,438.6379955858,67.452455191,91.2585528892,202.57306692,2870.5704162240004,1114.0584492663995,837.0722521900001,2385.31244958,257.39459487,1277.029980942,113.1824695658,913.2803575896,5165.24507158,10.25505397
302.53102302,2.1173226224,72.23109380359999,2.662045486,0.4733564581999999,11.5153531456,34.5208017566,9.5750519154,1.4688233670000002,4.2807616856,1.782020336,25.843638954200003,32.45399724,46.5493845208,8.017520993000002,7.0480524638,8.376213345,26.1624633726,18.008400419399997,2.396837432,11.3311050496,10.3306894976,11.5936950108,6.5531515864,2.8478105018000006,0.0217785715999999,38.4045572134,54.266369396,19.0587385066,2.9707285118,18.588766253,434.58901940800007,1.5043064417999998
1565.38493436,196.339780836,1506.08819826,45.692050388,28.7500971294,316.349176136,170.272623966,76.01712344799999,200.10365856,167.43768961,40.6159803294,111.71267734580002,749.7753333044,1270.796387038,205.285505794,123.012018318,434.615212688,402.93051581,211.296184428,74.73981478600001,111.505727414,229.05003002800004,164.29877458139998,377.2475231934,189.2282532024,59.33382353719999,1554.9345898219997,200.925708066,354.755846227,877.77441014,309.9003839308,2020.197111896,25.0271987624
508.7981378066,22.7727831946,277.194911491,0.3151140698,5.94986661,10.40266849,47.31176034,5.758801966,232.853668368,6.153749082199999,3.6715673342,129.03361154240002,133.2724938852,677.2836274874,8.184007989600001,9.264018395,94.8641449,60.189651457,108.642764752,0.0,275.227857335,3.649503008,125.09634502000002,36.0644992504,0.0634099822,2.015539142,147.650590364,41.5570574884,3.8553541316,539.730500392,2.709577917,556.037916634,1.7761109737999998
876.979651824,0.4458357364,1139.2268262776,0.0,8.357910526000001,148.798308184,168.1029026548,18.442223488,68.7818477662,0.2640362405999999,22.2623065926,95.5992093434,25.8708525318,467.058198836,0.5214140688,11.6587133506,430.3852856832,158.2454042086,176.7222889288,0.0,131.9473167396,98.2933362554,89.1338981848,0.3648240293999999,0.0213460792,0.0903106196,47.27576461,156.545133702,0.1603731216,314.7482561608,0.0,2369.7980388418,14.301625952199998
1429.2986613788,205.21786823020005,926.466049661,38.612600355400005,12.83374364,116.3047103022,78.30597969060001,57.35891558960001,478.853303484,291.1669196048,39.54102234,1280.1309835444,126.5574581738,1896.86440434,99.197831901,106.8135178474,336.74599479999995,505.368213026,124.236293083,0.2270559106,298.13439997800003,108.4544526462,188.2938145254,182.8117052496,17.239459583600002,114.6057609938,210.8682964654,126.23603668,97.0949780972,765.816925472,217.3516192866,4550.816369942,6.9727817808
2693.608020598,21.3674994504,3511.3488434271994,8.2871393402,58.1517972986,205.9632297816,472.3071998028,209.4613722172,241.8337000574,25.7561238872,80.17191893399999,1662.352048543,426.00773296,2908.7618016288,232.7611995168,212.372213448,626.422290602,476.2937012862,490.254771698,0.1363788226,1094.3307689504,354.099157114,271.9660713736,205.0192706672,11.94484843,0.0561649284,4848.9443291882,718.556776658,761.0350233309999,875.5612833060001,123.8414645096,2024.3019551,41.623854404
1632.199116842,1776.187099778,1448.315926472,313.113233294,7.1660222138,128.2621083358,13.1501678572,3.8957451916,641.44202494,2094.69688054,47.5161626028,13016.989997,212.658918532,681.79984918,206.312777274,82.048096261,170.4799360008,276.184458154,72.35377577599999,225.6001345266,21.6532489778,7.855286214,68.293526636,2334.278618154,901.961074864,1000.35348214,729.231781056,25.0273371904,1280.46643286,275.3407643,1919.4460787,14050.0047054,1.0648800486
704.9855714,804.960501255,5447.04074794,195.3683553764,48.687438919,442.49313876,215.12422357,21.8146424478,1572.18904568,498.6997975924001,90.596146662,28268.382404,121.61247932400002,2500.883909,493.468437844,269.445358022,540.3018934240001,588.870922232,307.377727064,264.3186145192,75.39083219599999,128.527271666,174.0580805964,1537.1814983064,650.8254972836,261.260038972,4026.12565208,166.166573317,561.67188686,781.80652612,956.9181254546,26395.0720681,19.426583962
1079.007864666,7.530938893000001,576.953194926,2.864716004,43.1165019382,272.7970109072,278.205871891,111.9884796,612.14735503,25.0304418688,3.0448857502,6133.37678366,352.373335354,3006.6142382400003,10.7865865144,4.365835384,27.62494223,18.2054621612,148.3575064912,0.0,691.718772506,230.056107282,22.1578747994,75.4448052606,9.7254815932,7.597227844200001,76.728859642,445.6170894999999,29.8075836288,1162.31417104,30.3323652704,5912.3465552200005,19.6722180274
1686.9082981200002,3328.09047011,4525.1565574068,282.0867672152,5.001542650999999,66.25695637179999,87.55203915839999,0.1184588586,1260.870089426,3594.00300367,149.89998696599997,19727.298819900003,399.2013748758,620.559127024,1027.5260689596,443.8091193622,1062.410302586,1242.225474411,133.46511269599998,361.0534758316,31.988421388,0.3361695758,128.32717336000002,2657.451881,975.6735211562,1365.61336705,8832.57387,117.504308554,6985.198765502,379.0389719574,2975.403815554,21504.52587964,0.0421618578
682.4137085922,186.8345850242,1207.747534022,45.2253523,27.9415764804,312.4379108306,187.9431044108,89.61124346,159.413514244,383.2409175238,24.4298851442,3746.8500678236,109.0929253374,1365.24073442,113.5137188236,54.923293759,325.054009354,193.8537129998,208.644789769,20.3210024042,133.2803492566,155.3826019088,170.5223302568,198.868818639,37.3973023484,158.89287044,654.5559144734,216.405057367,318.010461753,134.33305883,430.0477160996,4770.310034766,9.625904531200002
2505.062863074,613.7820437192,1754.3924744302,159.2935547468,13.4447365984,156.92750688,240.7675857254,84.37072222,46.7652885082,958.6878095496,41.2540994398,12263.57583242,77.7206225848,848.1763921940001,149.00524264719996,98.455830676,337.7755053622,365.26522573,176.9444678948,6.1703983458,924.1516109602,170.438651939,133.2935482882,425.8220634722,19.313971588,645.818284618,990.7541356448,489.9204091238,1105.3805833482,400.52061924,1091.6032834738,9299.22986982,20.74767492
3457.6845141136,36.1210734356,2878.1572148568,156.84454429919998,278.16037825420005,900.6766137310002,968.99588977,148.764660441,193.547138488,196.7415645052,21.916144786,16028.988738021002,176.26500906,2366.6405234042,316.9013085038,65.8527110686,145.645281387,232.784152268,688.6922007559999,6.1808095824,796.676154192,397.72164674,253.716839966,87.99773037719999,31.137980069400005,41.1917215488,1303.157243753,907.258077896,497.8371997004,508.63029212,930.646765551,18957.4160191068,47.590431364
3352.85131352,2000.207716884,12369.69258886,149.63045252240002,101.7420758448,804.47833266,389.155704432,28.4414675724,794.443305374,2484.504535004,224.2152984966,9513.4993356,184.657655002,3812.2521456,1297.586085152,788.25227242,1498.244689288,1400.359458683,862.2099308,128.43829570199998,103.98552632800002,217.7201919716,362.525031304,2150.7175875578,439.814152994,1396.06631262,11834.892075778,435.8430622342,4194.57353267,695.76800328,1826.3625380112,15232.158106600002,39.568020090000005
2498.403383322,107.907761484,480.154085344,7.7293739558,39.94011487900001,302.7382234806,339.217411994,110.159848086,805.3356105800001,100.0758154514,35.420860832,7604.329654952,623.794285228,3291.32029388,49.0762155564,89.2729782674,434.286287476,360.0286903298,331.89108764,1.1422506124,692.6787958002,193.9865952968,245.60573548,191.7072117048,15.2815399646,42.1076821076,113.5440101686,356.79648603,7.513342740799999,1862.0769677,63.430595537,11992.13745179,20.260963282
1743.5841729522,1653.9362914223998,2578.35377616,85.13056652600001,3.2024451122000004,245.7047382708,67.34147895459999,0.970674577,2135.6897184,1247.5843341388,218.637917694,9144.401070476,531.1789651859999,2912.93062203,510.5550421868,518.4448117669999,1568.1441891076,787.0314372384,174.8296296116,1258.139951392,62.00642081599999,10.7245888784,391.81262474,1958.6636739684,1729.84508967,540.1273462401999,7727.427215416401,6.4719845584,3868.4835523634,1171.05501224,870.9313362454001,6214.062828959401,0.3453359506
5485.086993020001,724.6481754316,6662.907446,160.4612018908,92.5755218848,1216.15688154,706.0352498131999,155.30789743999998,2188.68145396,807.502989231,135.345655716,16863.212308158,154.984442144,5064.620776000001,589.29721712,370.46160011,1347.60434812,1208.3693523,686.499381334,11.6044124302,198.775844404,450.3330832200001,591.158682114,766.6568412444,61.4713087158,342.3959263304,7384.33199762,1123.422614698,738.1976968334,1087.30164478,1198.843106655,25573.42571256,61.0111907464
661.440267376,104.2558629246,236.7089648572,0.5016552884,19.998118398600003,83.93749266559999,163.7372350394,29.6292950676,324.37973971,21.8515244434,0.0309281719999999,1249.6760418464,2540.79950422,1610.665871486,14.585519491,11.0410862186,11.570570583,10.5158156962,108.15036017500002,0.1879597998,2167.58672936,57.2583316392,15.2067410776,179.32094257420002,1.9739994412,18.4043660198,14.485807366,147.496338526,8.9798204008,1388.9655113,11.54845207,3055.064540448,8.5486251418
4219.019320956,1392.5739772266002,897.84011445,132.136135436,57.252928666,445.5487778836,301.67279186,255.58452614,1834.68675478,1547.9035809640002,89.7879055956,10468.92971396,537.60126,3378.2333081240004,288.93226768,193.3130438118,372.009175208,684.4405933044,358.401853071,4.3646701640000005,2175.3450524600003,447.2305174488,390.8407981308,2041.7476407394,122.08616649280002,596.534246837,894.01194368,840.2130792054,1845.0054915456,2179.83920046,1433.602844738,13369.822426400002,35.201890840000004
2989.7891653750003,1293.7891173108,2943.89107044,249.7985220988,24.3981571794,475.140196338,689.9950538,36.2448645948,2013.02445264,744.2106860271999,161.270248256,17097.0647764,405.642462648,4133.323164404001,816.4342808448,483.68735958340005,1014.979690181,1003.7864612712,704.7983693436,63.6177699214,138.094671488,125.3387223138,371.0513035504,1987.3484116922,312.90392299300004,313.8897593608,11015.70509282,224.6673519806,1685.930782678,1415.663300384,1287.63501918,18406.8942682,12.341242844
2843.6191437432,4837.697210251999,6411.27284642,35.8416465912,80.05806778280001,31.6065295714,197.4435300244,5.4053443936,3671.881272220001,1545.077141396,134.50234457599998,1298.861848286,42.380124646,248.626235804,792.2250135779999,277.432032358,1839.3450888156,1505.0006679714,854.5453109599999,278.0477568396,97.23132839,19.1721229496,487.560114132,3645.54655946,509.141658226,437.4614018324,10261.73914992,59.4222198284,5415.067479072,122.981452552,968.9606965346,3205.55568222,3.0802082794
6781.0160168,17.7724914706,15767.4757702,1.9983725126,256.960700864,676.763475576,1134.5484592859998,681.1834926852,738.223416802,9.6143665008,290.7802081,2871.43886548,38.501231496,2349.50034236,209.296511266,480.37630254,3711.041727540001,790.92522992,1295.1729734,145.0587662656,1385.489910548,872.0453084000001,826.35806426,53.77447364539999,166.32305706760002,5.9517803194,14225.13636708,1941.67558026,147.6178231248,419.93780346000005,9.811619016,4382.76865786,99.589525318
4419.712930968,320.1838195936,1473.29084415,5.850980088599999,17.8654151944,48.385060874,134.2980841996,99.8088876456,5186.538379359999,189.5439085632,104.6671412886,15308.341477799995,1972.363109612,3056.375398,1069.3694495554,516.2814763612,945.1131700216,1079.1789123764,227.4004804912,420.4769776882,4028.39668066,173.24922456259998,289.107040309,1207.945862474,1231.641492834,98.716174793,1860.8643182438,345.97540543,1352.4796445146,3666.4236134,371.8425899208,14441.0613654,18.5013778296
1868.952665996,420.7925713222,891.9109035280001,99.4969773488,1.541999399,28.104212834,94.3272848694,49.1248907432,5067.1562838,422.3182748358,117.726837188,1707.8780445,9720.3893106,2002.8199446,969.8108628998,363.888539744,226.242459917,651.849439072,11.201636100200002,39.7130362888,3640.65864762,30.0493086024,56.217000518400006,436.8514474776,270.25273895320004,58.63708698000001,2792.2880560900003,343.583297244,381.504388562,7409.976073199999,669.9855319320001,6941.883144400001,0.7814506732000001
9539.9120766,2396.304975494,5031.7460154,520.4947832400001,243.004632695,684.2214062,624.94400433,173.072501703,4578.814011,3123.6280642699994,472.0788652112,3756.2052532,2179.8246954,4418.2852084,2566.994215618,1417.76595313,3927.577187412,3877.517461596,1724.040263634,983.67435314,3451.85165434,483.411432664,1340.3694458536002,3810.724482474,4491.5047290772,659.0794261578,18619.18359172,1286.17371012,7886.764812416601,5330.7861326,3674.133962108,14062.533438000002,67.104885682
4282.22299786,835.8783403820001,2460.3879476800003,155.035711338,103.2735345842,338.74428087,527.8670396800001,141.053619659,2836.03088684,806.831054,44.4284055878,39540.09582,4209.313631999999,3144.8844297200003,166.3318883986,112.0664693488,345.60159562,497.4221538768,907.9630208426,26.008080504,9170.0314574,366.9860835528,583.336010056,1747.4927733,67.85394335779999,591.1228372939999,235.384049878,597.0550663,351.886371965,8836.6044528,764.9451590000001,38381.794680000006,47.3778145052
649.925065268,1694.658346098,8990.55099368,3.5069621428000004,141.667562583,900.768742934,435.3573675834,39.3233530014,6205.61184076,540.6517957376,183.27886741,10104.98928114,1056.89591826,6073.39361704,243.78282943900004,284.848510017,2637.707972711,621.4753067362,852.0600662630001,379.2422876348,411.756956474,234.9718483592,763.7522817614,2349.44554593,943.869920702,552.5504504708,6074.734335902,293.796350475,670.7516480486,2322.2155846,203.7881193036,9689.158190716,31.8939849382
8239.4082423,1793.5020425080002,16943.93300666,331.4987640368,386.177853336,845.674514248,1474.25319486,293.02062033000004,6768.660851000001,3004.1067485092,372.446496648,3180.39924228,2822.5260173199995,8582.4579032,1012.5355711,1002.063869986,3046.719346,1498.984452262,2052.66056082,699.8142561966,3213.48359014,651.130137558,1312.10795604,2962.436905862,1776.776959164,466.2690954232,19870.27976608,2473.09832062,2580.45911026,7846.252330400001,3584.7680557480003,8125.420361626,130.1764840038
9551.247805996,3303.4792595400004,370.64188666,124.135345649,6.5169553502,25.7118947082,234.2121759246,73.78652571839999,5261.6105278,2705.456377792,89.7012308254,2739.4248316000003,3016.53370312,3705.72746156,296.4387007038,181.103974028,650.3019553324,976.04778814,238.66688712,2500.036945716,4420.708791324,61.39209561079999,286.230736554,3225.214141142,2848.1056290290003,1830.1401477762004,1031.6092580999998,1354.26654922,2356.9405190360003,6222.2616292,1292.744331658,7108.79087552,3.128556773
916.21246234,70.5544245832,10451.8227735,78.9670648194,299.12140433540003,3244.63782274,767.8313951143999,521.090394188,7721.0820692,306.5282515928,136.4258864148,651.194636122,4770.10189128,15464.35818022,947.5645165686,529.9449373260001,2296.9509833148,1549.13473542,1389.245865632,469.702721386,2390.44845274,746.6802843798,1154.5268296640002,212.3114457012,469.507605884,104.370646606,7163.6048347000005,752.8287323162,1823.5696153904,6708.347171479999,1143.5501859896,2115.98185379,72.6519079394
5413.148191048,1697.764280424,1142.4683239,28.624082522,75.3587130224,149.486834246,344.3486199412,112.6534074508,1616.41901594,1083.943294088,37.2894377606,10295.737488,3643.0895156,877.0079418400001,86.4135309266,115.662188557,334.6965176976,373.9198455054,299.0915364744,989.856685792,1037.4716800319998,300.1816259452,261.895700394,3420.1785506600004,3331.63782279,721.7952319661999,492.4072829119999,897.4282341820001,1136.2533919018,1122.1639284,372.834804132,13443.548931,31.1923509068
3498.6836573400005,2972.219430646,3992.4190144600007,116.8528362174,344.674383638,924.8648756392,748.1197134533999,158.743863438,2967.693156186,2742.2333779984,30.2631191526,15351.638561999998,3864.55716648,4152.918992000001,564.681907598,73.8154430624,691.0508707078,559.4882419528001,1297.0047364292,909.053927074,4632.92968196,503.6878797092001,889.7476343415999,3074.56213494,1192.9223160236002,1585.0030985942,4446.304219714,637.7042430680001,3614.324525910201,4124.63118448,1901.7644782172,12129.7698686,111.6171980784
8149.3736934,1447.7391198,19983.5252278,289.748091552,572.5701980844,4515.46976686,2188.45864332,836.861918858,4954.31565766,918.30812008,130.5622136756,8223.8321948,4926.0182540000005,9665.52974164,1135.93054888,1353.388168068,1144.68150534,2074.30207068,1242.26218206,362.26732098,8270.099043400001,3118.125514012,333.554969162,1430.2159923800002,541.4549643199999,491.774632068,10381.403603,3305.38706824,1534.90039584,8997.4377894,2175.49210444,11212.6970606,277.4534150768
8264.313358000001,1825.4848639508,5128.6291466,217.0269245826,133.61389243340005,1244.79416851,956.424365746,410.334633169,6331.886229199999,611.9805096115999,65.612992128,7871.248911082,4219.0818592,3478.6296529600004,1214.071710914,461.247897146,743.6958168399999,1017.818114834,531.2473270667999,115.3611578116,8690.4550552,629.4732767736,191.03310683,1039.972264261,328.9978948866,342.476489234,3365.4998848000005,1350.6443997,1558.579669418,5069.2273512,1541.3971084862,14441.89852614,35.5783080904
4187.8003388,775.8621307340001,4859.4309596,26.3049516398,60.2864687514,1214.83477372,757.33958788,332.933533444,5150.03052652,528.107654354,142.522383496,4748.433350742,7994.336122600001,6817.0719952,249.6445104652,495.20476486280006,1292.81835584,428.0970656134,862.3128586380001,98.588576332,7895.959013199999,866.217876938,398.95328947,357.959058262,69.79812319,472.3828977892,7949.743988839999,855.70320384,294.9001199934,7392.197673199999,245.8004111236,6910.6680588,82.2282298842
2226.55032338,579.043546749,6054.5802511,28.6407877462,19.69040793,2260.2485369620003,99.216804674,65.6305384322,4688.02212846,510.4085295198,115.935189296,9272.504521,3564.9513268,12263.72921,590.880850007,774.9314021668,1039.9820696718002,1694.0153015944002,234.156239366,25.1220235418,6483.0095216,277.2052627022,208.1829467072,613.2447341124,372.2095049082,244.5596751516,2593.68709944,188.791039182,234.3749609494,5539.694494199999,609.8960001058001,8771.906452000001,13.9721977152
1650.464821616,521.939324044,519.79757112,12.466856727,19.1711457456,31.6398167164,196.642155237,63.928770504,8834.966618,176.579879732,0.286563505,5335.3740496,1383.9732432,6566.8060688,6.713495182600001,12.0680444172,13.3515230224,1.418914724,117.0495515178,243.708868862,3457.58692628,38.495636643400005,73.7630517644,1443.8770337,950.6977742399998,214.288066004,268.86969436600003,300.08107307800003,105.4121758798,5823.2256312,244.95868466,7623.6750696,37.1677432178
2514.1703862,2072.745934356,6973.710055099999,135.68977013600002,20.1089247518,1035.0310450598,404.342103893,460.857070122,2510.0649323400003,866.7304137954,97.9991712656,10995.9254854,6758.577074999999,5499.65543902,375.51886572,204.01986756,1688.07594682,575.422804776,736.07447707,456.9541870396,6467.235153600001,630.765276825,479.5264577718,1802.04280036,1487.557743126,618.2499571956,11038.3980668,346.368346654,2096.8962698754,6869.7359476,859.1502913118,10298.5900808,27.268417517400003
6737.038766799999,2016.075968674,14888.348552439998,138.9603086694,218.767331415,1756.255056104,726.2863582800001,190.25960582,4491.991715800001,1096.9099022206,423.76771408799993,10142.0377102,7221.374793,8181.788176800001,2598.680967498,1334.64131368,3057.2339119860003,2811.054044024,1213.391377118,941.6776731999998,5901.291177919999,622.080327536,702.448074106,2247.832715784,1470.3218087304,1122.4130561672,22830.89937062,863.17034048,3607.0482047244,8385.5641982,887.1090344382001,20135.8182942,101.9890694754
147.2050749856,292.0845541862,1114.98893158,0.4786656837999999,10.741051554599998,335.8276543338,69.3273371192,110.247878438,3546.1667498199995,10.8516141662,0.0,2277.47162874,6814.3093114,4615.9093789,1.8941778382000003,5.8356712172,2.2334311046,3.9980021984,41.8601859046,2.033098727,1555.69021736,199.3969044094,4.5005719410000005,1249.1624176346,73.5173640676,17.09547919,24.3955095604,317.794352754,9.2064169112,6397.3160034,4.596911687,624.9084360439999,3.7620708276
213.0804877264,189.0751929636,253.648105834,10.9170559882,4.8252979138,39.44287083,1.8456243828,0.105555532,3667.3893682,656.728979052,2.680300532,3357.79190172,171.16694947599998,655.6558348599999,20.667645499400003,43.52128599699999,7.024436995,4.912076917199999,0.4538605018,0.2915756142,828.155019004,0.71484814,2.4872002012000003,489.3489997944,126.5393787814,152.825201337,27.8202748026,18.8289365034,153.374142194,689.96082116,133.488215484,5685.29064888,0.2218508388
3592.075153,121.0212772968,16586.8776474,94.28799543,425.584367174,2383.103340174,1047.032389194,114.745489614,3215.30127514,752.570200033,302.3286047898,1811.10219302,3361.28829192,11946.1709566,1132.492850568,781.983278332,1900.17166074,1534.25670959,1823.66752082,207.851273,4333.5809758000005,473.9688708344,1159.8419329172,899.5502800458,398.2222000546,47.783252181600005,10861.635084458,954.628890478,2365.1691292024,6920.783518599999,661.7559202151999,8312.3033492,109.7732833794
373.317837026,1452.37212014,1267.847130472,34.283320178400004,5.132499553600001,30.544001762000004,69.2661053326,1.7519353556,1557.92636355,950.8076796636,0.5499190024,18367.68823636,1550.66680078,1231.783687196,102.9313322328,28.1605873594,10.952116589,88.775585806,47.8635325014,737.9865755906001,289.738674296,2.3165808666,7.174025338600001,2827.2176744938,985.6757795466,407.580048062,1225.6308660556,45.521571148,936.7187009014,1192.78439764,363.2473744866,8824.0663631,0.0444740244
8842.2231730734,2511.4128006654,13377.52426194,145.819682362,343.52394119519994,955.65376574,1535.6880775306,201.3923814696,4342.0102346,1020.2726739628,443.710537378,1998.16741745,1395.5864856,7343.050459399999,1564.45299348,1032.6797181799998,4233.86474386,3112.8336104156,1248.3457488138,477.04824839340006,2399.77044664,553.5958691916001,1103.2255687559998,3290.317474068,1189.540630554,232.92227128,22048.8588916,1345.6474707694,4641.90272336,4332.2331144,1288.448660534,9513.004610088,63.3562032724
1251.88851068,170.3627435114,9248.5187164,20.2538153998,119.8589259582,210.920975856,505.817026852,70.165024716,3620.4489488,190.9446182286,651.2638499207999,1232.525303518,1100.65879976,5056.6173568,908.498693045,1212.4389603616,4828.97787704,2080.3115258862,1110.10145152,53.511708091,387.82488702,301.95663207,1204.69650464,680.2027527306,358.7760516402,8.2718468832,18966.6893498,354.30987602,1143.1130754016,3210.1436012,139.6009359304,1088.13678586,57.68441120999999
2839.4493962,259.5238034358,4921.57838606,37.337395254,39.6404587238,103.284781344,205.38495729,29.5056622526,1420.2610693,128.5973970672,412.812371,1711.1173669020002,1378.14464386,3394.388225,696.146681206,778.5006747599999,3726.6379776,1344.26177522,665.601354838,70.9640349238,1182.46441812,46.87547067960001,896.49823846,862.148338648,396.066067566,56.932823706,18303.9845162,98.120074474,1694.1258146496002,1567.23773506,376.6461155,4351.98791618,4.402309366
6486.33688906,613.1518632974,7714.75654778,59.89542725599999,305.48055289,902.63464658,1472.38944272,219.500029972,5717.055213386,449.6986904046,295.074847908,1049.7592677,1739.291458104,4610.2594346000005,966.22525012,720.14703788,2184.1546912,1994.6042301,1691.91474208,164.576579324,2830.50787832,777.5241585599999,933.2357178,1210.2903115820002,522.687739462,149.9775185182,8767.1095241,1317.80020578,1334.09927532,3912.2130412,774.19374326,4436.45698326,118.325271182
1234.6263793080002,47.9597363808,4703.2317545,1.0627290536,28.085226914,823.63925638,266.952362498,197.109130376,2711.18132512,21.1567846318,22.3280917392,2516.7193218046,4741.5179056,4880.211509,41.1694888868,59.313010162,235.46266657300004,163.6219616574,183.940526098,8.7180209594,4344.19328564,552.9995851159999,90.8781551386,136.39917864260002,42.5282313322,8.8409636078,1226.693335644,556.315215826,24.896374346,5910.6163192,17.897607094,2447.2773844,81.9929973134
1348.022308942,3.9414755926000007,426.700792786,1.0400013766,24.19567262,177.403802768,200.77988836,50.490761339,162.914133058,8.1222510078,7.875679706,17.7785483774,169.3654771678,1483.49900476,0.2197968069999999,2.7213223760000003,2.8695773412000003,3.230540668,103.29700349,2.2777942582,3029.869704254,149.0313566012,8.116680616,5.5215081778,2.2251862846000003,0.3268912348,240.478899392,332.25673442560003,4.51355959,1628.615374374,2.7578474994,618.9459251846,21.4113384396
265.5144985484,104.00065483100002,5007.42937609,2.2700464814,29.4880914168,220.566282998,140.88780749580002,26.949107949999995,1266.3641963,52.6599179374,119.8342075516,6301.039010408,66.9558146146,1475.902330184,123.6671235272,224.4732080352,1198.026559118,327.92189176380003,179.97041782699998,142.238182626,59.99309276059999,114.684734212,186.148918498,258.9338236048,231.3911184426,41.2743274014,8243.348765218401,101.8677809796,245.7909403344,610.3664384599999,37.6073448544,5147.658398183799,14.311885918600002
4513.254776178399,0.6571063970000001,1854.860134994,102.1148755746,229.5375102918,710.8093775186001,1002.554825558,107.6579923998,676.266469768,21.299580486,118.226656852,3997.0754548018,1020.0680863156,2225.4134096348,409.6529568084,326.88111390639995,1268.265887952,1322.7030054002,1125.8218468648,0.0,1092.030716716,513.3825798928,603.1411982914,1.8320707938000005,0.9138266956,0.7548695994,356.7991648786,454.02552528,6.220613108,1502.445038886,223.9055024756,15156.369231132,78.49278040280001
383.7505392758,52.14248811900001,173.14219411,0.1585032382,6.6835627672,58.8711862744,19.518981026,21.0231742256,14.757487715600002,5.3607566376,0.2300022005999999,433.7227382058,93.6614165248,491.5845042066,1.4109120656000005,0.7077142218000001,0.423151291,0.5615228246,8.966232726,0.0,203.4255299838,19.342207242,0.3011766604,5.6287792716,0.0,2.965762362,18.263987606,29.36467518,2.4760281066000003,308.8493521068,0.8090179896,222.4369049898,0.9825526682
1064.233599732,621.804780722,1598.9604999912,91.99664752,67.5753860838,35.5295147028,163.0187048764,1.5400354479999998,432.530002614,634.6924603200001,312.8337077814,2114.7845796828,66.01291834460001,1013.57813434,730.8507432508001,617.695731509,2086.8646662724,1478.55885661,588.2705481,185.944940092,219.7756375506,30.746114615000003,489.66808378,965.476660585,364.08067452600005,133.9890848054,6796.027632733599,24.4446381176,2476.376941988,546.618408508,1082.5231251157998,6281.676675799999,5.0360911954
2460.5634221938003,661.908273786,638.9875932652,130.055829734,2.8619555864,117.1380845098,121.9312498406,0.062738943,10.3514505554,873.0396554299999,112.674241126,18300.01818792,5.757368120600001,577.0361798844,275.6945499852,236.664255168,540.4981187644,359.0955224378,58.10086263640001,38.4813429562,22.0411456246,5.938523801,124.60237224159998,853.177318314,145.3972767814,427.488067188,1965.56948839,99.6588214934,1108.6277719454,29.84966994,1166.28782524,22542.00442526,0.057065498
959.175597214,377.6129271988,2735.341692846,21.013405639,93.9271378068,754.9570176054001,202.7555573324,101.693384196,19.1010438932,250.6117434456,17.3844042846,2761.33798922,0.1458186964,2047.470450171,66.46967454840001,39.157572853800005,181.196634906,135.85620889199998,272.2237763106,96.27111246,270.394929934,275.236175862,108.5986904894,662.2330935028,268.0948832,100.1571885636,206.942319521,244.05545185,418.5133921224,48.0142139588,223.0603160228,7357.1759596,20.8081676602
62.20963476119999,0.0,0.6170999488000001,0.0,0.0,0.951399394,0.0755670708,27.53851558,10.236646646,0.0,0.0,0.9440329642,1987.6060458316,83.1241280928,0.0,0.0,0.0486504458,0.0624331432,0.2791265978,0.0229151772,1121.2206421462,9.534694706,0.1921370983999999,0.0,0.0,0.0,0.1948549477999999,41.470146,0.0,577.1605949632001,0.0,0.196821259,0.0
569.2583772529999,2.45162403,784.6055769021999,23.1903502542,4.4214177598,19.8096638088,23.1799422778,19.2681226186,0.0721466976,38.59154936,54.6501088102,10.9346196888,36.6373901938,87.4107759342,188.91287658,117.3883830584,465.9171230552,273.039525104,53.317939257400006,0.1350367758,48.696664162000005,34.5911151114,61.10088844959999,9.7957514568,6.1500385280000005,0.0989833004,899.6856215652,38.581167208,264.22124678,134.0858197868,187.05154,414.8822426234,1.4157018552
226.9373153674,3.1206524794,380.6773569488,0.3246822556,45.0697095,62.82312211559999,127.08280064,5.7215201602,151.4494884808,0.1548962646,5.3904742398,75.96369762319999,2.909501902,195.8918063356,13.3815302382,13.689425956,59.24865492720001,50.91701528,131.4404862856,0.0,12.2872667588,75.5161672814,49.168556019,2.2567830222,0.1178082262,0.0,206.1968682672,122.12581102939998,0.1030552166,132.75024049799998,0.5998702895999999,132.4162498768,16.5099318974
179.3546452278,0.0679577242,2.9306778206,0.0,0.962546335,15.9300564078,51.0945205326,7.067077079400001,35.309876718,0.0472542642,2.195205094,2017.456942276,25.591673255400003,85.6456207448,0.0,1.1074250488,1.4445437794,3.9490792908,3.9954994364,0.0,10.619470538799998,52.89296237999999,0.0222163982,1.3488337032,0.0,0.0,1.7821805272,47.3581373198,0.0,70.6940055762,0.0,2965.713496325,9.981015414000002
105.11960581399998,698.69637912,449.1126420122,105.98133624,1.9830799136,4.591440853,18.5386047918,0.8043187036000001,11.261186474,621.141895384,25.888587460000004,1336.2080728,916.736498944,9.2470144878,248.04201678,82.0753429482,247.89412544,333.0277496862,47.341783167,240.16483742,313.07980796420003,1.919767454,86.8308931912,923.3601554016,458.56620826,258.97718144,3222.8425634,4.78602933,1194.5619876462,120.6013537442,858.9215171938,2293.437064212,0.072857161
824.3688580260001,1131.941093726,154.207399214,31.0682742066,6.2296669252,0.1242490721999999,113.806607922,3.3715985148,338.210170956,841.945029322,115.9688807932,2730.746684484,546.739700972,0.4599406214,891.6962772072,347.0532412258,525.766370116,1191.339332164,103.2446512944,482.3624744023999,984.0566973678,3.3401591732,154.3941776456,1581.361520156,826.46598039,415.5032972656,2782.128249568,77.83523297079999,2320.4796295040005,71.8375700602,709.178318545,3113.2857792000004,0.2310245326
109.876896678,268.4491033374,14.686215288,2.625307118,0.058139469,0.773328079,3.893916902,1.0313667938,0.0668959164,105.99962940199998,0.7022356094,1726.6595114616,0.0,0.4011703116,0.0789953662,0.8945371648,7.109729799600001,1.9679411346,0.315499933,106.660077648,16.8412559464,11.247303231,1.4030814784,720.2705451704,357.78434856,70.161138768,5.512177972000001,32.9805932284,45.208308376,1.6544713997999998,46.3652183104,1505.9028534682,1.6793724804
23.1757528078,0.0,0.0690840868,0.0,0.0,0.3671642832,6.1009849018,1.8200004467999995,3.974052358,0.6588259574,1.025680571,15.9105339526,6.90252991,0.0320539234,0.0,0.6259647027999999,0.0580079294,2.0786278856,0.7962027488000001,0.0,46.3712080186,0.0330342842,0.0,0.0,0.0880608016,0.0,0.0,13.3889849902,0.0,15.584567798,0.0,0.3907997371999999,0.0
311.3868690932,49.94077056,0.1832547114,24.170407998,0.2452705594,0.041284874,23.1178708928,0.0,0.0,86.8804785226,3.9104105408,26.753832054,0.0,0.1494000984,28.099476218,7.152358763600001,25.2816523638,45.6646476434,18.9190741484,23.14251764,8.0168982246,0.0,15.1720311276,75.9691536422,51.993040442200005,21.55415148,35.8263503982,4.7990515384,139.5206514,3.2679909738,181.91462632,881.8682577441999,0.0
1596.2788830020002,308.7610530014,396.5672086042,42.6415190738,6.2507157846,4.9643731336,100.8899512302,12.9447038394,15.007319818000004,406.071500558,49.0158036686,1520.4733302462,31.613778130400004,148.4248572904,255.8697506592,146.6351237366,352.34485648960003,367.0322109538,88.1347597512,72.35375927,149.5009292772,42.1868190468,126.43694456,407.2203203986,215.67039604,196.2526528646,822.5913086982,145.1195386234,629.2147659778,204.025614892,378.173314246,8387.050767445999,5.455562748
595.9005261984,7.092734146,59.0605595512,0.4342553586,6.3377768958,1.707514887,24.034618432,3.7663331618,0.0,9.930546142,5.1948689538,3287.5761443474003,0.0,64.953072634,31.666529478,15.2477996564,15.3257714504,54.052143180200005,36.8116327224,0.0,15.641992209,6.983334675399999,10.631259724,3.902028396,1.9853787122,1.780890377,69.5867662,21.8035015106,18.264302886,0.0,2.6587584144,8890.8484595032,0.0
430.128646895,7.925775550199999,1134.75784523,0.470191335,5.098248452,0.470879138,3.6904926314,2.722130802,3.478657214,4.979368826,4.9248208212,86.8765836192,0.2376154326,3.2157807106,7.883584818,16.385968082599998,65.44764550139999,84.59372477779999,96.819918924,0.0,8.0839654002,7.78403357,23.2248294376,7.182971786,0.8765512524,3.442375076,679.5283414486,26.9219958462,0.0,0.0,1.160948049,1685.175256496,0.0
1186.599845242,1372.827438618,740.44887792,299.95536326200005,17.724765636,3.4605176338,217.55823137,2.0559899722,141.17477136600002,1544.44557548,132.076489008,6241.289969279,42.9913885482,272.080575202,1024.64726852,494.4027509,910.364965056,1142.93763872,118.402048612,394.901135316,326.68323271,3.0474694808,147.72170942,2144.18826214,1127.710655686,617.8653193841999,3361.6783347600003,43.2592904782,3107.6732034,59.5035291276,1959.05522616,18563.6575382,0.6734861376000001
1600.512450764,10.2279423154,2209.104143844,3.463044748,59.39240963580001,906.7659196944,251.1246454294,160.690648588,51.387501646,59.11270945140001,6.1171796972,4315.5003465374,33.4737617612,1311.56948332,22.9391214784,5.447585768800001,158.23275714259998,140.0060329324,377.6845384328,3.182465198,1100.634488486,450.598922812,123.9814526288,59.3115800548,8.15851614,7.787762117,599.3820124788001,315.319106291,19.6230222846,233.9236959778,68.0020398566,7686.9952960372,50.0918931462
168.920006342,1.9477959436,74.841402268,15.994108686,2.6353612938,0.8658358384,29.6321531908,2.9194182242,23.1699359684,56.9306828614,3.170949868,5751.222007977,57.6453105424,112.2821473852,0.8205114264000001,2.2346247574,52.43390954319999,19.9806772278,18.5212947956,0.8869581436,444.31711744000006,7.236067642,21.226399728,18.2882376298,7.103266476,8.3018332954,7.983340604,58.9917272324,24.0680580436,4.0527072558,71.4691178692,5582.444349740001,0.2062898146
1741.5194154800004,3415.4764812000003,566.2840261220001,431.65437244,11.529696182,62.4483412324,106.04943073,47.1232551068,466.984778726,3107.7959364000003,56.0543171486,14004.0251918,172.7243800418,266.5742745692,967.88238812,250.56660244640003,402.245510594,965.432033096,120.2883739242,504.3472464,322.761434056,185.20079982,112.260191,5088.6507652,1839.88304074,1659.99664136,2927.772971,182.89750232,3506.1565052,125.1486897542,3172.626618,16531.2017448,16.7322505288
311.284171908,139.05974323599995,129.2459623572,38.081953393,7.624404968999999,16.7408373214,116.2127074468,28.2965975694,273.2831801124,254.4234041312,14.9672428598,10479.969074332,89.1086885542,174.090743774,75.377012318,86.50141047240001,26.8274612194,125.0409716376,16.9286983098,22.39661428,58.383115352,106.307881966,3.1333782692,199.3539892894,43.3991435302,124.4897616228,193.1758846802,231.5355283834,163.621762656,114.67875851019998,239.408952242,9761.9712461204,21.4617754
10.3036294068,0.37882632,1.490751457,0.0,0.0,0.0418774576,0.0,0.0,6.4572083000000005,2.818516188,0.8008178586,194.6977001292,12.6571887894,4.9156216978,0.0,0.4021699296,2.153444179,2.906250472,0.0,0.0,8.0569374138,0.0356753434,5.572793492000001,2.3438890184,0.0,1.8547468808,59.24525568,2.771827474,0.0971491156,53.7972486542,0.0,122.58677841,0.0
853.0833718895999,441.2176959586001,175.6331314488,84.128668157,2.949624118,10.8241170788,9.0890447436,0.6997919325999999,10.07666096,594.2138771764,18.867488001,2210.4784234728,121.825778666,446.04421314,40.054509393,28.012338108,190.970234012,209.2931897792,100.794408538,168.45577644,2.3535730102000003,0.9694046056,178.1295023538,563.1818354458001,185.03706138,170.3017032166,397.0644715656,5.3341191854000005,593.0350561576,197.8491571,657.0894711304,4013.531826814,0.0
249.567263826,2776.5693981,1213.92336138,293.742397912,22.836222510800003,109.045427897,169.35444055,28.994307016,460.401464541,2054.239338,83.9297536686,14828.09380152,1167.3496504,1021.4694483714,593.91809848,183.6410871296,270.2736508746,407.009196582,121.978406683,712.8170154219999,221.7112856362,148.60713415,22.5433176856,4579.79122584,1901.278897422,902.88416914,4211.217621400001,204.805008526,3278.4061728,642.9105165498,2234.04933466,5686.550598600001,25.8810239618
205.198720196,313.620595432,189.241134158,29.8175439,0.7766384714,14.9462315542,61.8813376632,10.111752034,523.2829035286001,527.026539514,2.346769942,9663.44935458,65.3650279444,432.715961232,4.5707032472,3.254542026,5.15157281,10.9510923888,1.7752650132,298.02134480000007,27.8853376592,19.276585072,0.0,573.9372598120001,364.8770775274,355.1845256816,219.1545373842,87.3024515438,73.1558952398,174.21510811759998,295.7022359686,7066.314367240001,7.7629190608
307.12433448,723.318460274,429.9245648644,37.194526698,4.0858534982000005,84.914280342,56.0803256358,46.6328066148,106.4100853872,450.8684320604,1.8365062996,2959.33932971,67.8079484762,608.744770616,2.1932729882,0.8914616992000001,30.1938019134,64.0126671882,62.092966347,45.889845985,66.819652628,44.3683802864,34.999330987600004,1005.0975617200002,172.3273947928,292.401136374,96.738002002,113.550301942,100.7247730154,165.2380130158,329.2916130698,1258.7363983399998,0.083758917
353.46092686000003,34.8501357454,759.69074206,0.0,5.838985574800001,16.8387381258,132.1321395602,52.325000748,110.12327278019998,8.1185321046,4.888197180800001,1934.23905177,7.9347357332,542.30484618,2.5816176068,6.5266808088,104.4658351482,26.123811029,81.68712599620001,0.0,69.612069332,103.147473412,70.6533251356,89.35401094459999,4.670198955,6.6968820534,239.1490432206,254.99969021,4.5828410418,114.4411980892,0.644467877,2262.4504120836,9.7962401288
607.823773136,17.153402577999998,1121.4249094462,0.616627103,9.316346568,15.9267443488,4.4128900498,8.117764230599999,313.27797072,9.0770925058,4.9226106632,5967.833758422,79.60569257879999,784.15351204,10.562147094,6.881822309399999,71.28635519000001,44.5476747172,21.2648265858,10.1504849058,64.67513660860001,3.761839841,8.8622131408,29.8438506134,22.039792954400003,3.1024334362,326.73190803660003,52.5536237048,0.6643442454,346.42909428,12.7973324828,8463.448881015,0.0
636.1726981180001,321.261064959,2131.9530175602004,98.3582607308,29.3762915578,131.4139559418,181.98236873,30.0576026044,83.7213717452,567.0134053904001,41.616256481,7544.490287942599,19.0622656616,1073.00299858,256.83899036500003,172.80715114979998,364.1847003964,424.0479481614,172.17633608,0.5342063094,69.2326945634,81.8277294266,132.3470556,323.6293419734,29.2495258808,177.16754175800003,2724.730931525,162.17333552,725.8070652078001,104.78003571259998,731.0572979426,5758.509607504,7.849293019800001
1694.1725084378,930.57250552,2376.6331776632,173.888115946,8.379734915799999,350.9655036186,45.4695059508,52.701587540000006,681.522000036,1727.6715226582,149.44051668039998,3197.013052959,139.166775906,1705.4794569166,1103.69089604,460.3315206429999,1176.4521736014,1581.3443722554,57.24084388,892.43693702,352.7809611906,105.2222712614,202.7508786558,1588.422273152,1205.5154478688,488.93704062,7226.4343231804,83.71651521300001,3694.9035710812,503.689142028,2080.959824639,7787.427555733999,8.532107942
1896.82135362,949.368009656,634.5058224388,69.65904843659999,24.6060538204,238.7511494632,106.7739458616,59.1906220898,493.16363036,738.5507827844001,61.147527414,4659.896580314,459.329467761,1396.907115248,99.4874831794,74.5745170856,274.9944340208,390.730729982,165.6941040722,84.14867268920001,413.6946154114,54.227350106,178.4660878908,1430.9392253658002,313.0244331716,521.822271932,491.6543820164,123.8717663586,731.5317469078,952.5322356246,612.759706854,8574.058749507802,5.671643616199999
4255.22683058,1945.46132824,3845.400009892,478.423832234,198.8668285292,1124.7794177526,1336.216691175,116.0541329334,496.48543426,2524.62926404,113.73691176,43053.223008,1123.5980793,3494.55181906,517.02771776,242.0252353588,1407.9924760964,1254.188770998,1354.8918534226,167.91726078000002,446.331136368,798.7795169536,824.8168362780001,1985.35128126,662.7491623758,1390.82674512,6867.257718616001,806.2418329640001,1972.58663672,1235.7071183,2876.08483122,33354.307272,126.288938338
1770.70560642,212.51877353,4928.55069316,5.2570318792,93.942064864,1353.65737118,429.91494102,147.4895822626,946.0454768,49.405803052,20.7721581904,11113.62559906,1924.89268026,4662.8182208,75.7001277328,68.98787145060001,359.798521508,243.019032314,375.127101514,106.752774944,361.9328116616,601.081887338,237.937302654,650.2002981468,374.8548460094,69.835787088,514.4386483396,432.88426298,147.34733165519998,2046.4667602,31.659087813000003,17094.49496278,79.282527784
1299.79360396,510.5386052894,1280.1842535144,170.162029648,35.1041521224,78.4825364492,125.393684122,12.56084824,358.656346818,790.584534438,11.2971484048,8869.338144719999,192.9501606768,818.464452726,91.326657645,23.8669985682,227.3334799384,195.2081307022,269.4087884574,48.2531308464,8.2120417022,106.7416875518,192.510454146,696.837180123,138.0872249244,523.083364416,2652.82276728,152.508463878,128.88336553899998,358.52850181860003,897.281666597,8589.2410045,21.5559129682
5187.4216935316,2055.4046895922,10058.7361623518,189.992407174,208.3978662438,2096.0471785,941.40643668,132.7048676576,1420.47926378,1674.6875094566,84.2299783962,18885.071730834003,185.211338448,4737.8630904892,586.5797220482,292.578832272,1718.2436669000003,1068.7052484456,1039.938616684,170.979272012,823.29737778,869.0325712399999,606.8750312760001,2666.2870527040004,934.5460042182,723.9050839982,5630.5448944,1008.201894693,3208.7687335622004,927.7535585076,2125.1493959706,25374.875405572,113.688406428
4061.712598860001,218.946857104,3665.31178394,45.28058618600001,112.899213502,792.01515746,892.88774562,208.352874246,1841.61052186,153.938267544,60.3817990022,13759.40601048,1689.4477696,6542.301775000001,77.7948128932,105.52285034499998,581.758767488,493.6048068198001,699.909298714,68.65206929920001,1923.49512986,519.3651895999999,444.9944504846,668.047989574,182.7447261554,52.2735642062,254.831020078,1175.90331636,64.1938890438,4361.278882799999,272.7150064332,12397.7571588,98.46376267
5735.920420242,886.949916257,7263.711928079999,104.0159345494,148.75393939420002,788.646609242,1241.946164929,240.4341793956,726.8677661620001,958.270027762,85.336929476,16068.9910474,745.10010732,3116.33249362,271.7589591426,159.45482902179998,777.1957798274,670.883084756,823.8839128235999,84.58161738,699.66091596,927.6777180864,585.677146234,1193.4987174314,343.741259682,396.010823318,5334.533285685,1035.742545833,1648.30492197,1111.9373977,1183.1998267372,20780.823763,109.0171020774
5553.18784132,1969.74442482,2558.51528108,540.0283285566,34.28570048,550.9556407800001,397.78608407,306.380853194,1964.118817594,2423.2207186940004,108.00356388500002,32406.5470678,1279.484983068,5062.305928,919.8434872574,432.7383208556001,720.341376986,1031.1228217700002,425.566510238,30.4821077618,1617.57855244,495.71882158,429.806909938,1879.251558576,253.42436649720003,1530.9265148754,5422.06315722,958.25149392,1754.98130748,2109.38105694,3146.16618508,35709.022742,28.4493583068
2917.859462674,508.7305436754001,1965.967804582,1.4453399574,13.6777604208,274.242816636,100.192573717,144.451194914,1660.16146108,52.1334454244,12.656731428,4062.9374075700007,1232.9650966000002,3892.166846896,2.8712890298,9.5778912146,256.64506919,38.883355828000006,47.163815458,231.9807316838,3298.16216318,362.28038016,122.620604832,974.2154844086,612.6819979268,122.4602049606,1121.16739151,576.5342415842,43.6722755214,2461.10267578,12.4059932208,3232.85933364,20.4082674756
4735.053296892,824.2205656606,1094.0195771160002,28.228118515399995,29.406547122,495.9343135886,623.4518913326,214.450940745,1568.1278785,669.3549547038,75.6590072978,6644.345321843399,944.07786886,4754.25064688,256.4748356426,257.35474650339995,892.6157564288,390.915684207,426.262253538,170.28745341299998,1903.80629482,603.7375817316,325.65797812,2057.4679132532,710.4661818236,343.6334246672,1681.1116072051998,943.133811342,828.64040298,3710.14472244,415.7000856806,10301.4537477,80.6867612182
5625.21489316,1.1313594372,2684.533120778,45.8517237586,151.03303278,336.97628044219994,749.7849578418001,193.018350965,3659.90515372,4.701469221400001,78.98400475700001,1994.223524418,1239.54198682,3048.0447232,258.4022287846,283.2425947648,768.4136846151999,709.34698326,766.9519358,1.35973206,4462.09105456,216.3909657072,355.409601544,0.3490542752,0.5511576742,0.5370910776,1822.9056593152,864.421194578,62.6220339754,4050.042013,238.1987118966,12303.99790604,16.917041547800004
2029.118364278,716.4910160820001,480.4301473080001,5.507585927599999,14.4748410132,22.9879415696,181.921842659,1.1330786024,1317.5181569760002,788.0783918720001,75.265256858,7139.69707028,1926.2669234,589.6696739800001,417.4139717914,374.4864577648,608.3013270166,673.535419252,234.9408905916,0.5341970754,1959.354506698,1.1967103318,472.0547212328,406.839335678,2.154701099,459.5802930860001,1442.0372586908,141.630160024,704.6241377079999,1429.2107248799998,194.7583656014,3060.7468588,4.54516018
5884.877613860001,1824.6219075668,13102.4937596,174.1065326206,157.2569014784,2018.2062979,1029.716651472,733.926042884,4556.3440178,1082.7835316788,83.64302837279999,13265.03302376,1453.04160992,9238.5096052,243.362215786,229.5180698652,1178.939718913,890.2432954399999,711.9526222267999,31.1904163386,5109.5411966,1183.570497774,475.014119808,3626.5244585268,765.2785630176002,820.970057814,8493.70804246,1992.02876502,876.4973996836001,4125.0321764,565.2063390955999,19899.6184414,128.13577496800002
3884.522075398,1537.050939312,2345.08692738,203.8968534274,69.40706721960001,348.099415966,492.390354716,118.5524501936,6080.7925328,1463.0303583046,14.776902868,10880.8730252,411.105383334,5143.947959200001,81.9387944352,37.20469868,158.1549283328,199.81010722,265.1109507076,136.7972796488,1389.93794416,394.3631492452,110.953353958,2011.9465263002,485.103514825,665.1347588618,1157.21892511,793.3762584030001,725.9371055639999,3711.6499282,1437.2706486358,14067.038514,87.4121373708
5714.419345084,158.7748129964,4107.721315022,93.7297989468,84.5008722922,627.071284388,1112.8726126044,297.530696876,3421.40030828,314.4717142476,32.6984705616,6619.31721328,647.4795583,4719.75400304,228.884127596,97.0260885162,425.410917087,315.46953775839995,477.9438943930001,80.42201183360001,6244.0682472,810.019142074,116.6965550476,198.5820947544,124.7677200654,192.8251550926,1030.74678647,1560.975008622,214.5003449186,3815.363581,328.107975452,12859.16952912,173.5175604124
3387.6090863599998,483.118803388,490.46056922,142.7306420512,30.979051654,228.26090958,422.3041876754,93.0473014854,3626.8075698,719.3522393746,17.4225343226,28366.5430602,2810.9518914,5020.2131774,52.4509195826,54.07720479539999,75.26189750580001,170.42657153,222.6348836288,0.2771252082,9013.013543,311.595631871,201.1719765266,748.560018462,7.458724147999999,518.2512639600001,285.4695687668,772.123594582,153.5448405292,7592.979471399999,843.014529438,24433.515248,47.4078609136
6239.17599138,57.8600765304,4912.817811064,108.4938627864,32.736079875399994,156.5536148412,271.7785711274,85.955275462,4052.5330884,710.0721158939999,27.598960696999995,31414.584174,4458.8632974,4055.7624962,144.9798746244,78.829687554,287.194308752,521.338651538,338.94217203520003,16.740088730999997,7980.523519200001,98.382189308,151.1438519142,68.41934957020001,13.3104580006,134.181560224,5437.262637440001,1127.2715010122,318.13349509600005,8325.905292,594.067700953,29930.44645,7.360915404400001
12322.7518804,6593.599582,3443.49833038,918.510920212,389.4970799474,732.330536014,1607.42884924,312.648595552,5825.6868686,6825.486797200001,153.253401678,10480.64701804,2212.31356672,8285.0426556,767.052944012,445.5870373272,1633.58120328,1583.17459081,1797.914704738,1085.383306566,4718.4755239,740.052597668,910.3956351652,9913.7089914,1863.4153359,2623.40917446,3830.08610172,1419.73430406,4654.60904354,8057.979459599999,7581.989679,29779.5190456,131.57263625980002
7470.451025200001,3521.8430896600003,2255.9665314,862.753813346,274.0366344824,1287.760581264,1461.7968421,162.11448327499997,4479.4585156,4165.2505974,33.943962584,41829.550468,9295.450560599998,5149.42103396,1350.557586126,169.48084975199998,1582.39255646,2712.994382384,1608.5558770060002,223.3136779292,4021.017497540001,792.768314658,1097.001721488,4683.383393919999,1427.673365628,2056.678295,2911.33014386,1087.2643758000002,6484.332340134,8303.775843799998,5307.42567306,50435.36031,124.9996332954
9759.5171582,6669.865678297999,12277.91875108,674.2136061716,24.9831634818,984.973425566,602.6551987276,330.042555856,3015.4430045,6852.378703200001,65.6264113122,19524.7683128,4392.019000400001,5127.857339200001,971.593133642,240.057400546,717.5539882908,797.610189128,473.4308711514,1848.395756902,3289.1899753,420.375472885,264.223523487,8619.043560920001,4561.951531662,2866.372349634,8772.396589200001,1618.3710415720002,6060.036910241999,3842.3348566,7033.799142999999,51767.66769,67.639705856
500.14274562,6.0435151288,21711.3700678,3.265525025,30.798136276,920.697887866,116.910880449,26.8287077688,7670.131620800001,88.8540863328,412.9656078698,50.339083374,3607.19638232,6968.2830772,488.1208996781999,668.7265073806,3128.5964504214,1343.2547345654,616.6386376328,88.90029556020001,4133.894374562,116.1605273342,506.9384572364,17.050557262199998,71.50724457359999,1.1909142744,15530.745327,163.363597926,1432.4010366724,6471.407125,167.0589619814,460.842634544,16.209476033199998
3873.6480443,3999.6373051906,16463.480730799998,28.25009847,189.503604,3517.296700684,1715.9192424,396.7780118502,9910.5098826,1112.6945914076,683.5951019199999,1189.547106318,7470.471405000001,10801.3367688,1478.55145284,1869.1084052,4977.26467834,3560.09651984,1772.36908498,1376.00451326,4528.858675400001,1426.3372944926,1740.0612586799998,8476.65517484,4966.55152804,869.2404460628001,15397.9020168,2269.0246562,7487.6846047,9991.9767088,1749.521030204,2470.18315638,160.4006088904
406.40110362,696.6977461872,20414.8066188,15.044204175599996,264.87829060020005,3818.0980469,753.8508641106,274.5307047438,5937.9750052,213.46800832540004,69.6851069538,623.58181808,5737.6550114,14854.4770586,926.712062686,297.81789251,796.4140415706,1016.40318671,663.465596863,308.79719828119994,3136.7532760000004,560.4744590476,249.8787714432,1208.2425149912,380.1193324166,165.4021774656,29562.475632,285.4546084606,3988.424447306,7215.6449156,178.2658837422,1436.8590873,86.92980921680001
85.918274814,12.1925209048,10605.751457,0.738020164,0.690634891,1818.04118562,0.4506968686,142.6440376396,7728.205541999999,4.105875560199999,9.507483128,642.978378088,5231.7267984,9994.2652892,9.1512449852,15.0531045794,50.5438712646,25.9407041916,5.1116686008,13.495154664199998,2281.119253594,73.532052818,13.7673062126,12.5556877354,7.5249849688,4.0902120736,5906.88980864,9.6594745862,8.048552148599999,7126.7760406,2.466712723,357.2317603366,1.0715167892
3564.222580774001,846.3959926696,6923.167922760001,251.38123752,153.8579284392,811.502227596,461.4896338536,144.531065161,6988.500358799999,1106.889882512,21.832884086200004,22382.097156086,4923.1593948,14128.8824432,729.2664982624,87.640016906,151.22722788380003,123.867757622,445.2659192338,189.270416865,4824.36845528,267.203137117,100.0626226126,658.049682589,171.52074976620003,614.5045604248,4305.79089278,575.542030266,2339.3668933904,8630.446909,1506.6248705662,36504.030239186,19.014297744
12592.3681882,116.1354007946,2738.754880338,50.817781831,54.21019700160001,56.5578961748,1135.9979955624,148.70086137,1913.215895744,266.85002300400004,130.02898663599998,863.4051966999999,4045.38985784,3082.52935128,781.875361798,418.2841111978,2498.407049322,1185.921165548,2052.4302151686,60.3619022,5926.61266822,78.8037051888,1175.990530252,76.69601506000001,52.08467833120001,12.242130713,10848.572292911998,949.417485958,474.447019716,4151.817267754001,308.79335556660004,20850.1384762,1.1945414764
1173.89803048,164.58563440159998,7482.3006074,1.1402366102,47.59928149260001,1273.724111574,200.4474483374,206.859049226,3298.46328002,88.8935480392,56.951629915800005,2445.201026704,3328.11708246,6152.1122489,281.047214036,286.2332477332,1119.527015668,528.339620452,286.9373343372,88.56648689240001,5619.1037926,222.198833966,187.7353796058,502.1281782724,128.665467937,7.284809563,5514.8770788,737.66674296,634.6817789132,2807.08250928,25.9632130416,925.05902726,31.66931390040001
2648.4219002600003,346.0255509492,7655.269366452,1.8653858952,11.2141180646,1219.697177076,180.5819998974,541.56228933,1995.96128728,39.023010463000006,58.9391813932,6520.315477756,4562.60881286,6991.62176546,45.9112062838,41.574510791,153.42720241,164.1350331882,198.4653814592,69.3124120408,4136.970383313999,850.5198689288,254.3096263922,576.9191124626001,215.9323529484,102.6100642384,2476.5285018266,691.380190404,38.8006375436,3427.58036994,122.67516563540002,12697.492334196,42.192428346
1159.2212306400002,1640.0217630208,2898.241980418,11.9507398484,61.236830723,346.332420982,231.467279126,59.293183226,2753.0070918600004,583.4919132040001,7.014146137999999,10406.3166306,3909.965067598,3702.45752876,121.1895646368,55.347409807400005,182.4993918508,83.51631550740001,272.621726776,177.579576236,1323.271494838,85.5354980882,107.3741546854,2011.82267068,740.9594102454,500.1063887126,1766.0323503839998,544.20519866,475.2006150516,3725.9162016,333.15169622800005,20332.6336654,8.5310459778
638.8303348430001,979.63351958,834.7970566,71.92148587620001,24.6812027648,38.3195313048,133.5708106092,17.687139722799998,1623.76668424,382.4247458664,52.850864726,14678.350601000002,1275.813646232,668.8550035000001,344.2274849374,326.18794878,363.8409490836,524.716286066,163.174730902,1223.8844836896,1896.40269842,19.169926182,96.5732926136,3394.881130868,2360.1874940394,384.10359826780007,5128.598636028,126.1959227304,884.7622788479999,913.317202844,454.5627475816,6197.35354722,2.8090313364
236.87913517400003,106.0249180984,1349.94745802,19.044226013,0.4841272677999999,138.79459399399997,4.502255067,2.2908855554,1665.55438206,151.55707545299998,110.6444015076,1926.7292531,514.0866643100001,1166.6458455,191.8824814666,175.34791721599998,430.4226054744,362.7845380746,4.1468339426,53.2463237314,1679.54749854,2.1709437008,7.0375996162000005,185.9325066296,221.3343265976,13.4411033328,1767.63034716,51.4273005814,670.6553648752,514.6039386599999,290.9159880286,1611.23772676,0.6420823696
996.2305743199998,155.327222538,636.4068693199999,15.8914101068,3.2290214995999995,406.591146128,30.34810789660001,228.3675159976,819.310493788,185.6169807966,6.447977914800001,1193.244926172,2899.9658659,4283.12311018,7.851042603000001,17.1947493188,11.57873753,25.385331984,2.2642765194,170.4019679626,4081.13843978,270.808084742,4.6360174534,439.5498944014,294.02936260200005,49.0826080504,64.609879692,327.3620136732,116.1085742966,3682.0628258,38.0133243396,938.65864018,22.4160420982
1375.9798978,31.438542954000003,2659.76544374,1.3083405824,68.6414429382,693.1018886059999,247.271872714,59.8673864088,6332.0459098,128.9516925288,18.8074006284,1457.0236943799998,4003.5061298,4527.4733276,198.7623697312,62.273281704,103.9452923462,173.533134724,339.9585888376,0.691902984,6142.2867698,422.0614678762,92.6642345092,57.31691806720001,0.857750548,7.831722135,1266.775332832,656.0192214260001,240.1643908024,4242.3510384,37.7299543096,5665.03420592,64.5588650206
3672.6430862,1024.4166372348,5889.30834712,23.214907988,51.8194157766,1905.60672184,142.0340550758,117.4653155206,6077.7683640000005,416.0530739356,23.899507954,2312.54408,2195.062887682,6720.567801020001,87.7191002182,99.531763008,66.9337468432,356.613574458,89.6637083034,672.2928092,3331.9494874,225.0635619406,24.7860062762,2620.0463300192,1245.063505968,669.6523594746001,3447.66017004,927.56132838,51.5184120986,2962.19185318,119.896051246,9410.5132876,20.6581012672
552.8365798061999,475.246461932,4352.30535574,16.9648683422,1.0515055568,1893.09074972,2.462219266,53.79164252280001,5885.947623,471.732071071,15.260925129,4214.5884212,1776.87867624,12940.5187568,538.561459099,105.0234778158,70.68785856240001,110.198011748,1.5709111226,653.64012224,3988.0582717,40.3124472554,8.0298686488,1542.12113826,1669.7354179,209.3369786388,381.23736456,137.738577018,202.1688356472,4070.7632906,383.0349573794,7553.207789819999,0.8584840438000001
1279.6430166118,631.6960876246001,1811.417146008,8.787559368,10.936170079,227.9471835252,125.062449935,184.7096804352,3708.5516266,137.608675648,26.533475398400004,5711.9153888202,1090.2489619,2209.765736738,49.2876453222,73.5017361264,11.3266946784,41.65499926380001,90.551601086,689.096665458,2151.95732774,176.907786276,104.2415158234,2658.143128066,2612.928417836,112.768166775,422.937826904,622.2383322016,35.2329975556,1275.38123472,74.82464631180001,6123.735540452,34.54294372
1251.3487806346,1.533366821,576.641651112,0.055647711,1.7422690976,18.9101187598,198.0962622072,11.60479687,1148.49255972,1.3055639315999998,5.4456794638,1748.67020446,3594.8561457999995,3139.07000354,4.1398914948,14.677354243600002,98.8908411686,18.9264251554,196.8161511358,0.0858353878,2156.655726356,12.4354419214,479.7461577274001,44.4189026286,36.2112194178,0.0578044943999999,51.2032660452,584.98450116,1.3973418918,5032.453246200001,0.4983047278,466.79740908,1.7380118269999998
10045.90017449,153.7784806194,16933.865494354,2.7155497766,271.95535832,2423.3673311800003,1291.8151353099995,597.8459495004,1368.74981826,5.8238594288,167.08284412400002,259.9884994798,1439.134221576,4278.4334705722,373.9191172564,372.5241268846,2309.094454854,1394.8211192636,1774.924231956,429.9739376592,3226.821192974,1335.849351258,1337.1969806762002,1453.8942018802,854.7669601444001,7.703735515400001,11543.267413412,2280.3161324618,100.6746588752,3018.40987622,30.685838473,8087.931613658,134.2087167686
644.675689888,119.278316964,870.5175953219999,0.1503112409999999,19.702426151000004,585.909878612,193.1361603912,51.25673707,2757.71900444,1.312633561,49.6453002836,27.6642981378,3811.2157924,4807.4925628,46.3659403834,88.9910119954,412.692508092,236.490171762,195.3011571784,301.0768961248,831.22449378,199.1423427482,214.2313072574,319.9631882748,485.7381655354,2.4231466002,375.61887561,224.566504832,57.257633,5641.2010656,4.7349761366,145.30105287,26.8529416416
605.552582342,333.3737975792,2839.12645328,0.2446733246,23.0325285898,642.3200115175999,115.85451505400002,108.84373536820002,807.15740164,94.1246561782,17.3862195224,505.7485182222,1508.46135712,3950.2045912,13.156359018,35.0171054914,321.7691671954,82.6859153456,160.0797689838,233.3198249926,4534.9508028,339.849146904,109.4004722452,940.45332276,617.6530932969999,35.15314199,351.636106652,332.393124328,67.0304419646,4529.6990584,24.2503726636,259.5838236648,25.3227493518
5958.900093679999,481.497308598,2110.249262988,80.276608522,64.295521864,581.7709626024,567.1466040500001,208.6441682,573.4911866172,482.432520098,10.7650498864,6306.574048871999,2364.90526314,2198.240005906,134.6258118562,26.6078799798,254.6745864168,469.635628579,484.6123399342,197.7482832114,6148.38428556,523.8226810399999,206.810118552,1324.71139974,358.618129,209.256262179,489.2582179214001,980.8997727256,406.489794616,3284.10285212,582.743541038,15622.455336399998,68.147099906
7048.85655344,861.3536483711999,9622.92090756,185.759627969,83.18731026520001,1749.85127981,306.198511124,94.065816971,307.492546646,1157.893324952,345.418111577,2982.946516156,366.03741167,3170.6937676400003,1408.899801886,901.718936557,2816.9191878882,1801.5710016854,735.8580778026001,482.53254021,1102.88851096,315.5590865654,679.3417081,915.114021488,982.604925166,130.2819332744,9464.600143,731.364369646,2773.950847816,890.5628012199999,1755.1755074200005,13459.82034406,24.6109049226
476.2853856891999,256.7880820158,1235.2468152672,45.80860676,1.1572157954,67.09437528539999,82.02040107260001,94.62755927,411.183481838,304.28072000000003,2.2808360772,123.1739446888,2466.0465975946,1815.659478118,59.1558059494,6.320160743800001,17.665226943,25.7058268896,12.1961941082,237.958461092,584.9902472,122.7361225762,2.85160846,730.7910816418,439.3641097476,79.7196454084,612.0120759593999,133.28504177,757.4124571904,1741.8055364340005,347.04989711400003,2052.264307594,4.0937791076
4.1410570272,288.045135542,2194.3754826412,0.0258313986,1.8014089376000002,38.512537753,18.6245854106,11.0650548886,31.4055108378,183.3837616444,1.0002369865999998,3485.8352342852,19.5175908442,369.6614773992,1.4170943336,2.231513959,72.47518509700001,3.0450856202,13.0325179808,69.23898808599999,349.4478136736,41.52169919079999,10.0090124534,1014.6123866,476.1776062,71.769163366,1631.5174005872,31.323566114,89.1584262532,271.20779808960003,20.8671626258,2320.0278740204003,5.946535859
657.64308876,635.039183392,971.3215785806,0.1524690442,10.5891507368,101.2761614028,281.1487683564,63.02540046,15.074461971400002,73.4320500948,7.669626074600001,610.4618051334,532.037069204,2824.282927818,0.5531135976,5.3840982466,171.60979293120002,100.4630204288,203.2357672778,305.0616657954,2475.260958274,118.1545769502,166.0496107582,1222.940433324,818.3159823344,158.47971172820002,99.4455539656,311.4825041866,0.4218847782,1886.9036237346,1.5394056744,130.9189089162,17.551276408
580.4365379898001,48.7493493802,787.261290656,0.9632357858,34.677469051,192.34328457,131.544217824,115.084811971,16.6580713334,23.6435893634,10.910544431,918.89494254,2068.0515085418,712.9126777060001,14.282233918,17.9201638976,95.6239609574,46.8058806856,189.7578106516,0.9830084684,5213.763345320001,211.4855237354,103.1679851418,49.171761717600006,14.315743359,26.8448429832,274.4255421588,221.959165664,46.2584997952,1867.7451204154,0.7201208064,115.994627116,21.9776520794
207.9511345584,168.13913018120002,1276.317057278,0.1673731048,24.5680816134,97.0036447342,85.1436990174,22.6830038034,0.2331003803999999,108.49156649440002,37.9177859076,8106.940825867399,0.069306416,228.8711382,92.125156944,75.03034634359999,651.1673367056,336.89021645800005,148.6956725566,6.724553234599999,31.4801329174,68.6689489702,208.5256411838,360.5013590792,1.1817444772,153.35236636,2840.18222408,29.832572321400004,163.89978333300002,23.798058386,28.368613527,1578.0943375492002,8.9014071234
1635.4771611600002,198.9263449846,4207.7936688,37.535294826,68.60298649,42.6119749762,548.4914913,52.906167582,1.1576239620000002,128.913243156,74.5514730232,910.650243562,19.3124474518,627.98711894,433.915401701,252.448693456,1680.17891928,639.9444748918,776.2629965399999,85.75110903999999,140.15054643399998,117.394548564,689.653703184,669.3786954561999,189.042064642,19.7097353604,7477.401266039999,491.83910616,707.39594296,6.5414965184,268.371779014,2686.96463864,18.5975212796
2207.61316762,271.2335140892,1507.373316544,47.4662902978,55.23716713820001,204.7930325476,361.242772608,76.8299622966,58.70298499,222.3639399752,37.4995309388,2836.928287636,138.575395636,1752.5806350400003,250.4944302532,120.744460109,402.2195630472,400.738747705,352.15050808,98.12238988,900.1906607200001,109.8166597154,248.58202721,339.57877020440003,198.230060119,133.2485609566,2201.0377077402,335.05682714,607.9531386599999,216.836118162,329.7213693934,7922.640519399999,14.6914272086
241.980718768,0.4938213969999999,21.6387312804,0.0894706344,2.480552854,69.513949055,74.47659972,27.875715788,62.150347540000006,0.2919727498,0.3773971664,218.1608600592,100.6806092558,158.6506245458,0.1786145702,0.1894919652,0.5331113704,0.9199957532,9.0957344648,0.0,276.4998581144,108.09580702,2.609862536,13.9525929154,0.2701815408,0.1551144226,0.8431258749999999,209.75699406,0.1738837322,109.4996079674,0.4653832569999999,74.8593701086,15.145285944
1522.0903637794,193.028765514,676.8385260192,40.976397898,54.02673384,8.905092425800001,228.43010344,6.269280031799999,0.0,236.730423504,43.3788176394,221.3605810492,0.0,11.0537341312,229.55864626,111.3621587812,493.7756366586,428.3427011133999,409.67711198180007,17.048143636,8.5305746536,27.55965104,312.141686678,258.0434958,108.77316194,90.79686136,753.89580608,153.22241514,557.517607868,0.0,336.89405358,2872.3265209,5.6440432254
1250.650964,221.6450353124,1680.4193791000002,12.186258192,29.373718259,464.2451901634,169.2556603562,43.269073318,79.57484674,183.1749597916,2.555270807,926.7832361598,0.2814355078,498.532013547,1.8028773252,3.5385696752,62.24958397,32.1937661368,168.2510308574,3.161056846,117.0333611292,127.24312024859998,71.8792739208,310.2187466722,82.13149348580001,114.200604529,38.997381596,222.074965672,49.7249673044,69.2233779862,141.4160562798,6530.91696692,19.0470950534
278.03175084,200.0251037116,113.0700696378,3.54735868,24.19046883,74.8965032426,145.33178937600002,124.512985536,0.0,105.872815801,1.4112787436,868.362962104,0.0,434.4860614388001,0.1482020348,1.4422583006,9.8278037818,11.8394092466,47.222118716,31.89139144,179.142186262,316.996559998,11.0164522912,457.710811514,159.07345107999998,79.4743278658,25.4275113944,277.749653404,24.05665196,4.2602501068,34.42792456,1073.7138749552,35.305209316
120.652978232,0.0,264.86602866,0.0,0.6078353088,10.6087516936,2.1914735128,28.0435074004,4.4160768500000005,0.0,0.9002865486000001,0.2491799986,0.0,19.3816351496,0.0,0.5227771962000001,0.952173649,1.1725371844,2.444136452,0.0,42.618026016200005,60.800774915800005,0.1499437128,0.0504915527999999,0.0,0.0,6.461835664800001,42.7684900254,0.0,1.3895784552,0.0,3.2921056674,1.8338679398
122.0334806,0.0,71.83562217,0.0,0.0,3.370546839,1.607324707,7.983585466,0.0,0.0,1.897854576,0.271154575,9.105608661,299.1184768,0.0,1.581175734,0.277948315,6.812275901,0.165760964,0.0,50.09643805,1.597393108,0.0,0.0,0.0,0.0,1.102148437,37.10901417,0.0,0.181286414,0.0,2.055177242,0.0
