BM,BTG,BWQ,CLJ,CT,DMZ,FSB,GGS,GTQ,HK,HLS,HMS,JJQ,LJG,LK,NJG,PS,QJDQ,QXC,SJY,SMZ,SPY,SWB,SXC,WC,WHK,XH,XJX,YJ,YLJK,YSG,YYL,ZT
1585.744377682,1349.5090320079998,19960.4489932,58.651080707000006,5.1556478016,1507.19546248,53.6879043866,198.4622859774,5425.845658,473.242973558,114.8791989808,2330.53966132,1164.13986742,7901.982950200001,864.864364968,714.1462044952,2610.689205318,1182.532330606,224.9818506564,520.0099501408,1189.50373287,535.7817233064,394.8451293692,3094.09134352,867.9526513200001,390.765559562,14361.595399399996,372.67896061,2053.83984912,4895.005367,364.8931551932,1913.62875772,33.802940698
2433.89812598,2791.1965758274,282.96117349,16.5691779108,9.6437939012,29.210093782,78.581921372,5.3916646504,4727.499096199999,1464.3803737404,143.41032038199998,8626.2072462,3210.9687788999995,4768.5690446,410.197896074,363.2058199966,1005.7995876272,911.784022586,209.0618865576,2.8969483456,3249.310462654,11.1623847398,599.6687226363999,1917.35282217,20.0675248986,578.4465330018,399.272318862,139.782202842,1418.827370302,6263.8512394,480.813898913,6860.601387799999,0.5759574524
7441.583153959999,2863.9508060952003,10620.9600606,85.9097790342,101.353466784,1765.2111165460003,216.156809616,176.252358288,6196.508618000001,1781.70101215,48.5277604366,13490.1487064,3247.3808214600003,6774.963928800001,1024.2716893024003,441.249202488,740.4092601824001,1218.798268985,1467.73436351,154.006293196,4913.92732684,425.873420418,445.70344912479993,2506.8042854902,591.1419126220001,1096.3306134352,9307.8885246,429.423957652,2934.6548249240004,8902.226502399999,1835.420843112,11752.3130723,21.5297237006
10585.0001658,5004.321981743799,9087.8548959,654.697074168,193.970815382,814.397197646,938.89329202,759.6495010044,3629.5087708,3306.79275808,66.0686137612,29788.9312468,8084.537880000001,4752.2832816,455.72927756339993,123.628985664,1160.418778684,513.123460378,1206.60972594,174.2641101508,9382.9190518,1197.3535334494,628.79083812,4741.513288331999,660.9736802397999,1438.272353146,3988.8586524000007,2193.96714336,2438.2344806748,7355.084802200001,5111.173710132,44122.38591,135.1330758816
6298.6283014,2684.53719454,4927.357505800001,106.2922260646,227.602593867,712.38734679,1108.708193936,158.19453969600002,4228.1224776,1760.76564276,421.844257848,3218.1364392,5270.3187756,6416.988301,1902.10107776,1042.9391552780005,4157.56243928,3417.691727844,1989.45673814,2024.84195678,8469.0914448,694.4832022840001,987.66082696,5349.7274941000005,2907.52645354,835.3719518,10614.0383414,2309.7892681000003,4051.6934576,8215.653897799999,1159.2215775,8613.1102964,105.1296563206
1190.629041182,213.8189166988,16437.652032859998,31.5091795318,196.4021828794,1326.034730746,147.9256238488,68.3406223976,4567.38057932,235.8000097562,104.8723748734,256.880549572,2887.67136492,5412.24977,513.1723336140001,405.2116492024,2902.6696418724,2301.2491258540003,1200.75616552,290.1668197036,1209.67592794,84.90634096599999,957.4231935200002,444.9863873722,346.0389989746,27.0019167188,9138.7106694,106.7857249552,1642.9595676956,5760.9713932,306.3492405426,976.578121068,2.3341090676
7981.323856699999,2483.078524866,24245.826787599995,125.2671835358,237.521189487,4417.6064269,1391.9657911139998,494.48264879400006,3992.7749056,1343.441824611,86.101098434,7365.76015948,3603.37964364,10703.891657,910.4538329,647.15757038,414.908003252,1411.7131955,1200.8965769600002,1003.01400288,4120.84847522,1381.184217212,370.46466672,3147.5423387842,2746.2026061982,847.3743321864,9881.5883492,2227.892798526,2442.617688838,3718.2565972,1620.7484252928002,8900.839178578,122.465051054
3238.536616,282.0964354714,4752.2651518,64.2337799908,105.1189746134,675.804761592,438.04949908,61.021432378,6414.393731,138.506821222,133.06148291,4060.44525534,1076.86372228,2223.6982148199995,1055.984726094,1051.95807645,702.626218398,1258.420792992,596.4564998000001,22.954299632,3793.66772548,148.923147976,186.221825924,225.8216559636,71.24515698719999,60.001578642800006,11729.0980854,641.0133395400001,1731.81235626,1116.56302254,601.350330648,6479.461253,3.6737675738
2094.73561142,2572.3731786,7606.254926179999,24.091572793800005,13.9708756842,1025.885959446,177.816858008,512.145777758,3991.90926664,223.652095448,58.226453261,2509.37855334,4474.7051208,7036.7657821600005,334.738964986,77.17518707640001,538.3752455158,410.96774946,410.08633659200007,3479.51755496,8102.206809,343.69104941,216.32422069060004,8054.5351708,6267.706112856,192.315931821,3267.69850066,981.8102014,291.225063634,5550.1851278,451.4162313762,2628.38087739,41.44605497
788.6003251760001,160.424382982,114.9283733072,7.124883094199999,1.497716645,28.455752617,4.3292018942,0.0317290252,1725.6900968900002,160.4987406174,25.1323913036,4854.054658999999,3857.065141868,958.9770633,200.245004783,177.489063835,206.732392624,381.9493776016,4.1938179446,129.1768983248,4554.755145466001,2.5186765892,5.0867904274,93.4157428324,292.4328352066,38.9042737676,1048.181968092,6.860496006,59.8002989724,3415.25908554,18.2167158214,4544.41093734,0.1646499678
364.8345141046,65.80772581379999,7489.335740959999,13.241830570599998,5.5437510018,1886.3995786162,107.0079854234,50.4924561788,5667.2763162,266.2388370656,29.4048430772,5040.9817598,92.552037558,6074.224346659999,32.724286952,10.0389052276,708.8663687004,157.648548202,74.3843989156,38.8789437558,672.72958922,226.7181164994,166.80998998599998,317.9504418194,111.319470601,11.364668526,3930.82521992,192.7436503094,96.0787031286,2349.328004,318.271582534,9260.3725474,16.094556068600003
9204.7125176,3177.4945483328,12122.367132,207.47027308800003,128.164201536,786.000342028,1539.6211561200005,259.034029422,6760.6107680000005,2807.9100903,377.713803712,11659.172824600002,6211.1623052,7503.3454436,1636.374859102,952.395467746,3500.39923342,2165.59721684,3568.3167812600004,33.863843405400004,6480.200406,569.5088441400001,1868.8471622,3482.8491152298,686.0547744116,1484.1589232758,21424.6526749,3137.7822186000003,8903.18929784,9765.7717706,2124.96186802,18839.5930994,72.0034284594
7014.848996639999,3274.68952976,5786.54907804,210.614026464,214.7206705162,1823.969394116,814.8655770125999,443.826122808,2260.8411943,3640.75875484,105.89341470280002,20481.29665,8531.5721288,6759.858600199999,813.187575018,385.0918037248,1819.0300030338,2196.72806846,820.8743965234,410.870915524,7594.030232,819.9976948579999,949.6993602906,5623.54718028,1635.197056204,1723.665168106,9346.4205935,1079.81302677,2773.26229868,7415.2308484,2062.88607942,24678.5706952,46.3691301878
1755.340863752,244.48495835020003,20238.6952972,218.3926943078,71.3180228698,3916.616734176,139.03678070819998,564.2487064039999,4707.43603336,712.125431734,94.3966521444,4693.688937,3832.8428006,13775.332965980002,1052.79526766,1034.277804294,415.039355312,1404.44992272,207.1364805968,103.4778573476,4634.87606064,459.0467060172,109.622014177,533.4608887796,229.5751474834,258.1771049786,17509.6001984,228.220790246,1954.565452126,6296.9218364,1217.8127052,7657.0232986,26.8959526446
9314.2943622,2317.1626245,11598.742918,525.2916504204001,460.575080264,2408.962274824,1830.67967312,306.28447819,2105.0254617,2102.392395484,501.356223266,7422.22273766,8573.3023736,11116.6867956,1532.2544733440002,1125.687630216,6224.084068560001,3053.18457392,3470.50263882,97.891498828,6487.128643800001,998.427668264,3082.16818122,3174.1506182,1032.53089988,706.1577249520001,10334.2988624,2394.61597756,3479.467423698,11533.7507768,3651.32743817,21160.870268,100.9563078478
214.538943264,70.160015144,14542.7575698,1.4062299872,183.4152433796,1377.23881868,353.9198805954,147.5878140888,5998.8628092,111.3549511274,34.314169097000004,1730.9374362800002,3251.79358332,6993.133556399999,168.791621562,63.92821612819999,3231.172291169,89.7498123186,1341.186871818,111.4843240678,1812.71505494,679.1415133644,574.0861061246,216.1759338684,275.411533999,13.866751852800002,22360.3596358,140.3733631994,258.62119304,6098.3111184,122.2802943022,1162.04666172,78.849928004
1156.25202157,405.8974806456,22264.919088999995,0.7924987236,355.63907643999994,2574.8344946,399.718674667,497.58137404,4360.744131400001,489.566530314,97.482278584,2471.20655482,3349.9386236,9308.1212922,65.9666464646,117.5541127294,2481.580421,632.9600044360001,1411.7370394556,431.68968497980006,5267.87298257,960.9470014252,790.6738819938,280.015979296,160.3517256896,333.0273634768,15183.123306,364.0449806632,324.4339440584,7949.8390232,205.8895331852,2660.01246882,68.4046140446
1169.11928563,2.8527670288,290.51610582800004,0.0,8.4768249476,34.195273520399994,63.0858799996,116.0070205294,242.002758988,1.0717504336,36.595836248,2267.235117014,4384.1734332,1470.6830711,33.392981764,69.20097180799999,337.8288438246,284.136182328,220.838582028,1.9056646346,2078.49137178,212.1694215764,269.6863069772,69.2821960778,11.4446560536,0.626031084,313.7217356888,115.6372312982,10.73538478,4025.5302384,0.2695267136,3031.64500444,6.1726248764000005
4835.1935747,125.895757746,14539.368770800002,0.154820522,443.0688729552,4314.37164042,1665.7119756612,282.08449772,3873.6330032,2.717011191,12.1083505966,352.270077028,1887.59563106,7691.4748068,5.429593426399999,22.13425494,133.1849678668,59.511146208,1431.1670671628,47.9945034288,3150.96121978,850.3130962542,248.477065278,582.6924155292002,116.66512403059998,0.8584469064,2142.574556433,1873.29518213,5.668127629599999,3584.4251356,0.0988896886,1025.54978986,129.70697326980002
9460.812530234,653.4828565626001,11387.7180649308,191.567077471,216.9598082362,527.6531977388,1461.256164894,207.4097477524,1638.9072745459998,1332.9463063486,188.6830162456,1796.532568264,1716.762568176,4799.487259471601,545.5419826885999,377.8292805158,3005.165719439,1315.455311379,1717.58043378,146.3411441152,4081.694859712,424.6254552862,977.491991154,957.3468788974002,371.127753205,226.6898865556,19460.3982097628,1773.7134914202002,2780.0275487704,4427.689911228,1928.8581832814,12251.019714746,41.0393268056
12.892253892,48.3705518814,15792.12339738,0.0521280372,0.0085128696,2056.8846807344,0.4501615211999999,37.95086113,3863.3946442,45.2339719958,16.3507474738,454.894082626,1035.0409505399998,6627.864064940001,23.8043914764,76.545218189,9.3444599698,37.464861358,1.7813403262,0.1341830482,239.081639312,35.0862452646,0.0632003058,6.630080123800001,1.3170026318,17.271786873800004,12732.4174600762,0.0444089984,211.3251373704,2316.8128583400003,71.5643955154,252.173784878,0.3924184944
444.4736619088,913.716146341,10633.316627278,95.637735956,9.5429453412,791.8200654927999,39.507154368,55.6769791026,848.068255876,841.719173586,100.814699206,1374.209711678,1229.41956842,3024.968032128,852.0260433057999,566.7138748,492.0364435942,472.9391499886,96.2370565564,369.0850234466,1533.69279856,186.4297285966,83.5102626076,1173.1570912182,733.3204479028001,343.9084178026,10667.397160114402,16.394712765999998,761.9466617766,1471.855370178,487.251381061,4289.3123619894,13.8162616032
28.1768225204,3.1013039016,21332.64387444,0.276305158,1.9297327382,1455.897054197,3.2275589052,40.7331116858,3700.4733648,2.2582544204,6.495006354599999,45.9363118584,176.998700304,3836.525961778,9.3784931974,17.0014792664,56.79670538920001,21.694657298,4.2706372164,3.171845638,305.16939846,46.2892815454,18.492289218,1.883479172,1.8902388636,0.2806171214,7331.980204657601,8.776161403,3.946355167,1151.1963320999998,2.0803909288,134.242020416,0.2168647478
5092.205683300001,145.249357649,7877.4120364,34.4091726694,118.359793804,353.86700066000003,634.2266132000001,210.9677581292,1092.42174412,340.55975469180004,21.9135933912,585.152629916,595.85666318,3297.28666378,255.012623476,78.08683921500001,2285.30815974,444.840475518,1321.89475642,321.28408692200003,2677.2798494,580.491325131,797.0018841680001,594.0299258560001,391.69142098,3.1464800524000003,5421.467172,1108.835895124,847.5538193823999,3781.9559978,309.42906897200004,11297.243052766,75.4725659286
2848.31496086,1595.6227228292,4174.102386500001,118.15344801220002,87.1937456176,82.861520266,515.937311956,120.3023185996,65.007914012,1033.7224230978002,71.771793586,3093.5420132,684.57484314,1067.376067804,311.975397946,139.67974332600002,1200.6274841922,525.7517284056,847.5140955700001,670.3172190994,1405.814559936,298.670816412,723.0207198964,3572.539514127,2059.7526119098,527.522267978,7446.876640701999,676.194507766,1570.5136752692,816.49540774,1071.9212623318,7735.13240214,53.9032893784
2753.18418918,760.1401233304,2641.53011316,109.1140717064,126.995451859,460.4564881600001,584.1413980782,141.781719866,3134.0581952638,612.3294064562,56.026893388,6701.9073076,2185.130051588,2428.2389299,390.2814939832,188.66260561400003,285.3406901176,598.7208061480001,637.4100328848,17.9942286948,1872.665755634,354.506484764,260.0124963802,1456.1465242592,249.3125488948,296.8245836024,3871.99840706,570.1720438760001,973.5993172704,2950.079477104,871.1145135999999,12155.7893996,39.139520757
746.9166662628,0.0707815082,2213.309948484,0.081354392,28.0272366442,281.751606288,186.7476207878,84.96999401820001,251.787952618,0.3139998528,7.008388264199999,286.918555578,591.0169009702,1916.93834184,11.681752639,19.1015705326,102.0176924306,42.1147507762,105.6562739144,0.0,1897.06040896,259.8910252152,32.2583593114,2.5638190960000005,0.0697335568,0.3242892684,802.427423966,381.196885329,5.2655498588,1113.92219259,0.321853993,936.117689772,36.641570532
2130.979955828,0.4953297946,1872.462140836,0.1645087986,38.3836092214,533.5417102399999,207.9094272568,100.484524505,248.153511466,0.547463678,3.5542949596,1260.90339822,174.532161174,2747.10810492,11.7514809484,20.323701087,91.8905433354,95.1790907912,152.85007313199998,0.0,516.40346724,280.42389206160004,49.236200618,6.844080180400001,0.2200443057999999,0.0591250634,118.8478246056,378.907097502,0.1073682679999999,670.51892202,2.8383606074,14861.374092646,31.671516740000005
1189.601148364,237.342085212,1316.501215298,69.644960302,71.35006552259999,358.386842692,308.8342485942,70.736753016,191.9535247066,443.0512314946,12.9245940038,11288.1407316,169.7135177076,959.10527552,52.9423498244,55.0643992166,167.93125018400002,166.656922952,350.203454361,119.489517793,140.65705538,330.587844808,143.631284766,608.8541479648,478.7935697386,198.4857940966,255.70962038,321.339793354,215.1468488356,486.899354506,580.0255012079999,16157.045255399998,33.383472399000006
1008.3138400310002,606.7928357346001,816.1404635916001,147.159719532,3.2363257692000005,85.0060370476,98.416511353,76.4479681404,5.7079495252,956.7113094612,88.6733586128,7440.2954887288,0.0349518784,1407.4806202946,529.8400358754,259.2257275882,1081.5984969814,777.807567712,172.882887831,204.1182808546,270.8509470252,81.1928632466,337.37092966,829.2819340864,358.4750475608,397.3983464426,2608.7798479788003,94.14106621,874.8476299276001,18.3092480174,908.4948556966,11020.7795077076,1.9242820218000003
105.3467157432,0.0,4.6181024706,0.0113403802,3.1469975768,0.4123030200000001,31.9898225906,0.0,1.9705232698,0.768414623,5.0302878776,49.3533028582,0.4841717884,0.5661273440000001,4.2662227042,7.543544074400001,36.660647005,11.706834457,28.4411609906,0.0,154.475908826,0.0,8.6436655034,0.0561028711999999,0.1069811892,0.0,8.3110461844,1.8030399792,1.4973665592,10.340664435,1.2887742398,181.1034453698,0.0
979.0544287614,76.15440478000001,598.050877608,2.9294162512,5.2991598536,47.5988052256,53.63361150979999,0.7054591880000001,3.1385564296,201.969531629,3.0791106058000004,3073.4166150106,4.1696126962,389.7046657206,0.216949068,1.2762002372,126.167587708,46.2503139304,153.5688808726,0.3306137774,299.2963919508,5.3860380754,117.6037513,18.9979243642,0.0,86.36244552000001,389.9995175,96.544975722,53.48102849840001,15.84153527,67.9599125922,10093.6841788852,1.6598308314
2210.480858026,590.54019966,1151.0521771864,4.61091381,113.1309093466,244.6154426466,712.8922191116,101.8793483314,5.8709571968,323.42584958,20.8784585488,6248.986796404,860.331922346,790.1745478818,3.36953946,18.6176488336,500.532224718,254.01967990380004,637.9792749008,55.19449026,952.972797608,369.85367448,362.55699232,893.32120944,223.8996310252,370.3649956166,51.028486392000005,549.2995147066,22.2064165222,1077.4083531,83.600663846,7353.7409580608,59.784675934000006
383.515343676,0.8486733032,490.432970748,0.0,9.359963504,104.0110310596,121.044696491,87.206426112,15.0001071166,3.2039668534,1.9896522078,44.904864214,48.38524822,325.9315282442,0.8987312046,0.9258402976,81.68003538,12.680434197,61.792220258,0.0,609.53748779,155.201220975,33.0214221612,14.9174620338,0.9274856682,0.7675775978,396.5555462558,178.490585587,4.9503143332,219.8514299546,0.2022261796,243.3166034776,16.141286031200003
0.7633646272,0.1298259674,0.0096546692,0.0,0.0,0.0343048962,0.0,0.0,199.626415394,0.0,0.4380389991999999,0.0595591325999999,8.823585112,0.2416728206,0.0,0.3472677538,0.0058546924,1.0685224706,0.0,0.0,10.2145157132,0.0,0.0,0.065479148,0.0,0.0,0.0,0.0,0.0,2.6816747392,0.0,0.0372051748,0.0
27.9993315338,0.017647553,920.3061202444,0.0,0.0,71.647786206,4.750296935,42.135515664,61.420280912,0.0,3.2817185768000003,1.4719279332,2.452748355,238.6024548,3.68771143,6.6514485244,26.6856304316,12.6242852688,1.0168522216,2.177148188,45.408959366,70.1956430278,0.186795498,0.0,1.7638604190000002,0.0,490.303688008,39.1736213804,1.0291071308,111.2120883226,0.0399108626,2.690707534,2.0937664616
1353.0487102964,230.6513837544,471.1724131292,26.920581318,37.028256803800005,44.5978761116,197.2488682698,47.7982541902,16.433458124,172.5578236306,26.655967676400003,796.4445798037999,50.650815338,487.51032047,93.2967374822,63.7525845192,298.0740373166,288.93933696140004,262.9183937808,18.023592992,288.1545024284,123.19719887659998,214.119481285,391.8432426542,87.8079173024,64.62744653799999,1156.5692700268,196.932341484,363.76741734,134.1373630284,176.86832164,1822.155792178,21.224548928
435.198044414,32.629936878,135.8347701212,16.865453008,6.4355385904,1.5133456452,84.03208702139999,17.977163042999997,3.158597296,29.180444484,10.4953197758,1977.8212914044,0.0,19.68642535,9.259510694,8.634922283200002,122.994937006,55.43231365300001,98.164929959,31.82385402,34.768464204000004,46.2477820876,105.9031464402,164.29863546,38.3181580776,7.0892716656,30.13382248,143.0906291142,95.19747918,6.9476308774,77.60149944,848.6498218720001,12.534597774
189.7301549362,40.883051468,422.20864732,7.0919896008,0.311788386,24.9078415888,1.9647565214,0.0747375462,79.070628418,31.369590899599995,9.6281863394,2559.9946297982,64.9834135844,88.2338046854,19.716877786,21.6791805928,98.9312223968,166.68447129,23.774092488,2.505017452,351.431335714,9.9380945302,79.15539573999999,91.46800678,1.1207288144,14.101525798,273.5304183718,0.1480159414,24.799421598,78.7554791386,47.632464928,2136.2339186492,0.677705781
1701.9350085968,0.0732685604,679.815659866,15.2867132658,35.451864841399995,346.9230997266,203.7732846514,89.51732225100001,444.316159608,8.998101724,4.6307776024,1334.4272503784,32.329349669,583.1663051818,34.34769794,18.6094398536,47.6435835288,128.3643877148,156.3768172188,0.0,1380.3711534596,264.2108008188,38.91002744,0.0965878833999999,0.0,0.0277303471999999,146.2670250942,343.40343418400005,0.2953245656,157.98425343259998,39.240194474,7639.470034835,29.4417074016
511.208918496,66.9809147,105.3238024594,10.090340354,1.0262825118,11.3580161758,32.736472859,0.8289609118,60.65874777519999,95.50217472,12.0347266256,34.950281984600004,45.8007789174,116.7855430628,84.81452252,50.1232691752,63.0674033,128.2493261146,8.9235851056,0.0290267608,0.161339366,4.309852052,4.365381986,55.57036588,6.387239648,10.534797832,505.4783108,54.8851653262,232.578358,118.94380682140002,85.10902074,593.4115749271999,1.250359923
1278.1927957132,688.1989083312001,64.49876922,65.2160253038,1.2973689028000002,5.419965082799999,52.3066171322,3.5169652302000003,129.52832052,487.846013462,9.914116346000002,2586.0803284000003,0.0,45.8654356912,88.90016234100001,28.3114971534,35.629025238000004,105.274632244,51.0750707748,402.8698954,4.4077539826,10.747579428,24.0195724894,1215.6564193428,941.6829327408,211.7847962174,382.378939501,94.2211680482,507.3059928888,3.3457782368,410.1298237192,10454.42021902,0.37324158
311.327376714,6.230653105,161.17503035,1.2639026978,0.2623386086,35.7344277342,26.433465297,51.1281194222,24.010432044,4.3325539358,11.7549636372,807.0524011919999,533.4137536613999,550.82102018,24.2913069516,25.423040289,101.4561898076,70.2977150898,12.1205835002,4.230454584,220.201519492,103.6284249796,16.787884525800003,36.9391994254,18.959234968,1.8801858048,220.859146358,151.0020369302,32.9750542,160.1705779728,18.665806108,1432.5470209302,4.2502157996
688.2583014634,0.0,9.8503223748,0.0,0.0,0.0,2.7516925052000003,2.496015814,52.217764674,10.639901788,1.6467971398,6229.67970179,85.3554396378,118.27801509,0.0,1.1066123684,3.7962916452,2.9208117694,0.6126990954,0.0,1031.486329667,1.8558512684,0.0,0.0912526996,0.0,0.6341912531999999,0.0,53.81720649399999,0.0,346.7002064878,6.4518668124000005,9806.4986709942,0.0
1185.3655032,1474.79972005,440.5221505,180.169417888,15.6634918482,10.332704114200002,101.149281274,27.343533901,40.3255896524,1445.57238726,63.8775140696,7373.7152896,199.150892262,204.859563232,603.844848436,228.42094683,519.076812726,824.1733103,202.53404626000005,274.3164463300001,205.37504603,57.17414742999999,248.6477166,2106.940932382,880.8525267086001,801.59937854,2956.916196136,150.812196378,1973.47768736,22.753783477,1419.92676334,14902.3725514,8.8501741564
1363.5218421599998,1908.27417628,2181.77452442,323.46448654,59.289079316000006,495.25021548,279.070270456,126.392286368,204.0480950414,2082.74172774,67.3157803874,8877.622245199998,372.872432072,1239.9217402,657.209596952,270.50520256,548.051696506,831.71554722,334.028874614,139.04226453439998,1046.05265156,492.81821118,250.403944008,2844.55070166,568.1181814501999,1157.0377922,3008.250443088,376.63949076,1627.55441684,327.272032008,2100.55341096,17260.2406764,63.11762225
1315.29699434,270.77560602060004,359.819955196,19.1089122316,19.716698111,205.7877000292,91.375742845,90.9383452448,165.883350488,160.197747538,3.5802990538,7662.16255648,89.6846417406,872.29388736,5.8644439004,2.8249478556,44.1215171316,92.1798327064,116.8678166536,0.984545836,1475.552543708,134.65023486939998,48.0049872406,604.4367120487999,53.94594542,72.0823253976,34.797772189,203.414985122,49.6334565536,443.45343298,167.69150151000002,7862.395676800001,13.3454177884
1938.773401016,940.337159544,1532.7128416586002,86.376126074,25.07959813,257.71498448,193.76849522,90.34001435,357.478079614,858.4144083648001,23.5351034418,7737.362088660001,881.9710202627999,802.30404454,301.274625204,107.4339310482,266.82360399440006,390.7922273222,186.0433770946,185.116696348,1526.32073184,173.092284172,142.16868457,1439.7305758062,592.1739761782,416.4895945436,1483.2958613832,377.293740058,784.8332844693999,280.58298515800004,731.1545943046,12690.3156487608,20.801461168
981.4254404,192.756513848,141.67206523,10.848617683,7.326225001999999,6.894446386599999,45.8819421362,20.424630763,52.40429620799999,173.125279174,1.278632017,8842.6028316,118.8294680776,365.194723264,0.5753880203999999,0.7108122324,8.5571412848,42.3894030094,28.928383487,35.13879703,256.4581274412,35.2501822252,8.272856993600001,564.4597211247999,199.383072336,98.3660422798,9.105989715000002,191.047535876,28.645898652600003,106.72379583,91.0205851974,7125.65427206,0.9852671904
566.4490169626,444.7575219864,895.32660774,87.1877003568,0.0,120.9918546238,2.3290556858,37.78937532,2.7300240036,587.6084672,8.560586690200001,10966.542206592,0.0,538.1242071764,123.1298066456,39.7920174586,17.1394754838,136.3571785316,0.373782419,18.1627408574,83.2525515112,26.26601053,1.4368829534,670.1684445212001,114.3726531274,313.48384874,1026.2659846401998,46.887122738,461.778872654,15.681286184,610.6130551839999,11738.57384665,0.6270620426
1140.8666959624,134.87711259,1534.19145458,4.1099792482,39.855799826600006,407.57931288,149.53537536439998,93.477381126,53.5918149212,161.743689792,2.4177443286,8665.397759,708.5314923505999,1309.29559228,0.6178422001999999,1.2018559452,149.2611280448,24.8177883832,177.5582846618,1.7109592182,2646.362090848,223.081299404,70.58108742120001,259.1542394558,12.1246968202,89.850764556,47.3441033898,411.28673232,10.9407692076,1164.8680046564,65.60011368420001,13788.680180799998,20.983323082
31.851392433,0.0289555547999999,10.9041099374,0.0,0.0,2.4840663908,0.1724349478,1.3886850058,329.56946682,0.2959469041999999,1.8345950726,4.297254483600001,11.6841427666,109.070306114,0.1364194776,0.9936897268,0.2055211275999999,3.1229137804,0.3068595446,0.0,13.441368068,0.0,0.0,0.0936096814,0.0,0.0,0.1040873686,4.7991198938,0.0318424443999999,107.378064376,0.2173297407999999,26.8983089474,0.0
90.7788389276,225.6047659252,42.761840829,21.5264104788,0.0,13.590738006,0.264797495,0.0,3.4079864468,244.7297013106,7.5000919138,1677.68325151,18.5133146052,181.912061647,12.8937431192,7.772419273600001,39.71863008,113.6730114956,3.4451257802,34.292236020000004,10.9781701494,0.0,11.845312394,470.7439323772,62.88835562199999,161.4699556678,18.1361125904,0.1196311752,101.6936743798,17.4139136522,158.90709713400005,1295.062766582,0.0
228.4057772574,236.02643858,323.9474590404,67.9824522,0.0,2.039618388,3.500034332,0.0,0.2333709758,233.92895976,30.1537612236,4795.9391982556,0.6193331786,104.0984501392,118.7074383,82.6128507562,241.5020993934,188.7892910192,3.8913031848,0.0,0.2430387038,0.0,37.9265203522,256.60822132000004,0.1421006654,122.98730238599998,1431.829724798,14.769562258,161.47649592,6.333868357599999,281.31974157220003,4089.4990404576006,0.0
331.3395942458,28.830949012,441.017773538,0.0,0.0,1.9886612358,58.7105529316,33.259773339999995,48.6012289578,170.609675546,2.1387638034,1684.0269860275998,36.561908540000005,417.9820677888,4.831077690799999,1.3443706654,0.1484099207999999,2.7363532664,0.3024012472,26.6821839424,202.0761158656,129.2453061832,0.0,64.40613426,13.701460252,64.65118963500001,707.6922027306,463.1172134,65.29556089479999,9.6649248228,31.770767804,451.9582585403999,4.50120159
2030.5797342706,4091.6350061308,1680.926487947,274.1282916624,9.351038776,220.9589357978,53.9193603106,327.2161475618,4.8373732056,2492.904768847,160.7455015402,3580.089390012,9.8946980318,1759.0480209158,1815.38173749,734.0022757328,1045.6267343646,1898.2451617032,143.06844044259998,809.5945632412,603.0321812571999,260.91936850419995,333.0873446238,5521.345623758,1963.063021898,1566.3073037204,7458.938213539999,392.39947176,6439.6067614114,72.0798973376,2296.378190496,7287.427908018,3.1028221194
465.1301939,4986.155553218001,3035.5677080094,417.51222010679993,56.8303770282,57.82767440600001,247.7968394154,26.837446225,81.89863562400001,4538.3011948,256.430103239,21318.577580200003,133.3489810982,1670.14521933,1750.5916270184,858.0868263778,1840.0332783734,1551.074718628,311.7068537948,1076.315756868,207.3654655074,82.21927424999998,370.767392924,6727.830174436,2779.872864938,2244.97065281,7704.202038813999,128.6450453912,7122.5821615,464.4590579774,4155.508112846,12168.3895016,11.7435643734
2824.9271296578,135.7617856494,1598.0298754894,36.222049306,161.6109980446,293.91353714,615.3800387012,91.0734349422,99.1674738066,136.6968530014,13.919511962,11608.57881376,687.1052747516,2378.4865461774,47.2220219898,23.4689044896,249.5956548642,294.0478720144,835.06128908,0.4164065278,1024.2963622346,226.35584916,316.57950594,136.1890306752,13.8835803106,58.85739808979999,648.2114472018,597.4437770853999,75.140811034,1295.8246218952,201.6040176098,14733.9487723158,32.149649762
4808.020253172001,366.2644647928,5222.1808694,77.239283494,247.2978384478,1000.857294704,1265.8488411954,262.86546676,260.11394833,580.8066309394001,50.478990725,11339.000600664,5440.89751014,5437.26461118,238.564519452,132.0123013256,794.7050561185999,580.2711963290001,1369.484041046,0.1171041948,3193.7227737966,697.9553128956001,502.80212948,392.3388466282,19.648051252,252.3727992348,1125.3829738252,1047.7933732,397.9409658374,5338.7133570000005,644.232707625,14230.668535736,103.6389117684
771.9894913830001,0.0497278714,34.2268877378,0.0542342786,7.384874436199999,38.0213036252,91.4338065004,70.256424396,80.757167822,0.0,5.2189403668,6.1142454796,2631.517487834,862.5839530116,10.6407636614,10.7039265642,46.681242934,67.3452355574,40.0508669634,0.0,1792.812324518,120.0860894768,26.42131966,0.0,0.0,0.0,19.509159176,238.4766381184,0.0,2266.90540838,1.058683832,189.1950825618,13.868932322
3629.597661064001,1638.4582734344,6078.4570557524,272.09573318900004,150.51807902000002,1498.416311459,670.0813327148,363.769406932,308.993916662,1726.849236376,225.157949051,10232.9199015586,958.3637158172,2478.5283488180003,1980.1026417342,855.8398202492001,2503.6298993718,2620.004923886,1290.8445614722,156.04906448,963.9192636628,1019.713713914,999.3865495916,2735.9182161,735.828137875,762.399640481,3358.1246534292004,957.2742299976,2668.8725457600003,1097.189684502,2688.9864156000003,14427.392302500602,77.584805616
2820.8223228,22.740402774,6564.7317045400005,176.386449126,70.9370957646,1834.017775986,433.09364147200006,195.424894462,1345.738565982,318.024208736,85.8970864432,8920.16256856,2130.5669798,7487.308889839999,494.6709806784,275.2966022482,804.2277717148,944.1657290836,392.6560375994,0.0,738.96435218,752.076054822,276.6328997994,22.217723989,0.6626529158000001,83.5867107104,2484.017021676,777.60339365,191.2702872908,3180.7730962,890.604005926,21237.71426656,98.9942368432
4357.7278657588,1751.6061727387998,8906.757808063001,26.9335274246,31.6247814,546.761974796,111.9490181472,26.1606673106,1211.7298686999998,1059.950302715,108.3412499208,6359.3907711,180.8871700048,883.94627313,1147.3141191246,506.524709485,1563.5706771465998,1287.8733753762,637.885028024,0.032603921,1581.47717802,32.186977173,648.0879768262,1711.9140100506,80.4982271308,632.0418118852,5635.60361172,367.95967562,973.9136178,1164.2279446654,960.62345796,9235.677907458,0.5612903224
4257.93309088,2877.759601026,6523.54810514,353.83931990660005,66.3401086156,863.2026440351999,689.364650312,54.10891152199999,595.586740552,2667.484922394,162.5510319492,24872.225526,511.823007236,3498.02521196,1690.6330757426,597.6708188532,1390.7195812103998,1489.307155422,822.9464623558,666.7286687129999,565.629742934,193.32317835,604.7410308912,4415.838616929201,2527.8996775452,1227.834986762,12057.189058666,381.5094423016,5201.0676308554,1041.92349284,3475.9062193322,26414.5803302,20.944903031
3302.682081407,24.8079137998,2485.6493663598,48.8605132362,173.0259186622,964.8583230654,959.129557774,249.04336752060004,80.380443352,115.4486841066,31.1844730502,6623.378438068001,2405.9617397,4270.5809413764,163.45753084300003,104.3928910226,261.3999935306,408.5348074846,728.2605699494,1.503080458,1620.766037878,716.0171457125999,236.6895887016,47.866132871000005,4.7203056064,24.7624927404,607.431935358,849.8012836130001,33.0518046684,1624.5621817,236.466202291,13389.2645686212,111.15425836
4392.865214660001,376.4679617,3956.901847291,16.610175400400003,381.1503242,2372.0134427236,1016.351830422,355.01764811960004,1448.474366124,111.29119273860002,14.4736212078,4915.4630049140005,1249.398749768,6125.2749612514,199.00049641,42.726287832,255.83543021060004,553.5446584192,1050.389844352,0.0626783059999999,2620.8384719,1158.761001989,301.1413353142,168.37092499,1.6781996551999998,205.0461847,1599.4795295483998,1039.837818748,47.4381714216,1305.26754308,134.4103729554,11472.820141416,129.7075151
3642.24503844,61.50331224399999,9753.93892388,63.3634218274,127.07119482,2742.1282099064,708.912275744,237.7280297318,2297.50173866,393.7232585956,24.4005416466,20216.6643496,2568.0322401000003,9793.7779782,137.2700077782,58.5868144802,651.2579850338,506.730984416,528.5775541524,9.9634241296,3879.5316776,773.9877237486,279.3004597014,206.903725488,67.7619459466,85.864655402,2766.516202436,784.396628382,181.7880466386,4605.4294186,413.1464921138,27659.508277,126.4345573568
3300.57465732,59.5327607644,2088.72036266,76.7873239958,176.8926021484,992.6681232168,985.37629088,267.54341,2088.21617842,228.5688948648,59.2646703882,4868.69994206,3188.92682936,4248.255481062,260.2201869054,130.57471541119995,548.3709513234,522.9544924260001,780.5995641359999,1.31309274,2647.8831002,966.41050106,354.0007487004,131.5508499066,10.7807765296,46.4735575932,620.678905529,1074.9719620560002,642.8286607564,5071.085017042,453.0617677628,9025.20663412,124.29774332
3495.77407222,122.4633250492,1654.444638858,3.1762710774,32.199542263599994,250.7290718612,72.0186070724,55.1291395424,2427.59928152,153.5794678316,2.2053323598,11639.5453436,2174.59584708,3029.0589419,5.8699028374,3.3422902858,152.7118662956,58.295968074200005,161.4835529172,0.0,6397.0534146,114.2853398918,190.95649916,118.6376097994,1.0323946106000002,156.1452602624,383.148007376,391.239416364,40.2791631592,4293.0476770000005,93.372332029,19891.5089849,7.665066870000001
6152.22171982,637.4851691672,6125.50807662,182.9519175374,175.324951942,525.58790748,1202.116501974,248.64071512,3396.55075638,1175.4229824084,103.7563560268,16439.42179806,961.924469796,5273.478152,756.708791683,333.593551532,1794.035996792,1550.0298617232,1101.87600084,122.5518144518,4678.31548932,729.39301948,654.820327698,1218.6776658636,161.31972144280002,474.6038619434,2211.33675932,1440.234621782,724.8218577639999,4694.0871498,1240.58558686,17946.5812906,107.503310956
10719.32607244,688.9425204040001,4035.13510136,287.5368951138,35.581084566,152.42841674200002,683.5857844079999,171.5463010384,4095.3529906,673.16901246,20.499962938000003,24806.050256,1114.1547396,3263.7498454,737.8644487560001,147.2342322188,344.66158526,421.58764532,319.3538875396,10.264830452,2902.9871414,282.1173914432,132.81477738799998,930.039914696,224.62964516020003,220.7581217172,1399.225765824,2028.389147258,421.45877924,5508.2995498,2024.276587192,36531.7333912,22.7798376352
2457.16816102,2894.4303694026,2856.811965504,251.34931032,9.4615169172,683.222763888,81.59283444,45.0353329508,3893.8293104,1826.1729496486,33.3040859778,14520.4994694,4420.7316208,6009.4602136,593.8840232334,172.6955783206,984.518561561,1134.3991011044,243.6438496732,385.8916344402,4316.434197799999,137.1679073238,585.1485477223999,4118.8893523834,1534.8140756448,1481.5021558812,4020.7172034212,333.292750632,2423.5261016778,7540.5266242,1480.4192470854,22182.23813,11.7193912036
4419.71697492,459.5920738512,2519.775415614,46.5640370678,158.9051235404,884.13160699,901.25795382,327.991496286,2845.71449288,544.6655364354,23.8880778142,19338.1873472,5416.5252504,5918.799239,342.7699840568,155.72167867,248.6541957516,452.901492796,680.937471286,11.2549863802,8165.2725046,715.854483778,290.5375973322,471.9104636456,30.8734086442,331.42398221240006,1841.980598106,1095.40933656,474.231619382,10244.8884606,410.298831212,15978.952583200002,86.3950660326
2085.41032494,412.42688819780005,126.369827001,71.343119089,2.3697466222,16.3546815186,147.57763400079995,41.0546877704,5740.1057604,435.9234780322,13.3351029998,15349.8262222,4585.4948638000005,1968.16886452,232.525000599,19.6084226542,5.1962541876,86.344253968,55.168604435,34.904285151,2687.21521974,49.4342845512,13.2454625932,49.645941584,8.829570230200002,139.228995094,170.0804522688,451.885714226,173.2010449672,5557.49605,322.9087809386,10124.30364048,3.5317614164000006
5279.4865602,516.360071558,12349.5053498,221.83067918280005,404.0324516404,1625.209587002,939.315754206,520.6714835586001,4309.205219,1053.1447799020002,231.1973184512,29345.20138508,2544.91172458,9000.756511200001,1918.656164922,742.1527392779999,1986.50802464,1640.60735816,1303.4599709400002,221.7171838672,3508.0442828,1370.716339857,1025.76521866,599.8268240599999,361.1647929962,824.4807147511999,6287.568807000001,1076.11128086,2548.17865406,5787.5717738,1700.1315931,25083.50151872,114.3874801256
3220.6643710820003,3525.051291752,7143.137495909999,215.7393190774,412.0363221616,1619.2797673359998,2215.122899133,211.01081823,4227.97438226,2831.8132339306003,249.61392713799995,1074.9681125660002,6012.89798,6778.5088372,1091.960968662,627.19526075,2026.3802761494,1459.413492058,1655.4022455098002,248.1998797416,4861.160664716,904.0210430014,809.2700168344,3356.72100266,1741.676182668,986.6287234653998,10974.443679446002,1358.191172238,5837.245919221999,5368.282064999999,2428.9780693962,6187.33820756,213.5114981218
3576.9111605400003,600.9002778894,3529.46006596,76.36702858620001,56.5725418782,370.17163449,625.511857692,52.8628216114,658.761736062,56.813113362,20.077087700200003,8123.6143944,6157.8455052,1784.57731116,319.13335340800006,206.79951865,685.627147358,838.46196012,351.92605578,92.0517329502,4134.18228182,275.870172688,190.7917798422,1420.3778656446,48.3056562068,59.01279184479999,3684.28560576,1168.021700484,496.019102028,4041.2926412,260.43239593600003,13714.4259784,27.415774905
1057.75945052,1253.443432636,1015.511439916,500.265802488,1.2508062386,30.8688167714,24.8735315662,25.6430524664,170.72016642,2118.41403422,22.6806391124,10782.8354796,1114.76124262,1029.8221373,1075.615758602,224.942917552,827.147727048,478.9466603018001,65.704511469,147.33577283059998,1224.01610308,5.5204290238,528.0451742084,1290.74983121,621.23525848,650.23173942,5228.110498800001,113.69958293,4925.05318014,757.2658937799999,2619.966821,31432.4076444,0.2263545756
21.1218545922,129.15144700180002,8830.35010244,0.313199879,0.1215679306,203.1314337034,6.1551051998,0.9202598488,8819.209266,25.2222183044,17.8631535726,201.70668447,882.7719536299999,6253.8390068,129.131540491,78.62178840800001,30.4533393112,84.4121173888,5.2588577006,304.57067704860003,339.04296486,2.7110661212,4.0601239452,296.7230894498,663.733616078,13.081094773,1996.85635032,9.1061687296,4.864376689,2370.60866522,10.7730355942,129.688243768,0.4598474019999999
4283.9377740398,526.6007952118,8823.277328600001,52.53381660839999,157.1614950054,865.98061438,528.258937198,253.858312104,7518.8353252,513.481892979,80.992275785,7230.198129753599,604.9367656279999,6647.74262876,433.7496872056,259.3289059636,285.691577131,840.99822494,906.757010941,642.457559222,1547.483859146,476.5688927236,500.56130426,859.182481777,826.9767491664,193.41546548,3495.6027907,788.47905887,746.426674348,2684.48434382,886.9560766991999,11144.91702036,29.243875214000003
8921.78870062,1111.317051086,12874.973341704,67.7016139742,11.9612970794,572.64949325,181.3886706952,61.39352126800001,2002.965354874,693.245031088,263.410501488,2220.4509023538003,5437.9223838,4327.755064880001,2209.95016272,934.2384572,1378.3757557,1782.87342666,399.6054193534,166.0430796182,9170.251513,106.8860033206,251.6376465952,1412.404295138,464.76151293,391.7531071186,16395.113142399998,487.905305892,5432.99827598,7813.216544,1756.052998608,7430.225257792001,12.2125729744
3784.9671659,689.85493747,4697.854140056,8.9222049704,28.914340784,618.3635782764001,754.383190193,265.5697503878,287.0675187,663.6357984816001,161.1085234446,455.015869916,2788.2574614,2128.2670569,574.5615634134,313.6681015954,1610.4068891256002,811.267973388,697.6097198534001,416.8972205726,4336.14358976,503.3083866602,645.2495861067999,1001.63541608,744.8087187742,278.7756719404,4654.504188984,1072.604319683,3293.5562089024,1786.22260478,352.75550061580003,3244.0655362388,34.13825820000001
606.07752402,892.466407212,1096.90284946,0.497574045,1.4947267752,460.754138632,6.0974754496,162.59817619979998,5181.705484759999,117.597595373,16.708377395,3224.658618,5129.833793,4516.225414,39.161763702,80.89310477699999,54.2599061334,98.6137582618,3.3537625124000003,394.2083282894,7758.73138788,79.5223570482,11.751890958,1034.959444995,400.41748137,258.49087942459994,658.118507512,42.7228530034,33.4377926806,5308.0127868,128.1990652856,4670.011392599999,1.727694825
2393.04428176,98.798010712,4005.1714128,8.1094394464,45.283842076,1602.606328756,433.6478400774,389.8127012166,1315.668385724,30.434456615,0.872094479,1896.3518665900003,2351.96092986,2780.73120614,1.3121009784,1.0447108394,20.9728891298,3.4892534585999995,139.8597868022,8.3676760526,5034.8775496,531.9611514352,1.343668402,54.4706266612,26.506905715799995,125.7467567232,516.910252272,672.341040392,26.4202002532,2346.0889974,152.466343584,3273.60494134,73.36731751720001
100.67192081,1.0229279886,221.61340973,0.0,0.2993528752,166.15318109,13.5091619194,0.0,3361.1302767,10.9319006982,3.8979402916,1400.20852784,1060.661654024,1843.8234036,11.861528797800002,3.7737804234,27.7937377536,4.9512031266,4.7710221354,0.071161795,1276.86611268,1.7057956634,1.8507464044,2.1245086974,4.2339630478000005,0.74249473,615.1076112316,17.8951348844,6.539548947999999,1095.17148448,10.2955897002,815.11391744,1.0749477339999998
65.421124648,431.242108978,540.151426902,0.9106648498,1.3022703388,50.030418232,7.0607030158,25.9651945932,3052.72555336,294.464870551,59.115019469,193.204496968,748.9110595,2200.7961616,62.229728597400005,173.50092796660002,681.022701611,156.2335225728,12.0767731908,159.3692944296,2592.64190734,2.6181822584,2.8784184956,510.6608696584,163.08106870199998,59.15788701,2007.468143572,28.5030697076,301.8696877,1908.98634826,211.3768902232,461.1840337800001,0.1228192706
78.87359643599999,53.9110079684,1490.46621627,0.0595940628,0.4285392343999999,23.102031065,2.5781761668,10.6099915706,3105.31793226,33.2210063594,3.1111488288,308.532630268,966.51716654,3063.49495906,2.5092978998000004,8.262893993,18.5111902074,10.53469449,3.0570513146,10.508457215800002,3088.54258912,5.4680877828,1.1081786052,168.8112561212,48.677335229,0.488504121,1445.577334526,13.360755739999998,4.018103183399999,2206.34195202,0.8452749288,193.469542642,0.7108118327999999
382.601311956,688.3108809504,6852.45065016,84.729188668,2.1462258722,536.253483164,8.8185902786,73.41569175340001,3449.18548148,486.049192468,40.8556200652,483.7218138,1341.26559019,5652.3559294,615.6434528635999,659.885722519,20.0102511762,339.4939276192,7.141317485,75.4404783578,2814.1907122,50.2969831932,2.999307884,1164.3980984604,426.241511393,110.4324276718,6367.111069836001,33.391529852000005,356.979895766,2587.9589314,389.3383521232,1470.530929256,0.4324584264
1034.2411700179998,262.711906334,20347.0146898,1.8797462788,83.274186534,1428.8868879,149.924047254,109.173702688,8458.1797172,259.45033678,43.0356118614,2631.03785286,5035.951036,10140.6632456,370.934354614,88.688042044,2799.959111208,606.304998626,1043.4295355852,220.0332338946,2339.23401796,195.1516147082,718.8727002541999,561.306387814,280.9842259,97.1781978638,11357.30664692,129.2034527274,493.563966488,9877.920180600002,148.13658749,2030.75682664,14.554744674599998
453.6203497036,29.023567117600003,2124.06137438,0.0,85.1704379262,561.6323759879999,330.29159299400004,131.9382150028,3803.51109918,0.3451714127999999,8.560130254399999,83.595236852,6105.1966988,4539.769356,0.2423929072,7.837384036200001,30.9830337906,18.643484553,226.2273399468,25.478328030000004,2178.14332501,405.107368334,94.0495551276,512.076919696,41.586708385,0.0636293422,178.0685633976,348.34341366620004,0.71364911,8028.589034,0.4731360215999999,54.90877484080001,46.503930251
944.9613003144,0.3650782364,513.369653226,0.0,35.1992734222,229.790242688,150.5424554238,22.9236563184,769.1970611941999,0.5946753767999999,19.9444405964,437.318597746,3933.576989,1847.0864409460005,99.3924110368,114.5841577362,12.0099019452,72.817327292,118.850249956,0.0759427662,3481.81606507,153.7432806566,6.931433655000001,3.0111998464,3.349923767199999,0.2808428462,764.546119576,137.8173520176,7.241152520600001,3655.0453382,1.010252168,341.067088488,25.6584320534
1880.56512398,154.5235760174,5071.451593886,0.0,18.004320978800003,1151.451744008,25.0481122182,380.323676678,3431.9744116400007,16.0619077724,74.1595656348,47.6163446388,2004.97644128,4733.47741998,164.7703649628,373.6015918646,208.6032957354,461.088498956,54.4392194718,254.026806494,7824.680838199999,241.91458968580005,15.3916582442,1131.63847166,730.2637771674001,6.5954144694,1203.907574346,545.9682083538,3.1923034002,3535.3919386,0.9298784988,486.42212829400006,3.157589088
1787.2243983042,0.0616407556,15324.7272826,1.481797405,145.0707017974,904.636231788,533.184223732,232.7503165822,5010.9894772,0.0,60.0990772878,56.4954039482,1902.23755454,5776.631282,106.6442575092,146.2426121372,2174.638672382,786.1431121394,931.187321184,1.3031109456,2768.4798713600003,684.6274788441999,684.0649614248,0.2230578782,0.665836366,0.284210189,9634.4383632,821.37476502,3.874108651,4385.9735676,8.826067695999999,902.9793624,57.81592402079999
3118.409391434,0.881069378,3903.229211,19.2302652338,148.5245980118,1928.46167742,957.67320172,355.1513819758,4213.30625476,5.981960049,42.1567353372,55.46819596620001,3966.1890964,8199.1837194,84.68456803160001,85.0304644892,543.0152184026,485.8333450206,980.327601906,0.083588886,4091.1032054,1295.1932012578,480.2343042524,4.537900995599999,2.5218213572000003,0.02835109,375.33341311,1311.506237228,6.2020153632,8347.1382978,42.9220169978,1602.8114685366002,164.6245047006
452.7721661714,1.6589871584,4066.30624204,0.0,60.12707562799999,277.326689395,301.03536044579994,106.347791728,1680.4827277,0.1608290006,7.852216834800001,5.5192078058,1956.65889776,4481.8710512,4.7133066898,12.980284123,495.1384309468,99.4583008126,502.2988508466,9.113393588,1406.618982774,268.3796131994,365.7555696304,12.113315935,41.77398173,0.0388881766,2405.6682293038,275.32662308,0.5525820178,4238.2012562,0.8429185218,145.84164686859998,32.7669375994
677.1444884702,388.0815422604,18056.70516832,19.794004593,40.4392666872,759.808607184,245.66667968380003,73.2719145518,2337.536749,167.811867428,219.49521545860003,683.6587158828,1095.916555446,3046.643291082,764.9569659394,588.1315640775999,3464.7062652558,740.3478714810001,682.7577320786,997.82358296,605.23066174,241.269945032,708.7031763278,1424.7194972342,1742.49656196,57.27367624000001,32592.619205274,256.2840406082,2051.5107638712,2301.52196966,295.617988602,711.1293683352,20.4948815316
2082.020487078,882.1128944244001,1468.25114048,111.4813823936,64.51349492199999,473.141633538,315.6479438384,143.44085385479997,4191.6707642,856.9231301064001,39.806787164,1354.5322606804,2149.7284950000003,4863.75143002,263.712518238,130.1615589788,407.1228605848,461.5831637152,360.784341906,126.64295621879998,2140.30806026,349.4215864082,252.8131641156,1508.4644128,447.2792423548,363.63636042,986.2557525804,678.018277998,1186.5357265326,5080.8708368,827.2787468176,3134.1590771788,36.7104971978
21.9753449752,0.0,575.59344078,0.0545999848,0.028117598,22.767624265,0.2786411066,20.9701349338,2303.20430156,0.0,1.7072422864,1.6632678847999998,477.08498904,3231.7419746,0.0956639504,1.4400802712,0.5377247774,2.8433906336,0.3181448026,0.0,400.00094946,2.3528690286,0.0837926376,0.0277183958,0.0,0.0,25.7096008316,14.0861331554,0.7714921188,2165.40319546,0.6083415494,3.6008447586,0.0
405.2300999292,0.0625959807999999,186.074134375,3.047863318,0.0,0.3208900038,0.7710605446,0.0500666493999999,864.28921022,1.194070372,3.9484612088,4.9816019188,297.4259364984,373.624403352,0.063720852,2.1564680612,0.4632059052,6.2268650896,0.7916525520000001,0.0,33.693347190599994,0.0,0.0,0.2152938536,0.0,0.0,0.5162386664,0.7601403536,0.9485176674,724.5101468,11.943640644,506.511459001,0.0
133.1137997512,6.09967977,1318.37942786,1.0881285428,0.8819826244,74.2770050804,1.8733056318000003,14.0404727334,1418.2425855719998,8.458775253199999,69.6160385194,9.3918716592,1901.024376516,1782.733864124,162.06105688,164.9091159782,527.8380073636,231.7032270198,57.858943999,31.68714012,859.12819514,20.0597360172,97.079169726,52.48399374,157.78455266,0.0596866678,2575.2551165372,12.5577021016,139.00808595019998,1596.46297118,28.5966311944,68.2349002272,0.0477477906
3572.527869506,219.00972533140003,1526.092556542,29.10785376,15.2396805052,257.6357266346,142.63930090600002,31.035728006,235.220669636,128.7223508166,1.4755841464,494.8527518862,98.5843234828,1763.1591692319998,123.0240394844,20.6157435858,60.255397392,156.1640181018,89.53490611020001,122.1534651078,796.9150323399999,49.3751455904,38.6139293152,379.743418898,258.0034009434,67.83178986,1008.6274004199998,370.4035131442,110.3422386208,454.28153928,135.1693555684,5886.1487836972,1.7417785012
6.6453177932,0.2708733354,719.1652391436,0.0,4.058221927,150.48044056479998,26.5173981794,80.1081840444,50.1041891256,0.0,3.6704788478,2632.997428089,26.7983357376,850.906205972,1.6825332552,5.5158790692,46.1358293632,4.6587278932,33.9674767398,0.187898118,443.3971026578,97.59841017,5.455340206000001,0.4787831409999999,2.263016522,0.0,118.699293433,14.89213072,1.1220786342,495.785007698,0.0,473.6991579940001,5.528602985
37.6409059766,0.2515326522,1292.317414078,0.0,1.5122624608000002,108.27587936540002,4.071231749400001,12.2764992906,3.2072964172,0.0987196652,20.968009288,449.84679534200006,16.7151099998,283.060007816,2.635883422,21.8009731468,284.98899692479995,67.25602729020001,99.526570081,0.0,48.130453616,17.5360349376,118.87982182,1.2558385662,0.192227242,0.0,769.6844604723999,2.6873795916,0.6205600844,20.439027748,0.0,50.2926625686,3.835193406
303.0151826056,51.209684513800006,2408.82971358,0.5504007508,5.9221658856,25.570980714,27.3056822684,4.6249876916,193.659947904,34.2450107864,119.51430493760002,2207.5639552556,0.8353707004,756.8009813758,186.412223602,289.6319900888,712.1635080131999,433.3070249112,122.3563643118,32.635555354000005,12.0022976966,20.396844077,185.769991992,212.436576988,61.16370203500001,3.9040414572,3691.2117693654,18.3118908116,512.07958636,115.7992433714,75.10372421299999,1816.41924889,0.0
172.81388623,274.382835526,81.5596883822,42.745474042,0.0,1.337842242,2.6752973198,0.052331466,202.9261030938,400.1671638318,3.3320092258000003,9810.28476202,0.744280296,54.1449673842,19.401023526,4.0371392176,27.1510178454,15.7283501404,5.5251140582,322.40220673,3.0723730456,0.0,9.9506792656,672.7130394744,654.520761948,200.849140206,46.0855384648,23.602692021000003,131.987591028,54.7932216316,362.5488731842,9372.416998199998,0.0
1104.777447854,729.472796295,389.19655673,75.0259495212,4.0744611936,0.0283089224,21.7195356672,1.9280348282,0.0999651484,482.852824376,43.304957516,8095.246658946,0.0,77.082711939,359.95449022,167.1494401374,391.777807542,426.2612888362,26.8609942656,326.0824990586,4.3122952322,8.9058984006,63.8278367784,1275.8034985742,760.414822944,301.3347633433999,2501.9535803998,71.13471242,848.854591968,2.7241644594,580.194974046,5941.3210206,0.0
702.9224268948001,2153.905944486,999.1116663903998,145.3809162956,50.93070069,40.5067150834,91.1923381286,31.880813940000003,1.379636168,2017.92437562,46.830808269200006,23030.11153674,0.0508909521999999,42.553247389,220.329091752,171.2543820698,278.6414373852,369.3497827876,98.1985548894,231.29459796,28.5252277574,122.2369297872,5.417013504400001,3025.3436602418,914.0596060864,860.1067927800001,1581.122058884,172.506722496,1823.5341319192,0.7602985304000001,1507.9966919694002,12445.96314552,13.334141516600004
306.654399066,447.0542997296,293.9634778984,8.14442784,28.814549636,62.1176846036,105.978345034,27.083121749,0.0,234.5073605234,0.8133369680000001,8907.1768858,0.0263443113999999,38.043149851600006,0.0691056358,0.7260151908,39.655034268,8.8714330952,68.215592694,23.4767681158,21.9702626602,87.253056136,64.12916474400001,951.0450230620002,177.65975606,123.652450878,85.05952205579999,125.9937010476,185.830581868,2.115401898,133.6454825368,4332.6116736,7.340804966799999
124.562747096,9.267983871199998,0.4524888484,0.0,0.0,5.289706282,0.8537747365999999,34.8480968046,1.5608113486,0.0,0.9665886424,217.175303304,0.0968463753999999,29.1316043316,0.0,0.4659011085999999,0.050149765,1.315718696,0.1707456844,36.231034567,46.559795484,47.363501224,0.0,69.236818485,59.46388408,1.609058993,0.0,42.825296586,1.8570359904,0.2440570135999999,0.0430509952,27.012763707,0.7524379698
91.3233868368,14.929177367000005,20.6241720026,0.0,0.0,47.3630633574,9.793422071399998,103.393662262,0.0,0.0,1.0044758846,82.9613220688,0.0,158.895213792,0.0,0.5337214140000001,2.3153805054,20.4516045454,0.307664149,0.0,180.960521452,167.5731933752,0.028462145,22.83018556,0.0,0.1809856598,4.8718546074,96.6376240276,0.0,1.6555884345999998,0.0,14.24956174,7.4880171644
111.744635759,157.16675006,59.804744455800005,0.0,18.0067355718,54.131780055,106.2638219992,65.5675758098,0.0,8.309067086599999,1.3800461756,237.026633473,41.542322617,209.6097194596,0.0,0.51253169,2.183195199,4.4160995932,97.911026826,17.384746106,110.858362948,153.389665142,33.77057617,403.4701622838,60.1582936442,18.7544058798,5.172389882,144.997292378,0.4380300562,55.3371173408,0.0,45.1916701004,16.2509250428
23.5948451196,0.0,687.0426150000001,0.0,3.92635563,67.12267990000001,11.472416222800002,5.401329979800001,40.64219874,0.0,16.8139483366,11.0643402902,0.983977193,149.87556003900002,8.218183331999999,36.0881519402,145.46608184,25.3005221704,22.269761107,0.0,25.667596812800003,13.843134377999998,12.690734778,7.894189047999999,0.0611271118,0.0,637.6728384,29.0008983184,0.0,21.094351217,0.0,1.4583616852,3.01502375
1683.5839290787997,24.1678744798,522.7847314464,18.8939269268,82.481616662,98.409304694,372.67413748,32.336480872,139.4142936,66.78112212799999,4.1640707908,1631.3645883338,438.9683784938,460.097205718,24.108248836,13.2037488766,126.48388581860002,180.5419054824,385.39935931,0.0,985.55151334,150.68331512,171.55136878,81.89272088380001,0.0448364238,19.106941502,39.078923088,395.38323172,5.606550692400001,357.8077844664,104.0413061882,5080.881493686,33.168563312
828.51016506,33.8566886844,139.1153450184,5.5817776802,18.0263091336,57.8232627322,129.816750122,51.807701714,106.94027606,44.5186282248,3.6786807412,120.43910901,29.521058916000005,162.038924008,13.169337774,10.131868805,54.427269156600005,98.7094575066,131.67273624,0.0,486.4483549068,121.384167536,104.8173709908,54.7218162322,0.0,22.1929429672,51.0013047898,186.63894517,4.0276532046,58.09992628,43.603776960000005,971.72333895,15.793586264200002
131.14424636,0.0,7.28153205,0.0,0.0,0.510398565,10.992187376,4.59761601,2.3966150888,0.0,1.3155496035999998,3113.0567818942,0.1400201046,6.974625745599999,0.0345527258,0.6115089238,0.0939068369999999,1.7931634482,1.6141696193999997,0.0,2.494147754,18.105093056,0.0,0.3607548963999999,0.0201958208,0.0,0.0700231772,48.30209644,0.0,5.86482173,0.0342367408,1478.7229194732,0.6555025344
339.562848304,903.0774468471998,251.3136466922,27.884757967999995,0.652398846,1.4527046952,42.1180540468,4.6141733196,2.297589712,557.87347352,20.3840853856,9352.36892754,0.3106562739999999,62.5503328682,199.7308759024,45.7449503152,323.6881145836,196.2623806698,88.6541801848,327.5145110052,17.543714941399998,7.464365216999999,145.625494392,1893.330970975,633.3114742959999,294.41020633999995,1621.793607931,21.2308877422,914.223633939,1.7869208386,374.83799422,3308.019481973,0.7344835464
592.35887298,157.4845356114,503.3309571379999,21.0488275346,30.950359084,15.4859699514,146.13232609,11.530137464,54.1866375892,215.92161631200003,11.4249436454,1139.6763719974,0.1034819425999999,214.033946489,41.9505492228,21.3583717816,166.606900044,124.103431616,227.926575562,5.626163246,9.4146909336,46.7914934898,189.0094774392,212.3301446462,33.5097569992,80.70097492,241.855119036,132.611105804,286.684879265,95.0162909536,210.8959601342,1459.50523037,5.829152929
264.10464644,277.616480964,19.034213059400003,4.4323684358,0.9832199852,0.2713739266,38.672033725800006,2.486975819,105.76289380800002,189.61602162800003,2.218847156,1185.924997837,0.0,126.2741052472,2.8895012292,2.5559386546,1.929252003,7.430875808000001,22.23033726,81.64311959,16.16288961,4.626044445,3.0738232646,540.9454393638,209.1999116946,127.61066171999998,16.567032774199998,34.544677517,59.5234782828,32.4001424192,77.1730594082,890.674089711,0.0
44.4830895642,0.2069896567999999,0.2506164384,0.0,0.0,0.0,2.8108009866,3.2546874184000005,1.6458940412,2.299317694,0.0,2.0933795566,0.0,0.6777475498000001,0.0,0.0,0.3882956736,0.6156348296,0.1186127197999999,0.0,6.7539776372,2.506525422,0.8447135566,0.0,0.0,0.0,0.0393022084,11.362771308,0.0300493504,0.107572888,0.0,27.797244284600005,0.0
117.3797551316,40.4784373646,9.842925139,4.472584976,0.0956774508,0.0794695434,5.4840099056,0.0,19.4016990626,39.374648816,0.452879752,1486.1621106238,2.790371434,32.165550514,1.4692531752,1.8544721212,0.0851499678,2.399176802,0.346782523,0.0,0.355454026,0.0,0.0,64.2299409654,0.1045205841999999,27.3861659406,73.1870568928,21.776329519,1.383911093,30.47414503,28.150862632600003,1916.758364186,0.0
746.35849912,220.907365436,805.0287007902,84.1247700222,0.0,65.52077930840001,21.36808852,7.1073304448000005,93.73319769,429.488380424,10.426906366,16308.5206944,57.877130146,251.8968689104,155.6872424998,40.1106538506,108.2457253224,135.61559797299998,6.2713683606,138.736817734,13.9812561602,6.211645713799999,4.8937204618,416.3965930716,239.805063325,229.5731675934,1182.0016162202,57.5419597458,287.1800752216,135.261583342,494.901324234,15831.9354372,0.0770495894
1030.99895698,2250.204684384,912.612086618,209.164530974,26.6271199578,45.6408501308,189.4466722392,51.76219078199999,145.95041367,1773.73750944,19.1411481244,14366.7666832,8.7944884554,503.149666402,289.244903502,76.90117196039999,174.1297363348,332.55935666,198.474364934,575.3197053258,61.906604387,85.4706232092,147.76197392,3391.687245944,1407.7537208606,980.924138854,2591.96527672,264.94329737,1643.92597088,73.73964704779999,1525.86939098,12591.423658,6.462566552
351.56348632,24.164834317,412.54200176740005,2.662045486,23.0689844494,42.0472008056,144.9502207306,25.0213072074,1.4688233670000002,21.9990814734,1.8432648932,139.4205607722,40.65467757,230.45735963420003,8.017520993000002,7.077909269200001,76.8012291098,31.6915251206,204.2424379474,2.396837432,21.731450086,43.547249852,105.1588973508,32.8415287768,2.8877893076000003,7.500873467599999,75.50500094200001,119.967972976,21.1337977686,46.1806269838,19.7321878626,246.989046388,8.089635646800001
1602.14824726,164.7607543614,1467.3720547762,45.692050388,28.830020714,299.59333135400004,142.611819272,72.75665819999999,174.49644808,157.3171659522,27.5295851614,85.43992836780001,600.9362252044,838.5100212846,199.67652879,100.773714418,427.1693494352,366.013349926,216.047156592,51.168113866000006,95.6133567276,216.0131689816,173.592708828,285.58431382299995,143.5888690024,51.49873156919999,1553.2455902153995,191.087494756,353.8390396916,585.877600648,309.9003839308,2185.475220476,21.3276159114
85.7943469866,33.0165316746,158.544117331,0.3151140698,0.4267547122,16.800465154,34.57160382,5.74984629,120.667372888,13.373687490200002,16.310192398,170.5746734866,254.0408010052,771.3637802874,12.7974701198,30.30037456,34.833727948,55.387258837000005,26.08728596,23.57170092,285.315501391,13.124564412000002,44.45617785340001,120.3168781024,45.6906635646,8.835790681599999,141.565690878,13.8111910184,3.3630674454,716.020465652,2.679082052,318.612519654,3.727764412
1075.405858024,21.5924624288,235.0722493576,0.0,10.65304105,111.262750822,157.9350123548,21.711644412,140.0520328862,3.2344291746,4.7125540268,97.2006262192,47.4483311518,596.472940236,1.3745828918,4.287396745600001,81.6392007032,47.0645423486,107.3539270688,0.0,136.721987902,101.22303514,81.51378650480001,9.3799819694,0.0334766968,1.105151048,36.812709984,188.90217661000003,1.4090932216,316.93912496080003,0.030495865,2526.2095707618,16.0230762518
1636.2405018588,70.3518155378,1681.487163661,17.1605050954,16.340158878,155.6664724362,135.6818054332,56.98375111200001,545.376624324,134.22591934480002,54.475296178,454.0103049444,118.5874678818,2002.092967,89.4859460118,105.7626686054,725.4887865799999,655.9631698000001,283.869020523,0.0,299.2201416596,109.17425676960002,277.22839656,37.1191620176,0.6855916976,55.3604590338,60.8613275954,129.606360692,33.6609384788,859.74578814,127.6040376866,3394.559665822,7.027442455000001
2540.510758718,152.0857911604,463.2496696272,21.5831031442,57.2954399622,213.7440794478,472.0402222714,208.6219858976,169.6602710974,157.3980566272,33.390395426,2455.019815983,380.376683312,2783.4637179688,27.5518456568,73.04662077,185.187238222,307.0009537922,395.358006878,0.2700473704,1084.7400570564,354.099157114,191.865450879,319.37056868720003,24.989921834,59.3014668884,311.3831671082,718.2310618380001,104.940428671,729.936738558,90.4220440896,2938.3436677,41.623854404
1843.75750022,1072.034941288,4766.209086312,307.506841178,8.0223795502,128.31678325,13.520970286,5.1102959888,541.7477006400001,1734.73281126,97.3609349428,11492.27369616,241.843168292,876.93772868,418.568458634,230.4206817028,639.6980797766,449.363265984,167.250540596,174.40873464939995,31.408437342000003,7.74058357,148.44611775599998,1397.722660634,538.984091146,670.19580694,5428.638806474,31.1521666704,1910.71075978,405.36129416,1889.46969596,14185.2544462,1.0648800486
691.826319162,1513.562730588,5342.35384036,209.1308789484,46.864229086,415.8658070056,206.57422844,14.2606671578,1559.32932318,883.869431524,88.32752996400001,29485.968374,141.96914424000002,2255.8295283,494.20764088,266.2240674182,537.4359446642001,586.4305477300001,291.313613968,315.60340175920004,45.0271435638,122.320851044,173.27826274,2503.76454234,1017.208942186,591.4177141719999,4006.267847582,154.349668775,648.07336892,640.03433278,1109.328727638,26480.3242658,19.426583962
693.548492926,7.62255856,715.867751072,2.864716004,42.27316458119999,290.8803274672,256.857052881,99.16444631,794.45642421,24.8994764252,5.3135024482,6408.883917,344.93643761,2808.46978504,12.4365390148,7.8334957552,31.035665214000005,22.4820159932,159.9505984252,0.0,394.649859246,223.158711856,22.502742706400003,76.7133786338,9.3798991568,7.597227844200001,103.9514518282,328.015435622,32.5393509382,1172.32522762,31.065147847,5994.34420978,19.502648593
1658.88548232,3257.11171761,3598.6242346008003,280.92838344,2.722862405,16.0251153118,38.7012127984,20.4964674386,1156.817186186,3590.364889552,141.033886898,16908.23508856,387.8134946838,628.014560824,992.2414823432,410.442036753,969.629324506,1090.935945991,19.695927658,352.8890688496,359.0233810154,13.5546882678,75.8204161694,2585.4525543932004,955.0786602502,1346.799698522,8641.8242076938,225.969750334,6966.988927510601,401.8932492574,2970.0934076,19131.55470518,0.2117312922
1121.502655242,257.8133375242,2133.35936518,46.3837360752,32.8868039164,371.3810660448,266.6475548738,89.61124346,263.86801771600005,387.1034999538,33.2959852122,6613.817902165601,98.2494418174,1808.55032264,149.15381101279996,88.569775468,417.834987434,344.864257366,326.884995969,28.4854093862,134.0113452292,155.3826019088,223.4640373968,271.205694439,58.4400789884,177.706538968,843.8672608962,237.35817400700003,336.322588528,255.14603345,435.1457465812,7207.382494146,9.5564257322
2092.3680026242,601.7667722612,1757.6549001300002,159.2935547468,13.4447365984,157.4565266858,240.8127757624,71.03786032000001,48.7820948562,951.6635920896,41.2540994398,11327.285933878,101.1971839848,864.10480394,149.06848597799998,98.46000142100002,336.916927734,366.0376214238,176.9444678948,4.1776726140000005,219.0990971602,169.7245030518,133.2935482882,413.4202046142,13.846507794,624.759404758,989.722237452,445.3975080238,1105.5897256752,289.11521186,1091.8156609461998,9213.92677622,20.817153719
3248.8784485136,48.1363448936,1116.730295399,156.84454429919998,277.59108000000003,448.039701731,955.851030264,89.166163341,186.536326588,203.3752066482,21.916144786,16898.975954981,172.14642468,1296.1393710382,316.6831880554,64.943196069,144.8632037706,229.605765036,685.02284604,8.1735353142,992.778526592,320.9716486872,252.12034328,100.364651991,36.331424256000005,62.2506014088,1140.915978663,895.4299836759999,497.2625985048,549.08795304,930.5954583054,19023.0154079668,38.37480586
3866.99318148,1986.4580722,14093.8400828,147.7762792,101.1924785402,1211.57137286,364.028128578,96.1861440004,786.77576414,2457.735316221,224.2152984966,8049.928066639999,161.044248622,4405.9037052,1290.2357990164,783.1581965596,1492.1055282326,1369.3314577349995,858.1721886359999,127.967632661,598.327594264,293.475223912,347.69652233,2143.268427204,438.79953476719993,1383.88044296,11987.76962166,453.5500471342,4188.1565249156,645.35100826,1797.4495321768002,12098.25515796,48.634867011
2600.412965114,121.657406168,517.6595160534,9.5835472782,41.059010437800005,347.66588259580004,377.489847354,115.346530658,580.960073114,127.23560955140002,35.420860832,9140.49596176,521.020667948,3689.2823042200007,53.091777840400006,92.8094886134,442.066103776,392.1100249558,339.59818452,1.6129136534,616.0249538841999,195.6722707196,262.03074114000003,199.1542879354,16.35616191,54.2935517676,124.05361050860002,393.45818373,14.5049516908,1737.03618178,92.394908617,15167.65167829,20.409741865
314.4018168002,277.9736334224,1869.6638247106,68.453935452,0.6873886462,102.2985675156,0.7396111146,0.7664617024,1853.9167162,589.4282755388,195.070213234,208.632377868,557.5287927859999,1240.97908189,470.15266762680005,458.871345667,1323.4832111075998,567.4031773924,20.8610063516,677.2631685919999,121.97350997600002,0.4857514511999999,109.21240594,476.2290175358,961.1522181588,81.2745890402,6775.766931854399,6.9711933324,3507.1347415634,1148.11825864,649.6912762454001,2014.7375844594,0.1820382408
6411.83105662,2087.0767609376,6397.268494,119.3179413848,94.2262706762,1242.0243816,735.3116559932,107.1211017946,1828.08779096,1340.648436291,147.21290750600002,23772.132038158,228.749032764,5511.6816592000005,435.1189335,370.24447469,1501.4232791,1289.21017834,828.0957088880001,592.4811952302,187.37502800400003,360.009631824,850.902866314,2240.5284099684,829.6336000566,778.8530867704001,7487.38612702,1015.071250464,789.1015712334,994.72680578,1117.179120055,22251.67641856,56.7081912182
1122.518329456,117.7899354186,1203.6436984431998,58.148634378,20.8624260732,198.4995551956,200.9901166938,78.02030358760001,1190.10984278,146.86213598339998,11.731380842,3285.4205348820005,686.9513903200001,2917.056984242,212.63273376900003,73.3459394586,101.9406802452,151.4283030562,120.5000292772,0.1879597998,1447.47174138,157.5007049216,38.0627756776,187.8547676286,2.3135832416,40.7999627798,863.4701576456,250.744162726,319.4247568008,1211.6356453,314.1472942504,10558.305370188,12.844058902
2329.797559076,1378.6746791286,781.075812624,117.8283169104,56.513749908,416.2988947136,284.3706518856,183.18522062,1206.24648491,1511.836389024,88.6604345168,8249.8304509244,2313.29707072,2747.1216963680004,282.30775164,192.82926317,368.0037586358,673.2858641664,354.5835738128,4.3646701640000005,1972.12131326,363.3444821264,390.505568824,2034.943659181,122.46348948480002,591.533214813,757.5826771404,475.6403787854,1742.5756772056,2201.13033866,1367.3183031976,9254.40275866,30.2013255878
4791.747154355,1307.6884154087998,2978.8393016,251.8881059388,24.8946148358,501.4376522280001,703.11114428,107.6522103394,2323.19993584,779.274462398,158.9247949908,18644.8087354,510.833849288,4748.272605784,776.6595236068,418.38256682520006,1011.973256901,965.8017785092,706.881294902,63.069313804,1075.686481268,209.3793779494,371.1369653068,1993.3484797876,309.8683417078,317.864607016,10995.88671436,560.5724244606,1775.09035674,1906.461792124,1293.0585476,21342.1726982,17.512671574000002
2652.3047125632,4738.090838052,6323.40903568,47.5991237766,68.5172544324,32.9181140334,50.4078252444,6.397304169,3855.24926664,1535.6530866492,127.080476662,1459.952360686,58.05783555399999,217.695968204,824.444745038,335.908232892,1622.0603456256,1513.3166130114,574.5195426636,278.185817762,70.65118831,17.323967212,274.4019730824,3568.9150185846,501.742451812,423.68740857320006,10240.22398792,80.2982785424,5372.34461551,159.85791329,1020.8123634746,4058.78294502,0.7125738794
6429.054289199999,117.3788636706,12971.48709782,2.6320425032,240.603760116,604.546414484,901.667866166,679.8041199482,512.3169133819999,19.4773372286,142.70485507799998,1929.41735248,38.398256192000005,2203.19036238,132.295714486,263.991503206,2485.34345934,604.8538659799999,1143.7878166,1.6432577406,1430.5570999779998,850.0689205020001,753.27919126,121.8505192434,36.1241135336,20.7519579474,6789.749107799999,1698.609353466,75.0207539048,314.902852742,16.98293204,3956.50357426,97.074503196
5086.5311734,320.1340061502,4299.66651631,5.850980088599999,45.6731872132,120.418539324,518.23505172,101.0720882684,4141.74032176,189.534911348,263.6372865686,14584.420107399998,845.715584448,2979.286835,1160.582633379,739.9786485612001,2395.5799686216,1306.0737431763998,658.8236950262001,564.1243376012,3487.50409793,195.9473253982,575.593621909,1215.314874994,1370.9351458084,96.9982919956,9460.423073401802,595.65577491,1480.671331352,2663.05095984,373.275688194,13455.385071600002,23.1822150852
996.044678764,415.7518116096,985.945814168,99.38407632,0.5545511372,18.737788566,57.765790149,25.7848924974,5987.2558424,420.8154392372,117.726837188,3153.1767607,8978.1954818,1548.8226914,967.4336541702,363.888539744,219.18817027300005,637.1595935600001,3.3636593372,39.625571187,2323.80402042,16.9620754808,2.9861992984,437.0624873562,271.30682275619995,57.67248096339999,2804.76310385,205.808089784,373.8256932746,6079.665858599999,667.7012062828001,8527.506846780001,0.935004284
5423.3557544000005,1746.62815025,4933.679242,477.0078252688001,244.106297063,661.515564058,655.04318954,168.50911070299998,4408.9931086,1093.373672672,470.4579634887999,3507.721707,3433.6593792,3735.6193564,2540.811424284,1415.3167671380002,3928.795079424,3881.373653032,1730.784111948,407.1874476488,3256.62617694,490.399547234,1393.3739532200002,2979.4947954374,2659.2242781998,288.4316283718,18455.236432802,1044.2194049,6183.0967411266,6150.2366718,2541.14137186,8800.31394222,67.15315133760001
9093.65748684,1280.445215382,2088.03004248,181.486263796,103.3264584816,353.46241561,509.25885195,166.852299377,3393.22567626,2705.1945872,46.0493073102,31583.784662,4244.141172199999,4342.59841772,189.3025991526,114.468706772,345.748896354,506.616878036,889.6796927966001,600.661401792,10831.2653548,372.7834716006,571.7519927976,1698.3082303,1846.3281924578,909.538641834,363.720569318,890.77420308,2007.747511125,9715.85926,1790.4751945,37685.77123,47.3778145052
219.244208888,1565.931832898,7569.05704388,18.8232152854,0.3835546606,667.666826714,30.6372813034,2.5959800034,5290.68972834,649.5769573176,8.82727249,18997.80289344,1424.28718526,4615.61963804,25.313961525000003,8.019141185799999,240.586251609,28.597295053000003,48.606027423,266.4946986068,711.3027559340001,5.7535042674,17.5620686734,3196.61579977,845.921757522,572.2024063708001,2793.347284462,103.261031495,306.1456284886,2074.5534248,238.3416958836,15564.909595916,1.2533717782
4771.1260157,2051.4874839480003,18640.64056126,330.8062816082,471.693899996,1056.438592828,859.7838526600001,78.47935516999999,6980.978341,2853.9518696692003,218.627743168,3063.4024198,1119.27235272,7941.247166999999,694.7527525,422.228069986,3509.247468,1182.222682462,1917.31323882,809.5001009746,735.70289328,496.637962558,1130.39438364,2980.35909796,1902.915307984,405.5584544832,19362.33428608,1240.66807962,2336.64532386,5800.2674238,3628.410186248,6073.907520425999,93.3540708838
9511.739113996,2727.7278073,587.8938578599999,114.329079823,61.8925316052,70.45908250459999,1239.1294678646,326.58952929200007,5761.740657,2141.113501052,417.4163997334,1925.47811558,3292.23011292,5903.4105058000005,832.5241531118002,1032.423131368,2519.1484391724,1575.62955054,1184.11066594,2504.4717784992,4563.349209324,446.7195228108,1211.61774226,2875.0530390040003,2873.44975978,898.5265518762001,4849.431000619999,2751.28458144,2970.904505836,8224.9774144,1118.115751878,7801.297467920001,70.50924159479999
4409.492921139999,693.2305431832,9063.1176159,12.9898767734,2.4784025204000004,2915.5339935636,121.7309537744,372.4563334144,7058.321606,907.4668371728,17.6812175668,1023.284548122,3873.56883348,13763.99169438,412.0776369606,362.837291126,366.3806714748,1033.9889510199998,70.804911412,465.4022715708,3484.22792474,252.7262545798,110.030818358,443.0544561612,455.277816281,1043.702533806,6568.91938158,342.7672422962,370.6575105904,4745.98041628,301.6275539896,1979.64100859,26.0187734576
1899.888658248,1278.221913424,2409.40755546,79.52367688199999,297.2617334624,410.729864906,689.2320745412001,149.5585969308,2305.17512974,604.6000119079999,120.74624860059998,8307.846516200001,5713.973438999999,2533.46675584,552.2079609866,182.930762237,2007.2101982976,831.3048905054,1337.9802216744,882.238842866,1448.171200632,494.5919515452,1066.274329794,2149.7814740000003,2320.961454702,758.8576020262,693.6748489119999,573.414822382,1724.3069285018005,3893.3695114,1118.710977532,10163.9035578,46.7713473268
7219.16475614,3387.9219315460005,2851.6658743000003,143.1336833248,403.9266097,461.1102919792,1017.1498650934,164.279505858,2452.695123386,3358.7675892172,65.4219307498,16801.7851658,3434.25928028,2031.1857936,593.439671638,178.99014452260002,810.2568605078,744.5856839128,1402.2243905692,942.644194454,5314.13772976,539.7318915092001,873.5934375416,4428.960551900001,2176.4336947036,1635.715291824,4439.643027914,1478.159299964,4526.3353563462,3125.2664910800004,2204.2403815708,15627.6064182,127.2247150844
7736.4506752,648.3376131,21008.553459,275.4524380306,587.9212760940001,5025.89204718,2204.70055524,935.3859315,5669.0663384,249.12281866120003,124.9965278004,4731.060074999999,4291.0851292,11815.835295,1139.2192741,1347.9836142818,892.9588203400001,2187.38271164,1408.3007697,411.8586566800001,7672.547426800001,3367.2184873,511.013702522,1057.96680542,526.66459992,166.0263277782,8922.9841344,3244.735026904,802.453556804,9414.6431472,1670.4313892864,11906.3696144,292.602048622
8097.209309000001,2662.4268451934,4513.2163102,232.3310838862,121.8031111838,974.78864299,962.920075386,291.593760147,5456.216129259999,1282.0027737044,71.86290390600001,12492.65761546,4571.7150926,3093.5395528,1257.526637594,466.709782052,1160.27967076,1087.99277482,526.9438834068,144.8243520516,7616.7177318,383.1407804856,276.170913284,1461.049503683,385.555100832,668.705106034,5187.022583,1082.97395474,2288.307057504,5408.5247622,2045.427339466,15098.776535599998,28.807113037200004
4385.934044,768.5522158914,5221.1055866,25.7202604062,64.36598594739999,1477.54621122,785.2902215,456.891169402,4975.08934132,390.2544052412,40.116742456,1941.357874364,8765.502890400001,6824.7233076,151.0868847252,170.2331550628,823.71473532,152.6728099074,881.0527956399999,98.588576332,9007.509717,1124.02393018,393.99133743,320.21540338,70.0116297646,469.08345621320007,6967.0397106400005,944.71049884,191.1832459074,7431.3172278,206.8614925438,4477.10682394,88.53361764619999
1726.5668895800002,17.321733349,6529.2594418,3.5569826301999994,27.7826242992,2285.0035133200004,118.25139740999998,68.76950795420001,4898.48975706,239.2513811398,135.76052033599998,8927.910381,3721.4865102,12686.32153,119.156582747,383.2480869668,1063.4528574718,420.8045199944,223.739541086,0.1202887418,6259.7164154,280.1384248602,81.8257839932,47.9665397724,0.2948471082,4.3652149276,3487.01034466,429.985753994,126.84109454939998,5699.2812558,80.4648683058,7078.06798,14.7834587352
2535.206903016,1064.851099524,443.37482178,38.255395527,2.0472268904,34.4599817084,37.741516221000005,55.15451152000001,9022.2983952,538.978013552,82.58031,8343.667981,1049.6630208,4138.7151132,571.3229298586,717.3190070892,495.6851431143999,1550.4394174178,27.7158089758,258.799263902,2819.9514256800003,1.3783164234,148.7582476444,2012.31125168,1270.25914464,427.113636304,158.06371894600002,75.733624066,322.4908921506,4003.7456786,814.8196668600001,11707.4116048,0.1040010378
2545.5558166,2097.59647326,3076.25276194,135.603075576,35.9909413148,644.5841068098,553.524504295,91.619972306,3054.45021554,912.01352584,98.2857347706,9690.6121522,6602.666301200001,7213.79635082,327.998011264,201.454382984,1611.285804908,575.7802975121999,777.69972631,465.846003602,6965.1874946,343.08921884499995,455.6532965918001,1834.955487072,1530.79975705,647.5285316958,9315.7591476,370.584194654,2093.3699437926,8673.836893,857.0795450378,9652.087004,63.4072258768
6667.660627200001,735.49557809,18881.62556284,137.858832682,219.801228355,2145.25750918,703.0025151780001,567.713408026,4263.807197,646.255511556,421.074175694,5281.067338,6778.3927482,8616.242774800001,2647.187019794,1345.841030812,3112.3075504060007,2785.248705014,1266.74796328,522.4048211976,6533.07654652,944.79492154,765.183300166,516.1635754920001,414.9081946064,686.7912249670001,24760.09641872,1042.06836434,3511.6788174564,7615.502848999999,823.1249154722,16054.938127800002,102.2264140306
607.1109801371999,1574.2506789862,1113.47067714,1.6117261589999998,11.2827300796,335.4073504278,104.17881923379998,99.737696074,3931.68336456,463.1290591074,2.693538394,8456.384067340001,6771.6265302,4891.5574528,6.5814383222,8.4032741058,32.6748319046,30.0827798354,53.3033895712,422.325473927,1514.81727196,176.2012997654,29.4933307996,2985.207776398,1137.9454141222,454.0446173046,62.0767808944,317.904939614,107.598272833,6857.1150726,68.650627389,5375.853117444,4.484535333
91.7853260548,187.703519992,187.344324674,10.9721660604,4.8252979138,36.701214018,0.5145790231999999,11.067736958,2731.45211186,624.5683547507999,0.0,2497.3740631200003,1359.498059556,564.7560721399999,1.4926183094,3.9173472604,5.8331685432,2.4185815742,2.1175255332,0.2915756142,632.872788604,25.4239481874,2.5192075774,489.2186913566,126.6362163268,148.89534468239998,11.1405378286,50.450868288,150.6269835642,1025.48289056,130.178314194,4629.79962468,0.17028817
398.18407032,22.8206870284,12697.5593806,5.19080873,19.167678774,1955.186126216,185.770193599,8.049783346000002,4090.1494608,104.70704059300002,194.4198417018,1632.1041740199998,2392.24071984,10463.83637702,719.2910893579999,563.337506552,357.4490669918,473.121043876,49.01291302,0.0,3448.5677362,159.89811042699998,13.0497836624,111.3053811202,20.9944958546,5.1032832616,6805.740182398001,187.35308597340003,846.1640185904,4824.350591799999,165.6339598432,3124.74848,73.3104589282
3688.4072844924,1551.94438338,4162.864279472,123.2980946556,411.1890936106,455.254282868,931.8181173254,108.16346485879998,647.77164169,1631.1108682636,111.1389826224,19521.7996364,2391.95679844,2208.355707796,535.3081206328,286.6124247594,1554.865978789,1152.487295606,1822.5181403014,945.752876658,1941.793926148,316.6754331858,1154.4053921386,3616.4879332,1362.81511876,454.252323722,4378.7069420556,807.7420197499999,2459.0539733014,3150.95045944,864.6457039866,15249.10348876,36.5588611444
7665.629501806999,2380.1985720854,12987.53065494,128.7441732268,291.7108070982,711.891035634,1367.9461037378,195.6039142284,4464.374371,989.8314329228,404.115961758,1733.04813381,1261.92604554,6808.755061600001,1437.56985188,949.50194864,3870.55558866,2953.0269504756,1028.3913222138,473.20617231000006,2214.449163608,478.2016471124,1018.260766076,2875.9606919618004,1069.4621843206,169.58054528,22031.5830046,1254.7832674674,4578.40463458,3932.6718244,1233.171680114,7191.620764428,53.4759479584
2206.37443128,297.60817668540005,9659.104434,37.4117367578,171.144212364,449.10041912,658.0899317999999,73.83885758,4300.5933626,221.3858592686,690.0072320162,1162.921712918,1176.56947036,5844.5642408,1034.215315506,1293.983442876,5169.428366,2239.4110929016,1309.97157686,57.4011310626,439.9349716,365.63723316,1264.04690022,1062.7654269306,478.9428628602,71.574216565,17907.8229012,427.33621422,1206.6111641816,3790.3411938,194.889375766,3375.13827486,64.997207312
3040.2400316,256.5694499298,4669.33714806,31.93969507000001,17.926826778,95.7966134,172.923304702,20.4274482506,1490.38981046,122.0627562772,273.3196664446,2066.96989378,1546.6143316,2832.1266528,428.353177745,471.7094183856,2678.04871764,1157.2541629846,563.592829318,70.8548886918,1283.41143146,48.080801059600006,865.62129102,830.9635067080001,380.793352792,56.9721800242,14163.281463799998,118.120640532,601.3224062495999,1588.51805666,334.6949520644,4280.8381713,6.3248666862
5686.731057660001,212.92518860940004,8658.05076218,50.446054832,270.74484259,732.00635428,1256.9885795599998,171.154179568,5838.37786124,182.7004971946,430.601638124,180.112546822,945.464539164,5278.7820824,1177.3228937,1006.01000306,3167.95103626,2074.76528976,1568.56300566,64.1303137404,1068.32092678,592.5526905300001,871.38434084,545.8522689220001,250.784475636,10.2287470782,14821.163704,1121.853102622,2081.16440332,2806.308549,600.98898418,3343.39416414,94.4320484538
1726.5909199080002,453.2584677192,2915.1756565,15.9098016616,77.08071570199999,789.65254716,490.208769278,212.060032496,2488.668390906,291.7420875998,19.7458325832,3392.1798274,5201.452075200001,4333.416440200001,90.3428293508,63.60294893,183.193859053,206.7712198974,340.358400518,109.3110578194,5161.0235364400005,623.1281608359999,172.7042913586,861.999031782,329.67057782800003,148.4506197072,371.614105544,679.634372706,366.493876102,6660.427447600001,232.6430682314,3612.9992935,95.3892327574
1678.452664657,5.7656002028,2450.330000206,1.0400013766,32.537468112,396.565235806,241.09147558,95.1884355316,391.674347568,11.0456441868,15.275046726,17.176413848000003,563.2631917678001,2317.4060991,8.908835363,20.992961828,142.555821158,67.634927928,192.32369227,2.2777942582,4010.588929,274.6597364012,44.633275896,7.237114400199999,1.9672555376000005,0.4660065753999999,976.447876392,408.4769583502,8.654338234,2188.5836782,3.191531162,673.1612175454,32.5532276156
265.8674722498,104.0276224824,5147.806776852,2.2700464814,29.4880914168,228.17876136,140.88780749580002,27.2289627174,1257.58427707,52.46593486639999,119.8342075516,6261.206718881999,66.71880046020001,1512.96679202,123.6671235272,224.4732080352,1198.2607039612,327.92189176380003,179.30596888379998,142.238182626,67.5486894078,114.684734212,186.148918498,259.19514484300004,231.6826812938,41.2743274014,8446.8815082692,102.131512375,245.7909403344,603.287463534,37.6073448544,5147.0272452112,14.311885918600002
3745.997495362,0.6571063970000001,985.314308212,100.64094792,86.5905516918,348.1071859186,527.8671583580001,63.7678477598,692.27828472,21.431393099,109.110302822,2942.4049702618004,921.87564611,1531.2209744588,399.1085212564,318.3445753464,1113.788061592,1173.2661649002,579.1659322080001,0.0,939.8565329628,267.1901112928,442.2776583714,1.7454249701999998,0.9138266956,0.3371821122,335.98258002780005,272.46555932,5.969577633,1146.139890786,217.9275910036,11950.029359643802,41.3064718828
1151.0617732758,51.0734320178,1043.634093656,1.6324308928,149.6305213672,421.5331734268,494.206648226,64.9133188656,19.0306251258,5.4470649486,9.3463562306,1530.4230524569998,189.6806538168,1191.2301458696,10.8433281174,8.697592860399999,154.900977651,149.4835474482,556.286596326,0.0,356.4412914816,265.534675842,161.1647165804,5.632803024999999,0.0,3.3834498492,36.823957422,210.92464114,0.2732992555999999,674.14239627,6.786929461600001,3429.8180209898005,38.1688611882
1061.50427028,548.6262439432,1599.539120947,91.99664752,67.5518387812,35.198688215800004,162.42953242,0.3121964789999999,433.70059777180006,622.9370550000001,312.62930002,374.8936866316,66.9611351882,750.1207108770001,731.4233977202,617.2892978414,2086.80259218,1477.9398236764,588.2705481,182.580075368,8.710996212800001,29.852180222000005,489.66808378,877.1929671152,355.81411689000004,77.3290113254,6793.754283079599,22.946547064,2476.904554286,334.2486417448,1082.44232,4725.887330399999,4.918740372
1814.4139542458,719.270611402,121.5699201634,115.99916463,0.305735427,4.1259021444,62.081723637,1.227838969,1.6234233373999998,865.2873001600001,94.6923752514,16671.81514492,5.4504770984,296.1372448844,177.096439796,187.087517437,449.3634158168,264.7169034678,32.8489275964,19.0103942602,218.8368768106,1.566300774,115.09509187359996,889.785341494,113.2703815974,481.6430325,1026.695246228,71.622268727,759.7102543734,238.20999254400004,1048.5499305558,17163.06893866,0.1744163214
1571.567631414,100.7073094628,3240.86602446,31.318272897000003,96.5069052688,868.2680778739999,242.2969505324,94.809310101,27.8290711112,127.0996525556,34.0364400986,4103.39446122,1.914709943,2591.3401024,162.78116700840002,88.52994662559999,271.9462403328,226.149308006,295.2160241146,63.07315401999999,276.27467376,277.016637532,115.7982574874,254.1705342628,127.815944,14.4544830716,1132.185267573,234.62832035,624.8681246224,52.7762749548,276.1246401028,13238.4821086,20.7801631808
98.6963979612,293.79087300000003,13.2258248582,3.751797846,0.0,1.0235524254,20.9728725308,34.485328618,2.458046006,143.01985148,1.534237822,2027.3296449642,1987.5114043806,83.7213123192,2.82598276,1.1574575482,0.495822059,5.281801809199999,2.4078412942,56.05668703720001,1129.6955309532,13.020390456,2.4998504684,459.8208516,180.67239202,88.20781366,18.3780385876,80.43192131999999,144.4889371,577.1605949632001,64.75437572,1053.615504259,0.0280044793999999
41.917428053,0.0,782.707909425,0.4053512942,3.92226532,16.7050673168,3.661615351800001,10.0039556026,7.8507473376,0.0,54.57457024,1.4548217888,36.6865754178,25.0858421588,159.22755752,116.95623712,465.8523668,261.7989898,50.175496145,0.0,42.874934247,11.0835803314,61.10088844959999,0.0592143687999999,0.0,0.0,877.6291950734001,7.831558328,108.0486947,134.02706418199998,30.0479991,36.0028158234,0.0272155109999999
684.3071084674,3.8326771158,278.9280882226,23.1096812156,25.4344291398,10.2812509276,83.219278606,10.8501502942,77.0698860608,38.6530283048,3.8644202622,79.5885262352,0.045456227,121.9322975956,41.3052900978,8.0210062504,42.8579236764,41.601830264,66.7140815976,0.1350367758,15.7395539748,35.0960162814,19.171096739,11.0810569592,6.2441420992,0.0989833004,228.094043442,100.7673956494,156.2756072966,36.92431826280001,157.5785732436,476.3029016968,3.0125927696000003
249.2346643138,1.8075571178,106.6673547006,0.0,21.096979135,71.5765240878,114.4487253508,10.663435732,109.689479138,0.140671584,3.7967976418,2018.586451928,18.3183563274,222.1857516048,1.7615592004,7.2079906928,17.900031285399997,24.475156712,71.9953197764,0.0,11.6238344088,116.82064816,30.019675678199995,2.2610968542000003,0.0237046549999999,0.0,1.9798751524,98.489551406,0.0,151.42425173819998,0.024837946,3000.46800918,24.866840886
23.558974388,128.29068532,231.8048278122,44.56956374,0.1097728684,0.021566419,0.2205880896,0.5391782294,6.6082281080000005,227.712561184,12.550522434,438.742915036,926.919317774,2.8045394358,154.84468428,45.9046876482,44.29390044,103.435182585,1.080063927,73.00552906,314.204865346,0.0304133522,2.5511211912,111.34478580159998,80.47887606,45.09703764,1747.0962106,0.9766101738,780.6194918461999,135.7557854222,395.6109739938,825.551959937,0.0
671.209961666,1619.199860426,370.12980812,89.9397132326,4.254810726400001,4.6479748788,74.897503086,3.5620145236,342.863129322,1179.339746002,129.3069458192,2219.535539884,546.739700972,6.9024156734,984.1976251888002,382.9423423268,723.87868417,1418.331408574,101.3838050144,634.5321024924,983.3985179996,3.6145392412,189.1848746256,2226.939070876,1147.32539961,592.7594784656,4255.501594859999,39.6443141008,2717.0390546440003,71.8375700602,1141.269187365,3418.194617,0.072857161
344.687561478,351.5960304374,16.071620582,5.165640592,3.906302713,0.8194767063999999,61.148682582000006,1.6452694886,0.0668959164,162.034246922,0.2192522494,3139.240653262,0.0,0.0376359225999999,0.7515994763999999,0.774763036,12.5258900498,3.2949530952000003,48.438065453,121.649757918,17.8022575428,12.862277264800005,50.892156498400006,886.7083640504001,415.01226154000005,106.785101368,7.88518548,75.95754142839999,62.591379036,0.1946223888,77.5848926904,2668.292218948,1.910397013
23.1483578534,0.0,0.0690840868,0.0,0.0,0.3671642832,6.1009849018,1.8200004467999995,3.974052358,0.0,1.2232918005999998,16.578145894,6.696253283999999,0.3955883124,0.0233804082,0.8658540146,0.1297586251999999,3.1023693944,0.7400305730000001,0.0,46.3712080186,0.0330342842,0.0,0.0,0.0691054892,0.0,0.0,13.3889849902,0.0,9.067742903,0.0,1.1088818334,0.0
181.8353284276,49.94077056,0.1832547114,24.170407998,0.0309784655999999,0.041284874,10.1595746448,0.0,0.0,87.53930448,3.8398264088,26.473353079,0.206276626,0.1178391927999999,28.099476218,6.9941025798,25.2816523638,45.5320076408,9.9314230642,23.14251764,7.979172896,0.0,15.091883026,75.61028288,51.9898174724,21.55415148,35.8263503982,4.117868022,139.5206514,11.244664879800002,181.91462632,477.45131176820007,0.0
1722.7182244520002,308.7610530014,396.5672086042,42.6415190738,6.4650078784,4.9643731336,113.8482474782,12.3781323182,15.007319818000004,406.071500558,49.161174988800006,1411.6813159994,30.80366023400001,147.3274404324,255.8697506592,146.83557926019998,352.34485648960003,367.1439579804,97.1785830112,72.35375927,148.5985673234,41.116295018,126.5170926616,407.5791911608,215.6925743222,196.2526528646,822.5913086982,144.6714824504,629.2147659778,199.420869386,378.173314246,8496.430590446,5.455562748
592.3264394224,7.092734146,58.9398946586,0.4342553586,6.3377768958,1.707514887,24.034618432,4.332904683,0.0,9.930546142,5.183909674600001,3396.753450134,0.8101178964000001,66.0820503976,31.666529478,15.300454247399998,15.3257714504,53.95514326600001,36.7345271954,0.0,16.261937623599998,8.0538587042,10.631259724,3.902028396,1.9853787122,1.780890377,69.5867662,22.5414717212,18.264302886,4.604745506,2.6587584144,9185.76209094,0.0
293.150673061,7.876674163199999,4.9303575226,0.0,0.0,0.2156314328,0.3530094294,2.722130802,3.478657214,4.979368826,0.9978054826,86.7930101368,0.2376154326,1.5465314306,0.0,0.2311107658,0.1919420413999999,1.1988324086,0.458371391,0.0,8.320552865600002,7.343944202,0.0338627776,7.182971786,0.8765512524,3.442375076,0.1451836486,27.313265325000003,0.0,0.0,0.0610447391999999,992.3700246592,0.0
1310.96060798,1215.631044625,1858.759808706,297.687068965,20.081752696,1.673958003,135.779031532,0.3841233995999999,131.676197992,1492.9205501600002,131.92536910400003,3893.1514604548,42.9913885482,155.325065042,961.303438778,454.205396182,970.39562322,1168.65401882,195.818154252,347.276043376,304.1824969724,2.054028291,148.2003007,1799.78161694,990.703931446,554.3542948442,3979.0610792,36.2439128282,2955.0196314,59.09449462,1910.2952167498,16211.8391946,0.6137416918
1609.719313704,167.4734376954,2205.923884394,6.20153038,62.133671027800006,907.909252956,336.1381854512,156.4930537566,11.40922954,110.6377347714,10.2729945396,6662.578562916,2.5464066612,1386.3406718,94.1665360384,61.768072569000005,163.4578024386,197.6601094892,396.4065513088,50.807557138,1039.4560061660002,445.2620466938,146.5735555772,403.7182252548,145.16524038,71.29878665700001,661.3824258388001,320.5660458176,172.2765942846,180.4376693254,117.8619525766,10730.3258473574,50.0706265016
137.305364164,0.0966573558,89.09936246219999,0.0,2.533976896,1.6281449117999998,27.814150809800005,8.589773115,50.3748046484,0.0332614414,2.3413497258,2997.1432915984,87.781486054,155.80489705600002,0.1095134622,1.5157827436,51.8538170908,17.016102597,18.1705955364,0.0,528.0798899,12.726348314,20.2643665332,1.5908519998,0.0,0.0204194134,1.284943326,53.1859311358,0.2766371036,57.9477684158,0.0360149492,4758.619941619801,0.287300905
1116.58602196,2703.0067909878003,220.4249627918,299.199957266,2.0469797478000005,28.747364033400004,65.7312007692,27.889084076,482.16287318,2466.04236642,36.2032690924,9005.5126198,171.4765907002,171.0673524584,726.6435034842,182.80011482,219.59939494640005,701.41700985,45.4493560474,347.9388702836,302.873790082,102.958939124,56.0799082464,3776.28503563,1356.9539452160002,1307.0378862419998,2101.088035278,113.10814852,2413.77451334,98.8407063142,2317.45440752,8115.816597599999,6.304093962800001
975.44061806,853.380572036,475.517064904,186.530477253,17.208505801,50.5779795214,157.926170718,47.033761484,279.777876324,953.0743955312,35.508726249,18219.422697,79.8857623782,231.68586257400003,317.326894918,154.892335198,210.037465156,391.415711922,92.3352517686,179.69194854,67.00655354,187.037657972,60.3959666492,1528.4171044894,533.36828418,485.7299306228,1026.5058597992,308.30550818,1279.795175456,52.3815975502,1166.0142656419998,19000.9004618,31.889931966
9.0534541508,0.1611221154,0.2140639218,0.0,0.0,0.0,0.5259120888,0.6961136294,0.5991861344,0.346111242,0.976165936,30.9876724612,23.9190838954,38.2632266138,0.0,0.5541135854,0.0484059204,2.2508636996,0.0836982212,0.0,19.3211431998,2.792210694,0.0,0.2589020424,0.0632213502,0.0409834419999999,0.0533578809999999,3.3654356974,0.0,129.4847823542,0.0,26.370670450399995,0.0
856.7171721471999,368.8836990032,177.0573008372,84.0574012182,2.949624118,10.8659945364,9.0890447436,0.6997919325999999,14.266912232,588.5550389044,18.446399765,2387.258473362,121.48664708,450.739232824,35.939857937,27.5317777406,192.1650841368,210.25409296000004,100.794408538,92.45136552,2.3535730102000003,1.005079949,183.7022958458,382.0776654018,127.2744823,171.3336601988,328.8415588256,5.3341191854000005,388.6746296732,210.7667678,654.5846572884,4096.578393224,0.0
151.24563271239998,2616.22579966,970.70145378,290.9905894588,20.0156069248,68.57162815699999,111.69594065,26.813994254,438.76876958899993,1859.383568218,83.25644565500001,14050.605999030802,910.115507986,421.7965497714,584.610012796,173.0036058836,267.2102111018,390.9078333692,117.982973635,722.9957062020001,59.65875069619999,121.13743927,22.5079275806,4374.559742060001,1800.945795862,766.2814957366,3695.64569422,130.27793494600002,3332.23808568,502.7297524098,2158.832388842,5299.64064267,15.220920043799998
263.831723896,253.567946832,346.315742638,8.503702832,3.5972540574,45.6901565962,114.5287092952,6.817801758,545.4049137886001,361.469406514,3.2172172854000003,3855.52858618,314.35830783840004,802.2818970320001,13.9255160352,14.0671877532,6.776233929999999,25.2558595588,5.653968534600001,127.55921094,183.4819555392,39.151810766,0.035390105,477.320488612,223.9123029674,209.01745674160003,673.4812180442001,136.6807822838,172.8510329198,262.1051448576,144.3506266286,2143.05420304,18.4230229788
242.30023076000003,566.5445160740001,496.4285478984,42.145277448,4.04179368,94.64415504,36.4688755438,48.2355076968,90.6042044932,509.1719656604,1.9649604498,7289.216549709999,40.9688339022,808.213019096,5.5755796894,1.1639182794,31.2733577394,55.6567201202,58.5369863816,261.604074025,71.407858836,51.29092466760001,32.834511571600004,801.65850432,391.0639966328,375.569312774,280.077401206,117.972983962,96.6054246554,195.9452332358,369.4799974298,6032.4406921400005,0.083758917
379.36616088,484.5720281454,373.931878146,19.18616571,5.883045393000001,11.5261658338,156.56641055699998,42.88291524,125.953953728,318.3591445046,4.565789638,3435.3472399699995,43.2449390268,494.83040844,2.1503448892000003,6.0013150086,102.1232385182,36.049500138,85.3598354882,20.57362596,57.28598712200001,98.3120767068,72.44514647,777.8304803446001,84.994052315,207.0802544534,82.9581309566,262.935776686,59.6327144418,121.8273216972,189.529452517,2050.0013770836003,9.7962401288
648.731843396,17.153402577999998,1451.2552520862002,0.616627103,9.316346568,14.9866920428,3.6493617124,21.375470142,314.54447214619995,8.582619936,5.253191778,4920.901359222,73.9517003492,695.7608705,11.568451953,7.4264433626,74.914566944,45.13496344120001,19.5650529242,10.1504849058,78.6804326308,9.269161351,9.2352112224,29.787218866599996,21.886962757400003,3.0165293488,487.0606978868001,59.7114172148,0.5909023184000001,340.248099392,10.826536616,6692.696788215,0.0
657.72832928,321.261064959,2206.993166668,98.3582607308,29.3762915578,137.6665805398,182.9342044306,30.113544157,65.49081534320001,567.5078779602,40.8632773286,9345.8840587,8.071332479599999,1208.2437211800002,256.5839003648,171.181129079,363.7967624446,419.5392684784,173.8761097416,0.5342063094,49.2640206632,81.4934517594,132.3470556,323.6859737202,29.4023560778,177.25344584540002,2725.9516876936,165.51293479199998,725.8805071348,121.7715100566,733.0031902806,8285.37376344,7.849293019800001
151.9480765758,369.27647092,2338.7637868554,90.477278326,0.0255132318,88.49866361859999,12.9951586708,0.0,480.181187278,959.5918784582002,77.1517605502,943.5618432016,140.333316396,443.1255651166,132.8075157496,113.1858555454,801.8626685532001,334.7766791234,15.630680560000002,384.49354822,115.7534835306,0.4074834286,111.6784437158,791.2409911520001,568.9995574688,126.58204122,5835.6761381616,18.097131175,1071.6523650811998,374.948048084,895.0644183677999,1035.514093798,0.0
3099.93117282,1510.596280264,424.0358540988,153.06988605659998,30.2914242644,404.6167899432,127.3733306916,111.8922096298,617.09156208,1506.6304269844,132.64948155899998,6615.456599714,367.580669389,2663.085012908,1070.5095368132,421.7888461726,520.7387063808,1491.947462862,166.1310900722,592.0920614892,651.6587930854,149.482915796,174.2051734108,2228.1205073658,949.5165714664,884.177271332,1881.6827030216,191.636174427,3354.7829529078,929.0715842446,1798.6800166540002,13724.515011307802,13.9984397934
2973.52679618,1916.098476012,3329.869907292,425.037811654,98.1198258492,669.7651306726,427.880373225,1.8579806334,447.14638994,2361.5977665,113.723656822,33540.9341466,1004.14656878,2335.8746118,493.2795588262,240.8962341498,1371.8324654964,1170.079974318,746.9059511426,167.91726078000002,363.144358434,207.8610547636,647.2528280980001,1923.63577708,662.772914481,1344.26089316,6857.1510750348,157.1809178956,1936.99634138,956.59378174,2656.71362322,25792.6847662,19.5239873028
3361.8429323600003,241.94938975,5023.39200316,58.6430524592,193.838173614,1874.8350169,1326.32955366,249.5915763626,832.253102,212.437300592,20.9436064634,20884.9774056,2057.76960734,5406.4428978,99.0570292254,70.0389865632,467.156650428,464.318381494,986.142006814,106.752774944,436.0689938616,1187.848984706,457.024244674,711.9158023268,374.828224062,116.401639048,471.5260660756,1059.71465522,182.8936341976,2166.6749832,249.5832070132,26195.3919462,184.65049394
972.20581262,77.9915294894,1948.6994199208,140.451081408,38.6238972924,108.9203773292,113.062493062,24.65500644,615.733692,420.020590838,12.8737387448,4759.890602179999,286.792163639,1260.958048126,91.7300520046,25.337494671,280.7472705304,208.086018346,307.5529627574,47.129774534,35.99800931360001,120.7865521838,246.320869726,90.008441723,77.95605197180001,153.449791016,1223.59444912,129.251747418,72.89243451659999,672.558808028,620.7542277967999,7130.929091879999,23.158209612200004
2965.5422273316,1410.5817521922,7340.005959945399,104.060057834,150.6802206038,2037.55487404,697.9352257,124.6338162376,1209.0784845980002,1163.3204812566,43.8294887162,17550.598026834,163.0049410258,4713.3310701092,320.01747649600003,221.8997744386,934.132405628,816.8457628218,748.2502550840001,13.1641103644,743.9611319286,807.01486464,476.527745236,2289.228891704,425.96296851820006,670.0693987981999,3957.6956344,984.874683333,1475.1023421822,906.6385064782,1299.4906559706,18229.512854772,109.437452066
6469.8476824,1296.143421544,6124.732901339999,160.923883766,138.658187922,722.06185694,1018.32065762,203.118814258,1810.82822826,1035.2816103884002,96.0274116922,19198.8037746,1317.85779738,6010.53465978,337.3016400912,161.91455492699998,1361.878777324,723.4394987598,889.200352794,227.48602355,1961.9617737,462.0083012,536.1096785046,1651.8120889400002,751.4855567554,475.7428228062,3384.378913878,1153.90691336,1852.435729372,3857.08433602,1374.8725081398,20422.2456618,70.534709772
3200.839500702,870.853877263,806.14573868,27.2072315494,73.5117742542,209.244184222,531.1998899289999,121.2687454036,820.964115442,808.8063182776001,9.954504646,12492.006623279998,907.62586112,2207.81025322,78.0963567446,34.283837179799995,105.8623527914,152.753543816,356.3145887436,84.6546938092,504.80064822,360.0772224864,228.525024854,1097.8231580054,335.2250786,350.980572458,1593.053405885,524.416665413,1607.9448897218,1418.9234603,894.8251398305999,12731.434744,60.45239535739999
6783.494123719999,940.165723774,9137.6961952,525.9930765766,129.43901148,1115.2809259,1149.62387025,376.274135894,2094.53094412,1847.353510334,184.995296163,25283.7808818,1490.99856072,5094.1291328,1017.2017238774,562.6371418876,1332.889310686,1507.3186808900002,911.750935818,16.971954557799997,1350.44532304,1032.39326002,805.4197573179999,1220.321327836,122.4527564592,833.1362285354,8840.16198802,1421.31047064,1151.40464,1874.71872814,2785.09942248,32556.774204,102.0153192608
4131.388389674,1554.5787324754,1318.297541462,92.2892949374,25.5698334558,406.428891274,211.300660214,193.77207962000003,1285.881540674,778.0519922244,15.80230097,14789.67359446,1121.498501368,5147.572013456001,106.13773086380002,19.3566189826,212.80780183,99.86984099,119.367515078,245.52237216779997,2450.05091098,488.64914392,120.513581072,1728.8944241329998,752.1463239582,864.449767584,1173.15864351,673.7186551241999,688.9176751386,2486.53341738,663.0277204264,14478.500203839998,26.578599872
4817.135035191999,822.6213265804001,1820.020753156,28.067031318399994,29.561999447,505.8661605790001,625.3946280432,227.5302679606,1506.3922309000002,669.3549547038,75.3686369276,6660.69245877,1028.43040418,4833.37217802,256.5686468484,257.3181560994,1001.6667835348,393.757752138,429.984472752,170.2532648206,3090.1274842000003,627.5547260752,330.09903324,2057.37069865,710.3808483546,344.4643992438,1977.23065139,975.599452918,828.7641766254001,4036.7025224,415.995573875,10881.71342482,81.6139034994
4592.24904606,1.7405713694,1606.8596215379998,0.2092011356,128.91307920000003,332.5267045838,679.7461850542,186.9750002234,4063.4689578,0.8678343594000001,2.8765301672,24.8657128014,1184.64307604,2918.8708093,0.5254407247999999,2.3723959688000003,101.8068611692,142.50069104699998,423.677770986,1.3939206523999998,3260.50689158,216.2592601056,114.413193204,0.1468650788,0.538298814,0.2296353176,90.9480741304,836.9999610020001,0.4410937328,3812.94750704,2.8987654966000003,4404.91062072,16.9580086528
3240.3324946,701.5220109080001,1564.0163129480002,51.2751693318,36.59479459320001,28.3226983588,251.984438859,7.353480122400001,444.567355496,789.0672369000001,149.9368321644,8916.68738224,1994.63903966,804.388920244,674.844790264,651.9867024928001,1276.8164606808,1235.006047712,586.0713425916,0.1042591183999999,3302.411825458,1.4431599898,731.4884302328,402.5767436512,1.5821504495999998,456.622930204,3174.5629103574,178.626653364,764.4039703579999,1448.99990328,429.9678486168,10948.67188856,4.5854714234
3244.557962938,1840.5275596544,9473.91201016,138.8538651364,98.6773551784,1340.1144306208,920.957501772,683.098556484,3909.9635988,1085.5777427884,60.588006066399984,13424.82925264,961.7474815000002,6855.846324335999,136.45930139339998,168.4257360972,640.2790372488,426.29057458000005,332.6647900268,31.263142093,4903.23737044,1036.121945694,113.906110608,3631.1361048288,765.9727710848,824.2348764559999,7600.074270393399,1806.96036066,877.7768680828,3528.4430174,514.5005955202,16791.29949964,115.01507991399998
5124.278565197999,1537.1043195464,5584.54181178,239.1855473274,116.4131489956,935.320223126,446.643670296,153.74786270559997,6203.858023,1461.4057650744,37.419435626,10549.17271716,916.97315194,6359.2739666,186.7321199112,98.88750996,669.4631972128,662.9389482559999,509.4536074076,137.1544918514,1546.514106,468.7452519252,437.444596558,2007.3087766922,483.7404630142,664.092469024,2015.31183249,708.341126563,720.8268551767999,3919.7276506,1487.090507936,15152.26585,70.1550555248
5242.069621684001,157.1841940462,1948.567166622,85.82823764880001,78.3270186302,637.629376208,984.5641801244,267.579935504,4028.44965868,314.3035348376,31.996260319600005,6667.981538079999,597.5728434939999,4889.49256164,228.586995326,94.3378194942,361.568694967,271.7721358224,428.44374277300005,80.42201183360001,4055.9654207600006,767.621573314,111.2150120676,202.032193419,124.50029851619998,187.0101488304,816.3753554900001,1426.707251422,189.6833402366,3637.4016780000006,323.0083725558,12217.71678112,178.9298296724
4984.83444816,475.2100263382,3006.54645234,150.63220334919998,48.72636984,295.12341803,705.0655746680001,137.6983633388,3969.726098,719.6528261945999,19.098004269,23274.9106964,2386.0847478,5376.3809576,53.82123129,58.790299336,166.35311775940002,213.099281364,403.2689479468,0.0,10841.5374194,424.69408648100006,238.4906879506,748.1131906114,8.6753709242,522.230242858,316.4093431668,1170.08469262,175.24138687919998,7253.7227952,846.798066748,23907.501226,72.317690132
6245.50116558,55.3943263824,4561.810475944,36.8251385464,20.2843272514,88.2456465912,233.88361949480003,67.6659481646,3131.5768226,507.6073122386,26.4693408966,28724.389162,4068.7093438,3552.698443,133.116863607,72.8127133934,248.65392061840004,509.036570382,285.80796363720003,16.656372309200002,6813.784122200001,78.09395901799999,141.9048494782,53.1946917082,12.8815032226,94.553498646,5615.7812098,1087.4556697942,290.04983326600006,7791.734034999999,211.42760519900003,27725.790703999995,7.1323827256
10843.5681906,5915.171408748,3823.9637188,953.100675312,401.7230296400001,797.89748844,1623.7738378999998,306.120677636,5749.5101476,5029.581644,149.823309828,14533.36855604,2535.97693572,8259.8047246,775.351815878,451.667426452,1628.4955415,1593.162325362,1847.953836276,1046.981645196,4935.2995663,745.463329588,921.736921978,8246.633329256001,1652.3835292618,1726.34511524,3849.48114544,1342.37141382,4538.55799168,7753.5168882,7038.2994958,29868.0518656,131.7191123046
6374.1032566,2100.92698306,2115.61008898,270.777455286,226.9947460538,1189.738444038,1119.60714968,180.05583790699998,4702.2375824,3960.9590248,32.165038574,44084.921436,7758.218091199999,5164.70413776,150.756215484,31.548636029200004,1331.99801116,942.634878254,1192.691871268,137.2965208492,5092.84329954,728.2249441380001,745.0003530672,3813.03965072,710.086420028,2185.0165316,685.02042558,765.19382542,829.640329074,8332.181113800001,2307.93046726,49008.971842000006,108.070134091
12262.0490368,8767.214096799999,4456.65527308,1294.6697230276,55.8420337238,462.342441186,914.6415722276,335.45345179000003,3315.6321955,8834.1056268,27.7077067902,21075.2423652,5612.420434199999,4833.5347538000005,2029.864200942,250.210221626,601.8773868907999,2248.253591928,660.7927325514,1967.70040114,3402.309251,454.6544617850001,474.566730247,11139.73423,5486.8308162,3666.879915,7786.7651192,2019.711653632,11624.584553842,4906.1740752,10705.6059724,56015.945496,76.782940832
828.8523531999999,19.9591155018,23995.0397138,11.2050059288,46.9192703668,1116.050474266,167.618736142,16.0257599988,7257.3916926,310.0702538712,451.88111053780005,276.557545164,3928.18253892,5257.062636799999,627.5457065142,782.3452688366,2558.5462622214,1649.9444652254,735.8121038728,94.317928046,4265.852827182,154.5438348882,488.1321420564,49.603798382,76.0140016208,11.7270426248,15163.240229,181.086426846,1676.0594670724,5914.872508,421.9957288534,2979.314522252,23.6592480698
3425.8774655200004,1216.2224023156,18814.0394048,5.335799810199999,127.4529545872,3117.4730968840004,1450.716572807,314.9897827542,9095.148988,804.9660742692,497.347011912,771.837577728,7408.2282694,11872.9286088,847.551175904,1185.779739664,4775.70209834,2069.37282158,1623.7398011399998,996.8021460162,4153.21841948,896.4427794786,1809.87657244,5041.4999966402,4677.9881104548,477.0141405464,17530.634158599998,1992.73778802,4108.2006887,9630.5971948,164.695989532,1642.2435700720002,77.8315431978
876.555736996,3479.896586008,21450.2402608,38.3881985042,326.16184569200004,4217.3978791,1019.9086233522,323.5775542437999,5847.366445199999,521.0283240425999,258.5175358658,901.40142384,5467.0702176,13476.5089566,1545.53112864,985.152315242,1919.7173474906,2519.137888136,904.092473263,615.2119723212,3170.5439354,1055.6401831276,339.84187726,4643.24115437,608.1753924965999,555.1081212116,27150.9510022,587.5879146276,7297.097960886,7852.8541524,1759.8344049422,2031.0161719,169.9731021568
88.45570430000001,12.453991083999998,9890.842219,0.9680539354,1.118299999,2184.64778918,0.3184416638,188.5851330596,8203.0040458,5.5093625212,13.326171772,780.406543884,5635.2640848,11290.1678892,28.6988670312,25.9358050474,108.92988134460002,36.7376600584,29.203289370200004,86.1413251936,2682.33889734,116.232414767,14.8705497078,13.6473079192,67.7236613004,6.7158034552000005,9652.08960882,10.4090628192,78.734769598,7051.699401600001,7.097533923,591.3014745366,0.9756489066
1806.563169112,623.3402932696,9639.01346616,52.5002405,39.1422660194,644.988084836,200.3284150168,134.511186821,7635.710979400001,846.5115222338,20.3298084922,19469.78707493,4468.735735200001,15239.1486612,159.9802292624,73.295932376,147.7087900458,54.6965545692,292.5260250844,188.8815115226,2849.268302934,238.953250228,90.1945895606,641.5747656003999,171.8067288404,378.2833716972,2691.519522,455.912162346,963.144312361,7870.540065600001,880.4556655662,10592.572146986,4.2252066666
13368.8355354,337.98488520760003,2955.925228478,248.8573023722,169.412764216,295.2975311248,1373.4315561224,129.78677277,1706.7160717439997,419.9252025039999,131.028482708,3755.59262024,4974.6841088,4021.2959631,1351.161630798,430.727530484,2482.137823818,1215.011788588,2178.3291209686004,8.907016693,7628.046868220001,59.065424328800006,1173.465662046,82.925784164,16.5713243054,242.28090417100003,12587.281139302,896.3110438779999,1810.284683996,6031.153472754,932.2817883446,45875.3664832,16.052990042799998
2065.7894638,100.6835495686,6395.19502466,1.981713089,47.478578735400006,907.919371024,223.050001914,197.465025186,2736.94224982,195.61662031660003,42.80815736780001,2350.131213304,3232.42766748,5873.33164228,161.155481116,245.713129217,947.18184327,239.436503772,312.888583498,103.4082464524,5208.8354804,261.478495542,200.2873118174,275.27894859440005,135.091841817,13.4714678542,4985.69147601,809.42862152,519.3666420532,2824.38107516,25.1723874456,1732.49335566,30.8436840258
2728.143334018,208.6403463692,8855.640024639999,1.8653858952,11.1027504732,1585.156285636,181.7744756534,579.89028031,3907.5404315,18.5407865456,70.3427528392,2800.186239616,4473.74515054,7329.704637719999,162.8626809538,81.669796159,341.98542607,483.8013751642,196.1938930844,100.3682497188,4814.86976068,860.2978709843999,252.87087096500005,640.5987421826001,172.39076032840003,33.8369759092,3004.4254501366004,785.132144574,186.6410387716,3496.70305594,125.148372784,8266.854110796,42.9752049484
686.474471162,1831.6246535088,2243.95016443,11.5842219362,58.9142799372,290.259402282,209.7254281334,56.985834408,2647.13935538,591.28622295,4.62089775,10813.5152726,2908.179746738,3538.1902483,113.8648486868,25.9486266194,46.2770051708,42.2979949314,115.90497027,180.06748631,725.4023628719999,49.8094112566,77.51051060699999,2083.86276172,784.4216774253999,568.7827446888,1461.716139474,474.8113895099999,481.75836401999993,3212.42654392,269.6237527574,19443.8365774,1.4853353675999998
1125.994428599,933.006616752,1475.03218382,72.2579905802,27.028988403,95.1579735828,154.8783846202,19.9944885408,297.1680659,394.574749246,54.54691312,17700.654503799997,2468.155484432,829.42283256,353.190833504,344.530975654,502.351013146,569.531845824,317.859891722,1218.8920504335997,2352.18380368,54.6081235224,127.3933426206,3470.5799623679995,2388.5346637734,382.7358222438,5436.076616439999,202.3391340722,882.9772437915999,1514.640872444,516.9724477476,11491.20518646,9.7125817336
136.129471738,143.0782340784,1350.4271612200002,18.9578180066,0.8311742096,119.886803196,2.249811298,2.251227928,3048.256159,142.51513104140002,9.4914588496,1881.8590355,401.76556185,1089.56662234,64.92244009999999,78.336611602,80.347630172,76.4272047166,7.3693731986,24.0547220154,1165.71639168,1.5231879622000002,2.3567712352,148.8229436696,192.1788622436,11.1388023066,1073.290476548,46.2725311856,221.6572287152,384.94079506,214.1779108426,1198.20114672,0.4740917996
935.04276858,173.287035426,578.3647485399999,16.007831321399998,0.4142257176,302.034284048,14.6567466666,61.652854065,375.011660848,194.6925009154,109.1431286048,1640.3014778600002,2094.18970696,2905.27414748,136.112709603,123.9689515588,362.539861829,307.93038329800004,4.2752361356,208.2430925026,3082.20748498,14.6282132602,7.9717393058,500.47399958,317.130768042,43.9788532144,761.937196276,157.8742642672,566.9993953878001,2351.5564884,116.000981258,1386.83093014,4.342034161
1072.06191322,33.888143646,1765.6327851,1.2792457246,11.7102496602,409.360112746,110.579378782,200.6296863888,5473.1364672,129.993217405,8.1503791784,942.222662892,4524.6633574,5137.9843888000005,172.14717707120002,37.411997224,83.58907126720001,111.72520433,174.99992140540002,0.5502077396,7406.844383000001,357.23005187620004,81.6815219028,57.78523903600001,7.792801131,16.781321424999998,1136.485954008,514.698845506,241.1728376822,5011.217294600001,38.1345075172,3490.10553676,31.5552019266
3395.2728496000004,2.7785584148,5040.51458872,20.7722591278,75.0875760766,1430.44466464,251.1067074558,94.4423845606,6633.7535112,55.8149991666,32.994889024,2184.4697344,2060.732400682,7001.24263922,104.7541060962,107.210141548,81.8900380332,357.186810298,195.6801525834,0.1416952444,3083.5650564,402.1303726406,20.8975130082,7.2095065718,1.091530465,0.7314824746,3176.5753926800003,891.17411558,17.6354960076,3090.98732338,86.23496606,9465.9156856,68.60210226320001
1035.6548726062,1412.644210112,5631.99142114,19.223098264,37.0991662872,2752.51180756,48.4132797848,90.3649843788,5744.419846,831.6515060256,17.988085578,3787.4565028,1794.37882124,8476.565541200001,540.264430097,124.96567591599998,76.0765746306,176.50787838399998,60.4998779334,984.91311144,1773.8275617,184.884903987,24.829627144800003,3378.43823986,2141.0482323,877.729106279,781.272314468,472.453146486,235.235084083,2388.6460724,415.6349682172,6094.23147182,4.3716685278
544.7499640118,530.7928113846,2131.718120008,8.7895005522,0.5572997606,133.5717757652,15.912879756200002,81.5671555792,4278.1154088,93.0178335734,5.3516672994,5184.952570220199,1255.0624795,6610.053050938,8.2431828062,3.9969217262,1.2844495162,11.5991140278,11.5453028152,1026.32950404,3889.90274594,13.7058797644,1.2721869034,2988.891623266,3379.45468016,93.6554787948,180.768135996,90.6060267336,31.7859974858,3236.89982312,67.920374284,5595.544746451999,0.0
2090.3150735946,185.9166491784,575.170196112,0.267220323,12.5513074456,138.81724930399997,306.5957593834,126.07219516,1494.70922084,46.2838818516,26.5098461084,3168.37966586,3453.8513362,3814.7577211,52.06717165260001,80.00276546559999,109.2558656164,48.5366585454,274.5286402842,3.8255301222,2470.7251357560003,175.8403038734,582.0308174048001,450.7748147486,6.2352071338,19.64143734,252.4237283052,1104.84343528,5.9710012458,4786.1802666,8.926152137799999,4599.755374300001,36.280955547000005
6145.0763865300005,90.890925442,16984.069894474,0.2047226066,209.9921774,2415.7118905978,694.8855694338,542.6597872304,1375.69772358,0.2242139468,163.1938291994,299.08388047980003,1586.844415776,4029.4424244122,317.71072609860005,358.6364359446,2250.6630521502,1245.4830983336,1405.2811526275998,136.73414314279998,3763.532448374,1242.963014606,1217.2042751788,1098.8379687601998,634.3577175044,0.1406801278,11556.649943252,1499.0831307418,77.0004640152,3367.8397374200003,16.881452845000002,3819.408082438,109.2454546086
4564.186278928,77.690231524,410.643752402,2.661138411,72.913567367,395.71226127,776.9020495832,90.678639606,1724.6518788,6.3366900644,11.1760785836,177.5871780518,3765.007278,3405.7684744,62.6306216834,31.8915462334,88.408622032,180.584505142,421.30210505840006,293.3238695248,527.37648238,262.7980806482,134.08482139740002,452.3023724748,260.4941633354,8.021593504200002,59.57491751,1016.033405622,24.74272282,4856.8757566,15.7155253446,4431.56509351,51.166557755
555.846307122,438.627436454,1913.63182268,0.2446733246,26.8772778218,476.1210478176,79.436574162,101.8436758522,1526.19935084,94.6136400228,53.3911671804,513.9756171082,1377.70551472,4243.8179812,48.658018494,94.1161499794,576.0229609354,273.0800984936,271.6121661238,534.3599327926,4082.226887,255.123219224,286.9680633652,1204.07819876,1099.451587497,37.175554968,513.727533592,253.047811178,122.7757253232,4167.5631472000005,27.0742090836,277.3563051108,14.7202551124
5605.10102006,305.6630076632,3165.1438519880003,78.05013482,69.17828898799999,866.1496227824,610.135196026,139.94005,817.3777260971999,271.824162032,18.0943666312,2667.467758872,1594.18468034,2582.283210506,140.0622603802,43.1433926372,383.1947845756,486.897510695,516.4872249242001,197.411999494,3800.771429760001,540.60843854,229.5945986908,822.54194494,337.37672952,152.15858839900002,674.5245141814,869.0582698856,289.00517107739995,2957.60827552,409.264953498,13575.891804314,75.069210906
7407.6406384,1035.7022089400002,10091.89716818,182.968069391,81.65610449980001,1814.778365098,309.014592776,173.440543537,406.79977982,1352.41136976,303.3895258742,6615.241005599999,1657.153243954,4012.28293,1256.189065526,808.0225480116,2675.2978149094,1553.6725328214002,722.7812916586,432.3389539074,4380.23267142,395.8222539594,636.5950490811999,1345.279965768,913.948836146,187.3796070544,9105.441626,923.963919374,2127.039200036,2556.2846164800003,1853.2383879,15325.641054000002,28.9409342086
659.8336951312,141.487112367,301.8602530472,50.82663904,2.7129449088,34.768876237399994,86.80238134460001,58.599818204,351.714794504,275.826936792,44.2168183756,67.5861462848,1915.7444265106,467.855801958,211.8665423094,100.1446462844,159.2634894138,275.461474852,26.8664373976,272.15816562,470.32539234,90.2049600622,46.070056820000005,392.1652559618,465.6883876876,56.7730123684,720.4103247594,130.905821462,1504.6209072964,820.4825293740001,422.0738234548,2220.796533494,4.021503298
5.0225138862,316.752033562,1484.2093074412,0.0258313986,1.7742565824,48.165748053,6.1921347426,50.64696579859999,87.1747149238,227.9716676868,0.78639807,3413.4680751452006,571.1235159109999,1709.1542138592,0.253875285,0.4637467944,0.1986537462,1.2828879558,1.1003542134,67.35183071200001,549.0159356916,50.1593606908,0.1176736934,1080.457971,312.29277756,84.529617392,861.3229259871999,24.990325894,106.439218754,1197.8521579496,21.258943345,2341.7817041804,0.1420934545999999
616.427671059,723.156108832,2659.230871345,0.1524690442,9.1925180792,139.0985438746,244.2587089244,72.68167675,22.647144581400003,73.4142260576,6.9936663318,745.1582107904,263.7189049372,2936.756393378,1.6849456696,6.26421004,239.30638332920003,96.9233026528,210.8764236278,323.2789886614,2019.628321656,158.99006138,173.99693914000002,1566.287240382,1045.6825788838,168.539767334,1123.360106184,312.6725580066,0.5036810523999999,1337.5253368746,1.3679111412,129.2147800392,23.2374087552
619.1282592978,0.5230446002,738.0572121916,0.8041169842,36.1012540638,175.10000932819997,180.866727924,114.060496708,25.3181719174,3.2499211182000005,11.1050519946,2.6574265830000003,2337.062643812,502.677604886,14.1896732324,18.3553362026,100.077667788,50.7710121536,194.1029045136,0.242853137,5680.56383008,211.3247995302,105.11199552,4.0460460196,0.6933778196,0.1371097514,274.7510370286,247.716924044,44.3318406362,2431.4137902054,0.8790855162,50.840279533,22.1682379462
197.53308222640004,118.9803379812,1198.685611818,0.3264919064,24.5680816134,106.6564722382,84.95659671000001,21.1521855104,0.2331003803999999,31.5178035944,38.5260250814,2403.5576282674,1.3120175458,454.3795785,89.3512433522,75.36476981159998,650.839408262,334.69829885,148.515865614,7.376376973399999,37.405917624,68.9240802594,208.411554912,230.6549145592,14.8705883664,58.84235192,2760.0733748118,29.1219452478,157.710573065,24.352178196,6.8439564304000005,595.6582676092,8.9014071234
1562.225011804,285.7846253226,4318.87368272,31.568485092000003,64.293244602,47.1425649982,498.0093453274,50.71949762,1.1576239620000002,213.49150599600003,74.9401678136,7325.414853762,19.3124474518,564.8782462400001,435.5434824739999,251.2959549976,1632.8826274750002,642.391629858,751.9225285026,83.1903371366,118.1744075474,110.3065821202,684.2422067838,826.9963500902,171.7632285268,140.89880083940002,7494.803896939999,444.5074244736,679.362718466,6.516373141200001,257.826555434,3598.9374826,17.848403139800002
1381.1314238399998,22.8287699312,858.2314833840001,23.2800436118,37.9013028262,80.4311313316,267.282135408,32.3217048546,58.70298499,42.9517413152,3.5923522320000005,534.878773436,133.402886032,930.30564284,37.9376431342,10.397730305,101.0728594272,111.5605387568,212.37033232,2.649103496,815.74078768,57.32495012540001,117.389142862,29.8214469304,17.848343255,12.7480959976,632.8498814202001,265.266821,94.7963883,170.9501095192,101.1348646934,3154.86632984,10.2208248904
1154.688887168,259.425382197,686.2169330874001,30.15305642,24.126159054,196.8408686518,219.1064852,77.12577674799999,62.15034754,192.5539593098,34.5544120664,2725.1368300592,105.8367957804,1083.4826816918,214.0051821702,112.0699914852,349.4838969704,291.8518031532,173.39618520480002,98.12238988,383.0396600318,167.73447302,139.328329556,342.50136651540004,197.9556988208,120.8103849826,1631.840691475,327.58930896000004,549.7487821322,154.832173918,261.134298457,4978.988474997799,20.365006402
1069.6033203794,6.427105774,306.7190442122,9.4025884924,21.5609792,3.936747793,124.59634918,0.5240621277999999,0.0,8.014139104,38.8289475654,3.7279008492,0.0163230794,12.58426068,157.40882282,96.5539110052,412.7176721786,325.42043877339995,209.33398118180003,10.278320476,3.2471511202000003,9.654683566,214.220319298,65.45790226,65.73278374,0.0,695.21647058,97.16635564,342.28198866800005,0.5785660694,71.75875078,1214.2858214108,2.4845045734
1309.8063748,186.6916342524,1941.24905308,32.874860192,61.755315678600006,458.0974814274,251.1122387762,33.520845908,46.86828488,247.1775033316,5.8123297334,977.5687523198,0.2458083407999999,375.9147811722,72.18280880879999,16.4012978622,138.045089996,118.4918476548,364.8082164894,6.76982316,83.30212700519999,133.9002818466,168.78399741,193.6853906122,43.0784155258,97.804978089,84.608555354,195.785051632,215.33293652440005,39.1136422062,272.4285560398,6761.57075052,22.176052024
628.2143524,421.5801645116,223.4374507318,14.52203672,24.2746260504,86.3605157242,167.308965216,140.00643085,32.70656186,270.58655666100003,2.3328530072,1034.1503257724,0.035627167,558.6355295188,1.9180939912,3.175800384,15.064383563800002,27.7692476024,51.008063884,35.052448286,192.667085722,328.244365874,12.033096182,766.8297611139999,241.16690724,186.6668156658,38.4956731364,347.56311986000003,73.68430194,34.369985886799995,168.55072760000002,2500.7899025112,35.3357909974
146.646868966,0.0,264.892965186,0.0,0.6078353088,8.011173898,2.1169321236000003,14.6634507584,4.4160768500000005,0.0,0.8033972818,1.3089803702,0.0,0.5551920516,0.0,0.3980487906,0.9142900736,1.1577734842,2.3219772932,0.0,46.9878225962,41.8240821738,0.1499437128,0.0504915527999999,0.0,0.0,6.3827388122,46.6799062974,0.0,0.1725588878,0.0,4.237927115,1.6975689075999998
315.644671626,0.1244602204,270.89807077700004,0.030672981,0.0,75.25261523980001,5.8653185426,61.1303772912,0.0,0.5256714428,1.4760039262000002,1.4172547512000002,2.032371647,553.0223016980001,0.0,1.2540925916,7.404147099800001,3.8146371776,0.2520207721999999,0.0,118.93105433,89.0243564236,0.0,0.0768360888,0.1202317411999999,0.0,11.1627463548,95.461763948,0.0,2.1219348032,0.1791415308,4.177428951,1.9950682664
601.1781452,0.0,4.823965912,0.0,0.0,10.45044915,39.75885349,35.62998159,0.0,0.0,1.818562203,0.806738229,0.0,9.547227492,0.0,1.636419205,0.144293195,7.537051541,0.0,0.0,27.63407229,117.9127046,0.0,0.0,0.0,0.0,0.0,241.137604,0.0,0.0,0.0,5.229515773,9.243721754
