BM,BTG,BWQ,CLJ,CT,DMZ,FSB,GGS,GTQ,HK,HLS,HMS,JJQ,LJG,LK,NJG,PS,QJDQ,QXC,SJY,SMZ,SPY,SWB,SXC,WC,WHK,XH,XJX,YJ,YLJK,YSG,YYL,ZT
10356.552695,490.10101798666665,275.26905443,143.97763247,0.9462027176666666,11.828233708333334,158.89650203,57.01333526133333,1009.5498435666668,625.4764715,112.04274144666664,10651.594607,3456.578798666667,1373.6130431333331,439.1440191966667,273.65388661000003,847.1945222333334,534.9248449333332,61.22775854666666,361.0748786666666,7169.492967666666,49.136435087,178.09563385666664,1066.1444381,436.48639119600006,486.4795235666667,2763.7449156333337,825.8366724133334,903.7663198,3827.8400760666655,1025.7971827733334,17296.239021666668,1.3190734053333333
117.27829106999998,1554.46583468,16523.742142,0.70837563,0.3627542433333333,702.4523638066667,15.819858504333334,5.572076420999999,7093.5913513333335,409.43359603,17.232073508,2272.317900833333,1136.410178933333,3424.834721333333,316.84880031333336,116.24502185866668,14.352674213333335,123.89268787666668,5.006911988666666,491.1967576413333,187.86330631666667,41.899332226666665,0.9693244563333332,4443.2768182,905.2108473666668,287.0467393233333,12224.819061,23.391787220666668,367.4308736333333,2851.042099333333,21.801739325333333,1541.8934475,4.006028258333333
2598.4555124666667,2159.8771353333336,23386.88668,97.75180117833334,8.229992092666667,1825.0521456666663,79.82138076333332,326.05479572666667,3852.3914493333336,711.1918216,182.49981614333333,3601.967523033333,1063.7786181666668,10439.604101333332,1279.3349759666664,1163.6554162999998,4347.735633516667,1930.6706767333333,371.062087496,378.582300068,1835.7660648333333,851.4318984333332,657.105891159,4631.434487666666,889.1668778333333,569.1680679133333,14422.338159,600.2815379333333,3123.010612,6014.594779666666,597.43203074,3002.968678366666,53.294240927
3839.2183265,4651.238366782333,432.9555853233333,27.299863428,15.008122299666669,17.044892881333336,118.26602657666668,7.1296587733333325,4773.812360333333,2424.4462074333337,234.984450354,12099.604113333336,1002.8161848333332,6680.213125666666,675.9234114066667,591.9745506200001,1675.361229661,1491.0728636866668,344.9818195533333,4.731186766666666,923.5438844233332,12.694145302666668,999.3644984873332,3178.7526438,25.31611610333333,959.4090531333336,650.2223850633333,116.44523378,2352.23192134,5725.268255,800.3439389333333,10959.575492333335,0.88296987
602.9658908,3.344004222,2169.780926826667,2.7229512566666667,9.460990655666668,338.033933622,30.074529166666668,127.858188544,6296.701392,36.03650871733333,4.134332011333333,2847.803636333333,5493.099922,3041.476131333333,10.572766403,13.368482707666663,1.130926135,28.640375865,20.81219485933333,0.920770936,5332.598391,254.6065857303333,0.3117383146666666,19.55332240033333,8.737003931,6.709352878333334,105.53728634,266.9939622566667,18.83169659,8139.327917333333,21.32401164833333,698.1813824999999,5.157459934
1456.4367126,4183.469243533334,14555.877311333332,94.02255492366668,150.3595803433333,2479.72250491,280.82420720333334,163.25245421666668,5787.091115,2745.0329299666664,67.08905806233334,5292.071521333334,2480.1968747666665,7576.591083333333,1696.731572657667,731.12015238,929.0188231866669,1215.2695624,2018.2064727,251.7551604,3002.501273733333,419.6582783966667,450.5255260333333,3964.4650789666666,969.4366504333334,1271.1759437166666,15384.081630333332,325.83585338666666,4858.322475026666,8178.746480333334,2357.826165793333,3481.198968666666,22.292097317666663
20803.023366666665,723.7229938396666,4989.667088,96.00858811333332,94.13204205,1005.96384,725.2182527666668,1246.8358135633332,4168.679148333334,455.4850625,15.655307779333334,44434.75417,9027.773496333331,5465.511264333334,112.80540503233334,29.57938715,499.7000870666666,1050.58419833,1067.1275564333334,5.580849355000001,9298.990095333333,1848.6078838333333,504.6708381666666,451.54031152,34.01428348533333,614.2602255766666,171.06185803333332,3567.654477733333,125.48645554466668,7750.421793333334,1115.930771886667,47953.323456666665,203.50155656666664
7399.158113,8204.0076644,11171.345971833332,1041.9060941333337,239.31939143,507.2655085433334,901.6703559666666,23.74642480733333,3229.5767926666667,5260.456198,108.148009426,21834.578558,6234.259322666666,4395.902153666667,654.2982827333334,180.76410739,1739.1683114400005,620.6092529666666,1354.5485831333333,288.9576186963333,10685.961091,188.41533774900003,835.3990821333333,7661.805969966666,1082.8011423143332,2336.861257333333,6515.796000000001,328.3593126,3964.6552446666665,7741.506460666666,8083.5891986666675,41466.55465,30.23051136933333
8320.632840333334,2472.7222552333333,4650.445448,40.289179391,68.67361715,256.5429540933333,1438.4419169833334,221.42415290333335,4557.248730666667,1777.7545229333334,186.10071828,3899.7200403333336,4531.698912333333,3214.209533333333,1654.2880850333331,422.1723610966667,1991.214270466667,1887.81029574,1221.7723899333332,2686.2119598,11446.50355,538.4700159233333,810.6801123,4467.4679225,2694.8488273,367.6881599,9386.751095666668,3661.0829943666663,4544.737314666667,9349.666549666666,1130.4730685666666,11347.383505333331,70.09875335833333
2218.4832937,2072.1859449333333,6666.188399333333,141.86231133,316.041313725,2103.401009556667,415.1441028333333,56.871313613333335,7509.783715333334,1221.3229607666667,523.02906334,1816.54823,5860.953565,10082.787043000002,1527.0968710466668,1337.88413106,5812.757573333333,3872.5628682666666,2382.095704833333,987.9032830666666,3650.720501,650.1674192066666,945.1682904333334,4994.804179,2232.1725377666667,1056.9913309666665,8883.550809999999,199.2467327566667,2210.2764876163333,7913.63751,819.541103,3030.4035093,105.878487502
1590.3104429366667,128.17385586466668,24168.197603666664,0.8339006063333333,321.9596970356667,1030.3843115666666,236.19950505466667,22.112629506,1779.9155575333334,8.555061860333334,168.06531046,66.18580605666666,2778.2427098666667,6005.372269666666,803.5601805766668,653.3710831366667,3961.199021,3768.95763491,1713.1534113333337,184.23271793933336,262.26431956666664,88.94076172333332,1485.9582980666669,136.351763487,494.1139608043333,9.665492484666666,14176.190661,100.961162502,187.205855543,5286.758317333333,106.73544950433332,870.87611248,2.45612701
803.9672325,178.7549462766667,25111.0370651,47.035654883,1.6673077550000002,2066.78222851,6.485328293333333,126.06799009,4796.327307,329.57046332066665,25.60855804233333,705.93828303,1807.0801510666668,11278.223704666663,506.74415546666665,256.8277088073333,49.22757744066666,160.12784108,37.49628713333333,103.9956427,1281.8372330333334,57.30819911666666,13.662245333333331,151.289354107,368.0862276503333,3.012333724,7446.956534,93.27943901,2583.1609163966664,3775.278379333333,392.954439588,833.4866462966667,0.6729077766666666
12850.908189333331,4117.220724533333,15422.192027666664,208.42660234333331,394.20134139,5302.937003666667,2318.0618283333333,775.2202653666667,2670.5212936666667,2229.476119664333,118.55923513666666,11579.569554333331,4624.307635333334,6974.623662666666,1051.1894483333333,821.9253406666667,644.1683651,2194.9647753333334,1963.9980078,1567.6943621,6358.034143,2266.0698714666664,603.7788658666667,5153.847148,4210.391877666666,1412.223017433333,9497.113166,3686.209324,4036.737282666667,3166.129057333333,2694.1613449,14735.39622,204.10841842333332
3623.6910863333337,423.7318824783333,4780.321627,79.16004297666666,173.9639482,473.1871556866667,581.54446589,36.62651249333333,8213.938073333333,216.81881058666667,199.69320743000003,5925.747853333334,1319.5304798,1965.1057947,1658.6577225666667,1637.0937096333334,968.8936063333334,2001.0301688333327,908.6790374333332,38.257166053333336,1088.9994274666667,151.67933213,304.060505,234.26884022933336,117.87760505333334,94.51319804966666,13201.367329666668,672.5805170666666,2687.219540833333,836.6996800000001,968.200802,9316.040577333331,6.038910914666666
2363.239733,478.93258230733335,8837.235529333333,27.981542131,2.407061452,1547.4667403,167.61114243333336,428.9501361366667,2745.061815633333,140.41642968333335,45.12649708,1632.3607299000005,1871.896231,5191.630816666667,624.5142022566666,155.55982848333335,470.63693963,252.7054387533333,106.46998670333336,0.0,9223.592088333333,316.01931239666663,57.90991487333334,996.3897280433332,17.658258018666668,56.31122198833333,8271.723039666665,881.2539101666667,214.72859667666668,2557.659294566666,76.44967921333334,3402.123875333333,5.919021635
1980.7587577,3440.293889666667,6659.734890666667,31.85017874333333,17.948454327333334,805.74996255,184.83706589,475.5914109766666,6333.532896199999,149.20900928,20.93081050833333,2189.8631659,4888.837035666666,7605.632713266666,5.249137846666667,30.74821352733333,437.2488871263333,381.0195316333333,404.97823115,2501.4078062666667,6042.472648333333,345.19754717,276.4205210876667,10492.494714333332,5794.39433,260.75716915166663,2125.3204781,1018.5433987666664,199.14921991333333,5921.009097666666,350.0972604936667,1262.7596293166666,59.83653041
2075.238451,416.09029784833336,467.9974765,8.473376305333334,5.056827977666667,47.02364594333334,96.28915382533334,14.163505662,374.1852126666667,99.29757312666668,92.915815462,6027.228797666667,5792.669709999999,1653.872634,362.06024756733336,347.402840398,516.9277390000001,710.2073342,260.38528621833336,3509.082626766666,5112.802776333333,11.578354950666666,39.36099305766667,2126.5136587266666,5110.476224629667,8.947594916666667,2411.2272706666668,136.85515609666666,289.758036999,3939.187465333333,367.6429696686666,7726.163901666667,3.679657893
160.19289296,265.7746761216667,43.79122864533333,11.618586308333333,1.6029862806666666,10.149951611666667,3.3774369316666664,0.0,2553.27049305,265.35427280233336,2.0342153106666667,3264.5968993333336,1808.1231851133332,616.1598084999999,1.1331828676666669,6.899286893666667,19.18258880666667,73.93406000266667,4.048549056,4.000322441333334,5949.849192776666,0.746909978,1.636127718,106.62067466066668,11.900424048,64.84045627933334,731.9928054866667,6.90707948,80.54080368833333,3548.7898555666666,22.581418367,1046.6671292333333,0.0
107.80310080766668,104.51970041966666,3730.0943191,13.879445812333332,2.873993149666666,1778.6028230136665,101.50916245566668,0.2090332313333333,5991.427429333334,282.54664094266667,11.898980701,6933.055748,89.65491970666666,6488.0274951,33.575040699999995,0.5980824816666667,753.0233072673333,75.55448088333334,27.487399259333333,61.57789540666667,367.5976544333333,1.8600705656666665,212.22108463333333,459.55524,180.514009518,10.135524947666667,4072.4517529,3.1192668156666667,140.11580298766668,2455.5242196666663,452.274620014,11997.141508666668,1.358748511
2001.4728977,17.3955822,22702.9827425,101.69079430533334,73.43818125333333,2032.5568760133333,420.45383025,267.8295186,4657.392654666667,220.85884983333332,70.90871252766667,1909.6401243333337,1082.39187889,7340.045092666667,39.03267150333333,56.364104631,2423.8006612333334,355.12342652,3859.8170989333335,3.220344186333333,1397.5151642666667,513.2800406666667,1283.04256301,72.457102622,5.018441483666666,9.552760236,11822.794713633331,1878.086743366667,153.97304796,4871.8559903333335,252.7647362426667,4588.150952666667,36.63078946
11850.161976333336,3261.4999746246667,1921.2032766666669,193.65528618,94.69268792666666,221.52993004666664,1861.0854895333332,158.34629947,8382.466634333332,3987.8145435,522.0016372866667,12894.373608333335,7137.245823,5016.121939333333,1863.920082886667,1306.80975021,3518.1107083666666,2894.516246,1938.061253866667,46.87140434566667,8262.070388,301.4414715,1830.2308265666668,3238.552593126667,855.2114942526667,2268.1376153526667,12522.303278166668,3078.7085260000003,6498.140254000001,9049.811584333333,2192.4069426666665,27269.67822666667,31.085223709
11781.622227333331,6475.821018333333,8296.079123066665,270.8469226333333,370.0407191433333,1433.9664129599998,1530.8297329,377.1626338,3000.2355110000003,6012.730437666666,240.68485030500003,21132.676976666666,9644.067762333332,7058.167929666666,2015.0325919666668,766.7716158433333,3339.12123483,3878.751100566667,1529.9418576,642.44736503,10836.228182,1129.4641296900002,1645.1703704666668,9664.530756666669,2165.647370766667,2763.4163848000003,26803.9732459,1657.2108783333333,12012.208353333332,11096.067822,3920.782798,32586.36950333333,142.24943161333331
1899.5998450666664,1004.0833976,5680.060457,138.80443460666666,39.66879028366667,2027.2928159,188.6129824543333,452.04019558,2449.6915681666665,687.5623317333334,9.525921666333334,19099.338933333333,6772.1170686666665,7993.351527333333,185.58414806333332,115.333407998,13.103430226333332,329.3444685333333,83.98501817233334,51.90582884,3714.8556566666666,747.6620467399999,4.9293427843333335,2272.1488698,847.8941860066666,314.07231451,2614.974489933333,733.4394116166667,816.4463744666667,5077.291421999999,691.9701196999999,11522.887045333337,12.787664566333332
2887.35861242,101.967170032,13295.938441333334,106.51397803033336,97.16275173333334,4004.329531,224.116783095,878.3285731999999,3284.3212959333337,841.9186628133333,134.99448241333332,5490.940623666666,5063.312031333334,13137.832450000002,1630.6796443333333,1592.649477833333,648.64664326,2003.8103993333332,274.98548528,141.41228763533334,7303.385577666667,645.1240941233333,182.61780916166663,287.67881886333333,253.9001117743333,322.35408899333333,9523.054689,358.7914041,3013.1362602333334,7282.871624666666,1405.8705614,9860.633327333337,39.739081773
3445.4287438333336,573.2642867183333,26729.35508066667,263.0829087326667,225.7830226163333,2715.83876946,393.785320752,106.24666944,4817.2580024,629.8732599433333,240.90040789400004,2438.7968391,3055.204013,11078.654003966669,838.8820561000001,591.6528873233334,2980.04443826,1903.5732025333332,2248.347966048,107.44473161066666,1257.6562617333332,311.7239777053333,2626.1912068,791.966591536,223.2324852313333,332.19562853766666,24687.938361666664,460.7822406433333,1415.32929131,6228.453323999999,857.0278152999999,6071.858679666667,9.847583168
9992.863856,3453.8803835,11192.724494333335,849.3445718573333,388.55441544,3387.99148654,2119.2915382,372.71793758333337,1605.8266831,3105.108547473333,449.86281087666674,7817.124141666667,11110.128285333334,15948.269022,1501.10448724,1055.166134693333,5511.1844686,2468.0895632,2530.282596366667,68.63994948666667,7349.574777000001,1195.23533134,1653.6920193666665,4815.727989333333,1576.5004427666663,870.8483019866667,10371.011835333333,3202.4640736,3934.5707944966666,12802.398226666666,5746.342902150001,27975.267814000003,129.53302694633334
2411.642453366667,251.31567732,14916.018622333337,20.53244926,438.0026115666666,2058.8551224,1049.242859533333,243.20406331666663,7716.052855999999,238.652483551,215.7569658633333,6936.617597666667,4030.432576,7478.937648999999,408.4230501366667,384.907558333,7073.250474666667,1136.2602169533334,2832.8365746666664,121.98240596,4364.3960013333335,1080.1997130666666,1777.7671616666669,482.3199352666666,471.0163606066666,103.12871294333333,21916.57053533333,558.2040683566667,857.2136635533334,8547.643374333333,120.21173039266668,4723.1621055,124.85478687333334
69.66328307333333,5.918479086666667,11166.289669666668,2.3437166453333336,42.677776166,671.0148034,86.290722459,96.37108759800002,3928.7483363333326,60.90167679466666,8.597073798333334,394.60264946666666,2837.4876902,5498.229071666666,210.64636646666668,82.11335954733333,237.366833615,67.24046624433333,478.25736303,81.943425713,1282.8536479,328.743363174,36.192305541,161.95239974733332,37.87990189166667,1.809237178,17175.189073,25.108431642333333,267.50677184666665,5020.273002999999,189.58105354433332,1335.6451207,40.529168733333336
156.57798828333333,406.5973428126667,20568.416768333333,1.320831206,47.99070253333333,3695.560459033333,59.86072397833334,225.5090904,5993.608456999999,539.2962606833333,29.1195965,1941.8871286666665,1971.591317333333,10207.535090333333,22.63677360766667,62.28393053233333,184.94594486666665,430.3377567933333,206.54126809266663,408.5800781663333,3821.57752895,414.0648534086666,221.5082277596667,388.8534672966667,137.354936774,486.6426731386667,10824.7279,13.013287238666669,206.68275930666664,5642.889498666666,122.97370611266666,2361.5609072,13.919669084333334
2529.604345,271.239435022,16587.6649623,0.0,545.2067905466666,608.4292281833334,633.42246663,604.4660959856666,1343.8520623000002,277.37323827333336,171.37045887333332,4381.2020887,6619.832384,5710.381621666667,121.91848683333336,186.9938050833333,4328.042685133333,926.7618331,2227.9272096333334,310.90273013333336,6247.75835,1188.157344044,1253.3576695966667,80.60067580866667,130.330837897,68.58092610066667,14998.964453666667,604.1877288766667,340.53350213066665,9210.341203333332,220.375490632,6332.733060833333,100.564009996
1083.79119795,0.0875713943333333,93.89423008,0.0,13.401914253,43.69603232666666,77.49676424533334,192.26579571533333,220.41286251333332,0.671041076,17.21002201,1556.0348968,3895.906149333333,1409.9986888333333,20.96595599733333,51.56932720666666,5.162375641,71.90372661333333,45.107151380000005,3.1761077243333333,2168.396455266666,352.88902987233337,22.125251528666663,17.86248378433333,16.946194462666668,0.6484813753333333,3.853199093666667,178.43856688366668,11.340287537999998,4372.937800333333,0.24923642,756.2894326666666,9.811719121333336
6972.128145433333,169.88874641833334,2011.738420333333,0.1407423683333333,340.00822560766665,1175.7882156906664,1873.2613595913333,291.787546548,2081.950974833333,4.450851294,13.113551844999998,514.79601559,2569.2057794666666,2474.266325,0.3596732119999999,21.621998973333334,256.6320510013333,163.83235099666666,1083.839092278,78.89799313333333,3412.809274666666,600.2056961776667,404.1262950333333,949.0270657,191.079689051,1.0447603136666668,4.609735794666666,2732.319534436667,7.963971141333332,3598.9400170000004,0.0449613936666666,481.41554220000006,140.24793696666669
1192.1731265,43.263580053333335,22562.958895,0.117291835,398.7003242973333,6015.528412333333,903.4862361013334,178.75962516666667,4487.475466,0.4674285709999999,12.830479819333334,90.59945168,979.6438496333334,10981.616891,8.767813108,25.67983733333333,146.20733117666666,34.84322078333333,1542.8230930266666,1.0928459146666667,1845.0010146666664,817.0656085903333,280.27797983,116.97395891533334,5.057518105,0.6028948503333332,3566.8773749813336,393.6698727166667,1.54190733,3107.882142666667,0.119854754,1263.3464956333337,75.93035181633333
15757.506728333334,0.055816901,18717.41629,99.13395601833332,361.51991795,872.4947821666666,2434.945975333333,345.6829129206667,2695.2165970666665,8.206113111666665,310.47080452,93.32965050666668,2837.914404,7974.471684333333,891.4976074909999,627.16024338,5007.801546666667,2179.943949633333,2861.380238333333,0.1138177253333333,6755.520905366667,707.61015362,1628.9706586666668,3.531412829,0.082015675,0.0,32090.931053333334,2956.1885616666664,2052.04256045,7309.755834333333,886.6048880786667,11273.493340333333,68.39887800933333
20.391425486666662,1089.08227737,476.6755871846667,220.1445064333333,0.0797624436666666,7.223681622,0.61345655,0.0,1251.6007258433333,2213.371064136,5.829900298999999,3204.6737059666666,552.9483232933334,246.14857035266667,20.358547909666665,12.161740879666668,0.8079857316666667,21.03126448833333,1.6257389700000002,243.78808913333333,137.85737685333334,0.0989385236666666,0.1826599233333333,1592.0467186666667,618.4642396666667,377.8164775926666,343.661183065,0.0005907003333333,2581.336687500667,228.35367728,2328.158750723667,9273.804277543331,0.0
11.371707670333334,1.5590091023333332,14610.71582,0.0,0.014188116,2873.351355,0.536032328,63.25143521666666,3907.911452,66.75547102966667,23.090362360666663,449.6717154666667,494.81823823333326,4347.484366,35.663342001,111.067921095,12.428772843333334,45.83960600333334,1.140869005,0.2236384136666666,270.7074933866667,58.477075441,0.0,2.8788209096666666,2.1950043863333337,27.88277822566667,14990.56158,0.0740149973333333,352.2082787113333,2104.59017,119.15568718866666,270.5605373,0.654030824
735.2123789063334,113.65463137,28857.43976333333,10.252981655333334,15.904908902,1866.0391652,65.92700376066666,92.794965171,2662.9344184,45.19848849466666,147.59293925266664,47.75707602,2260.6992436666665,11435.275657,994.16467314,854.67550992,683.666740273,572.9655487733334,161.14594553533334,0.0258227443333333,1091.0876544333332,310.22767544333334,91.86157880533334,105.44474771333334,0.0741105556666666,1.1388259993333334,23691.379563333336,27.324521276666665,532.503283229,3973.077979333333,74.20038353700001,1021.73149143,22.808836483333334
5.815169661333333,1488.2641898983331,359.6826887966667,149.23012500000002,0.0,8.154255954666667,0.0,0.0,66.28709772666666,1366.3012831120002,22.763431776666668,2247.2951229866667,488.9916027,83.81864988,427.2698585763333,96.74854056666668,139.539326157,223.318502311,0.7052592606666667,615.115883,1502.275399266667,0.4885388843333333,47.42752605033333,1857.9883836136669,1222.126635949,572.9454035690001,317.15467019066665,0.0,737.4081033046667,78.15257196333334,738.0035569016667,6147.920122749,0.2182661886666666
8.726942544333333,0.6892880136666667,14247.3548674,0.1670146303333333,0.0,837.6606991616667,0.272311417,2.550467202333333,5025.637915666666,0.412694668,6.850329955,59.19329914666667,152.43744230666667,2711.738766963333,6.875466579333334,12.261765260666666,1.35280033,14.666608753333334,0.6806500113333334,0.0,265.9321061333333,3.1033694156666667,0.0,0.3402767656666667,0.5187893833333334,0.0,3588.388437762667,2.8092111526666668,1.1237061556666668,828.7075628333333,2.498944295,196.49503722,0.0004245446666666
462.6725019896666,17.713645692333333,27298.76487,0.2934939663333333,48.130655697,1666.0951584333334,119.97382705833336,71.18202767066667,1420.0476640666666,4.814931628666667,12.916586409333334,78.74135551733333,388.7955709333333,5506.967127666667,12.271238059666668,23.971558143333336,2571.9117303186663,75.49805331,1027.721024682667,157.36202303000002,1406.362849633333,119.18184176,678.82565503,62.99857665433333,275.0791273226667,0.6426979653333333,11864.608657333332,125.24029908566666,7.037044588666666,2382.1034086666664,10.238588393,83.15020564000001,2.635443066
6490.7137285,106.627914845,5850.816792333334,56.793344823333335,105.33220510666666,363.4354349333334,665.5380314333333,257.0883286186667,1487.7860789666663,560.562688427,23.04323760533333,791.11077416,581.2144036666667,2878.7811856333333,415.04762291333327,109.663758265,1160.1397393333334,629.3316021966666,846.5208353666667,313.6568523033333,2602.519826666666,689.6185983516667,562.2960298466667,397.33833296000006,240.81460536666668,4.999698187666667,4995.051587,1297.35051964,1392.427438518,4610.342736333333,490.52161673666666,17720.74485511,95.48987422333336
1735.7024717666666,426.04814764866666,2178.3762545,0.8766440423333334,54.316444909333335,163.26047112333333,313.79397586,100.32858143266668,103.24440414,38.472883626333335,7.020586433333334,378.4931558,228.94042130000005,826.0119565266665,14.647174013333334,25.811992226666664,172.845755487,71.62052940933334,364.05389825,71.53294656566666,750.5247412266667,274.6387951866667,125.085100194,972.808217545,144.08214784966663,23.01754904,927.35485017,507.32272407666665,26.900526768666666,515.0209778,20.984758329666665,1583.1566579,34.60106661066666
4583.346799666667,2355.5433111,6064.951044666667,196.60104560366668,138.02614788666668,123.92419488666668,822.7409943333333,188.8559091,59.78897538,1689.9708553333332,117.13658181666666,4900.1796736666665,1077.6625061666666,1745.14878548,511.7693561333333,219.5710291166667,1998.3038900666668,862.6946416999999,1383.8227403666667,1115.403430866667,2288.433489333333,455.87643376666665,1197.9847037333332,5513.936127999999,3428.395783,856.2556633933333,12291.803163333332,1056.9548532,2609.2010336666667,1246.5715437666668,1781.4739626333333,12360.815703,83.26105831333334
1620.5657279666666,16.07203215066667,1868.740551566667,10.549787160666668,127.20973157166668,484.1895704666667,389.3350940636667,53.67119297666667,175.66997843966666,39.75291479366667,39.33441200333333,1576.2326993333334,498.2674187466666,1277.5967318333333,129.487326802,113.66262714333334,137.06070596333333,330.9354960566667,710.8779977746667,0.0859768446666666,310.45770022333335,241.85347070666668,279.39576411033335,10.060557098666669,1.287749818,19.088286404,372.53572805,179.74978322666666,81.00944341733333,764.8104388399998,84.94506336666666,5672.0763093333335,27.131827991666665
4069.5720786666666,1250.8281734,3022.814120366667,171.30699901666665,125.68471366,617.8196727999999,881.2660366666665,273.78736856666666,5161.1826005,981.2505253173334,54.838166236000006,9653.579730533333,4084.635512566667,4046.1073823333336,520.9818298366666,200.9605940253333,339.9894508773333,667.7653759673334,476.165252,29.90440431333333,5592.6529715,706.0987505666666,172.34662837333337,2416.850316666667,414.2331650066666,475.61935293333335,6080.794950383333,1333.5239612333332,1541.6560853666667,5436.790405999999,1367.1236408506666,16086.878462,90.22567350333334
23.57289357133333,0.0669369246666666,705.5486034733334,0.0,0.1469233103333333,59.04937434666667,1.694778633,10.681484463666663,130.77272796333332,0.0,1.6009060309999998,409.0735031066667,22.386585967,956.3026594,1.194217065,4.975955049,0.0919490063333333,8.617909016333334,2.242554957333333,0.0,323.9743796,2.109473392,0.195487869,3.2804233650000003,0.1162225946666666,0.4123852986666667,85.68033227666666,8.539097915000001,0.006173308,267.1021721166667,0.0528227883333333,16.94078742,0.0
577.1505345466667,0.8741173086666668,3605.309497,0.1355906533333333,8.963954912333334,345.7013139,42.08772486666667,100.20280957333334,535.435442289,0.3379293563333334,10.312974505333331,258.42550039,187.3082401,2693.7934723333333,18.428625335,27.190344787,170.10725745566666,62.10028836366666,60.758547920000005,0.0,503.6980514666666,194.53629778733333,35.94748499666667,12.399408762333335,0.3667405096666666,0.2154949776666666,1308.1514277903332,177.19823403,8.874119405,984.8848670666666,0.379071978,741.9243362433334,15.585599126666663
3094.2734507,0.0024646046666666,2009.75756506,0.274181331,60.33850608666666,619.4897429666667,316.94710930799994,107.05087506833333,53.605349721,0.6434138443333334,4.896168910666667,1852.237335633333,125.20076550666666,2846.675381866667,19.432546912333333,33.35694105133333,151.49884650333334,157.27201012166665,243.1496139,0.0,412.7662836,346.77101094866674,81.29306183333334,0.0,0.0,0.01114361,141.62698755233336,518.1156347733332,0.0745708316666666,437.2797688333333,4.623948017,24070.98207503333,46.14457942666667
1522.4914706333336,2.36331539,1983.5147774666664,0.0,118.37085275733334,585.5612800666667,493.1582789833333,86.26787839,293.1572825,2.9950725576666666,10.803231963000002,7109.091482666667,282.424055319,1494.3088256666667,13.511134667333335,25.33811232433333,267.62843522,212.91277206666663,568.6941414633333,0.0,198.8101685,479.88678626666666,234.44849552,3.163622391333333,0.0436985643333333,2.9334568943333337,232.42515776666664,448.3868323666666,11.905608249333334,748.6758760666667,1.6922811466666663,19053.59002666667,53.83973347333333
785.1961204400001,500.4239985633333,881.51203003,128.70595309,0.601022869,65.24816365333334,25.088052627,33.173286504,33.498454151,953.8498605,46.265740143333325,16500.531076666666,0.44763183,949.6516195333334,179.09459544,131.12786623666668,616.3295360866666,481.0582388533333,46.95516827833333,285.5958903883333,43.10410908666668,71.64960439100001,203.05735285666665,1142.3322166833332,899.5566887333334,358.8980548066667,1360.7703032,103.40248328,360.99668227666666,71.97141942666667,1022.8331961666668,13431.936135666669,1.7993871916666666
1355.5040562516667,904.1042209576668,688.86699216,232.63517996666667,5.338776526666667,88.093612902,160.33907025300002,125.8667037,2.4612272306666667,1375.4301750443335,111.62461494366666,7603.781267633334,0.0424288276666666,1500.3493811576666,778.1307869540001,366.42613040966665,1198.5916073023334,878.5804299066666,255.798662712,253.750440691,438.9607268486666,134.76478943333333,364.164509,1251.3490180776666,495.53187071366665,631.308722531,3180.779045602,140.67878362666667,1443.2429385996668,21.367042045666665,1456.266357887,12808.57691221,3.207136703
167.48185969333332,0.0,7.947074547,0.0189006336666666,5.244995961333333,0.205355847,52.70484982833333,0.0,0.3188265046666667,0.6661605746666667,7.356750281,5.779592918,0.0,0.4941995056666666,6.522853373666667,10.198891407333331,61.02333625166667,17.393050563333336,41.711555963,0.0,10.782628559333332,0.0,13.426983420333334,0.0517971276666666,0.4937394696666666,0.0,9.531033058,2.744437737666667,2.900150662,2.274377894333333,1.9535723226666668,42.28532852933333,0.0
8.095999878666666,0.0,0.2587613966666666,0.0,0.0,0.5668921303333333,0.7773858713333333,0.0,3.2842054496666666,1.2769906213333333,1.6633968259999998,77.13245209366667,0.8069529806666668,0.4493460676666667,1.154976905,3.298451087333333,0.07774209,3.674383811666667,6.0529768876666665,0.0,251.648885724,0.0,0.9791257519999998,0.0903205906666666,0.0,0.0,4.495317945333333,0.2606288943333333,0.1076957496666666,14.960062830666669,0.269811051,261.825277723,0.0
1134.7432396023337,0.0,741.5910045166667,0.360921332,6.331849247,69.90172782933332,62.590718546666665,0.0,5.230927382666667,0.133946715,3.401140889333333,4584.587543844333,6.28797435,636.4671932266667,0.0,1.5754894869999998,178.63855593333335,45.24854274133333,230.47150221466663,0.5510229623333334,488.6894104386667,0.266784458,189.2933675333333,0.4441219236666667,0.0,0.0,233.8321978333333,82.68664353333334,0.0427708306666666,25.51482434233333,0.4907314536666666,13203.375709193337,0.8699328003333333
2799.2164876666666,935.7560329666668,2092.4513691633333,12.206295436666666,126.463518809,255.1292473466667,606.4909909696667,69.48290911333332,3.5037574633333333,779.2259923333332,35.433946587,7182.16699784,9.184352433666666,396.1152649743333,5.977480880000001,30.908045721666667,861.1603785799999,444.8727828093333,783.2899582396667,91.9908171,150.651090446,309.6728404676667,539.6720993,1199.4811280166666,370.971339,625.0238862,501.1604102666667,484.6466230033333,126.06138056666668,117.10844420766666,247.45938606666664,12757.641228948669,48.396974952
1381.9324173766663,175.4016411,81.12938431066667,0.0,64.588080611,161.902543966,608.4613415193334,101.49177008566669,6.177568526666666,96.29902963333336,0.966969203,3770.58447734,1418.2867004333332,933.8380171566668,0.0,0.594630281,4.700752863333333,10.210905549,305.4854658346666,0.0,1441.1957116666665,315.459896,71.3024392,320.60663973333334,2.1947127086666667,136.18851569433335,0.0540650533333333,509.074217511,0.0,1638.3251573333334,4.650843210000001,3118.0249567680003,53.14060352333333
263.8459747333333,0.0,455.3066932333333,0.0,5.536776026666666,165.81365321166666,68.41522608333334,105.28600620000002,22.802983224666665,0.065340701,0.2833255163333333,0.5691414083333334,87.71894488666665,377.275822713,0.080682994,0.0782496283333333,0.0,0.1177586239999999,15.700842596666668,0.0,900.0531810466667,151.99029,0.2549776686666666,0.07120944,0.0,0.0,0.8315084263333333,127.16685716666666,0.0415903036666666,404.868599,0.2763678906666666,0.2831486626666666,14.758946438666667
375.3462647266667,1.4144555053333334,362.0815913466667,0.0,10.063163146666666,7.628292532666666,133.325934735,40.05803732,2.3007979743333333,5.274604054666667,3.159986741666667,74.27229894833333,0.0,165.98827167366667,1.417202347,1.5430671626666663,136.1333923,21.134056995,87.28619116666665,0.0,122.42173531666668,106.678411625,54.780725933333336,24.791227283,1.545809447,1.2792959963333332,660.0944020000001,170.31745214500003,8.250523888666667,2.685172324333333,0.060675742,405.2445238,12.143196946666668
0.1120297216666666,0.1842279663333333,0.0160911153333333,0.0,0.0,0.0,0.0,0.0,109.03952233333332,0.0,0.114318977,0.099265221,0.0,0.328965471,0.0,0.0514281053333333,0.0097578206666666,0.1857034566666666,0.0,0.0,14.037952828333331,0.0,0.0,0.1091319133333333,0.0,0.0,0.0,0.0,0.0,3.4129878036666668,0.0,0.0581931546666666,0.0
1.2861996933333333,0.0615612343333333,1.996694054,0.0,0.0,0.057174827,0.047484643,0.0,223.67116999,0.0,0.972588713,0.0,14.705975186666668,0.0738225633333333,0.0,0.787297537,0.0,2.432159172,0.0,0.0,2.986240027,0.0,0.0,0.0,0.0,0.0,0.0,0.0,0.0,1.056470095,0.0,0.00381547,0.0
26.169670123333333,0.0,1043.397075353333,0.0,0.0,103.28144315,4.9094711533333335,41.327079743333336,73.0565064,0.0,1.2100507866666663,2.2797966350000003,1.5241434830000002,363.8748609,0.0,1.2008790746666669,2.722249619333333,4.246080193666667,0.8602655683333333,3.628580313333333,51.00638777,39.731912713,0.172599613,0.0,2.878762065666667,0.0,8.403541346666666,12.669686100666668,0.0,74.037967471,0.0665181043333333,1.9922953633333331,0.5137786910000001
2070.586765063333,359.3039201386666,1269.6929056666663,35.037928136666665,61.60172726333334,89.11852722333333,319.831254562,87.22215675333332,56.69972532666666,272.74599300100004,41.86729459366666,485.9126858666666,86.98179600533332,714.2421190666665,135.82791163033335,105.41188827866668,524.2586528999999,454.48709811,433.06182773433335,24.09765326333333,271.57441311,256.68158116666666,354.453461917,619.9858155466667,140.08289253666666,94.9083283,2712.57548656,332.6923671,530.1661315846667,332.8515003666667,262.49321289999995,2710.2713881933337,38.35008029166666
204.8643461606667,25.115052785333333,4.044213882,9.829707393333331,0.1120340763333333,1.342800156,11.877064983,21.340379927,0.0,14.850379716666666,6.461955683666667,841.6683637266666,0.0,132.07097881666667,25.812836556666667,10.467341666666666,14.285210394333332,43.03586690233334,5.969983368,5.94166839,233.35830211066664,25.907909294333333,2.551066441666667,33.08625554366667,6.3246416,12.804082596666667,23.80923548466666,48.14788490666666,77.82807586666667,2.026284414,32.28732316666667,329.14714929666667,0.0
712.950516,54.38322813,226.3793657333333,28.109088346666667,10.725897650666669,2.522242742,134.09466365,29.62389681333333,0.0,48.63407414,17.116523892333333,2749.952504617,0.0,32.78986585566667,15.432517823333333,14.260490032333337,204.9915616766667,91.89907300033332,162.69655479000002,53.0397567,57.444899883333335,77.07963681266666,176.505244067,273.8310591,63.863596796,11.815452776,50.22303746666666,228.8091838333333,158.6624653,0.3659930913333333,129.3358324,874.5332289876668,20.89099629
12.379558023333333,0.0,0.011917802,0.0,0.0,0.0,5.958814718999999,0.3380415916666666,5.264328826666667,0.0,1.0038795826666669,4160.792047723667,0.0,0.6879808266666667,0.0,0.551024163,0.0787471946666666,1.493849584,0.9116618083333332,0.0,0.5025404566666667,0.0,0.0136624166666666,0.0,0.0,0.0,0.0,9.675198023666669,0.0,13.732229622,0.0,1268.670956465667,0.0
198.38024716033337,20.662339613333334,121.01432553333332,9.798883103333331,0.0,0.2638147146666666,2.131933825,0.0286031126666666,46.71506513,1.457475466,0.8988652003333334,13.894712663666668,106.2319488,45.24932441000001,5.040800643333333,1.3832750313333333,35.8636388,156.50081182066666,36.266818533333335,4.175029086666666,502.92320599,0.014629497,118.2888935,73.6148441,1.216951142,0.0,54.006082953,0.0531222226666666,6.20512833,114.25876793333332,22.90864758,972.1548517486666,0.0
2853.401930266667,47.59819376733333,1660.487501333333,27.498955007666662,59.60608871233333,614.5009932666667,340.10790243733334,138.72452974433335,212.8984325333333,65.82201224,21.364517032,1421.4382328666668,55.48123354733334,1068.8556398,85.06682556666667,64.89166729666667,208.24489023866667,332.8582616933333,263.6455342373333,0.0,2366.663987533333,431.90304845333327,78.47314938333334,78.89437861833333,0.6509302153333333,23.548760242,645.6563228236668,548.2734303463334,35.61944860933333,267.28041690333333,121.87911809,12431.411831666666,49.67712919466666
100.993095128,0.0,55.20535177666667,0.0,0.0,4.9534275443333335,0.6568990256666667,10.566966805,612.6978157133334,0.0,0.873353822,1440.994454764,0.4747564083333333,4.2280811363333335,0.0,0.4527813593333333,0.1040669759999999,1.3832916646666666,0.3391634073333334,0.0,16.750288432666668,24.99714763133333,0.0,0.098435054,0.0,0.0,0.0,24.25919764,0.0,10.508198197666667,0.0,2160.4854233916662,0.5218927763333333
115.40230532666668,0.0,152.30774568233332,0.0,0.0,18.834517838666667,1.5113283316666666,0.0,99.11136903333332,0.0,0.6892765143333334,0.7579572410000001,76.27423103333334,193.44617952666667,0.0,0.4608726746666666,0.0,1.004282937,0.091785496,0.0,0.0,0.0,0.0,0.0,0.0,0.0,0.0,19.854082670333334,0.0,196.31186073966668,0.0,30.51343808533333,0.0
766.6792479400001,1008.0383511666668,23.49777518333333,113.32278082333332,1.710470853,0.1945744223333333,53.049459766666665,1.3816015196666669,120.684936892,830.6822328666667,20.974564446,1259.8100490666666,0.0604004956666666,1.2446226133333331,266.88099983333336,99.619556624,114.53196769,303.789873054,14.780856346666669,671.4982036013333,0.2688989433333333,7.183086753333334,7.800521103666667,1798.3856257999998,1573.2440224133331,266.73241662000004,1230.2361306666664,71.62119287333333,1210.3911403333332,1.927817296,775.0788005666667,4760.30702346,2.083933205
2098.1515676,19.231595785333333,91.60991419,12.187828606333332,2.162281504666667,4.53987173,87.12601040599999,5.861608717,97.18214123333333,75.28560177,13.522708278666668,1770.3339483333332,0.0,71.46890994333333,22.643474935,29.971969604,46.271128430000005,82.46060358999999,84.97020760666668,0.0,5.431001365666667,17.91263238,39.50773635533333,34.362608771333335,1.0706682746666667,13.377442395666668,248.33139285,156.84015864333335,17.786088461333335,5.5762970613333325,50.090769523333336,13319.511576666666,0.6220693
140.22114173866666,239.46719120033336,22.14181913666667,0.1183467033333333,0.2555605609999999,10.64633777,31.423447191,47.12137869366666,5.968013433333333,68.48267494966667,2.479768635333333,2649.6395685,0.4351659356666666,156.14147504000002,0.3238998193333333,2.036419961,7.106564266333334,6.574922768,10.720288714666664,7.0507576400000005,67.23679392199999,89.63104918933332,0.0501389499999999,339.06567342566666,37.40098824,92.82017929933332,19.853676581666665,134.363667214,15.813836486666668,1.2465667146666666,0.4562124486666667,2465.5072736536667,4.18339879
380.7608889333333,2.2803220746666666,262.10541585666664,1.988157793,0.1816704533333333,53.30537989366667,12.684013118333334,38.09215367666667,34.049373306666666,5.017393943333333,18.506693140333333,32.93016282,888.5877568333332,766.8188111,40.16161176666667,41.007525499,165.67803685633334,112.53977339833334,9.635594137,0.0,301.6809938366667,83.08299244333334,27.929668593,8.462733083333333,0.0,0.736261442,349.439461,117.50151577333334,44.1079432,265.7043965733333,30.88196840666667,224.79204626333333,2.900294209333333
1146.9144531,0.0,11.379184118,0.0,0.0,0.0,4.586154175333333,4.160026356666667,33.15672499,17.733169646666667,2.0359542276666667,10027.678030133333,138.221897939,197.13002515,0.0,1.5283685939999998,6.327152742,4.187714001,0.885607165,0.0,1592.24474127,3.0930854473333333,0.0,0.1520878326666666,0.0,0.9806038003333332,0.0,89.69534415666665,0.0,577.7230963566667,10.641601997333334,16213.104174333334,0.0
192.4935579723333,0.0,173.84144904,0.0,1.310431399,0.0,3.634190603333333,0.474580986,54.91316973433334,0.0,16.397206652,355.12147285,26.862044627333333,16.405820316666667,7.374402750000001,36.48591352,160.39201556666666,111.64549628133334,31.28769662733333,0.0,171.39942484166667,3.840927543333333,46.72449866666667,0.0,0.014919829,0.0763816216666666,26.36925189333333,11.11074487,0.0,12.359110383,0.1115093566666666,758.9037359903333,0.1196115346666666
1529.6475101666667,1980.7343900833337,415.7883533666666,294.79614856666666,19.760889244666668,11.446225767,129.51058828666666,19.349066512333334,59.05235325633333,2223.5387331666666,89.79975206,11246.652530333333,281.04907666,269.2435366033333,992.8078083,343.5895770033333,683.9912084333333,1249.902833933333,264.3089313,387.2827374166666,226.7886094833333,49.92722150666666,328.40965643333334,2680.413429303333,1153.0418273853334,1141.4974785333334,4428.415624666667,127.27248879333332,3121.829421666667,25.674443201666666,2306.1911437,21414.70922266667,9.783415546
1307.9620825333334,2019.5400794666664,1318.5447109333334,301.91765628,19.10312554333333,273.52502925666664,101.80824839999998,113.04852027,54.70728205666668,1822.7182398333332,71.37884323933334,4101.217786333334,95.86181049333334,302.7863272,722.34820591,316.30790791333334,495.6397343766666,890.8396531,211.65326846666665,204.53107616666668,640.5611099666667,343.06258073333333,260.2054263333333,2827.419333766667,748.162765917,1098.8807995666666,2247.0715533,269.37552626666667,1775.434291433333,42.59231138,1824.5349533666667,11242.710831666664,37.4977562
1218.2251409333333,1638.1820243333332,2467.3579647,242.67603586666667,84.74650575333334,557.6669443,398.7462255933333,123.35419934666668,292.48955224233333,1834.266552,41.78839648233333,11737.692241333332,553.6364435666667,1819.5331549333328,379.22699202,135.47616923333334,438.52455701,508.1070848333333,387.1571963900001,97.11737119066667,1173.8628265333334,519.8232012333333,196.41318624666667,2744.6532936666667,513.7316671333333,1024.0170064666663,3240.0879688466666,471.3273853,1104.4564605666667,502.8610753,1736.7408601,20319.091866666666,72.54554406333334
1324.1376080666666,62.992347101,331.195439134,7.0698695486666665,18.001258972666665,189.05560530866669,78.447232798,71.97985534833333,176.02636041333335,85.40598448666667,3.272910378333333,4682.165457800001,37.00280638,556.4152638666666,0.035821344,2.5895451726666665,11.363182267333334,34.957912144,87.453973556,0.0,887.7886537466667,136.42124448666667,17.032295321,157.0520432813333,9.9974791,21.677374962,7.1035142816666665,213.25962713,7.013707877999999,215.8299387666667,75.98088743666666,7689.059357666668,12.484567297333331
886.4971308466667,388.3003296,268.6419366903333,24.778317504,14.859904545666666,166.5676374,73.84567194366666,95.866535373,100.51109222433332,181.68474492933333,2.916903367333333,8099.925290146667,112.471596521,939.6955439333332,9.738251823333334,2.2236649626666667,62.213486529,119.01855131433332,107.32572086666666,1.6409097266666668,1597.4750559666666,91.806326149,62.976016746666666,853.6045685836666,79.91242993333333,98.459834034,50.94580033533334,130.56698138333334,75.70871971133333,523.2591162,203.50494841333327,5417.434325080333,9.757795683333333
2706.0440923466667,1560.83832735,2355.1940178333334,143.96021012333333,33.31534438333333,399.3809591666666,242.7060779,88.61251570333333,543.8025830656667,1428.9936166633331,37.18864756833333,11708.983402953332,1469.9517004379998,1040.8015921,502.0184500666667,177.30414587966666,418.5721135903333,632.5813949826667,292.07516269766666,293.59301726666666,2425.2791265,205.9046752333333,229.0866758,2316.1279576266666,930.4810403636666,693.98254282,2446.9275476,419.13528885333335,1307.4884695676667,424.37182059666674,1218.1091089,18410.045775521,26.40588276
794.9548774,137.80689417333335,247.79250248333332,16.980960008666667,20.694360836666664,20.93523477966667,138.38456976433335,67.81389417999999,97.5982472,180.666283842,3.11467602,5742.620580666667,0.0,349.2146664466666,1.0649053073333332,2.32290134,35.164306366333335,71.23721765766666,60.18802439333333,14.93480998,106.21373867,118.15504477333332,21.52899403666667,331.38459550466666,78.90180165333334,100.00119738266666,27.058146585666663,300.4529964,29.86169626266667,58.64259728,121.049347138,7217.722327333333,9.905331170666663
1347.5260176,189.84423413,187.51754066666663,1.100069463,0.0,8.055781504666667,18.326747929333333,11.898849991666664,41.67126094666667,109.47842854,0.8302535203333333,10169.851063,198.04911346266667,513.5273589266667,0.0,0.509227872,5.190681931666666,17.807362298,6.023080545,58.56466171666667,413.795763432,19.367211468666664,0.1202327693333333,689.5425166366666,309.8789055066666,64.10898783633333,13.297696676,222.84554132666668,18.44847270633333,162.49688376999998,31.133509798666665,7396.347543766667,0.0
155.204197271,0.4420556106666666,63.828867566666666,0.3909214613333333,0.0,1.0368149396666666,0.31331579,8.659009236666668,2.2880536146666666,5.286979933333334,6.9635957033333336,708.34614432,0.0,43.040330394,24.76131435266667,25.64154718766667,6.108843541333333,37.81849419933334,0.2260612326666666,0.0,8.131009252,1.348418994,0.0449310316666666,0.2048988686666667,0.0891720623333333,0.2531980666666666,134.21886540033333,20.142578536666665,3.870084223333333,0.16814789,5.318990306666667,1419.2742244166666,0.0
922.2155522,797.7112804,1738.2365158,144.92191246666667,40.6117263,347.3582886,160.31866578633333,136.37292466333335,4.63724548,980.2376695533334,8.313966286333333,20610.108623,2.765065781,1229.8733929,181.484767057,41.191016278,22.888236507,193.87839692333333,114.119476299,33.12283345933333,212.0226039,290.20101988933334,9.325730217333334,1270.3399886333334,210.17035449333332,525.7880127,1593.80559469,456.5532046933333,767.447725506,28.564302760666667,1015.643814103,21643.44816666667,27.69957050433333
1765.2990835666667,16.226566083333335,2121.716403,4.6738018766666665,25.81460674433333,520.9815949333333,92.26576279333334,73.74599351,79.65415102666667,75.22204143333333,2.0561363703333333,8079.877493333333,1173.0922536666667,1744.770907,0.0,1.181832022,229.4023936893333,35.81883559766666,181.92098256666668,0.0,4312.643125323334,124.02941100666668,110.12574974333334,45.43913265966666,0.0784754563333333,24.81679786,59.94476198733333,286.92730853333336,2.9821421466666664,1920.279566,48.942451704,17183.183901,8.317738036666666
11.881777085,151.6778222,134.70561493333335,2.176163537,0.0,15.466187794666666,0.4050807736666666,0.4203284443333333,267.7709215533333,188.17357073333332,1.8994607816666669,3327.343123617667,5.263252630999999,96.67653508666668,0.0,0.6366151590000001,19.00296840833333,2.2553094503333333,0.5998661286666667,0.0,36.67139232333333,0.0,0.533539632,232.8871198,0.4909145673333333,121.36634686666667,1.380924639,0.0,13.566117893333333,161.69799765000002,57.116692,2329.7777344,0.0
44.01123214066666,0.048259258,8.882885795666667,0.0,0.0,0.2491702233333333,0.09195152,1.8941465653333331,288.8018045666667,0.4932448403333333,2.1217176773333333,1.3866491883333334,19.238819783333334,146.45567723666667,0.2273657959999999,1.3282612376666667,0.274432281,4.058764988,0.198491482,0.0,2.29188658,0.0,0.0,0.1560161356666666,0.0,0.0,0.1734789476666667,7.998533156333333,0.0530707406666666,35.83557772666666,0.3622162346666666,14.569867512333332,0.0
138.89538043666667,33.828881542,67.57707649466666,25.552327382,0.0,22.651230010000003,0.125368174,0.0,0.372675848,117.407716311,9.536321233,142.06780485,29.61759023666667,290.361863535,18.26280697,10.952142427333332,62.01016481633334,172.17181441733337,5.191390209000001,57.1537267,15.083626613333337,0.0,19.742187323333333,102.45465562866669,92.46546953333332,38.690259913,25.345425764,0.090801649,40.24635846633333,27.41661506333333,153.88871380333333,734.0963775366666,0.0
393.050025776,645.9250705666667,515.3695392203334,123.629110416,0.0,3.39936398,6.149351537666667,0.0,5.307301563333334,580.8714791733333,52.14075082333333,9105.022231,1.2379341053333337,184.96112734333332,201.07249539533333,139.25243739533337,406.618420317,330.11793560866664,5.884653081333333,0.0,3.213323635666667,0.0,63.09197566666666,910.9748003,12.348456503333331,405.3332312,2385.652954553333,24.724520739666666,358.29071776666666,7.506461870333332,556.6683250866666,8082.3986701,0.0
0.0289540956666666,89.63138873333332,27.89256917333333,0.0,0.0,0.0,0.0,0.0,0.3889516263333333,99.48523963333334,0.654703639,1529.8890874793333,1.0322219643333332,1.361195432,0.0,0.2875618669999999,0.0,0.545358676,1.151338318,0.0,0.4050645063333333,0.0,0.118891587,198.82413356666663,0.2368344423333333,30.07193897666667,5.611348663333334,0.0,40.07987426666667,4.39126157,21.92021223,157.53712356333332,0.0
0.036023835,0.0,572.203580245,0.0,0.0,0.115195896,0.0690363193333333,0.0,74.0647863,0.0510403203333333,1.1341101286666666,16.35397568266667,0.0,1.6887135746666668,1.3723882113333332,0.3886061636666666,0.0726306556666666,2.145456299,0.184153894,0.0,0.0,0.0,0.0,0.0,0.0,0.0,855.4011716666668,0.0,0.0472790913333333,0.2652981793333333,1.2341467236666668,3.124659527,0.0
552.1966332413334,48.05158168666667,163.169023879,0.0,0.0,3.1992394969999998,97.78188523333334,55.43295556666666,6.937261963,284.298418923,2.8551424106666663,2802.749293976667,60.93651423333333,694.9480660733333,6.67940794,2.0019866386666667,0.247349868,3.683861301,0.3198481846666667,44.47030657066667,336.7935264426667,215.40884363866667,0.0,107.3435571,22.835767086666667,107.751982725,324.08583288433334,771.8620223333334,108.77865573333334,16.108208038,52.95127967333334,750.3766119063333,7.50200265
3372.715735647667,5531.871222190001,2256.1104861426666,434.5856884,14.708348736666666,274.82562899633336,89.69320387333333,544.7437141493334,7.023317617666667,3747.177978736667,81.013219108,5758.636753733333,16.491163386333334,2397.3291315666665,2364.631621333333,597.839916018,791.3058046710001,2845.2125776886664,209.8655313333333,690.2289513833333,1003.4722991633332,434.1295147366666,518.772615773,6401.82161245,1883.4001841633333,2402.496827834,6093.2972936666665,653.9991196,7774.426487108667,101.82947810066666,3582.42701931,11655.426026066669,5.171370198999999
416.0153821366666,4963.433804694667,3598.506904769,207.4825002706667,59.85553565666667,143.27944286666667,176.53442601100002,19.379911613666668,6.877524738333334,2924.6366290083333,516.4277454256667,3867.04096962,2.232448793666667,795.5086392930001,2662.84272815,1691.6072765366669,3445.7739099366668,2104.26664015,394.3666464043333,1535.9798903520002,39.686029132,72.374571937,542.6816499333333,8568.634043813332,3931.403985333333,1696.0075190333334,15475.255292233334,86.6319294,9152.793375243666,19.00986659433333,2642.4430121833334,4189.16326063,9.12162419
194.08472406666667,1052.9665853633333,1402.7428873489998,218.38371744466667,34.64568169,39.548394433333335,186.92790712566668,25.78374166,102.27928020666668,1680.3371983333334,21.511443598333333,18980.913867,164.37348973666667,1655.21196255,340.6923116973333,106.413816463,137.41076595566668,289.2889207133333,89.317460158,27.584107446666668,306.63578559666666,59.9084904,6.134284006666667,1364.95717406,102.32866756333334,667.92406435,2315.926112356666,118.245240342,2064.6080258333336,585.31477353,1736.1499310766667,12923.382472666666,9.31758189
3563.3540727666677,3764.9927657156654,2188.422116166667,301.65693137666665,228.14829992366663,350.5327052100001,926.1924081333332,137.546572355,192.74472235,3391.258586169,79.05729773200001,21107.523616333336,1179.894365633333,4252.403323566666,580.1380116933334,260.09305988233336,686.7885578666666,808.0935383666666,1307.7265130333333,890.0849285463332,1613.4303513823334,294.1000793833333,581.3767245333333,4302.679531988667,2010.5774526833336,1653.6647854896664,1394.8294128833331,836.5585585766667,3620.55450099,2207.9528326333334,2816.742682016333,13829.789183333334,46.415687225666666
1321.5585150963334,42.656197033333335,1078.4243913156668,50.99543096666667,42.29615707433333,146.31407406666668,149.14578556866667,14.424441437,0.9142928143333332,203.0943021666667,20.48215537133333,11131.294433266668,20.923455586,579.013253729,73.68763795633333,36.642608767000006,164.14707424033332,192.08457699066665,148.45148793333334,0.0,94.59888305766668,88.64483006666667,51.7584649,4.1823524700000005,0.3221555009999999,30.132394326666667,1072.9447214529998,168.71230914233334,116.50050073333334,139.832344492,311.38789033333336,14385.182693859666,8.300463586666668
7756.149024666666,610.383586731,7509.792796333334,128.73213915666668,360.0746619463334,1305.801035663333,1793.7802755533332,381.1917494,232.84288291666667,966.482336756,82.17502677066666,18882.538859,6366.344046000001,5651.798063633333,397.60753242,218.299026768,1249.6239700013332,889.9480633793333,2031.83447078,0.195173658,4936.9531056666665,971.1429350333332,718.9458363333333,653.8980777136667,32.74675208666667,420.5022692493333,1864.1220213333331,1641.1911931000002,663.2349430623334,5750.741308333333,1073.63230265,23670.59075733333,142.282135544
727.6284622866666,0.1400677093333333,1236.72809,0.0,64.30571982666667,416.1172320433333,460.2290203723333,169.50031026666667,224.2032232233333,1.5287148096666667,9.160298071,19.027423387333336,5166.090891566666,3638.008372933333,17.6868152,18.572006621333333,152.49084999633334,186.30333093566665,315.78084563,0.0,2465.343607661,391.2190858926666,163.0932455666667,0.0,0.0,0.1190628086666666,29.10597668866667,425.58126593333327,0.0,5041.310870666667,1.7937211426666668,277.0854554933333,53.56427127333334
205.2789696383333,0.0,9.560924939666666,0.0903904643333333,0.0,4.510239078666666,0.699431664,0.0,96.34669066333332,0.0,0.328957538,3.746487947,1688.5905955899998,603.909811086,0.0477909023333333,0.3456963303333333,0.0,1.4441671286666669,0.8599598266666667,0.0,644.56034903,0.0,0.0,0.0,0.0,0.0,11.122833066666669,9.331553197333331,0.0,1560.6320466,0.0596286356666666,24.794298069666667,0.0
630.7405238066667,0.0,984.3647731916668,0.1238415983333333,0.090806367,41.02516286333333,7.762170004666667,33.48681424666666,375.70112155,0.0,3.072166725,18.313007136,494.56876776666667,1173.4466371966666,0.0622238903333333,2.158342512,0.5578359096666666,5.202456843666667,1.3918280589999998,0.0,369.2230668666666,4.921299551333333,0.0,0.0,0.0,0.059361408,30.101609295333333,123.9188561,0.0,953.6898923866668,0.0,72.60831943433334,0.0
6029.548695633333,2730.7637890573333,9150.994770352334,453.36904705,250.8634650333333,2461.371179998333,1116.4690697566668,577.3066229,154.01446967,2878.0820606266666,373.35668446666665,17039.7654687,1335.7035553953333,3563.4653035,3300.108845666666,1424.885008,4172.3543414666665,4363.137574666666,2150.765344840333,260.08177413333334,1501.3438074046664,1695.6418733333333,1665.6442493193335,4559.8636935,1226.3802297916666,1270.6067060603334,5570.575537000001,1539.2175338626666,4448.1209096,1198.3066318166666,4481.644026000001,24033.68103766667,129.30800936
4634.2502413,37.296076083,10387.894676333332,293.97741521,116.09561882333333,2969.6662731,695.5652083,314.46307203333333,2174.4596437666664,530.0403478933333,139.03108498666666,13038.446354,2792.622234,11186.698005666663,823.8310236699999,454.2453702,1337.5734386666666,1566.2261622,648.6594039333332,0.0,583.9959436333332,1223.4904398666663,460.6952437533334,34.912031831,0.0,139.18049060666667,4113.845326766666,1200.5745467666666,318.78381215133334,3667.407549,1484.3400098766667,33819.587236666666,159.61579926666664
1202.2804610333333,23.167211686999995,588.8536101333333,15.950581963333333,2.132874117666667,87.03002020999999,35.88824545333333,53.35448440333334,188.95798433666667,175.4427087,10.179566265333332,2171.8703839333334,836.8743374,1311.04340175,179.882707394,34.368769050333334,11.748473378,185.404343706,5.767325399,0.0,2327.2814973333334,49.488666603333336,24.51998721566667,2.778539946,1.308302821,88.714439244,95.89077262666666,327.12078361666664,53.58038053333333,1811.2538403333333,50.297387500000006,2139.350914933333,5.475034455666666
2508.023838598,2896.7233426666667,413.1334545383333,27.49966539,10.255254733333333,1.6080883266666666,85.362516512,1.3620445773333334,1139.9641763666666,1570.6879064316663,6.273187388,9630.7114565,85.614112508,227.77193053333332,1.380459941,17.469714971666665,57.954458724333335,235.3792458603333,39.36329137333333,0.0543398683333333,867.2079276000001,1.402156735,9.462081740333334,2852.496389966667,133.95983059,964.8192744753331,179.7187229333333,370.8142743333333,1532.2162406666666,1150.521411109,1271.8511423333332,11829.401380096666,0.058105988
5312.275123333334,3289.644450818,14637.846775566666,176.42175875266665,44.506321111666665,985.52102799,132.23613473666666,22.46267582366666,1118.8916256133332,2960.606799783334,197.693453781,24745.842865,743.1332186,3358.3578036666663,3187.764123173,975.3371116686668,2853.0377218,2507.1393077,1027.9383331226666,751.0426409216666,702.9464561666667,102.784821621,1139.83911263,5149.613203989,3093.909432203334,1627.75201399,17201.37236501667,106.86611802333334,5971.702157509,1555.0013740000002,3446.1357896536665,21989.797058333334,9.551021281666667
5403.975801466667,1506.6792129766666,10630.667513,414.7494061126668,108.51324084766668,1362.8119150686666,1108.29341155,67.84851198666668,632.81852864,1505.6546269333332,241.47165476766665,17332.76038333333,247.21802589333333,3698.2628166,1361.5053117313332,817.7325850866667,2003.882624217333,1708.0947070033335,1367.417526137,360.1718069333333,328.6869638233333,252.144265749,914.5867538553334,2210.150419215334,1119.2566970386667,418.6396306133333,12037.188966093332,539.7451298793334,2734.1366357166667,794.0233817333333,2625.9318093333336,25035.150917000003,26.134089335666665
5474.438585666667,37.20455557633333,4141.36381231,81.434188727,288.05880074133336,1606.4817829353333,1597.7638469126668,415.0722792010001,68.51809638333334,192.414473511,47.38815533633333,11027.098667466666,1175.2663648333337,7104.981528333334,272.4292180716667,171.549027869,435.3401130806666,674.9556934896667,1212.780490333333,2.3431305693333333,2428.8336433333334,1193.361909521,394.310266288,79.149342621,7.734159106333333,41.089825448333336,1010.6519487756668,1416.2830844,55.086341114,2063.376016433333,393.73385841999993,22303.907546766663,185.25709726666665
123.08996327833331,4.141967423333333,2.833936372,0.0,0.3177303623333333,2.186541761,0.8772768816666666,1.2467624926666667,91.72892395666668,0.1146751966666666,6.940464980333334,19.804908413333333,4020.766731,22.873114560666668,0.0,3.7594935563333336,0.6109029279999999,8.114167102,1.313351891,0.1620035273333333,679.8994457966666,0.0,0.172381548,0.6275454973333333,0.1330169043333333,0.1809957856666666,2.2724590006666667,40.628203221666666,0.0784223216666666,768.3908504333334,0.8342540476666667,36.562781062,0.0
1522.0819745,121.6979755,1859.398030736,1.187987804,0.0,227.82937828533335,3.9035418656666665,35.22575470666666,2226.8462908533334,81.63187523433334,5.495680803333333,3591.85251909,337.0392936133333,624.3285581523334,20.92240718333333,5.894723732333333,20.64586089333333,114.94636358133332,0.4189566113333334,0.1044638433333333,1366.4274028333336,35.92244998166667,0.237697857,7.088359383333334,0.0695037959999999,199.40512026666667,29.562182734333334,384.5571196466667,16.665749214333335,746.1481494333333,17.204565176333336,10451.2863089,0.0
8400.607832666667,517.8706872166666,7169.561921199999,101.85276117433334,649.5217286333333,4790.913995427333,2081.41185015,769.088733258,2340.907214466667,255.150808846,19.198998265,24909.473388,1743.764221,14332.285852,442.71897547366666,100.20373166366666,412.64097347000006,1065.00724564,1831.6500489586667,15.21023151,4501.395818666667,2444.7060506666667,511.2461065023333,354.2641944133333,86.70152122266666,187.61712783866665,2699.951686,2015.9418977766663,133.14419593099998,4075.610064,531.1438507433334,39642.085275,324.4852533613333
3376.1022014,90.38346052333334,13820.9925286,30.248579734666663,197.5141364,3504.25492775,790.03292409,182.34821262833336,1649.2603878999998,504.7933929466666,37.74109378933333,13377.613504666666,3095.4846055,11564.920748333332,96.80945765666668,61.43634540333334,1078.251164253,584.9939473866667,799.2170996286667,1.3954753726666669,4558.670668333333,740.619375581,455.91918733333335,264.105197,28.962550984333333,97.82915206466669,4546.607835726667,599.3159128599999,232.15532930000003,4905.2401586666665,363.78858387966665,15102.1464,102.41820073333334
2492.373823533333,40.91861879133333,1335.053388133333,39.15272422833333,128.33063978066664,610.5910483613334,844.3003571333334,289.3080642666667,1909.4247093666663,176.60251428066667,2.4530707003333334,7881.036987593333,3208.492257933334,3740.646117436667,31.46921274233333,2.6428263186666667,26.861929905666667,86.39208471,456.0422262933333,0.0145367743333333,4040.0898639666666,811.2526947666667,86.45520796733332,66.77089529999999,1.942828886,58.785442961,54.73655954833333,992.2598012933336,54.575349094,4896.573462403333,190.0377512213333,11769.6375412,105.76659206666666
3140.190665166667,230.038104116,2170.97110085,91.49409736500002,166.76053654400002,1048.3691017866663,800.8863237203333,157.09561310166666,3690.367558666667,380.201436894,96.60474588433334,794.49783084,3620.099312333333,4178.145811666666,404.38328989,215.084305971,887.127480695,787.1052759093335,846.0708403130001,2.1739511256666666,1317.0343183666666,799.5802779983333,503.54603986666666,293.255864911,16.818508844333333,244.556728661,1043.0065583333333,812.6341265133334,1073.3136826000002,5848.337978,643.4816837833333,4559.696873333333,101.39631346666664
5565.770131833334,32.32490990633334,2514.93711328,2.625836862,53.27341788666666,393.5288226053333,116.2766236,88.18838393333333,1463.9025845333333,79.38669419566666,2.025664485666667,11967.289057666669,1775.7917684666666,2748.7395591666664,7.630980272333333,4.195352405666666,248.087432531,93.79046232966664,267.49117806366667,0.0,9371.552916333334,187.88436153333336,318.2608319333333,56.954005965666674,0.9272808366666668,34.261002536,572.732648495,632.8313679333334,10.534499064333334,4065.4078136666662,77.20406464833333,23976.685157166667,12.775111450000002
4225.0090154,231.64477897566667,5154.168528066667,49.89765299566667,67.562778572,262.1452639433333,968.1909238903336,291.4064750356667,2842.6466033,316.6158283043333,141.18391547633334,15233.4751501,829.67118756,3634.4987323333335,1028.7022673666668,496.310374833,2188.4316719,1551.5926485513337,506.486243652,201.5382915,3822.9387476,658.3763137213333,417.876567,343.3287517483334,257.9344172026667,36.591373568,3019.1197651316666,1689.29882213,785.3634700543333,3828.034716,635.879161,19608.334561,100.21092572666667
6157.607113000001,830.8756798453333,5272.658333233333,255.02220956666667,224.76778780666663,633.6742675666667,1036.1981048666669,126.1902381,3280.935571333333,1643.1457681666664,33.109868078,19036.479446666668,1108.3573841,6615.957404333333,232.479052105,60.95140252000001,808.02284232,1033.253398872,1330.5080415,2.7147325863333336,4320.470827266668,559.7211193666667,673.49064583,1687.8006913576664,10.931785202,754.5099186056667,669.0105888666667,717.0525491333333,422.76246865333337,4792.012436333333,1431.7634837666665,18191.140716666665,78.9612592
3466.731110733333,713.7302882733333,3377.3159836,233.6460412563333,32.57479775833333,176.04335910333336,534.58377888,161.76921858733334,4999.814748,680.7735526,13.714222906666668,19854.29764,1534.0815243333334,3797.172911333333,418.6416733600001,81.893871758,337.5271912,237.21885076666663,294.23092913933334,17.108050753333334,2883.2455963333327,310.99517044600003,123.71209794666667,1325.4678290866666,373.9287389153333,129.56037287866667,1349.26397624,1339.829742096667,323.0331814,5771.4366076666665,924.6258636533332,29162.66100533333,22.237555318
15084.668587666669,955.4265284,6475.405275666667,514.3467442333333,32.338660561666664,978.9688708,622.2017746,170.08095997666666,3783.167338333333,1163.0885588333333,33.790135543333335,26167.646706666663,663.3146836666666,7201.100414333333,1748.8712469000002,404.6928208066667,747.9278785666667,1110.3353974333334,427.4123536266666,179.7244615333333,2718.0055016666665,281.41301545933334,672.0133200333333,1359.1461494066668,229.585771185,403.6450570500001,6735.924903466667,2084.2728982,3049.5526736666666,5844.418588,3513.539072333333,42191.14185666666,25.75210725066667
3307.0455116,4303.131333004333,548.0253475066667,150.15089023333334,9.755270330333332,30.364265680000003,92.45770092,4.892965711333333,2973.1567039999995,2321.707825414333,40.452781685666665,18035.558384666667,4922.024502,3925.6579546666662,50.686840284333336,45.682704021333336,1096.281835901667,1243.24909945,192.83328778866667,463.42826253366667,5601.1113393333335,30.26741263966667,367.828040784,5730.268133305667,2328.6251034746665,2303.895032735333,923.2711039253333,169.86016852,1368.8615604200002,8440.633565,1401.962601839,26056.669352,6.824685001333333
4403.8970807666665,2.4802500376666665,1715.7317276566666,0.090866672,44.632200797,843.613076,523.8341941133333,222.76556020666663,3352.698739333333,119.793360993,7.288972994333334,11992.786711,5240.090329333333,6370.038872,100.01245886266668,23.93370187633333,37.94350181366666,30.708797307333334,270.9405133066667,18.713371447,6489.021104,454.2253406,81.339381107,30.080627342333333,36.799375184,35.128025067,291.08567991,1290.5764435,172.67403920633333,9274.938889333333,122.43500674666667,4764.711909999999,41.44709349233333
3064.6763898666663,763.5065397143334,3569.725803033333,77.51586177433333,220.611945592,837.31507445,1004.3168392666666,348.11317931,2949.3237934666668,787.982533066,34.24076475333333,21724.27234533333,5892.841645333334,4026.0453443333336,472.6518740033334,236.5493835533333,410.0434968056666,726.6349204100001,887.8082636366667,0.0449391866666666,7949.772865,814.99869843,435.9420308666667,756.436812067,14.922893656333333,517.2452786203334,2803.660282043333,877.2794717666669,617.9060458066666,9491.430074333332,562.4285645766666,22313.02271666667,105.22905039
728.4397712333333,310.1697213296667,91.722197625,0.0,0.7945101036666666,10.947032887666666,115.249443348,33.364368090666666,4493.300753333333,11.794207015666666,7.025976595666667,4791.053293666667,6271.283588333333,879.6997031999999,1.104139998333333,5.174680497,0.610635174,22.61311075,4.633063865333333,58.173808585,3795.0379652666666,51.86833883866666,0.217633658,40.93017036833333,14.715950383666668,36.270102056,1.8231515116666668,551.38707011,9.632767812,5539.722644333334,4.909447401333333,1146.3282508,1.5324859063333334
7487.575927000001,557.8044933666666,1207.35750671,430.33573321500006,3.917016415,22.980377216666668,144.2523943266667,39.64844771666667,6010.263914,2069.464696371333,54.838891370666666,46291.38117,1717.1105733333334,3071.5799673333336,1563.325586,124.66227172666667,1054.5372521386666,666.7251731966667,244.60819075966663,0.5594366613333334,1104.1928139666668,48.82654503,1002.7982389973334,124.26801557166668,2.646703532666667,1338.323806434,3342.9798576030003,359.9639791,2033.893583133333,4969.166972,2657.392273496333,33250.63549666666,4.788931739666666
3491.3863223333333,651.2476921,12747.899800333334,58.15965289133334,3.3280505856666664,870.8896410966667,100.11311600333332,198.24318740766668,5009.223237333334,385.8304575566667,34.835895452,23344.68617666667,1767.9157179666663,4329.633312333333,925.2731082033332,294.02360033,446.9138297333333,1458.3148289333333,362.4063023333334,0.544393784,1224.173615,695.777321145,100.46228176666666,600.304137,22.068307127666667,231.03256456666668,3495.079056333333,758.0873379333334,300.80632943333336,5291.373285666667,508.3949206666666,24060.51944233333,7.242005990666667
2627.0318218333337,4180.556591396667,7106.682294283332,154.075040109,679.3553890366667,1862.0220867933333,2081.5448774516667,671.5216447113334,5226.268400333333,2382.674398126667,315.625885338,905.6863209666668,5255.167813666667,10987.502874,1198.189056,860.7361866299999,1927.8973620333331,1428.6547207333333,2055.9493253100004,417.4111168406666,7135.9882911,1580.4051069733332,667.475646453,4809.415018066667,2814.428821033334,878.300244262,4360.439749743334,1207.1713016866668,4750.871488626667,5541.082574,2008.6230435533328,3881.0461515666666,183.62929748633331
3308.1682513033334,1723.28525432,11544.692655566663,205.6181027,676.669234566,2667.9009217666667,3062.20064777,345.117334672,3056.4192977666667,2351.705394037667,411.250598892,950.5192384433334,6894.029920666667,10310.641164666666,1717.3450001033334,1030.3306319533333,3266.848512548999,1734.3006733633335,2355.7878192063336,364.6801587286666,5167.974260093332,1496.7421336956668,1309.514029271,1102.0722728333333,665.5911277466668,766.637338199,17853.166416,1933.7039233766664,7169.17186141,6514.237672,2240.7110539403334,6653.3762699,355.19184498333334
3082.9820359000005,687.0908428566667,1848.3342365,3.2423854103333336,30.549478513666667,160.18190612,694.57055222,85.74442766633332,1048.273421566667,82.03100469666667,8.245748900333334,12224.999898666669,8696.230997999999,2029.4694973333333,108.21200661333334,225.89578071666665,97.72145416333332,358.7637878,264.9466258,151.89860974266665,2769.4222893666665,439.42504602866666,48.75782077033333,2273.05858427,78.37014514333335,83.30026567366666,3193.619712933334,948.5175358066666,496.14403748,4998.900395666667,44.57560826,9862.122034,43.05467702333333
3589.9262833333337,783.3364432923332,4342.459437433333,431.6918948333334,65.34438156133332,469.24292246,384.1700902333334,3.712444353333333,137.90202647,145.13589960666667,40.660580546666665,4432.117326,1813.748639,1496.2792339333334,1000.9133970666668,182.55794006666667,1798.7995247666668,1306.7801194333333,381.6939811666667,25.672479827666667,4945.445712666667,21.45747649533333,663.0163966333333,444.562992471,478.6506762013333,153.969362601,4127.064086333333,1060.1449785666666,2296.2536045666666,2034.454695,1449.5070202999998,36289.74498,2.818363717
987.0861525666666,1612.6219188333334,1335.7605425266668,522.3049458333334,0.3967058983333333,37.52118356333333,2.5930865836666666,25.01289841,136.2482474,2976.5364473333334,22.03195529333333,14430.852791666666,1519.0564842,1007.6685121333334,1213.8047785666668,310.988434328,624.7704784133333,529.8826463343333,47.899530176666666,100.53036896433332,1169.4917514666663,3.556573669,483.8833665833333,1775.8164656,502.2236824666666,816.7773996666666,7502.402438226666,80.83762015,5822.1646579,829.0439213999999,3169.9992583666667,28366.60614666667,0.0
80.78206289666667,216.07082548333332,337.99633240000003,4.337492178333334,0.081680888,94.11340015133334,4.172145267,17.415830604,7045.457005033334,462.0983321963333,15.900659194,608.0743267333334,205.80130228333329,564.5147180333333,215.3984736303333,119.31734436866668,45.286699624666674,125.873446062,3.4799879486666665,341.52368260000003,456.7180082,6.074754485,6.085923034,197.2847308053333,275.79069410666665,149.829015455,290.83067797333337,59.668169997666666,422.3381351003333,888.2014116,154.269966487,845.9708525766665,0.290259421
18.877574723666665,6.705232079666666,14427.652131666668,0.0,0.2026132176666666,245.89372931333327,8.728283126,0.491288844,7713.271247,1.6139259776666666,14.195856707666666,150.88325438333334,1357.4604122666667,10015.798797333331,1.4724316246666664,11.847541536666666,5.468865894,15.067896721333334,6.795583157333333,286.9718302476667,154.3244879,2.988929043666667,3.0849563053333338,322.36187069433333,887.0890200233333,0.0,3068.170509333333,2.210782385,6.327329714666667,3198.0115766666663,0.26856747,96.42576437,0.6733279763333333
137.02765606633335,0.6950478863333333,8889.812712333334,0.156310614,2.0789505646666666,932.7509999,2.7140051300000003,0.3156551066666667,7432.566484,3.909710882666667,17.577786885,7.829193589333332,187.38676998,6909.9994646000005,239.43208502266668,42.800773416,4.996206985,19.80265590666667,23.251333868333333,658.9366526,104.83893991,0.8328442393333333,14.977549366666665,23.990152495,555.3602489106667,0.0,4912.4449878333335,10.69403145,22.53772958,937.0544763666668,8.824624268666668,107.0361806,0.0616672
14521.307147333331,1756.4649714666666,11814.185995333331,117.51412314666668,278.52061178766667,640.7533180666667,1031.7239042,484.8138497666667,5195.349295533333,1089.426528049,220.70332949,14750.835412,4506.667072733333,6105.076115333333,1571.7232389866667,671.5494367566666,1763.6444762333333,2120.1631349933336,2075.710516366667,413.4962844403333,6177.354032,880.1828821333334,1133.5508681,2001.1824334666665,824.8181544293334,580.2731439333334,12169.8698,1712.4227013333332,2814.851132333333,8415.577893333333,2625.4408648966664,22805.689246666665,55.94308138
7137.884071233334,965.40381904,15444.442897916668,76.37377389366667,0.7345781566666666,798.1938802999999,80.34340545866667,35.73707172333334,3223.5333358466664,912.5056868866668,230.00368544666665,979.5470256996668,3975.496027,4970.413233933333,1560.3904172000002,847.7226977666666,900.5862168,1306.8075581,66.40286213899999,258.77924012,9370.021149333332,47.662246201,104.04554652,1750.2916691333332,765.5441980206666,394.238381834,14852.291863666667,319.07083618666667,6685.161492966668,5396.704328666667,1489.8523192466666,6878.761266320001,0.5093343106666667
414.81556115666666,209.627610146,94.62839448333334,9.474193783,2.300408439,48.802340794,75.434719965,17.636347660000002,97.28911501,19.99807746333333,130.69877742766667,333.76760282333333,3170.5946083333333,718.7651163666666,1048.9064718033333,440.471155859,441.72949402600005,1022.61659269,17.500578680999997,16.470518380666665,2657.2216116,72.50742616033334,1.71768994,615.1412575966666,7.817337940666666,8.494341525333335,1377.441072306667,159.44275860333332,783.4262908373335,3522.914714333333,445.324334193,2227.63650222,12.945050356333336
6106.788298476667,947.4298577406666,7750.438017199999,11.744324484333331,46.42733916666666,1007.8222707833334,1249.83529539,429.5330486763333,399.37543423333335,1091.431200966,243.53525528,437.4622692599999,2878.383206666667,3135.3539873333334,943.316809219,509.5150441333333,2346.50064255,1255.842766623333,1157.0882925246667,694.6470701469999,6780.362537000001,810.0867391066666,1074.78924101,1064.7648089666666,1240.7050288163334,456.901206939,7596.652479666666,1713.3508131683332,5482.325286333333,2200.9544083,423.4988172666667,4346.223161511333,56.53204406700001
706.7669832666667,1478.3728331000002,711.3534291000001,0.3967409526666667,2.491211292,142.51188248666668,6.224639092666667,8.589267203,5751.357218333334,106.49026108833333,17.063007945666666,3312.341042333333,4490.688498,2072.227744333333,10.81073295,91.28659656166666,48.90623479233333,151.70021527433332,2.911139562666667,645.8865160833333,6454.430996466667,2.8781669893333337,17.299051008000003,1712.5554253333332,609.0601318333333,413.6848231476666,109.85309985333332,31.303165726333333,11.886199519666668,5333.098689,1.8313127493333332,6693.775417666667,0.2722907013333333
492.4104234,171.97123035333334,2286.9208886666665,13.379578592333331,5.64302709,735.4604877,59.89387369,306.3664216966667,3533.7762342666665,124.31396166666666,10.849705157666667,2875.087112,4295.468071433333,5815.705642,56.341197579,43.93779478166667,47.41360530666666,12.656048495333332,22.88483289466667,11.31297474,7553.063298333333,138.12640507433335,2.287433922,34.78058218166667,75.97096009333333,225.39584452666668,1154.2707004666663,74.48106371266667,74.032088418,3854.859220333333,462.87169189333326,1358.7158105666665,2.6547752646666667
3715.643658,1.7204322063333333,4948.145061666667,0.1084795043333333,69.67731618633333,2539.5937433333334,666.4783782666667,604.7445791,1494.6790903733336,15.915863891666667,1.3880733533333334,938.7362123166666,2912.4386823333334,4158.991202533333,0.304510605,0.9520698726666668,28.80919917333333,3.7552173976666654,212.41646290000003,13.760516413333333,6387.627369666666,876.2827664666667,2.2394473366666667,46.94609708866667,26.50955321633333,1.315392572,418.3856970533333,1082.1870669,5.6052030120000005,3195.4209846666668,2.746708049,4735.821604666667,121.75328201666667
108.01986802666666,1.0506327156666668,698.0233434333333,0.4602234363333333,0.6516483089999999,249.27039636000003,13.382490938666663,0.9845276943333332,160.604108,18.065578334666665,1.6149636953333333,3079.8749606666665,1586.0503476,1943.8584847,18.83578473733333,3.358646148,44.26977155633333,5.581587851333333,4.240961227666666,0.0,2105.6960601,3.671118995,0.9789796546666666,21.91767374533333,0.0918252003333333,0.3631134446666667,1281.9569732666666,25.19556649333333,18.90211569,1028.161749,16.978488111,1384.7259142666665,1.821635457333333
143.48194495666667,0.6971148123333334,228.3700637833333,0.0,0.0,49.01957091666666,9.444747089333331,0.0,5490.423594333333,0.1542561623333333,4.881603457333333,662.6590267333333,952.78169544,1243.8502993333334,0.9334299256666668,3.3175527023333333,2.3120775326666667,4.730622393,4.187555831666667,0.1186029916666666,949.9740257,1.0237160526666669,2.105597686,3.0578555736666666,6.964779879333334,0.874377772,19.09414771933333,8.431517634,0.2369631633333333,1170.5814714666667,0.5067968136666666,424.84500513333336,0.4479500203333333
74.50028293666666,0.1510308966666666,344.48270963666664,0.8268702506666666,0.3565810913333333,42.982252466666665,5.277840495333334,0.0416825146666666,4445.604020333333,3.638621085,6.514120401666666,89.28918524666666,598.7936442,2116.866731333333,8.189191229,13.118691411,26.008188246333333,13.545641221333334,9.897196681,0.596036376,1206.2494492333333,1.789801377,0.922167598,44.081782130666674,4.559233336666667,2.751283083666667,320.72057262,30.234763706666666,29.341542066666666,1803.6321921,2.0095555386666666,174.23984906666666,0.2046987843333333
42.33019249,719.6865366373335,1836.3017572,0.6909044990000001,1.8138694733333327,41.78745685100001,6.489997864333333,51.702192144,2130.3705056,520.4461043466666,92.373508327,471.2185014,1053.3638179666666,3261.0067273333334,98.50004401933334,287.2941125966667,1133.750864542,248.22551845733332,10.950693501666665,265.32006533533337,3274.8535165,7.299194437,3.952321162333333,809.4748525,267.4992452163333,95.84519526633332,3120.9943051000005,19.798631468666667,473.7746041,2387.840963,350.51248011666667,651.1902888333333,0.0
116.67844036333332,87.64586591466667,796.4480631166667,0.0,0.0,28.718164270666666,0.093116518,9.214768947666668,3463.618112666667,14.097176089,3.418763373,264.6762105333333,1116.311468,3290.472543833333,0.9186802056666666,2.0939884233333337,6.055939295000001,14.343944107666667,3.731488628,16.86403604366667,4722.340165333334,3.2990612786666667,1.769839741,278.8393921626667,79.84043402666667,0.814173535,1888.4533137766668,10.636656807333331,5.092798672333333,2615.2933066666665,0.2048006473333333,244.6790566566667,0.9841928046666668
174.58519461666666,8.949196846000001,591.7661282666667,26.013057724666663,1.6131627116666667,146.41267515333334,8.457173965,1.738437796,1221.9863449,56.85987084333334,5.67982558,293.52513198,959.2467237166668,1171.1519589333334,0.333949276,5.429014463333334,1.330240884333333,8.609040622333334,5.793609906666666,30.73617716533333,2463.821959533333,2.5222930766666667,2.2882269876666665,5.880725273333333,10.071202232,95.41649351733332,1138.5504310600002,26.670659373333336,11.548646443333332,1313.1957697,113.13205848933336,1527.5724325066667,0.6961089496666667
470.06594466,1139.3406995333337,11236.115164,115.30158016,2.678112466,755.7426720266667,10.444320259333333,120.62104845966668,4750.469295,761.1833432666667,63.81676292333333,523.7225392333334,1366.7740398333333,8354.913788666667,1026.0289342046665,1094.8134339033334,32.09500535666667,559.046096728,6.752247933333333,95.34740175166668,2491.6935905,82.395071888,2.7106194856666668,1934.840288333333,701.363077395,88.63755260233334,9898.208957333334,38.08488081,585.0218864666666,3052.1831546666667,536.7419673333334,944.2925490666668,0.2251486776666666
895.5524856966666,383.4678505666666,31236.878836666667,1.5554786803333334,75.93604449,2272.1641993333337,208.36557709666667,181.95617114666663,11189.425496666669,411.5184762266667,49.53935117566667,3869.6756306666666,3625.2003576666666,15128.841309999998,591.3652104,114.28603831666663,3374.6756902800003,920.5456521,914.2160941086668,266.31064343566663,1282.1429529333334,279.04285482033333,582.064039057,795.9505778233333,251.3014668666667,160.62159418666667,17975.97661166667,208.8277824713333,716.1545424466667,10974.64412066667,227.87787111,2113.593530333333,22.893818689
848.6820235166666,55.38769414866667,2824.580721433333,1.5774317843333332,62.92094254133334,230.10084463333337,42.20418974833333,0.2103098646666666,6072.163025000001,21.34395972033333,26.316636456666668,545.50648393,6772.625661666666,2522.649621666667,26.91015622333333,38.04999052666667,1293.278816346,102.21437163,837.2908916,100.41141305533334,2998.0731130000004,51.08053104333334,621.4566012666667,148.48732484333334,217.3758548003333,1.3420689196666666,982.09792491,10.422749791,106.90778410066666,8868.528870333334,19.477023471,1312.6134230666669,1.880734207
734.6996603010001,47.37024437066668,3353.2206049,0.0,141.24860100100005,813.1466564476667,549.2156591623334,219.68671514,2553.1452446333333,0.1300777076666666,9.224214027666669,100.22948131666668,6920.705119000001,6371.847769,0.352545912,8.103610044,50.16100915966666,17.385020651999998,364.3806262606667,42.46388005000001,3240.3971103333333,670.30825254,151.26564051466667,844.5342765166666,68.83679276,0.1060489036666666,267.3098859433333,576.660911727,0.7336994493333333,8601.996304999999,0.3279779383333334,49.04321307666667,76.98990531333332
15.101909345666664,0.309752607,491.11464666666666,0.0,0.8266599609999999,130.87790372233334,3.5514735356666662,0.061658677,1712.5710638666667,0.7414182,7.126670930333334,718.8092459066665,4486.054944666666,2691.724502333333,2.7754122146666664,6.050887660000001,8.478930402000001,10.941089316333333,7.6960784973333345,0.0,46.388372800000006,1.6302652243333335,2.730704055666666,0.474249215,0.3922360113333333,0.2254547,514.417869936,10.336400096,6.013567088666668,4563.439154666667,0.0363910473333333,52.75403988133333,0.6536525933333334
1560.6686212000002,0.2987111203333333,401.6147193433333,0.0,58.47424847733333,254.22624015666668,247.9265932433333,38.144435187,190.841632457,0.249707428,27.02676526333333,19.03197061,3319.955123333333,830.80186791,162.87860618,185.3587798133333,11.658965385333332,111.85688375333332,190.5948520133333,0.126571277,5764.987464333334,254.60853587,8.905830167333333,4.544417195666667,5.2950796486666665,0.2426167103333333,760.0665906999999,219.3591866,6.055020445666666,2927.315804,1.647362566,516.5502769233334,42.110400829
557.3319523,200.0042831623333,6931.574690143333,0.0,0.953768443,1265.5571432766667,4.142474993666667,12.186459881,1826.2051780666668,25.07683565266667,115.053303278,62.42062860133333,1457.860263133333,5634.014001299999,272.907619648,613.5257461143334,326.500282509,755.4794339233334,15.137454504333334,147.3397537333333,4038.082151,1.6562511153333332,19.21383653033333,871.4192173333334,350.964609379,10.39343711,1968.765173666667,50.305773923,5.131769676333334,2743.003857333333,1.4888167486666666,793.4538137233334,0.0
2721.6204924333333,57.5350102,4928.601469666667,0.0,29.707792518,789.7644321033334,42.064286466666665,659.253886449,4715.355175666667,1.693010634666667,11.90017261,20.635645946666667,2356.162036333333,4177.968214333333,1.7561879713333337,10.835874578333334,95.24566601666668,101.00477793666666,78.020708698,277.91236471200006,9487.544096333331,441.0147411943333,23.587318803333336,1014.6894233333333,866.7546424566667,0.598920339,1402.009186576667,887.9638488400001,0.1887359906666666,4241.761827666666,0.0609807493333333,35.68133742333333,5.623646377666667
1459.1295260736667,0.0495668326666666,21095.04945733333,0.0,198.48957793266663,1363.6198702666666,660.8101710233333,347.78179500433333,6454.599457,0.0,47.563514683,73.04586004033332,1908.6439835666667,6922.538263333333,46.78929803399999,101.96615464366668,2512.1436280033336,295.71348863233334,783.7934078906668,0.297743954,3676.2403856,1092.8489957969998,641.0277381146667,0.327241897,0.49677072,0.0,14070.935732,1088.4506933933333,0.2326200416666667,5004.285027333333,0.0,531.1137606766666,95.5578741
5526.683471333334,0.1490929806666666,3584.293807,33.69614719966666,186.15891566666664,1907.4995593466665,1228.001796366667,333.417073366,4099.431717333334,5.145455342,66.71242693666666,85.9793651,4474.690538,9267.294454333334,187.88233281,175.9384200033333,1378.1832426333333,1408.117548533333,1775.5097223333337,0.0,4230.529621000001,1289.33721411,1003.4922618333334,2.770656063666667,1.0613305853333337,0.4736836483333333,634.0311826533333,1864.5463418,11.389945517666666,8433.921971333333,73.83373002,3322.640412666666,163.618994537
1045.5660807233332,1.3725237426666668,3959.494055,0.8239571983333334,104.022646753,1314.4750837,591.4905006,261.0697440263333,3998.1920446,4.824478073,52.79621292533333,23.885074567,2924.981666,5180.339102333333,84.163212376,105.85825214533334,565.0224917043333,328.126344501,624.1289441766667,0.1393148099999999,3041.3769376666664,878.0349140963334,278.83038458733336,4.792512262333333,3.1417050100000004,0.0472518166666666,613.72430953,573.48202638,5.170974464333334,6691.200323,12.413077803,304.13227422766664,111.19618133433332
680.895031359,2.7649785973333336,5359.1320117333335,0.0,100.21179271333332,424.854414025,501.6432561333333,177.24631954666663,1626.8249101666668,0.2680483343333333,13.087028058,8.427093228333332,2665.8521526666664,5575.722254,7.6019390416666655,21.588739993,824.0991779499999,165.08199206433332,836.5861872383333,15.188989313333332,2264.728530733333,447.00826807,608.1232925,20.188859891666663,69.62330288333332,0.0648136276666666,2303.7890625063333,458.8777051333333,0.787284707,6065.369148999999,1.404864203,92.50886864766666,54.358190613333335
101.09250248,0.0,1651.256998866667,0.0,0.0,42.29992414,0.0823446096666666,0.0,1682.9658933333333,0.0,1.7564059143333333,1.005074986,615.9048156766667,1898.57546127,1.5238420403333333,3.3418464746666667,2.899395007666667,3.420547825,0.6482988036666667,0.0,326.3809602233334,0.2910872623333333,2.090611097,0.0,0.0,0.0,1719.90970179,0.0,0.1336853226666666,1093.0797531,0.0,175.73981489666664,0.2533720523333333
32.655288897,268.786288434,24585.933943333337,6.470300381666667,4.282886012,1046.2123961999998,13.783115473,80.48188221966667,1844.9436336666663,37.865034613333336,136.34493168333333,588.8490712666667,1441.9217963333333,2696.866346866667,346.4121743,375.7467505333333,3344.0568420466666,163.39107626666666,295.0052998333333,788.1352526000001,641.5954362666666,263.55897312,478.31623766666667,863.1844017236667,1287.7537699333334,54.0768325,43360.80348333333,47.15423368033333,657.7766867853334,2539.5531613333333,94.32392333666668,228.8364657953333,9.292594742666669
2882.9017113333334,1308.7137746666667,7419.828259999999,164.45594764,118.33207147,429.8502149666666,566.4133477333334,64.81700380666666,3767.573436,1195.641283766667,290.98301598666666,2138.4537706666665,1246.9338343333332,5624.863734,1349.4430424666668,813.4777238333332,3099.1702624666664,1812.099545,1258.4111304666667,1025.7263674113333,834.3954715,194.54246301,1087.1806991666665,3136.4009183333333,2124.933625333333,421.3209463,12524.0061,603.0202911666667,4438.898340666667,4353.311297333333,1434.8456476666668,3902.4904556666665,27.700086604
1655.6840354633332,539.4906647073334,302.61970413333336,47.866063622666665,52.30631186666667,573.91126753,355.32790933066667,215.889061318,4760.509195,474.3853441773333,3.0856507866666667,669.4486304673334,2699.893981333333,4857.748491033333,17.323653596666666,4.633951131333333,8.053583841333333,24.98906552533333,185.75062504333332,60.249278620000005,2853.1624425666664,526.3844496036667,36.409009692666665,889.05453,236.938945258,226.1189489666667,65.730297634,906.9960061633332,300.069123221,5316.343410333333,342.3249880293333,2252.307882298,58.34961653566666
35.293095396666665,0.0,685.3260567333333,0.0,0.0468626633333333,26.671132338333333,0.3672874206666667,34.950224889666664,3476.9290543333336,0.0,0.6986465083333333,1.7038074979999998,551.6197596000001,3554.308235,0.1594399173333333,1.07692672,0.1362415769999999,1.3977562716666665,0.3624021446666667,0.0,624.8190272333333,3.921448381,0.0495735446666666,0.0461973263333333,0.0,0.0,38.64727060966667,23.057686526666668,1.285820198,2865.992673,1.0139025823333332,5.423545117,0.0
4.211262982,0.1043266346666666,282.11887228333336,0.0909999746666666,0.0,11.274908103333331,0.7680314173333334,0.0834444156666666,392.0609773333333,0.0311327436666666,2.995409501,3.322822405333333,501.07533056666665,2239.3785503333334,0.0,1.859762501,0.8545547146666667,4.412047425,0.167839193,0.0,85.85416326666666,0.0,0.0900808513333333,0.3588230893333333,0.0,0.0,4.286374496,1.686102655,0.0546001223333333,1146.1919127666667,0.0,8.260191950666666,0.0
30.243037795333333,0.0,120.131882575,0.0,0.0,0.534816673,0.5582346363333334,0.0,797.4379326333334,0.0,4.165875966,5.647165396333333,238.09954919000003,208.02900181666664,0.0,2.188961609333333,0.5210858056666666,7.0213503206666665,1.08738991,0.0,5.668909641,0.0,0.0,0.0,0.0,0.0,0.3103524546666666,0.0,0.1736837249999999,603.2651396,0.0,94.08905453166666,0.0
771.4224451333333,0.0,328.9687861,5.079772196666666,0.2031926666666666,0.2080659506666666,0.8806710186666667,0.6481934076666667,1026.07452202,1.958984543,2.572384452333333,2.1790081646666666,289.72489473400003,24.28047164333333,0.1062014199999999,1.406271054,11.075745279666668,3.4549423210000003,21.08397747733333,0.0,594.6199925433333,4.014605881666666,24.327898506666667,0.0,0.0,0.0,3.180556998333333,7.849957914666667,1.4004954070000002,772.9331168666668,19.90606774,746.8267201753333,0.0
92.695566452,10.16613295,2050.199407333333,1.813547571333333,1.266778374,123.58694251666668,2.297454312,22.752594481333336,1950.3910092666663,14.097958755333332,115.02058693,13.875098973666669,2878.705969333333,2954.1708113333334,270.1017614666667,274.3108519666667,868.8106027,385.0030415666667,75.57962686433335,52.8119002,843.7420603,29.418287480333333,137.47071770333335,87.47332290000001,262.97425443333333,0.0994777796666666,4289.377038833333,13.079545588,231.632226775,2088.9110135,47.66105199066666,109.31249487,0.079579651
5546.026242666667,365.0162088856667,2517.617941,48.5130896,25.399467508666664,403.563791,226.50041008666668,34.76684997666667,392.0344493933333,212.710390506,1.9431041156666664,821.4413025733334,138.52890057466666,2835.466406,204.48098905333333,32.37514028333333,36.06907702,246.5453579266667,142.60179831366668,203.4786407,1061.1715058999998,45.56203232466667,63.02224151866667,632.9056981633333,429.7226549383333,113.0529831,1621.7763797333334,548.5528926999999,182.98704611333332,601.1784036966666,224.63034511,9496.863346,1.613103031
408.192904624,0.3459686986666666,26.846325742666668,0.0,0.0,25.914963326666665,11.23175809,16.95936336666667,1.800240443,1.826860855,0.9261633803333332,3.9297663853333336,31.34066048,141.52831795333333,0.6326679253333334,2.2062379150000004,64.35658529999999,14.173794949333336,6.623045203333334,0.110467813,267.56622045800003,36.72987699266667,1.3343073399999998,0.0722498866666666,0.2830133006666667,0.0,60.09571582633333,68.78629587366667,2.430398269,162.2459007666667,0.6519141706666667,313.3846268286667,1.2898611376666669
0.658854958,0.1054868603333333,1105.7545438,0.0,4.444379233333334,230.73592199566667,41.010609765,86.86192434066668,81.706741433,0.0,4.117922170333333,3497.315934333333,6.456872009333334,1322.3281373533334,2.6858919033333333,7.636510273333333,76.74277396666666,5.830603213666667,55.39474292566666,0.31316353,259.4554459716667,138.9451034666667,9.092233676666668,0.725722015,3.771694203333333,0.0,191.11719941533337,20.08400953,0.3564177093333333,177.5893915,0.0,454.42732932333337,9.160889777666666
17.013154366666665,0.0,135.37839235666667,0.0,2.376735844,35.52365730733333,4.151752217666666,52.819678,4.814424346666667,0.0,4.775019464,1581.7602753,58.02972631466667,415.06499846666674,0.1119558356666666,3.233733657333333,2.4230885086666665,5.632072023,1.5228178866666668,0.0,510.25769820333335,24.93933029733333,0.0,0.0,0.0,0.0,8.971622963,4.836413288666667,0.0,655.5179778033333,0.0,410.74795119,0.0534485306666666
56.13233217766666,0.419221087,2110.36148004,0.0,2.463025569,164.9150773116667,5.818687898666667,14.292869884333331,0.531069682,0.1645327753333333,31.761244673333334,58.38101360333334,2.4734559883333334,114.15444526,4.325922218333333,34.43603754066667,472.7088480046666,107.949460696,165.57251722233335,0.0,48.95344382333334,28.006308082,198.1330363666667,2.093064277,0.3203787366666666,0.0,1279.724339271,4.378761034,1.0342668073333334,20.977617443333333,0.0,8.144420424333333,6.39198901
390.467846366,29.484766353,3972.5919426666665,0.373447547,2.426787679333333,42.50390243833333,9.791897047,7.708312819333334,314.0777461,22.935892171000003,163.5937263656667,2.2415399926666666,1.3922845006666666,1257.5837070466666,159.31936024333334,349.72282585,1033.190500852,607.23135371,133.271977729,48.58131959333334,19.816473829333333,33.953119433333335,261.19968462,127.79164522333332,61.173828291666666,0.2800606416666666,5878.501572333334,11.510215785,536.8544073333333,176.08749804333334,76.52829419333334,128.92286248333332,0.0
269.35399611,253.3839359366667,111.58860936666667,17.342300741,7.443488796666667,1.7155299303333331,39.30778398033333,0.08721911,59.65967004,343.7210220063334,38.51397472566666,9707.591878766669,0.0,33.850875513,162.3235981,137.82171166133332,161.41722026666667,129.11665703533333,71.50509057833334,5.811272663333334,4.106314235,0.041620695,48.416968700000005,517.87272329,40.894031,200.9036549536667,305.700635639,55.74856046766666,404.4821258,16.911240909,274.849046095,8412.083465666668,0.0
129.64176299666667,251.21693316666668,37.26536280366667,54.44404303333334,0.0,0.4897783256666666,0.8686182863333333,0.0,88.99838335633335,356.3503829413333,1.9916179036666664,10144.562039333332,0.0996627486666666,60.141998707,21.379120203333333,1.677020665,37.58315531233333,11.270785834999998,8.358728976,536.8454729073334,0.1475814623333333,0.0,16.584465442666666,828.4406742666666,1090.73958068,135.54949891666664,44.59905563200001,2.552197167666667,132.10876251333332,90.53089386166666,378.0436553736667,9578.282603,0.0
1540.6185478866664,1195.315445,476.87111931,102.7173561,0.0691283283333333,0.1388275656666666,20.96569485633333,1.8236325606666668,198.40756074733332,771.081382945,62.63747622166667,5162.38541661,1.140804411333333,119.81527066666666,539.497753,264.293426941,519.165445,553.1505107056666,32.699977395666664,543.5481291193333,6.801586321333333,13.570769196666667,81.42694533666666,2106.2201939906668,1267.2734672366666,502.74674044166665,3887.1317081126663,74.95766945066667,1260.6154521,2.769385711,843.0574499999999,6623.564601333333,0.0
304.2620411233333,29.041113435,200.99289700666665,22.32589310200001,6.721640327666666,0.0471815373333333,15.233531255666668,1.3897588196666666,0.0,34.68631826,10.181990915666669,8505.044752333333,0.0,8.655915898333333,60.42639736666667,14.515963955666669,133.79756757,158.05846586033334,12.068346380333333,0.4142409543333333,1.4396541093333337,1.2723948043333333,24.95278262733333,21.26328829033333,0.0845710033333333,3.999953390666666,282.81850866633334,43.64684921666666,154.14220118,2.562030579,123.93417341,3807.408580333333,0.0
29.603869824666663,1543.8941344766663,118.097407384,46.27213986933333,0.0,1.3613799663333337,0.1468291176666666,0.0,0.0578373306666666,1389.9182966333335,68.66691795033334,21952.6824279,0.0848182536666666,8.308677283333333,340.40576149,268.85599980633333,351.758362642,417.3657279393333,3.8834623323333335,84.41709506666668,1.100561245333333,0.2217213609999999,1.186079057,1843.3731327363328,664.1192549106667,690.5874730666668,1763.9286214733331,0.0,2193.566231265333,0.9737110396666668,872.0603048823333,10247.764712533331,0.0
1306.3049196666668,2093.8079667,1836.0333177666664,205.44508681666665,111.03672021333334,151.52112060599998,254.87489619666667,86.94651463333334,2.2415562826666666,2038.5526782,9.903644054666666,19531.970641333333,0.0439071856666666,123.76864199833336,26.80939143,17.460882514666668,127.50393107,205.11134301,207.10939345,301.0739015333333,79.51913612700001,308.17642248433333,11.450668357,3373.790474433333,859.3134219,773.01106803,907.5593341,404.6321025933333,853.7828414133332,3.8191230076666662,1730.4864222,13373.522470999998,33.054983324333335
294.11162471,512.587970616,199.09182282333336,4.1583468733333335,10.80611043,14.168091669333334,27.50726299,11.326711515,0.0,250.15296190566664,0.4489765056666666,8687.981649,0.0,0.4339590483333333,0.1151760596666666,0.129088921,47.88452733666667,6.553240340333333,38.80287607,37.36021660666667,3.341078643333333,40.75183269333333,49.35141923333333,934.04487767,224.0773275,127.5247026,104.00377957666666,91.48589109666666,258.0071538,0.0,118.26865909466666,3737.9271386666665,1.4032608146666667
146.1178778,185.33565626866667,2.656840588,0.0,11.0659199,11.689268753333332,47.35737205833333,31.73565746,0.0,75.42895683333333,0.8544531489999999,3247.874987443334,0.0,44.459844371,0.0,0.3280471313333333,3.388302272666666,1.9047471596666667,27.561180786666668,1.767730253,34.363189670333334,45.32231768333333,53.922130433333336,482.9304532183334,72.02226593333333,49.37622640066667,1.4775664163333333,39.57212575933334,46.68002315066666,0.0,15.326656325333332,620.7468376123334,1.254063283
114.09432976,14.754652083333337,0.0,0.0,0.0,1.1169822866666668,0.1544028026666666,26.344503881,2.6013522476666666,0.0,1.1438981396666668,170.26317072999998,0.1614106256666666,5.908879919333333,0.0,0.6364789086666667,0.0425790423333333,1.626499182,0.2845761406666666,60.38505761166667,43.43484415,33.61685102333333,0.0,108.57023159,99.10647346666669,1.781034321,0.0,33.18608076666667,0.0,0.4067616893333333,0.0,29.351478232666665,0.0
133.68445400666667,24.881962278333337,19.219483547666663,0.0,0.0,56.828816679,10.364135511333332,140.66786605666667,0.0,0.0,0.774580378,10.225972888,0.0,198.02991039,0.0,0.296541104,3.7362626366666665,32.355201408666666,0.3567437996666666,0.0,209.7457483,221.38078729,0.0474369083333333,38.050309266666666,0.0,0.3016427663333333,8.07787132,138.87492827,0.0,0.922853617,0.0,3.826760213333333,7.849600867333334
53.25804245466667,227.8167208333333,46.95103995333333,0.0,0.6340078496666667,38.70117199,6.786801703666668,37.36684168333333,0.0,13.442678846666666,1.6125303023333333,451.63743436,0.0,151.01096869666665,0.0,0.9020047966666668,1.2197533316666669,3.0471434923333334,5.563818348666666,28.97457684333333,97.60787069333333,71.88843627866667,12.859511246666663,621.1217406666666,100.21480763333334,29.896079723333333,8.662536162333334,37.94997417266666,0.7300500936666667,2.913977742,0.0,59.126020286666666,5.2548497413333335
149.83559336666667,34.1278626,67.83400853333333,0.0,29.37721810333333,73.62808368500001,176.27780290266665,100.62456436666668,0.0,0.4057662976666666,0.3859940816666666,60.50759801499999,69.23720436166666,265.087927785,0.0,0.0,1.651731208666667,5.436399025,157.63625039733333,0.0,174.67505925,237.722516,37.5187628,50.91760933333333,0.049015107,1.3612634096666667,0.0,222.5319471,0.0,91.1510116,0.0,9.592411787333337,26.46045307
14.368935158333334,0.0,0.043662063,0.0,0.0,0.0,0.0,3.416765986,0.0,0.0,1.788772145,28.80570628,0.0,0.577961346,0.0,0.760309373,0.889878997,1.2117497593333333,0.141005746,0.0,29.53284919666667,3.94635796,5.906019570000001,13.567902219666664,0.0,0.0,0.0,7.974481063333333,0.0,2.4137670083333336,0.0,26.61430903333333,0.0
26.624421206,0.0,1145.071025,0.0,6.54392605,111.87113316666668,19.120693704666667,8.528241993333333,67.73699789999999,0.0,27.435573754333333,0.5771148436666667,1.6399619883333332,249.2607206,13.69697222,59.9318198,242.44346973333333,41.563216829666665,37.11626851166667,0.0,17.582607914666667,23.07189063,21.15122463,0.0,0.1018785196666666,0.0,1062.788064,43.72836060066666,0.0,32.74348502,0.0,2.339821222,5.025039583333333
2631.7530167333334,34.868678363,822.3426105266667,31.48987821133333,132.56771748333333,148.18811440333334,581.5918181333333,37.89447720666667,48.36219943333333,104.49857139333334,6.468064324333334,652.807618058,700.5269497496666,662.1289457,40.18041472666667,21.79330188366667,210.75827112333332,299.86865512,636.8376678333334,0.0,1396.4547189899995,193.02046686666668,285.9189479666666,93.59667934966669,0.074727373,28.93950810733333,60.27001839666666,529.0600565666667,9.344251154,475.6576339726666,172.62935273333335,7301.573261233333,47.63840193666667
473.2471928313333,5.4111124366666665,68.63725954066666,0.0,6.959120454333333,80.74224145333334,70.92277613,54.062072013333335,290.60567173333334,6.803298819999999,1.1140004423333334,2086.201515855,48.26187392333333,198.28005703,0.0,0.5352982603333333,0.1141847306666666,4.793092650666666,9.5397839,0.0,597.8754912433334,141.49962476666667,0.7360816533333333,42.89118879,0.0,2.905394396,4.861520083333333,211.41352246666668,0.0,174.157883338,0.772824247,1582.6992415766665,17.306868583333333
953.5812766333332,56.34129772666665,206.604570944,9.302962800333331,27.986371721666668,25.522203580333336,174.5825837,30.48248081666667,71.62307826666667,74.197713708,4.647345434666667,179.42970647,32.02690534333333,122.81214508,21.94889629,15.958036246666666,90.41101744966666,158.99774519433333,215.4093741833333,0.0,440.2108279013334,61.21846642666666,173.63846339666668,91.20302705366667,0.0,36.641306063,85.00217464966667,169.7113659166667,6.712755341,43.3640006,72.67296160000001,1195.1729211333334,9.920155887
346.8157479666667,0.0865167473333333,17.718239846666666,0.0,0.0,6.7239861843333335,28.707947,25.46396762333333,3.9943584813333337,0.0,1.830931589,3.5336266403333334,0.233366841,65.296777976,0.0575878763333333,1.100970987333333,0.334127005,3.276004966,2.5820052066666666,0.0,22.83595242,87.88240146,0.3210732679999999,0.6012581606666666,0.0336597013333333,0.3469322156666667,0.1167052953333333,140.3555106,0.0,9.774702883333331,0.0570612346666666,23.514467667666665,7.830660444
0.0,0.0,0.0,0.0,0.0,0.0617310306666666,0.0,0.0,0.0,0.0,1.2034934356666669,5186.128331706666,0.0,0.0,0.0,0.5242702976666666,0.0575027116666666,1.472046131,0.1082774923333333,0.0,0.1130361133333333,0.0,0.0,0.0,0.0,0.0,0.0,0.0,0.0,0.0,0.0,2449.253028571,0.0
0.0382527733333333,176.41198507866667,16.595474687000003,9.02627115,0.0,0.0,0.833221385,0.2973536693333333,0.0,242.78620536666665,4.873754556,2499.490512566667,0.410565058,2.9622672160000003,2.7730127706666665,3.6696087153333337,21.284999439333333,4.644719616333333,0.1032429746666666,65.2830189,10.283127308666666,0.0496086983333333,0.0,142.04169529166666,85.28825979333334,142.7440258,88.89230888499999,0.1036573776666666,301.936619165,0.0,128.6608049,864.7526156216667,0.0
1277.1523804,1590.0423757333335,853.1823101333333,72.47681073,27.67058581666667,23.38803108533333,193.3162891263333,26.60983097,14.17493122,1040.8747318333333,29.099721086666666,14781.637079,0.1071953986666666,196.57420769766668,394.4004543666667,81.18544216333333,679.3874060333334,418.0566897000001,358.59014773333337,489.9514381853333,29.027419587,84.07241609666666,430.3149530533333,3367.310561333333,1025.9801866333332,482.4412763,2986.046552,191.68927729266667,1699.0684384,4.261497833,846.6859971333333,6912.607639333334,10.681048597333335
188.17333886666663,1.1489432856666666,378.4836788766666,0.0528939576666666,25.0006774,2.975437939666667,49.01295935,0.0,77.08292256666667,5.997545853333333,7.928840152333334,203.713019622,0.1724699043333333,115.91149898166668,5.628908071333334,17.488243326,108.90363730333333,74.10961422666666,160.63450608666668,0.0,4.802640350666667,6.304406383,126.01335987433332,0.082936077,0.1002723986666666,0.0,26.52506971333333,38.28176202,0.5091311083333333,141.259894564,0.8764552236666666,151.68858791,0.2583455283333333
255.3922987333333,22.089789706666664,38.296469748,4.99472495,0.0,2.060097030666667,100.90876820333334,0.713210449,175.43896544866666,67.1259173,13.690923920333333,84.925874202,0.0,153.91398951866668,2.8222896013333334,11.565294837,8.329533952333334,45.827268960000005,16.01213765,0.0,3.278788503666666,5.378252576666667,1.3966401243333333,3.2712812396666666,0.154081341,13.823533843333337,17.109249003333332,54.64337764333334,24.84758713,66.88231549,60.68141476666667,89.11201115833335,0.0
272.62100876666665,440.6043452333333,2.906761371,2.3925557763333334,1.6386999753333331,0.259848233,34.132785039666665,3.431749249333333,3.71504928,248.90078541333332,1.119887263,1893.5173435666663,0.0,202.0686775933333,1.9935457806666663,2.190178877333333,2.468200989333333,3.6895209866666665,29.345120566666665,136.07186598333334,24.476850058333337,2.3318214983333334,5.123038774333334,898.3044510333334,348.51243815,198.86090235666663,15.119753300333334,29.259710771666665,74.358210008,2.9352157986666665,67.94035091366666,1412.1704827333333,0.0
49.408971388333335,0.3449827613333333,0.044750019,0.0,0.0,0.0,4.635455576666667,5.424479030666667,1.5219115663333334,3.832196156666667,0.0,3.2074384413333337,0.0,1.1295792496666668,0.0,0.0,0.647159456,1.026058049333333,0.1976878663333333,0.0,3.4158304699999995,4.17754237,1.407855927666667,0.0,0.0,0.0,0.0655036806666666,18.93795218,0.0500822506666666,0.118150217,0.0,41.16930914466667,0.0
24.96651332733333,0.0,1.7194037800000002,0.0,0.159462418,0.0,0.1519926103333333,0.0,1.8063906833333332,0.0,0.0,0.2815274863333333,0.0,0.0,0.0,0.0,0.0,0.0,0.0784228916666666,0.0,7.840798925333334,0.0,0.0,0.0,0.0,0.0,0.2738335453333333,0.0,0.0,0.0611379296666666,0.0,6.168482847666667,0.0
138.42837847733333,0.0426071409999999,15.058415496666669,0.0,0.0,0.0689581403333333,9.037236633333334,0.0,31.75101959,6.699730693333334,0.0,60.24104870633334,4.650619056666667,53.60925085666667,1.4848144440000002,0.032695218,0.0,0.0,0.49954798,0.0,0.0,0.0,0.0,0.4100000423333333,0.0374120266666666,0.4775216343333333,119.63952233633331,33.9621595,0.9099429273333334,50.79024171666666,3.248780287666667,748.1631554586667,0.0
339.66174863333333,109.88952163333332,0.0,15.175646321666669,0.0,0.410562711,7.354300893333334,0.6337963696666666,11.720800616666669,249.25323498333333,0.7547995866666667,14515.997395666664,0.0,0.4783277906666667,8.410093556333335,3.710575482,0.8957663593333333,10.435440923333331,0.5852660746666667,0.0,0.8884677813333334,0.0,0.0443226763333333,174.80284791933332,0.4460767683333333,150.05562080899998,9.061162653333334,20.222622335,41.59786139333334,0.0,155.2567191,12218.058693333332,0.0
961.2366278666668,325.71087589333337,1341.714501317,132.48661200866664,0.0,108.854227235,28.25917997333333,11.211754371666666,144.50119553333334,525.48541639,17.378177276666666,15081.566230666664,96.46188357666666,419.34978706,252.0325847913333,66.19860591966666,179.65569245766665,219.58918370166663,9.867014526333334,231.22802955666663,23.006049195666662,10.352742856333332,8.111878093333333,625.8313754333334,399.3658177203333,277.73241344666667,1963.00660332,78.01236693966666,438.4321728703333,225.43597223666663,713.24814539,16613.925435333334,0.1284159823333333
1385.6745257,1010.9971133066666,304.7251693966667,272.39153281,16.821242826666666,70.05758802533333,78.39039343866666,26.34631272333333,3.4469732166666667,1311.3339924,17.610265051,17187.918336333332,3.236411332666666,430.48375260333336,241.72068207,63.06457039066666,81.480745358,345.4870125666667,65.83278593333334,279.5534846763333,25.012701118333336,49.127252182,81.290529,1672.1989175733331,745.5271111010001,558.9115445900001,520.9662062000001,144.31547257,858.8132975666667,33.524011455,1567.0857546333334,17386.486810333332,4.70170558
564.6541609,2776.4320105333336,1783.6919976333331,76.21601881333333,65.81393283633334,56.896908292666666,432.92109046,85.66776406666668,239.80371623333332,1674.54206912,14.393722751666669,6974.103888433333,25.08886997633333,716.0448746666667,240.3541571,65.15381088566667,324.5243285,224.51066430666663,596.1143164233333,679.3126908666667,96.42140857333334,148.83089270000002,337.6217782,4027.587606466667,1600.7957216763332,1088.4271783266668,3862.5642101,413.3300320133333,1884.52175267,161.95952659133334,977.9355996826667,3676.6148656333335,17.091756616666668
164.5116867333333,3.1051256966666667,118.84809730666666,0.0,0.0,18.977062163333333,1.1542878843333335,12.006279892333332,0.0,6.280074105,0.0,14.785951558333332,54.0899954,22.847079423666667,9.733791071666667,9.592068834,8.254119486333332,16.952144267666668,0.536462509,3.994729053333333,12.444221353333331,16.704601006666667,0.1181517976666666,6.735943708333333,4.603906381333334,0.0362976193333333,52.37208704333333,45.75805122666666,21.922545497666665,4.383585339666666,6.342238234999999,38.69757061333333,2.411044884333333
382.8142769333333,0.4237453406666666,83.61486143266667,4.436742476666667,4.0842142610000005,9.004414102666667,59.77000277666667,8.851549426666667,2.448038945,0.8545287043333333,3.290858032333334,29.082303771333333,1.9874191706666664,70.19356550766668,3.628743916666666,2.1546852723333334,55.73237108866667,34.99400303666667,49.20002197666667,0.0,18.437471512666665,17.137213382666665,35.811680677,4.185975602333333,0.142444455,0.0,34.052555119,59.64539236,9.84201868,54.19123811333333,24.63903885333333,686.5058182933334,0.8186284060000001
2476.8631673333334,274.2591268933333,2363.3301128333333,76.15341731333334,44.157485278,490.5329979,222.77874584333333,116.36168754,290.82741346666666,262.0789304466667,45.561817796666666,113.48814047033332,999.57295617,1380.625806666667,332.79421465,167.95619069666665,660.1756270333334,595.1632286666667,319.58967894666665,85.28018977666667,146.43654944333332,343.2517774666667,256.01382715666665,472.813370889,239.31478167066663,85.83121928199999,2564.571388,296.9489936666667,589.7317328193334,922.2714296333334,516.5006398846666,3251.508143233333,34.776561363333336
91.93849284433334,52.973841166666666,66.127331652,0.0,0.4640564403333333,27.92640797,57.619339700000005,5.434108746666666,46.31557721333333,17.408082747,21.81065861333333,73.691519851,392.978146999,869.375096579,9.692230996333333,38.75385136,14.15692578,70.23341066166667,12.848144646666666,39.2861682,385.38372889,21.87427402,1.2104563556666668,156.61705533733334,76.11713229733333,13.058486613333336,4.569214896666667,23.01865169733333,1.528010892333333,1071.0407911866666,0.0,123.78879243,6.212940686666666
845.0625348,37.95463865766666,460.6032693663333,0.5251901163333333,9.91644435,17.33778081666667,78.8529339,9.598003276666669,384.4525542,9.832051293333334,6.119278890333334,213.268630753,77.20785630966667,981.3407835666668,13.296077326333334,13.750019131666669,158.10690816666667,98.12826443333334,181.07127458666665,0.0,100.739178465,6.082505013333333,208.4939083666667,59.42294451333333,0.0541913396666666,3.3592319033333333,246.0843172733333,69.21080263333333,6.425590219333333,315.57235413333336,4.515963195,917.5397553266666,2.960184956333333
918.9387245066667,0.086510348,129.245499849,0.0,8.08582548,151.73843233333335,140.39453799133332,27.438448432,1.3230040496666666,0.440060401,7.107973204333334,158.563700061,32.29588361966666,351.55633686000004,0.6317800299999999,5.142415017666667,21.857713805333333,2.391326881,28.337039171666664,0.0,122.22497553333334,119.59128525333334,0.2455758746666666,0.1214336023333333,0.0355767986666666,0.1505176993333333,46.6438026,153.56320701666667,0.0,255.79209843466663,0.0,3690.4224039663336,13.739714976666669
1681.5373618666663,1.5686580426666668,2145.020263613667,0.0882881266666666,23.58084483,180.15285780666667,225.41370026666667,35.454462068000005,178.694227494,4.198047893333333,81.98796268333334,1.5007261773333334,135.4732901,1523.4164138666667,121.91828561799998,162.0662209,893.4958301,815.3911831333334,353.00917414299994,0.0,312.056490466,139.52300890566667,217.43622453333333,2.753543081,0.375205772,0.078892725,86.81077885,147.03917845333334,4.048956172666666,605.5984478333334,9.39081268,1504.55039077,20.576447293666664
1124.924064098,115.68436785366669,657.509519435,28.512553699,3.6527533,95.72733509366668,44.700190822,62.81704716666667,732.7080205400001,219.51181768133333,8.804197613333333,755.951430908,62.172489703,1890.8608483333333,27.224957735,14.204893442333333,315.65214753333333,277.8807665333333,120.25142337166666,0.0,281.69167823333333,85.46535401033333,244.61110306666663,59.111726948333335,0.7674470573333334,92.188538998,14.624767142333331,161.03437406666666,52.05260795866667,906.505273,203.28258346433336,4162.668251236667,1.1411839513333333
4221.7793188666665,253.16956678333332,770.9431377000001,35.971838573666666,95.492399937,355.21127622366663,786.7337037856668,347.70330982933336,0.7674364556666666,261.907845128,42.13887367666667,3891.57151992,563.53041572,4621.3243822,45.069287339666666,108.29445121,299.01212936,511.0049355413334,658.9300114633332,0.4500789506666666,1798.2685972966667,590.1652618566667,319.77575146500004,532.080697963,41.64986972333333,98.74216993333332,467.917402,1197.0124093666668,125.86775764866668,1105.2848527866663,150.59439960933335,4749.928399833333,69.37309067333334
385.96442033,7.876236000666666,5592.351111678666,13.593552426666667,1.4272622273333333,2.280512322333333,0.618004048,2.024251328666667,402.28873030666665,42.587361784,96.58640593333332,255.88302531833332,170.58799363333333,400.6493600813333,359.2897650883333,261.69942717333333,792.5714643433333,293.177318779,158.1612747,0.1556456046666666,26.445734584,0.0,133.58765186666668,52.92559831566667,5.8479908033333325,0.093608214,7895.817233180333,10.247409496666666,1248.514635803,387.0301028433333,205.38734390666664,800.624494,0.0
2598.849384,1547.419345796667,1989.0804268533327,490.22990316666665,11.943370356333332,84.11254805033333,21.916946428666662,6.492908652666666,531.3274738,2678.353283,79.12684572333333,16494.453539666665,99.96678855333332,730.0545761333333,332.6803272,135.63066329,282.5788249,454.6240089666667,120.58962629333332,290.42783189166664,31.47959401,12.900972616666666,113.80310056666669,1889.2715992566664,887.002743,950.7662332666667,1186.0383465,40.912166946666666,1854.8379022333336,248.4583742,2831.0738346666662,22558.44876666667,1.7748000809999998
198.45032367,2500.407329166667,3061.8568366,274.8121714233334,0.0,228.96033504266663,0.0,0.0,2256.6749137666666,1361.972593233333,24.097955401333333,12277.593678666666,330.0256991666667,1512.1613211666663,121.56275575666666,56.286258378333336,110.92109390133332,253.37101835666667,3.500114013333333,466.82294831933336,10.016178003,0.1911710733333333,29.03878922666667,4166.740633666667,1618.13564444,986.1987966,1352.92849326,2.641812562333333,622.5902351999999,609.4304869666668,1444.0378605,7072.959352333334,0.0
1055.1141833,253.93329398000003,6205.456147666667,82.42723986066667,78.10704847666666,592.6464445333334,344.2903807333334,23.767778596333333,593.5036038666666,281.84608254000005,123.18135315333336,39469.26804666666,109.53742933333336,2596.1953186666665,708.6111065666668,387.5748164333333,785.4519252666668,725.8139975333333,482.02257593333337,59.28046819866668,69.08262604333333,203.676914,259.7777591666666,393.7444235666667,82.66867731,165.72417198666668,5341.114893666667,255.40769710000004,587.7303980666667,608.6834590333333,517.6073407966667,37491.24295333333,32.37763993666667
893.2532228,2.46010866,1039.6457489000002,0.0,64.547187235,426.1503889666666,319.2826868166667,114.42073495,1127.4098603,0.2195938853333333,6.405854693333333,4893.596629666667,493.86444580666665,3907.6641746666655,3.5810582036666667,8.104963472,25.10798962,21.658572666666668,216.89413219333332,0.0,452.5969419666667,289.39710239333334,33.21819424733334,8.922273038666667,0.170555496,0.807495993,62.18066265000001,446.84992217,5.171446303,1372.0165515,1.8988750846666669,5839.898645833334,24.724553091666667
947.9871410766668,10.244155606666668,157.81062221,4.774526673333333,10.352332383666669,74.05071341200001,158.64375821833335,84.81668986666666,200.7148576833333,41.65364734333333,2.4499827203333333,5896.336746433334,111.01352582333334,1569.4212700666667,17.844421660333335,5.502114538000001,26.61811907,16.633806722,57.141900452,0.0,751.42941611,104.56494852,5.011293512333333,119.49594000633334,16.209135988666667,11.854550414,111.21475855333334,315.5400679,49.57985711166666,860.5135640666667,49.876371327,4299.822496366666,8.062476954000001
1434.9944965333332,2241.71682235,5793.548461078,239.02563003333333,0.0938586916666666,9.856536855333331,14.670664430666667,0.197431431,1910.1529776666664,3494.101680066666,176.14245553,6944.935506500001,612.1658757663333,147.52457820666666,1391.4372612326667,539.1692604703334,1233.54631051,1225.8762599183333,23.69535484133333,165.41257008266666,51.98115198966666,0.5602826263333334,85.884864,1969.6442583333333,744.2932565269999,1263.6957612033332,13201.912649666669,157.52099536666665,9154.558005333334,335.76626652899995,3159.416787,12377.165402733332,0.070269763
2364.877004666667,3616.2016591000006,3479.5763592666663,306.49456915866665,54.70853786,611.3615680976667,443.1613281666666,149.35207243333335,212.14549820333332,3134.5584273833338,114.35555824666666,32106.07458,156.32272056,2807.509557833333,508.8770302333333,289.7661169,1072.2503404666666,1157.7731549333332,533.342985652,469.6829360366667,220.448784357,258.7613738666667,394.3985236,2788.1174210000004,942.807452,1277.1479679466663,2598.6794523333333,334.6588657233333,3016.76957517,450.7503932,2515.727988256667,31145.655146666668,15.211959726666668
148.78251907,0.2899437736666667,275.8377266333334,0.0,0.1028020006666666,9.058307374666668,1.251263289666667,0.0,241.47951966666665,0.0797612063333333,0.0517730736666666,43.95138360933333,11.632388895666663,309.6048667333334,1.3132826213333333,2.1997245800000003,6.643868923333333,8.528571343333335,13.144830281666666,0.5286242736666666,3.018014727666667,0.2096293146666666,17.799118428,2.772820065,1.3506639806666667,0.0,8.750677493666666,64.33574877833334,0.33922771,29.89407525,0.2538150453333333,226.26065691,0.7154164936666666
376.36932827366667,0.5118938686666666,1131.8366865833334,1.488056178,22.107276783333333,153.191527143,317.1178352283334,89.27925553333334,41.4446476,0.8046461493333333,0.8987922163333333,3651.430349796666,164.76240658999998,770.4054541,1.7680101966666666,4.404388268333333,102.82057542333332,19.784989973,256.165827508,0.0,40.34062909333333,264.04103886666667,83.676310847,1.0808036236666667,0.0,0.2208265966666666,13.70200975333333,619.6554630866666,1.258889792,226.2369215333333,2.890786910333334,1718.8603960333332,34.69525619833333
3798.951434433333,1022.4581789966668,1798.0283762036668,264.00120173333335,0.3006175473333333,109.23601733333334,84.23679104233334,51.33861483333334,39.858843827,1597.0083697666669,67.85804018333333,16816.482713666668,31.808146184666665,688.24929919,246.6794664333333,159.77424944333333,460.1386001803333,590.2777124,38.74161898333333,10.283997243,1499.912055840333,20.023381031666663,138.47960296666668,708.6226354966666,32.18995264666666,1076.1429811,1640.095077616667,196.8785521196667,1841.390653,480.5067602,1816.8019813333333,13822.168038033333,0.0
3460.643523856,59.39444906666666,1858.5048063496668,260.20466839466667,462.6518,746.564595207,1579.767058,126.388835735,303.31794210333334,216.55868868033332,36.52690797666667,18158.10543130167,195.84612916666663,1929.5579621736667,526.0180502,106.6693088,239.1134113,334.7846010933334,1133.988359,10.213619373333334,382.1736291866667,533.7624996666667,407.23398033333336,82.74872018833334,47.61180610333334,40.288354808,1894.501617215,1417.4045444393332,826.7760255463332,414.8528201000001,1539.1917264623332,18698.44723291133,63.95800976666666
3720.2915916666666,0.8073399926666666,12484.361915078334,1.2029054373333332,15.667982183666666,1598.2690543446668,52.01528003666667,124.23973678066666,59.66954127666667,115.687167235,44.00912333333333,9364.680615733332,195.51544693333332,5732.599086833332,213.47816743966663,235.06076384766664,260.52491941166664,334.67986302,226.4636920933333,0.0877299306666666,962.2198822,158.27921344,112.21531104333332,65.37793070666666,5.310671718,28.36451444,5527.03554904,97.43178167766668,57.263437587666665,726.2997145999999,13.360419674666666,15869.0702416,15.860514118333334
3990.810176133333,3310.7634536666665,11007.643679666668,246.29379866666667,152.98614871666666,421.1848081,568.0162600333333,36.07050322,1259.1993344999998,4091.231319766666,329.6830408276667,12469.617482,136.04763327,1822.767998,1938.7020941466665,1071.693613056667,2227.21192658,1995.4309071716664,1211.5396733666666,213.2793877683333,132.36250037333335,330.8461597466667,480.24548464,3570.5920496666663,729.8500142273333,2306.467404933333,14455.345476,659.2588900666666,6924.992409233334,624.6940721666666,2994.189504666667,17116.782995,65.19759756666667
572.39924919,28.006835353333333,274.00869327566664,3.2142306683333337,40.762866653,202.830324993,135.04692172333333,9.25526353,190.5514089233333,55.862200185666666,0.0,2791.4077629333333,292.90003058,1578.4415660333334,16.49606676666667,18.461899945666666,20.797903663333333,105.441656793,210.53135956666665,0.7844384016666667,66.34515114033333,35.671789566,167.0181092,16.745475758999998,2.275008433,21.959160906,21.064618081000003,75.04369155,12.873328954666666,789.3241466333334,49.39943536166666,5565.657057150001,4.332315965
3770.75414408,174.75550826000003,588.820720731,12.758348128666668,27.668817410000003,377.639833808,494.1028238666666,182.9889542333333,1176.1385306,156.19714906666667,59.03476805333333,12460.88492232,820.8856755333333,4720.321658433333,77.91163680066667,140.41101727666668,715.9789359633334,551.61680739,355.46561463333336,1.9037510206666663,1112.4662976333332,290.4877275946667,269.6997927,315.2400397456667,25.341954565,68.53009204,188.0416224966667,584.0238025333333,11.30159053,2555.6213516666667,104.592079,19719.561769166667,29.683920476666668
303.6852190203333,374.73419563733336,2286.6747966,31.48642442,1.1456477436666666,168.22373865766667,0.8406012669999999,1.2774361706666666,1918.4389363333328,690.3723886313333,180.87783782333332,40.95129922666667,677.5954908,1886.4892468,363.451331878,335.735475245,1471.9734845126666,620.9108818973333,34.71259877666667,639.0882823200001,44.39975824333334,0.7705197906666666,172.90440291999997,542.444174014,875.3434081166666,95.286219067,5733.411610027334,8.314801020666666,2316.292509272333,1384.3485092,476.9623877423334,1331.6587692656667,0.303397068
8309.4948059,3034.6849120666666,4542.027243,260.5884415566666,124.97813481,551.467058727,1074.1770156573332,32.14360228766667,2597.9708570000003,2418.9506486,309.33785786666664,37322.3775649,290.68196917666666,3962.65204725,990.3976117666668,877.4594750333332,2494.470005,1722.9005468333332,937.104356576,1470.4870773333332,82.79783829,385.0689610066667,1050.04385498,3141.8976332666666,2027.5981956966664,1209.1413843333332,15092.497865666664,1143.1760132433335,4683.820414,879.3985015,2225.592321333333,34030.07676233333,88.97128894966666
2588.0763127,532.3315495626667,6949.454937666666,20.878262084666662,32.065649650333334,1519.82043,151.73449492199998,146.39156737,1221.8412342666668,107.471482485,80.25617221,2586.4790802633333,96.76765640666667,5255.333890333334,149.01565106666666,164.47431411666665,741.7339941666665,747.0024082333333,443.11090338,6.665246717,236.2801078,214.9470920333333,377.24386252333335,843.5255362806666,81.34473339766667,129.1185229506667,2943.6620660333333,548.6094041966667,160.28093138900002,857.7762346666667,242.2292847583333,5076.488444266666,5.542363080666667
1774.5845921666669,196.316559031,1986.3054094233328,96.78054511,34.654281841,325.0369227566667,333.827443033,129.96009724133333,1873.929385,243.73343379833327,19.55230140333333,5456.4801395,260.76582633333334,4824.439510666667,352.20807041333336,121.35794588,168.83836929666666,251.83863836333333,200.5695263266667,0.2161855976666666,405.3524263,262.23820279,63.436382019,310.796518146,1.728887881333333,67.97351998233334,1422.336728418,376.22001283,532.0712661566666,1542.9749924,523.0750686566666,17537.708429133334,21.406764836666667
174.34479246,0.0,32.154591672,0.422033004,0.116428281,11.783703986,1.277051466,0.0737420713333333,135.73777418333336,1.0367928406666669,0.0,22.527616910666666,4052.460576533333,51.44742081,2.3236328716666668,0.885286551,1.8493267083333336,0.5418667303333333,0.3015668083333333,0.0970807353333333,3278.451527,0.8352306086666667,0.0015774436666666,2.405234604333333,2.802104619333333,0.026417984,18.500097192,52.66466501333334,0.3033285113333333,1414.3720427666667,1.0124291266666667,94.98939828,0.284772463
1847.9860939266664,2297.6668685,1119.62687045,196.0923407,62.0421208,328.88954943933334,151.62789616666666,209.91297763333333,1804.3900074,2514.7936308466665,146.99633576666668,13714.374963,424.0246218,2999.1954282066667,470.36910573,321.2602874666666,591.0900416666667,1098.7793805773333,469.27619528166673,7.274450273333334,1020.0903391,256.50828068133336,629.6671533333333,3391.3526668733325,203.33903962833332,983.4275118866668,1260.9178990333332,179.02423267566667,2903.18504922,1445.2189981,2277.348105049666,13776.471718,8.69434485
8121.217433666668,1060.9128265443337,3783.916206966667,378.6044110266666,67.66730087666666,761.9239720333334,1311.1983552666668,234.18347508666668,2009.6803479,412.14960209333327,167.60801865933334,18043.305450266667,508.12226116666665,4918.078994,939.02073807,489.2088138863333,789.5366273466667,890.0942832633333,1045.8288488366668,0.0,2659.6813171000003,586.6372770333334,252.45424735133332,631.1920676923334,5.443719973,116.22287504166668,15729.712333766664,1323.0362349666666,1625.2066376893335,2687.2503196666667,1702.5351985136667,20198.349606,63.95955512333334
1821.972159258333,1118.6921291846666,1350.5949426,41.20909887133333,5.9711862296666665,432.7593553466666,182.8557755,40.632598879,2042.1895914,891.5748527633333,98.03769475333333,13063.411365666669,606.4305647133333,4560.92412364,355.4118012746667,208.21728197233327,918.548461285,742.9390739520001,253.9653594,105.11552300666666,128.55695034666667,110.821950549,387.28282286666666,2691.165023679333,511.095271955,416.0126494533333,2596.7655235,213.9831311343333,1334.3850363333331,1775.5632738733332,453.5694404,16983.948893666668,6.584656166666666
4411.2674818666665,7802.56375,5657.4338818,78.981235936,114.04551572266668,40.44060047,77.96175068833334,9.422494842,5414.447413666668,2338.102094282,207.20459232,2303.216777333333,80.86022789,228.40781276666667,1355.8759741666663,552.2504298,2133.144693216667,2518.130361833333,901.8992212393332,99.19038937,99.93602652,26.53058889733333,452.112964184,5485.062048474333,588.48861982,680.1423201480001,9291.803897866666,129.16428999,8703.635785796667,231.74840343333332,1698.0324692333336,6594.6347953333325,1.0781793916666669
551.6028814053333,260.2649337533333,5176.768150366667,1.406753676,19.789132418,23.145695699,258.20851518566667,1.239678773,1261.946772366667,238.69883399333332,22.754189213333333,983.7853414766668,23.268736586666662,227.0314886066667,41.97498426333333,19.78391313,944.9034334926667,72.103104619,525.2729308666667,365.136632225,109.52045416333333,5.737507359333333,360.9031719533333,592.2992131,265.18626147666663,50.67032352066667,8073.227323200001,28.629862924000005,343.5937464533333,57.69226058666667,18.845720891,750.3822817,4.055501074
4790.243349666666,25.79151489766667,15819.509640333335,3.046902543333333,236.3390499733333,919.1582745933332,848.0142391433333,1034.4422971803333,417.3762846366667,4.956643877666667,189.76519867,1318.8315041333333,31.679626443333333,3108.5432072666663,187.88111569666668,395.31269509,3014.4889229,881.3077782,707.2639396666667,1.373789121666667,1939.64872713,1216.8726527333336,504.3734304333333,59.22870625233333,42.42715222266667,5.068388435666667,7057.770725133334,2020.3833247666669,11.899016271333332,298.8482016,5.226493706666667,5020.958136766666,126.40524657333332
12579.261311666667,165.42087015333334,11792.953171666666,8.991249241,215.25218275,220.6157210166667,1181.8846931,141.773661095,985.9067663,226.97683282366663,447.66928959666666,9532.821938333333,47.45004427,1833.451396,1905.05464708,1222.35729381,4518.239914666667,2093.162167,1806.0336876666668,935.0941889876668,670.9079274833333,282.4881482,1331.522858,1364.768207156667,2245.468928223333,116.57033736333334,19426.27153166667,1421.5815845999998,2428.05534827,689.7778388333332,591.7113379866666,13158.141539666663,47.44396106666667
1280.7752673333332,371.96511098366665,877.60623885,1.044102551,5.897788738666666,59.778154623333336,84.4487071,125.24438875233336,6102.500266,99.041153733,21.644427381,15817.660806333331,1387.0274918000002,3602.8547046666663,38.08510029833334,43.42630926866667,227.529325036,142.37029196066666,21.415311043666662,5.794022135333335,5494.507508400001,240.6047913303333,23.212219181666665,675.4425130533333,39.765223514,49.94472805933333,301.586804003,357.8466159166667,59.54393782,3951.6195053333336,37.96895103,10260.335898,22.63259882866667
58.347723773333335,601.0714176293333,567.06778248,0.0,0.9242518953333332,19.999354546666662,4.308827625,2.560966778,6651.455336999999,7.339131626666667,4.4397221133333336,4056.404284833333,8396.843487,1419.2915810000002,567.7962059503333,164.69464264,24.024424088333333,151.45661526666666,4.378510355,66.04261864499999,1293.2026480333334,5.185464797,3.6043040256666665,701.8210450299999,444.596072676,7.839756090000001,1600.9746960833334,34.49497311333334,328.47742912433336,6099.787751666667,255.66072340466667,3037.5820063,0.3639791079999999
3074.1750371666662,100.33255698,1163.9923631333334,165.82829558133332,2.200252405,35.869744026666666,153.2999136233333,79.50747131766667,4162.624812666666,697.480487772,191.7716732,2420.3787793333336,9689.08877,2383.6852526666667,1048.644303843333,441.7862569333333,353.04634244,934.95911652,17.200367920333335,0.4433481813333333,5692.641920333333,47.088678881,90.09069683833332,29.69250116933333,8.104771455333333,92.75186020566666,3077.210812136667,551.08397316,308.0273621833333,8120.529186,862.1653953199999,11465.8376987,1.2748041246666666
4010.0606710000006,1567.2465864899998,5778.505040999999,233.8766107333333,170.72921943333336,898.0397854333333,521.9796065666667,240.0805482733333,5743.997596333334,766.8302734499999,536.9911266813333,3732.8086956666666,2197.831254,3823.288854666667,3225.3024552966667,1792.8723665633331,2893.037762966667,3338.707618533333,1057.7620702,97.54648956666666,2078.3807529,781.4500051033333,681.1802683333334,1511.5615451233332,429.22059746200006,330.6189887963333,23343.2381762,1319.191937,5356.958332694333,4828.5823083333335,1255.30301918,8972.747669999999,104.28603646
12049.5545424,2489.3046022333333,2916.1039516,638.4859487866667,234.68185472233333,260.74563496666667,535.7955208933333,49.08312261,3796.502183666667,4535.507485499999,249.88496297033336,13944.377269666666,3006.6747436666665,5395.188485666667,1054.8706640843334,570.0708886533333,3701.16881712,3161.53166156,1830.0862217433332,1581.2992356000002,7798.562627666666,25.488069594333336,1570.2262527193334,5167.4465826000005,7067.180533923333,785.08304659,7696.3028274,951.8099354333334,7790.913292608333,8043.152449333334,4978.490116933333,23404.2021,7.869216555333334
6662.958559,980.0867987366668,2920.4226928666667,224.93942054,171.44326601366666,508.20509475,821.39585069,230.67839531666667,2627.8777824333333,1025.1487868333334,73.96936168,39587.16952,4469.555134,3023.6132685333337,265.96583350333333,186.6992013,518.2762301366666,788.5951958333334,1463.6186032510002,0.4590090533333333,10490.037971333331,607.69627215,935.0853869433332,1114.2541812333332,12.330180173,876.4442669333333,321.80699813,711.4220108999999,490.0734926,9484.217955333334,980.5770329,44808.95055666667,78.64924729666667
350.60850224,2606.168158666667,2822.836700466667,31.372025475666664,0.3594555763333333,77.03787125666666,44.68635433966667,4.167809972,1828.8407182333333,1079.4261373666666,0.0,30883.21329333333,2189.327075333333,952.8562887333334,38.110276217,3.305513189666667,17.121739817999998,40.27534975233333,35.89604587433333,442.79002639,1142.982455866667,9.549796598666669,19.815126059,5298.302739666667,1401.0942878333333,951.1022780333334,318.3062539366667,168.93920749966668,503.5467673533333,1756.7741673333333,396.8453002333333,25715.567911,1.9593740616666668
1046.91795824,568.59662383,13033.273208666667,3.055088999,236.029087358,1462.1956635999998,723.090020166,65.07258110033332,8703.542950333333,44.938840196,305.4647790166667,854.5818119,546.6688691,9532.658527666666,377.5989933246667,471.52025112,4388.540042863667,998.2483780026664,1419.409310164,192.77977485466667,212.76963925666664,384.7647975136667,1272.7891953966666,87.87295421666666,262.22205583666664,61.339276184666666,9869.1823735,477.0121206586667,707.5128354610001,3369.950069666667,126.896598106,654.34227686,51.197267502
6767.607433666667,2848.39644046,9982.721649433332,548.2887136813333,545.1167923033333,332.2543147133333,577.8582354666667,51.31722085333333,9290.412781666668,4714.648741516,65.80746959,4937.561929666666,819.5279588666666,5981.848545333334,327.13365016666665,223.03323814,992.3950596666668,959.8483969333332,1672.5257121666666,1060.5036672576668,996.9792779,386.2795482633333,388.0993936333333,4849.937514666667,2879.0747496066665,615.3408621,5652.299890133333,1505.3931248,2581.824878433333,5426.994193,5914.11026325,9676.699969,97.78948006633334
6976.279351746667,786.3199937200001,18367.318761666666,8.87374569,99.32951486566668,1081.8166014,1879.5155654353327,437.05047969666674,4747.656560333333,529.912161966,554.93669149,2738.8538278,4591.149027333333,9147.842479666668,1361.7206808196668,1447.0732118366666,4086.358028287333,1538.4590235033336,1759.3446177533333,105.85342640333332,4444.641098833334,699.2708475613334,1822.4302216333333,2564.111592436667,246.5901145333333,459.4228102053333,27528.9634004,2616.4374095666667,1741.6075052099998,8654.991579,126.06106869666668,7018.83750971,119.17132660666664
9028.76898508,3765.7639902333335,456.5021181,181.67472068166668,9.115126999666666,37.63638577433333,324.100827639,121.83334915333334,5485.2282000000005,3038.811332353334,148.57675222233334,563.5948520000001,1579.6431542,5151.92301,483.0878447,292.8516899466667,963.8887273333332,1107.2513985666667,362.8742010133333,4165.517401895334,3219.885625706667,101.98665945666666,429.4897209,2286.488426903333,4581.496834333333,1039.9404613603335,1639.7690339666667,2057.574291733333,3821.667110516667,7624.287096,1744.1994930633334,6001.409973866666,5.0770255246666665
7131.517759133333,1152.874904376,1960.0759888333332,21.64979462233333,1.006408828,144.458059606,66.08878216433332,25.143821124,4664.376642,1511.3007704,9.907289471333334,1678.4482986933333,3918.7854864666665,3783.077893966667,71.03222156766667,123.37816184333332,226.306277108,947.6339235,41.82484745333333,767.4541036313334,4755.449950233334,1.276949033,39.96180662,729.064696178,754.6309776816666,1739.50422301,1380.9105729666665,222.265241537,327.75932276333333,3883.6210374666666,499.43830552533336,2818.97242735,0.1939474566666666
1273.9406547666667,59.204215596,15510.710926666668,130.5149828333333,498.4591787060001,5263.875024666667,1279.597865793,844.4843629000001,8731.248229333332,232.1459569213333,218.39448704,1033.2389418433334,6772.830392666667,22189.547312666666,1517.923583366667,768.8516671333333,3721.00571535,2153.7522172,2297.7194775666667,16.59460631,3290.778771,1243.1901916,1908.1280609766663,237.001924324,28.857647306666667,147.09145966666668,10573.880200666666,1231.9859359566665,2795.4232575540004,9038.207979666666,1751.2951584573336,3401.068604966667,121.02980153933332
54.00970908,1706.2554997066666,551.5574537666666,1.5540456213333331,0.1013057706666666,97.21619674333331,0.5355897953333334,0.1771166159999999,1956.3355688666663,753.83671396,0.0,8926.118733333335,4472.198552333333,555.1141437333334,9.936300654333332,0.9002926983333334,7.813213945,2.256472379,8.430896790666667,1456.62040999,169.90311808666667,0.988364039,12.418712656666663,2579.276838433333,3829.8477888,1111.3701000803333,108.91413325333332,9.521795603333333,366.02250564666673,996.443445,106.96291378333336,6233.717281666667,0.093118978
10508.643846,2422.2883863333336,1945.1494897333332,48.45065731833333,130.26119716666668,294.11947363333337,686.9332022733333,227.209821002,1229.0022277,1802.6964698533327,71.308405421,11462.254859666666,2527.6203106666667,1628.0080326666666,313.0218820566667,207.5710378533333,707.7130095176667,820.6753778633333,550.0453669333333,1200.4163299966667,4536.252740966666,520.538815583,506.6353808666667,5325.702292666666,2775.5725515166664,1030.9871321966668,2522.2842786,1776.5188833333332,3788.804384856333,1732.9880746666668,920.3905044366668,19386.814842666667,52.12098910733334
3579.4652569000004,3591.66764091,3906.157883766667,190.57591457166663,542.949819,512.6214960986666,1013.6993823223332,46.808938696666665,3112.690430643333,3818.077486028667,40.13881292966666,20454.79955,4011.5678458,2391.993023333333,684.2947949966666,107.229170281,643.5746678796667,425.48121812133337,1786.9952840153337,376.05673155666665,4325.176844933333,379.089175802,949.3536817026666,2831.948385166667,865.545977506,1701.5061311399998,4917.739578523334,750.27708464,3757.4901882436666,3956.4334944666666,2762.877972951333,14444.678484333335,159.9202027
7798.515777333333,451.9518602,6608.483935,412.950237721,227.39895189000003,3723.8347993,1064.4847004,977.7744491333332,7513.617160999999,201.62943083533327,178.973471338,5526.818050333334,4725.936436,14223.779482,1818.870796833333,2175.730419199667,1279.281295666667,3495.548098733333,1288.8681081666666,448.7711542333333,4889.0007780000005,2488.956502833333,796.270352,1152.5868920333337,302.3552812,171.734406517,3595.846970666667,1216.0331778399998,919.4464596066668,10515.727344,2435.774755410667,16521.228944,158.77818360333333
6494.707980333333,2024.0413309666667,28852.67218133333,71.84416191999999,753.6275507473333,4688.577162133333,2702.5587530666667,595.12832413,2085.7343281,1331.2345529333334,39.770594626,10082.022548,4985.451748666666,5693.533110733333,152.25287113333334,80.01207944666668,978.9993025666666,268.8890964666667,1096.2577690333335,286.7652639666667,9313.833860333334,3147.085507853333,210.65237927,1318.7467216666666,670.0369062,648.6905011133334,14388.740215,4315.1816344,1644.0336510666666,6538.795812333333,1190.8128314,4723.586881,329.525779048
5155.504156,3040.9448510223333,3196.7102156666665,338.443732627,171.96488010566668,1131.00454585,1081.2176185766668,215.34925168166663,7381.357036666667,1018.4593813836668,108.87718174,12963.532414666668,3666.603749333333,4265.8485706,2018.9696856666667,758.5150292666667,964.3982396,1590.3064043333334,467.964762978,192.110854601,8442.715706,482.480209056,140.80171940666665,1725.0091438666666,546.2760887999999,570.7941487233333,5055.371986666667,1004.5590671666664,2579.4497949,7200.249340333333,2535.2846975,16955.814421666666,44.37945151633334
9050.613539333332,1.9172953523333331,5829.306638333333,23.698494937000003,52.575773172333335,1035.9011352666666,554.6332057999999,554.6381489666666,5416.581901666667,6.745005562333333,0.47780514,184.53482344,5874.593257333334,3063.3622766666667,4.483165856666667,10.231465976666668,311.7609726333333,107.28982061233334,511.7500761333333,0.1577417516666666,8428.198584666667,647.2582784,204.78233670333336,13.270254408333336,2.053736011,2.850632372,692.9846653999999,1341.089746633333,21.222727019,4031.0325786666663,33.870842769666666,7715.472590566666,15.166703715666666
5199.981927333333,1280.0057861000005,6750.952622666667,42.23634333333333,84.58346612666666,1884.3938597666668,1185.2904757,463.56126117,4436.662587533333,644.2316252966666,66.86123742666666,3184.8847716,10127.919995666667,8976.973485666667,251.811474542,283.7219251046667,1260.4822335666663,251.3804071333333,1328.9883649333333,164.31429388666666,9420.875863666666,1358.1914984666666,616.1198013466666,522.4398421633333,116.33020531666666,778.9551279833335,11395.466875666669,910.5021747666666,305.7538011,8805.003486666667,342.1239084133333,6554.318786000001,135.38784762566667
2125.5340776666667,13.289424955,3024.0089430000003,3.1262830176666667,15.373274300333334,447.02956453333337,89.07230320666666,8.251702563666667,6178.133554,290.625218831,209.87350086666663,11404.985934666664,1960.8341226666664,8200.538305333333,165.60470386966668,596.7410625446666,1553.8273866333336,700.4172051,37.81786958,0.1257870433333333,3908.129681,5.137354333666667,86.28725033333335,74.94938715400001,0.423124995,6.2728751523333335,2572.232402766667,453.9591100333333,196.94660902066664,4526.190001,89.27977017466667,9803.700290333334,1.5075979889999995
2932.8063333000005,964.49354496,7936.755509166666,45.782919366,31.487221486333336,3368.1333599033337,111.42099388333332,106.36414402666666,3537.163060433333,790.766591402,154.02788302666667,8749.040027000001,4667.331056,13092.328792,983.4594223753334,1236.4306240666667,1037.0249048196667,2583.8236328906664,366.3396348266667,41.744252193,8249.119481333333,461.7600204333334,282.2911305553333,1016.2914668,619.926049852,406.825652727,3465.4956913,281.78763927,376.3849852283333,5439.390457666666,994.596647335,9178.148973,23.189625303
1901.958306193333,709.5094253066667,194.0014928,20.778094545,1.0425672053333337,44.87077269733334,28.643387768333337,0.0,12020.530397666667,215.65718092,0.0,7478.154766,661.379485,2626.2798113333333,1.520708698,0.063782583,6.23330769,0.0,8.962750056333334,376.9994494266667,528.1170548,1.6401301856666668,1.3454051539999998,1838.6095468,1057.5915324,299.4452956266667,26.88188555666667,89.17896686666667,175.555050251,3620.238663666667,408.26447443333336,9988.705925333334,0.0
1296.3585398333332,614.4982321,1540.3790837333331,0.0,30.909342370666664,10.734074092999998,299.1460895816667,118.38661801,4871.442555333334,108.45477687333334,38.12639644166666,2191.820696,3512.2678250000004,9763.054876666669,62.55041443966667,95.30734341233334,471.319926014,202.84027534,390.1190878733334,55.162956913333325,7508.543928666667,65.97635585333333,284.0124461866667,717.3700099000001,636.1117331333334,103.92212401333332,2522.1873903866667,420.30933220666674,2.294018721,7839.864890000001,0.9800365963333334,3222.526096,62.91480518833333
3088.8920916666666,2997.8248829000004,4053.000013833333,226.00512596,30.888915478,1069.31156517,654.2462554366667,126.2375217,1684.7943789,1411.5677661933332,125.68316150933332,15112.982766666668,8154.547231666666,6382.519871366666,484.3272904,241.49298246,2215.6341506666668,757.9592782099999,912.0191182833332,733.9101481666667,6547.515413666667,506.4960727416666,489.792648153,2844.835053553333,2354.8704742833334,981.879690693,13014.591315333331,215.27090614666668,3486.6558876000004,9202.422366666668,1427.4858718000005,15202.86303,42.879114269333336
3613.880774333333,32.67167915,13222.5698512,0.1444909333333333,244.96501887500003,1990.2427726666665,875.56302043,819.8080249666667,5218.314087,4.227509793333333,11.34542269,4992.816504666666,7882.535841,7723.156136666667,110.03610932333332,41.54901835333333,423.67388467666666,6.54445569,655.2834208,1.6992053293333331,7524.689511333333,994.3332617,235.7712840766667,31.69390132,17.98856643,2.8745562783333334,5005.005784533333,1269.851995,29.490737960666667,6215.173173666667,4.296496987,5905.763616333333,131.05085630099998
8268.366912333333,3330.0978256666663,18293.143189533333,231.600514449,122.27315925833334,1589.7173451733331,354.51894246666666,127.31024606666666,2599.957358,1827.1264258,694.9341007899999,14346.454008666668,5395.811469333334,7252.072111666667,4309.754357806666,2206.13558262,4814.241034000001,4679.148929966666,1477.80796583,1569.4627886666665,4267.9895212,583.7895811933333,1081.9741891666667,3723.7457381666654,2447.7332372473334,1870.1301323333332,36328.27884383333,521.4217334666666,5988.2653896,8253.177201,1477.6698042,29110.28040666667,40.530607925666665
238.28446736866667,483.6896618393334,483.3707749,0.0,17.901752590999997,362.563026973,115.220261123,161.93429105333334,5741.412687666667,17.38282463133333,0.0,3374.8688378,6623.635902999999,3682.6892243333336,1.4638611476666668,4.574437466333333,3.722385174333333,2.0892724956666666,66.834298371,3.3884978783333337,864.4115256,289.210369519,6.715578366,2071.1887182533333,120.10208779,28.116519999,16.174991697333336,474.917361952,12.941949580333334,6383.321977,3.4943192733333333,545.1560424066666,6.270118046
39.54754890066667,84.399363971,1425.0830363000002,12.737560179666666,0.0,205.15385038666668,0.3253007423333333,21.81217301,792.0228860333333,746.8851853123333,0.0,919.4314854333334,4752.837971263333,4116.709001033333,1.864988385666667,5.151681229,0.2133571053333333,4.574064501666666,3.066970446,0.0,1753.5404229000003,43.11780449666667,1.8040631673333332,52.95164040433334,3.992852975,227.21404301766668,30.94291110333333,69.16282239799999,38.16286957166667,4417.989091233333,177.32212867166666,5159.685067666666,0.0
117.51518605066668,231.55776448666663,213.23408915666664,6.255309273666666,8.042163189666667,47.93312751,0.532330963,0.0,3859.864103666667,294.29959682000003,0.0,3424.4716108666667,194.37437866333332,679.6340258666667,2.3158107126666665,6.192033961666667,9.508590466666666,3.893388052,0.6221418603333334,0.485959357,57.31336410666666,0.249265579,2.3946161283333334,771.4034072666667,209.33296398333331,21.216726628333333,8.453697904333334,15.35304092,214.31250971,560.5065773666666,40.47367929333333,2713.432983466667,0.2838136166666666
534.2539223666666,2.286121619333333,4394.074353999999,0.0,0.0,209.67100902666667,2.543709675,0.2264978833333333,2969.922956666667,76.440477165,5.008856449666667,2057.3670808,728.7153770666667,2851.2013183666663,53.32450669666667,89.29247865333333,37.35983261966667,15.609374826666668,0.7656545933333333,0.0,2898.103185,2.232371751666667,0.8437990040000001,2.310180957,1.0634135443333337,7.023876496,1394.749936663333,4.119719029,136.124520784,1953.806464666667,9.429853805333332,4298.580172333333,0.6728968136666668
5657.666734833333,201.702128828,23410.095553666662,157.14665905,709.3072786233333,3771.9687616666665,1745.0539819899998,191.1919106933333,4018.2063545666665,1231.9099048233331,503.33931908666665,2634.470524233333,4945.043957999999,17365.993381,1866.121956233333,1280.3564279333334,3131.5783827,2545.778547966667,3038.68021344,346.41878833333334,5622.341856,788.6578942933332,1932.9581184333333,1498.91554891,662.6402532133334,79.26872170666667,16739.429910666666,1588.5340219266666,3811.374297533333,10031.143128333331,1102.3484312666667,11653.983124333332,182.36851326666667
616.421857319,2409.3920066,270.1701489533333,57.001513259333336,7.857865368,22.397490686666668,114.90656506833334,1.7979153186666668,148.80850558333333,1584.6485180030002,0.9165316706666666,29074.76958333333,1850.1331260666664,229.0281133266667,171.4122449923333,46.115254789000005,17.527303109333335,147.59838362733333,79.772554169,1167.140961263333,456.19091841,3.3095720023333333,11.73738036,4364.605423,1495.9428861666668,678.43384233,380.4399473926667,61.49698450666667,1561.1978348356668,246.9306684,605.3544879776666,14602.285886,0.074123374
11.106290217666666,11.228193633333332,6321.542485166666,0.1373537046666666,0.6963005546666666,503.05012425,0.5369438193333333,1.2375021953333334,4010.212841000001,0.0894699076666666,27.889853806666665,1585.0674952333336,1142.5275989,4485.357397333333,220.9368952623333,50.18370590999999,545.7753182056666,4.841167852666668,3.67451926,62.836664721000005,159.58469198333333,1.676923028,4.947581077666666,347.42403448966667,146.85007974433333,0.8662377733333333,9755.2985227,15.087619189,56.78448363333334,2738.4062243333333,112.74693606666666,275.0392252666666,0.0
12767.585956295668,3966.997620142333,15350.707983233331,214.43626834,485.5845212586666,696.7983555666666,2279.516157217666,325.2414446313333,4190.008464666666,1649.6605330666669,645.6367491233334,2793.24522345,1410.4525463333332,7536.665034000001,2175.1528332666667,1533.1385992999997,5905.876887433333,4917.231342322667,1710.311017763,788.5353339623334,3538.464058533333,795.4152234666667,1692.3730242533331,4793.00148978,1782.2896988900002,282.6342421333333,27090.131897666663,2080.558944,7573.889907333333,4876.334973666667,1942.5391974566664,11779.232814046663,89.12657993066667
3452.219850433333,486.88448019,8300.755795333333,58.45468437,222.72220373333332,587.7888244666666,832.2091571999999,77.97063854666668,4630.191618333333,366.2554298966667,1129.6116189333331,586.8409478633333,851.8963122666665,5814.463779333334,1718.0002550333336,2139.9329466,8128.567430999999,3705.7205455666663,1793.1657393333337,94.67960012666668,440.378325,421.9390374,1958.3491411333328,1756.36520764,797.6822595666666,119.10411198533336,20471.36459833333,496.0343016666666,1988.1524633,3680.561133333333,301.76482673333334,4725.721571833334,72.30582676666667
598.3819137,15.743806629,9579.973768666669,3.8982102263333336,63.998053597,185.16311062666668,290.78319288666665,49.268068543333335,2888.0878153333338,2.721002217666667,21.819090301333333,1957.3783456666667,1489.8438933333334,4653.5715150000005,7.636136041666667,19.428269902666667,525.2442894,27.80976414366667,423.5940575333333,1.0516600516666668,534.2720193333333,207.44104765,191.08637106666663,68.16701391100001,0.5558452003333333,0.25184282,12704.730213,255.9536805333333,22.86614366933333,3016.368855666666,23.089503350666664,993.0667679333334,40.30195077333334
3944.228267333333,387.175466973,4161.8140191,11.562545383333337,7.698910099666667,102.15578559,157.77507911666666,20.562835331,1231.991070433333,54.17553812866666,336.82385956666667,2098.351260966667,1991.104786333333,2733.206103666667,428.0096915433333,521.1162542,3029.7781486666668,1267.7742474333334,296.21202309666666,116.55322642100002,1847.6620633,40.57253377933333,731.3491561999999,1320.04180884,634.4736837833333,24.24593547666667,13772.275287,133.09110360666668,452.9381510826667,1581.4939014333331,140.93332463333334,4483.833524166667,6.041889891
1825.384897,380.2479937533333,4086.3391393,91.20269540666668,83.00689779,75.09157378333333,435.85381793333335,37.09035717666666,2429.300970733333,400.92144235,363.2165502733333,801.9825431033332,440.5477441333333,3401.6010406666664,1229.7295987999998,835.5564619333333,3298.341521433333,1936.1288242666667,1063.487065433333,100.09377958533334,180.64502876666663,76.34063318666666,965.6649647666668,899.3518302400001,415.00541949333336,83.34447838666667,17314.522789,170.18007231666667,3587.341679,1381.6734566666669,1051.4551312,5017.2817598,8.122731842333334
8402.027605766667,8.452944495666666,12181.937851333334,34.54434238,388.9337376666667,1177.9730168666667,1763.3817796333333,257.47557606666663,8202.696915666666,52.841775307666666,471.74310856666665,238.7871582666667,1341.0211658066669,6656.279188,1016.4432968333334,1103.4708412333332,3377.1154759999995,2181.617528,2160.4201343333334,8.265622973333334,1649.8214466666668,930.8246225666668,1155.3045869666666,22.04281030333333,3.15061077,4.345537443666667,13890.887227666666,1723.5907708333334,430.5315192,3981.8489853333335,367.0460674333333,3112.380726766667,149.48447148
1739.1802028666668,738.6958630133332,1965.6714395,24.74512101333333,109.89041696333332,736.4361373,537.5479437633334,203.42506146,1080.2359873433334,469.4865307033333,8.028513106666667,3935.5730036666655,6467.974855333334,5093.671121333334,96.43729836666668,37.602630366666666,147.54470121266667,179.309327449,449.962258481,181.19918406566669,5404.303587333334,589.3797497666666,200.5567932863333,1413.3576598266666,544.3360085,245.23294431666667,242.53729654000003,630.0459308333334,576.9246516046667,8001.227204666667,360.90333318766665,3329.550219666666,65.77946719566667
1689.866801313333,19.820070288,6503.515364666666,1.7712150893333334,32.48043502666667,957.6079603,346.6526504,224.9708743,3469.9377355,21.662833683,37.213486232,1721.2992946743334,2857.6081276666664,3590.0078273333334,68.61581481133334,98.85501693666669,390.9790449756667,272.6500178133333,265.67955701566666,0.9859123,4846.1771774,658.54781796,148.1446844446667,26.60227224433333,5.171008053666667,2.4166140963333334,1942.7563597,630.1512825433333,40.799772972,4037.201611,27.557919969,2783.157576,111.77240269333332
2245.849850666667,6.468139400333334,392.5830782433333,1.7333356276666667,40.32612103333333,249.4105613433333,334.63314726666664,83.455357541,61.20918304666666,13.496855257999998,13.126132843333332,24.29782979433333,280.47199054000004,1910.5770605,0.3663280116666667,4.535537293333333,4.392387496666667,5.3842344466666665,172.16167248333332,3.681582606,4672.97436,245.21163346,13.527801026666666,8.747054271333333,3.164675760333333,0.448702442,57.92863591333333,553.321671717,7.522599316666667,2188.9270116666667,4.596412499,1030.7516684143334,35.533182553
1.4980684176666668,1.098065389,4488.9133264,0.0,0.0,237.50931687,0.0252305763333333,4.295255674,1312.02041005,0.040229755,16.68230902666667,16.718964481333334,3.8718461046666666,1282.9491477666668,4.014245956666667,19.66370337,25.812401925333333,1.3365691323333333,0.062072654,0.1147411576666666,401.8421392766666,15.730557262,0.0,1.742955273,1.171341175,0.3404576463333333,4524.663846406666,1.5565069586666669,0.9605443716666668,915.4018329566668,0.0294480869999999,24.630260546666666,0.411417614
441.790171427,172.33734591666666,4171.504180453333,3.7834108023333335,49.146819028,176.36359806333334,234.78778191666663,41.3158356,973.1417099666668,87.40299502233334,183.041370226,10419.715840933331,109.129959402,1729.1103952666665,202.09762658866669,354.45831002200003,1971.288771343333,545.1999171406667,298.781208819,237.06363771,73.30466073633333,178.5846273,310.2481974966667,430.26887676,385.0244909433333,68.54620430533333,9557.019678448669,168.662680333,408.6910228523333,611.0733219333333,62.64946000366666,8553.889869133332,23.594107096666665
62.77400126999999,0.4658900043333334,40.82062268666667,0.0,2.249242296333333,0.6872938533333333,15.754788263333332,0.7350248850000001,813.0153531999999,0.4006905383333333,0.0,78.35557893633333,9.735506183333332,24.001571498,0.1397938273333333,0.8340826606666667,4.412258386666667,1.9281314003333327,22.240520346666667,0.0,47.93417460466667,1.5676544113333335,19.309060185666667,0.3855968763333333,0.166644512,0.4408959653333333,0.1896873963333333,19.5272701,0.0765078693333333,153.53161131,0.1412807393333333,11.081179406333334,0.0367293046666666
7459.407214333332,0.629287324,3054.495965333333,170.191459291,380.3132748566666,1183.995002011,1655.169921,178.69496244799998,349.8546756133333,35.462145145,197.04442808666667,6654.0668085,1690.7729946,3694.7197326,682.6151341866668,543.96777385,2109.3642215333334,2202.5768776,1855.2366393333332,0.0,1773.7671882666666,854.0699787433333,985.9262703,2.6678544466666665,1.356399980666667,0.8172200336666666,594.5762009833334,737.1819386999999,10.291180644,2366.777641666667,373.03455672,25251.269613333337,130.78457136666668
638.339393736,85.12238669633334,24.79328509333333,0.2641720636666667,0.4747394119999999,12.874488278,29.56006765,35.03862370933333,22.64482092966667,8.710899731333333,0.3833370009999999,721.0183041036667,151.39177311333333,329.5340387826667,0.3919033606666666,0.268423834,0.7052521516666667,0.0,4.37452386,0.0,334.40044765933334,31.078935325666667,0.0,9.243595335666669,0.0,4.94293727,3.262013303333333,48.9411253,0.037106301,492.51247723333336,1.348363316,370.2937754576666,1.6375877803333332
1.244838390333333,1.7817601686666666,264.652380845,0.0,10.664531866666666,98.25830520266668,2.9715673933333338,0.0,92.48378379633334,0.2236946646666666,0.0,1.971106437333333,5.018233317666667,675.0278195616667,1.959616748666667,0.911099869,0.0,0.9358713743333332,10.56919735,0.0,5.267353433333333,1.1580767443333333,0.5019611006666667,0.1377034503333333,0.0,0.0,27.230315532666665,0.0,4.08960721,41.92060264133333,0.0,0.4343995253333333,0.0
1769.1737838,912.59531307,2662.7169507333333,153.32774586666667,112.58639796866667,45.583323257,270.71588736666666,0.5203274649999999,630.3505458233333,1038.228425,521.0488333666667,624.1243842733334,107.27721797733334,1064.336556233333,1217.1856303666666,1027.9043965333333,3478.0043203,2462.3750130000003,980.4509135,304.3001256133333,13.645537131333334,49.75363370333334,816.1134729666666,1461.850575075,593.0235281500001,128.88168554233334,11319.009816999998,38.24424510666666,4124.084649933334,536.1425484833334,1804.0705333333333,7876.478883999999,8.19790062
48.39204540966667,138.14490950333334,47.347450439000006,62.9518051,0.0392455043333333,1.681812127,4.785265155,2.0463982816666664,2.1824842836666667,161.19870616666665,22.98550302566667,10420.0967082,2.436667040666667,446.53852111399993,10.32377729,22.234206641666663,57.27221233133334,10.465738713,5.093677327333333,5.608107873333334,361.186263822,1.9985358563333333,1.5372363926666666,164.05763282333334,14.009333212333331,130.75742733333334,178.10305638,4.162691078333333,37.367546289,371.8721968100001,268.145706193,5984.560224433332,0.290693869
4057.095874,1088.78153494,1018.9737451666666,153.80791112333335,4.769925977333333,194.1667136136667,199.4154386733333,0.104564905,15.069933308666664,1313.4597284166666,165.14557845333334,22980.332006666664,9.595613534333332,954.89442836,450.06608107,373.7947079533333,843.66144243,589.9165467,91.74109373333332,64.13557159366667,27.57091988566667,9.388894467,206.13338401,1405.1817569333332,242.0970574833333,676.1561404466667,3105.496645666666,164.43216316666667,1813.5556603333332,33.08122575666666,1675.8020110666666,34178.42939333333,0.0
1278.70843659,133.22908188466667,4391.094407,8.818434981666666,155.67212876666667,1246.024147,252.97527462066668,98.88702229666669,31.835073155333333,110.80337484266666,13.163550481,968.2807377,0.2430311606666666,3264.9073093666666,20.60458484733333,19.36476114266667,234.2773914213333,95.82447061,437.591657791,67.06223433333334,369.5156349433333,363.3388657866667,159.22027777566666,335.411688533,145.70415196666667,13.724061882666666,152.22330722166666,236.49059671666663,177.21159470400002,80.02368993133334,143.75205307133334,8590.099553999999,30.945147448
319.9175587666667,496.12579678,168.45102929033334,26.20390775,0.8731009113333333,12.237549009,84.95065426666666,70.60195136333333,0.0,306.8828642333333,15.81045666,3634.415124424,183.82134566666664,147.54344091833337,90.17820606666668,45.89786028033333,67.71700008866667,130.60254421,16.11463606,93.42781172866668,199.2426382133333,95.38809398333336,21.77753970666667,768.3101339716667,301.12065336666666,153.20458572333334,192.94124471266665,170.2684897,520.3107255,1.821416579,228.0151403,3672.014438272001,3.735131985666666
103.682724602,0.0,0.2363172399999999,0.0,0.0,1.5856656566666667,0.125945118,45.89752596666667,4.096743343333333,0.0,0.0,1.107508183,3128.697661634333,138.114066247,0.0,0.0,0.0810840763333333,0.1040552386666666,0.2469234303333333,0.0,1750.4963456753333,15.891157843333334,0.3202284973333333,0.0,0.0,0.0,0.0,69.11691,0.0,960.1129083596668,0.0,0.1739758263333333,0.0
22.315800340333336,0.0,0.3583852316666666,0.0,0.0,0.0,4.672556458,4.88239984,12.9643344,0.0,0.0,1.8140736583333328,60.798156675,12.681222877666668,0.0,0.0,0.0,0.0,0.526099475,0.0,41.63936368833333,0.2492277496666667,0.1075360493333333,0.0986906146666666,0.0,0.0,0.1060226576666666,9.09807008,0.0,222.67359276666664,0.0,2.2296894393333333,0.0
926.448161748,4.08604005,1307.4671440663333,38.650583757,7.369029599666667,33.016106348,33.960680671666665,27.231137857666667,0.1202444959999999,64.31924893333333,91.08351468366668,16.410292489666666,0.4218960663333333,133.42955092033333,314.85479430000004,195.6473050973333,776.5285384253333,455.0658751733333,88.55542018666667,0.225061293,39.62641121666667,57.402630769333335,101.72727803333332,16.227561813333335,10.250064213333332,0.1649721673333333,1499.4340854646669,55.20387526666666,440.3687446333333,0.8027735446666666,311.75256666666667,689.240714933,2.359503092
4.9688867456666665,0.0555501476666666,0.7240771146666667,0.0,0.0,0.3206932793333333,0.0,0.2081759193333333,125.63308801,0.102464908,0.0,1.806523492,0.0,25.045488326,0.142259953,0.0,0.082779802,0.0,0.9471308093333332,0.0,10.321736044666666,0.3681081223333333,0.0417541116666666,1.0708489466666666,0.1568392853333333,0.0,0.7890677366666666,0.3177115823333333,0.1717586943333333,51.71159324333334,0.1282810743333333,3.936545161333333,0.0
500.7893326333333,5.145537318,636.9967660506667,0.5411370926666667,75.1161825,111.75118618666666,221.79329743333332,14.081176187666664,159.53020976133334,0.155695533,12.642798889666665,235.22183791333336,5.020581401666667,305.2150507666667,22.160290444,24.63884424033333,101.03050058066668,91.39408612,218.43696453433333,0.0,11.949043931333334,176.50001064666665,81.90583925333333,2.690456090333333,0.0395077583333333,0.0,345.842680254,243.7860506333333,0.0,184.6730215,0.8715027416666666,1225.5297756333332,34.974712379
171.24315325633333,0.1132628736666666,1.6258814503333332,0.0,1.6042438916666668,19.183418073,75.12283095133334,6.126346243333334,26.102310893333332,0.078757107,0.0,3244.1302723666668,25.510012477333333,138.96850604133334,0.0,0.022574101,0.042050795,0.0,6.342547526333333,0.0,13.52731617,37.147097333333335,0.0370273303333333,2.248056172,0.0,0.0,0.0,36.74180141,0.0,77.43174258366666,0.0,3933.686152666666,9.176866473333334
18.59897425,0.0,1.267072129,0.0,0.0,0.0,0.0460735696666666,0.8986303823333334,0.0,0.0,0.0,8.28940666,1353.9845156166666,0.0,0.0,0.0,0.0,0.0494048313333333,0.0,0.0,471.46338271,0.0506889203333333,0.0,0.0,0.0,0.0,0.0,1.627683623,0.0,171.75194464366666,0.0,4.741947595,0.0
156.75226379666665,1164.4939652,747.2539978913334,176.6355604,3.305133189333333,7.652401421666666,30.897674653,1.3405311726666669,18.76864412333333,1035.2364923066666,43.14764576666667,2226.5998140666666,190.88101400666665,15.411690813000002,413.4033613,136.792238247,413.1568757333334,555.0462494770001,78.902971945,400.27472903333336,52.716096580333335,3.148923503,144.71815531866667,1538.9335923360002,764.2770137666666,431.6286357333333,5371.404272333333,7.976715550000001,1990.936646077,54.50769772666666,1431.5358619896667,3818.050262966666,0.1214286016666666
343.88938704333333,348.3238093766667,206.5329253,7.309388521,0.7024998816666667,0.0523514386666666,3.40032957,0.0,563.68361826,103.94918067,78.32048348866667,448.2334738066666,911.2328349533332,0.4427771816666666,194.4908008146667,93.26249071133331,367.2989292833333,498.2476669566667,6.641072424,365.1398688873333,1632.4473249423334,0.7601019733333333,12.795568276,600.62013246,390.83438301666666,46.895877776,2333.4745221,0.4238154846666666,949.1280280733332,119.72928343366664,139.330320275,555.2449213333333,0.0
1040.3417352,1538.6316394613332,62.09944666333334,44.47106849,9.680278327,0.2049661526666666,186.2773503,6.079957873000001,0.0,1303.6064531433333,114.9609845,4312.874141933334,0.0,0.3237905206666666,1291.7219967613337,485.74850165999993,520.2181433433333,1488.0690973929998,165.74937488733335,438.79758845,26.376075090666664,5.166773930333333,246.866530264,2034.9824011333333,986.6089176333334,645.6096176666666,2307.33395046,131.386006767,2918.5650469363336,0.0,1042.6335439666666,4998.279257666667,0.4297812606666666
172.8451355966667,447.0282129343333,12.856985539999998,4.375511863333333,0.096899115,1.2386443273333334,6.489861503333334,1.2583176413333332,0.111493194,172.35213072666667,0.3654204156666667,2666.535010503333,0.0,0.0627265376666666,0.0403560326666666,0.2330910666666666,0.490176073,0.3568217656666666,0.2098047343333333,177.76679607999998,9.339855490666666,18.385561436666663,0.0,1200.4509086173334,596.3072476000001,116.93523128,5.258906673333334,52.88322141366667,75.12015479033333,0.324370648,77.27536385066666,2143.748270246667,2.7542137610000004
16.648366533333334,0.0,0.1151401446666666,0.0,0.0,0.4707330836666667,10.043511266666666,1.233635288,0.0,0.0,1.5205720163333334,26.425030393333333,0.0,0.659313854,0.038967347,1.2031666,0.2162643753333333,4.492652212666667,1.036311203,0.0,23.15857656433333,0.0,0.0,0.0,0.0742415276666666,0.0,0.0,15.64888782,0.0,2.433081685,0.0,1.711756526,0.0
21.97788814633333,0.0,0.0,0.0,0.0,0.1412073883333333,0.124796903,1.79969879,6.623420596666667,1.0980432623333334,0.9938678686666668,1.460226527,11.504216516666666,0.0,0.0,0.508988451,0.0,1.143596979,0.2906933783333333,0.0,54.12677013333333,0.0550571403333333,0.0,0.0,0.0725264749999999,0.0,0.0,6.666087163666667,0.0,25.97427966333333,0.0,0.3148482363333333,0.0
291.9171262086667,0.0,0.305424519,15.396157546666666,0.0516307759999999,0.0688081233333333,16.932624408,0.0,0.0,0.0532281043333333,5.864076724666667,1.8797103013333332,0.0,0.0,35.3617525,11.353071596,42.08321583533333,74.172868244,16.458751480666667,0.0,13.298621493333334,0.0,25.153138376666664,0.0,0.0,0.0,38.91522965366666,6.86311337,38.1654357,0.741660033,68.99735283333334,279.70881390700004,0.0
968.63665528,83.23461759999999,583.1989606666667,24.88785578333333,7.052841713,7.667270786666666,147.12873258,17.567490213333333,0.0,144.74756943333333,29.43379283333333,82.99187062200001,0.0,3.0229200576666666,11.751199628666669,15.58283302,400.1564191043333,179.963821095,123.7403034,38.570862733333335,9.816072864333334,65.88594076666666,144.51519900266666,126.61525607033332,86.65506740366668,35.9235858,319.77905977666666,139.85776996066667,194.3689833,4.70499159,234.19369103333332,2950.716404666667,9.09260458
1913.65648172,514.6017550023333,77.746387007,71.06919845633332,3.7221714176666665,0.606684436,42.618346550333335,3.062730317,25.01219969666667,676.7858342633334,52.56151255400001,2311.797853777,51.33943372333334,242.719212651,426.1690926666667,229.177833424,187.137879816,433.190953162,38.22400161866667,120.58959878333332,237.84820600800003,2.641217596666667,66.3466221,678.7005339976666,359.45066006666667,327.08775477433335,1072.0018090636668,101.26136745666666,1048.6912766296666,332.36811564333334,630.2888570766667,11725.866150076668,0.0
781.9650380373333,0.0,96.29820406666666,0.0947514486666666,10.506224536666666,0.8221893333333333,34.30475776666667,1.507385134666667,0.0,0.0,4.547114559666666,370.84963889,1.3501964940000002,24.411068896,6.268055763333333,1.7918657863333334,24.54382934766667,58.585898209666674,61.100616007666666,0.0,2.761089859333333,3.6552572236666663,17.71876620666667,0.0,0.0456286443333333,0.0,52.65148113333333,16.865435805333334,0.0,7.674575843333333,0.1627802806666666,6088.083880566667,0.0
216.43516257666667,11.821223576666666,2.136061852,0.6290074823333334,0.0567369563333333,2.0236688116666666,5.75293962,5.7141226703333325,0.0,16.550910236666667,4.461975267000001,5290.486437489,0.0,85.72568176666665,46.50949336666667,23.819866434666665,0.9991230696666666,32.001462251666666,0.2521051963333333,0.0,24.875709293,9.767840616666666,0.0,6.50338066,3.263335876,2.968150628333333,63.32646253333333,21.355799528,30.44050481,0.0,4.268483743333333,9221.903891938666,0.0
475.2837191286667,0.037805212,0.0,0.0,0.0,0.2843166886666666,0.458479056,4.53688467,0.0,0.0,0.919990549,0.0806433056666666,0.396025721,0.0,0.0,0.1453611986666666,0.0,0.9488003496666666,0.154927773,0.0,8.317444013000001,12.239907003333334,0.0,0.0,0.0,0.0,0.0,44.35995856,0.0,0.0,0.0,1623.3040609,0.0
353.0369621963334,17.617328901666664,2492.9033980500003,29.368307175,15.117375516666668,0.943820304,25.039964333,0.0,15.917285003333332,62.37385771,45.44394258633333,145.998774278,4.318761446666667,74.03861038433334,422.26228936333337,172.331665039,580.158197169,575.9811399466666,185.495094537,4.47160826,186.79208392066667,2.961757871666667,72.76147922933335,51.09452331,9.568926930666668,5.737291793333333,3091.435300747667,0.5691087140000001,930.3194966666666,24.281923216666662,228.08506648166664,2153.027863593333,0.0480384726666666
1834.0086521666665,2021.5243972,613.0457708433333,466.77680776666665,18.35221231,1.9211787336666664,201.38829154666664,0.640205666,209.3408070066667,2434.126007266667,174.8054508066667,6487.08104058,67.33355280033334,187.4140504033333,1179.9101085999998,584.8061768666666,1037.4877449333335,1372.1626900666668,141.34901121666667,574.3217973666666,325.19531868333337,0.4616226133333334,174.2954599,2960.513124566667,1643.0652109,923.9238247403332,3540.5751373333333,60.34744718333334,3994.713222333333,74.20890115,2955.842036,24896.96582,0.974864347
2616.1394207366666,279.01061182333336,2683.79139799,10.335883966666666,102.46208445333332,1220.0523278933333,555.8469316666666,231.3701622543333,19.015382566666663,180.692197129,15.018596242666666,10794.607987866666,4.244011102,1841.7213087333328,156.85655406666666,101.79290553566666,271.8731836933334,325.76572426666667,651.2701857666666,84.67926189666666,1629.8689175333336,690.9768583629999,242.88795130000003,672.8433165266666,241.9420673,118.831311095,1084.2051467666668,526.4421163833334,287.12765714100004,298.0591007626667,195.80849761433333,17644.181919333332,81.80509222299999
83.59948393999998,0.1117843356666666,1017.44421144,0.0,1.0940339263333334,294.6272171573333,4.555282449000001,39.23402968,82.46140913333333,3.70402749,2.3428356926666667,311.6763863623333,51.54559183333333,541.6024292000001,0.087672664,1.3177326123333335,0.5564870376666667,4.3706394206666666,9.908290654666668,0.0,242.1623801766667,62.41056392,1.601762048,0.0203922313333333,0.0,0.0,18.098896298,10.782023518333332,0.0,92.49545004633336,0.6280900133333334,242.2338207286667,1.7809704303333334
163.83804513666666,0.0,123.72043613566666,0.0,4.223294826666667,1.2161180623333332,45.79531184333333,4.241744183666667,0.0,0.0,2.877280234666667,240.794273295,89.86652336666667,147.95754089333334,0.182522437,1.9701239473333332,86.19422989366666,26.279023479,29.632432802666667,0.0,571.5347805333333,9.926569396666666,33.059919525666665,0.0,0.0,0.0,2.14157221,84.6697509,0.4610618393333333,4.459410036333333,0.0,1379.2489149,0.3438163576666667
163.7424427,739.896476906,16.678480814333334,76.89664234333333,0.745679822,0.2870155863333333,29.322566214666665,3.421146729333333,113.197471314,924.241836769,4.0123697363333335,10336.552695666667,8.472621257,41.755773987000005,25.845387507,3.5493625923333334,12.611933468333334,15.197725560666663,3.696985550333333,187.87236537266668,169.29324937733335,17.706858973333333,2.317413354333333,1360.670114383,879.28741146,488.3145378256667,546.82066113,52.08701782066667,663.9202335666666,4.823750953666667,598.8490361153333,8887.90102,1.4068467746666666
1745.3651072,3765.275937,350.77915636666665,421.7699531,2.665953091,47.625257802666674,80.61913621000001,43.35276873200001,691.9039159333333,3185.8842096666667,57.111607023333335,9425.092780666666,282.2120581333333,282.31781604366665,1185.2271183,301.5098255333333,353.6158567,1155.2089238333333,72.20294338000001,392.0257517666666,504.4901492926667,153.8913729,91.66267103333332,4935.789698333333,1382.3024972333333,1690.1159716,2954.992731,137.45263383333335,3359.0372886666664,162.20586162666666,3263.635001333333,11187.704969333334,9.099976496666669
1380.1186189333332,1388.44806663,625.8538792233334,301.2807881033333,16.770581188333335,74.74738718333333,116.70279913,59.037910553333326,444.3904164433334,1579.5610118466666,53.063862676666666,21658.095081,90.836162197,228.86144989666664,499.00860538666666,199.86417574,343.2238294576667,595.6754553966666,126.86030663766664,299.4865809,60.61193805,250.94035286666667,99.47309996333333,2538.1907416,888.9471403000001,775.3297705133333,1606.1636263986666,284.6359601666667,2124.2923545533336,64.22586507666666,1891.3494646666663,23479.010083,33.67734166666667
249.80844224666663,33.85288676333334,166.920365372,9.603340651666668,11.910261813333332,9.549245352333337,147.384005548,20.51188130233333,22.904687654,8.896314038666667,6.589063456333332,8731.492292886667,61.07660027666666,220.68602872666665,29.86955281,58.610908314,6.865619408,58.39500833266666,27.17127667866667,0.0,69.83932749333333,65.44276157666667,1.186844452,9.171099215666668,0.105368917,34.220113858,104.76840306833331,230.19590050566669,8.699604540000001,170.75203817366665,52.00764473666666,8192.163913867333,19.47254494333333
10.816048844333332,0.0,0.1109701143333333,0.0,0.0,0.0,0.0,0.0,0.0,0.0,1.0749360756666666,0.5776069953333333,21.095314649,0.367670023,0.0,0.602330585,0.0536695949999999,1.9619510676666667,0.0,0.0,13.428229023,0.0,0.0,0.0,0.0,0.0,0.0,4.619712456666666,0.0,68.13272992366667,0.0,6.5122475500000006,0.0
1392.3291025003334,276.22220623333334,294.856658614,140.0447533,4.916040196666667,17.989478492666667,12.679487986666668,1.1663198876666667,15.459320666666668,818.7971596466667,28.534607118666667,3552.8148725533333,62.20815553333333,684.9935224733334,57.86331586666666,39.869411431,319.99968390333333,340.17123805233336,164.50954043333334,76.84246900000001,2.154362653333333,1.6301170243333332,306.13934305333333,459.98258803066665,174.75350666666668,248.56687636800004,545.1133208,8.82135431,601.1980518593333,221.4453802,1080.6350993333333,6689.7911598,0.0
35.613194738666664,338.852495631,0.2388427813333333,0.050915397,0.0,0.1205124013333333,2.468919919333333,0.0,8.318866386666667,162.704757264,2.2896839226666668,453.1348846033334,140.2695896,66.23853223333333,2.0364473616666667,6.016884803333333,0.2754563246666666,10.330794786666669,3.481140463333333,77.2431402,1.7682590303333334,0.045016224,0.031150023,177.24502437633336,37.3706305,37.0575297,2.955943909333333,0.0688443323333333,46.592997596,129.83256613333333,10.339329480666668,172.2718049066667,0.0
53.690509054,3282.6457482666665,378.4052869666666,169.05150836466666,4.22876886,3.991762328333333,27.930865816666667,3.5117838766666662,125.48358258166668,1328.02720403,102.55549578366669,10408.727871718,155.86057464333334,36.16024768566667,578.6070708266667,206.372103166,333.442041422,344.497272992,41.26648403333333,1127.7109782,6.880909686999999,19.864279016666668,7.736362116666666,6016.985466033333,2737.921228466667,780.459049061,5010.278828033333,11.69968401,4064.0015866666663,80.17764331633333,1332.05599907,3715.76248845,3.135460026333333
362.4749200666667,1465.8894171666664,1644.8003153333332,320.63793305333337,33.831601991333336,177.7506175,254.3265351,44.81206115,645.6304533666666,2109.257098,38.20870964633334,14306.861306,1790.287395333333,1666.2888329333334,418.1141790666666,100.56526196,118.558030531,335.0531378233333,162.03086043833335,186.99139903666665,362.6378997066667,227.8142779,29.835834026,1921.3151720666667,527.1478990366667,725.6509102666668,2220.864155,329.64199686666666,1740.7713273333331,991.3398842666668,2395.534248433333,5786.777639,39.99957991
189.97583946,22.529416926666663,43.443287696666665,8.243474772666668,1.2943974523333333,1.635370487,89.94881672533334,0.0,224.699825681,208.22548399,2.4922347726666665,1801.6807549666669,85.16517085733334,79.18718948666667,0.8379648253333333,4.392620482666668,4.431037630666666,12.305987039,2.3367729506666666,0.0,1.5850781653333332,10.844527776666666,0.0,33.81547002,0.0744181123333333,95.77913398933332,12.560170540333331,88.58674247966667,36.671447226666665,25.148158696,96.16762824433332,1423.3672560666666,12.938198434666669
366.5701849333333,509.0562569166668,941.2722205666664,47.960722114,6.7363228,148.33738893666666,42.99437964333333,18.113943318,655.0971342900001,682.3486807233334,2.258092632,14686.601648666663,48.03981610666667,1392.2324232333333,8.017977385666667,1.1994236323333334,45.71143808600001,72.13381777566667,97.70288897133332,497.0396220083333,68.42199857666667,23.63975565933333,53.62462086666667,976.5185468666668,610.0712405213333,499.48634793666673,480.0637852,121.91596616,85.78882603199999,405.4210252666667,410.5291518266667,10761.024598333335,0.0340899486666666
122.91785876666664,447.1095983333333,14.488463297333334,23.505644593333333,0.0,16.46142707,22.62194519633333,70.00771783666666,140.38548386533333,222.1831005773333,1.8831728156666667,788.3803101833332,29.718125937,213.28374982666665,1.27465543,1.1951106193333334,6.623790282333332,22.37713945033333,0.2862078583333333,41.85631936666667,84.72172231666666,70.47078415333333,1.099565086,473.92990333333336,151.32203963333333,150.07166750000002,24.90691701,89.70844580333335,75.5910515,99.21350595966668,220.1513272596667,771.6272478999999,0.1055082463333333
453.0445304,807.5523747376666,358.11233077666674,31.97694285,9.717573980333334,8.747296038666667,245.5999351,47.89009286666667,36.23092776,530.5985741743333,1.861070716333333,4061.321173986667,70.718708013,358.26272163333334,1.4232491753333332,1.5973728943333334,160.67290240666668,49.752617156666666,137.88592722,34.289376600000004,69.44015165333333,74.52086789466667,117.19843761333333,1295.373146006,141.65675385833333,345.1337574223333,131.70542559333333,325.7616066333333,99.34419932000002,108.15528715666666,315.7745950006667,988.7744087753332,7.604050162333333
310.464889,0.0676721713333333,940.7777661333332,0.0,0.0875016746666666,19.317267504333334,15.657928100333336,45.77084497333333,176.61373123033331,0.0,6.624551434000001,2923.7290056299994,1.5376993423333334,596.6432125333333,4.022142920666667,9.403279928,15.579514713666669,11.909722921666663,4.380465260333334,0.0,49.69281532,98.51146246666669,4.165136639333333,1.0109879016666667,0.0,0.0,275.833006001,133.78131175,0.0436580829999999,118.55255495866668,0.1078258609999999,3701.041785030667,8.723016719
670.5795123933334,12.601037993333334,1711.5961731103334,1.0277118383333332,15.52724428,7.652875168,2.3487767186666666,13.43637113,464.1628119666666,13.352567746666669,7.178059672,5404.42502937,87.06549900466666,547.7731574000001,17.270694593333335,11.184669769333333,115.56328566666669,72.84190463033333,32.60842154033333,0.0454646363333333,102.56108994466666,6.269733068333333,14.770355234666669,26.705864117666664,1.4941335956666668,3.668408376666666,537.073197978,28.15453945133333,0.9127347273333334,251.8257247,18.044227693333333,7074.474624025,0.0
435.02830983333337,16.076233448,178.2046299,0.0800470846666666,0.0,23.797726736666664,13.545653320999998,0.4160408149999999,58.01810875533334,2.6495277843333334,2.7894906513333333,8621.954308,45.642177919,949.1381122666668,0.835794289,3.4704149760000003,3.669744397,9.015282408333332,2.832956102666667,16.872010206666666,14.197543603,0.725089539,0.0,23.095273064,35.23885466166667,2.115695526333333,12.195479433,92.72663827333334,1.286010468,327.29287458433333,6.678475547999999,9289.472675333333,0.0
940.5933143,535.3468411203334,3531.6095949133337,163.85038746666666,48.96048592966667,214.117231913,294.76433459333333,49.773199446666666,108.28982231666669,944.148734296,66.01725876733333,8492.124912833333,3.815868813666667,1546.2411297,426.9526143666667,282.025741516,605.9054993273334,691.0200263123334,286.96056013333333,0.8903438490000001,72.82580017233333,135.09733006000002,220.578426,539.320850463,48.749209801333336,294.665854754,4536.477085223,233.17611838,1208.5869372266668,167.25177717666668,1214.993508253,7326.356388066666,13.082155033
29.93518882633333,0.0,5.289479759,0.0,0.0,0.048514831,1.4378922646666668,0.0,35.07662769666667,0.053998097,3.362666117,24.817959336,127.93230166333336,62.57509417433334,0.6094591826666667,3.605814409,0.891379922,10.976539972333333,0.0,0.0,154.51816061266666,0.6291080046666666,0.2123726596666666,2.022950253333333,0.1204235813333333,0.0,0.629106936,19.105865081666668,0.351254602,74.76866777333333,0.359709813,55.489574663333336,0.0
2820.811974133333,1550.954175866667,3956.651963433333,289.8135265766667,13.966224859666664,584.8939912,74.34461765333333,87.83597923333333,1131.9882001,2879.3985396666667,247.28483116666663,5305.572956,131.9353761766667,2831.99911902,1839.4848267333332,766.4141828333333,1960.508806,2632.712905233333,95.40140646666669,1487.3948950333331,467.04539293833335,175.298473543,337.7057584333333,2645.347505,2009.0719895333327,814.8950676999999,12043.453735,124.24262954333334,6157.821363866667,770.3580757999999,3467.9481704666664,12936.516811666666,14.220179903333332
2372.8744657666666,1582.1670761066669,640.9290481333334,116.098414061,36.16418706333334,236.478030397,157.68541646666668,98.26910972,589.9042178999999,1230.8664544666667,97.88977859333332,7262.265260756667,573.1698540883334,2282.4434168466664,165.39785823333332,120.46244223433332,242.7865005433333,396.32021207,205.04905554,140.24778781533334,538.9026399756667,71.92743581333333,138.51702954366667,2384.898708943,521.3187044633333,869.7037865533334,817.5153079766666,153.640748945,1217.9156906,1301.3788808410002,1020.1924151333332,11606.878011263334,9.110553085666666
1090.5246039,323.0374853866667,427.87793675133327,313.34577586666666,4.845902637333333,161.72685042933333,20.271159969333333,0.4259878946666667,294.7452123,897.3173048406667,5.442095271666666,14086.380866433332,336.22740348,88.600002,50.39138056566666,6.478227559666667,217.8742974853333,320.2816224333333,71.243730318,0.0,602.85007871,19.601176286,158.92645027433335,183.62182836666668,0.388684156,360.43212466666665,78.370050784,68.73390305933333,552.6855775796666,336.3376286333333,1272.3524656233333,8659.979281249665,0.3421862746666667
4061.53051,2870.4599746333333,5123.700819,395.05057689,159.084957682,954.9869202,693.3423512916667,3.0525735906666664,522.3176408333334,3038.7304895,185.2287937366667,41820.88394,1350.8359888666666,3804.524351,771.7774942666666,396.15755941,2068.662083433333,1634.3822474633334,1176.0853439666666,279.8621013,120.94478618,328.79622966666665,919.8657977966668,3022.4378001000005,1104.581937293,1880.0026972666665,11350.881659666666,245.8005592,2676.945545633333,1284.8457704,3156.5773360333333,34328.99277333333,32.19779256333333
4911.7142693333335,82.68108165000001,5918.588215,90.01605971633334,244.03177883333333,2298.5335396666665,1971.7687711333333,371.58047846666665,689.3161730666667,309.68274984,29.380665426666667,27526.743126666668,1305.6713625666669,7058.218408333333,160.50997032333336,108.42951292,569.4658021033333,599.8790717566666,1341.5291160233337,0.0,665.0970140666667,1635.6111941666668,571.8341228233334,252.88336387800004,15.53824967,100.74275518,760.3722986600001,1573.1215656666666,286.0438228333333,1935.9726366666664,406.60227504,33034.597433333336,258.39157416666666
767.9458020333333,320.5679012666667,3569.6648569333333,7.722361049,84.89808580666667,876.9212233000002,278.4415979,64.562412471,1129.8743249333336,44.37941781333333,8.152995912333333,7348.302118433333,2280.4624365333334,2690.0090803333333,5.615511064666666,11.118297701,305.8537024766667,195.70106843333332,365.6145191666666,177.92129157333332,108.80308680266668,367.54522139666665,279.5569776,933.6429733333332,609.2198270123334,93.25997656666668,115.11193119933334,230.36632696666663,18.852222158666667,2199.3086070000004,11.781551315,10740.987474633332,52.02974347333333
383.6181076,125.992442869,1444.8210702013332,56.52221548,17.225854837333333,130.80422741533332,129.90924101666667,20.934747066666667,494.8885019666666,385.7007320966666,18.014640262666664,4652.8167012,321.38483177,1356.3595526433332,108.644094662,35.52062914266667,255.40336221733327,178.4302078433333,57.38655909566666,78.54962422333334,11.737682573666667,177.7432663766667,71.60323954333333,149.38880489,129.05961595466667,179.7665658266667,888.9258801333334,178.12277843,86.03002526499999,571.4298140566667,422.1080989949999,5039.970588833333,35.92652161366667
1783.5163872193334,725.0046852013334,691.0973449090001,227.08116726666665,41.28106536666667,0.0,79.08023252,0.0,185.20098983,932.0438449583334,1.3847572986666667,10133.315141723331,0.2602388686666667,9.063731748666669,44.813078596,4.537583332,123.48577101333336,147.653861203,391.6280883333333,1.8722605206666667,1.9490535966666669,0.1595462096666666,249.24751736666667,1036.979565848333,101.17405695066668,692.20547751,4026.994504,76.91027734500001,145.0977125,27.584292187,1073.6880827046666,9281.236725286666,0.0
4319.1903876666665,1629.9583413989997,12229.324151333334,123.91518265666666,251.13370100633333,3395.924790066667,1103.0122781333334,207.72302706266663,1929.1621412,1321.1572097693331,72.47833097366667,22331.266303,271.49898360266667,7854.235920333333,531.7582748973333,369.187736359,1549.1852398333333,1360.4193952,1247.083758473333,20.06792342,1239.1267214666666,1345.0247744,794.2129087266667,2779.027184973333,609.5869913323334,500.559939687,3629.955635333333,1564.54752821,2348.7902354036664,1508.8251462666667,1702.2001432463333,27829.59759933333,182.3957534433333
9146.999253666669,2025.1085653666669,5962.677391566666,192.7388293,178.54830983333332,639.4589882,1339.5412391666666,97.22874812666667,1835.9659756666667,1494.27320966,121.32877775666668,26109.85962666667,1331.1128539666668,3712.230882966667,453.08401804,168.31775316999995,1634.7226529333336,768.8053963666666,1080.7816329333334,356.4945826,1547.1257015,389.21710550000006,589.7894051,2349.6547914666667,1223.3457574923334,736.9817056100001,5300.70780303,1336.824084866667,2990.855629643333,2871.0648197,1864.960679066333,30509.86086333333,84.84925659
1948.2223577666664,135.41955180666665,4679.133708333334,75.46764364333335,105.81312207,778.0534483333334,614.6034532,263.47779465,1589.3592787666666,232.17552258000003,46.64170338033333,5962.435370800001,1521.7585396666666,7232.492109333333,121.20252144866669,125.717433305,649.42949788,473.8881159996667,571.8811342566668,22.823062832,1791.7350897666668,579.7543881666667,369.1134891076667,403.57002349,29.130170433333333,55.922999067,383.74731376666665,737.9514560333333,98.969710763,4433.697499666667,428.953110989,4609.123504666667,86.34193846333335
4891.160254636667,2.123673838333333,809.7433765666668,1.880992982333333,69.25517172366666,134.58297795,628.3895535483333,143.160403926,812.7179133366667,21.08038020333333,5.774010273666666,15124.358582333332,570.0313113666667,2540.912088,6.786178971000001,22.27138928633333,126.338695079,204.46494120666668,423.195468706,0.0,669.3555966,394.0780043606666,315.4882780566667,14.384310619,0.0,2.853743096666667,501.291063475,633.0830018216667,3.5872510833333333,1359.8856832,147.00141156200002,18054.154002,46.97956945999999
8728.7069991,2348.028825923333,11888.766185233331,376.43281666666667,188.26004832666663,1301.5625814866669,1779.454592,590.9987847333333,908.7871032666666,3049.9580917333333,193.45660311966665,37916.297750000005,707.0457560333334,3683.1922337,931.4529582666668,489.4819135166667,1697.3548069666667,1457.16658772,1221.7753353666667,167.86363587333332,1498.332535666667,1523.1471437833334,1098.828493,3157.009995433333,742.89952667,1364.7200051,13420.561776,1978.951288233333,4010.7959822,715.9322578666666,3797.0103563333337,41967.145543,157.11086535233332
2708.5466462,667.9244207,3440.637397,543.6867038943333,27.47163747333333,557.3202824666668,136.58519175,72.90376115666668,2730.375208666667,1354.9151941566668,117.760926305,9844.700803,2064.188571,5018.629429,875.1405244623334,458.93740071266666,559.8717484766667,1068.1944978166669,297.8095576633333,1.3398385563333333,855.4639847333333,204.6013310333333,243.53776919666663,691.9751702933332,19.89686509533333,605.954253459,3423.0158900333336,479.2469180666667,582.1001914666667,2537.297280333333,2186.7362261333333,14377.140436666668,13.055744118000002
3215.1623981233333,2507.7155586666668,246.31935743666668,153.81549156233334,20.079208933333334,243.06328592333327,221.30203523333333,104.29543783333334,1943.19243499,1276.563517412,14.431779016666669,24589.66619823333,973.2189936133332,2653.870651093333,174.54503801,25.669801700000004,123.37243295,121.80547147333334,139.63701003333333,388.11810684666665,1342.8592293000002,250.5010869333333,34.6188867,2877.028874311,1245.3620800666663,1391.9123674333334,622.0717433166666,408.9746527403333,1084.4639710643337,1423.0770426333331,1104.0885092283334,20599.3015604,11.964588376666669
4134.703242333333,83.248995459,3261.5253733333334,0.0,22.796267368,453.21264993666665,134.143331995,240.75199152333332,856.8407478,20.189802962,11.905389266666669,89.10253771666667,1114.765679633333,6221.4043790666665,2.864859339666667,6.591229937666665,416.6993598666666,49.85060570666667,78.60635909666667,21.085846766333336,4992.991373,603.8006336,204.36767472,4.54458337,8.254235011333334,50.22220283433334,1829.3325845333336,783.9579413666667,63.983445804666665,3434.50962,1.450171806333333,4540.101522333333,34.013779126
7551.584547333333,1370.7467912333334,1716.19008547,46.77838553066666,49.01091187,823.1146786866667,1038.4804388933333,357.12314994433336,1650.9996749000002,1115.591591173,122.81133331666666,10935.746825199998,1393.6543424,7603.526653,426.7964638233334,425.506718029,1482.8816375,642.7177198333334,696.7747725666667,283.75544136766666,2578.1738923,1005.9433999433336,512.0344624333333,3428.706605,1183.92897211,572.7223744453332,2783.914827456667,1550.1981807,1380.9146217896666,5630.932164333332,692.8334761343334,17038.4794725,134.34247144966668
2888.67339282,3.169160134,123.75347755999998,0.3221650823333333,38.11057353333333,14.169838817666664,122.38909302766666,118.67478513066663,2945.542949933333,0.2258498343333333,3.571853395,145.22348519233333,844.6448630333334,1240.6192124666666,0.8984295019999999,3.520659605333333,5.580467620666667,16.599849251666665,99.50376166333336,0.0569809873333333,3268.8358077333337,38.49688864266667,41.95666556,0.4065837553333333,0.1813309293333333,0.095828977,20.135151111666666,624.7387412033333,0.1527165103333333,2030.5916904,3.771261883333333,349.27035836666664,0.392046608
4777.8305376,0.0205452156666666,2560.84156646,0.026503477,176.7445584666667,541.1424740303333,1011.0875563696668,192.95021524166668,4029.6620746666663,1.2205407646666668,4.025425113,32.313897043333334,1231.3360906333337,3780.270772333333,0.2815733866666666,3.790209146,165.26851295266667,229.2401606933333,607.1943613333334,2.2662201,2484.9485089333334,322.029874382,148.73198978000002,0.0,0.7158337606666666,0.2868965523333333,146.77464196566666,775.9939323966668,0.6901539923333333,4707.861894,1.0600139443333332,7081.3875020333335,27.871301146666667
4959.410959,700.4389899133333,2566.757591243333,85.21004963633334,60.44231253033334,45.65561574233333,419.9315249666667,12.255800204000002,207.3031544,480.82623988,245.1924293,13291.741569666669,2443.0193714,1309.543141266667,1121.2396707,1082.5556104166667,1876.4099426333328,1713.6178341333334,976.3315980666666,0.0,4815.3571395633335,2.405266649666667,1198.8152874333334,592.775019662,2.494817124,587.5518359666668,5142.169652233333,288.5853726,846.8553258666667,2079.074435,520.7445946133333,17259.644388333334,7.642452372333333
471.4781537966667,495.3627488033333,130.76202127,0.308609943,0.5490117916666667,2.414952057,0.0425397983333333,0.0,2075.744128093333,839.0271380100002,7.579407063333332,1892.0840838,937.156631,52.6486277,4.602256285666667,9.766467858,252.077386061,354.15458062,0.4539729193333333,0.890328459,728.1044115999999,0.0,20.332096288,85.87229692666666,1.2991137373333337,178.92774544333335,150.429935918,9.12571634,431.19813961333335,867.2022501333335,196.0192587223333,1048.2157996666667,0.0
4916.0312191,3040.6813267,8074.158106,231.36306453433332,152.428675304,817.6048958333334,1408.370061286667,1050.2586920066667,2491.975684,1804.2329327,96.83134531533334,21393.81519166667,1063.7123465333334,7258.553061999999,226.33155911,274.3691817033333,1057.472251065,666.4639411666667,522.8626541446666,51.38867356,7239.021858333333,1455.8890438566666,177.31793682,6044.150155266667,1275.0919288000002,1368.28342969,12599.943509333336,2800.2288375333333,1458.787943139,4064.430348333333,857.0873183666666,27772.753759666663,163.47585494666666
8297.599780666666,1488.652201244667,13982.557387566669,339.26024766666666,131.60074315666668,2570.9833451866666,513.2105720333333,228.47575386666668,7029.102283333334,1229.233799098,49.48412889266666,2042.1716799333333,1569.905504066667,10194.285529333332,298.50630729999995,141.37908821866665,971.7833945899998,987.3177067,767.2010057666666,226.7235098043333,1716.377554,626.4537846,695.1761162933334,1742.2231026113334,774.3538262293333,493.9682763333333,1798.158244666667,755.931201,979.477998667,4269.999980333333,1766.1666954593336,19941.186236,65.27896578333333
704.09492533,1073.454550186667,2949.8817853999994,59.38233121233333,74.45475516266667,402.9367780233333,357.75465346,116.00958610933333,5793.189712333333,1206.7644649166666,14.153145856666669,16198.003061666668,441.8056021666666,4550.818325,12.713892552,24.09623272,153.18818422133333,152.17188829333332,113.46700247933336,1.867309948,1754.744539666667,425.7691675753333,46.42379216333333,1603.3488008203333,32.252621690333335,612.8525053733334,1625.8803465833334,636.0091068383333,222.02674874333331,3547.910605,712.5803862933334,5465.261880000001,79.862071668
4945.270702700001,250.25599533366665,2767.68235347,142.41578490333333,66.20618228366666,324.73840368,661.54159526,146.25072443333335,4024.530183133333,517.6614137576667,49.269316233333335,10791.237705,595.6495803566667,4282.755935733333,350.1854807733334,141.49433293333334,600.4498340389999,431.94239186,478.2618381486666,132.89360956666667,3557.5261196000006,328.83297706,174.7259616926667,271.59682013,194.203065146,311.50113731966667,1281.7130537333337,1034.0802403333334,307.4416780966667,3556.066942,517.3256167663334,19224.138013333333,89.30063268733333
6943.368429440001,14.368692993666668,4817.8903709,13.800546674666668,93.91771241,872.6982410333334,1450.7558159473335,375.68722684,4092.096902,9.250063246000002,8.792733372666666,850.1444654666666,514.9712194666666,5550.606427,35.90465662666667,24.909259527,154.61560997266668,104.64230601066669,543.2199450063333,1.1430768226666668,6971.575575,1142.9763420633333,77.46290772,67.102920474,16.014887981,11.61127089766667,497.09443575,2017.7173343700003,60.490381631,3981.668267,31.148255086666666,5639.704251866667,250.5249295
4981.541929333333,780.4300451333335,590.3289087666667,235.6994330483333,51.63175275666666,352.83536835,698.4777694433333,152.58014939033333,3119.844242,1189.5099942,24.61553302333333,29392.020160333337,2709.531686,6290.99505,73.85427509333333,77.49583481,124.58605171433334,256.60146469333336,363.9633524866667,0.0,8575.582212333333,513.2735566306667,330.5481138933333,1226.501816,10.809280134333331,852.8810420666667,107.52657548666666,1262.8787596966667,238.81030774,8518.887088,1393.2548944466669,24261.16271666667,77.55691355466666
1541.7312832666669,27.724587694,250.15495724,2.246567547,0.2607814023333333,30.132582282,9.698134759,3.2344526486666667,3965.879643,217.229278491,11.461458591,25041.03001,2970.4219620000003,2531.9222403333333,19.665863961,30.657045202333336,1.804958882,52.74878431,8.834262249333333,0.5065803653333334,10317.422929333332,6.052496487666666,5.124842251333334,22.670007393666666,3.4885290913333336,24.87850938333333,666.5606261246667,35.39717439333334,37.942360702,6783.413644,147.34467348333334,22091.055983333332,1.456187968
9042.096380966666,73.53492345666666,7435.483567799999,61.31363373400001,33.546430683333334,121.25947270333334,385.38230840233336,110.48785836666669,3347.236662,635.6220390899999,35.13363458833333,31704.36998666667,4963.370444,4374.673617333333,212.931540584,102.01158123333336,412.8364343,810.5783657400001,468.2550260373334,27.25404015,6763.371434333334,126.21399244666668,231.48909027,84.36189556666666,18.91285875233333,138.78452422333334,8694.715156333334,1790.3391809336665,446.9395391333334,8298.061572666667,212.983301055,35202.28688666667,11.794507173333336
6290.637724333334,4159.831909246666,3761.3160273333337,535.4579510866666,182.40089078666668,812.6309037333334,887.2054395333333,379.58656454,6644.049924,2227.2785036666664,36.99955374,22705.792806666665,3262.491579333333,8070.928430333333,158.64985453,67.02095781999999,841.5793077666667,242.50081627,724.8735906333333,42.54848966,6182.909299666667,810.3522318333333,361.7072685633333,9880.964344426668,839.0734077696667,1363.3695143,1286.7525297333334,854.1842620333333,1259.8837648,8703.799094333333,3514.9107666666664,29753.21489666667,94.02833704066668
14726.554279000002,6849.442637666667,2707.3443899666668,1114.841456333333,487.51383016566666,545.05010699,1855.0890279333332,173.52959588666667,5431.368740333333,9488.545438666666,222.24798122,8259.7441234,1897.7322545333332,7666.511210666667,1142.3713628633334,686.9711303953333,1945.9222632333333,2429.13692545,2366.56003593,1767.0250906666668,4347.401767833333,460.8250873466666,1175.6497910320002,6669.982535666667,2268.023454333333,3079.8230744333327,5165.808958866667,1589.0829557,6560.236326233334,7657.278972666667,9763.29288,28931.41408933333,125.73307522633333
3228.8665020000003,414.06099710000007,2584.483615333333,88.01836561,81.307343704,924.1039390733332,337.05668683333334,71.55498827833334,3895.059118333333,985.466057,26.96908556,56206.173903333336,10666.917120333334,3913.3831812666663,174.36325694333334,42.81802288,1518.3678821,220.11687764,457.6974333433333,117.47307921533331,5200.255437566667,345.57755769666664,385.82063048,1615.6461665333334,749.0170948133333,598.4290783333333,1049.3915579666666,302.10885766666667,742.1988542233333,8119.297759,496.51010943333335,57684.66863666667,43.750668225666665
18320.22386,7483.240925666668,1285.6272134666667,1943.0453106333332,377.0152153373333,1241.2773881366668,2165.9153479,367.6356729466667,4458.168155333334,9254.278573666666,31.664271198,15018.075498666663,7409.270916333334,5414.579132333333,2375.7662890333336,265.2158668833334,1123.58394952,4362.607222766666,2226.110297944333,2197.828879,3279.120866333333,1117.7026287,1447.2393520333333,8377.250549,5426.318207900001,3344.892623333333,5117.191565133334,2826.371126666667,14234.890099333332,7568.987513333333,13124.852759,46632.60896333333,170.29736657666666
6566.585107999999,9065.611011333332,6988.277222000001,516.2166723793333,12.695735702333335,560.2349515066667,851.437764146,377.0764572366667,2516.9872711666667,7752.175253,31.612533602333333,30632.76759666667,3274.613898,5364.670739,1075.4696238033332,160.3511622,507.8314966313333,719.0561504466667,393.8227089746667,1128.4220734333333,3374.39949,479.4470536083333,198.42296671166665,12121.835087666666,3799.7357776666663,4243.888312666667,7916.299872,1307.0476193866668,5524.095746403334,2937.0901226666665,6520.160044,61819.70875333333,93.81086497666666
1169.946376933333,31.127518775,25603.672402,17.345906491333334,77.67117801333333,1469.1075943000003,277.0552122,26.35897449,4942.089438333333,514.6582510233334,659.1392207333333,429.84949064666665,5768.091965333333,5345.937997,1026.90352745,1197.27851259,3676.543631000001,2362.5321559,1217.3938935666667,151.94495271366668,7043.8278241,245.7490258,777.6062707000001,73.36233005666666,125.34398137333336,19.358221931333333,21581.353153333333,283.27003136,2724.402655666333,8261.271275666666,695.6939683856667,4829.209175386667,38.32866113333333
264.5630347666667,2.2133522696666668,23946.69846433333,2.428652457,1.00708431,1127.6626181433332,4.139857715000001,22.35015188133333,9462.751251666668,4.227510198,104.841525183,54.229950976666665,1705.5493388666666,8704.031367666666,31.28333518033333,131.444364911,2221.244699369,425.4531033756667,202.684642488,5.347232956666667,175.89946100333336,27.030925657,304.51695042733337,11.035053580333331,1.4718413526666667,0.5010285826666667,9693.217285,62.867390416666666,69.02978945433333,4142.549705,9.92274925,140.25552885333337,1.8937977286666663
2570.5061835,951.1117443176666,21664.119251,7.793450616666667,204.7041733566667,4454.401337533333,2063.871684333333,501.7765283333333,6343.542351,544.145264346,745.9297720999999,813.65144253,7789.149849666667,13693.336161,1366.1046586,1900.2938671666668,6051.153967333335,2388.1378017333336,2271.2769060666665,1621.5335499666664,4344.617503,1476.0119545333334,2667.170177833333,5960.308015733334,6398.665373066667,199.03883377133332,22593.59843,2822.731572666666,5184.515153166667,11417.897653333332,251.88609494333332,848.3641819666667,127.71544109333333
4463.011186,6858.931093333333,15106.462400333336,59.35339682333333,540.9720326433334,4321.318822606666,2034.4834586666664,506.111926417,12000.437667666669,1657.1969823333336,479.6015111,1372.0221294333337,6174.253821666666,10985.687907,1971.7013614666664,1590.4245958333331,3460.1027035666666,5005.507733666666,1735.403832233333,800.6251576666667,6187.208891666666,1752.2767999543332,647.1242539666667,10127.846903,2360.2695606666666,1515.1122318333337,19201.376504666667,1424.429895,13182.585161333334,9781.367884666666,2865.46138653,4771.684337333333,284.008872424
84.11581166,16.746464346666667,20777.913114666662,4.626934017,9.868982753333333,2712.3787111666666,17.523007587000002,34.390913873,4251.024501,6.546412404333334,23.397401409666667,579.9078976333334,6568.756734333333,12281.840237666667,638.3871357333334,102.68753240333332,14.231178817666668,215.79449689333333,12.648022771666666,264.43585066866666,1564.4716236666666,9.975956546,0.0,51.35594661666666,51.211751161,5.738524519333335,26671.830276666664,9.054659712666666,641.7307681433334,5394.119906666667,87.91267310366668,498.11055016666666,0.4930499946666666
103.82881663666667,17.086882937,12689.64963,0.632763445,1.7579689136666667,2306.7962928,0.405360264,119.68775961966666,7239.029662,8.515550385666666,17.472643879666666,1226.1026730666665,4432.281756333333,13518.605586666668,47.74315349333333,41.73438222666667,177.95390303333332,54.262908323333335,47.090895783,139.70024431266663,1390.3412315666667,108.88323404566664,22.404876098666666,12.900171738666666,112.303203336,11.113263444666666,15857.310206333334,13.422353321333333,126.99607189,6489.087642,9.048425356666666,970.2118830666668,0.355919441
55.15037342666667,3.6697688696666666,8901.920281666668,0.9806597806666668,1.1510581516666667,1460.8313912333333,0.7511614476666667,194.62079547966667,9460.449868,0.7099160193333334,4.911491513666667,101.82802814666668,5768.646529333334,8937.328635333333,0.0882915586666666,1.491959519,3.5958992076666667,7.031077286,1.8242605516666668,4.199974394333334,3091.2460917566664,86.758398851,2.812919327666666,10.011258855666666,1.2098541453333331,0.2185391013333333,454.6636780666666,3.9260847106666654,4.435519057666666,7474.856355,2.780797848333333,18.75238749433333,1.4299418743333334
883.50034929,44.475390116,9727.053678266668,16.97531353333333,56.65958787533334,817.0731554933333,141.89145248933332,33.635327401666665,8138.414653,141.28351852,28.854527873666665,8125.17917681,4956.053848666667,17564.532995333335,263.6434325866667,116.05853861666668,235.145694823,83.43190919333334,415.365053823,288.26953031333335,4196.820114133334,16.998989761666667,149.35246800666667,540.8942999383333,234.97716612,0.3648740413333333,4058.7286346666665,22.505151576666663,63.519270984,7439.695375,133.2656436103333,2438.1297786433333,0.36317307
14835.093415333333,1383.0790785266663,3874.339368,420.1095630033333,204.25353618333332,600.9585226666667,754.7515142666666,219.12601115,3659.01201,1707.4751107933332,54.007967836666666,29596.820293666668,6076.322438666667,9980.554806666669,1546.2532978506667,281.1703406266667,2591.57428565,1114.9079531766668,631.1230511333333,27.181164461666665,8756.912498,464.7097464,1266.6147080143337,560.7900104566667,51.57722258933333,1024.3081415383333,8089.2099233,982.2357065333332,3923.8301819666663,11377.23683,2512.715604966667,77185.01239999999,32.819265409
9562.184393333331,174.6541621526667,2283.3385647966666,65.177694917,85.63339926666667,22.562979708,1725.6645328706666,187.73526076666667,745.4789685733334,261.9260497133334,169.22747385,959.7135600666668,3897.835308333333,916.6654985,708.67303633,442.8102255233334,1556.3577093,917.77615738,3071.360797747667,13.865508866666666,4497.436845366667,13.068113148000002,689.6996974100001,105.65068848333333,26.768744553,9.461980746666669,13091.57134117,1248.9644855966665,634.8252326933333,2141.44536459,375.2478412743333,14486.627058666663,0.4547762323333333
2141.0628786666666,3.386017981,9741.856730766667,2.1866674796666667,74.11674707600001,1345.2501049833334,272.7434698,189.0634369566667,3107.163159033333,188.88369130633336,3.1630049696666678,213.1842791733333,4021.5167590666665,9522.687246966669,10.019582426666668,4.293493628333334,273.5810122166667,85.29247702,247.62619622333327,86.93099075399999,5240.406403666667,357.72333196666665,46.501838714,28.482844990666667,60.61748289166667,10.659819223666668,4713.79671635,475.8046822,73.835808575,3745.318318,7.081674283333332,1736.7183994333334,47.61541093100001
1462.3069624666666,272.933731,2947.117342333333,1.1161876686666667,5.449074487666667,783.79562939,101.50749349566668,203.92492332,4683.563767,138.154052259,92.76952653333336,3922.9416561,1542.7155371,954.7661915,458.3924409666667,475.92969466666665,1625.2767861333332,862.1390759333334,275.58068230533337,147.4174822,4591.898999,94.50927917666668,287.4788419723333,825.6386160000001,213.17754390333332,11.924352284666668,4495.427158666666,1041.5337394,1051.4823258136666,1278.5485891333333,40.658301156,1285.558601,5.210962892333334
3136.4933138966667,7.645779615333333,12666.695586333331,0.065503332,15.695885487333332,2000.9949906666668,252.91039421666665,852.9829894833333,3198.3872788666667,3.010353821666667,91.71707403333332,263.97054626,5545.7429352,11313.421972333332,68.267727943,65.22763624366667,248.8176461873333,255.29069360966665,314.237713252,28.130794531333333,5941.353013466666,1389.1663229206667,419.864434589,101.674557971,173.48667728066667,3.334577197333333,4105.223349666667,1046.10020669,49.71939961466666,5271.5497270000005,6.436757709999999,4477.923906993334,70.20510780033332
1499.89415017,2811.546682966667,123.74640545,3.9023029123333335,3.6976675226666655,38.86085719333333,67.217562789,49.620826066666666,2136.070244933333,606.7980136166667,6.853761727333333,14052.91916,2089.1818684966665,418.2748703666667,8.956281186666667,4.331357787,61.994339796,28.045841750666668,26.99301468666667,308.09836127,976.3526542866666,28.49968711966667,37.705645598,2771.959482133333,994.7725556333334,794.2473555333332,39.643623084333335,171.99840278333332,353.386380958,486.4225285666666,264.01536841566667,21053.468673333333,0.1156061096666666
894.2548097666667,472.735370848,3678.5592913333335,18.448206808,96.86664066933332,469.99018267,329.8709225333333,94.97639068,2360.852278,405.5599386833333,1.7829793313333333,8153.372234333333,4491.430508066666,5692.893932666667,184.16898540466664,39.10373766666667,16.070673184666667,45.125034799,177.20813828666667,69.16234204666667,1165.1682695,82.744341788,92.89706144233332,1271.8119197333333,377.7862062423333,206.6525431813333,2398.9642616,713.5165616,451.18615978,5107.345295666667,381.71542008,20518.303825666662,2.359952836333333
1875.0294726666668,937.3253727866668,2343.0169137666667,118.884247687,41.917231795666666,139.01126043466664,255.4543796863333,33.324147567999994,338.1426539333333,631.47234949,57.87482197666666,16200.116406666668,4030.404237666666,1146.7240659,359.02647097666664,255.08548669,760.3550005333333,823.8242104666666,527.4445719296667,109.72135862266668,3738.614161333333,89.889643976,211.3657457733333,1897.3630419466665,681.752438289,564.1734717396668,4230.294188733334,328.80063888,1363.293303639333,2383.6957701666665,856.0674015666667,17888.618853333333,15.915450147666666
5.1173630716666665,713.5481830333333,168.4958089,1.5957586270000002,3.709493779,25.05792464,3.913556829,0.0,2587.7726499,28.058793610666665,39.778350026666665,14004.592835,90.55299505333332,366.9089882666667,231.79429425233332,341.4348972433333,79.041579206,134.99361064333334,11.219627073666668,1936.1812634733333,439.5861957,1.7421595273333337,1.9289020826666663,3929.8958549,3300.667551276667,76.292137713,4844.473723980001,9.219709704,113.68730841333335,195.67630257333332,9.081067969333334,1440.8173187,0.624725873
64.47906189000001,137.829862334,887.4715507333334,31.215801012999997,0.8068787796666665,65.60333382333333,2.4723404536666664,3.752046546666667,2179.7334976666666,235.35948986,1.6082678093333334,2243.4552983333333,349.3950258500001,1193.4749516666668,51.99919357766667,23.221964993333334,130.83645972266666,116.74682667666669,2.99679827,25.675331985666663,1031.2644472333334,1.4850548016666665,2.2463115643333333,204.27282549,318.47235715066665,12.325260758,878.8956109333334,15.971844579,363.8738073866666,250.68539843333332,352.4762567463333,1677.5279181,0.3875526636666667
500.0368057,200.60956313,1425.6857872,0.5245756753333333,0.0260070693333333,179.25461861333335,15.040347548,0.0660960456666666,867.8493480666666,110.91760972833332,185.095077348,2140.8615065,681.9170266,838.1494378000001,270.2467873083333,270.16956218133333,596.550922768,492.03179877766667,5.994738403333334,340.18849946666666,2043.2160332333333,2.1331846996666664,11.838419701,361.18613835933337,456.698048512,54.26686966333333,2108.0812933666666,69.900242792,886.6869498053335,888.7679365333333,149.0175659013333,1421.977052166667,0.682584619
1217.2817448666667,92.97349581,848.3700953666666,26.48568351133333,0.6643691266666667,452.8712972,9.427613124333334,102.68866072933334,227.22832668,213.82905931566663,4.27931713,782.3323154333333,3121.2486369,4495.181893666667,10.643225896666667,21.48232025,8.613546348333333,22.219276500000003,1.5184327503333332,6.883321371,3747.498629733333,22.682498236666664,2.1570428146666667,473.7436486666666,72.15009487,22.69805640066667,57.09566509333334,253.58411325333336,58.51507724633333,3366.4048521333334,45.27660756333333,1031.4542965666667,6.604199520333334
1440.4224946333334,51.594927336666665,1746.5307536,0.1720554193333333,18.970949463333334,545.0150918333334,183.85526924933333,305.926731378,2826.4106513333336,126.97351567533332,9.885110293333334,1383.666591186667,3089.736238666667,4042.9382930000006,274.98824816533335,41.05431269,125.95853711166669,113.25642807666668,79.64890978433334,0.9170128993333332,8261.943691666667,554.6493975283333,74.84695394500001,93.70505351566668,12.864330334333332,26.576318884666662,871.4198590933333,768.4235818100001,372.6482469613333,3945.10811,55.17318173266667,2973.8697356,52.208876723
1126.2625717333333,4.97662404,2835.4747649,2.008512218,100.122781737,821.40170641,259.408155754,71.77611190333333,8593.629485666666,89.79657338466667,25.63186083733333,1078.0140779666665,5120.300838666667,6058.992562666666,56.282368053333336,68.76508695,47.951592967,191.91734460666663,487.123952958,0.2361587406666666,4754.365045,577.450691932,82.807691273,5.091199132,0.184235379,1.3925501569999998,1249.53350432,616.8011103666666,29.823135224,5614.063374333334,9.155165852666666,6586.721952333333,86.14510228799999
4211.018572333333,0.2712450813333333,4924.127762866667,19.09687178333333,22.53882442233333,432.5634024,111.36822785966666,60.44547716766667,5452.454499,5.461316059333334,22.93735750333333,2228.1433176666665,1357.7677468033332,5922.422807700001,78.81605186033333,53.148239413333336,52.117008722,217.58895033,47.34607480900001,0.0,2532.5938643333334,111.55620437766667,9.434368583666666,8.512365127,1.5261534163333332,0.2996770183333333,4165.9768474,860.2804358,16.980223084333335,2147.6753633000003,51.965527210000005,9770.386343333334,15.402109882
2363.4044740000004,2300.433240976666,7479.090895000001,27.80398064,64.58857227766667,3159.451563666667,128.39630016866667,154.67852221333334,6403.242621,1308.9746875,25.88741594333333,2131.2589643333336,2659.352077333333,6275.492658,909.2527465033332,220.8888716,148.82102805,501.5181228,104.32718798133334,1368.5657939333332,3658.321004,325.14648949,44.389554370000006,5071.353206571666,3114.199983197,1461.0568437726668,1857.9181917333333,869.6642067000001,323.99507034666664,3424.9107586666664,634.5176388666666,6247.060150433335,20.425716098333336
30.541279677,58.24214952,3745.0071485666663,19.70958513333333,0.2738588063333333,2695.4292106,0.4709903393333333,49.56824955133334,6476.445783666667,164.56011170933334,14.213845056666663,4702.498549,1739.1340640666667,12059.807960666669,42.603440858333336,65.45651382666667,27.744639701,51.41897587333333,0.1871276709999999,272.95605846666666,1233.1713968333331,4.939430845,0.8692019213333334,560.3931514333334,454.4462375,2.744460465,345.70769938000007,15.374177943333336,79.95902067166666,2352.993544333334,149.19588932866665,6172.382975266667,0.033149538
740.9194564563333,554.363930341,1097.78488618,0.355856327,0.8372770386666666,48.350489182,0.7564108336666666,135.88837567333334,4907.682862000001,23.71414952233333,4.514422846,1915.857478700333,1453.8582823666666,8898.132121896668,13.128692973333337,2.684295824,1.7913621456666666,11.831829978333332,13.655878428666668,1565.320105,6434.891346583333,18.291731054,2.1203115056666664,4455.109161543333,5258.500086766667,0.9367240246666668,32.70232552666667,100.24896282266668,40.16630867933333,4522.1310107,3.0103415066666663,6185.043538053334,0.0
1829.3206885633333,638.9547454,2842.3740555,14.645932280000002,18.106619809,375.27975929333326,208.27261126,192.697106192,2880.620257,206.2794363,41.93680611966666,9420.654840333333,1226.8720391333334,3295.5649426666664,82.146075537,121.250374253,17.773128187999998,65.08643013466667,137.46076529666666,151.54070409666667,1927.6308663166667,277.2058033533333,171.6155482,1271.8164425666666,384.20644196,187.8914695333333,684.0872051333332,966.9959460666664,20.433119387,1399.5166205000005,124.23669465,10104.221356033337,57.57157286666666
1426.5988279909998,1.144062761,494.50172952,0.092746185,2.903781829333333,22.77263218,327.0839618493333,4.332349993333334,1753.5205115666668,2.175939886,3.559777377333333,2317.9596276666666,3873.7977963333337,4901.566506333334,2.005873434,6.221216979333334,163.71552243933334,13.794045372333333,321.7545219803333,0.0642478403333333,248.28211126,14.241626655666666,797.4761772833334,5.851792581000001,0.1099500963333333,0.0,4.996833126333333,906.96192642,2.328903153,5881.576088666668,0.8092504863333333,528.4772595333333,1.8144907796666665
676.13539945,75.97148260733333,471.2893584566666,0.0,0.0,12.234266423,3.198867118333333,15.008978123333335,662.8566729666667,0.2415258953333333,6.023459824,704.1293175333334,2435.244829133333,332.902533587,5.948198651333333,21.150262900666664,1.102546175,20.053832213,6.272396579333333,1.016230838,3620.8821901666665,6.484109880000001,6.794333992333333,1382.4714518,437.4487492666667,0.2344668796666666,82.63148896899999,68.45993544966666,0.097602421,2851.7909323333333,0.1015420556666666,254.13062876333333,1.0821955986666667
9960.594667766669,75.56642223233332,27912.31365466667,0.3412043443333333,349.98696233333334,4021.5310457,1156.3451632276667,902.5717533006668,1709.5236185,0.132164016,269.05777151166666,62.09226336633333,1503.1574388266663,6662.2558896,526.8062936666666,586.4207219369999,3750.9563865233335,2065.265313813,2339.78159726,226.8740077333333,4641.9140357900005,2071.2920594633333,2022.8390948303331,448.9251628003333,619.8141132406666,0.0,19178.6518265,2448.2208838333336,128.236504271,4329.851726366666,28.05547007933333,6285.974222933334,182.075757681
7512.9207175,106.53769238666668,435.1609236033333,4.435230685,120.72480313,549.0485297833334,1294.5004442666666,130.03483813666665,1170.3379579999998,9.757620004666666,13.338294114999998,282.78055423333336,2629.215834666667,2512.206758,99.601915952,37.74035309566667,102.40127082,268.09285417333336,700.5722570166668,488.87311587466667,698.0261972666667,424.6431992633334,211.9976578433333,660.2547776913333,427.909413289,12.869086364666666,67.67560523,1678.0050001666668,40.216115536,3935.842378,26.192542241,7363.881064099999,84.56696767333334
326.95812898,198.43061402,1321.7755684,0.0,15.384541988333334,441.3924068333333,23.950826718666665,49.231219513333336,3495.363543,1.762845067,78.31040362433333,26.909907329666662,4300.594367333333,5966.061707333334,73.01263352033332,142.12160029333333,682.9539475666667,383.1901480633333,243.355127614,501.733513,1148.7311540333333,62.38423128366666,346.183478819,532.9573031,809.2450159366667,3.870924439,616.19350462,48.13081822,94.67026423066666,5821.045854666667,4.706394033333333,67.58695068333334,1.793371996
505.07609113666666,555.5611402233334,1350.1782541333334,0.4077888743333333,19.86183223633333,291.74835586266664,82.09020498666668,36.04959561366667,409.1628807333333,156.6040988836667,13.027535616333331,842.4204219,1398.767868,2209.7180983333333,9.354903546666668,20.840749315666667,227.72691752566664,90.88372209933333,133.39255603966666,388.8663749876666,3686.649984,93.38292167333334,93.077737942,1567.4222046000002,1029.4218221616666,58.588569983333336,225.56924782,213.98885041333332,110.75117737666667,3479.4456756666664,40.36870046666667,415.0782156,7.618558339666666
1735.0971784333335,0.061855742,5960.837221333334,0.0,94.32710654666666,1525.6299873333337,434.25456457,227.321452,1048.5281303666668,0.27032808,28.475539164333338,5.397947143666666,1897.9796248666669,5678.200846666667,38.532849983333335,61.09893241666666,707.5485221333333,410.73961014333327,672.5380972666667,0.0,4202.4625686,871.9068871666667,376.7630259333334,0.0,0.0,0.0,1026.8016446,674.2544364666667,23.77543532433333,5111.789351666666,5.234753986,619.602934508,88.77160388
7795.1705608,509.3764903633334,81.08041098,130.08355803333333,31.316939726666664,88.81893997066668,609.32699241,111.46683716666666,656.9890807953333,452.8959281633333,4.617581472,4440.875426113334,1001.6047602333332,686.9286998433332,198.41586459366667,20.11684629533333,25.41328785933333,414.697189405,265.8111222403333,329.01999915666664,4281.421428000001,311.8989913,56.39057188466666,1370.9032415666668,562.2945492,253.5976473316667,143.47160653566667,949.186705876,458.1263729,1621.9553722,676.92208915,22008.539506666668,52.1762044
6594.957309666667,1608.1910890666668,4436.033086966666,290.19070654666666,66.60298943633333,1335.9910914966665,190.14941672666663,188.16435086166663,319.6381301,2162.0664546666667,179.78110785699997,7664.792812333333,2289.788704723333,3293.939902333333,1381.8505891433333,637.6850651159999,1589.1662395156666,1354.6567797356668,507.7843097643334,707.9295304956667,5837.4203377,336.489968899,472.76890623533336,2109.6526458666667,1488.1156379666666,291.19031163999995,10408.765079666666,747.7744901666666,2761.0416357,3278.5559883,2894.344863566667,17557.472815666668,23.93200699333333
6058.547575733333,120.517348852,12459.0320663,23.119462904999995,72.083399919,1714.382048553333,332.8448716866667,122.92063192333336,379.2503361766667,118.91402558666664,396.7138708666666,3371.9618645933333,477.5324287266667,3663.1097274,966.3157473333334,865.8316102366666,3105.749935466667,1652.1769413,721.3908925566667,96.85184271666668,1635.751680566667,351.7060884766667,660.2535895,252.48648128,184.96156977666664,21.10903345066667,5371.216534,822.5576282433334,2058.7571860266667,1015.5281317333332,320.07862803333336,8302.4057011,24.30288335433333
792.107339299,233.19131125,359.4862938786667,76.34767793333333,1.9286929923333331,28.018389239,136.61811518133334,69.42693535,395.3012784966666,432.75003066666665,1.6791763263333337,100.48977452666666,2896.808191891,415.4097026966666,97.19413434033332,4.698837890666667,29.121283036666668,34.57580582,20.23767943933333,369.3804926666666,544.9393707333334,121.81095576766666,4.752680766666667,533.2121228743333,626.1276442353334,94.62168728066666,595.5014295193333,187.78411631666663,1232.9680238273334,1284.3696543566668,577.7635273246667,3383.489548582667,6.702505496666666
7.843503156333333,514.686194843,1732.5383455299998,0.043052331,2.957094304,84.26585572433333,9.860620086333332,90.34366383933332,292.30490858266666,347.6594042333333,2.122217135666667,3348.8914212880004,1223.7976339333334,2714.902316,1.8220010503333333,5.834763349,0.3207618683333333,8.267238996,1.833923689,112.25305118666668,960.3154459333332,83.637278044,0.1961228223333333,1743.5914351953334,520.6784836773334,120.22972503333334,425.1951344333333,41.65054315666666,177.39869792333332,2003.5817863666668,34.17226299866667,2421.5884514073337,0.2368224243333333
0.705684507,13.316314103333331,809.521421772,0.0,0.0,0.1975973006666666,0.5421577576666666,0.289963925,22.987495390333333,32.29337524466667,0.3581983473333333,2341.0228389753333,18.77501801833333,228.12659459866663,0.0,0.3346252249999999,0.2417102283333333,1.0180601969999998,0.0,0.0,20.863164152666663,0.0,0.0,57.562636,0.0,20.65297062,1011.2799502916668,0.0,0.0,42.32994558266667,1.259309243,1482.075636034,0.0
87.57815290500001,1205.2601813866663,3515.862667908333,0.0,2.532781298666667,115.82119540766666,103.24837130733331,67.92702561666667,30.58937474566667,122.35704342933332,2.5345892926666664,1119.3699961523332,104.88092291866668,2362.2311286966665,1.9386984143333332,4.750408462333334,122.75042875866669,7.499299711333333,27.39121477966667,538.74574311,1871.9940313033333,189.2034361,16.4855646,2610.47873397,1742.7596303333332,280.8996122233333,1777.7467533333336,222.33722267766663,0.5847506553333334,893.6511626,0.160445201,44.09702638266666,24.967180502
1008.5478725933334,0.0,917.497731726,0.2541150736666667,15.161057188,116.502086397,386.05366040000007,53.209102300000005,21.589367196666668,0.101032658,11.556984128666668,122.67760923666668,785.0736626433333,2628.670063566667,0.921855996,7.607653322,283.8161577266667,163.99615017333335,331.31131437,0.0525713256666666,2284.7196864566668,76.03566128366667,276.7493512636667,2.3949079033333334,0.197072224,0.2102056803333333,95.23511660933332,341.71330463333334,0.703141297,2275.929048191,2.405230923,174.10115514433335,14.079477201333331
500.6099260963333,0.2356949729999999,69.17687559333334,0.0,6.395977984999999,138.42513963333332,107.26856677333336,157.17956226333334,27.306106983333333,1.1545960456666668,8.803472766,3.4920991676666664,3414.4697808999995,608.5110495766667,2.9684452096666667,11.897755750000002,5.797466376666667,18.598090859333336,19.530611552666667,0.0,8581.580300933334,215.5512798,2.278724436333333,0.139018826,0.1636387323333333,0.018310572,4.133673411666667,286.40892614,1.8113822286666668,3111.103207966667,0.0969308866666666,2.85519316,20.36247480566667
467.0503193106667,81.05073940933333,1616.847515833333,1.6053929763333334,51.39980376666667,235.5770064833333,111.97179626666669,52.877473771666665,0.4573452389999999,38.25138622666667,9.380767952333333,1529.0514415583332,32.28273333633333,624.0035600666666,20.835277987,17.969184079333335,156.18832700333334,59.41171028333333,296.77740744333335,1.6383474473333333,136.03355811999998,163.479960399,169.6679174666667,81.81391737,23.69593353266667,44.7230944,592.9504446863333,85.99567104633333,75.28611743,1.805326059,1.1032704573333334,190.64657544866665,16.56119955566667
324.69541673333333,117.88586992,1540.5713678633335,0.2789551746666667,40.946802689,95.09961448033332,141.59432785,15.297434329,0.3885006339999999,18.439192924,62.09875820666667,2477.697629953,0.1155106933333333,266.2734927,148.71215948333335,124.41552514333334,1081.820052433333,554.4824384,247.48144144666665,11.060369403333333,21.669205453333333,87.79456436666668,347.35259152000003,306.820423532,1.9279669606666667,53.34749213333333,4460.241542,46.063921,259.1914329783333,39.663430643333335,11.385711011666666,881.1555951666666,14.541424310000002
1991.7931379733332,439.3240437566666,5497.911024933333,26.560227113333337,65.67929943666667,43.28634953033333,486.2127627456667,56.42695938,1.92937327,291.35436883666665,61.887000696,12051.3063711,0.096447521,752.9723931333334,364.82783409,190.074504996,2272.0723509583336,584.9139389966667,1044.8675692376669,138.65056189433332,148.13896065566666,98.54776820033334,1053.2906496530002,1333.984498433333,284.50416597466665,221.2094734456667,8547.902796966666,384.213765356,679.5546802766667,7.585844266666666,261.1493896233333,4168.707348,8.912098986333334
755.6259227333334,54.52835951766667,1727.7799103333334,35.99859759666666,48.65901138,40.87673034,428.2515599333333,36.008542516666665,0.0,85.88112099,63.463005982,499.26247817,32.09096489866666,364.5243959333334,363.194270835,231.30836952666664,529.0721648,488.66144151966665,249.2037699,4.415172493333333,88.23468262333334,97.20812935,96.32233277333332,75.66183559366667,30.607548930000004,13.879870621666669,4048.119930066666,436.7024567,513.4134305666666,3.316649930666667,222.03222026666663,2058.391293733333,22.083769813
959.4797307,0.1242721053333333,498.6084795733333,4.183727459666667,21.805323630333334,14.280224546,177.52245868,12.567219561,64.53000399666666,0.0252356253333333,1.4805475046666663,150.36903406000002,206.2775016,808.9057994,4.864472055333334,3.3666056349999995,12.070139878666666,24.948402841666667,103.6884368,0.0,1208.240879466667,23.005638592333337,87.84340755,0.3902250106666666,0.0,0.0433301276666666,95.67312623366666,256.30762273333335,0.0,253.4995917333333,2.591084589,2054.9668303333333,1.3887444943333334
2966.6973631,452.5341670570001,2046.43610627,74.92675637,74.39087635666667,372.4241050333333,487.3007085,132.83344700666666,33.30830432,370.90281695466666,61.19981440166666,4936.319221333333,24.681491126666668,2160.479070566667,412.8019772223333,197.8741612133333,659.124657889,643.0997801163334,497.7956262233333,163.53731646666668,453.7032635333333,230.7795054,330.80974202666664,588.2670958633333,330.6290399423333,222.255861334,3573.7555843023333,466.8724606666667,1013.5450373203332,144.86270583666666,547.6699414423333,11258.102871666668,32.2953257
156.47938351333335,0.2204533146666666,1.4679775423333332,0.0,0.0,69.82353218633334,61.3757867,29.10879690666667,103.58391256666664,0.165135295,0.4478516023333334,5.126990765333333,167.773810294,210.89595891966667,0.1219587613333333,0.315819942,0.059659595,1.383056139,0.5930078846666667,0.0,296.60697248633335,109.40230056666668,0.0,0.561617659,0.2046961573333333,0.0402675036666666,0.3726788226666666,184.84295193333327,0.0,144.56630253,0.050228386,14.485468663,16.04378506
0.8738466323333333,0.0,1.883756553666667,0.149117724,0.0,0.6504409053333333,0.0,0.0,0.0,0.0,0.2422250123333333,1.2176587853333334,0.0272051323333333,5.104603756666667,0.0,0.1323201953333333,0.0365519643333333,0.4142779889999999,0.0509744696666666,0.0,2.5997492376666664,0.0,0.0433079966666666,0.0,0.0,0.0,0.0,0.0,0.0,0.9642767823333332,0.0,28.595520818,0.0
2535.9434263333333,321.71460919,1128.0213031333333,68.29399649666667,90.04455639999999,14.841820709666669,380.7168390666666,10.448800053,0.0,394.55070584,72.05580438666667,367.7166429633333,0.0,18.422890218666662,382.5977437666667,185.47127777333333,822.9228424666667,713.4902238666667,682.7442121666667,28.41357272666667,14.217624422666669,45.93275173333333,520.1928364666667,430.072493,181.28860323333333,151.32810226666666,1256.4930101333334,255.37069190000005,929.1960131133334,0.0,561.4900893,4760.2266592000005,9.406738709
1135.3764692666666,0.099561628,2161.8765084666666,2.0193002533333333,48.81593506433333,580.6176632856667,245.03272412666664,18.95312257,0.0,30.735975886666665,1.619144373,1266.47883969,0.0,206.691081445,0.0549756146666666,2.5198570003333334,94.92581608133332,25.34244815566667,273.76022442,0.0,74.25313054866666,180.7470044743333,118.10438338333334,1.622336238,0.0,11.680194548333333,28.93301676333333,187.71378938666663,0.0,0.3249866436666667,11.432950013333333,8323.644822,31.69418895333333
1116.5092147,699.396253626,639.4089267329999,24.20339453333333,0.140262034,193.46929387366663,76.34800220033334,63.34707115333333,132.62474456666666,450.9747556993334,2.898981769,1659.2687859096668,0.4690591796666666,625.2459395313333,2.949819927333333,3.443660897,22.71814545866667,36.151590069,17.253451055666666,58.42074714333334,127.53135547,43.175862136666666,7.692285441333333,1250.6113412156667,402.008240943,311.0591753666667,43.15024268,232.51592183333327,122.96936544066666,115.11131167466668,281.6403513863333,4165.363695533333,0.0509694689999999
224.00378903333333,3.2877497860000005,187.81875182,0.0,40.31744805,124.4120228,202.93168989333333,197.3365710333333,0.0,0.0355610683333333,1.4740616356666667,64.39637088733333,0.0,723.093104,0.2470033913333333,1.984566219666667,2.4418869263333334,10.737349970666664,68.10824048,0.0,246.7587467333333,516.4766004666667,12.362874862,27.648919523333333,0.0,0.0521840763333333,35.291562207333335,391.9238087666667,0.0,7.036415170000001,0.0,183.246759852,58.84201552666667
140.64375662666666,0.0,0.04489421,0.0,0.0,0.1838253639999999,0.2556435673333333,0.19230167,0.0,0.0,1.0369682033333334,2.0616561213333333,0.0,0.0,0.0,0.5541836516666666,0.04313112,1.7477696033333334,0.376842162,0.0,55.35273282566666,0.0,0.0,0.0,0.0,0.0,0.0,29.02272573,0.0,0.2875981463333333,0.0,6.5292202056666655,0.0
132.35959216,0.0,441.4433811,0.0,1.013058848,17.567936509333332,3.3968122873333333,46.54687733066667,7.360128083333334,0.0,1.0822375176666668,0.119977829,0.0,32.30272524933333,0.0,0.6704075180000001,1.5869560816666668,1.3636964809999998,3.696718591333333,0.0,60.75999010133334,101.33462485966668,0.249906188,0.0841525879999999,0.0,0.0,10.769726108,63.14560278566666,0.0,2.0283659456666667,0.0,1.0870816466666666,3.056446566333333
122.0334806,0.0,71.83562217,0.0,0.0,3.370546839,1.607324707,7.983585466,0.0,0.0,1.897854576,0.271154575,9.105608661,299.1184768,0.0,1.581175734,0.277948315,6.812275901,0.165760964,0.0,50.09643805,1.597393108,0.0,0.0,0.0,0.0,1.102148437,37.10901417,0.0,0.181286414,0.0,2.055177242,0.0
