BM,BTG,BWQ,CLJ,CT,DMZ,FSB,GGS,GTQ,HK,HLS,HMS,JJQ,LJG,LK,NJG,PS,QJDQ,QXC,SJY,SMZ,SPY,SWB,SXC,WC,WHK,XH,XJX,YJ,YLJK,YSG,YYL,ZT
410.125,422.4166666666667,413.3333333333333,429.4583333333333,413.9166666666667,413.0833333333333,421.2083333333333,413.125,342.0833333333333,435.5416666666667,403.4166666666667,441.1666666666667,397.6666666666667,408.75,415.125,414.2916666666667,415.2916666666667,419.5833333333333,427.1666666666667,411.5,408.75,407.6666666666667,427.75,423.9583333333333,427.7916666666667,426.7083333333333,423.25,423.4166666666667,423.875,419.9583333333333,421.2916666666667,426.6666666666667,420.3333333333333
414.7083333333333,398.8333333333333,428.7916666666667,418.0833333333333,424.375,431.4166666666667,438.5833333333333,428.0,344.4583333333333,412.7083333333333,392.4583333333333,417.8333333333333,382.375,437.2916666666667,415.625,408.8333333333333,403.5833333333333,415.75,422.5833333333333,400.5833333333333,437.2916666666667,429.375,416.5833333333333,400.375,406.0833333333333,415.875,426.9583333333333,429.125,423.9583333333333,406.5833333333333,425.5833333333333,418.5833333333333,429.6666666666667
412.2083333333333,425.2083333333333,444.125,433.2916666666667,441.7083333333333,437.9166666666667,445.0416666666667,431.4166666666667,347.5833333333333,428.2916666666667,402.4583333333333,431.75,388.4166666666667,423.1666666666667,425.375,412.75,408.7083333333333,421.5416666666667,437.5,420.75,423.1666666666667,433.2916666666667,422.6666666666667,416.2916666666667,419.9166666666667,424.1666666666667,435.5,437.875,426.75,413.875,428.1666666666667,435.6666666666667,438.625
426.4583333333333,442.125,440.4166666666667,454.625,438.5416666666667,443.0416666666667,443.1666666666667,434.6666666666667,345.25,442.1666666666667,428.2083333333333,453.4166666666667,399.9166666666667,429.75,450.5416666666667,441.6666666666667,433.3333333333333,442.0833333333333,443.2916666666667,432.5,429.75,428.2083333333333,441.625,427.9166666666667,430.7083333333333,443.6666666666667,447.4583333333333,438.5833333333333,447.875,415.7916666666667,445.875,454.9166666666667,440.0833333333333
423.625,433.0416666666667,435.4166666666667,446.625,432.0833333333333,447.3333333333333,434.0416666666667,433.75,332.125,440.1666666666667,417.5416666666667,445.125,390.9166666666667,439.4166666666667,450.2916666666667,435.2083333333333,419.2083333333333,444.9583333333333,441.2916666666667,423.125,439.4166666666667,435.625,439.25,431.0833333333333,431.8333333333333,442.7083333333333,448.6666666666667,438.125,441.625,417.5,450.0,448.7916666666667,438.0833333333333
417.125,438.9166666666667,432.9583333333333,447.125,429.25,434.8333333333333,443.1666666666667,433.2916666666667,338.7916666666667,446.9583333333333,413.9166666666667,451.9583333333333,377.5416666666667,434.875,433.625,429.4166666666667,411.2916666666667,434.1666666666667,433.4166666666667,435.4166666666667,434.875,433.0416666666667,429.5416666666667,439.3333333333333,433.6666666666667,445.3333333333333,442.1666666666667,433.375,438.875,417.5416666666667,441.1666666666667,447.9583333333333,439.8333333333333
419.125,446.0416666666667,443.5416666666667,454.9583333333333,438.25,441.8333333333333,441.5416666666667,430.0416666666667,328.4583333333333,443.75,424.6666666666667,452.0416666666667,386.75,427.375,438.0,433.5833333333333,431.6666666666667,436.0,440.9166666666667,437.375,427.375,434.0416666666667,435.4583333333333,440.9166666666667,442.1666666666667,454.4583333333333,448.2916666666667,438.75,449.875,413.5,447.3333333333333,454.0,433.7083333333333
433.25,448.875,442.75,462.6666666666667,440.0416666666667,448.8333333333333,445.9166666666667,437.3333333333333,338.7083333333333,447.75,426.625,454.3333333333333,385.0833333333333,438.5416666666667,459.3333333333333,436.7083333333333,429.625,451.4583333333333,448.625,437.2916666666667,438.5416666666667,443.5,440.9583333333333,440.5416666666667,433.125,452.9583333333333,453.7916666666667,447.7916666666667,454.6666666666667,418.2916666666667,454.2916666666667,463.2916666666667,446.7083333333333
424.375,455.5833333333333,436.5833333333333,453.1666666666667,434.2916666666667,443.125,439.375,440.9583333333333,315.9583333333333,447.9583333333333,426.4583333333333,456.4166666666667,379.2916666666667,437.125,452.5,447.8333333333333,431.0416666666667,451.0,441.3333333333333,461.125,437.125,440.7083333333333,433.4166666666667,455.5416666666667,463.5416666666667,454.1666666666667,458.7083333333333,450.1666666666667,465.5833333333333,410.4583333333333,458.75,456.7083333333333,448.9583333333333
429.25,453.75,452.8333333333333,451.8333333333333,450.5,446.125,455.2083333333333,440.7083333333333,342.25,451.125,428.0833333333333,462.25,396.9166666666667,443.0833333333333,447.25,433.0833333333333,437.4166666666667,443.2916666666667,452.4583333333333,449.0833333333333,443.0833333333333,443.9166666666667,450.25,451.7916666666667,457.0,458.2916666666667,461.5416666666667,454.2916666666667,461.0,424.5416666666667,454.9583333333333,452.1666666666667,456.0416666666667
409.7916666666667,433.4583333333333,438.6666666666667,440.375,434.0,437.5416666666667,439.625,429.375,331.2916666666667,439.125,413.2083333333333,439.75,381.5416666666667,427.0416666666667,436.375,428.0416666666667,427.5833333333333,435.75,432.7916666666667,430.375,427.0416666666667,428.8333333333333,423.1666666666667,432.5,440.5416666666667,436.2916666666667,433.625,434.625,439.5416666666667,408.0833333333333,435.2916666666667,441.4583333333333,432.4166666666667
415.2916666666667,437.6666666666667,434.9583333333333,444.7916666666667,427.0833333333333,438.2083333333333,435.9166666666667,432.7916666666667,321.2083333333333,436.2083333333333,419.2083333333333,440.0416666666667,376.5833333333333,433.7916666666667,447.4583333333333,427.75,428.9166666666667,445.375,453.0,429.5416666666667,433.7916666666667,430.2916666666667,442.8333333333333,433.6666666666667,439.0833333333333,442.1666666666667,450.9583333333333,436.5,437.875,412.2083333333333,444.75,447.0833333333333,438.4583333333333
417.2916666666667,438.75,448.2916666666667,442.5416666666667,444.4166666666667,439.0416666666667,441.375,437.0416666666667,329.4166666666667,428.1666666666667,417.7916666666667,439.0416666666667,396.25,431.0416666666667,441.0416666666667,430.75,417.3333333333333,435.875,440.5833333333333,441.0,431.0416666666667,429.6666666666667,429.625,439.7916666666667,440.4583333333333,436.0833333333333,440.9166666666667,434.5,434.25,412.9583333333333,437.7916666666667,441.4166666666667,435.8333333333333
423.375,438.7916666666667,439.625,450.5416666666667,435.5,437.7916666666667,448.4166666666667,430.5833333333333,329.5833333333333,438.75,414.875,455.125,378.5833333333333,425.2916666666667,442.2083333333333,431.5833333333333,431.4166666666667,434.7083333333333,435.2916666666667,442.4583333333333,425.2916666666667,434.375,429.4166666666667,443.5416666666667,445.2083333333333,435.8333333333333,450.375,433.7916666666667,446.5833333333333,407.9166666666667,442.9166666666667,446.7083333333333,443.625
410.9583333333333,440.7083333333333,442.375,449.75,442.0,444.1666666666667,451.5416666666667,443.0,336.125,433.3333333333333,416.5,440.625,388.7083333333333,438.8333333333333,446.5833333333333,427.8333333333333,419.0,437.9166666666667,444.7083333333333,429.75,438.8333333333333,434.7083333333333,427.0833333333333,428.9166666666667,443.2916666666667,438.0416666666667,448.5416666666667,439.5,439.125,412.9583333333333,443.0,449.5416666666667,449.7083333333333
419.7916666666667,445.5,446.75,457.875,445.0833333333333,439.2083333333333,451.375,435.0,323.4166666666667,440.7916666666667,427.75,452.6666666666667,360.7083333333333,430.9166666666667,459.4583333333333,451.2916666666667,434.0416666666667,457.0,454.4583333333333,437.0,430.9166666666667,437.5416666666667,451.125,440.0416666666667,443.5833333333333,445.125,457.5416666666667,441.875,445.9166666666667,395.9166666666667,458.0,458.7916666666667,444.625
428.0833333333333,443.625,451.0833333333333,452.9583333333333,448.6666666666667,445.2083333333333,457.9583333333333,441.875,332.25,443.375,427.0,454.0,382.9166666666667,440.4166666666667,445.2083333333333,436.7083333333333,429.4166666666667,451.4166666666667,454.5833333333333,434.5833333333333,440.4166666666667,446.25,444.0416666666667,445.6666666666667,440.5833333333333,447.875,458.4166666666667,451.875,447.125,406.625,452.5,454.375,456.4583333333333
437.0,440.6666666666667,451.875,455.9583333333333,452.9583333333333,443.5416666666667,454.5833333333333,436.875,348.4583333333333,442.375,427.7083333333333,448.0833333333333,399.0833333333333,438.2916666666667,454.4166666666667,445.125,433.5416666666667,450.2083333333333,455.0,426.5833333333333,438.2916666666667,448.125,444.875,437.3333333333333,429.9583333333333,444.625,455.9583333333333,449.8333333333333,440.5,421.7916666666667,452.3333333333333,455.375,454.4583333333333
426.125,446.8333333333333,441.3333333333333,450.75,441.75,442.9166666666667,448.0416666666667,434.4166666666667,360.1666666666667,446.0416666666667,422.125,453.7083333333333,396.0,435.875,446.625,434.375,429.8333333333333,439.75,441.375,439.9583333333333,435.875,432.2916666666667,439.4583333333333,444.0416666666667,448.7916666666667,446.625,449.0,443.5416666666667,447.7916666666667,420.25,447.625,450.8333333333333,447.5833333333333
415.0833333333333,429.625,432.7916666666667,425.875,425.4583333333333,435.7083333333333,429.3333333333333,420.2083333333333,346.4583333333333,430.2083333333333,407.0416666666667,436.0833333333333,395.6666666666667,429.0416666666667,425.2916666666667,421.7916666666667,412.5833333333333,424.4166666666667,434.2916666666667,429.2083333333333,429.0416666666667,425.625,426.0,429.5416666666667,428.2083333333333,433.875,423.4583333333333,433.4583333333333,423.7083333333333,423.9583333333333,424.5833333333333,428.4166666666667,430.5416666666667
414.75,428.0,440.5,447.0,431.0416666666667,440.4166666666667,445.0416666666667,434.5416666666667,345.25,429.9583333333333,425.0416666666667,437.75,392.125,432.7083333333333,445.1666666666667,436.875,422.5833333333333,439.4166666666667,439.375,425.125,432.7083333333333,438.9166666666667,433.2083333333333,426.1666666666667,426.625,430.5,439.5416666666667,446.875,438.25,424.2916666666667,439.7916666666667,444.2083333333333,437.8333333333333
423.75,436.4583333333333,456.4583333333333,449.2916666666667,451.4166666666667,449.2916666666667,456.2916666666667,448.0,343.2916666666667,445.25,426.8333333333333,448.5,378.1666666666667,442.6666666666667,446.7916666666667,443.3333333333333,433.9166666666667,443.75,456.625,429.0833333333333,442.6666666666667,439.1666666666667,445.3333333333333,433.875,435.9166666666667,442.7916666666667,442.125,450.4166666666667,439.75,415.0,434.5833333333333,449.2083333333333,447.1666666666667
422.7083333333333,442.0416666666667,435.4583333333333,443.7916666666667,434.25,439.5,438.6666666666667,437.4166666666667,336.875,438.625,423.5,450.25,392.3333333333333,435.4166666666667,435.625,433.7083333333333,430.2916666666667,438.9583333333333,439.0416666666667,434.7916666666667,435.4166666666667,431.5416666666667,434.0833333333333,436.125,449.625,452.0416666666667,441.5833333333333,438.0,448.125,426.2083333333333,444.2916666666667,444.8333333333333,439.7083333333333
395.75,427.0416666666667,418.5833333333333,424.25,411.1666666666667,413.7916666666667,413.1666666666667,411.8333333333333,335.8333333333333,420.2916666666667,399.0833333333333,429.0833333333333,391.5416666666667,406.7083333333333,412.75,410.7916666666667,403.9166666666667,408.8333333333333,418.5,419.25,406.7083333333333,409.8333333333333,410.7083333333333,420.8333333333333,433.3333333333333,419.2083333333333,424.6666666666667,414.5,428.3333333333333,404.5833333333333,418.2916666666667,422.625,415.7916666666667
404.75,436.625,413.2916666666667,438.625,409.125,415.6666666666667,414.375,409.1666666666667,332.5416666666667,434.7916666666667,413.9583333333333,442.0,369.125,408.2083333333333,434.4166666666667,424.4583333333333,417.0416666666667,430.375,422.7083333333333,434.625,408.2083333333333,414.7916666666667,419.4583333333333,432.5833333333333,436.2916666666667,435.6666666666667,435.8333333333333,415.4583333333333,437.1666666666667,405.875,431.1666666666667,438.125,414.75
415.3333333333333,441.6666666666667,439.7916666666667,443.8333333333333,432.5416666666667,435.4583333333333,437.5,421.0833333333333,326.2916666666667,431.9583333333333,424.5416666666667,437.7916666666667,387.0833333333333,419.7083333333333,432.375,433.5833333333333,428.2916666666667,436.25,437.0833333333333,440.0833333333333,419.7083333333333,429.375,436.5,441.4583333333333,437.0,434.375,433.5,441.375,434.375,412.125,433.1666666666667,444.9583333333333,433.5
418.8333333333333,439.375,442.125,442.5,436.9583333333333,432.1666666666667,441.75,426.5833333333333,336.5,435.9583333333333,420.5416666666667,446.25,386.875,426.9583333333333,440.9583333333333,438.7083333333333,426.1666666666667,436.1666666666667,445.375,426.0,426.9583333333333,434.2916666666667,444.8333333333333,429.625,437.375,432.2916666666667,432.25,439.75,431.875,421.3333333333333,434.0,442.4166666666667,439.75
406.7083333333333,418.5833333333333,420.7083333333333,420.2916666666667,413.125,422.125,419.6666666666667,418.0,316.6666666666667,416.125,408.1666666666667,428.5416666666667,390.6666666666667,414.875,418.0416666666667,415.75,407.0416666666667,417.375,415.0,404.0833333333333,414.875,411.9166666666667,416.1666666666667,416.875,411.375,412.9583333333333,422.4583333333333,405.75,413.2916666666667,390.4166666666667,413.25,425.0416666666667,416.5833333333333
389.8333333333333,422.75,408.4166666666667,425.9583333333333,403.5416666666667,415.625,415.0416666666667,405.9583333333333,320.0833333333333,416.9166666666667,385.375,424.25,365.6666666666667,408.5,417.9583333333333,401.6666666666667,391.9166666666667,417.9583333333333,410.0416666666667,420.0416666666667,408.5,411.2916666666667,408.2083333333333,425.2083333333333,435.25,420.1666666666667,416.4166666666667,417.875,416.4583333333333,396.375,412.5416666666667,428.0833333333333,420.2916666666667
396.0416666666667,417.125,427.0,421.5416666666667,420.0,437.6666666666667,428.375,426.5833333333333,311.7083333333333,413.6666666666667,380.7916666666667,422.125,371.4583333333333,426.4583333333333,410.0,398.3333333333333,383.7083333333333,406.9583333333333,432.7916666666667,406.75,426.4583333333333,425.5416666666667,409.2916666666667,408.875,419.4583333333333,432.5416666666667,409.875,431.1666666666667,411.1666666666667,402.6666666666667,413.25,423.0833333333333,430.9166666666667
412.4166666666667,394.375,428.2083333333333,418.4583333333333,427.0416666666667,423.0833333333333,433.4166666666667,411.875,333.0,397.2083333333333,403.25,400.2916666666667,382.2916666666667,411.0,414.9166666666667,413.125,415.6666666666667,415.7083333333333,430.7083333333333,395.0833333333333,411.0,423.0416666666667,426.9583333333333,394.5416666666667,396.875,394.875,405.25,427.2916666666667,405.8333333333333,400.375,401.6666666666667,418.625,427.9166666666667
388.75,410.875,402.2083333333333,416.4166666666667,398.2916666666667,401.7083333333333,404.7916666666667,395.875,285.5833333333333,405.9166666666667,397.8333333333333,416.0,363.9166666666667,397.5833333333333,418.0833333333333,412.2916666666667,398.375,416.875,404.3333333333333,403.2916666666667,397.5833333333333,395.8333333333333,411.375,405.0833333333333,412.0416666666667,413.1666666666667,406.9166666666667,402.4583333333333,409.625,384.5,408.0833333333333,414.8333333333333,400.875
391.125,401.2916666666667,418.5416666666667,416.9583333333333,417.4583333333333,420.6666666666667,424.5,422.625,309.7916666666667,404.625,388.625,408.4583333333333,377.0416666666667,419.625,418.9583333333333,406.625,396.25,410.25,419.7083333333333,402.5416666666667,419.625,414.5,407.9583333333333,401.25,407.3333333333333,403.0416666666667,414.7916666666667,421.2083333333333,410.375,399.0833333333333,410.2083333333333,418.125,420.875
412.3333333333333,410.0833333333333,429.375,435.8333333333333,425.875,425.0,432.8333333333333,429.25,322.2916666666667,428.3333333333333,410.5,433.7083333333333,362.4583333333333,432.0,430.7083333333333,422.625,421.4583333333333,424.4166666666667,438.1666666666667,397.5833333333333,432.0,428.625,426.625,399.25,407.7083333333333,430.7916666666667,434.7083333333333,442.0,434.6666666666667,393.5416666666667,434.25,435.125,429.3333333333333
395.375,431.7083333333333,412.0416666666667,413.9166666666667,405.4166666666667,401.8333333333333,407.9583333333333,402.5416666666667,282.125,416.125,396.2083333333333,425.6666666666667,361.5,400.25,405.0833333333333,406.0833333333333,398.4166666666667,406.8333333333333,420.6666666666667,415.3333333333333,400.25,402.2916666666667,420.375,424.5,420.7083333333333,416.1666666666667,410.0,410.7083333333333,413.2083333333333,383.3333333333333,402.125,410.9166666666667,407.5833333333333
387.5416666666667,395.4166666666667,416.5,412.9583333333333,411.5416666666667,422.5,421.125,420.7916666666667,277.7916666666667,400.375,380.8333333333333,399.5416666666667,357.9583333333333,425.5416666666667,409.625,399.2083333333333,390.375,404.25,415.9583333333333,391.2083333333333,425.5416666666667,415.2083333333333,404.6666666666667,390.9583333333333,396.4583333333333,400.2083333333333,401.1666666666667,421.9166666666667,398.625,388.25,401.9166666666667,412.5833333333333,420.1666666666667
403.2916666666667,412.0,413.4166666666667,426.2916666666667,412.0833333333333,419.375,419.5833333333333,417.4166666666667,310.3333333333333,410.2916666666667,400.8333333333333,417.6666666666667,361.5416666666667,420.7083333333333,410.4166666666667,417.0,410.6666666666667,419.3333333333333,431.875,405.4166666666667,420.7083333333333,414.7916666666667,427.625,412.0833333333333,406.7916666666667,408.9583333333333,411.125,425.5416666666667,417.3333333333333,403.0,411.9166666666667,424.75,417.0
392.3333333333333,405.6666666666667,401.875,394.2916666666667,401.7083333333333,401.6666666666667,412.125,394.2916666666667,316.6666666666667,388.125,379.1666666666667,403.3333333333333,369.7083333333333,396.2083333333333,383.7916666666667,390.4166666666667,388.6666666666667,384.9583333333333,405.4166666666667,414.7083333333333,396.2083333333333,405.4583333333333,417.3333333333333,415.3333333333333,421.5416666666667,378.6666666666667,378.0416666666667,408.625,371.875,401.9583333333333,378.75,391.7916666666667,408.1666666666667
379.2916666666667,401.7083333333333,389.125,380.375,389.2083333333333,389.0416666666667,391.75,381.1666666666667,290.7083333333333,401.75,375.6666666666667,405.375,380.9166666666667,384.3333333333333,385.9583333333333,374.125,378.0416666666667,382.6666666666667,397.6666666666667,391.5833333333333,384.3333333333333,390.4166666666667,394.2916666666667,386.4583333333333,402.5833333333333,396.3333333333333,378.8333333333333,388.9166666666667,388.2916666666667,401.6666666666667,376.1666666666667,384.0416666666667,392.5416666666667
379.4166666666667,393.2083333333333,391.7083333333333,373.1666666666667,387.5833333333333,393.6666666666667,399.9583333333333,388.125,287.9166666666667,381.7083333333333,363.25,390.8333333333333,367.0416666666667,384.7083333333333,369.875,374.3333333333333,367.125,371.9583333333333,402.6666666666667,399.7083333333333,384.7083333333333,393.5833333333333,387.7916666666667,390.1666666666667,398.9166666666667,384.0,372.0,395.0,375.5833333333333,389.4583333333333,377.375,372.3333333333333,397.25
362.125,356.6666666666667,375.875,370.125,364.2916666666667,373.1666666666667,373.0833333333333,371.75,288.5416666666667,362.7083333333333,355.0,372.2083333333333,369.5833333333333,364.2083333333333,362.2916666666667,363.8333333333333,358.6666666666667,366.25,377.25,353.0416666666667,364.2083333333333,370.7916666666667,372.875,348.9166666666667,363.9583333333333,347.5416666666667,362.1666666666667,371.625,364.375,388.5416666666667,358.0416666666667,364.875,367.3333333333333
361.7916666666667,342.5833333333333,381.5,365.375,375.2916666666667,381.5833333333333,378.0833333333333,373.875,308.0416666666667,358.2083333333333,356.4166666666667,356.875,356.625,373.9166666666667,354.3333333333333,355.7916666666667,358.5416666666667,351.9583333333333,378.0,329.2916666666667,373.9166666666667,381.375,369.2916666666667,343.1666666666667,340.0,360.6666666666667,358.625,383.7083333333333,351.625,383.0,361.6666666666667,365.5,381.375
341.7083333333333,323.75,360.625,340.7916666666667,345.8333333333333,365.0833333333333,352.375,358.5833333333333,299.7916666666667,344.4166666666667,329.0,344.1666666666667,360.9166666666667,363.625,335.25,333.4166666666667,336.4583333333333,331.25,353.4583333333333,318.75,363.625,358.4166666666667,349.25,317.6666666666667,323.875,327.0833333333333,332.0833333333333,358.9583333333333,334.3333333333333,374.2916666666667,329.5833333333333,341.4583333333333,361.8333333333333
350.3333333333333,333.125,370.4583333333333,345.7916666666667,368.7916666666667,385.2083333333333,373.2083333333333,377.375,281.0,335.0833333333333,346.7083333333333,339.9583333333333,330.5416666666667,375.3333333333333,345.5,345.0416666666667,350.4166666666667,345.2083333333333,375.7916666666667,337.4583333333333,375.3333333333333,379.6666666666667,369.2916666666667,339.375,337.0416666666667,338.125,335.0,381.3333333333333,336.2083333333333,363.4583333333333,331.625,352.125,384.6666666666667
368.125,340.5833333333333,378.0,375.0416666666667,374.8333333333333,377.8333333333333,375.0833333333333,375.75,270.5416666666667,345.8333333333333,358.375,351.7083333333333,333.5,379.0833333333333,370.4166666666667,369.7083333333333,361.5,368.2083333333333,375.9166666666667,338.625,379.0833333333333,376.2083333333333,373.2083333333333,344.5,342.1666666666667,353.7916666666667,360.0833333333333,375.4583333333333,359.9166666666667,354.2916666666667,359.5,374.0,373.5833333333333
345.9583333333333,343.6666666666667,375.875,370.2916666666667,370.625,376.2916666666667,374.7083333333333,376.0,292.25,350.2083333333333,359.625,355.9166666666667,323.9166666666667,372.5,375.2083333333333,364.9166666666667,360.9583333333333,367.8333333333333,371.9583333333333,343.2916666666667,372.5,366.0,368.5833333333333,341.5,346.75,354.4166666666667,369.2916666666667,370.9583333333333,357.5833333333333,352.7916666666667,364.2083333333333,371.5,378.5416666666667
358.2083333333333,359.5416666666667,382.7083333333333,379.875,378.5416666666667,384.5833333333333,381.125,372.9166666666667,277.375,369.6666666666667,360.2916666666667,366.9166666666667,328.9583333333333,374.8333333333333,377.3333333333333,368.625,366.8333333333333,372.0,383.4583333333333,346.2083333333333,374.8333333333333,383.5,378.375,356.875,362.2083333333333,368.75,372.625,385.0833333333333,365.9583333333333,340.0,371.625,384.4166666666667,383.4583333333333
359.6666666666667,376.4583333333333,360.0,376.2083333333333,353.0833333333333,350.3333333333333,362.9166666666667,349.7083333333333,241.75,373.5,357.125,381.9583333333333,289.9583333333333,352.125,370.9583333333333,371.2916666666667,361.625,370.375,361.0,369.625,352.125,349.5,363.125,369.5,374.5833333333333,366.6666666666667,372.0416666666667,359.1666666666667,367.1666666666667,317.875,369.5416666666667,373.5833333333333,363.1666666666667
303.4583333333333,273.125,320.25,299.5,316.9166666666667,315.9583333333333,326.9583333333333,308.9583333333333,232.5,281.2083333333333,292.6666666666667,282.2916666666667,294.7916666666667,310.8333333333333,296.4583333333333,306.0,294.25,307.6666666666667,323.5416666666667,263.875,310.8333333333333,322.375,322.4166666666667,261.875,265.375,277.2916666666667,299.4166666666667,323.9166666666667,287.5416666666667,329.25,299.3333333333333,302.2083333333333,320.4583333333333
326.0,296.5,326.1666666666667,319.1666666666667,330.375,341.4583333333333,341.25,337.5416666666667,229.45833333333331,306.8333333333333,298.25,310.0833333333333,292.5833333333333,336.4583333333333,318.1666666666667,315.6666666666667,309.7916666666667,320.25,338.4166666666667,286.625,336.4583333333333,343.2916666666667,328.625,286.2083333333333,288.0,302.2083333333333,307.9583333333333,342.25,306.2083333333333,324.2916666666667,307.1666666666667,320.5,342.8333333333333
327.9583333333333,304.5833333333333,352.4166666666667,336.8333333333333,345.625,349.5833333333333,351.3333333333333,329.125,242.20833333333331,315.1666666666667,331.0833333333333,314.3333333333333,299.0833333333333,329.0833333333333,332.9166666666667,338.9583333333333,336.4166666666667,343.875,351.25,309.125,329.0833333333333,352.6666666666667,344.3333333333333,304.5833333333333,308.4583333333333,309.9166666666667,321.875,352.5833333333333,314.9583333333333,333.125,314.0833333333333,343.0416666666667,352.875
331.75,326.4583333333333,344.9583333333333,345.625,342.625,346.25,345.0,336.5,230.54166666666663,322.9166666666667,310.4166666666667,333.75,291.625,332.7916666666667,341.75,324.7916666666667,319.375,326.2083333333333,351.5416666666667,327.9166666666667,332.7916666666667,347.0,329.9583333333333,329.2916666666667,334.375,338.0,328.7083333333333,348.4583333333333,327.4583333333333,319.5833333333333,324.9583333333333,339.1666666666667,350.75
343.2916666666667,323.4166666666667,352.75,337.8333333333333,347.0416666666667,355.1666666666667,352.8333333333333,350.0416666666667,250.5,333.9166666666667,339.1666666666667,339.0416666666667,303.7916666666667,349.1666666666667,341.0,339.0416666666667,335.2916666666667,343.1666666666667,357.1666666666667,310.2916666666667,349.1666666666667,351.375,351.0,311.3333333333333,315.5833333333333,337.5,326.5416666666667,353.9166666666667,330.5833333333333,333.2916666666667,330.875,340.125,356.7083333333333
288.625,272.5833333333333,302.375,292.2916666666667,302.125,314.375,302.7083333333333,320.0416666666667,236.04166666666663,275.7083333333333,284.0416666666667,278.3333333333333,294.125,316.75,289.7916666666667,292.625,284.0833333333333,296.9166666666667,306.125,267.5,316.75,309.4166666666667,296.2083333333333,266.4583333333333,272.0,277.6666666666667,279.0,305.0833333333333,276.0833333333333,338.0,274.4583333333333,293.75,310.125
321.4583333333333,305.5833333333333,342.7083333333333,316.0416666666667,338.2916666666667,356.5416666666667,345.5833333333333,352.8333333333333,247.125,299.0416666666667,291.0833333333333,306.5,292.9583333333333,350.125,315.4583333333333,301.2083333333333,298.2916666666667,304.4583333333333,333.0,306.1666666666667,350.125,356.0416666666667,313.3333333333333,297.1666666666667,306.375,304.7083333333333,297.5833333333333,356.625,300.1666666666667,323.3333333333333,295.2916666666667,319.2083333333333,357.8333333333333
297.0,277.2083333333333,318.5416666666667,290.125,318.875,330.2083333333333,329.7083333333333,325.5,224.83333333333331,279.0416666666667,291.2083333333333,285.5833333333333,303.25,320.8333333333333,291.5416666666667,300.6666666666667,299.8333333333333,297.5416666666667,320.2916666666667,273.0833333333333,320.8333333333333,326.5833333333333,319.1666666666667,268.6666666666667,278.4583333333333,282.7916666666667,276.6666666666667,327.625,276.125,333.9166666666667,274.25,290.875,328.625
292.6666666666667,265.6666666666667,321.7916666666667,289.0,318.3333333333333,340.0,333.0833333333333,340.6666666666667,249.91666666666663,277.6666666666667,282.4583333333333,278.625,334.2916666666667,340.5416666666667,283.6666666666667,287.0833333333333,292.1666666666667,284.5416666666667,311.8333333333333,262.0833333333333,340.5416666666667,332.0,317.5416666666667,259.6666666666667,268.9166666666667,270.4583333333333,273.75,322.875,270.8333333333333,362.2083333333333,269.4583333333333,290.4583333333333,327.75
309.7083333333333,284.9166666666667,339.5833333333333,296.9166666666667,339.0416666666667,353.0833333333333,345.125,350.125,230.79166666666663,288.0,295.1666666666667,289.0833333333333,331.4583333333333,348.7916666666667,297.9583333333333,300.9166666666667,302.4166666666667,294.2083333333333,332.0416666666667,285.2916666666667,348.7916666666667,342.5833333333333,343.8333333333333,284.7916666666667,296.375,289.4166666666667,292.0416666666667,340.0,291.0416666666667,348.7916666666667,290.25,301.625,344.0
339.0,304.0,352.7916666666667,319.4583333333333,348.375,352.75,355.625,344.6666666666667,239.16666666666663,309.5,324.4583333333333,311.8333333333333,288.5416666666667,344.875,325.125,328.875,330.1666666666667,328.3333333333333,359.0416666666667,296.0,344.875,344.1666666666667,351.6666666666667,296.2916666666667,305.375,305.2083333333333,309.875,350.875,302.1666666666667,327.375,304.7083333333333,321.375,353.0
326.7916666666667,317.25,339.7916666666667,325.5833333333333,335.9166666666667,336.3333333333333,339.2916666666667,328.5416666666667,225.20833333333331,324.5416666666667,323.0,329.5416666666667,304.9166666666667,331.5833333333333,318.4166666666667,319.3333333333333,327.9583333333333,316.5416666666667,343.125,298.5833333333333,331.5833333333333,332.0416666666667,353.9583333333333,302.625,307.7916666666667,322.2083333333333,320.6666666666667,335.375,334.75,315.4166666666667,323.1666666666667,322.375,336.25
336.1666666666667,327.2083333333333,340.625,353.7083333333333,344.4166666666667,347.2916666666667,356.4166666666667,342.2916666666667,234.33333333333331,335.75,328.4166666666667,341.9166666666667,269.9583333333333,338.0,346.8333333333333,338.8333333333333,332.5416666666667,341.2083333333333,353.5416666666667,309.25,338.0,349.375,363.125,310.2083333333333,310.4166666666667,337.5833333333333,339.7083333333333,354.9583333333333,336.625,295.5,336.125,351.5833333333333,353.7083333333333
308.5833333333333,251.16666666666663,339.5833333333333,279.625,324.8333333333333,331.1666666666667,330.75,332.5833333333333,230.875,265.0416666666667,290.5416666666667,263.3333333333333,273.0416666666667,334.4166666666667,280.9166666666667,286.9166666666667,294.375,296.375,330.2916666666667,243.25,334.4166666666667,333.0,336.7083333333333,241.79166666666663,247.16666666666663,255.75,258.4583333333333,336.0416666666667,256.2916666666667,323.0833333333333,257.375,279.375,330.1666666666667
288.0,280.9166666666667,291.9583333333333,296.0833333333333,297.875,298.5416666666667,299.8333333333333,297.6666666666667,207.20833333333331,283.5,278.7083333333333,286.4583333333333,267.6666666666667,296.7083333333333,286.8333333333333,290.125,293.75,289.875,300.3333333333333,277.8333333333333,296.7083333333333,289.125,310.625,274.4583333333333,278.625,287.1666666666667,279.9166666666667,291.4166666666667,278.9583333333333,295.0833333333333,274.9583333333333,297.375,294.1666666666667
328.4583333333333,301.2916666666667,336.375,317.625,349.625,322.4166666666667,353.8333333333333,330.1666666666667,203.83333333333331,303.75,322.2916666666667,314.7916666666667,272.375,332.2083333333333,308.5833333333333,313.125,321.5,310.4583333333333,349.7083333333333,278.2916666666667,332.2083333333333,331.5833333333333,351.0,282.6666666666667,284.9583333333333,299.7916666666667,305.2083333333333,344.9583333333333,303.4166666666667,296.375,305.7916666666667,316.9583333333333,337.4166666666667
294.5833333333333,244.29166666666663,319.2083333333333,291.7083333333333,317.875,316.4166666666667,318.125,321.25,235.79166666666663,257.5416666666667,292.7916666666667,265.875,275.5,317.0,265.8333333333333,273.75,294.75,281.7916666666667,326.75,231.75,317.0,325.7916666666667,319.5833333333333,226.04166666666663,230.41666666666663,251.33333333333331,261.5,328.5416666666667,264.7083333333333,296.9166666666667,258.5833333333333,296.125,324.9166666666667
308.1666666666667,252.0,309.2083333333333,271.2916666666667,303.7916666666667,303.1666666666667,317.0,291.5,252.20833333333331,267.25,257.75,265.875,279.625,296.9166666666667,268.8333333333333,268.2916666666667,272.4166666666667,279.6666666666667,320.5833333333333,254.58333333333331,296.9166666666667,315.2916666666667,288.5,246.29166666666663,254.83333333333331,260.25,261.375,318.4583333333333,268.8333333333333,303.5833333333333,262.75,274.2916666666667,324.0416666666667
300.9583333333333,280.25,302.8333333333333,294.2916666666667,301.9166666666667,307.75,316.8333333333333,302.3333333333333,219.625,274.5416666666667,276.5833333333333,275.2083333333333,276.75,300.7916666666667,289.0416666666667,289.4583333333333,292.1666666666667,296.9166666666667,306.7083333333333,267.625,300.7916666666667,308.5833333333333,300.9583333333333,275.1666666666667,285.3333333333333,276.2083333333333,274.0833333333333,309.875,269.875,296.4166666666667,274.875,295.0833333333333,317.5
327.5833333333333,316.75,335.625,331.375,338.75,322.625,341.4166666666667,316.25,220.04166666666663,319.5833333333333,328.5,329.4166666666667,272.0833333333333,317.7916666666667,323.125,325.6666666666667,334.375,326.4583333333333,344.2916666666667,304.875,317.7916666666667,320.5416666666667,341.0416666666667,313.1666666666667,308.875,324.6666666666667,325.25,330.8333333333333,327.7083333333333,291.3333333333333,320.25,331.4166666666667,334.5
302.5416666666667,302.875,329.125,314.5416666666667,332.2916666666667,341.2916666666667,338.9583333333333,335.3333333333333,225.08333333333331,306.9166666666667,316.5833333333333,313.6666666666667,280.9583333333333,337.3333333333333,320.0,318.625,317.5416666666667,320.2916666666667,331.0833333333333,280.375,337.3333333333333,336.9166666666667,331.5,280.6666666666667,291.1666666666667,297.4583333333333,313.4166666666667,340.5416666666667,313.625,295.5833333333333,312.0,312.7083333333333,337.625
307.2916666666667,300.3333333333333,328.1666666666667,296.9166666666667,326.4583333333333,335.375,331.8333333333333,336.9583333333333,257.25,292.1666666666667,287.5,299.6666666666667,297.5833333333333,340.1666666666667,297.625,310.0833333333333,293.2916666666667,298.9583333333333,328.7916666666667,268.0833333333333,340.1666666666667,337.7083333333333,306.5833333333333,270.75,269.2916666666667,285.0,285.625,340.5,293.1666666666667,303.8333333333333,285.5,298.2916666666667,325.9166666666667
309.0,269.0416666666667,338.6666666666667,310.625,326.4583333333333,340.7916666666667,336.5,327.375,246.41666666666663,279.625,306.7083333333333,283.375,300.4166666666667,320.8333333333333,292.5416666666667,302.875,300.625,300.4583333333333,321.2916666666667,247.45833333333331,320.8333333333333,334.9166666666667,330.2083333333333,260.5833333333333,251.875,269.0,284.0,332.4583333333333,284.5416666666667,321.2083333333333,281.9583333333333,310.125,323.5
274.9583333333333,289.4166666666667,295.5,313.5833333333333,295.0416666666667,312.0833333333333,304.75,313.2083333333333,209.04166666666663,312.125,272.7916666666667,309.6666666666667,277.625,315.0416666666667,298.125,286.4166666666667,278.1666666666667,290.6666666666667,304.2083333333333,267.0416666666667,315.0416666666667,301.5,297.7083333333333,269.6666666666667,271.4583333333333,304.125,293.5,301.2083333333333,301.5,308.3333333333333,296.7916666666667,317.0416666666667,303.4166666666667
313.0,306.4166666666667,330.25,319.7083333333333,328.0833333333333,343.5,333.375,344.2916666666667,216.08333333333331,303.125,309.4583333333333,312.7916666666667,295.1666666666667,343.875,321.25,310.875,313.625,305.9166666666667,336.3333333333333,284.6666666666667,343.875,334.8333333333333,324.5416666666667,283.6666666666667,287.0,314.1666666666667,306.9166666666667,336.0833333333333,310.5416666666667,318.875,312.6666666666667,319.8333333333333,335.0416666666667
327.0833333333333,325.6666666666667,350.75,318.5,345.2083333333333,349.5416666666667,350.0416666666667,340.5833333333333,231.75,323.4166666666667,325.4583333333333,328.125,287.0833333333333,336.125,295.0416666666667,309.625,323.4583333333333,303.5833333333333,351.1666666666667,319.625,336.125,346.1666666666667,335.4583333333333,319.25,325.1666666666667,326.4166666666667,311.3333333333333,347.625,321.7916666666667,302.6666666666667,313.0833333333333,317.7083333333333,348.8333333333333
314.5416666666667,322.0,347.625,318.5833333333333,338.1666666666667,346.7083333333333,343.7916666666667,339.0416666666667,225.41666666666663,324.5,313.4583333333333,330.75,299.3333333333333,336.3333333333333,307.625,308.8333333333333,313.875,310.5,341.7916666666667,300.9166666666667,336.3333333333333,346.2916666666667,334.5416666666667,317.2083333333333,314.9583333333333,317.6666666666667,311.9583333333333,348.625,317.3333333333333,329.4583333333333,319.4583333333333,317.2916666666667,351.7916666666667
312.3333333333333,278.0833333333333,327.5833333333333,291.8333333333333,319.8333333333333,312.75,325.5833333333333,308.0416666666667,230.83333333333331,294.25,296.7083333333333,300.375,276.25,302.5833333333333,284.4166666666667,296.0833333333333,300.75,294.2916666666667,336.6666666666667,269.8333333333333,302.5833333333333,321.2083333333333,310.9583333333333,269.625,268.5,297.75,289.9583333333333,327.9583333333333,301.0416666666667,296.4166666666667,299.6666666666667,291.25,327.0416666666667
297.5833333333333,297.7083333333333,329.625,314.2083333333333,312.2916666666667,322.3333333333333,317.1666666666667,322.5,233.41666666666663,302.7083333333333,291.2083333333333,314.75,303.9166666666667,321.625,307.2916666666667,299.2083333333333,291.2083333333333,299.375,324.375,272.625,321.625,318.2916666666667,305.625,278.25,278.2083333333333,303.2083333333333,304.5833333333333,316.25,309.9583333333333,308.875,298.4166666666667,306.0416666666667,319.4166666666667
290.4166666666667,284.5,324.0833333333333,281.5416666666667,324.9166666666667,327.9166666666667,326.3333333333333,328.125,234.16666666666663,296.1666666666667,286.0,292.625,285.8333333333333,325.1666666666667,274.4166666666667,276.0833333333333,288.2083333333333,278.875,309.9166666666667,248.375,325.1666666666667,319.875,296.875,260.625,258.5416666666667,289.75,276.7916666666667,326.0416666666667,298.2916666666667,292.6666666666667,283.0,284.0833333333333,317.75
292.5416666666667,295.3333333333333,331.4583333333333,308.7083333333333,324.0833333333333,331.9166666666667,331.25,324.4166666666667,222.16666666666663,291.375,296.8333333333333,303.4166666666667,266.9583333333333,319.5,294.2916666666667,302.125,298.5833333333333,302.75,327.2083333333333,292.5833333333333,319.5,332.5416666666667,310.875,288.75,293.6666666666667,305.0416666666667,296.9583333333333,334.0,299.2916666666667,296.125,300.4166666666667,306.0833333333333,333.75
299.75,321.5833333333333,329.125,320.8333333333333,327.0416666666667,318.125,318.8333333333333,312.7083333333333,231.79166666666663,313.75,301.9166666666667,319.125,283.5,319.25,302.625,304.8333333333333,301.9583333333333,304.5416666666667,328.1666666666667,289.5833333333333,319.25,310.7916666666667,324.0416666666667,305.4166666666667,294.875,312.875,306.1666666666667,326.875,314.7916666666667,308.9583333333333,313.7916666666667,316.8333333333333,327.375
279.1666666666667,322.7916666666667,306.1666666666667,308.375,297.3333333333333,320.4166666666667,305.2083333333333,320.0416666666667,222.66666666666663,314.2083333333333,276.5416666666667,314.7083333333333,273.5416666666667,314.7916666666667,300.0,291.125,289.0833333333333,293.6666666666667,308.25,299.9583333333333,314.7916666666667,318.75,315.0833333333333,307.9166666666667,308.6666666666667,309.75,310.8333333333333,316.3333333333333,314.7083333333333,294.9583333333333,312.6666666666667,312.125,309.9166666666667
308.3333333333333,308.6666666666667,330.875,319.7916666666667,343.125,333.6666666666667,339.5,338.3333333333333,248.08333333333331,308.4583333333333,318.625,318.4583333333333,268.1666666666667,337.1666666666667,319.1666666666667,317.6666666666667,308.2083333333333,321.6666666666667,331.2916666666667,294.1666666666667,337.1666666666667,342.0416666666667,317.5833333333333,297.25,299.2916666666667,301.4166666666667,318.25,337.9166666666667,324.4583333333333,297.625,322.7916666666667,326.8333333333333,339.5416666666667
300.9583333333333,280.0833333333333,330.375,303.625,330.0416666666667,334.8333333333333,333.375,326.375,243.45833333333331,283.4166666666667,282.0833333333333,293.0,290.1666666666667,327.4583333333333,291.8333333333333,296.125,286.2916666666667,293.625,331.7916666666667,261.875,327.4583333333333,333.125,312.2083333333333,269.25,270.2083333333333,290.5,289.9166666666667,335.2916666666667,281.625,316.2083333333333,282.2083333333333,302.5833333333333,335.3333333333333
279.8333333333333,282.9583333333333,303.25,300.1666666666667,303.3333333333333,316.5833333333333,308.4166666666667,308.0,230.79166666666663,300.5833333333333,286.0833333333333,298.0833333333333,316.0,316.1666666666667,291.8333333333333,289.875,286.3333333333333,290.2916666666667,300.125,264.7083333333333,316.1666666666667,314.2916666666667,295.4166666666667,268.9583333333333,272.0833333333333,291.9583333333333,298.0833333333333,313.0416666666667,295.5,330.375,295.0416666666667,305.0,310.5833333333333
278.0833333333333,270.5833333333333,312.2083333333333,282.75,301.1666666666667,326.5416666666667,319.9166666666667,322.2916666666667,244.16666666666663,282.875,274.125,281.4166666666667,288.9583333333333,317.0833333333333,282.2916666666667,280.3333333333333,275.4583333333333,275.875,313.4583333333333,264.8333333333333,317.0833333333333,321.8333333333333,301.4583333333333,266.6666666666667,268.7083333333333,274.8333333333333,279.1666666666667,324.7916666666667,279.8333333333333,313.2916666666667,275.8333333333333,286.9583333333333,318.75
323.5833333333333,320.5,322.0,352.0833333333333,320.5,331.0,328.4583333333333,325.0416666666667,226.79166666666663,344.0416666666667,322.9583333333333,344.875,286.125,325.0833333333333,346.7916666666667,328.7916666666667,333.7916666666667,344.125,342.7916666666667,300.375,325.0833333333333,334.4166666666667,350.7083333333333,302.0,306.6666666666667,330.0,327.5416666666667,336.0833333333333,343.375,311.4166666666667,321.5833333333333,344.7916666666667,330.5833333333333
335.0,314.0416666666667,343.1666666666667,333.6666666666667,338.9166666666667,338.0416666666667,338.6666666666667,349.75,257.6666666666667,319.6666666666667,316.6666666666667,323.1666666666667,281.125,344.125,322.125,321.4166666666667,328.8333333333333,333.9583333333333,341.125,301.25,344.125,336.1666666666667,342.75,300.0833333333333,307.5833333333333,319.7916666666667,318.9583333333333,337.3333333333333,320.7916666666667,306.0416666666667,314.375,337.8333333333333,340.5
306.875,305.75,338.0,340.625,337.7916666666667,345.0,339.625,340.2083333333333,231.04166666666663,314.9166666666667,327.5416666666667,324.0833333333333,293.2083333333333,338.7083333333333,338.4583333333333,335.0,327.7916666666667,336.6666666666667,329.375,277.6666666666667,338.7083333333333,340.25,350.0833333333333,285.6666666666667,282.25,320.5833333333333,329.6666666666667,343.8333333333333,326.0,315.7916666666667,328.75,341.9583333333333,340.75
333.7083333333333,317.2916666666667,356.875,332.2916666666667,351.9166666666667,363.3333333333333,361.0833333333333,360.6666666666667,243.25,314.75,321.5,319.7083333333333,307.2916666666667,356.875,332.4166666666667,322.4583333333333,326.75,328.0,357.8333333333333,317.2083333333333,356.875,355.8333333333333,354.125,312.2916666666667,311.8333333333333,319.3333333333333,324.5,354.625,322.375,326.4166666666667,323.75,332.4583333333333,353.5
366.0416666666667,377.1666666666667,388.0833333333333,384.5416666666667,383.0416666666667,393.6666666666667,391.75,386.6666666666667,266.4166666666667,366.25,356.7083333333333,369.75,305.4583333333333,383.4583333333333,382.2916666666667,366.8333333333333,367.0416666666667,367.75,390.25,348.75,383.4583333333333,386.3333333333333,380.7083333333333,353.0416666666667,357.5833333333333,374.0,379.0416666666667,385.5416666666667,382.0,328.75,376.0833333333333,383.5833333333333,388.3333333333333
373.9583333333333,367.4583333333333,406.9583333333333,394.7916666666667,397.1666666666667,394.0416666666667,404.5,389.7083333333333,251.5,376.4166666666667,364.5,388.0416666666667,309.4583333333333,389.2083333333333,383.8333333333333,373.8333333333333,371.3333333333333,377.25,400.0,334.9166666666667,389.2083333333333,387.9166666666667,386.5416666666667,350.875,345.1666666666667,382.25,380.25,397.7916666666667,377.9583333333333,336.8333333333333,377.4166666666667,395.9166666666667,393.375
346.9583333333333,335.8333333333333,395.1666666666667,336.4583333333333,388.75,392.0833333333333,397.5,392.3333333333333,250.83333333333331,349.4583333333333,337.2916666666667,359.9166666666667,321.625,387.25,329.0833333333333,337.4583333333333,346.5833333333333,329.0,379.2916666666667,313.625,387.25,388.9583333333333,372.875,328.0833333333333,325.2083333333333,337.375,337.125,389.2916666666667,350.875,344.7083333333333,341.625,333.625,388.875
355.0833333333333,329.3333333333333,374.3333333333333,339.75,371.8333333333333,372.2083333333333,381.875,373.7916666666667,292.2916666666667,340.1666666666667,336.2083333333333,346.3333333333333,337.7083333333333,368.75,330.0,338.3333333333333,340.0833333333333,335.4166666666667,372.0833333333333,313.0416666666667,368.75,376.0833333333333,361.125,323.0416666666667,329.4583333333333,338.5833333333333,338.75,379.0,343.25,363.75,339.625,339.5,381.3333333333333
356.25,334.5833333333333,367.7083333333333,345.8333333333333,365.2083333333333,363.5833333333333,368.25,360.75,279.3333333333333,339.3333333333333,330.7083333333333,348.875,357.9166666666667,356.7083333333333,337.5833333333333,348.0833333333333,342.75,339.5833333333333,369.1666666666667,325.5833333333333,356.7083333333333,363.25,356.7083333333333,323.875,321.5,350.7916666666667,338.5833333333333,372.75,344.875,384.0,342.625,346.7083333333333,367.2083333333333
332.2916666666667,323.0833333333333,351.0,346.625,347.0416666666667,358.9166666666667,356.0833333333333,353.9583333333333,270.9166666666667,343.0416666666667,325.4583333333333,345.2083333333333,354.5416666666667,349.125,344.125,332.5416666666667,330.625,337.0,351.625,296.3333333333333,349.125,352.5416666666667,341.0,307.5416666666667,298.75,342.125,344.4166666666667,354.4583333333333,342.4166666666667,362.0,341.0,347.8333333333333,352.9166666666667
360.5833333333333,342.875,381.2916666666667,367.875,375.875,378.0,381.0833333333333,372.7083333333333,285.75,350.8333333333333,349.6666666666667,354.7916666666667,359.2083333333333,372.8333333333333,366.5416666666667,361.9166666666667,354.375,365.3333333333333,381.6666666666667,329.6666666666667,372.8333333333333,377.9166666666667,372.8333333333333,332.8333333333333,334.9583333333333,347.125,359.2916666666667,379.9583333333333,353.75,372.875,362.2916666666667,369.25,381.125
340.5416666666667,294.125,359.0416666666667,332.4583333333333,353.125,349.3333333333333,359.625,345.2916666666667,281.0833333333333,318.5,325.4583333333333,312.7916666666667,346.5833333333333,339.875,333.2083333333333,333.1666666666667,325.375,332.7916666666667,357.25,275.5416666666667,339.875,345.2083333333333,354.3333333333333,278.75,282.4166666666667,300.9583333333333,321.6666666666667,348.0833333333333,319.7083333333333,339.5416666666667,318.8333333333333,332.7083333333333,357.5416666666667
349.125,335.9583333333333,361.4166666666667,359.9583333333333,360.625,370.5416666666667,361.9583333333333,362.6666666666667,288.1666666666667,332.625,343.1666666666667,344.5833333333333,364.25,369.4166666666667,355.0,357.75,350.7083333333333,356.4166666666667,369.5833333333333,315.2916666666667,369.4166666666667,363.625,364.9583333333333,319.8333333333333,325.8333333333333,343.5,346.0833333333333,369.25,350.125,361.9166666666667,354.4166666666667,360.9166666666667,354.5416666666667
343.7083333333333,351.1666666666667,366.7916666666667,359.0,361.9166666666667,369.625,376.0833333333333,358.8333333333333,266.25,344.1666666666667,347.6666666666667,345.7083333333333,326.9583333333333,367.5833333333333,371.125,363.3333333333333,351.8333333333333,366.2083333333333,363.5833333333333,345.7083333333333,367.5833333333333,369.5416666666667,361.5,349.9583333333333,348.375,347.4583333333333,357.6666666666667,364.625,357.6666666666667,348.0,364.5,361.25,367.4583333333333
368.25,378.25,382.875,387.2916666666667,379.0,387.3333333333333,389.4166666666667,380.2916666666667,275.0,370.4166666666667,369.9583333333333,376.2083333333333,328.4166666666667,381.625,386.1666666666667,387.6666666666667,376.8333333333333,385.3333333333333,392.3333333333333,361.3333333333333,381.625,382.125,382.25,369.5416666666667,365.625,376.2916666666667,387.0833333333333,384.9166666666667,387.125,359.5,381.2916666666667,393.5416666666667,389.5416666666667
357.875,354.625,379.7916666666667,367.25,378.75,385.8333333333333,378.875,379.2083333333333,302.7916666666667,367.5,343.5833333333333,363.1666666666667,355.5416666666667,382.7083333333333,352.0,344.625,350.8333333333333,352.25,385.9583333333333,340.0,382.7083333333333,383.375,360.1666666666667,345.375,348.375,352.3333333333333,358.8333333333333,383.4166666666667,365.125,387.875,364.1666666666667,362.3333333333333,381.5833333333333
345.2083333333333,338.5416666666667,361.9583333333333,352.2916666666667,356.2083333333333,361.9166666666667,363.1666666666667,361.2916666666667,276.7083333333333,350.0416666666667,335.0,351.625,331.2083333333333,360.7916666666667,351.625,343.625,338.2916666666667,346.9583333333333,364.0833333333333,318.1666666666667,360.7916666666667,361.4166666666667,356.2916666666667,329.1666666666667,317.875,344.2083333333333,346.75,364.4583333333333,350.125,375.0416666666667,349.2083333333333,355.1666666666667,367.9583333333333
350.2083333333333,352.2916666666667,361.0416666666667,375.1666666666667,360.625,361.7916666666667,368.4166666666667,359.7083333333333,248.29166666666663,352.7916666666667,343.1666666666667,363.5,328.7916666666667,358.375,360.125,354.3333333333333,351.5,361.75,365.8333333333333,346.5833333333333,358.375,359.9583333333333,361.0,344.8333333333333,353.625,358.375,363.5416666666667,364.125,359.2916666666667,352.875,362.4583333333333,377.3333333333333,361.8333333333333
388.6666666666667,383.5833333333333,405.5416666666667,401.9583333333333,403.2083333333333,405.0833333333333,409.9166666666667,404.0,295.2083333333333,391.5833333333333,377.2916666666667,397.2083333333333,346.0833333333333,395.2083333333333,397.4166666666667,390.9583333333333,389.9166666666667,392.0,406.2916666666667,371.6666666666667,395.2083333333333,402.75,397.5833333333333,377.25,380.1666666666667,392.8333333333333,404.9166666666667,411.5416666666667,390.875,373.0833333333333,400.1666666666667,403.8333333333333,407.7083333333333
380.8333333333333,395.25,388.9166666666667,413.1666666666667,390.125,398.7916666666667,397.2916666666667,395.9583333333333,296.2083333333333,400.2083333333333,384.0833333333333,411.0833333333333,321.8333333333333,382.7916666666667,407.4166666666667,403.2916666666667,386.625,413.5833333333333,405.1666666666667,376.2083333333333,382.7916666666667,398.0416666666667,403.9166666666667,382.1666666666667,379.6666666666667,413.3333333333333,407.5,400.875,409.9166666666667,359.7083333333333,403.7083333333333,411.8333333333333,395.25
373.375,363.5833333333333,389.3333333333333,380.25,379.625,379.875,388.0,377.1666666666667,260.2916666666667,367.7916666666667,369.4583333333333,374.9583333333333,344.6666666666667,369.75,359.5,375.7083333333333,369.5,363.3333333333333,393.5,338.375,369.75,381.25,375.4583333333333,339.9166666666667,340.2916666666667,363.4583333333333,371.8333333333333,388.4583333333333,372.625,374.7916666666667,374.25,376.75,386.7916666666667
333.9166666666667,352.5833333333333,347.0416666666667,357.4583333333333,344.2083333333333,356.375,355.4166666666667,349.7916666666667,250.75,357.875,339.2916666666667,358.5833333333333,339.6666666666667,342.7916666666667,351.2916666666667,349.1666666666667,346.875,347.5,356.0833333333333,336.2916666666667,342.7916666666667,345.4166666666667,352.7083333333333,338.9166666666667,336.5,356.625,355.0833333333333,348.25,352.0416666666667,360.5,349.9166666666667,356.125,351.9583333333333
362.0833333333333,362.6666666666667,378.4166666666667,376.8333333333333,381.375,396.0833333333333,384.375,392.7083333333333,276.2916666666667,360.875,348.3333333333333,360.7083333333333,337.6666666666667,381.5833333333333,375.4583333333333,371.6666666666667,355.1666666666667,376.125,382.1666666666667,360.125,381.5833333333333,388.9583333333333,372.9166666666667,361.375,363.0,361.75,373.0833333333333,388.125,366.9583333333333,372.2916666666667,370.3333333333333,376.9166666666667,383.9166666666667
386.6666666666667,393.0833333333333,406.4583333333333,405.75,401.9583333333333,405.7916666666667,407.2916666666667,396.4166666666667,286.8333333333333,404.2083333333333,388.3333333333333,407.9583333333333,363.2916666666667,399.9583333333333,390.2916666666667,388.2083333333333,394.9583333333333,393.0416666666667,403.375,347.0833333333333,399.9583333333333,401.0833333333333,403.5833333333333,357.625,352.5,402.9583333333333,395.7083333333333,402.5,394.5416666666667,385.7916666666667,393.5,406.0416666666667,405.2916666666667
390.0416666666667,389.875,400.7916666666667,390.4166666666667,398.5,400.7916666666667,399.875,401.6666666666667,294.0833333333333,390.8333333333333,380.9583333333333,401.25,383.6666666666667,395.875,374.75,394.375,381.2083333333333,382.375,406.4166666666667,373.875,395.875,394.75,406.75,383.8333333333333,381.0833333333333,395.5,388.5833333333333,399.0,393.3333333333333,395.4166666666667,393.25,389.375,397.9583333333333
373.375,367.5,387.2083333333333,387.7083333333333,386.875,385.6666666666667,393.0,379.25,293.875,371.5833333333333,370.9166666666667,373.0833333333333,377.5416666666667,376.125,376.25,372.1666666666667,372.2916666666667,375.7083333333333,388.75,350.6666666666667,376.125,384.75,380.125,355.0,361.0416666666667,360.375,371.0833333333333,388.25,383.0833333333333,394.3333333333333,370.8333333333333,389.9166666666667,387.75
357.8333333333333,366.4583333333333,382.4583333333333,378.7083333333333,376.625,375.3333333333333,381.4166666666667,377.0,312.4583333333333,372.6666666666667,362.5416666666667,376.5,372.0833333333333,374.5416666666667,374.7916666666667,370.4583333333333,366.3333333333333,379.125,391.625,354.375,374.5416666666667,374.3333333333333,376.5833333333333,358.5833333333333,358.7083333333333,371.25,371.0833333333333,373.125,371.9583333333333,391.2083333333333,369.0416666666667,379.0416666666667,378.6666666666667
376.5416666666667,386.5833333333333,398.1666666666667,392.25,396.5416666666667,398.9583333333333,395.3333333333333,394.0416666666667,319.8333333333333,388.8333333333333,369.4583333333333,389.4166666666667,378.0,388.625,381.0,383.75,383.2083333333333,385.0833333333333,405.0,381.7916666666667,388.625,390.125,396.375,380.0416666666667,378.75,388.25,396.5833333333333,393.5416666666667,387.4583333333333,391.4583333333333,394.375,395.0833333333333,390.4583333333333
382.75,393.0833333333333,411.8333333333333,399.4166666666667,398.0,399.375,402.3333333333333,396.625,313.5833333333333,392.2083333333333,390.375,391.0416666666667,371.75,401.1666666666667,398.5416666666667,381.9166666666667,396.4583333333333,388.7916666666667,401.125,380.6666666666667,401.1666666666667,400.5416666666667,410.6666666666667,390.9583333333333,378.4166666666667,397.5,401.8333333333333,403.3333333333333,399.2083333333333,398.5416666666667,396.75,398.5416666666667,400.625
401.5833333333333,404.25,412.2083333333333,416.6666666666667,412.0833333333333,413.8333333333333,418.75,405.0,308.75,403.2916666666667,394.25,412.2083333333333,377.75,402.5416666666667,403.7083333333333,404.9583333333333,393.6666666666667,403.7083333333333,415.625,385.75,402.5416666666667,410.25,407.875,394.1666666666667,397.9583333333333,402.625,407.6666666666667,416.9583333333333,410.7083333333333,407.3333333333333,416.0,413.875,419.875
402.0416666666667,420.2916666666667,407.0416666666667,408.7083333333333,404.4166666666667,409.875,413.8333333333333,406.5,328.625,410.7916666666667,396.75,419.2916666666667,376.4583333333333,403.2916666666667,422.5833333333333,408.875,399.3333333333333,418.625,419.875,409.3333333333333,403.2916666666667,411.4166666666667,399.4166666666667,401.9166666666667,402.7083333333333,423.375,425.3333333333333,411.5833333333333,428.25,394.7916666666667,419.0416666666667,412.7916666666667,405.1666666666667
408.2916666666667,418.1666666666667,424.9166666666667,427.7083333333333,420.3333333333333,421.6666666666667,426.4583333333333,416.2083333333333,319.6666666666667,422.0833333333333,409.4583333333333,429.8333333333333,385.2916666666667,420.4166666666667,440.0416666666667,423.125,416.375,426.0833333333333,427.9583333333333,396.9583333333333,420.4166666666667,422.6666666666667,427.7083333333333,414.1666666666667,404.75,429.7083333333333,430.2916666666667,425.3333333333333,428.9583333333333,405.0416666666667,424.5,428.6666666666667,427.25
409.5416666666667,427.5833333333333,418.875,434.875,417.625,422.6666666666667,420.375,425.4166666666667,329.7916666666667,435.0416666666667,420.9583333333333,436.5,386.9166666666667,425.9583333333333,438.5,431.5416666666667,425.375,431.2083333333333,429.0416666666667,414.4166666666667,425.9583333333333,419.4166666666667,424.625,414.625,424.5833333333333,437.375,440.25,419.4166666666667,441.9583333333333,410.75,432.7916666666667,436.25,423.9166666666667
405.9166666666667,407.9583333333333,423.75,427.625,423.2083333333333,425.4166666666667,430.5416666666667,417.2083333333333,332.9166666666667,414.625,395.75,417.0,382.9166666666667,416.25,430.2083333333333,412.4583333333333,404.1666666666667,415.2916666666667,428.25,385.5833333333333,416.25,424.7083333333333,424.625,389.75,389.875,415.5833333333333,425.4166666666667,420.8333333333333,423.75,408.9166666666667,422.75,429.5,427.5416666666667
400.9166666666667,405.3333333333333,420.1666666666667,438.375,419.125,420.4583333333333,430.25,417.4583333333333,335.3333333333333,415.5833333333333,409.8333333333333,418.25,395.3333333333333,418.9583333333333,432.9583333333333,417.3333333333333,413.6666666666667,429.125,423.375,393.9583333333333,418.9583333333333,421.625,421.5416666666667,397.2916666666667,393.625,413.875,431.875,422.375,416.8333333333333,402.8333333333333,426.6666666666667,438.0833333333333,426.3333333333333
399.1666666666667,405.7083333333333,418.9583333333333,413.0833333333333,415.5,423.0,419.875,419.625,334.1666666666667,409.2916666666667,397.4583333333333,416.0,388.5416666666667,416.6666666666667,409.2083333333333,406.4583333333333,397.9166666666667,405.1666666666667,420.0416666666667,401.7083333333333,416.6666666666667,420.25,414.3333333333333,399.9166666666667,404.0416666666667,406.5,416.3333333333333,415.6666666666667,405.3333333333333,402.4166666666667,413.2916666666667,417.0,420.4583333333333
402.375,422.6666666666667,431.5833333333333,434.1666666666667,430.5,429.5416666666667,426.2916666666667,424.0416666666667,327.7083333333333,416.625,398.4583333333333,424.4166666666667,386.4166666666667,414.2083333333333,425.75,419.125,403.0833333333333,422.5,436.9166666666667,417.75,414.2083333333333,425.2083333333333,421.5,415.1666666666667,419.125,421.0833333333333,423.0833333333333,421.9583333333333,422.6666666666667,401.7083333333333,421.375,434.2916666666667,427.7083333333333
423.8333333333333,438.1666666666667,442.25,439.9583333333333,431.3333333333333,441.0833333333333,432.5833333333333,437.625,319.375,431.9583333333333,414.9166666666667,436.1666666666667,376.0833333333333,435.5833333333333,434.1666666666667,429.75,425.3333333333333,432.7083333333333,437.4166666666667,422.7083333333333,435.5833333333333,430.5,428.2083333333333,435.0,423.7916666666667,429.7083333333333,436.25,428.875,429.7083333333333,413.5416666666667,432.6666666666667,439.9583333333333,436.9166666666667
426.9583333333333,447.3333333333333,454.8333333333333,446.0833333333333,453.25,450.7916666666667,452.5833333333333,447.5833333333333,325.875,430.125,434.7916666666667,435.0,397.4166666666667,445.8333333333333,444.25,437.875,437.0,437.3333333333333,452.8333333333333,441.875,445.8333333333333,443.4166666666667,442.625,446.9166666666667,441.4583333333333,444.625,453.875,445.7083333333333,449.6666666666667,420.5416666666667,451.875,447.25,441.3333333333333
428.8333333333333,444.375,447.5833333333333,453.5416666666667,442.9166666666667,444.4166666666667,447.7916666666667,441.5833333333333,340.0833333333333,445.375,433.2916666666667,448.875,396.4583333333333,436.1666666666667,448.375,444.375,434.7083333333333,445.0,450.0,441.5833333333333,436.1666666666667,436.0833333333333,449.4166666666667,445.0,451.875,448.0833333333333,457.5,441.75,450.6666666666667,417.125,452.5833333333333,450.2083333333333,438.25
419.5416666666667,449.5833333333333,429.7083333333333,441.8333333333333,427.625,431.625,441.25,433.625,327.875,439.7916666666667,412.3333333333333,451.7916666666667,392.6666666666667,424.875,441.25,430.5416666666667,419.3333333333333,435.7083333333333,440.625,456.7083333333333,424.875,426.7083333333333,431.5833333333333,448.3333333333333,452.0,447.0833333333333,443.2083333333333,430.8333333333333,449.5833333333333,418.2916666666667,444.5,441.7916666666667,430.75
414.625,433.2916666666667,440.4166666666667,439.3333333333333,431.9583333333333,426.4583333333333,433.9583333333333,429.5,323.625,432.5,427.2916666666667,438.4166666666667,394.7916666666667,426.9166666666667,446.7916666666667,438.5833333333333,429.3333333333333,440.9583333333333,441.4583333333333,434.5,426.9166666666667,423.2916666666667,433.3333333333333,434.625,430.8333333333333,443.0416666666667,445.8333333333333,424.9166666666667,435.5416666666667,410.125,440.9166666666667,440.3333333333333,423.1666666666667
422.3333333333333,451.375,439.125,449.75,434.25,438.9583333333333,441.5,433.5,312.8333333333333,446.125,416.5416666666667,452.625,370.2916666666667,430.5,441.0833333333333,433.5416666666667,418.625,433.7083333333333,437.4166666666667,440.875,430.5,437.0416666666667,423.1666666666667,446.25,442.8333333333333,451.3333333333333,452.7916666666667,425.2916666666667,445.5416666666667,405.4166666666667,448.9583333333333,449.4583333333333,436.9583333333333
412.5,448.75,439.75,441.25,441.7916666666667,446.0,448.0833333333333,442.9166666666667,309.5,436.75,418.0416666666667,445.6666666666667,368.0,430.6666666666667,440.0833333333333,432.5,425.25,437.5833333333333,443.125,448.375,430.6666666666667,439.5416666666667,430.75,454.2916666666667,462.7083333333333,446.125,447.9166666666667,438.4583333333333,440.5,398.4583333333333,447.3333333333333,440.2083333333333,441.0416666666667
423.9583333333333,460.6666666666667,451.2083333333333,451.7916666666667,448.7083333333333,452.9166666666667,452.0,453.5,332.3333333333333,450.5416666666667,435.0416666666667,453.0833333333333,377.625,449.6666666666667,449.5416666666667,442.7916666666667,439.4583333333333,448.7916666666667,457.7083333333333,461.125,449.6666666666667,450.2916666666667,450.8333333333333,457.75,455.5,460.1666666666667,456.7083333333333,454.0416666666667,456.375,423.1666666666667,455.1666666666667,452.4166666666667,453.0833333333333
430.7916666666667,464.0833333333333,464.375,454.5,458.9583333333333,463.4583333333333,463.7083333333333,459.8333333333333,348.7083333333333,453.4583333333333,441.5,455.0416666666667,382.5833333333333,455.0416666666667,454.4583333333333,454.0833333333333,444.75,455.125,467.625,466.8333333333333,455.0416666666667,459.375,455.4583333333333,470.5,467.3333333333333,458.375,455.625,463.875,459.375,413.3333333333333,457.625,453.375,462.75
438.375,469.0,463.875,459.0416666666667,458.4583333333333,456.0,464.7083333333333,452.125,325.875,454.5,434.1666666666667,458.7083333333333,392.6666666666667,447.6666666666667,457.375,447.375,442.25,455.625,469.125,445.25,447.6666666666667,460.0833333333333,450.4583333333333,453.0,451.125,459.2916666666667,464.0416666666667,461.2916666666667,458.125,420.0833333333333,458.5416666666667,461.0833333333333,462.375
419.875,443.9166666666667,431.7083333333333,450.4166666666667,430.5833333333333,437.0,436.6666666666667,436.2916666666667,307.7083333333333,445.2083333333333,423.5416666666667,456.1666666666667,388.4166666666667,431.0416666666667,447.2083333333333,439.0833333333333,438.75,442.1666666666667,433.9166666666667,444.875,431.0416666666667,421.2916666666667,443.375,439.625,445.625,448.8333333333333,447.7916666666667,436.375,452.1666666666667,424.7083333333333,449.7916666666667,451.6666666666667,430.875
424.8333333333333,443.9583333333333,425.0833333333333,445.9166666666667,426.625,430.0,438.0416666666667,423.6666666666667,312.0,456.0833333333333,416.7916666666667,454.7083333333333,390.0416666666667,421.2916666666667,440.75,435.0833333333333,427.4583333333333,434.9166666666667,438.2083333333333,438.375,421.2916666666667,431.0416666666667,445.4166666666667,441.4166666666667,444.0416666666667,451.7083333333333,447.6666666666667,433.375,449.7083333333333,406.75,444.0833333333333,441.9583333333333,431.6666666666667
430.2083333333333,433.2916666666667,447.25,454.875,440.625,439.9583333333333,443.9583333333333,440.7916666666667,308.875,447.7916666666667,423.2916666666667,455.2916666666667,388.2083333333333,433.3333333333333,441.2916666666667,438.0,425.9583333333333,444.625,456.375,430.2083333333333,433.3333333333333,435.8333333333333,438.0833333333333,432.625,433.4166666666667,442.875,444.5,437.875,442.5,405.875,445.125,454.3333333333333,441.7916666666667
414.875,446.8333333333333,445.625,451.6666666666667,435.4166666666667,439.75,435.375,435.125,315.2916666666667,440.5416666666667,414.2083333333333,450.2083333333333,368.0,427.5,433.5416666666667,421.7916666666667,424.25,430.2083333333333,440.3333333333333,436.2083333333333,427.5,437.0833333333333,427.1666666666667,435.0,437.7916666666667,438.7916666666667,444.5833333333333,438.5,448.7916666666667,399.7916666666667,445.25,457.25,440.9583333333333
410.4166666666667,454.1666666666667,445.75,438.7083333333333,439.75,452.875,445.6666666666667,443.25,330.9583333333333,437.9166666666667,420.125,442.6666666666667,386.2916666666667,434.9583333333333,437.375,431.7083333333333,427.5416666666667,432.4166666666667,446.2083333333333,435.7916666666667,434.9583333333333,442.25,434.9583333333333,438.0,437.2916666666667,440.2916666666667,435.5416666666667,447.5416666666667,436.0416666666667,413.1666666666667,435.75,440.6666666666667,446.9583333333333
425.2083333333333,461.5,451.5,455.9583333333333,446.5833333333333,448.625,452.8333333333333,440.875,335.625,444.2916666666667,426.7083333333333,450.125,386.2916666666667,431.5833333333333,453.9166666666667,440.3333333333333,434.1666666666667,445.75,461.1666666666667,457.0416666666667,431.5833333333333,447.4166666666667,444.0416666666667,461.2083333333333,454.75,449.0833333333333,461.1666666666667,442.8333333333333,449.0416666666667,409.4166666666667,459.375,458.9583333333333,452.5
431.5416666666667,453.8333333333333,447.2916666666667,448.0416666666667,444.0,441.5,440.7916666666667,439.5833333333333,340.3333333333333,440.625,430.9166666666667,444.5416666666667,370.875,431.7916666666667,447.5,445.2083333333333,438.2083333333333,446.5,449.9166666666667,456.9583333333333,431.7916666666667,436.2916666666667,450.6666666666667,453.125,457.1666666666667,449.25,452.625,437.75,450.875,406.25,452.1666666666667,448.25,437.875
426.7083333333333,462.25,452.875,450.125,446.5833333333333,455.3333333333333,452.5416666666667,453.2083333333333,332.3333333333333,443.2916666666667,435.9583333333333,446.625,374.25,443.875,450.2916666666667,447.375,443.1666666666667,449.25,457.8333333333333,457.9166666666667,443.875,445.6666666666667,451.9166666666667,458.9583333333333,461.9583333333333,454.1666666666667,457.8333333333333,448.2083333333333,459.5,397.375,459.75,450.9166666666667,446.5833333333333
425.9583333333333,459.9166666666667,458.125,448.7916666666667,447.8333333333333,453.3333333333333,454.125,449.9166666666667,347.2916666666667,446.2083333333333,435.5,449.0,376.9583333333333,444.2083333333333,449.0833333333333,447.3333333333333,441.75,450.0416666666667,459.2083333333333,467.4583333333333,444.2083333333333,449.3333333333333,451.2083333333333,458.625,465.25,454.5,452.125,452.0,457.9166666666667,407.75,455.4583333333333,448.3333333333333,450.3333333333333
436.75,468.7916666666667,460.8333333333333,459.0833333333333,457.4583333333333,462.9166666666667,461.9583333333333,456.6666666666667,338.5416666666667,454.375,438.75,461.0833333333333,383.4583333333333,449.1666666666667,457.2083333333333,454.9166666666667,442.0833333333333,460.1666666666667,463.4166666666667,461.0,449.1666666666667,458.4166666666667,454.9166666666667,454.9166666666667,464.5833333333333,457.5833333333333,457.25,459.4583333333333,459.8333333333333,412.125,463.1666666666667,458.8333333333333,458.8333333333333
434.4583333333333,461.9166666666667,465.4166666666667,463.9583333333333,456.125,464.7083333333333,461.5416666666667,455.5833333333333,347.8333333333333,454.9583333333333,435.2916666666667,459.7916666666667,395.7083333333333,449.0833333333333,458.8333333333333,456.5416666666667,445.0833333333333,451.0416666666667,466.4583333333333,452.75,449.0833333333333,460.25,464.3333333333333,463.0,453.4166666666667,457.0416666666667,463.0,462.625,460.3333333333333,411.125,462.4166666666667,464.9583333333333,460.125
431.0833333333333,462.7083333333333,461.3333333333333,454.4166666666667,455.875,463.0833333333333,459.8333333333333,455.3333333333333,324.5416666666667,448.9166666666667,441.625,452.4583333333333,374.375,452.375,456.9166666666667,451.625,446.7083333333333,457.4166666666667,465.7083333333333,445.75,452.375,455.9166666666667,460.875,453.7083333333333,449.7083333333333,458.5833333333333,461.5,458.0416666666667,461.0,409.4583333333333,462.75,453.4166666666667,457.375
438.9583333333333,437.75,471.0,444.0416666666667,461.4583333333333,462.9166666666667,471.625,456.5833333333333,323.3333333333333,439.0833333333333,431.3333333333333,450.2083333333333,381.7083333333333,456.5416666666667,428.4166666666667,433.7083333333333,440.9583333333333,428.5,472.6666666666667,435.8333333333333,456.5416666666667,462.7083333333333,464.7916666666667,434.8333333333333,425.8333333333333,442.375,441.4166666666667,468.0833333333333,444.1666666666667,408.7916666666667,441.5833333333333,441.4166666666667,465.3333333333333
436.25,437.3333333333333,463.2083333333333,434.0,458.7083333333333,445.375,460.2916666666667,441.5833333333333,350.0416666666667,431.2916666666667,429.7083333333333,441.4166666666667,385.9166666666667,444.1666666666667,419.0416666666667,427.125,433.7083333333333,427.5833333333333,476.0,429.4166666666667,444.1666666666667,451.875,459.6666666666667,417.7083333333333,428.4583333333333,439.4166666666667,435.6666666666667,454.9166666666667,446.5416666666667,413.875,438.4583333333333,431.125,462.4583333333333
421.1666666666667,420.7916666666667,417.625,417.2083333333333,411.0,415.0416666666667,416.2083333333333,412.5,346.875,423.7083333333333,413.5,428.5,387.7083333333333,412.875,411.1666666666667,411.5,413.625,413.5833333333333,434.125,419.7083333333333,412.875,416.25,429.8333333333333,416.8333333333333,423.9583333333333,416.875,403.8333333333333,419.2083333333333,415.6666666666667,413.125,411.2083333333333,415.7083333333333,417.0416666666667
399.8333333333333,413.8333333333333,416.625,403.0416666666667,410.9166666666667,412.625,416.2083333333333,411.6666666666667,339.5,408.9583333333333,396.9583333333333,413.75,382.5833333333333,413.1666666666667,404.25,408.9583333333333,403.125,417.375,414.875,403.25,413.1666666666667,413.2916666666667,409.625,405.3333333333333,410.25,409.7083333333333,401.2916666666667,416.6666666666667,400.4166666666667,396.2083333333333,403.7916666666667,403.5416666666667,414.9166666666667
381.125,410.25,398.1666666666667,414.125,399.0833333333333,414.2916666666667,401.125,405.75,327.7083333333333,388.5416666666667,377.25,390.375,376.9583333333333,402.5833333333333,400.7083333333333,391.2083333333333,386.25,391.75,405.2083333333333,400.4166666666667,402.5833333333333,396.75,404.0416666666667,406.5833333333333,412.0,395.8333333333333,407.6666666666667,394.0416666666667,404.6666666666667,399.8333333333333,404.1666666666667,415.0833333333333,410.625
406.2916666666667,422.5416666666667,421.4166666666667,427.25,416.5833333333333,420.5416666666667,419.9583333333333,412.0416666666667,302.9166666666667,421.5,417.5416666666667,423.0833333333333,370.125,412.375,427.5833333333333,426.4583333333333,422.9166666666667,416.9583333333333,427.5416666666667,406.125,412.375,417.1666666666667,425.2083333333333,403.7083333333333,402.5416666666667,420.4166666666667,420.2083333333333,417.5833333333333,415.5416666666667,399.5833333333333,416.6666666666667,430.5,417.125
397.5,399.4583333333333,413.9166666666667,411.0,405.7916666666667,417.5416666666667,412.9166666666667,414.1666666666667,300.9166666666667,396.0416666666667,393.75,400.0416666666667,362.5,414.875,411.25,398.8333333333333,401.5,407.2083333333333,423.25,388.75,414.875,414.4166666666667,412.5,393.1666666666667,392.25,400.1666666666667,402.8333333333333,414.4166666666667,402.4583333333333,398.125,401.75,411.4583333333333,410.875
408.25,419.5416666666667,428.875,398.8333333333333,427.7916666666667,425.9583333333333,431.2916666666667,421.8333333333333,316.6666666666667,400.7083333333333,396.2916666666667,409.7083333333333,369.1666666666667,421.1666666666667,407.7916666666667,402.0,398.0,406.375,437.875,422.4583333333333,421.1666666666667,425.0,420.6666666666667,415.5416666666667,421.3333333333333,416.75,406.125,428.875,402.6666666666667,402.25,403.375,399.9166666666667,421.9583333333333
424.6666666666667,400.5416666666667,431.9166666666667,409.9166666666667,428.75,429.1666666666667,435.25,421.625,331.0416666666667,400.1666666666667,418.7083333333333,403.875,380.1666666666667,421.5833333333333,422.9166666666667,427.5,425.6666666666667,425.6666666666667,439.25,403.0,421.5833333333333,429.8333333333333,435.75,399.1666666666667,410.1666666666667,408.3333333333333,404.3333333333333,437.5416666666667,399.375,398.5416666666667,401.375,418.5833333333333,422.875
409.375,381.5833333333333,420.4583333333333,398.4583333333333,416.8333333333333,416.125,426.0833333333333,415.7916666666667,322.8333333333333,390.6666666666667,396.7916666666667,396.625,380.3333333333333,415.7083333333333,398.8333333333333,406.9166666666667,401.0,409.0416666666667,421.5416666666667,367.7083333333333,415.7083333333333,419.125,406.3333333333333,368.8333333333333,372.3333333333333,373.3333333333333,405.6666666666667,422.2916666666667,396.8333333333333,403.0416666666667,406.9583333333333,398.0,423.6666666666667
379.875,381.4583333333333,403.7916666666667,395.125,399.0416666666667,402.375,405.375,390.4166666666667,335.125,394.2916666666667,388.2916666666667,395.0833333333333,386.125,391.1666666666667,403.7916666666667,395.3333333333333,389.3333333333333,403.2916666666667,406.0416666666667,362.75,391.1666666666667,399.7083333333333,399.75,368.0416666666667,367.6666666666667,389.3333333333333,391.0833333333333,404.5,399.8333333333333,396.0833333333333,387.1666666666667,392.0,407.6666666666667
384.6666666666667,392.9583333333333,402.75,394.5416666666667,395.3333333333333,404.0,399.5833333333333,394.7916666666667,318.125,389.0416666666667,384.0416666666667,397.875,360.375,391.7083333333333,382.0416666666667,397.0,384.625,392.0416666666667,394.5,383.125,391.7083333333333,400.3333333333333,394.625,381.0416666666667,383.4583333333333,395.3333333333333,383.7083333333333,403.9166666666667,391.3333333333333,394.0,381.2916666666667,389.9166666666667,404.125
381.0416666666667,408.2083333333333,391.2916666666667,406.2083333333333,386.375,393.125,393.7083333333333,397.5833333333333,307.1666666666667,406.75,388.5,411.2916666666667,362.4166666666667,393.1666666666667,405.8333333333333,395.9583333333333,394.5833333333333,395.4166666666667,400.5833333333333,387.6666666666667,393.1666666666667,388.9583333333333,396.9166666666667,392.0,394.5,406.0416666666667,402.375,387.125,408.9583333333333,395.375,401.75,406.3333333333333,391.0
410.375,431.0,421.3333333333333,433.9166666666667,415.2916666666667,411.5,425.7083333333333,410.4583333333333,286.3333333333333,427.0,415.25,432.4583333333333,372.1666666666667,407.7916666666667,428.5416666666667,424.9583333333333,426.0,424.125,431.875,430.875,407.7916666666667,410.9166666666667,432.375,425.125,431.0416666666667,434.9583333333333,430.7916666666667,419.0416666666667,434.3333333333333,403.2916666666667,431.2083333333333,433.4583333333333,414.875
386.2916666666667,378.5,398.2916666666667,370.7916666666667,394.4583333333333,392.7916666666667,398.5,393.6666666666667,328.1666666666667,372.0,366.5833333333333,387.5,367.625,391.9166666666667,358.9166666666667,368.5833333333333,378.6666666666667,362.5,408.5416666666667,367.5,391.9166666666667,390.5,399.5416666666667,368.7916666666667,377.0416666666667,371.0416666666667,368.75,400.5416666666667,378.0833333333333,397.4583333333333,369.6666666666667,366.3333333333333,397.3333333333333
365.2916666666667,355.3333333333333,384.4583333333333,370.375,381.0,386.2916666666667,388.9583333333333,380.7916666666667,323.625,368.75,354.0833333333333,375.9583333333333,359.4583333333333,381.375,361.2916666666667,360.75,365.3333333333333,365.7916666666667,385.0,346.0416666666667,381.375,383.4166666666667,378.4583333333333,353.375,352.875,368.0833333333333,365.6666666666667,390.2916666666667,355.5416666666667,396.5833333333333,365.125,370.8333333333333,387.0
340.625,305.1666666666667,356.9583333333333,318.375,357.8333333333333,369.625,364.875,369.375,314.9166666666667,306.5,309.0416666666667,308.3333333333333,369.8333333333333,374.125,309.9166666666667,307.4583333333333,315.2083333333333,305.875,351.0,304.0416666666667,374.125,370.7083333333333,337.75,296.7916666666667,304.875,304.4583333333333,308.9166666666667,374.5833333333333,311.1666666666667,385.9166666666667,311.4583333333333,318.5833333333333,372.9166666666667
376.4166666666667,335.3333333333333,387.4166666666667,338.875,387.25,384.5,388.7916666666667,384.3333333333333,305.375,337.0833333333333,363.4166666666667,343.625,362.5416666666667,374.875,343.9583333333333,358.125,363.5833333333333,340.5,389.7916666666667,333.3333333333333,374.875,378.5833333333333,383.3333333333333,327.9583333333333,335.3333333333333,341.0833333333333,342.75,388.0,340.6666666666667,387.1666666666667,341.375,340.3333333333333,390.4166666666667
336.4583333333333,323.0833333333333,351.375,347.2083333333333,351.7083333333333,364.25,361.5833333333333,355.5416666666667,312.75,339.9166666666667,326.4583333333333,342.875,365.5,359.9166666666667,343.75,336.7916666666667,341.0416666666667,337.6666666666667,357.7083333333333,315.375,359.9166666666667,363.6666666666667,353.5416666666667,311.875,317.3333333333333,333.0,343.7083333333333,359.75,337.0,365.375,337.2916666666667,347.5833333333333,356.7083333333333
319.4583333333333,342.4166666666667,338.2916666666667,358.5416666666667,337.375,355.2916666666667,346.75,351.0416666666667,257.375,336.4583333333333,319.5833333333333,331.9166666666667,319.4166666666667,359.0416666666667,339.875,329.7916666666667,334.875,337.5,348.1666666666667,327.0833333333333,359.0416666666667,351.7083333333333,342.7083333333333,331.375,338.0,328.4166666666667,335.375,342.4166666666667,333.8333333333333,345.625,346.8333333333333,356.0,344.0833333333333
376.2083333333333,342.1666666666667,392.0416666666667,362.4583333333333,389.1666666666667,395.2083333333333,397.4166666666667,392.1666666666667,268.4166666666667,344.5416666666667,354.4583333333333,346.2916666666667,355.6666666666667,398.4583333333333,364.375,360.8333333333333,356.5,368.6666666666667,398.25,326.75,398.4583333333333,389.4166666666667,394.125,327.375,340.4166666666667,345.125,353.2916666666667,413.5,353.0,389.375,353.9583333333333,367.5416666666667,407.7916666666667
374.9583333333333,372.5833333333333,394.1666666666667,381.1666666666667,390.4166666666667,388.4583333333333,389.125,387.2916666666667,306.2916666666667,371.5,372.8333333333333,376.5833333333333,357.5416666666667,386.1666666666667,384.6666666666667,372.25,374.2916666666667,383.7083333333333,393.25,350.9166666666667,386.1666666666667,390.25,390.3333333333333,357.25,360.2916666666667,377.7083333333333,381.25,381.75,383.2916666666667,388.9166666666667,383.9583333333333,386.75,388.2083333333333
372.4583333333333,350.875,385.75,372.6666666666667,384.5,393.2916666666667,386.75,385.5833333333333,252.04166666666663,357.4166666666667,367.4166666666667,364.125,309.75,381.5416666666667,368.375,364.625,373.4583333333333,371.7083333333333,391.2916666666667,338.8333333333333,381.5416666666667,389.9583333333333,381.9166666666667,339.0416666666667,343.0833333333333,355.875,364.5416666666667,389.875,368.375,344.5,359.9583333333333,374.0833333333333,383.5416666666667
323.5,354.625,344.4166666666667,336.0416666666667,344.4166666666667,367.625,355.9166666666667,369.8333333333333,244.33333333333331,337.625,322.0416666666667,344.7083333333333,312.5,374.6666666666667,332.9583333333333,329.625,333.375,331.8333333333333,348.7083333333333,328.4583333333333,374.6666666666667,358.2916666666667,343.0,329.9583333333333,337.9583333333333,340.7083333333333,333.4166666666667,353.75,338.125,339.7916666666667,332.5,338.4583333333333,360.0416666666667
361.125,337.3333333333333,390.9583333333333,341.3333333333333,381.4583333333333,378.4166666666667,386.75,374.9583333333333,259.8333333333333,333.75,349.0416666666667,345.8333333333333,313.7916666666667,368.6666666666667,339.25,347.8333333333333,356.375,339.4166666666667,384.625,306.875,368.6666666666667,382.2083333333333,383.7083333333333,314.4583333333333,315.5416666666667,328.7083333333333,334.6666666666667,387.125,333.9166666666667,362.75,334.5833333333333,343.375,379.5833333333333
348.375,327.2916666666667,381.5,345.625,378.5,385.4583333333333,382.75,384.5,251.95833333333331,336.75,343.6666666666667,339.6666666666667,298.4166666666667,380.7083333333333,340.2916666666667,341.3333333333333,354.4583333333333,341.5,385.6666666666667,325.2083333333333,380.7083333333333,382.2083333333333,374.0833333333333,324.7083333333333,332.25,336.0833333333333,335.25,381.1666666666667,332.9583333333333,330.6666666666667,335.2083333333333,348.25,379.2083333333333
362.0416666666667,366.4583333333333,381.5833333333333,378.25,376.7083333333333,389.625,381.6666666666667,388.125,257.0833333333333,378.0,362.6666666666667,382.7916666666667,296.0416666666667,386.0,368.5416666666667,369.125,374.0416666666667,368.0,384.4166666666667,373.7916666666667,386.0,389.125,385.4166666666667,361.875,372.0,371.5416666666667,377.4166666666667,387.125,379.3333333333333,328.6666666666667,375.3333333333333,381.4166666666667,384.25
358.5,358.625,366.9166666666667,357.2916666666667,365.0416666666667,356.9166666666667,369.9166666666667,358.9166666666667,256.9583333333333,354.375,352.1666666666667,359.9166666666667,294.4583333333333,354.75,341.5416666666667,357.7916666666667,351.9166666666667,357.8333333333333,368.5,348.9166666666667,354.75,360.2916666666667,370.625,353.7916666666667,352.125,357.1666666666667,351.4166666666667,371.375,354.2083333333333,327.9583333333333,354.75,358.2083333333333,365.0
348.125,338.9583333333333,356.3333333333333,338.0416666666667,353.7916666666667,356.0833333333333,354.75,333.0416666666667,252.5,348.7083333333333,342.4166666666667,348.2916666666667,285.9583333333333,334.9583333333333,332.5833333333333,338.75,339.625,331.9166666666667,366.0833333333333,322.9166666666667,334.9583333333333,345.2916666666667,364.5416666666667,325.125,329.6666666666667,345.0833333333333,328.0833333333333,350.1666666666667,327.5416666666667,313.125,321.9166666666667,338.4166666666667,348.6666666666667
341.9583333333333,353.4583333333333,359.2916666666667,351.2083333333333,357.5416666666667,351.3333333333333,364.25,346.2916666666667,253.20833333333331,357.7083333333333,342.5833333333333,371.0,274.125,350.2916666666667,343.75,337.4166666666667,352.625,339.125,356.875,372.875,350.2916666666667,351.4166666666667,357.0833333333333,371.2083333333333,377.1666666666667,360.9166666666667,346.875,358.75,361.9166666666667,298.25,345.125,345.9166666666667,355.9166666666667
373.1666666666667,362.7083333333333,371.125,377.4166666666667,372.75,369.7916666666667,376.0,360.1666666666667,253.58333333333331,352.3333333333333,359.25,355.9166666666667,288.125,360.75,352.0833333333333,359.1666666666667,364.6666666666667,360.7916666666667,385.125,353.9583333333333,360.75,369.6666666666667,378.9583333333333,358.0416666666667,355.625,356.5416666666667,359.7083333333333,378.25,358.625,316.0,368.625,376.7083333333333,377.0416666666667
346.875,341.0,361.9166666666667,350.4583333333333,367.6666666666667,373.2916666666667,369.2083333333333,369.8333333333333,233.79166666666663,357.5833333333333,332.625,356.9166666666667,282.3333333333333,365.2083333333333,346.4166666666667,326.875,328.0833333333333,337.125,362.625,333.5,365.2083333333333,370.7083333333333,348.5833333333333,327.9166666666667,335.125,353.125,345.0416666666667,369.1666666666667,345.5416666666667,313.5833333333333,337.125,353.1666666666667,367.8333333333333
361.0,362.6666666666667,365.875,371.375,362.75,360.9166666666667,372.9583333333333,367.8333333333333,230.29166666666663,363.8333333333333,358.5,376.7916666666667,289.3333333333333,368.125,369.25,361.0,361.8333333333333,365.375,375.9166666666667,357.6666666666667,368.125,368.8333333333333,372.4583333333333,354.3333333333333,357.625,364.2083333333333,357.9166666666667,368.0833333333333,361.8333333333333,309.4166666666667,359.125,366.0833333333333,372.5416666666667
321.875,283.5833333333333,339.5416666666667,298.7916666666667,338.4166666666667,328.0,342.4583333333333,316.5,233.08333333333331,291.8333333333333,289.0,301.625,286.75,315.7916666666667,286.4166666666667,285.625,301.6666666666667,289.0,343.8333333333333,259.3333333333333,315.7916666666667,332.875,329.5416666666667,261.6666666666667,284.2083333333333,293.2083333333333,285.9166666666667,334.3333333333333,291.4583333333333,313.9166666666667,296.7083333333333,299.0416666666667,336.0416666666667
322.75,314.625,338.0416666666667,315.2083333333333,330.5416666666667,328.2916666666667,332.6666666666667,324.5833333333333,232.91666666666663,315.0833333333333,302.2916666666667,326.5,278.4583333333333,324.0416666666667,308.2916666666667,310.25,310.5833333333333,310.8333333333333,335.75,305.2083333333333,324.0416666666667,327.7083333333333,329.9166666666667,297.0416666666667,305.9583333333333,315.0,319.5833333333333,336.2083333333333,319.25,300.25,312.875,315.7916666666667,334.0833333333333
330.0,315.625,341.125,312.125,340.3333333333333,342.2916666666667,349.1666666666667,338.9583333333333,226.625,296.5833333333333,279.75,305.5833333333333,275.7916666666667,328.3333333333333,283.5,275.0416666666667,293.875,274.5,350.4166666666667,309.625,328.3333333333333,344.7083333333333,335.2083333333333,310.5833333333333,313.9166666666667,315.25,306.75,343.6666666666667,311.0833333333333,296.3333333333333,310.75,312.8333333333333,346.0416666666667
334.5,315.9583333333333,347.625,286.5,348.6666666666667,345.8333333333333,352.25,345.875,221.08333333333331,302.2083333333333,327.0,315.5833333333333,269.5,344.5,279.1666666666667,285.9166666666667,331.875,286.375,350.7916666666667,312.4583333333333,344.5,347.2083333333333,344.0416666666667,312.25,313.9583333333333,304.375,276.625,350.5416666666667,296.2916666666667,292.9166666666667,280.2916666666667,288.375,351.2083333333333
327.2083333333333,253.25,340.5833333333333,268.4166666666667,336.8333333333333,341.125,344.3333333333333,332.875,223.5,275.875,268.5416666666667,270.5,286.5833333333333,335.6666666666667,260.7916666666667,259.3333333333333,276.2083333333333,262.5,344.5,245.29166666666663,335.6666666666667,341.125,314.0833333333333,238.75,248.125,257.5,255.33333333333331,344.75,256.2916666666667,334.3333333333333,257.7916666666667,270.2916666666667,337.0
320.125,270.5416666666667,335.2083333333333,296.0416666666667,334.9583333333333,338.9166666666667,337.2916666666667,329.4166666666667,219.70833333333331,288.5833333333333,301.9166666666667,290.2083333333333,292.9166666666667,325.2083333333333,297.0833333333333,300.5833333333333,307.2916666666667,300.1666666666667,341.6666666666667,271.2083333333333,325.2083333333333,336.0416666666667,314.9166666666667,268.2083333333333,269.8333333333333,277.5,281.6666666666667,339.5,288.4583333333333,316.875,281.0416666666667,298.4166666666667,340.1666666666667
290.2916666666667,251.83333333333331,293.0,273.8333333333333,296.9166666666667,313.0416666666667,305.125,309.875,215.66666666666663,265.375,270.7916666666667,259.75,282.25,312.9166666666667,275.7083333333333,274.875,277.375,281.0833333333333,303.3333333333333,246.08333333333331,312.9166666666667,304.8333333333333,285.9583333333333,247.41666666666663,248.625,260.4583333333333,274.875,310.7916666666667,267.5,312.8333333333333,259.0833333333333,270.5,313.625
289.9583333333333,241.54166666666663,293.3333333333333,269.9166666666667,299.4166666666667,322.9583333333333,312.0416666666667,325.5,214.375,255.83333333333331,258.125,251.41666666666663,275.0,326.0416666666667,262.7916666666667,264.4166666666667,267.5,263.9583333333333,297.4583333333333,231.125,326.0416666666667,319.0833333333333,290.125,227.0,233.95833333333331,246.08333333333331,253.0,319.8333333333333,251.20833333333331,310.625,250.29166666666663,271.1666666666667,312.2083333333333
319.25,256.4166666666667,328.5833333333333,297.7083333333333,322.7916666666667,322.5,330.75,328.3333333333333,242.75,269.9166666666667,296.625,273.5833333333333,289.9166666666667,326.9166666666667,290.9166666666667,292.125,303.7916666666667,293.1666666666667,336.25,244.0,326.9166666666667,325.625,319.875,244.54166666666663,254.95833333333331,267.875,275.5,332.9583333333333,272.8333333333333,310.0833333333333,265.7916666666667,296.25,319.4166666666667
306.0833333333333,288.25,332.9166666666667,317.7083333333333,326.0416666666667,324.9583333333333,326.125,318.75,261.25,305.4583333333333,293.0,307.3333333333333,297.6666666666667,319.875,296.9583333333333,285.0416666666667,290.0416666666667,299.1666666666667,327.9166666666667,271.2916666666667,319.875,324.375,304.2083333333333,275.2916666666667,279.5833333333333,300.4583333333333,303.3333333333333,328.4166666666667,300.4583333333333,324.375,299.125,314.7916666666667,334.5833333333333
304.125,282.7083333333333,333.5416666666667,313.4583333333333,328.25,332.0416666666667,330.3333333333333,326.25,235.45833333333331,287.7916666666667,302.0833333333333,289.7916666666667,305.3333333333333,325.375,308.0833333333333,291.3333333333333,297.4583333333333,303.25,317.75,279.2916666666667,325.375,323.125,318.0833333333333,276.7083333333333,277.125,290.4583333333333,300.3333333333333,328.8333333333333,301.4583333333333,314.2083333333333,297.9166666666667,315.0416666666667,326.8333333333333
331.75,283.1666666666667,342.4583333333333,309.6666666666667,341.7916666666667,333.9166666666667,342.375,328.5416666666667,232.25,312.2083333333333,311.7083333333333,316.9166666666667,271.0416666666667,325.8333333333333,309.0416666666667,307.875,320.4583333333333,313.5833333333333,339.9166666666667,271.75,325.8333333333333,333.8333333333333,340.1666666666667,272.7083333333333,278.9583333333333,298.1666666666667,294.9583333333333,331.5833333333333,299.375,302.0,293.25,312.5833333333333,327.375
289.6666666666667,293.7916666666667,303.9583333333333,304.0,300.9583333333333,299.0833333333333,311.0833333333333,298.9166666666667,217.625,290.7083333333333,285.3333333333333,294.6666666666667,273.8333333333333,301.0833333333333,298.1666666666667,299.75,299.8333333333333,298.4583333333333,315.9166666666667,282.125,301.0833333333333,292.5416666666667,315.9583333333333,273.9583333333333,290.75,300.375,293.0833333333333,296.5,294.7916666666667,287.9583333333333,289.7083333333333,307.0,297.4166666666667
274.2916666666667,289.5833333333333,300.25,296.5,303.1666666666667,336.0,308.375,347.5833333333333,213.91666666666663,291.625,276.2083333333333,296.2083333333333,268.4166666666667,347.0,288.9166666666667,282.5,285.8333333333333,282.0833333333333,302.875,269.5,347.0,320.4166666666667,303.7083333333333,270.875,276.0833333333333,300.2083333333333,292.0416666666667,321.5416666666667,288.625,286.875,285.2916666666667,298.2083333333333,324.125
318.625,330.7083333333333,339.25,341.75,339.2083333333333,330.6666666666667,337.6666666666667,329.25,230.08333333333331,337.25,320.25,338.0833333333333,278.0416666666667,326.2916666666667,320.9166666666667,313.625,328.2083333333333,317.5416666666667,331.875,321.125,326.2916666666667,333.625,344.8333333333333,322.5,330.3333333333333,333.0833333333333,328.25,336.875,325.3333333333333,290.7083333333333,328.2083333333333,337.8333333333333,339.5416666666667
310.3333333333333,276.75,317.125,295.0833333333333,311.625,316.0,317.7916666666667,315.2916666666667,238.58333333333331,289.2916666666667,302.0416666666667,292.25,273.9166666666667,317.125,293.2083333333333,294.7083333333333,308.2083333333333,293.8333333333333,316.7083333333333,262.875,317.125,316.25,317.2083333333333,263.7083333333333,272.0416666666667,275.4583333333333,280.5,318.9583333333333,286.2916666666667,290.2083333333333,276.7916666666667,291.0833333333333,313.7083333333333
303.9166666666667,247.83333333333331,295.375,270.9166666666667,296.5416666666667,284.25,298.25,283.5,252.25,269.6666666666667,262.5833333333333,274.8333333333333,265.6666666666667,285.125,270.5416666666667,268.5416666666667,263.3333333333333,267.6666666666667,309.625,244.16666666666663,285.125,295.6666666666667,297.0833333333333,239.5,248.70833333333331,255.70833333333331,253.45833333333331,296.5416666666667,256.8333333333333,283.8333333333333,249.54166666666663,270.3333333333333,300.5833333333333
314.8333333333333,287.7916666666667,309.0416666666667,323.8333333333333,310.625,301.75,314.8333333333333,294.875,233.83333333333331,306.7083333333333,301.9583333333333,310.0416666666667,270.875,304.7083333333333,308.9583333333333,302.375,307.8333333333333,304.6666666666667,324.3333333333333,277.25,304.7083333333333,310.6666666666667,319.25,278.4583333333333,280.0833333333333,295.0833333333333,303.7916666666667,310.375,302.75,291.7916666666667,298.5833333333333,324.5,310.375
298.25,253.5,317.9166666666667,267.75,307.5,306.625,314.7916666666667,294.2083333333333,231.25,261.5416666666667,263.9166666666667,271.6666666666667,275.1666666666667,299.4166666666667,263.75,256.2083333333333,278.375,267.4583333333333,318.875,248.5,299.4166666666667,300.5,299.9166666666667,248.125,244.375,257.9583333333333,262.9166666666667,316.1666666666667,258.75,309.125,258.2916666666667,269.0416666666667,314.0
285.625,241.0,294.4583333333333,270.625,305.625,305.0,318.7083333333333,308.5,238.5,263.625,265.6666666666667,263.2916666666667,285.9583333333333,310.2916666666667,263.5833333333333,261.2083333333333,266.3333333333333,262.25,303.8333333333333,230.5,310.2916666666667,312.1666666666667,282.2916666666667,227.83333333333331,232.25,260.4583333333333,258.5,312.0,260.1666666666667,328.4583333333333,259.8333333333333,272.125,309.875
272.4583333333333,255.20833333333331,278.4166666666667,273.75,281.0833333333333,282.125,286.4166666666667,288.4583333333333,228.58333333333331,262.8333333333333,259.1666666666667,263.7083333333333,287.7083333333333,292.2083333333333,268.4166666666667,272.1666666666667,266.5,271.5833333333333,290.4166666666667,253.79166666666663,292.2083333333333,283.0833333333333,280.5833333333333,249.95833333333331,256.3333333333333,268.5833333333333,256.9583333333333,282.0416666666667,262.0,302.4583333333333,257.875,276.7083333333333,276.2083333333333
330.2083333333333,284.3333333333333,327.0833333333333,320.1666666666667,327.25,327.7916666666667,334.625,321.5833333333333,242.58333333333331,317.5416666666667,310.375,324.4166666666667,315.5833333333333,324.7083333333333,317.2083333333333,308.25,318.5416666666667,308.4166666666667,339.75,273.9166666666667,324.7083333333333,332.5416666666667,340.25,275.6666666666667,279.2916666666667,308.9583333333333,302.5416666666667,342.7083333333333,310.0833333333333,326.9166666666667,303.375,318.5833333333333,335.8333333333333
313.25,305.3333333333333,331.5416666666667,328.8333333333333,331.0,330.375,330.875,325.4583333333333,242.5,324.0416666666667,311.7083333333333,336.4583333333333,289.1666666666667,327.5833333333333,322.7916666666667,303.2916666666667,319.875,314.2083333333333,330.875,298.1666666666667,327.5833333333333,327.25,325.4583333333333,303.9583333333333,306.5416666666667,319.5833333333333,319.375,340.125,323.6666666666667,297.6666666666667,311.625,326.1666666666667,338.625
330.75,341.7916666666667,354.5,334.75,353.4583333333333,349.375,355.7083333333333,353.5416666666667,258.4583333333333,333.3333333333333,328.7916666666667,341.0833333333333,300.7083333333333,354.9583333333333,325.75,323.6666666666667,325.5833333333333,331.7083333333333,347.9166666666667,324.25,354.9583333333333,348.5,345.4583333333333,330.7083333333333,321.7083333333333,339.625,329.25,357.2083333333333,340.6666666666667,306.125,325.0,334.2916666666667,352.75
334.0833333333333,331.3333333333333,352.7083333333333,331.9166666666667,344.9166666666667,353.5,350.375,348.8333333333333,260.0,323.5,327.5416666666667,340.2916666666667,282.7916666666667,345.9583333333333,321.125,329.5833333333333,327.25,327.75,358.9166666666667,332.0416666666667,345.9583333333333,355.75,343.5833333333333,330.875,338.0833333333333,330.8333333333333,325.5,360.7916666666667,320.75,309.7916666666667,325.0,331.4166666666667,351.25
322.6666666666667,276.0,344.6666666666667,296.2083333333333,340.0833333333333,341.125,346.8333333333333,336.125,246.25,290.2916666666667,322.5,293.625,291.4583333333333,335.9583333333333,290.2083333333333,298.2916666666667,316.25,302.75,341.5,266.7083333333333,335.9583333333333,338.9166666666667,337.3333333333333,268.5416666666667,270.3333333333333,285.125,285.1666666666667,338.1666666666667,296.9583333333333,312.1666666666667,286.0,301.0416666666667,342.5416666666667
318.3333333333333,332.0833333333333,342.125,338.2916666666667,336.2916666666667,343.2083333333333,339.5833333333333,333.9583333333333,253.75,323.1666666666667,326.4166666666667,331.75,300.5416666666667,333.3333333333333,333.0416666666667,332.5,331.2916666666667,330.1666666666667,343.7083333333333,311.0833333333333,333.3333333333333,336.0416666666667,335.8333333333333,311.7916666666667,317.7916666666667,335.8333333333333,338.1666666666667,336.6666666666667,340.25,319.5416666666667,331.375,339.6666666666667,340.2916666666667
327.875,276.125,354.5,311.7916666666667,340.9583333333333,349.2916666666667,349.125,351.8333333333333,282.6666666666667,283.875,322.3333333333333,286.5,314.875,348.0833333333333,308.0416666666667,310.2083333333333,327.875,309.5416666666667,350.1666666666667,268.0833333333333,348.0833333333333,349.0,345.7083333333333,261.7083333333333,260.9583333333333,286.2083333333333,291.4583333333333,355.25,304.4583333333333,349.8333333333333,297.0833333333333,309.3333333333333,355.2083333333333
327.4583333333333,312.125,328.0416666666667,326.125,327.7083333333333,328.375,337.0833333333333,338.1666666666667,281.625,325.125,307.4583333333333,333.5,308.4583333333333,340.25,312.5833333333333,310.7083333333333,314.9583333333333,309.7083333333333,332.5416666666667,302.4166666666667,340.25,340.9166666666667,316.2916666666667,300.4583333333333,308.2083333333333,322.5833333333333,314.8333333333333,342.7083333333333,320.4583333333333,345.0,312.2916666666667,325.375,344.2916666666667
306.8333333333333,263.875,317.5,285.2916666666667,321.4583333333333,330.875,323.7916666666667,331.4166666666667,253.83333333333331,274.2083333333333,295.7083333333333,274.0833333333333,309.9583333333333,330.4166666666667,288.7083333333333,296.625,305.625,301.5833333333333,316.0833333333333,247.91666666666663,330.4166666666667,332.7916666666667,315.7916666666667,249.125,251.125,266.375,278.125,324.2083333333333,276.6666666666667,342.5833333333333,277.4583333333333,286.5,323.5833333333333
346.3333333333333,303.75,362.5,341.9583333333333,356.5833333333333,360.2083333333333,360.4166666666667,359.25,272.0833333333333,334.125,342.0416666666667,325.7083333333333,290.2916666666667,358.875,343.5,350.6666666666667,346.4166666666667,340.2083333333333,361.5,285.4583333333333,358.875,353.4583333333333,354.75,291.9166666666667,284.25,321.625,343.2083333333333,362.2916666666667,334.2083333333333,311.875,339.1666666666667,346.2916666666667,358.125
311.7916666666667,303.125,335.9583333333333,324.5416666666667,332.4166666666667,350.0,340.4583333333333,346.625,258.9583333333333,306.625,298.75,311.7083333333333,307.7916666666667,343.0,319.7083333333333,312.6666666666667,304.3333333333333,312.2916666666667,333.6666666666667,303.0833333333333,343.0,355.7083333333333,318.5833333333333,297.6666666666667,299.5,306.0416666666667,331.4583333333333,350.9583333333333,308.4583333333333,328.9583333333333,316.7083333333333,326.2916666666667,337.9166666666667
357.4166666666667,356.5833333333333,359.875,363.8333333333333,356.3333333333333,364.125,362.0833333333333,356.8333333333333,281.375,348.7916666666667,345.1666666666667,345.8333333333333,306.25,355.625,360.75,358.2083333333333,348.5,360.7083333333333,365.375,331.3333333333333,355.625,360.4166666666667,368.6666666666667,331.0416666666667,340.4583333333333,350.0833333333333,370.5416666666667,356.625,351.375,330.9583333333333,359.2083333333333,362.25,369.875
342.3333333333333,354.2916666666667,353.2916666666667,361.0416666666667,360.4166666666667,369.375,357.9166666666667,371.4583333333333,269.4583333333333,348.875,334.6666666666667,352.625,305.1666666666667,363.3333333333333,351.7083333333333,358.5833333333333,344.9166666666667,354.875,365.8333333333333,333.5833333333333,363.3333333333333,363.1666666666667,351.4166666666667,339.2083333333333,338.9166666666667,367.25,363.0,360.75,365.6666666666667,335.375,354.75,367.5833333333333,370.3333333333333
317.2916666666667,290.3333333333333,327.5,325.0833333333333,326.8333333333333,334.625,331.5,327.3333333333333,231.16666666666663,302.9166666666667,309.6666666666667,302.0416666666667,315.5,336.9583333333333,314.3333333333333,315.8333333333333,316.7083333333333,314.2083333333333,331.9166666666667,279.3333333333333,336.9583333333333,328.9583333333333,329.2916666666667,285.3333333333333,276.4166666666667,299.125,295.5,331.5833333333333,296.125,332.9583333333333,295.2083333333333,325.25,328.4166666666667
345.125,316.7083333333333,356.625,339.2916666666667,352.625,363.7083333333333,365.0833333333333,364.5833333333333,258.0833333333333,323.75,322.2916666666667,331.6666666666667,316.75,368.75,324.3333333333333,324.6666666666667,329.0,326.5416666666667,366.4166666666667,290.875,368.75,365.5833333333333,359.875,301.4166666666667,297.0416666666667,326.9583333333333,327.1666666666667,368.1666666666667,340.75,338.2916666666667,330.625,338.8333333333333,364.9166666666667
342.5,332.75,363.5416666666667,343.5833333333333,350.9583333333333,376.2083333333333,361.375,365.25,285.8333333333333,339.4166666666667,341.3333333333333,351.0,339.4166666666667,363.5416666666667,340.7083333333333,334.0,345.5833333333333,340.4166666666667,359.1666666666667,310.0,363.5416666666667,368.8333333333333,353.5833333333333,308.7916666666667,315.2083333333333,344.3333333333333,345.3333333333333,367.875,346.9583333333333,369.0833333333333,345.9166666666667,345.0,364.5
366.375,365.9583333333333,376.3333333333333,357.625,372.9166666666667,376.0416666666667,375.125,371.875,279.1666666666667,362.5,352.625,368.25,322.5416666666667,362.1666666666667,353.5,355.25,346.5,358.9166666666667,378.8333333333333,357.5416666666667,362.1666666666667,375.5416666666667,368.25,356.5,361.5416666666667,366.8333333333333,364.0833333333333,378.0416666666667,363.5833333333333,353.5,363.125,350.4583333333333,379.5416666666667
356.7083333333333,317.25,370.9583333333333,331.0,365.0416666666667,349.125,369.9583333333333,350.0833333333333,274.75,315.3333333333333,333.0416666666667,327.2083333333333,315.2916666666667,350.1666666666667,328.375,340.5833333333333,343.0,338.7916666666667,369.8333333333333,312.5416666666667,350.1666666666667,359.6666666666667,356.4583333333333,319.0,311.7083333333333,306.5833333333333,314.1666666666667,369.4583333333333,324.5416666666667,341.75,319.1666666666667,328.125,365.1666666666667
342.6666666666667,321.125,358.0416666666667,363.75,362.9166666666667,370.4583333333333,371.4583333333333,357.4166666666667,274.2083333333333,347.25,336.7916666666667,352.5,316.1666666666667,364.4583333333333,360.25,347.375,343.375,358.2083333333333,365.5833333333333,304.5416666666667,364.4583333333333,368.5416666666667,355.8333333333333,308.5,314.9583333333333,335.2083333333333,354.2916666666667,367.7083333333333,343.5833333333333,354.0833333333333,344.5416666666667,366.875,368.5
345.8333333333333,349.0416666666667,360.5,353.4166666666667,352.9583333333333,358.625,366.6666666666667,367.8333333333333,271.5833333333333,338.2916666666667,338.0,340.125,314.5416666666667,370.1666666666667,347.5416666666667,347.0833333333333,348.1666666666667,345.5416666666667,354.2083333333333,324.9583333333333,370.1666666666667,348.875,357.4583333333333,335.875,332.625,333.4583333333333,343.0833333333333,364.9583333333333,344.5833333333333,344.1666666666667,342.4166666666667,351.1666666666667,355.625
374.625,356.6666666666667,373.0,386.7916666666667,361.0833333333333,368.9583333333333,373.625,361.7916666666667,285.0416666666667,378.0416666666667,372.0833333333333,384.7916666666667,322.5416666666667,368.7916666666667,370.625,375.9166666666667,372.625,378.4166666666667,391.875,353.5,368.7916666666667,361.75,394.0833333333333,355.875,357.9166666666667,383.9583333333333,379.875,375.375,376.2916666666667,359.7083333333333,376.7083333333333,384.4166666666667,373.375
355.5833333333333,336.7916666666667,355.5833333333333,344.2083333333333,362.0416666666667,354.875,367.7083333333333,355.2083333333333,277.9166666666667,337.875,338.2083333333333,334.7083333333333,314.2916666666667,352.375,329.25,341.0,341.3333333333333,346.8333333333333,368.3333333333333,331.0833333333333,352.375,351.125,356.5833333333333,334.4166666666667,332.9166666666667,323.7916666666667,335.1666666666667,366.75,332.625,347.2083333333333,328.125,347.25,369.5833333333333
346.9583333333333,326.7083333333333,361.125,346.2916666666667,355.4583333333333,364.2916666666667,371.2083333333333,355.125,295.25,331.8333333333333,337.125,338.25,312.3333333333333,355.6666666666667,347.25,345.7916666666667,342.5833333333333,345.4583333333333,369.4583333333333,314.6666666666667,355.6666666666667,364.1666666666667,356.2083333333333,313.7916666666667,314.0,329.0416666666667,343.6666666666667,372.875,338.8333333333333,347.0416666666667,337.0,347.0,367.3333333333333
377.9166666666667,359.5,399.4166666666667,397.0,389.5416666666667,388.0416666666667,397.8333333333333,390.125,288.875,382.125,366.3333333333333,386.125,317.4166666666667,391.2083333333333,388.875,385.875,374.8333333333333,392.0,396.375,328.0833333333333,391.2083333333333,394.75,401.2916666666667,343.9166666666667,330.7083333333333,381.9583333333333,391.5416666666667,401.4166666666667,386.5416666666667,347.4583333333333,387.5416666666667,398.5416666666667,396.75
367.9166666666667,373.7083333333333,384.875,390.8333333333333,383.4166666666667,412.625,397.5416666666667,388.2916666666667,253.5,383.0833333333333,354.25,383.5,354.6666666666667,396.7916666666667,379.7083333333333,377.0833333333333,360.3333333333333,381.9166666666667,385.7916666666667,340.9583333333333,396.7916666666667,408.1666666666667,373.2916666666667,351.4583333333333,350.2916666666667,377.2083333333333,373.8333333333333,392.5,376.5416666666667,371.7083333333333,370.25,390.5416666666667,389.0833333333333
394.125,400.2916666666667,413.0,410.8333333333333,407.25,414.875,418.3333333333333,407.4583333333333,284.1666666666667,409.9166666666667,387.9166666666667,411.5,337.2916666666667,406.3333333333333,398.4583333333333,393.3333333333333,400.2083333333333,402.4583333333333,414.3333333333333,374.9166666666667,406.3333333333333,404.2083333333333,412.25,382.0833333333333,386.2916666666667,402.1666666666667,405.7916666666667,411.875,407.7916666666667,377.125,407.25,407.5,413.0833333333333
394.0416666666667,347.7916666666667,406.5,379.7916666666667,411.0833333333333,397.2083333333333,406.75,395.2916666666667,313.6666666666667,366.6666666666667,376.0833333333333,376.4583333333333,355.2083333333333,392.2916666666667,381.25,376.625,384.125,372.4166666666667,421.9583333333333,331.25,392.2916666666667,400.1666666666667,403.5,332.2083333333333,342.5416666666667,365.4166666666667,372.7916666666667,412.25,379.625,372.5416666666667,378.0416666666667,376.875,411.75
344.625,362.7916666666667,356.7083333333333,351.3333333333333,359.875,353.0416666666667,357.4583333333333,355.625,278.125,353.875,331.6666666666667,370.1666666666667,331.2916666666667,353.8333333333333,337.0833333333333,339.5416666666667,339.9583333333333,340.2916666666667,368.4583333333333,346.3333333333333,353.8333333333333,360.25,352.7083333333333,357.1666666666667,360.4583333333333,366.6666666666667,345.0416666666667,361.875,347.2916666666667,382.2916666666667,343.4166666666667,352.4583333333333,362.9583333333333
352.0,362.6666666666667,386.3333333333333,359.5833333333333,369.0416666666667,377.0833333333333,385.3333333333333,379.5833333333333,297.7083333333333,363.0833333333333,351.7916666666667,371.5833333333333,360.3333333333333,378.125,386.9583333333333,367.25,360.7916666666667,365.125,385.1666666666667,348.1666666666667,378.125,372.8333333333333,370.3333333333333,344.7083333333333,352.5416666666667,360.9166666666667,378.2083333333333,389.4583333333333,365.7083333333333,387.25,372.9166666666667,360.5833333333333,379.2083333333333
358.8333333333333,334.5,361.4166666666667,351.8333333333333,362.5416666666667,393.5833333333333,365.5416666666667,374.875,305.375,337.1666666666667,325.25,341.5833333333333,349.0416666666667,370.0416666666667,340.4583333333333,336.4166666666667,332.0,341.375,365.875,330.6666666666667,370.0416666666667,383.9166666666667,350.625,324.3333333333333,325.75,336.625,333.125,366.1666666666667,335.7916666666667,368.875,330.1666666666667,350.625,372.375
390.4166666666667,414.8333333333333,410.4583333333333,425.0416666666667,403.9583333333333,405.0416666666667,411.9583333333333,400.2916666666667,304.7916666666667,417.875,390.3333333333333,432.125,372.7083333333333,399.5833333333333,403.6666666666667,399.2916666666667,402.7916666666667,403.5,416.5416666666667,391.0416666666667,399.5833333333333,399.4166666666667,412.8333333333333,407.7083333333333,394.4166666666667,415.7916666666667,417.125,405.0833333333333,417.1666666666667,395.3333333333333,413.6666666666667,423.625,411.9583333333333
396.0,385.125,408.1666666666667,390.9583333333333,407.2916666666667,403.625,412.5,403.375,279.5416666666667,384.9583333333333,380.9166666666667,389.375,338.3333333333333,404.625,381.625,387.7083333333333,389.4583333333333,389.9583333333333,409.4583333333333,367.625,404.625,412.6666666666667,400.9166666666667,367.7916666666667,380.0,387.0416666666667,380.875,413.7083333333333,380.7083333333333,381.8333333333333,379.1666666666667,391.9166666666667,407.5833333333333
375.4166666666667,361.1666666666667,402.0416666666667,379.2916666666667,394.4583333333333,397.375,398.2916666666667,389.4583333333333,301.0416666666667,358.6666666666667,371.4583333333333,361.2083333333333,347.625,388.2916666666667,376.9583333333333,376.6666666666667,373.3333333333333,380.5416666666667,396.0833333333333,337.625,388.2916666666667,393.4166666666667,378.7916666666667,339.0,340.375,355.0,366.5833333333333,399.625,369.875,385.3333333333333,367.2916666666667,377.9583333333333,392.7083333333333
374.8333333333333,378.4166666666667,379.875,377.0833333333333,383.9166666666667,398.5416666666667,393.125,387.625,291.75,379.5,357.2916666666667,381.6666666666667,368.75,389.875,372.875,374.8333333333333,361.3333333333333,376.4583333333333,388.0416666666667,359.625,389.875,389.75,378.875,361.4583333333333,364.9166666666667,377.0833333333333,381.4583333333333,387.3333333333333,383.8333333333333,388.5833333333333,372.25,375.0416666666667,392.0416666666667
385.0416666666667,394.25,404.7916666666667,414.4583333333333,400.2083333333333,411.875,413.9166666666667,410.5833333333333,295.0833333333333,399.9583333333333,380.875,399.7916666666667,349.1666666666667,408.8333333333333,412.2916666666667,401.2916666666667,383.0416666666667,403.4583333333333,404.5416666666667,392.875,408.8333333333333,408.0416666666667,396.3333333333333,389.5,396.7916666666667,395.1666666666667,406.3333333333333,412.2916666666667,405.375,390.7083333333333,408.7916666666667,414.625,405.5833333333333
393.9166666666667,397.25,409.5416666666667,413.5416666666667,410.625,420.8333333333333,414.2916666666667,411.375,313.2916666666667,407.4166666666667,387.3333333333333,418.75,353.2916666666667,408.625,413.6666666666667,399.1666666666667,394.125,406.875,419.2916666666667,389.5416666666667,408.625,411.9583333333333,416.5,391.5833333333333,392.3333333333333,409.6666666666667,418.4583333333333,413.125,417.625,387.125,411.0416666666667,414.5416666666667,413.4166666666667
392.9166666666667,396.1666666666667,407.75,406.8333333333333,407.375,404.5833333333333,405.8333333333333,395.2916666666667,308.625,404.0833333333333,384.8333333333333,407.125,342.375,390.5416666666667,403.375,403.7083333333333,381.5416666666667,397.9166666666667,409.9583333333333,371.2083333333333,390.5416666666667,408.4166666666667,405.2083333333333,378.4583333333333,382.75,406.7083333333333,396.375,406.4583333333333,403.5833333333333,390.0,394.2083333333333,403.6666666666667,408.9166666666667
377.2083333333333,377.0416666666667,399.0833333333333,395.25,389.2083333333333,390.5,388.5,394.625,281.125,382.0416666666667,372.9583333333333,396.5,362.7083333333333,388.625,392.75,382.5833333333333,377.6666666666667,385.0,395.8333333333333,374.6666666666667,388.625,392.7916666666667,391.6666666666667,365.0833333333333,372.8333333333333,386.4166666666667,389.0833333333333,396.1666666666667,380.0416666666667,400.4166666666667,384.9583333333333,398.7083333333333,398.9166666666667
403.1666666666667,426.125,423.9583333333333,439.4166666666667,418.4583333333333,419.2083333333333,424.25,410.3333333333333,305.2083333333333,442.4583333333333,404.75,442.9166666666667,356.9166666666667,410.9583333333333,416.0416666666667,415.7916666666667,412.8333333333333,418.875,425.0,422.875,410.9583333333333,416.7916666666667,425.5,421.7916666666667,425.1666666666667,434.2916666666667,434.0,425.875,431.125,396.2083333333333,432.2916666666667,441.4583333333333,425.25
425.4166666666667,425.9166666666667,433.3333333333333,433.3333333333333,427.6666666666667,441.875,436.5416666666667,440.7083333333333,292.0,424.4583333333333,411.125,432.5416666666667,360.875,444.25,410.1666666666667,413.3333333333333,414.875,417.7916666666667,440.2916666666667,413.4583333333333,444.25,438.375,435.25,418.2916666666667,415.125,417.4583333333333,423.7916666666667,444.7916666666667,432.9583333333333,407.2916666666667,411.7916666666667,427.5833333333333,438.75
406.7083333333333,419.5,418.625,423.4583333333333,414.75,414.625,417.75,410.25,308.4583333333333,421.25,406.2916666666667,423.75,375.6666666666667,408.625,419.7916666666667,415.5,411.9583333333333,424.1666666666667,424.3333333333333,399.125,408.625,414.9166666666667,421.375,404.5,400.3333333333333,417.5833333333333,424.375,415.625,432.875,421.9583333333333,418.7916666666667,423.5416666666667,410.7916666666667
396.75,403.3333333333333,404.75,403.8333333333333,396.9583333333333,404.7083333333333,412.0416666666667,404.7083333333333,318.875,412.7083333333333,383.125,423.2083333333333,367.4166666666667,405.2083333333333,399.5416666666667,393.9583333333333,395.0,402.0,411.25,383.2083333333333,405.2083333333333,407.0,406.375,377.75,380.5416666666667,410.25,401.75,402.6666666666667,408.375,412.25,400.7916666666667,401.7916666666667,411.5833333333333
397.4166666666667,415.7916666666667,417.0416666666667,435.7083333333333,409.2916666666667,425.6666666666667,425.625,424.4583333333333,332.3333333333333,423.0,389.8333333333333,424.7083333333333,388.1666666666667,424.25,420.2083333333333,418.75,398.9583333333333,421.5833333333333,416.0833333333333,412.7916666666667,424.25,413.7916666666667,416.0833333333333,408.9583333333333,413.4583333333333,417.875,427.5,417.5416666666667,419.8333333333333,412.4583333333333,418.5416666666667,434.0833333333333,419.7083333333333
396.5833333333333,418.75,416.5833333333333,433.3333333333333,416.4583333333333,419.9583333333333,423.5,419.0416666666667,329.3333333333333,429.125,399.8333333333333,435.0833333333333,376.0416666666667,411.2916666666667,432.7916666666667,413.375,408.0833333333333,422.125,422.7083333333333,395.6666666666667,411.2916666666667,414.0,425.7083333333333,399.75,400.0,433.2083333333333,434.25,415.75,437.125,402.875,432.125,435.4583333333333,412.9166666666667
399.9166666666667,422.875,418.0833333333333,434.5416666666667,410.7916666666667,424.4583333333333,422.2083333333333,416.1666666666667,324.375,425.4166666666667,395.5416666666667,424.0833333333333,366.2916666666667,414.1666666666667,424.5416666666667,407.875,397.7083333333333,414.0416666666667,422.3333333333333,405.75,414.1666666666667,418.6666666666667,408.0,412.2083333333333,412.875,427.125,430.4166666666667,420.0833333333333,416.25,399.0833333333333,421.5833333333333,438.3333333333333,423.8333333333333
399.4166666666667,432.7083333333333,417.4583333333333,440.5833333333333,415.25,423.5,416.0416666666667,413.5,325.4583333333333,438.4166666666667,406.0833333333333,440.375,373.0,412.375,421.9583333333333,413.0,414.625,420.2083333333333,424.1666666666667,420.125,412.375,410.4166666666667,415.7083333333333,421.7916666666667,422.9583333333333,443.875,442.2916666666667,416.5,435.125,414.5,439.0833333333333,440.1666666666667,419.4583333333333
401.0833333333333,434.0833333333333,430.5833333333333,433.625,426.0833333333333,428.7916666666667,429.4583333333333,422.9583333333333,334.0416666666667,442.75,407.5416666666667,450.0416666666667,387.5,420.4583333333333,423.7083333333333,422.0833333333333,409.8333333333333,423.2083333333333,423.5416666666667,423.0,420.4583333333333,421.7083333333333,422.125,425.75,434.9583333333333,431.25,443.0,422.25,436.9166666666667,407.9166666666667,434.1666666666667,430.2916666666667,427.0416666666667
406.0416666666667,430.5833333333333,417.875,425.5833333333333,416.2083333333333,415.7083333333333,415.25,415.1666666666667,297.5,423.625,393.8333333333333,425.8333333333333,375.875,414.2916666666667,417.125,408.4166666666667,401.7916666666667,409.4583333333333,425.0416666666667,424.0416666666667,414.2916666666667,411.9166666666667,413.2916666666667,427.25,422.3333333333333,420.4583333333333,422.9166666666667,415.2916666666667,421.7083333333333,396.9583333333333,424.6666666666667,425.4583333333333,419.8333333333333
407.875,427.0833333333333,431.7916666666667,427.4583333333333,428.5416666666667,435.625,437.2083333333333,432.7083333333333,310.9166666666667,424.625,407.7083333333333,435.125,370.3333333333333,430.9166666666667,426.75,419.0833333333333,415.875,428.2916666666667,433.0833333333333,420.25,430.9166666666667,429.625,427.5833333333333,430.25,434.625,425.8333333333333,422.5833333333333,429.7083333333333,431.625,406.2083333333333,427.3333333333333,428.0416666666667,432.0833333333333
428.9583333333333,448.4166666666667,439.375,450.5833333333333,440.8333333333333,438.375,441.6666666666667,430.375,343.5,441.8333333333333,424.75,448.5,378.625,430.0416666666667,441.875,428.0,427.1666666666667,441.8333333333333,442.625,443.8333333333333,430.0416666666667,439.5416666666667,439.375,439.3333333333333,449.5833333333333,441.9583333333333,440.5416666666667,443.125,453.0,427.75,439.2083333333333,451.4166666666667,440.75
431.9166666666667,453.0416666666667,440.0416666666667,459.2083333333333,435.4166666666667,439.75,441.9166666666667,438.5416666666667,352.375,454.4583333333333,426.4583333333333,459.1666666666667,402.5,437.125,454.1666666666667,439.8333333333333,435.4166666666667,451.2916666666667,455.0416666666667,444.375,437.125,438.3333333333333,449.9166666666667,448.5,450.9583333333333,460.2083333333333,462.25,442.8333333333333,460.625,436.1666666666667,460.125,458.9583333333333,440.25
416.5416666666667,451.375,429.0833333333333,446.7916666666667,421.1666666666667,424.5416666666667,427.2916666666667,425.3333333333333,331.0833333333333,448.2083333333333,406.0,454.9583333333333,381.0416666666667,420.375,442.9583333333333,422.375,409.9583333333333,440.375,423.4166666666667,435.7916666666667,420.375,417.0,426.9166666666667,434.5,441.0,452.4166666666667,442.0,421.4583333333333,449.1666666666667,414.0833333333333,439.9583333333333,444.9583333333333,424.2083333333333
434.2916666666667,454.9583333333333,444.7916666666667,462.6666666666667,441.375,455.6666666666667,442.0416666666667,445.8333333333333,340.125,452.1666666666667,434.2916666666667,458.125,410.9583333333333,444.375,456.6666666666667,440.7916666666667,433.7083333333333,450.5416666666667,453.5833333333333,440.2916666666667,444.375,450.7916666666667,442.5833333333333,442.1666666666667,448.7083333333333,452.5416666666667,459.4583333333333,448.7916666666667,455.875,424.9583333333333,456.1666666666667,467.1666666666667,451.6666666666667
435.0416666666667,458.9166666666667,461.8333333333333,460.25,457.2916666666667,451.2916666666667,463.7083333333333,451.25,355.4166666666667,453.6666666666667,436.375,456.5416666666667,398.4166666666667,449.375,457.5416666666667,450.625,446.7916666666667,459.5,462.7916666666667,457.5833333333333,449.375,451.5,451.375,454.2083333333333,459.875,455.4166666666667,461.4166666666667,456.1666666666667,459.0416666666667,430.5833333333333,463.3333333333333,458.75,458.6666666666667
410.6666666666667,466.125,423.2083333333333,448.8333333333333,416.5416666666667,423.5416666666667,426.0416666666667,423.9166666666667,344.2083333333333,455.1666666666667,430.9166666666667,459.1666666666667,381.1666666666667,416.0416666666667,443.4166666666667,438.7083333333333,434.1666666666667,436.5,430.1666666666667,460.5416666666667,416.0416666666667,413.2916666666667,430.5416666666667,461.5,470.4166666666667,459.8333333333333,450.75,418.2916666666667,455.0416666666667,425.625,445.4583333333333,446.8333333333333,419.6666666666667
408.4166666666667,435.5416666666667,426.5416666666667,444.7083333333333,423.75,427.4166666666667,433.5833333333333,419.5416666666667,331.625,437.0,405.5833333333333,440.0416666666667,356.0416666666667,419.0833333333333,434.2083333333333,424.3333333333333,412.5833333333333,431.8333333333333,434.9166666666667,437.5,419.0833333333333,418.4166666666667,422.0833333333333,437.2083333333333,432.2083333333333,433.25,449.125,423.0416666666667,447.8333333333333,393.0416666666667,443.0416666666667,446.8333333333333,429.75
419.2916666666667,443.375,435.0416666666667,451.2916666666667,438.125,438.875,437.0833333333333,428.9583333333333,323.75,445.4166666666667,425.0416666666667,445.75,391.4166666666667,429.375,441.375,442.5416666666667,432.6666666666667,442.1666666666667,440.8333333333333,446.2916666666667,429.375,434.1666666666667,432.7916666666667,439.5833333333333,447.9166666666667,441.0,447.625,434.125,451.0833333333333,417.0833333333333,440.625,453.1666666666667,438.4583333333333
417.5416666666667,447.125,448.9583333333333,452.7916666666667,447.5833333333333,447.0416666666667,449.875,441.375,338.4583333333333,444.0,420.3333333333333,446.375,384.9583333333333,440.1666666666667,447.75,442.5416666666667,424.3333333333333,449.5416666666667,441.8333333333333,441.7916666666667,440.1666666666667,442.1666666666667,439.25,444.2083333333333,448.625,445.7083333333333,458.0,445.1666666666667,442.3333333333333,407.5416666666667,443.75,453.25,448.0
429.5,450.125,449.9166666666667,447.6666666666667,444.4166666666667,444.2083333333333,445.4583333333333,435.2083333333333,339.1666666666667,444.7083333333333,420.7083333333333,450.7083333333333,377.7083333333333,436.4166666666667,444.4166666666667,436.6666666666667,427.125,447.75,453.7083333333333,438.2083333333333,436.4166666666667,443.2083333333333,442.0,439.7083333333333,450.0833333333333,447.25,445.5416666666667,441.0,448.4583333333333,429.5,443.3333333333333,447.375,436.0
430.7083333333333,453.75,439.0,442.875,437.4583333333333,438.2083333333333,442.5833333333333,442.0,323.4166666666667,437.625,424.25,447.7916666666667,392.2083333333333,435.125,439.3333333333333,436.2916666666667,426.75,443.375,451.25,443.7083333333333,435.125,429.125,438.5,449.25,442.9583333333333,446.25,448.375,435.375,441.9583333333333,422.3333333333333,440.2083333333333,443.9166666666667,434.8333333333333
411.375,445.6666666666667,433.7916666666667,443.2083333333333,431.0416666666667,444.8333333333333,440.625,444.9583333333333,347.3333333333333,445.0,418.5833333333333,449.7916666666667,375.875,441.8333333333333,442.4583333333333,434.0,428.2083333333333,439.25,441.1666666666667,432.6666666666667,441.8333333333333,440.9583333333333,438.5416666666667,446.5833333333333,437.9583333333333,446.0416666666667,453.7083333333333,434.2083333333333,447.875,407.7916666666667,440.25,442.0416666666667,441.875
428.2916666666667,449.75,441.5833333333333,458.375,440.9583333333333,451.4166666666667,445.375,442.25,345.375,454.0833333333333,431.0416666666667,457.6666666666667,385.4583333333333,443.875,454.7083333333333,444.125,435.125,452.4166666666667,444.25,440.5416666666667,443.875,442.7083333333333,444.25,442.3333333333333,445.9166666666667,449.8333333333333,462.2083333333333,446.5,461.5833333333333,412.25,451.4583333333333,462.2916666666667,441.9166666666667
422.5416666666667,452.0,451.625,459.9583333333333,440.125,441.3333333333333,442.2916666666667,439.9166666666667,330.0833333333333,449.7916666666667,425.0416666666667,455.25,386.375,440.0,450.0833333333333,446.4166666666667,442.7083333333333,453.5,445.625,428.7083333333333,440.0,441.5,443.1666666666667,426.7916666666667,440.8333333333333,452.4583333333333,453.5833333333333,443.25,454.625,409.8333333333333,457.7083333333333,461.7916666666667,437.7083333333333
430.4583333333333,441.25,461.375,447.2916666666667,456.6666666666667,455.9166666666667,460.9583333333333,453.2916666666667,355.625,441.25,417.0416666666667,446.7916666666667,385.1666666666667,454.2916666666667,439.5,437.0,423.0,439.0,463.2083333333333,433.2083333333333,454.2916666666667,451.7916666666667,444.7083333333333,431.875,443.875,435.0833333333333,440.2083333333333,459.375,438.5416666666667,412.1666666666667,439.6666666666667,448.0416666666667,458.7083333333333
425.2083333333333,451.4583333333333,438.875,450.7916666666667,440.6666666666667,442.25,443.9583333333333,432.8333333333333,338.5416666666667,442.6666666666667,415.375,445.5833333333333,389.6666666666667,433.2083333333333,433.9166666666667,422.7916666666667,419.375,433.9166666666667,442.9166666666667,448.25,433.2083333333333,437.6666666666667,429.0,439.5416666666667,455.5,446.4166666666667,451.25,438.0833333333333,444.0833333333333,418.7916666666667,450.5416666666667,449.6666666666667,441.5416666666667
415.8333333333333,436.4166666666667,449.0416666666667,443.0,445.1666666666667,449.7916666666667,452.4166666666667,444.2916666666667,355.125,443.4583333333333,413.5416666666667,450.375,393.625,446.5,439.0,431.7083333333333,419.875,440.25,450.25,435.6666666666667,446.5,445.3333333333333,434.3333333333333,441.2916666666667,439.5416666666667,439.8333333333333,435.9583333333333,448.75,448.375,415.5,441.5,445.4166666666667,449.8333333333333
429.75,437.125,449.8333333333333,453.0,443.5833333333333,443.5833333333333,444.9583333333333,433.1666666666667,334.9583333333333,433.7916666666667,427.0833333333333,437.0833333333333,397.125,433.5416666666667,454.7083333333333,436.9166666666667,423.25,453.0416666666667,449.5833333333333,425.5,433.5416666666667,442.0833333333333,445.1666666666667,430.875,432.25,430.8333333333333,446.0833333333333,444.75,443.3333333333333,425.8333333333333,443.5833333333333,452.9166666666667,447.2083333333333
406.7916666666667,431.9166666666667,438.25,433.6666666666667,437.625,439.3333333333333,444.875,430.8333333333333,311.9166666666667,431.875,409.125,437.0416666666667,391.25,430.8333333333333,434.4166666666667,424.5833333333333,413.7083333333333,430.9583333333333,443.25,426.2916666666667,430.8333333333333,437.9166666666667,428.7916666666667,428.375,435.625,433.8333333333333,428.625,437.125,438.4583333333333,408.125,428.25,434.0,440.9166666666667
418.6666666666667,434.125,430.5833333333333,451.625,432.0,426.4166666666667,432.6666666666667,422.0416666666667,337.0,430.75,419.25,436.1666666666667,377.0,414.6666666666667,444.8333333333333,430.125,421.3333333333333,440.25,439.0833333333333,412.0833333333333,414.6666666666667,423.9166666666667,430.25,417.9166666666667,418.0416666666667,433.375,450.625,429.2916666666667,437.4583333333333,414.5,443.7916666666667,453.2916666666667,431.5
405.0416666666667,425.875,421.0416666666667,413.9166666666667,416.625,421.9583333333333,423.625,416.375,346.8333333333333,424.7916666666667,385.6666666666667,429.9166666666667,383.75,414.0,396.0833333333333,404.6666666666667,398.75,397.875,418.0416666666667,427.375,414.0,414.7916666666667,411.9166666666667,417.875,431.4166666666667,427.0833333333333,409.1666666666667,414.9583333333333,416.3333333333333,411.4166666666667,411.7916666666667,416.8333333333333,425.0833333333333
382.2916666666667,391.2916666666667,410.375,408.625,406.7916666666667,415.6666666666667,411.9166666666667,412.1666666666667,311.3333333333333,399.2916666666667,379.25,404.1666666666667,391.0416666666667,415.5,399.9583333333333,393.2083333333333,381.0833333333333,397.5833333333333,415.5,396.8333333333333,415.5,413.125,396.0416666666667,391.4166666666667,403.4583333333333,393.125,403.2083333333333,404.875,405.1666666666667,411.5416666666667,402.0833333333333,409.2083333333333,412.8333333333333
396.7916666666667,426.8333333333333,419.0833333333333,427.0,419.9583333333333,418.0416666666667,424.7916666666667,411.2083333333333,297.9166666666667,419.5416666666667,380.4583333333333,426.2083333333333,348.0,414.1666666666667,412.375,398.2083333333333,384.6666666666667,404.2916666666667,430.9166666666667,412.125,414.1666666666667,416.25,413.2916666666667,412.75,419.6666666666667,419.7083333333333,418.25,417.3333333333333,425.9166666666667,377.5,416.5833333333333,427.3333333333333,424.5833333333333
394.875,425.625,424.0,431.0,419.2083333333333,424.6666666666667,423.8333333333333,423.4166666666667,303.4166666666667,425.5416666666667,400.5416666666667,435.2083333333333,361.75,432.4166666666667,421.125,416.3333333333333,403.0,421.2916666666667,426.6666666666667,413.7916666666667,432.4166666666667,422.9583333333333,412.2916666666667,410.0416666666667,418.25,423.5833333333333,433.5833333333333,424.125,427.625,397.0,430.3333333333333,430.125,424.4166666666667
426.875,419.4583333333333,442.0833333333333,441.4166666666667,438.2083333333333,438.9583333333333,441.5833333333333,430.75,336.8333333333333,426.9583333333333,422.2916666666667,429.2916666666667,379.8333333333333,436.5416666666667,440.875,430.1666666666667,427.7083333333333,436.2083333333333,445.3333333333333,401.375,436.5416666666667,437.1666666666667,442.25,403.9166666666667,408.0833333333333,427.6666666666667,441.3333333333333,438.5833333333333,435.4583333333333,401.2916666666667,435.7083333333333,441.4583333333333,441.25
404.8333333333333,430.6666666666667,420.5416666666667,426.0,414.7916666666667,418.0833333333333,422.9166666666667,415.625,303.2916666666667,422.625,392.2083333333333,429.5833333333333,372.0,412.4583333333333,422.7083333333333,413.8333333333333,402.7083333333333,414.2916666666667,425.4583333333333,423.5416666666667,412.4583333333333,412.4166666666667,413.9583333333333,423.75,427.9583333333333,425.0833333333333,427.8333333333333,416.8333333333333,423.5833333333333,409.625,425.9166666666667,425.5416666666667,424.125
386.1666666666667,414.0,416.0,411.7916666666667,409.9583333333333,414.125,413.0,416.0416666666667,299.75,419.875,388.4583333333333,423.2083333333333,355.2083333333333,423.125,403.9166666666667,399.4583333333333,393.7083333333333,400.0833333333333,414.5,415.25,423.125,409.2916666666667,406.5833333333333,417.25,419.0,415.875,410.9166666666667,410.9583333333333,411.4583333333333,383.8333333333333,412.625,417.7916666666667,414.5
419.0416666666667,437.3333333333333,435.625,440.125,429.75,430.7916666666667,435.7916666666667,428.7916666666667,346.6666666666667,432.5,419.2916666666667,436.0,364.4583333333333,427.5,438.5833333333333,422.0,423.6666666666667,432.5,443.3333333333333,426.625,427.5,432.25,434.5416666666667,428.4166666666667,428.25,433.0416666666667,439.8333333333333,436.7083333333333,441.8333333333333,394.625,446.875,440.0416666666667,430.75
394.375,414.4166666666667,414.3333333333333,410.9166666666667,409.5416666666667,418.8333333333333,417.9166666666667,411.2916666666667,325.5,414.1666666666667,386.5833333333333,419.2083333333333,379.3333333333333,410.5,404.2916666666667,392.375,390.9166666666667,402.7083333333333,417.0416666666667,404.625,410.5,413.625,407.8333333333333,406.0,410.8333333333333,417.7083333333333,406.6666666666667,421.2916666666667,413.2916666666667,418.0416666666667,405.0416666666667,406.7083333333333,419.875
397.0416666666667,410.0833333333333,412.625,410.4583333333333,407.0,414.6666666666667,416.25,409.125,313.8333333333333,406.4583333333333,390.5,418.5833333333333,368.9166666666667,405.4583333333333,392.7083333333333,394.7916666666667,401.3333333333333,399.9583333333333,415.5833333333333,406.75,405.4583333333333,413.125,410.9583333333333,410.3333333333333,411.75,415.0833333333333,404.9583333333333,413.625,405.0,408.2083333333333,409.875,409.7083333333333,414.75
395.2083333333333,426.1666666666667,413.7083333333333,412.5416666666667,414.6666666666667,409.3333333333333,418.125,406.1666666666667,315.4166666666667,413.0833333333333,400.2083333333333,417.5416666666667,368.875,405.8333333333333,412.5416666666667,403.375,407.7916666666667,409.25,415.9583333333333,410.875,405.8333333333333,409.1666666666667,412.4166666666667,413.1666666666667,422.0,418.6666666666667,415.0833333333333,413.625,417.9583333333333,404.625,418.5,416.0833333333333,411.25
405.0416666666667,400.625,418.0833333333333,408.2916666666667,411.1666666666667,420.875,417.5833333333333,407.4583333333333,300.0833333333333,411.1666666666667,394.375,419.125,378.1666666666667,407.875,401.125,399.25,402.5833333333333,397.4583333333333,421.75,397.0416666666667,407.875,413.2916666666667,413.625,397.2916666666667,399.0416666666667,408.9166666666667,402.2083333333333,418.4583333333333,409.1666666666667,407.8333333333333,407.375,407.625,415.5833333333333
403.3333333333333,395.5,417.5,404.7916666666667,411.0,418.0,416.625,414.3333333333333,308.25,406.4583333333333,388.9583333333333,418.3333333333333,375.7083333333333,409.3333333333333,393.4583333333333,393.25,397.0416666666667,395.875,409.5,388.4166666666667,409.3333333333333,414.8333333333333,411.9583333333333,383.6666666666667,387.1666666666667,400.75,398.375,414.4583333333333,410.25,423.2916666666667,404.5,400.75,417.0416666666667
381.4583333333333,369.4166666666667,395.375,383.7083333333333,390.3333333333333,393.7083333333333,399.2916666666667,384.75,309.5,376.5416666666667,363.125,386.2916666666667,372.1666666666667,386.6666666666667,378.6666666666667,371.7083333333333,367.4166666666667,373.625,394.9583333333333,365.6666666666667,386.6666666666667,395.5,385.2083333333333,365.0,357.3333333333333,377.7916666666667,380.0,396.5833333333333,385.5,411.4166666666667,376.8333333333333,382.25,402.625
366.5,382.3333333333333,396.0833333333333,378.2083333333333,390.3333333333333,401.0833333333333,401.75,386.5,312.5,378.6666666666667,361.1666666666667,382.6666666666667,376.25,386.5416666666667,378.0416666666667,366.75,368.1666666666667,369.75,393.2083333333333,369.125,386.5416666666667,393.0416666666667,379.625,358.75,377.8333333333333,384.5833333333333,378.7916666666667,397.5,384.7083333333333,394.4583333333333,376.875,377.7916666666667,396.5
371.7083333333333,367.5833333333333,394.0416666666667,376.2083333333333,390.2083333333333,389.5416666666667,393.2083333333333,389.0833333333333,286.2083333333333,374.5416666666667,359.4166666666667,383.5,370.7916666666667,384.0416666666667,373.5,360.75,361.6666666666667,375.4166666666667,393.5,352.4583333333333,384.0416666666667,385.25,381.75,350.625,361.5,372.625,372.1666666666667,392.4166666666667,377.9583333333333,394.5,368.7083333333333,378.75,392.125
353.375,357.5,377.2083333333333,361.7916666666667,374.3333333333333,383.25,375.1666666666667,387.75,266.3333333333333,365.4583333333333,343.75,362.0,347.5,386.4166666666667,361.4583333333333,355.2083333333333,353.7083333333333,360.5416666666667,374.8333333333333,352.25,386.4166666666667,376.5416666666667,367.75,357.7916666666667,358.2916666666667,360.75,359.7916666666667,374.6666666666667,363.3333333333333,374.5833333333333,354.75,363.8333333333333,375.0416666666667
375.4583333333333,360.125,387.9583333333333,378.5,384.0833333333333,390.875,388.9166666666667,390.125,281.0,370.2083333333333,372.4166666666667,370.0833333333333,321.7916666666667,389.75,376.125,379.3333333333333,376.6666666666667,378.2916666666667,394.3333333333333,358.7083333333333,389.75,389.3333333333333,398.7916666666667,356.375,361.875,362.2083333333333,370.375,393.1666666666667,368.6666666666667,351.6666666666667,368.0,377.875,392.375
350.7083333333333,315.5,369.4583333333333,335.875,357.5416666666667,373.7916666666667,372.0833333333333,367.0,277.2916666666667,332.625,334.25,332.25,325.5833333333333,371.7916666666667,337.7083333333333,340.2083333333333,341.0,337.625,365.25,315.6666666666667,371.7916666666667,366.9166666666667,349.7916666666667,307.3333333333333,320.5,327.0,326.8333333333333,365.6666666666667,328.5,343.25,324.75,338.5,361.3333333333333
380.7083333333333,359.7916666666667,394.5416666666667,378.2083333333333,397.7083333333333,396.4583333333333,396.125,395.5416666666667,271.375,368.3333333333333,367.3333333333333,372.7916666666667,352.5,393.625,379.8333333333333,377.125,374.8333333333333,373.8333333333333,404.125,352.2916666666667,393.625,393.5833333333333,388.5416666666667,351.2916666666667,359.75,354.2083333333333,373.875,394.1666666666667,361.875,372.875,369.0416666666667,380.7083333333333,396.75
369.4583333333333,378.125,385.4583333333333,395.4583333333333,377.7916666666667,381.1666666666667,387.3333333333333,373.0833333333333,273.9166666666667,392.75,362.9583333333333,398.5416666666667,319.25,375.2916666666667,387.2916666666667,383.5833333333333,371.2083333333333,382.625,385.5416666666667,348.9166666666667,375.2916666666667,374.8333333333333,383.2083333333333,357.125,355.4583333333333,388.2083333333333,392.5,377.5416666666667,401.375,359.375,387.875,394.2083333333333,382.625
341.5833333333333,353.5833333333333,362.0416666666667,370.6666666666667,360.625,372.0416666666667,366.3333333333333,371.0416666666667,268.375,370.125,335.125,368.2916666666667,317.75,377.1666666666667,357.75,355.5416666666667,339.2916666666667,355.0,361.8333333333333,351.8333333333333,377.1666666666667,364.7916666666667,365.7083333333333,346.7083333333333,354.375,367.625,362.5416666666667,359.75,372.2916666666667,339.9166666666667,362.1666666666667,369.8333333333333,361.9583333333333
363.4583333333333,365.4166666666667,386.0416666666667,374.2083333333333,385.0833333333333,396.0416666666667,390.5,394.25,266.7916666666667,367.75,351.9583333333333,370.6666666666667,313.0833333333333,395.0416666666667,373.875,358.3333333333333,361.4166666666667,365.9166666666667,382.875,362.4166666666667,395.0416666666667,396.8333333333333,381.0833333333333,358.625,362.4583333333333,363.9583333333333,365.2083333333333,395.5,370.625,346.0,365.75,372.0833333333333,394.375
366.625,355.5833333333333,368.25,364.4583333333333,371.9166666666667,379.375,379.9583333333333,368.8333333333333,260.2083333333333,359.25,352.2916666666667,365.2916666666667,299.25,372.1666666666667,356.125,374.5,359.5833333333333,370.5833333333333,378.125,352.9166666666667,372.1666666666667,377.75,371.875,348.0,357.625,365.3333333333333,357.5416666666667,375.125,355.3333333333333,335.7916666666667,358.25,365.875,378.6666666666667
351.5,349.2083333333333,373.7916666666667,359.8333333333333,372.3333333333333,376.75,376.3333333333333,381.9583333333333,248.25,357.625,349.0833333333333,363.5416666666667,294.375,372.5416666666667,349.3333333333333,356.8333333333333,365.0833333333333,357.8333333333333,373.8333333333333,334.5833333333333,372.5416666666667,375.6666666666667,368.625,337.3333333333333,343.5833333333333,358.6666666666667,354.7083333333333,371.8333333333333,342.875,329.875,352.4583333333333,361.0416666666667,377.0833333333333
370.3333333333333,341.5833333333333,376.5416666666667,340.625,378.7916666666667,379.4166666666667,381.0833333333333,376.8333333333333,260.25,347.3333333333333,354.5,356.5,293.6666666666667,378.2916666666667,330.875,346.1666666666667,360.4166666666667,330.9166666666667,385.9583333333333,314.5833333333333,378.2916666666667,376.8333333333333,368.4166666666667,315.375,329.3333333333333,348.25,323.9583333333333,387.4166666666667,349.0416666666667,329.2916666666667,328.2916666666667,342.5,383.125
331.0416666666667,284.5,354.4583333333333,322.625,351.0416666666667,353.5,360.0416666666667,345.0416666666667,245.54166666666663,299.9166666666667,335.0416666666667,302.4583333333333,306.7916666666667,345.7916666666667,318.7083333333333,316.0416666666667,342.7916666666667,321.2916666666667,357.7916666666667,279.1666666666667,345.7916666666667,352.7916666666667,351.4166666666667,278.125,280.2083333333333,295.2083333333333,312.5833333333333,360.625,310.2916666666667,336.7083333333333,308.75,325.4166666666667,358.5416666666667
303.9583333333333,277.75,317.3333333333333,306.5416666666667,315.0,334.25,320.75,330.0833333333333,252.79166666666663,297.9166666666667,288.3333333333333,293.6666666666667,330.75,338.5833333333333,308.5416666666667,301.75,296.2083333333333,309.5416666666667,321.8333333333333,270.4583333333333,338.5833333333333,331.8333333333333,314.2916666666667,270.5,272.2083333333333,284.625,289.6666666666667,330.375,289.2083333333333,346.0,286.5,307.7083333333333,329.4166666666667
303.7916666666667,301.625,326.6666666666667,329.125,324.9583333333333,347.0833333333333,329.5833333333333,346.4583333333333,247.66666666666663,310.375,299.5,313.5416666666667,319.0833333333333,351.9583333333333,326.5416666666667,315.375,313.125,321.7916666666667,323.2916666666667,301.75,351.9583333333333,341.1666666666667,333.0416666666667,296.8333333333333,300.125,307.8333333333333,308.0833333333333,342.7916666666667,310.9166666666667,353.375,308.7916666666667,330.2916666666667,339.1666666666667
349.2916666666667,300.9166666666667,362.125,324.625,351.125,353.6666666666667,364.4166666666667,350.1666666666667,224.41666666666663,307.75,321.5833333333333,313.4583333333333,286.0833333333333,351.2916666666667,306.625,321.4166666666667,335.0,314.2083333333333,364.7916666666667,289.7916666666667,351.2916666666667,350.0416666666667,354.9166666666667,287.8333333333333,295.5,301.125,296.5,360.125,312.9166666666667,327.8333333333333,320.2916666666667,323.0833333333333,357.2083333333333
332.0833333333333,313.375,345.25,317.375,348.625,357.75,356.25,347.5833333333333,217.04166666666663,312.0416666666667,323.625,315.7916666666667,279.5416666666667,351.9166666666667,312.4166666666667,309.375,321.625,307.9166666666667,344.4166666666667,307.3333333333333,351.9166666666667,352.6666666666667,344.5416666666667,303.7083333333333,310.625,312.8333333333333,293.1666666666667,354.8333333333333,302.25,313.0416666666667,290.6666666666667,315.5833333333333,355.8333333333333
346.9166666666667,293.7916666666667,363.9166666666667,322.5,354.8333333333333,358.75,362.0,357.6666666666667,249.20833333333331,315.5,328.9583333333333,318.9583333333333,304.75,354.7083333333333,329.2916666666667,327.625,332.5833333333333,331.875,360.6666666666667,287.7916666666667,354.7083333333333,363.5416666666667,350.75,285.75,287.4166666666667,307.0,307.5833333333333,366.2083333333333,316.375,333.9166666666667,310.2083333333333,329.125,364.7083333333333
334.9583333333333,259.7916666666667,355.5,317.375,354.375,354.0416666666667,359.2916666666667,352.2916666666667,268.2083333333333,283.875,316.5,294.0833333333333,302.1666666666667,349.2083333333333,298.4166666666667,288.5,319.875,315.5416666666667,353.0833333333333,249.08333333333331,349.2083333333333,351.0833333333333,351.375,246.75,251.0,269.375,278.5,353.5,277.7083333333333,334.9166666666667,282.7083333333333,327.7916666666667,354.5833333333333
320.625,295.1666666666667,338.5,306.7916666666667,321.4166666666667,339.7083333333333,336.2916666666667,337.5416666666667,250.08333333333331,298.7083333333333,302.4583333333333,301.2916666666667,293.1666666666667,339.4583333333333,306.9583333333333,306.0833333333333,308.5,305.5416666666667,339.75,290.375,339.4583333333333,333.25,324.4166666666667,289.25,294.5833333333333,301.4583333333333,296.0416666666667,331.5833333333333,299.1666666666667,330.7083333333333,290.4583333333333,309.375,342.2083333333333
316.7083333333333,319.8333333333333,332.75,348.9166666666667,329.5,344.2083333333333,345.9166666666667,342.5416666666667,232.04166666666663,318.75,300.9583333333333,324.25,324.0,346.5,332.0,334.7083333333333,311.4583333333333,327.7916666666667,339.9166666666667,299.2916666666667,346.5,343.7916666666667,327.7083333333333,303.2083333333333,308.75,327.75,328.125,349.8333333333333,325.0,349.2083333333333,324.625,353.5833333333333,349.0833333333333
353.5833333333333,337.7916666666667,364.0,314.8333333333333,365.375,356.875,367.5416666666667,344.0,235.95833333333331,341.375,343.0,347.7083333333333,283.375,342.2083333333333,318.25,338.0,344.7083333333333,319.9583333333333,372.0,334.0416666666667,342.2083333333333,354.6666666666667,366.7916666666667,326.625,332.4166666666667,330.2083333333333,300.125,359.625,330.2916666666667,306.625,320.25,319.9166666666667,354.7083333333333
329.4583333333333,316.75,354.4583333333333,332.3333333333333,345.3333333333333,356.5416666666667,352.7083333333333,350.2083333333333,258.375,328.9583333333333,320.125,334.5,321.8333333333333,349.6666666666667,321.125,322.6666666666667,317.9583333333333,326.625,338.125,320.4583333333333,349.6666666666667,355.625,343.6666666666667,322.1666666666667,323.1666666666667,323.375,329.625,360.0416666666667,324.0833333333333,321.9166666666667,325.625,331.2916666666667,359.0
307.5833333333333,256.25,321.0,297.7083333333333,318.625,316.9166666666667,322.0833333333333,315.625,242.5,294.375,301.7916666666667,302.25,288.4583333333333,309.2083333333333,293.6666666666667,300.2916666666667,305.4583333333333,296.4166666666667,322.2916666666667,243.20833333333331,309.2083333333333,317.7083333333333,323.0833333333333,245.29166666666663,249.20833333333331,275.3333333333333,292.7083333333333,319.75,294.1666666666667,309.0,287.9166666666667,295.6666666666667,318.0
305.4583333333333,247.625,312.9166666666667,265.7916666666667,322.7083333333333,295.875,307.75,291.2083333333333,209.75,270.5,280.375,274.2916666666667,272.0833333333333,296.3333333333333,250.58333333333331,258.9583333333333,300.1666666666667,255.33333333333331,317.5833333333333,232.20833333333331,296.3333333333333,291.375,313.2083333333333,232.875,231.70833333333331,252.83333333333331,236.58333333333331,292.3333333333333,254.95833333333331,294.4583333333333,236.91666666666663,256.1666666666667,295.875
263.1666666666667,228.25,294.375,243.95833333333331,295.5416666666667,298.5416666666667,311.375,296.25,220.04166666666663,238.08333333333331,266.875,233.45833333333331,303.375,304.5416666666667,242.91666666666663,248.45833333333331,274.2083333333333,251.375,278.75,218.83333333333331,304.5416666666667,299.2916666666667,277.1666666666667,220.0,220.79166666666663,232.91666666666663,236.29166666666663,306.0833333333333,238.29166666666663,344.2916666666667,234.54166666666663,246.08333333333331,303.7083333333333
284.0416666666667,270.4166666666667,301.8333333333333,298.25,302.1666666666667,315.1666666666667,304.9583333333333,309.375,223.91666666666663,272.5416666666667,287.5416666666667,271.375,278.625,310.5,292.5416666666667,287.125,283.5833333333333,290.75,303.7083333333333,265.4166666666667,310.5,310.6666666666667,298.9583333333333,261.4166666666667,274.9583333333333,278.6666666666667,269.125,309.0833333333333,269.3333333333333,327.8333333333333,261.1666666666667,294.8333333333333,308.2083333333333
310.1666666666667,301.3333333333333,327.5833333333333,305.4583333333333,329.4166666666667,328.0833333333333,332.6666666666667,320.6666666666667,209.91666666666663,291.7083333333333,314.0833333333333,299.5,283.6666666666667,320.875,317.1666666666667,306.5416666666667,322.2083333333333,309.6666666666667,334.2083333333333,299.0833333333333,320.875,319.5416666666667,351.75,287.0416666666667,303.75,306.375,302.5,320.3333333333333,302.6666666666667,298.875,290.25,298.9583333333333,319.75
322.5833333333333,270.4583333333333,344.2916666666667,299.125,340.6666666666667,345.0416666666667,348.125,340.2083333333333,217.625,287.5833333333333,310.25,290.5416666666667,268.25,339.2083333333333,299.625,302.625,316.2916666666667,310.75,340.9583333333333,255.41666666666663,339.2083333333333,342.2916666666667,338.7083333333333,259.5833333333333,264.7083333333333,279.2083333333333,281.7916666666667,345.7916666666667,285.25,293.0,280.75,298.4166666666667,346.1666666666667
319.4166666666667,269.625,341.5833333333333,306.4583333333333,346.0833333333333,340.4166666666667,351.3333333333333,335.2083333333333,220.58333333333331,293.1666666666667,290.1666666666667,290.875,264.4583333333333,337.25,291.1666666666667,294.9583333333333,291.5,298.9166666666667,333.125,271.5416666666667,337.25,340.8333333333333,309.8333333333333,266.7916666666667,276.5,283.3333333333333,277.875,347.0416666666667,278.125,281.5833333333333,272.5416666666667,310.5,345.1666666666667
318.125,283.0416666666667,344.9166666666667,314.875,337.4166666666667,342.2916666666667,346.5416666666667,344.1666666666667,215.79166666666663,298.875,319.5416666666667,306.5416666666667,263.5,341.2083333333333,310.5833333333333,316.9583333333333,324.5416666666667,318.75,333.5,265.9166666666667,341.2083333333333,340.0416666666667,346.0,269.7916666666667,276.8333333333333,297.7916666666667,300.6666666666667,346.5,295.8333333333333,280.7083333333333,295.125,314.5416666666667,343.8333333333333
307.375,275.625,334.5,290.75,337.0,346.7083333333333,349.8333333333333,337.9166666666667,211.375,278.25,292.25,279.8333333333333,260.5416666666667,334.875,278.2083333333333,283.0833333333333,295.5416666666667,276.8333333333333,321.2916666666667,247.66666666666663,334.875,343.8333333333333,314.4166666666667,251.29166666666663,253.625,274.25,275.375,345.2916666666667,273.4583333333333,285.5,271.0416666666667,291.9583333333333,342.1666666666667
328.7083333333333,289.5,345.7916666666667,327.375,345.2916666666667,359.0833333333333,356.7916666666667,362.9583333333333,218.0,299.2916666666667,297.2916666666667,304.0,261.3333333333333,364.0,309.625,305.1666666666667,308.75,306.3333333333333,335.4583333333333,278.5,364.0,355.0416666666667,337.875,281.2083333333333,279.8333333333333,301.8333333333333,305.5833333333333,361.2083333333333,306.9166666666667,285.1666666666667,301.7916666666667,328.0,357.125
338.875,289.7083333333333,357.0,318.9583333333333,353.5833333333333,364.2916666666667,360.25,358.625,245.54166666666663,298.1666666666667,320.9166666666667,308.5416666666667,274.9583333333333,358.6666666666667,315.4166666666667,309.7083333333333,324.9166666666667,313.4166666666667,355.5,287.5416666666667,358.6666666666667,360.9166666666667,348.5416666666667,288.9166666666667,287.2916666666667,290.5,315.6666666666667,364.6666666666667,320.9166666666667,298.6666666666667,319.125,317.875,361.7916666666667
331.875,317.0416666666667,353.8333333333333,311.4166666666667,350.125,355.8333333333333,356.0416666666667,354.4583333333333,222.91666666666663,314.125,307.4583333333333,322.5,263.75,352.4166666666667,293.125,296.0,311.2916666666667,294.5,348.5833333333333,315.7916666666667,352.4166666666667,357.875,340.75,312.2083333333333,319.0833333333333,315.2916666666667,303.125,362.7083333333333,313.2916666666667,282.5833333333333,306.625,310.625,359.9583333333333
284.25,259.0833333333333,322.625,264.625,317.75,323.0,321.125,315.9583333333333,219.5,266.6666666666667,272.2916666666667,267.4583333333333,262.2916666666667,314.4583333333333,261.0833333333333,271.25,272.7916666666667,267.5,307.7083333333333,240.41666666666663,314.4583333333333,320.4583333333333,304.4166666666667,239.70833333333331,248.91666666666663,257.4583333333333,249.54166666666663,324.875,260.5833333333333,288.3333333333333,250.375,265.3333333333333,324.625
291.0,244.25,314.8333333333333,286.25,310.75,313.125,315.0416666666667,312.25,242.33333333333331,267.5416666666667,277.5833333333333,269.1666666666667,287.7083333333333,310.5,272.7083333333333,258.5,285.625,273.3333333333333,305.0,222.25,310.5,309.0833333333333,311.2916666666667,225.625,230.625,258.375,256.5833333333333,316.8333333333333,261.2083333333333,313.625,256.0,287.2916666666667,316.125
300.625,275.0416666666667,318.0,302.125,320.5416666666667,317.75,327.0,308.8333333333333,215.0,276.6666666666667,285.7083333333333,282.0833333333333,262.375,309.5416666666667,276.1666666666667,285.875,287.0416666666667,281.5833333333333,310.125,252.04166666666663,309.5416666666667,319.7916666666667,312.9583333333333,253.125,263.125,276.3333333333333,275.4166666666667,329.7083333333333,275.2083333333333,291.4166666666667,274.875,302.8333333333333,324.8333333333333
326.7916666666667,328.75,339.5416666666667,326.4583333333333,335.5416666666667,333.25,340.1666666666667,325.5833333333333,236.66666666666663,325.2916666666667,316.375,335.75,267.2916666666667,325.75,320.625,310.2083333333333,321.4166666666667,316.8333333333333,338.5416666666667,322.875,325.75,335.8333333333333,339.0833333333333,320.0,329.75,329.5416666666667,320.2083333333333,339.375,325.9166666666667,292.0416666666667,323.8333333333333,326.125,339.25
308.75,299.25,337.7083333333333,293.5,332.9583333333333,337.0833333333333,338.2916666666667,329.7083333333333,243.70833333333331,298.8333333333333,297.2083333333333,305.9583333333333,274.875,330.5,284.2083333333333,287.7083333333333,302.75,286.625,330.1666666666667,299.375,330.5,336.8333333333333,324.5,293.375,304.375,299.625,289.7916666666667,343.9166666666667,296.2083333333333,310.7083333333333,292.875,292.5833333333333,341.875
305.2083333333333,292.9583333333333,333.2083333333333,292.1666666666667,327.25,331.6666666666667,332.8333333333333,328.375,251.79166666666663,293.4583333333333,290.9166666666667,297.9583333333333,274.75,326.875,291.0416666666667,291.25,294.3333333333333,290.875,322.25,274.375,326.875,329.75,321.7083333333333,281.7916666666667,287.1666666666667,289.4166666666667,284.9583333333333,334.6666666666667,288.6666666666667,307.2083333333333,286.0416666666667,291.75,334.5416666666667
283.9166666666667,254.875,306.2083333333333,262.375,306.9166666666667,306.9166666666667,312.5833333333333,304.2083333333333,226.125,258.4583333333333,277.8333333333333,261.5416666666667,267.6666666666667,306.75,258.625,270.2916666666667,282.4166666666667,266.75,299.4166666666667,253.625,306.75,309.3333333333333,299.75,253.79166666666663,256.25,259.375,248.5,312.0,262.125,291.8333333333333,252.41666666666663,261.125,310.1666666666667
283.4166666666667,290.0,296.75,304.7083333333333,299.0833333333333,304.625,306.5416666666667,307.5833333333333,226.0,296.0833333333333,278.7916666666667,299.5833333333333,279.125,312.4166666666667,298.0416666666667,289.4583333333333,291.5,295.4583333333333,302.0416666666667,282.8333333333333,312.4166666666667,301.125,298.9166666666667,277.0833333333333,286.8333333333333,292.5416666666667,290.875,301.4166666666667,290.375,305.2916666666667,293.5416666666667,304.9583333333333,300.0
323.5,302.6666666666667,332.5,340.7916666666667,336.0,332.7083333333333,340.7916666666667,324.875,235.125,322.6666666666667,309.125,329.9166666666667,291.1666666666667,322.6666666666667,318.625,312.0833333333333,321.125,317.2083333333333,336.375,284.0,322.6666666666667,332.3333333333333,334.0,287.9583333333333,291.8333333333333,318.7083333333333,316.9166666666667,338.5416666666667,323.125,301.9166666666667,316.9166666666667,341.625,337.3333333333333
322.2083333333333,347.4166666666667,313.9166666666667,364.375,317.5833333333333,316.625,325.4583333333333,314.75,250.08333333333331,350.75,323.0416666666667,356.25,282.6666666666667,316.4583333333333,336.2916666666667,321.4166666666667,337.9583333333333,328.5,336.375,331.4583333333333,316.4583333333333,317.125,343.125,336.75,336.0833333333333,355.875,354.5416666666667,320.625,356.625,307.9583333333333,355.4166666666667,363.4583333333333,319.125
323.9583333333333,340.125,332.4166666666667,295.2916666666667,329.0833333333333,325.4583333333333,334.625,322.5,256.8333333333333,299.3333333333333,301.25,301.7083333333333,295.3333333333333,321.0416666666667,291.2916666666667,297.375,304.2083333333333,293.9166666666667,340.0416666666667,305.9166666666667,321.0416666666667,323.9583333333333,324.375,313.75,309.875,306.5,290.75,330.75,301.4166666666667,330.3333333333333,295.0,294.8333333333333,331.0416666666667
306.25,292.7083333333333,323.75,291.5,319.0833333333333,324.2083333333333,322.4166666666667,311.2083333333333,253.125,290.25,288.2083333333333,292.0833333333333,294.5416666666667,308.25,288.0416666666667,294.0833333333333,286.4166666666667,288.8333333333333,326.375,269.2083333333333,308.25,322.75,316.7083333333333,278.8333333333333,275.2916666666667,278.3333333333333,280.75,325.75,281.5833333333333,343.125,280.625,291.3333333333333,325.4166666666667
312.5416666666667,302.9583333333333,335.5,303.4166666666667,333.0416666666667,339.6666666666667,339.25,330.5416666666667,245.625,297.2083333333333,299.4166666666667,300.2916666666667,298.875,330.4166666666667,289.5,304.375,299.5833333333333,285.0833333333333,335.2916666666667,272.9583333333333,330.4166666666667,337.9166666666667,330.0833333333333,278.0833333333333,278.8333333333333,299.5416666666667,294.8333333333333,339.375,298.5833333333333,326.875,294.8333333333333,303.5833333333333,341.5
311.7916666666667,284.6666666666667,327.3333333333333,299.9583333333333,322.9166666666667,341.9166666666667,334.4166666666667,334.9166666666667,238.875,291.7916666666667,290.0833333333333,295.4166666666667,287.875,331.4166666666667,289.7916666666667,298.5416666666667,292.5833333333333,290.625,330.5833333333333,272.5833333333333,331.4166666666667,341.3333333333333,316.5416666666667,272.0,278.8333333333333,286.6666666666667,295.5,343.4583333333333,289.4166666666667,318.9583333333333,294.125,300.125,339.9583333333333
339.125,317.625,352.9583333333333,331.7916666666667,349.0833333333333,354.1666666666667,347.2083333333333,349.8333333333333,258.875,323.25,320.375,331.7083333333333,297.625,348.2916666666667,335.125,331.625,324.125,334.125,357.6666666666667,317.5416666666667,348.2916666666667,352.9166666666667,350.0416666666667,316.0,320.125,325.125,324.1666666666667,356.4166666666667,321.8333333333333,330.4583333333333,322.5833333333333,332.5,351.3333333333333
341.7916666666667,283.7083333333333,352.0416666666667,331.3333333333333,350.4166666666667,358.8333333333333,355.1666666666667,355.3333333333333,259.375,301.875,335.0,303.125,287.25,355.6666666666667,333.1666666666667,343.4583333333333,335.7916666666667,340.5,356.4583333333333,274.7083333333333,355.6666666666667,354.25,347.75,273.4583333333333,282.6666666666667,290.0,299.1666666666667,356.75,305.5,318.7916666666667,297.75,332.9166666666667,357.0833333333333
330.4166666666667,293.9166666666667,346.1666666666667,328.125,343.2916666666667,347.0,347.0,345.4583333333333,239.58333333333331,309.9166666666667,319.0,315.4583333333333,284.2916666666667,344.0,320.625,321.5833333333333,324.5,314.875,343.75,281.2083333333333,344.0,344.5833333333333,337.2916666666667,281.875,287.0833333333333,299.7916666666667,308.7916666666667,347.0416666666667,308.2083333333333,310.2916666666667,305.6666666666667,330.125,344.0416666666667
358.7916666666667,316.1666666666667,350.5833333333333,352.4166666666667,357.5416666666667,371.25,367.5,361.3333333333333,264.9583333333333,341.9166666666667,334.9166666666667,349.0,308.6666666666667,363.7083333333333,337.5416666666667,331.6666666666667,339.0416666666667,335.8333333333333,372.4166666666667,301.8333333333333,363.7083333333333,372.5,356.375,304.7916666666667,307.1666666666667,334.0416666666667,339.9583333333333,372.0,336.8333333333333,337.0,338.3333333333333,352.2916666666667,367.5833333333333
363.9583333333333,340.9583333333333,380.2083333333333,373.625,377.6666666666667,389.5416666666667,386.2916666666667,378.9166666666667,270.375,360.9583333333333,354.4166666666667,368.25,299.7916666666667,369.9583333333333,374.2916666666667,361.5833333333333,360.125,369.2083333333333,383.2916666666667,322.2916666666667,369.9583333333333,384.1666666666667,377.8333333333333,326.4166666666667,330.0833333333333,356.2916666666667,366.5416666666667,382.7083333333333,362.6666666666667,334.0833333333333,366.0,373.2083333333333,384.2916666666667
347.625,300.125,362.0416666666667,326.25,356.8333333333333,367.0833333333333,356.625,363.875,257.6666666666667,309.0,310.75,310.5416666666667,322.7083333333333,363.2916666666667,319.25,316.4583333333333,317.5,318.6666666666667,368.3333333333333,284.75,363.2916666666667,359.4583333333333,347.4583333333333,290.9583333333333,293.4583333333333,303.2916666666667,311.5416666666667,347.8333333333333,314.5416666666667,345.7083333333333,310.0,327.7916666666667,348.0416666666667
349.5,349.2916666666667,358.75,390.2083333333333,358.5416666666667,358.1666666666667,363.0,352.2083333333333,261.2916666666667,356.625,337.0833333333333,366.7916666666667,308.7916666666667,354.2083333333333,355.4166666666667,349.4583333333333,342.4583333333333,351.5,367.75,334.4583333333333,354.2083333333333,356.5416666666667,358.0833333333333,337.125,338.8333333333333,362.2916666666667,360.4583333333333,354.4166666666667,360.4583333333333,343.9166666666667,360.5,389.9583333333333,352.6666666666667
348.375,352.2083333333333,360.2083333333333,346.4166666666667,356.9166666666667,354.7083333333333,362.2916666666667,350.0833333333333,268.6666666666667,355.0833333333333,343.0833333333333,361.875,305.7916666666667,349.4583333333333,344.7083333333333,354.0416666666667,351.3333333333333,348.0,367.7083333333333,338.0,349.4583333333333,356.25,372.0,345.5833333333333,351.8333333333333,349.2916666666667,338.0416666666667,361.2083333333333,340.75,335.5,335.375,347.125,359.5
344.0833333333333,348.625,358.7083333333333,358.4166666666667,360.7916666666667,363.0,363.3333333333333,361.5,249.375,354.8333333333333,335.6666666666667,358.25,312.4583333333333,361.0416666666667,360.2083333333333,354.0833333333333,340.7916666666667,354.4166666666667,362.7916666666667,347.4583333333333,361.0416666666667,357.7916666666667,355.2916666666667,350.5416666666667,350.7916666666667,357.75,354.125,358.5,356.5,344.25,354.9583333333333,359.2083333333333,354.875
368.2083333333333,365.0416666666667,376.1666666666667,391.0416666666667,374.25,385.9166666666667,383.75,379.0,281.0,377.125,364.4583333333333,382.9583333333333,335.4166666666667,378.1666666666667,385.7916666666667,380.375,375.1666666666667,382.0,381.5833333333333,339.8333333333333,378.1666666666667,379.5833333333333,384.625,348.5833333333333,348.2916666666667,378.5416666666667,382.0833333333333,372.625,376.7083333333333,364.2916666666667,373.3333333333333,390.7083333333333,372.0416666666667
380.7916666666667,368.1666666666667,395.7916666666667,382.8333333333333,391.8333333333333,393.6666666666667,397.875,389.7916666666667,284.6666666666667,381.5416666666667,375.7083333333333,387.375,347.0,390.3333333333333,374.2083333333333,377.5416666666667,383.0416666666667,381.5,402.7916666666667,348.6666666666667,390.3333333333333,391.375,388.625,355.125,354.5833333333333,380.625,369.7083333333333,390.9166666666667,375.7083333333333,353.1666666666667,370.375,382.4166666666667,391.375
364.9583333333333,349.5,386.625,372.4583333333333,381.2083333333333,383.875,386.2083333333333,378.125,262.0,365.9166666666667,355.0416666666667,372.375,331.5833333333333,379.4166666666667,367.0,361.4166666666667,361.875,362.7916666666667,385.3333333333333,323.5416666666667,379.4166666666667,383.6666666666667,368.9166666666667,334.5416666666667,337.625,354.2083333333333,365.5,387.7916666666667,365.4583333333333,360.7916666666667,365.0,372.7083333333333,388.4166666666667
376.8333333333333,355.0416666666667,392.0,381.0416666666667,386.9166666666667,386.2083333333333,391.9166666666667,379.1666666666667,275.75,369.5416666666667,348.125,374.6666666666667,324.4583333333333,378.5833333333333,368.875,362.6666666666667,354.2083333333333,366.2083333333333,395.2083333333333,333.5416666666667,378.5833333333333,384.2083333333333,384.125,338.2916666666667,340.375,358.5833333333333,373.2916666666667,383.75,366.4583333333333,357.3333333333333,367.1666666666667,379.7916666666667,386.2083333333333
376.375,394.8333333333333,384.7916666666667,392.7916666666667,380.5833333333333,385.0833333333333,390.75,381.5416666666667,261.125,385.875,363.375,391.7083333333333,327.9583333333333,383.2916666666667,383.5416666666667,372.7916666666667,369.625,379.2083333333333,389.2083333333333,374.0416666666667,383.2916666666667,382.7083333333333,376.125,381.4583333333333,384.7083333333333,387.4583333333333,384.625,384.5416666666667,389.7916666666667,354.2083333333333,386.8333333333333,393.7916666666667,382.1666666666667
391.2916666666667,399.1666666666667,401.5833333333333,409.9583333333333,399.9583333333333,406.0833333333333,410.0,396.7083333333333,271.6666666666667,405.8333333333333,387.1666666666667,410.5,318.125,394.5416666666667,398.0833333333333,392.0,398.8333333333333,397.0,410.875,374.5833333333333,394.5416666666667,402.375,402.0416666666667,384.1666666666667,385.2083333333333,407.8333333333333,395.2916666666667,405.125,406.0833333333333,346.4583333333333,399.9583333333333,409.2083333333333,405.375
378.7083333333333,365.0833333333333,403.25,395.7083333333333,396.25,397.5833333333333,399.4583333333333,391.9166666666667,277.0416666666667,390.7083333333333,371.5833333333333,395.5,332.8333333333333,392.375,377.625,378.375,377.6666666666667,378.125,399.6666666666667,344.5833333333333,392.375,392.375,395.125,351.0,351.1666666666667,384.5,375.9166666666667,393.0,389.6666666666667,370.5416666666667,378.125,395.0416666666667,391.8333333333333
377.5,370.7083333333333,396.875,393.125,391.9583333333333,390.7916666666667,396.2916666666667,389.75,279.5416666666667,383.75,381.8333333333333,389.0,345.1666666666667,388.2916666666667,389.25,382.375,382.4583333333333,391.6666666666667,398.9583333333333,338.9583333333333,388.2916666666667,385.875,394.4583333333333,345.6666666666667,353.1666666666667,380.5833333333333,388.9166666666667,385.875,387.5,379.0833333333333,381.625,394.2916666666667,387.3333333333333
370.5833333333333,367.0,387.7916666666667,397.0833333333333,384.125,389.3333333333333,390.8333333333333,385.5,287.5416666666667,388.7916666666667,368.75,395.8333333333333,333.4166666666667,384.8333333333333,383.8333333333333,369.4166666666667,371.1666666666667,377.6666666666667,391.25,347.7916666666667,384.8333333333333,386.8333333333333,382.2083333333333,353.1666666666667,353.4166666666667,387.3333333333333,383.625,391.0833333333333,387.1666666666667,373.4583333333333,381.3333333333333,397.4166666666667,386.25
371.9166666666667,384.5416666666667,388.0,400.75,381.9166666666667,388.5833333333333,388.25,386.625,273.7083333333333,399.9166666666667,366.3333333333333,404.4166666666667,329.1666666666667,385.0833333333333,388.1666666666667,376.0416666666667,376.875,381.375,391.7916666666667,363.375,385.0833333333333,384.25,391.25,368.9166666666667,372.75,399.375,400.5,387.7083333333333,397.9583333333333,360.5,395.7083333333333,400.75,386.6666666666667
371.9166666666667,362.625,385.5,378.75,381.9583333333333,382.5,383.9583333333333,380.7083333333333,291.0833333333333,376.0416666666667,365.875,383.1666666666667,347.5416666666667,378.25,368.25,366.9583333333333,372.5833333333333,367.8333333333333,389.5416666666667,339.7916666666667,378.25,382.2916666666667,387.625,347.4166666666667,345.4583333333333,372.375,374.125,383.5,385.875,383.7083333333333,378.1666666666667,378.0833333333333,379.0
367.4583333333333,376.7083333333333,387.875,382.5833333333333,382.6666666666667,382.5833333333333,385.5,374.8333333333333,269.5416666666667,375.3333333333333,370.3333333333333,381.125,329.5416666666667,374.6666666666667,381.9583333333333,377.6666666666667,375.5416666666667,379.0833333333333,391.0,352.4583333333333,374.6666666666667,381.2916666666667,386.4583333333333,362.5416666666667,362.875,375.125,378.5416666666667,383.2916666666667,379.75,364.375,375.4166666666667,382.75,385.625
373.125,371.875,400.25,393.375,397.6666666666667,406.2916666666667,398.375,403.8333333333333,293.5,379.5416666666667,366.125,384.2916666666667,340.375,399.375,386.2083333333333,380.7083333333333,374.4166666666667,387.9166666666667,395.875,363.125,399.375,402.3333333333333,382.3333333333333,367.25,370.625,382.4166666666667,377.2083333333333,403.75,383.9166666666667,393.2916666666667,376.3333333333333,393.7916666666667,401.0
394.2916666666667,366.4583333333333,406.2083333333333,403.5,397.0,409.0,395.2916666666667,400.9583333333333,290.1666666666667,380.375,394.75,382.6666666666667,340.4166666666667,402.7083333333333,398.5,403.7916666666667,401.75,405.125,417.4583333333333,349.1666666666667,402.7083333333333,409.3333333333333,405.75,350.5,350.6666666666667,375.5833333333333,383.7916666666667,413.25,381.125,385.2083333333333,379.7083333333333,404.375,409.25
376.7916666666667,372.7083333333333,390.2916666666667,399.2083333333333,389.4166666666667,386.9583333333333,391.4166666666667,385.6666666666667,288.1666666666667,381.8333333333333,370.875,382.9166666666667,347.3333333333333,387.0416666666667,394.0,384.2916666666667,377.2083333333333,385.875,399.8333333333333,358.7083333333333,387.0416666666667,384.6666666666667,390.5,358.0416666666667,365.3333333333333,376.5416666666667,377.6666666666667,388.2083333333333,379.8333333333333,376.875,374.75,400.375,385.8333333333333
374.6666666666667,352.5833333333333,398.125,388.6666666666667,396.5,404.875,403.875,402.25,312.5833333333333,364.7083333333333,370.3333333333333,367.0416666666667,361.9166666666667,404.1666666666667,387.2916666666667,383.0833333333333,382.0833333333333,382.75,401.5416666666667,335.9166666666667,404.1666666666667,402.0,391.1666666666667,337.5833333333333,335.2916666666667,359.5833333333333,379.0,408.2083333333333,371.7916666666667,391.9166666666667,375.1666666666667,389.4583333333333,402.5416666666667
388.5,392.0,412.0833333333333,418.6666666666667,411.0833333333333,419.5416666666667,414.9166666666667,410.375,297.2083333333333,411.7083333333333,395.8333333333333,412.125,358.4583333333333,406.5416666666667,420.7916666666667,410.8333333333333,405.0,415.5,418.125,381.9583333333333,406.5416666666667,420.0,411.0,383.6666666666667,381.7083333333333,409.375,415.375,421.3333333333333,414.9166666666667,400.9583333333333,411.375,418.0833333333333,419.25
393.0,402.6666666666667,402.9166666666667,426.125,406.25,405.4166666666667,404.3333333333333,402.9583333333333,288.3333333333333,416.2916666666667,390.0416666666667,420.1666666666667,340.0416666666667,399.375,409.5,400.875,395.75,402.7083333333333,415.75,392.9583333333333,399.375,403.875,409.75,395.6666666666667,408.2083333333333,423.1666666666667,427.9166666666667,404.6666666666667,427.0,385.8333333333333,426.4583333333333,425.1666666666667,403.4583333333333
397.7083333333333,406.4166666666667,419.75,427.5,415.0833333333333,422.9583333333333,424.5416666666667,419.8333333333333,315.125,415.4166666666667,401.4166666666667,424.0,353.9166666666667,417.7083333333333,420.625,414.5416666666667,413.25,418.125,428.0416666666667,393.0416666666667,417.7083333333333,420.2916666666667,415.0,392.3333333333333,398.7916666666667,419.5833333333333,418.625,424.1666666666667,421.6666666666667,392.0,417.0,427.9583333333333,422.2083333333333
417.2916666666667,390.25,432.3333333333333,406.375,430.625,428.125,434.9583333333333,423.9583333333333,331.7083333333333,394.5416666666667,394.375,403.5833333333333,384.2916666666667,420.25,404.0833333333333,401.7916666666667,399.75,400.9166666666667,441.8333333333333,379.375,420.25,428.4166666666667,423.2916666666667,379.625,386.4583333333333,394.25,395.2916666666667,430.6666666666667,399.2083333333333,427.875,391.0,406.4583333333333,431.2083333333333
380.25,394.0833333333333,401.25,405.5833333333333,397.6666666666667,417.75,406.2916666666667,415.2916666666667,329.75,398.75,397.0,405.7083333333333,379.9583333333333,414.875,405.5833333333333,403.9583333333333,401.375,402.6666666666667,399.3333333333333,380.375,414.875,411.1666666666667,404.375,385.625,389.875,397.2916666666667,405.0416666666667,411.4166666666667,403.0833333333333,414.5833333333333,402.7083333333333,406.3333333333333,413.2083333333333
393.1666666666667,396.6666666666667,416.25,416.4583333333333,411.8333333333333,417.875,416.4166666666667,412.3333333333333,331.3333333333333,407.25,399.875,408.4583333333333,374.625,411.4166666666667,420.0833333333333,413.5416666666667,401.6666666666667,418.625,417.3333333333333,375.125,411.4166666666667,412.7083333333333,414.0,380.7083333333333,384.375,404.4166666666667,410.5833333333333,412.8333333333333,409.0833333333333,404.2083333333333,403.75,417.25,412.7083333333333
383.4583333333333,404.625,406.25,404.75,400.5416666666667,406.875,405.6666666666667,401.5833333333333,320.5416666666667,407.2083333333333,379.2083333333333,411.1666666666667,373.625,400.2083333333333,396.0416666666667,391.9583333333333,381.5833333333333,389.0416666666667,406.1666666666667,389.625,400.2083333333333,405.7083333333333,398.3333333333333,389.9583333333333,391.9583333333333,410.0416666666667,407.9166666666667,406.9166666666667,407.625,406.9166666666667,403.6666666666667,404.9583333333333,405.0416666666667
397.0833333333333,407.4166666666667,423.0,427.75,417.5416666666667,417.375,419.9166666666667,414.25,323.5833333333333,412.3333333333333,404.6666666666667,417.5,380.4166666666667,414.375,425.625,420.8333333333333,409.3333333333333,423.75,425.1666666666667,396.8333333333333,414.375,413.8333333333333,419.375,397.9583333333333,399.9583333333333,419.2916666666667,421.2083333333333,416.5,419.4166666666667,410.2083333333333,414.5416666666667,427.5416666666667,418.0833333333333
399.4166666666667,419.7083333333333,417.0416666666667,430.625,414.2916666666667,415.2083333333333,418.2916666666667,410.9583333333333,324.625,425.2083333333333,406.0833333333333,430.0416666666667,390.2916666666667,410.9166666666667,432.8333333333333,426.5833333333333,411.9583333333333,428.9583333333333,422.9583333333333,405.0833333333333,410.9166666666667,412.875,426.625,409.5,413.3333333333333,427.2083333333333,426.6666666666667,413.5833333333333,429.1666666666667,411.9166666666667,420.625,430.0416666666667,414.5833333333333
412.125,433.9166666666667,433.375,449.7083333333333,432.75,440.6666666666667,436.7916666666667,438.2083333333333,333.4166666666667,431.9583333333333,423.4166666666667,435.5,377.5833333333333,436.1666666666667,445.375,442.5833333333333,428.125,436.0416666666667,437.7083333333333,416.6666666666667,436.1666666666667,436.0,437.7916666666667,422.5833333333333,420.8333333333333,438.5416666666667,439.2916666666667,436.7916666666667,431.5,417.5416666666667,431.7916666666667,449.5833333333333,433.5833333333333
416.2083333333333,414.3333333333333,429.875,440.9583333333333,426.625,437.6666666666667,428.4166666666667,432.5416666666667,332.625,428.7916666666667,425.3333333333333,435.5,389.25,427.375,437.5416666666667,435.8333333333333,428.25,436.25,434.9166666666667,401.0416666666667,427.375,438.6666666666667,432.2916666666667,404.9166666666667,407.2083333333333,429.8333333333333,441.2916666666667,436.4583333333333,430.125,420.7083333333333,436.8333333333333,439.7083333333333,431.25
421.75,441.2083333333333,437.0,454.75,432.5,433.875,436.8333333333333,430.375,335.4166666666667,447.5833333333333,423.5416666666667,453.4166666666667,379.125,429.875,446.5416666666667,435.9583333333333,428.6666666666667,438.7083333333333,438.125,430.6666666666667,429.875,432.0833333333333,434.9583333333333,433.4583333333333,433.5416666666667,450.5,446.625,434.0,445.875,411.75,440.7916666666667,453.9166666666667,435.1666666666667
412.7916666666667,436.0,436.625,441.7083333333333,431.7083333333333,432.6666666666667,426.2083333333333,429.5,335.7083333333333,425.875,419.7916666666667,433.4583333333333,386.0,428.0416666666667,439.8333333333333,441.9583333333333,421.375,437.125,439.7083333333333,424.2916666666667,428.0416666666667,429.7916666666667,434.625,430.6666666666667,434.5,435.0833333333333,442.25,430.7083333333333,432.0416666666667,407.0833333333333,434.75,441.7083333333333,426.375
398.4583333333333,429.7083333333333,422.2083333333333,423.4166666666667,415.375,422.8333333333333,415.25,417.7083333333333,330.2916666666667,417.875,409.4583333333333,423.4583333333333,371.6666666666667,416.375,412.2916666666667,419.1666666666667,412.2916666666667,412.875,423.4166666666667,418.7083333333333,416.375,419.9583333333333,419.5416666666667,423.375,425.5833333333333,427.0833333333333,424.625,422.3333333333333,423.8333333333333,416.875,420.625,423.4583333333333,415.5416666666667
408.375,436.0,427.25,433.5,426.75,431.375,427.625,427.0,328.5416666666667,438.9166666666667,411.0,445.0,382.9166666666667,428.5833333333333,428.7083333333333,424.7083333333333,416.7916666666667,425.5833333333333,430.375,432.125,428.5833333333333,425.875,426.0,431.5416666666667,438.5,445.2916666666667,427.0833333333333,427.1666666666667,432.875,431.375,426.6666666666667,432.4583333333333,425.2083333333333
411.7916666666667,437.375,430.2083333333333,437.3333333333333,428.25,426.0416666666667,434.5833333333333,420.4166666666667,313.875,434.0416666666667,408.6666666666667,440.4166666666667,387.0833333333333,420.875,424.6666666666667,424.875,412.6666666666667,422.875,436.2916666666667,434.4583333333333,420.875,423.5833333333333,423.9166666666667,435.9166666666667,444.6666666666667,444.875,428.8333333333333,429.25,431.375,419.125,419.0416666666667,436.5833333333333,429.0
428.75,446.125,444.7083333333333,449.75,442.3333333333333,441.75,447.125,433.75,339.0833333333333,433.125,429.5,440.625,375.2083333333333,431.5833333333333,449.7916666666667,448.7083333333333,433.4583333333333,449.1666666666667,447.75,449.5416666666667,431.5833333333333,442.5416666666667,440.3333333333333,451.0,451.875,451.9166666666667,450.5833333333333,449.25,452.5416666666667,425.6666666666667,447.75,450.2916666666667,444.5416666666667
439.875,460.7916666666667,465.75,457.9583333333333,459.125,456.4583333333333,463.5833333333333,447.7916666666667,350.0416666666667,442.5,432.375,451.2083333333333,387.625,445.7083333333333,446.8333333333333,451.875,440.6666666666667,450.4583333333333,459.6666666666667,455.4583333333333,445.7083333333333,457.1666666666667,448.4166666666667,456.2916666666667,458.8333333333333,458.3333333333333,455.2083333333333,461.0416666666667,461.5,435.0,454.875,457.0833333333333,461.75
428.7916666666667,439.5,448.1666666666667,457.0416666666667,445.625,439.9166666666667,447.5,436.9583333333333,353.4166666666667,444.7083333333333,426.7916666666667,452.375,390.125,439.0833333333333,443.4166666666667,435.4166666666667,430.75,438.1666666666667,450.0,429.3333333333333,439.0833333333333,437.9166666666667,442.875,430.9583333333333,434.7916666666667,452.75,451.375,444.1666666666667,452.0416666666667,434.5416666666667,442.2916666666667,455.9166666666667,442.25
429.7083333333333,445.25,457.0833333333333,473.125,450.9583333333333,445.0,453.9166666666667,443.875,348.0,459.75,434.5416666666667,465.9166666666667,379.6666666666667,442.5833333333333,457.6666666666667,444.375,438.625,448.5416666666667,453.6666666666667,446.375,442.5833333333333,443.5833333333333,448.4166666666667,444.5416666666667,449.4583333333333,454.4583333333333,455.875,445.875,458.5833333333333,433.5833333333333,451.9583333333333,472.625,445.875
428.125,462.2083333333333,457.875,459.125,453.375,448.7083333333333,454.1666666666667,446.375,343.75,456.8333333333333,443.75,462.5833333333333,390.6666666666667,444.875,458.0,450.8333333333333,449.875,455.0833333333333,462.9583333333333,463.0,444.875,451.3333333333333,452.7083333333333,461.4166666666667,460.5,465.8333333333333,460.25,456.8333333333333,470.25,433.0,461.375,459.5833333333333,454.75
433.0,462.9583333333333,462.125,456.7083333333333,456.125,450.2916666666667,460.2083333333333,444.0833333333333,356.5416666666667,456.2916666666667,435.6666666666667,461.2083333333333,393.9583333333333,442.625,458.625,455.375,445.7083333333333,457.1666666666667,460.75,458.7916666666667,442.625,451.2916666666667,453.9583333333333,460.5,461.5833333333333,461.375,453.8333333333333,455.0833333333333,462.5833333333333,426.2083333333333,455.6666666666667,456.5416666666667,450.375
420.0833333333333,459.5833333333333,456.0833333333333,457.9166666666667,448.5833333333333,449.7083333333333,455.7916666666667,449.125,352.9166666666667,454.125,435.1666666666667,459.5,384.2083333333333,449.25,458.5833333333333,454.625,442.9583333333333,456.125,456.75,457.375,449.25,449.875,450.7916666666667,454.7916666666667,458.8333333333333,462.3333333333333,455.1666666666667,454.2916666666667,458.0416666666667,422.375,455.125,457.5,454.0
433.5833333333333,459.3333333333333,446.375,458.375,446.3333333333333,449.8333333333333,451.5,439.5833333333333,353.0416666666667,448.3333333333333,427.5,458.0833333333333,373.875,438.3333333333333,457.25,447.875,432.5416666666667,456.7083333333333,458.25,448.75,438.3333333333333,450.5,445.7083333333333,454.2916666666667,453.3333333333333,457.3333333333333,456.5833333333333,454.2083333333333,453.4166666666667,414.9583333333333,452.9583333333333,456.8333333333333,449.7083333333333
421.6666666666667,454.3333333333333,448.2916666666667,446.7916666666667,443.2083333333333,445.9166666666667,441.125,438.5,330.2916666666667,434.5416666666667,430.2083333333333,444.5833333333333,393.2083333333333,438.375,446.0,442.8333333333333,436.2083333333333,442.7083333333333,442.6666666666667,449.5833333333333,438.375,444.1666666666667,438.7083333333333,451.0833333333333,447.25,450.0,451.8333333333333,442.125,448.5,423.0,443.0833333333333,449.0,439.9583333333333
423.375,456.2916666666667,447.0,445.2916666666667,441.4583333333333,444.9166666666667,448.375,433.7916666666667,311.2916666666667,445.4583333333333,427.5833333333333,453.125,358.2083333333333,430.875,443.4166666666667,441.0416666666667,433.375,441.75,447.9583333333333,458.9583333333333,430.875,441.9166666666667,440.5,456.4166666666667,460.375,455.4166666666667,451.9166666666667,444.3333333333333,455.4166666666667,397.5833333333333,446.0416666666667,448.25,444.375
428.4583333333333,453.0833333333333,450.0,448.0416666666667,446.6666666666667,446.9583333333333,447.9583333333333,441.5,322.5416666666667,454.9166666666667,431.1666666666667,459.0,377.75,441.1666666666667,448.125,446.0833333333333,436.1666666666667,444.5416666666667,451.7916666666667,462.4583333333333,441.1666666666667,443.5416666666667,440.375,457.75,464.1666666666667,460.2083333333333,449.2083333333333,446.0,459.4583333333333,409.0,453.125,448.25,447.0
431.1666666666667,451.5416666666667,455.4583333333333,452.75,450.4166666666667,449.1666666666667,456.0,440.875,329.625,454.2916666666667,424.125,458.4166666666667,367.5,443.5,447.5416666666667,434.5,431.75,441.125,454.5833333333333,453.5416666666667,443.5,445.75,444.4583333333333,452.2083333333333,453.5,454.8333333333333,452.7083333333333,451.5416666666667,456.0416666666667,404.5833333333333,455.0,453.3333333333333,449.9583333333333
422.5,459.4166666666667,441.25,454.8333333333333,440.0833333333333,431.7916666666667,439.7083333333333,426.5416666666667,324.5416666666667,454.375,424.875,460.1666666666667,367.5833333333333,428.0,453.9583333333333,440.25,433.75,447.25,449.7916666666667,460.5,428.0,429.875,442.25,458.3333333333333,460.5,463.5833333333333,454.875,433.375,457.4583333333333,415.3333333333333,451.4583333333333,455.75,434.9166666666667
401.7083333333333,446.9583333333333,434.875,442.5,433.1666666666667,434.4583333333333,435.0833333333333,424.625,306.0,439.4583333333333,405.9583333333333,449.5416666666667,351.0833333333333,420.2083333333333,439.375,426.1666666666667,413.9583333333333,431.4166666666667,436.9583333333333,442.6666666666667,420.2083333333333,427.125,427.9166666666667,441.9583333333333,446.125,442.4583333333333,443.2916666666667,425.6666666666667,443.4166666666667,382.7916666666667,440.375,443.2083333333333,429.1666666666667
411.9166666666667,441.8333333333333,428.5416666666667,449.0833333333333,426.9166666666667,430.5,434.9583333333333,425.5416666666667,305.25,436.8333333333333,408.3333333333333,448.2083333333333,363.5833333333333,425.125,437.5,431.3333333333333,414.6666666666667,435.3333333333333,440.0,433.2916666666667,425.125,427.875,428.25,434.8333333333333,436.9583333333333,444.5416666666667,444.4583333333333,431.4166666666667,437.4583333333333,413.7083333333333,438.0,448.1666666666667,429.0416666666667
406.75,448.7083333333333,433.5833333333333,444.125,429.6666666666667,438.4583333333333,436.0833333333333,430.5833333333333,295.0833333333333,445.75,411.6666666666667,452.875,370.5833333333333,430.5416666666667,438.0833333333333,428.4166666666667,417.0833333333333,433.0,435.9166666666667,438.9583333333333,430.5416666666667,435.5416666666667,428.5,440.3333333333333,443.0416666666667,446.7916666666667,440.125,437.25,441.5,408.375,436.5416666666667,442.5833333333333,437.3333333333333
418.5,443.2916666666667,452.6666666666667,446.2083333333333,448.1666666666667,456.1666666666667,456.375,450.9166666666667,310.0,439.2083333333333,427.625,448.8333333333333,363.9583333333333,451.6666666666667,448.0833333333333,441.4166666666667,435.625,446.8333333333333,452.875,443.7083333333333,451.6666666666667,449.8333333333333,446.625,442.375,442.2916666666667,451.2916666666667,445.7916666666667,451.5,445.875,399.4166666666667,446.0416666666667,448.5833333333333,451.4583333333333
418.0833333333333,451.4583333333333,447.0,447.8333333333333,445.2916666666667,452.7916666666667,449.375,445.9583333333333,315.7916666666667,448.7083333333333,434.4166666666667,454.0416666666667,358.0833333333333,447.2083333333333,455.5833333333333,450.0,442.4583333333333,456.2916666666667,450.75,443.9166666666667,447.2083333333333,445.5,450.7916666666667,444.75,443.5833333333333,455.7083333333333,453.375,448.5,451.7916666666667,402.9583333333333,452.125,448.5416666666667,447.0416666666667
417.9583333333333,442.0833333333333,457.375,442.5,450.2916666666667,457.0416666666667,457.0416666666667,449.4166666666667,322.2083333333333,437.0,419.0,444.875,361.9166666666667,449.25,432.6666666666667,431.4583333333333,418.5833333333333,435.5833333333333,449.375,434.5833333333333,449.25,451.1666666666667,435.7916666666667,434.7916666666667,440.125,444.1666666666667,430.5833333333333,454.2916666666667,431.2083333333333,403.625,427.7916666666667,442.4166666666667,454.2916666666667
418.25,451.7083333333333,449.5,445.2083333333333,444.9166666666667,452.125,451.4583333333333,446.9583333333333,336.5833333333333,447.25,416.25,453.0416666666667,370.125,445.4166666666667,447.6666666666667,437.0833333333333,423.5416666666667,441.8333333333333,448.0833333333333,440.625,445.4166666666667,446.25,436.4583333333333,446.2916666666667,443.5416666666667,458.2083333333333,446.2083333333333,446.4583333333333,450.125,406.875,442.3333333333333,445.1666666666667,447.9166666666667
425.7083333333333,442.8333333333333,446.4583333333333,459.25,443.3333333333333,442.2916666666667,449.375,431.3333333333333,336.9166666666667,444.6666666666667,431.2916666666667,455.625,357.2916666666667,431.5416666666667,452.6666666666667,442.3333333333333,442.5416666666667,449.9583333333333,456.125,425.5833333333333,431.5416666666667,439.8333333333333,453.9166666666667,426.5416666666667,432.5833333333333,453.7916666666667,452.4166666666667,443.25,452.25,401.7916666666667,451.9166666666667,458.7916666666667,445.0
422.7083333333333,436.5833333333333,442.2916666666667,444.9583333333333,437.9583333333333,432.2083333333333,440.0833333333333,423.9583333333333,336.375,435.5416666666667,426.5416666666667,451.8333333333333,358.125,424.5,439.0833333333333,438.2916666666667,434.7916666666667,445.0,449.4166666666667,436.4166666666667,424.5,429.4166666666667,446.2083333333333,437.75,436.2916666666667,445.625,437.0416666666667,429.5416666666667,443.0833333333333,396.4166666666667,438.125,443.5,431.625
418.3333333333333,433.5416666666667,444.375,446.0,440.1666666666667,436.0,446.9583333333333,427.5,327.9166666666667,437.7083333333333,419.125,449.5416666666667,357.0833333333333,431.9166666666667,448.2916666666667,436.5416666666667,431.9166666666667,441.2083333333333,450.125,433.625,431.9166666666667,435.2916666666667,440.375,435.0416666666667,437.625,444.125,445.5833333333333,439.6666666666667,442.0,412.7083333333333,443.5,449.875,442.8333333333333
405.8333333333333,445.875,427.0833333333333,430.9583333333333,426.375,432.6666666666667,435.1666666666667,424.7916666666667,337.7083333333333,428.0416666666667,414.0416666666667,431.6666666666667,349.3333333333333,425.5833333333333,425.1666666666667,432.5,425.25,436.0416666666667,434.8333333333333,444.0833333333333,425.5833333333333,427.8333333333333,429.5416666666667,445.75,443.9166666666667,437.375,431.5416666666667,430.125,427.5833333333333,399.125,431.7083333333333,430.0416666666667,431.4583333333333
414.25,435.2083333333333,436.5,433.9166666666667,429.9583333333333,438.25,440.8333333333333,425.875,325.0833333333333,432.0,411.625,444.0833333333333,360.4166666666667,428.875,429.875,433.4166666666667,423.1666666666667,433.25,436.5416666666667,433.625,428.875,438.5,434.875,430.0416666666667,434.75,434.8333333333333,420.0,436.125,418.2083333333333,395.5416666666667,415.2083333333333,432.5,441.2083333333333
408.5833333333333,442.7916666666667,441.125,435.625,437.25,436.5833333333333,443.4166666666667,428.9166666666667,322.8333333333333,426.2916666666667,408.3333333333333,440.125,352.3333333333333,428.8333333333333,428.6666666666667,423.0,422.9583333333333,426.8333333333333,444.4166666666667,435.5416666666667,428.8333333333333,432.3333333333333,433.9583333333333,437.75,436.2916666666667,441.7083333333333,432.0416666666667,432.7916666666667,424.5416666666667,395.5833333333333,432.375,435.5,434.7083333333333
425.0416666666667,404.875,431.6666666666667,406.2083333333333,434.3333333333333,430.2916666666667,432.7916666666667,428.1666666666667,331.1666666666667,404.125,396.75,412.5,351.5,431.5416666666667,393.7083333333333,403.4166666666667,411.5,399.125,443.625,397.0833333333333,431.5416666666667,425.6666666666667,436.7916666666667,393.5,400.9166666666667,406.7916666666667,387.625,433.125,394.6666666666667,394.8333333333333,388.0,403.7083333333333,430.7083333333333
398.0,375.6666666666667,427.5,374.0416666666667,427.875,436.6666666666667,430.1666666666667,429.5,303.0,376.4166666666667,367.7916666666667,385.4166666666667,360.5416666666667,432.2916666666667,365.2083333333333,366.1666666666667,377.875,360.9166666666667,424.4166666666667,386.2083333333333,432.2916666666667,430.2083333333333,400.6666666666667,371.5416666666667,391.4583333333333,377.8333333333333,366.2083333333333,424.9166666666667,369.0416666666667,400.4166666666667,367.4166666666667,374.375,429.2916666666667
401.2916666666667,410.7916666666667,429.75,418.5833333333333,422.5,431.8333333333333,430.2916666666667,426.5,308.4583333333333,415.8333333333333,387.625,424.25,359.3333333333333,431.25,401.5416666666667,394.0,400.8333333333333,395.9583333333333,436.375,394.375,431.25,429.75,416.9583333333333,400.5416666666667,401.0833333333333,415.7916666666667,404.7916666666667,434.3333333333333,412.9166666666667,405.9583333333333,404.1666666666667,418.375,430.75
393.125,401.75,409.375,406.6666666666667,407.9583333333333,402.9166666666667,411.6666666666667,397.8333333333333,303.5416666666667,396.9583333333333,401.2916666666667,406.4583333333333,377.9166666666667,399.2083333333333,409.125,411.9583333333333,404.5416666666667,414.7916666666667,415.7916666666667,399.25,399.2083333333333,403.3333333333333,419.4583333333333,401.0833333333333,410.0,401.375,397.125,406.5416666666667,395.7916666666667,405.7083333333333,392.5,406.0416666666667,407.1666666666667
375.2916666666667,328.5,396.0416666666667,360.3333333333333,393.125,390.875,396.875,383.875,322.1666666666667,336.5,350.4583333333333,340.2916666666667,377.8333333333333,383.7083333333333,350.125,355.9166666666667,355.4166666666667,357.0,398.7083333333333,332.7083333333333,383.7083333333333,390.4166666666667,389.5,322.3333333333333,332.4166666666667,331.0416666666667,324.25,393.4166666666667,330.625,400.5,323.7083333333333,363.0416666666667,395.7083333333333
372.5416666666667,390.9583333333333,387.9166666666667,390.0833333333333,383.4166666666667,390.4166666666667,389.625,386.1666666666667,321.6666666666667,380.9583333333333,374.7916666666667,388.0,355.7916666666667,385.5416666666667,394.1666666666667,390.5833333333333,376.7083333333333,394.125,389.9166666666667,392.875,385.5416666666667,389.7916666666667,378.625,388.9166666666667,394.5,386.25,389.75,393.6666666666667,378.2083333333333,402.4166666666667,382.2916666666667,390.625,393.6666666666667
367.0833333333333,345.6666666666667,388.9166666666667,373.0416666666667,387.8333333333333,391.9166666666667,389.7083333333333,390.7916666666667,295.75,363.125,364.5416666666667,367.9583333333333,364.9166666666667,388.5416666666667,368.75,374.5416666666667,369.0833333333333,372.75,389.375,337.5833333333333,388.5416666666667,390.4583333333333,377.7916666666667,336.8333333333333,338.25,356.0,364.25,395.0416666666667,364.7916666666667,393.2083333333333,358.875,373.7083333333333,388.7916666666667
379.25,384.125,400.0,398.25,393.875,396.6666666666667,398.2083333333333,387.8333333333333,299.4583333333333,384.75,383.5,390.5,341.5,387.7916666666667,392.75,395.0833333333333,387.1666666666667,390.4166666666667,400.625,374.4583333333333,387.7916666666667,394.0833333333333,392.625,377.3333333333333,382.4583333333333,376.3333333333333,389.4583333333333,398.0,383.4583333333333,375.8333333333333,384.875,397.5833333333333,397.2083333333333
372.8333333333333,404.3333333333333,377.0,403.4166666666667,378.1666666666667,384.0833333333333,382.3333333333333,380.1666666666667,272.5833333333333,400.2083333333333,367.5833333333333,408.25,329.5,381.7916666666667,392.625,374.2916666666667,372.2916666666667,379.0833333333333,386.6666666666667,388.4166666666667,381.7916666666667,378.9166666666667,381.4583333333333,393.3333333333333,400.125,407.7083333333333,397.875,382.25,406.375,367.375,398.0,402.8333333333333,378.2916666666667
377.125,393.9583333333333,399.75,400.4583333333333,392.4166666666667,397.875,390.5416666666667,388.6666666666667,297.625,397.9166666666667,375.375,403.625,319.9583333333333,388.9583333333333,392.6666666666667,385.5,381.1666666666667,388.5833333333333,398.5,385.875,388.9583333333333,398.2916666666667,389.5416666666667,388.0,392.625,397.625,391.4583333333333,401.5833333333333,394.0,354.7916666666667,391.875,399.7916666666667,400.3333333333333
376.8333333333333,358.375,387.1666666666667,364.125,388.2916666666667,388.0416666666667,396.1666666666667,385.1666666666667,266.375,364.125,347.2916666666667,372.5416666666667,336.0833333333333,387.875,346.125,342.375,353.2916666666667,346.7083333333333,393.4166666666667,359.625,387.875,391.7916666666667,375.0,352.0833333333333,364.75,365.7083333333333,353.8333333333333,399.5833333333333,367.4166666666667,378.2083333333333,358.75,364.0416666666667,393.875
368.125,328.2916666666667,392.3333333333333,329.8333333333333,389.2083333333333,392.5833333333333,393.7916666666667,383.5833333333333,272.4583333333333,323.9166666666667,341.7083333333333,327.4166666666667,357.1666666666667,383.25,331.0,338.9166666666667,348.9583333333333,333.2916666666667,392.0833333333333,325.5,383.25,391.1666666666667,372.25,321.0,327.1666666666667,325.0416666666667,322.2916666666667,391.9166666666667,323.125,388.0833333333333,322.0416666666667,330.5833333333333,394.8333333333333
355.2916666666667,380.5416666666667,363.9166666666667,382.5833333333333,364.5416666666667,361.9166666666667,371.1666666666667,362.2916666666667,273.2083333333333,380.9166666666667,354.0,387.1666666666667,348.5,361.9583333333333,363.375,357.3333333333333,358.625,352.8333333333333,372.7916666666667,365.9583333333333,361.9583333333333,364.1666666666667,369.3333333333333,367.4166666666667,375.0416666666667,380.375,375.5416666666667,368.1666666666667,379.125,383.8333333333333,372.3333333333333,383.0416666666667,366.125
343.5833333333333,338.2916666666667,391.9166666666667,342.2083333333333,381.9583333333333,384.625,384.5416666666667,383.6666666666667,280.9166666666667,346.5,329.5416666666667,348.8333333333333,326.0833333333333,388.3333333333333,335.5416666666667,333.0416666666667,339.4166666666667,332.5,380.125,328.5833333333333,388.3333333333333,380.125,369.4166666666667,325.375,332.5833333333333,344.4583333333333,330.75,380.7916666666667,334.875,361.25,328.5416666666667,342.6666666666667,384.875
375.75,346.2916666666667,380.125,346.3333333333333,381.9166666666667,383.8333333333333,384.75,380.5,265.4166666666667,352.25,352.2916666666667,355.1666666666667,337.4583333333333,379.8333333333333,340.8333333333333,343.6666666666667,361.875,341.0416666666667,385.5416666666667,345.4583333333333,379.8333333333333,384.25,379.375,339.9166666666667,349.8333333333333,350.5,336.75,384.8333333333333,336.5833333333333,378.0,331.6666666666667,345.875,383.6666666666667
362.9166666666667,316.0416666666667,385.7916666666667,338.9583333333333,385.1666666666667,388.0416666666667,389.5416666666667,381.125,270.25,325.125,339.125,328.4583333333333,350.4166666666667,381.4583333333333,330.0833333333333,338.8333333333333,350.4166666666667,333.1666666666667,382.7916666666667,306.2083333333333,381.4583333333333,383.25,363.4583333333333,302.75,310.0833333333333,324.5416666666667,326.875,383.9583333333333,329.7916666666667,378.4583333333333,324.4166666666667,339.3333333333333,379.4583333333333
365.25,334.1666666666667,387.875,355.0416666666667,382.375,387.875,382.8333333333333,382.875,251.79166666666663,330.7916666666667,357.625,332.9583333333333,326.5416666666667,384.375,359.125,363.875,363.5833333333333,357.875,385.0833333333333,329.9583333333333,384.375,385.125,369.6666666666667,326.875,334.25,327.3333333333333,349.1666666666667,386.7916666666667,337.4583333333333,368.2916666666667,339.8333333333333,357.125,383.2916666666667
359.75,334.2083333333333,382.4583333333333,358.625,376.3333333333333,387.1666666666667,384.25,380.5833333333333,255.79166666666663,345.4166666666667,344.7916666666667,353.0833333333333,301.9166666666667,381.375,349.0,346.75,352.0,349.1666666666667,379.9166666666667,329.7083333333333,381.375,385.0833333333333,370.9583333333333,327.75,335.375,345.625,341.5416666666667,386.0416666666667,345.4583333333333,338.4583333333333,338.1666666666667,359.5833333333333,386.25
379.5833333333333,380.4166666666667,388.75,382.9583333333333,386.7916666666667,390.125,395.875,387.3333333333333,247.5,376.125,374.0416666666667,388.5833333333333,288.5416666666667,384.9583333333333,386.375,390.2083333333333,375.3333333333333,388.7916666666667,396.875,372.4166666666667,384.9583333333333,387.5,392.8333333333333,371.8333333333333,379.7083333333333,386.0,387.7916666666667,395.2083333333333,379.75,323.625,381.1666666666667,382.75,392.125
362.0,368.4583333333333,369.1666666666667,363.875,366.1666666666667,366.4166666666667,371.375,364.5833333333333,256.625,370.625,355.875,374.0,286.3333333333333,363.8333333333333,355.0,358.375,360.2083333333333,358.625,376.25,356.375,363.8333333333333,365.8333333333333,370.625,356.875,365.1666666666667,367.7916666666667,359.625,369.3333333333333,366.2083333333333,322.9583333333333,360.5416666666667,362.4583333333333,369.125
349.7083333333333,345.5416666666667,362.2083333333333,338.125,357.5416666666667,362.75,364.2916666666667,354.0,272.9166666666667,346.7916666666667,328.3333333333333,351.7916666666667,291.2916666666667,352.4583333333333,321.9583333333333,335.5,335.4583333333333,320.5,364.75,322.25,352.4583333333333,362.7083333333333,358.7083333333333,321.5833333333333,327.7083333333333,338.1666666666667,324.5,365.5416666666667,332.0416666666667,325.1666666666667,326.0833333333333,338.1666666666667,365.0833333333333
345.625,314.2083333333333,361.625,353.0833333333333,357.25,357.0,352.4583333333333,350.2916666666667,263.0833333333333,338.125,334.0,341.8333333333333,287.1666666666667,347.625,345.125,351.9166666666667,334.5,350.25,367.4166666666667,296.4583333333333,347.625,360.375,359.3333333333333,291.9583333333333,295.2083333333333,326.8333333333333,338.6666666666667,365.7916666666667,340.7083333333333,322.375,337.7916666666667,352.7083333333333,362.6666666666667
324.375,289.5416666666667,335.125,315.4583333333333,334.0833333333333,342.4583333333333,339.25,339.4166666666667,247.5,298.0416666666667,308.875,298.9166666666667,279.9166666666667,339.7083333333333,303.4166666666667,311.3333333333333,309.1666666666667,314.6666666666667,338.7916666666667,284.4166666666667,339.7083333333333,341.3333333333333,320.2083333333333,282.0833333333333,286.5,292.2916666666667,295.5,343.875,295.1666666666667,318.0833333333333,293.875,316.875,341.7916666666667
283.2916666666667,265.25,305.0,293.25,302.875,331.0,310.4166666666667,327.2083333333333,232.0,272.0833333333333,275.625,271.7916666666667,282.25,330.5833333333333,289.0416666666667,285.5416666666667,279.5416666666667,288.5833333333333,305.25,262.1666666666667,330.5833333333333,327.0833333333333,298.75,256.375,261.5416666666667,271.1666666666667,271.2083333333333,325.0833333333333,268.125,324.25,266.7916666666667,294.9166666666667,322.9583333333333
341.0833333333333,306.0,343.75,311.0833333333333,348.125,350.7916666666667,351.5,350.3333333333333,227.95833333333331,298.5416666666667,324.9166666666667,302.875,272.1666666666667,350.9166666666667,322.7916666666667,331.0416666666667,332.2916666666667,333.9583333333333,347.4583333333333,298.5833333333333,350.9166666666667,350.625,340.5,290.7083333333333,303.1666666666667,309.1666666666667,296.625,356.875,301.0416666666667,299.75,292.625,311.7083333333333,352.6666666666667
336.2916666666667,314.5833333333333,352.9166666666667,339.625,349.1666666666667,353.75,353.125,350.4166666666667,225.45833333333331,315.125,326.9583333333333,318.75,279.5,351.625,320.1666666666667,319.2916666666667,333.7916666666667,318.0416666666667,356.625,301.75,351.625,352.7083333333333,349.2083333333333,308.5833333333333,316.1666666666667,306.0833333333333,306.7916666666667,353.9166666666667,306.625,303.0,301.5416666666667,338.5833333333333,353.0416666666667
322.75,280.375,341.875,335.2083333333333,335.9583333333333,339.7083333333333,341.4166666666667,333.375,239.25,314.9166666666667,322.625,321.5,280.875,333.875,328.9583333333333,324.4583333333333,327.7916666666667,330.0,344.9166666666667,257.5833333333333,333.875,339.625,340.7916666666667,267.7083333333333,271.2916666666667,293.8333333333333,311.8333333333333,342.4583333333333,311.4166666666667,307.7083333333333,312.7916666666667,335.4166666666667,342.2083333333333
322.25,304.0833333333333,327.25,302.5833333333333,327.75,338.0,327.9166666666667,327.9166666666667,234.20833333333331,311.4583333333333,318.4166666666667,315.1666666666667,283.25,329.0416666666667,299.25,319.9166666666667,319.2916666666667,315.8333333333333,342.2916666666667,306.5416666666667,329.0416666666667,338.6666666666667,333.7083333333333,306.875,318.875,303.5,304.75,341.0,311.6666666666667,306.3333333333333,306.8333333333333,301.0833333333333,338.9583333333333
296.4583333333333,249.16666666666663,307.0,265.0416666666667,308.5416666666667,299.1666666666667,306.5833333333333,292.0416666666667,226.70833333333331,255.875,266.1666666666667,253.58333333333331,277.875,303.0416666666667,260.0416666666667,263.7083333333333,276.0,263.5833333333333,316.9166666666667,252.04166666666663,303.0416666666667,304.7916666666667,310.9583333333333,242.79166666666663,257.0,249.79166666666663,243.95833333333331,309.125,244.25,311.3333333333333,240.75,265.125,309.125
298.9166666666667,248.95833333333331,311.0416666666667,268.5833333333333,315.7916666666667,317.2916666666667,323.1666666666667,311.4166666666667,233.54166666666663,266.25,259.5416666666667,266.625,273.2083333333333,318.9166666666667,266.0,265.0,268.8333333333333,269.2916666666667,311.0833333333333,243.79166666666663,318.9166666666667,321.4583333333333,291.625,236.70833333333331,247.5,260.3333333333333,259.375,326.875,261.3333333333333,310.4583333333333,252.66666666666663,268.9583333333333,322.0
304.25,236.58333333333331,330.9583333333333,265.0833333333333,324.5833333333333,330.25,324.4583333333333,323.8333333333333,224.66666666666663,242.91666666666663,282.6666666666667,244.08333333333331,282.7916666666667,334.3333333333333,267.2083333333333,275.2083333333333,298.0416666666667,282.6666666666667,326.75,241.20833333333331,334.3333333333333,329.5416666666667,328.5416666666667,235.16666666666663,248.33333333333331,241.0,248.0,328.7083333333333,247.58333333333331,312.0,245.45833333333331,265.5833333333333,330.0416666666667
300.9583333333333,286.6666666666667,324.25,291.0416666666667,320.2916666666667,328.7916666666667,318.7083333333333,322.5833333333333,235.16666666666663,282.9166666666667,293.5833333333333,287.5833333333333,268.125,329.3333333333333,273.0,272.7083333333333,296.125,275.75,325.8333333333333,268.0,329.3333333333333,330.2083333333333,305.2083333333333,265.5416666666667,272.25,280.4583333333333,273.0,328.7916666666667,278.625,291.7916666666667,272.5416666666667,290.875,326.0833333333333
318.9166666666667,276.125,310.0,320.1666666666667,313.9583333333333,320.9166666666667,313.75,306.7916666666667,231.66666666666663,300.4583333333333,318.2916666666667,307.9166666666667,273.5,316.625,316.375,323.7083333333333,321.9166666666667,320.5416666666667,325.5416666666667,262.7916666666667,316.625,330.7916666666667,331.3333333333333,261.375,271.6666666666667,302.625,315.625,333.2083333333333,318.75,299.9583333333333,316.625,319.7083333333333,325.7083333333333
305.0,227.75,286.0,246.375,303.25,306.0,304.375,319.5,215.625,237.875,264.375,236.875,275.0,335.875,239.0,240.75,271.375,241.625,294.0,224.375,335.875,324.625,269.75,219.125,225.5,233.25,230.0,333.875,230.5,316.375,222.0,246.125,325.875
