BM,BTG,BWQ,CLJ,CT,DMZ,FSB,GGS,GTQ,HK,HLS,HMS,JJQ,LJG,LK,NJG,PS,QJDQ,QXC,SJY,SMZ,SPY,SWB,SXC,WC,WHK,XH,XJX,YJ,YLJK,YSG,YYL,ZT
1377.9480189442856,1712.463685162857,17184.383537228572,46.50408269785714,3.988458689571429,1084.79201854,46.67863357042857,144.23203289614287,4914.392422285714,633.1050324128571,103.248975122,3271.831851514286,1222.4590221857145,6373.944007714285,742.5540328199999,594.0755962537143,2046.0455260271428,951.0529286471428,172.6351410477143,372.762453304,1293.3681470642855,385.9590088114285,322.32781143514285,4232.192625514285,797.5622472714285,416.5866475157142,12350.956359857142,277.0953589717143,1740.0429091285714,4290.447074285714,477.2248984565714,2421.8726680857144,24.557258222285714
1969.9698074142857,2045.1000760732857,3658.768913778571,13.429050223571428,11.885082475428572,996.0284293585715,84.53881010428572,98.7628964217143,5156.024513285714,1074.1159888074287,103.58848050614286,6846.332408857144,3586.079520357143,6014.754308714286,295.52456153885714,262.47007043900004,729.3294564211428,656.7906207078571,182.89507560542856,18.319645758285716,3667.412089038572,225.0448036141429,433.008948558,1504.777130785857,122.59548305757144,419.3900663835715,1473.3136293157145,186.75284840142857,1023.5446919814284,7748.521991,358.94233234642854,5377.443535357143,8.898920497428572
11797.171391257143,4222.605688259857,10585.820948714289,500.48436865714285,203.62044071685716,862.4540125328573,745.4188839014286,571.7867539002857,4756.085074285715,3131.1955996,54.81469902228571,28895.40830014285,6475.6620079,5235.736810142857,1027.275641961,357.6748251528572,1290.3206850742858,1100.88268167,1816.653935485714,95.97329090771429,7773.946759457142,941.8027564071429,660.4719215285713,3579.436690637143,387.9928016284285,1622.0708513185714,8140.665338157143,1756.40008808,3652.578507376286,7532.788469714285,4466.905727480001,33860.49469328571,103.0862662247143
5364.252462871428,3294.018724071429,4885.236164928572,104.99152793757143,167.20664437357144,1016.3638339399998,845.6020452071429,121.07235243,5654.844664285714,1760.6317217285716,329.8000801514286,3783.2936921428577,4780.029162285714,6088.090453142858,1390.79253692,797.0821782957144,3401.071810485714,2599.419305017143,1604.5415838142856,1696.8759900571426,7561.849202857143,509.9894397538572,854.8563095714286,5517.953076357143,2509.6945273142856,792.7227923714287,7999.021489142857,1684.9693064671428,3070.108912978428,8203.793096285715,1315.1640509571428,11734.8993277,75.74702867128572
1247.7182606157144,140.4639221462857,26023.5137109,30.97473838542857,276.2461884102857,3013.921324318572,494.148405292,121.91256296971429,3202.2992218,145.40591619085714,108.85647278671428,736.9720988942858,2864.7873426857145,8791.469532,719.8123008757144,551.3745238331428,1743.9572788459998,1875.402601567143,1236.215106057143,554.0357441311428,1128.0934272571428,644.0412159314285,696.9261760857144,545.0369815402856,898.5889757662857,5.433354089428571,10520.159715714284,296.6253229337143,1402.7805472598573,4553.021202857143,247.23613113957143,1112.7502923328573,73.52915870857143
7599.173264285714,1957.0976146224289,5100.144267428571,124.74774353628572,106.47951324814288,1068.8407384228572,916.2069490571428,317.4174108557143,5342.309511,1053.9282324728572,120.00163085142856,7456.928930671428,1851.3855287714284,3193.2661801571426,1046.53126821,942.3630161785716,752.7450043842857,1648.06235828,781.8171250571429,257.75563678,4968.298817628572,496.1833893257143,337.5463035457143,1948.330600831143,1326.2684504194287,648.0967065020001,11195.021928571428,1824.2913162428567,2751.558587757143,1485.1662792428572,1551.09320532,10561.047307857143,17.911012362714285
1990.871572014286,1838.094825649286,5496.363258785715,17.318074359285713,10.362000400571429,748.75124364,128.65685553085714,365.8410762737143,2989.740762642857,160.67019456,58.67022527014286,3860.482194814286,5176.354536857143,5447.176400257143,381.64575717742855,178.94619912514287,523.9986320398572,534.6833507571429,294.179303645,2575.9244713000003,6490.751742,246.97255715171428,157.44952463371428,5774.270363454285,4680.713352595571,137.3685227292857,2769.060561042857,703.23317837,216.21491456671427,4882.978785714286,325.7743544124286,4674.851097992857,29.72193209842857
242.1815906432857,158.78868824628572,1715.0444543908573,14.361565443142856,1.9187054701428568,776.0824892737143,70.33023135171429,3.619147784857143,4700.753540878571,259.860690305,6.522050488285715,4833.207970857143,824.4772319757143,3517.935420828572,14.874952957571429,3.397668005571429,396.3576639888571,76.07516934542856,36.67262669228571,29.48509801471429,2957.5222338042854,17.060664061571426,116.01485335057144,242.9075741112857,83.21235266842857,32.23678683114286,2094.447301722857,73.32661196957143,99.02078110971428,2980.112408957142,236.98907786328573,6467.460953528572,0.5823207904285714
9487.285630414286,3626.698010910572,13987.00358,194.314353588,219.74848890571428,1565.75918102,1465.8615798642857,322.0675893157143,5543.147458285714,3817.630120442857,355.95954700857146,10867.752730571428,5627.166243328572,7581.692974714286,1658.6296885957145,906.37057693,3900.8365595857135,2982.047955685714,3053.437249457143,230.5935155752857,6545.954692542857,811.1660963857142,1988.4389398042856,4530.424614349858,1085.0924573611428,1812.114463147,21816.29663978572,2702.3345818857147,7752.763385448571,8922.499651,2302.5169166897144,19707.078329571432,88.44444845814284
3422.6234443514286,1027.8253805565714,8156.587503457143,150.042415773,69.53856695442857,2590.341904225714,319.51622490685713,588.8488002771428,2749.8728236142856,1193.417363234286,62.68217402199999,14609.591975857142,7089.890525714285,9321.674279857143,798.9056565842857,738.2713518748571,294.943736707,1060.8915243285714,217.74440763671427,147.6794355037143,6710.023851857143,603.0212809514286,106.90968870542858,2127.329549712857,683.1606347632858,621.0098122157143,5271.346762071428,531.3087960214286,1883.0276463,6689.764733714285,1291.3445181857144,16198.972585428572,24.052204879714285
6669.442898928572,1786.0480577364283,17042.76796457143,485.55425565,338.28246578128574,2802.129493142857,1310.8902742651428,245.3828861957143,3458.477655357143,1649.5475925214284,367.68298997314287,6300.962357471429,6691.541396714286,12149.514493985716,1147.6013960028572,860.2683912928571,4464.239598511429,2325.2487550285714,2509.034163034857,83.22998828171428,4814.266684171429,764.5713698622857,2201.5853642142856,2525.0030111868573,792.6899859277144,550.6588403818572,15807.190176714284,1719.6870895328573,2590.1079426314286,9614.964027428572,2875.4412903785715,16358.223978714286,74.2920081632857
198.54781572428573,224.36227765857143,14116.796453428571,1.498988066,132.48840755685714,1312.6646210714284,256.85245115885715,121.85549177771428,6133.6869585714285,296.74461273385714,35.21336647642857,1886.968842914286,2816.023680228572,6276.2535290000005,130.13313892142858,69.34014635828571,2353.672412677857,245.0027177847143,960.8123559668572,252.38945585257144,2077.59724265,491.3415732925714,447.8908545002857,311.97356139171427,254.498807165,218.2237673091429,16972.082185571428,102.827276319,229.37604286,5309.421661142857,138.9547056417143,1807.892025942857,56.346191429
1570.397228564286,116.29102568528572,12235.162936734285,0.0715324417142857,258.49365514271426,1534.3712720757142,326.281729918,421.66765347185714,1390.3036402057144,133.0834409425714,82.59678747142857,2726.1825176428574,4858.398815285714,6145.091325928572,61.36996923928571,105.25732065714286,1890.658226289,431.5342838028572,1059.853536377143,136.95316820614286,4461.9416541142855,831.6643193927142,603.7382851108571,51.287802895571424,64.20884674871428,29.91194713485714,10068.551362611572,338.42780439442856,194.7347588722857,7286.301353000001,95.64483307328572,3072.391332728572,53.24464208885714
7420.076952257143,91.35099705928572,12358.959508,0.1806441235714286,326.0249775664285,3107.2346666531425,1568.2729457254286,216.13573673485715,3716.321701928572,2.1078342278571425,21.751231164714284,262.80515761428575,1731.451936757143,6540.864015714286,4.799533347571428,25.05488292285714,680.2567759334286,148.33894397714286,1368.399157702,34.33056718857143,2593.2958699999995,648.3471422005714,550.8358927985715,456.91841150900007,84.09395264185714,0.7061379274285714,4728.750577475429,1708.0290633514285,4.0739479162857135,4224.4817487142855,0.1050366398571428,3169.462313357143,92.80391489957142
2845.7392477815715,467.3371511514286,10521.90162879343,136.7635687285714,145.54177318271428,1103.5591291237142,665.8026513762858,160.78491463028573,1824.23446839,980.6966230342858,134.5390417024286,1575.9600301328571,1369.10658644,4017.319027436857,405.1680605128571,316.77304219271434,1644.206460196286,899.6782570578571,984.8047129892856,104.576454663,2722.024611094286,287.03409637585713,440.68879011,684.9462073712858,265.9968188798572,173.839562175,15575.025975599288,898.6506114418572,2136.484690961143,2406.8605472628574,1428.771374156857,6439.403582161428,29.438026936
317.58323510042857,686.6411022664286,14660.55063377,68.34990285228572,6.816389529428571,1282.8832904948572,28.25443018314286,39.76927078757143,1810.8910004828567,604.9458426302857,73.29178565,1010.4302714885714,1264.1078086571429,5531.709304091428,609.2101984701429,407.79312866214286,352.858372663,341.3147031032857,69.36480205542857,263.6321596047143,1119.7905697514286,133.55034142942858,59.695330652428574,841.5172846972856,523.8003199305715,246.0676458478572,11841.298515796,11.710509118571428,544.4434146941428,2111.8373008414283,348.10419602214284,3133.5363075624286,9.868758288
300.81740870028574,18.351260618285718,18343.62384788572,0.1973608271428571,29.260956358714285,1074.2090684264283,68.76014710371429,31.851045025,2793.0211923,17.279964684285712,9.329299982285717,117.38586594171429,318.95072883142853,3573.4750832557143,8.205730559571428,15.996200286714286,1147.9217681351429,40.30437335,489.0187783117143,74.25847154285715,1112.6011311857144,52.75885928314285,297.3757198042857,39.96575872,136.30615254542855,2.0919288894285715,7429.954316755428,60.86210006928571,5.113235529,2259.0305220714285,5.511639760571429,132.8127877014286,1.2940676025714286
4796.067897214286,512.0619452244285,4135.670515357143,37.93548601542857,87.72063402685714,249.59436754714287,604.6454907971429,211.0118741282857,664.4169608428572,442.1697887514286,40.89603204042857,1599.3677813257143,507.8390619000001,1720.9861812885715,270.73516033999994,101.24628001857144,1077.8084280944286,516.1848740940001,760.1635255499999,511.7272354138572,1421.6553916685714,555.0636961371429,578.9147942545715,1713.998741533571,1137.3091601355711,111.54457936185716,5318.2081156442855,1107.9891359257142,997.3321136271428,1539.1589548142856,366.6959645484286,11573.085607528572,79.47933441514286
3033.671944557143,1258.2392996645715,3462.9135656857147,148.97643711885715,139.60408054214287,500.3616505142857,694.9887638844285,163.19302751857143,2299.715111354143,961.3663153332856,61.691768174,5756.473790514286,2178.333041705714,2845.1181367857143,411.521972388,185.28751577228573,509.242977646,580.3017414388571,812.1787240462857,137.41956472485714,3130.122199167143,459.4794130457143,416.25257792157146,2263.6065307565714,656.8467020677143,477.6305980017143,4446.353585042857,760.9850575542857,1422.992627336,2966.530697788571,1238.272356236,11309.808989142855,62.08889866214286
903.4494087648573,0.4033089571428571,2188.9114347742857,0.1756165647142857,13.62769667542857,209.27084072,62.03030564271428,62.49626008728571,286.6518864471429,0.144826867,5.251155275285714,622.1768549271428,89.86921117157144,1850.629928171429,8.780014656,13.785557072571429,128.54295645514284,72.50971157714285,61.725351647428575,0.0,413.4745429857143,147.91498379114287,32.349591242428566,6.719928054571429,0.2069841875714285,0.269091547,622.2106007287142,144.85947646214285,3.805839734142858,554.68855175,1.9032432612857144,5734.718834427143,13.800054427142856
1529.8357881314284,169.53111712485716,1460.2818613814286,49.74640021571429,67.10065768757143,485.6799460085714,313.16399169928576,81.43077882642856,158.94928261757144,316.7409141437143,11.185004490428572,8520.667812985714,174.88141215114285,1618.7759173142858,45.77397349528571,53.62754560528572,129.27853066142856,144.24103660357144,319.6274229435714,85.34965556642858,218.61137428571428,321.112097698,120.57391274714284,434.8958199748572,341.99540695614286,141.78034304471427,218.49287709385712,386.3202188128572,153.70827952471427,517.0681906185714,414.5674759372857,16447.39086172857,36.50107380928572
792.0021113192857,433.4234540961429,586.1452208744287,105.12218565157144,4.559516675714286,60.77014627814286,92.81421601485714,54.60569152885714,4.077106803714286,683.3668069367143,66.21829171057142,5316.692371664858,0.0249656274285714,1005.5550999985714,381.0094803118572,189.13585786442857,798.7232133802856,562.3641227728572,141.20875906357142,145.798772039,195.95537458342852,57.994902319,246.73365693728573,592.345603288,256.1300205357143,283.8559617447143,1867.424073854286,68.41980632328571,625.914556455,14.052767681428572,649.729816647,7889.134133173999,1.3744871584285716
507.82439377757146,0.0,319.4197532042857,0.1546805708571428,2.781548756,32.44915816128572,28.007450389,0.1459422951428571,3.649342642428572,0.6046874298571429,2.278924447714286,1997.9041921905716,3.0572558815714284,278.05830477185714,0.4949901021428571,2.128633002285714,76.59269915285715,21.069886503857145,101.40447058085714,0.2361526981428571,317.30867936228566,3.6318504391428568,81.54535426514285,0.2290467918571428,0.0,0.0,102.14036390514286,43.086121884714295,0.0644856772857142,17.72683783457143,0.3259467877142857,5772.205023942143,0.7698199994285714
1852.184743647143,476.2104317428571,987.8612801902856,5.231269472857143,81.81135781557143,217.0842692318572,520.4900530211428,95.82246536157145,13.921846806285714,375.23867348242857,15.581868362714284,4694.077903442715,641.8033193831428,669.384147116,2.56177752,13.494881085714283,371.0833420471428,194.9834164398572,466.5812022091429,39.4246359,856.7944187757142,291.4442587004286,261.8462307857143,651.4661861785714,159.92830787514285,326.23388652614284,214.80620370857145,443.5418006618571,54.04413037300001,889.9823109285715,108.04724111857142,6802.473026576714,44.164620842428576
195.68761130642855,0.6851500592857143,292.5053502122857,0.0,6.685688217142856,33.72758275685714,85.8146099007143,39.596759222857145,47.71728013185714,2.2748836842857143,1.4348149354285715,32.05169437914286,7.547249771428571,128.47021151914285,0.6419508604285714,0.6833551148571428,58.34706433742857,9.137040193571428,44.137300184285714,0.0,269.624602205,83.81027195357144,23.58673011514286,10.702100844142857,0.662489763,0.5482697127142857,283.2539616112857,102.29454413357143,3.5359388094285715,38.09452888342857,0.1444472711428571,173.801823017,10.483982584285714
20.49677023428572,0.0263833861428571,657.3615144602857,0.0,0.0,51.201493644428574,3.3930692392857145,30.096796902857143,139.73070207571428,0.0,2.607975849857143,1.0513770951428572,8.054523905,170.46196309857143,2.634079592857143,4.977042439285715,19.061164594,9.700989761,0.7263230154285714,1.5551058485714286,33.71478813014286,50.13974501985714,0.1334253557142857,0.0,1.2599002992857145,0.0,350.21692000571426,27.981158128857142,0.735076522,79.88997884257142,0.028507759,1.9235691542857145,1.4955474725714286
1250.5061499259998,188.058086166,396.9120190922857,31.27573880428572,26.91507431014286,31.910310262571432,159.184691857,42.30956222585714,11.738184374285714,144.098762939,26.224882233,1747.3498149884283,36.179153812857145,362.2559250861429,73.25446298300001,51.504465618714285,299.7719577661428,245.434257011,241.61323923914284,35.605319294285714,226.3281284688572,91.470482803,227.64160043214287,397.24419865300007,90.09005384285716,51.22622728828571,847.6450660762857,178.55910253142858,327.8320689428571,95.81240216314286,181.76415791428573,1676.1205558985714,15.160392091428571
111.83306650728572,8.855288405714285,88.5278227437143,4.1995213300000005,4.130493828571429,1.1393401557142857,42.64396213314286,4.685137131857142,22.27688312428572,0.6246323425714285,0.9662098252857144,1789.2417127304286,45.52797805714285,19.705948574857143,2.1603431328571427,0.9737187064285714,16.39547503342857,68.04829842071429,31.846342803571428,1.7892981799999998,219.8696502642857,29.567916241571428,51.647086193,31.5492189,0.5215504894285715,0.0,23.145464122714284,64.3372145627143,2.659340712857143,55.01013884857143,9.81799182,960.5731687437144,8.953284124285714
1285.492248726286,20.39922590028571,799.8739251042856,11.785266431857142,25.545466591,265.7593680355714,146.689769912,63.98206994971429,396.3032645485714,28.20943381714286,9.786894595714283,1226.9943878852855,56.67009470957142,528.789439087,36.457210957142856,28.20228057028572,89.29241023485714,143.6433529254286,113.13629899057142,0.0,1021.4632611282856,195.81436975057144,33.63134973571429,33.854063002428575,0.2789700922857143,10.092325818,276.7098526387143,252.79925368985715,15.26547797542857,202.6834444147143,52.23390775285714,6255.570138462143,21.513866559
1182.1250089857142,436.3417639608571,48.37188826957142,50.90123214128572,1.6597510104285715,8.999088691857143,60.03067098142857,2.2427008967142856,93.37160491085714,362.1308158728571,9.412040825571427,740.3442159454286,0.0258859267142857,30.45492665,114.41004419928572,42.88109293057143,57.440225035714285,156.1926514427143,42.78979262114286,287.7849444005714,2.346873239,4.687382764285714,20.27496748242857,785.355418659,674.7062960091428,114.99203476814286,537.5920828214286,95.62468850871429,519.7312049062856,3.718522813,338.7570736814286,5507.187850082286,1.1127569428571429
299.0728181165714,107.5228618507143,123.47798226571427,3.7918166841428578,0.1873847204285714,28.230872900714285,18.947727796571428,37.38161736342857,17.15030860285714,57.64114278271428,14.405728236714284,1708.0489848514285,381.00982404385707,410.2715139028572,27.02280709542857,31.10553779285714,85.52593092542858,60.425856677,8.723949793571428,3.0217532742857145,158.2035645042857,80.08822899257143,11.991346089857144,149.0488560897143,16.028994960000002,45.15066512771429,254.34820050642855,111.31030572742856,32.3112273,114.40755569485714,28.31767672371429,3405.468559964429,3.082826844714286
709.1747763881428,11.455305607142858,212.95533052485715,19.30939845714286,2.930916956714285,2.13143505,11.428715470857144,4.418215431142857,39.156434873142864,102.71622392,26.714974091285715,4667.435118135714,180.7008573141429,97.47785775857145,95.91340892142856,75.40889153457144,242.12068984657145,211.452590121,54.466792568142864,0.0,830.8479262192858,15.600533120285714,96.8859365,3.896061486857143,0.3870089632857142,22.155728838,661.44188424,67.08014786857143,132.89180942857143,261.9662550498571,144.9690488802857,8172.156245567286,2.9581275848571424
1360.1427533428573,2234.7486724857145,1598.7215541,321.04459334857137,34.539125589142856,339.6644182601428,190.88572108285717,93.43593782242858,172.23922238314285,2269.7302107857145,67.30876567571428,9462.831468,273.86072583714287,892.0336335000001,798.0633710471429,280.07944879857143,483.2765138371429,935.2788529857144,242.0151281528572,295.256222046,635.3662549642858,349.2566468785714,203.32641907714287,3208.320885042857,1018.2080475787144,1280.9673251142856,3587.261371985714,300.06391974,2385.800641342857,212.32215150214284,2246.3977800142857,19067.159645,42.54367116971429
1190.3442489628571,363.6885235861428,325.5012745104286,33.03373437971428,30.15086407928572,171.74476470371428,136.50483993214286,85.67418282914285,118.97142913685714,269.845318464,3.514817264571428,7405.641760548571,79.05513521471428,768.149796742857,10.965283808857142,3.7407224094285714,71.08194071271429,104.12251929642856,170.69196258114286,0.7032470257142858,1229.551713877143,127.13192875814286,90.54239288614284,757.7665205135714,54.916838871428574,147.84386561257142,37.008335198714285,195.40226006285712,88.92580690971428,340.1254898428571,247.6499872642857,8355.689901177286,15.436211384571427
1524.5422658485716,792.9276645671429,1134.3750771928571,69.15637240514286,23.147016522857143,180.1355116912857,167.09060651185715,72.1218546457143,285.1388620495714,728.2888426737143,17.34571068157143,9267.47585155143,629.9793001877142,606.6553316171429,215.60715230314284,76.99892734357142,195.3226296287143,301.74864288714286,153.51312694185714,151.07386004857145,1090.2471531657145,147.13395852000002,107.40671564428573,1353.792726342,526.191932793,365.2538966297143,1061.2828049807142,331.03211250857146,580.0575074658572,208.5287362114286,583.1613898834286,11454.189011080429,15.561948827428573
958.0034551304286,334.10890356028574,701.0742401857143,62.56680196185714,0.0,89.87523109042857,5.751888518142857,27.00995338642857,9.556337044,428.20506063142847,6.397670000857143,10403.535030279998,84.878191484,593.5235095688571,87.94986188971428,28.62520302328572,13.602896526142858,104.91761675185714,0.3051180585714285,19.224878691,231.4855101717143,18.81044820514285,1.077873296428571,555.0654782165715,120.90071123671429,226.417164487,737.7429229887142,106.35890083857144,330.84110380271426,79.31988319714286,440.2587777494285,11083.69901365,0.447901459
818.7938207935714,96.34079470714286,1099.8327378857143,2.935699463,28.46842844757143,292.7956265262857,106.89474242871428,66.949698709,149.91442785799998,115.53120699428572,2.1280777105714286,6192.045017121857,506.1945308908571,950.3517800371428,0.4413158572857142,0.9989920924285716,106.64427843128573,18.21817369342857,126.961463798,1.2221137272857143,1898.8773764057144,159.3437852885714,50.41506244371429,185.11017103985716,8.660497728714285,64.17911754000001,33.817216707,293.7762373714286,7.814835148285714,893.3890874260002,46.85722406014286,9862.026120885714,14.988087915714289
78.95952511142856,161.1669439142857,33.05668524442857,11.351728133428573,0.0,9.814457242857143,0.2285488621428571,0.8117770994285715,123.93192017771428,170.95424150771427,5.233129100428571,983.6768465878572,21.418400496857146,189.2338024407143,7.924359756857143,5.346710617714286,27.03983528471429,76.24303326457144,2.545871906714286,24.4944543,8.823787212428572,0.0,8.460937424285714,336.3125300418572,44.920254015714285,115.33568261985717,13.028714256428572,3.4668577737142856,72.66108344585714,27.662651074714287,102.49113875914284,452.0123116352857,0.0
167.891443081,168.59031327142858,232.70869701085715,52.58317378,0.0,1.456870277142857,2.5000245228571427,0.0,34.18330263842857,171.15619276,22.675980056428568,3642.386164921143,0.4929849701428571,77.82613907942857,86.173926598,59.82046512328572,173.94972817385718,141.59263709985714,2.779502274857143,0.0,0.1735990741428571,0.0,27.09037168014285,183.2915866571429,0.1015004752857142,87.84807313285714,1022.7355177128572,10.596223174142857,115.34035422857144,4.658155100857143,212.111838703,3400.600592270144,0.0
1682.120739738857,2391.3954873757143,1281.8939724378572,186.2510093142857,6.30357803,119.2028847382857,80.37605375400001,257.2185727354286,5.983105534571428,1727.79747342,36.14344728028571,3669.410901024,33.18329040842857,1325.9853905205714,1016.8643217791428,257.14035786514285,339.23706623100003,1221.279659197857,90.15837146228571,314.87111055171425,574.3996395454286,278.37358216085715,222.33112104557145,2789.642215521428,816.9582648214284,1075.8209188110002,3116.907556379,611.0833465428572,3378.536752257143,50.54472263085714,1558.0192709928572,5317.756811614143,5.431445506714286
337.20034770142854,4113.334161453428,2402.019931622,307.77792766371425,40.96886183014286,81.35088057571429,177.0716267157143,19.433832355142854,58.94429875642857,3416.356554575,263.262623796,15316.774941408572,95.249272213,1421.9969723612855,1533.710279791714,880.9893946427143,1722.0546642395714,1244.4230955128571,234.89712531242856,1051.2663923422858,148.79590519042858,59.043524223,280.42226291714286,6005.773450517142,2580.6398402414284,1692.6998998785714,8219.40134011,91.88931813657145,6355.380736175857,339.600906039,3073.164351254286,8901.829852841429,8.388260266714285
4938.562986898428,358.56566977714283,4353.091287778143,81.04380914285714,269.086846889,769.0235121,1197.219509358,211.22441013014284,162.77647104757145,511.84732503928575,44.83149661742857,15968.110873114283,2309.906434679714,4024.753543269571,204.133243887,110.097736791,713.7847464887143,590.6490263245714,1465.2034569142857,0.3810790875714285,2342.474884596143,561.0127185428572,534.2478626714285,377.5199123595714,23.951165401857143,222.2562568852857,1261.917614287,1068.2055794895714,337.4870430242857,3061.396593925143,604.1309994284286,20189.327304511284,83.23818617285714
803.1234442535714,0.0600290182857142,540.9651138312857,0.0387387704285714,28.226886759857145,180.8126601937143,208.6414015384285,89.83892611428571,145.22578030142856,0.6551634898571429,4.395704375285715,426.0080382861429,3847.03684721,1914.329524422572,7.600545472428571,8.330079152857142,65.40421555614286,81.25469430442857,137.75829653000002,0.0,1837.8184008675717,184.53946839685716,69.89710524285715,0.0,0.0,0.051026918,17.24091846657143,248.298837956,0.4285118838571428,3158.1999469714287,0.7942927621428572,608.8377518127144,23.660023721714285
4442.771116902857,1175.9566773388572,7519.031700090286,292.1950451635715,141.501236643,1997.3067959407144,664.0483558977143,335.70886712,738.9005620942856,1418.1053181257143,185.58522776785716,8395.439518501142,1271.3624862122856,5350.62997887,1592.3706416672856,697.3892073194286,2106.903686875572,2319.4626192187143,1114.3762349568572,111.46361748571428,965.3584119734286,993.8748330934286,861.3083615654286,1954.320477699,525.5915270535714,590.0476590435713,3448.598559698,918.8549701268572,1975.5022724142857,1724.75640723,2410.2626787142863,17653.67380590043,87.13841363999998
967.8487192562858,179.88510773,1700.4599717507142,40.95802382428571,16.71994807471429,385.85065741571424,131.90930487085714,83.69584441571429,572.7619760585715,400.5014814392857,40.83727438428571,7700.503291614286,1075.5086527605715,2091.14281265,252.666237307,129.68830397371428,260.45430530100003,306.36634457128565,95.35593055528572,0.0,1128.6871848142855,280.50042948714287,63.39921679528572,179.70105711971428,13.496757904714284,182.92141558257143,802.0140611685714,448.6443385928572,437.49570885057136,1778.075125618143,422.58700930428574,12110.33603787,39.05742167585714
5612.706457485714,3137.418536340572,10834.97500235143,259.17195218800003,69.97492143971428,1006.428404168,567.5752347942856,39.28852816614285,1167.5406975371427,2304.4708220214284,189.75369715371428,19894.504297857144,454.1578259828572,3066.389736585714,1949.763704797,769.8640179165715,2105.6886767502856,1904.4212353442856,1036.5405714298572,476.2580518814285,769.1054015671428,152.71339033071428,881.6127481452857,4213.041727373286,1850.1179260894285,1159.7903181157142,12561.684507590002,436.0395095297144,4040.662077096714,1267.2559301714286,2892.950382565857,21201.523098,15.293618835999998
2693.199275547857,17.71993842842857,1776.6220348662855,34.90036659728572,123.58994190157144,689.4292820127142,685.1319101975715,187.06516573442855,82.00738094,82.51249230328573,23.784049276714285,4737.470154844285,2303.845295157143,3054.8639271247143,116.75537917357144,75.41643080157144,186.836149718,293.3285283741429,520.4395171247143,1.0736288985714284,1601.3823709128571,512.0979313297142,169.0639919297143,34.190094907857144,3.371646861714286,17.68749481457143,434.13115772214286,658.3288102092857,23.64204147242857,1289.5117509285717,169.100619629,9585.77319845514,79.39589882857142
4167.958178957143,279.08091861714286,5177.943146227143,44.768642274142856,278.36645512857143,2265.363280769714,893.9828734738572,337.12735378842854,2462.179265728572,188.6985112972857,15.501850745142857,17316.77311357143,1470.3910992485712,7748.164650609428,204.75422349157145,51.42118820899999,243.92209812128573,516.0065868542857,785.1928159137142,7.161501739714285,3741.6764950714287,1062.4907501347143,219.20734472542856,252.92055874142855,49.25993730885715,170.84310627285714,1508.466924665286,1001.1531446071428,98.20053091942856,2988.1566780571425,274.64682034257146,25366.11604514285,139.06510858342855
3651.2218510142857,149.88001544600002,6116.938269564285,68.34685071428571,211.1165625962857,2098.333198492,1043.389268080143,268.40123175785715,2588.8361454428573,410.6072150748572,53.209332732,4346.3472199,3597.583371114285,7011.906449615714,222.2329234852857,113.40686149557143,795.589648686,614.1712181225714,900.4361015455714,0.9379233857142858,2753.6630602857144,1007.7439293278572,448.2516150717143,169.42994597614285,8.38074000542857,166.95413878085714,2080.311587663572,1024.069536202857,548.8798859974287,5709.621576458571,473.4916517162857,9561.82049622857,132.67761697142856
4817.530399957142,113.50734274028572,5158.933752005714,56.585650339,86.84675655371429,431.70218552085714,580.1993900101428,192.668616001,2730.6007567857146,198.40419642857145,72.47516752514287,12721.724089042857,1197.6494159542856,4397.199407785714,500.072270231,233.85835517371427,1334.2113164704283,1011.2790770918572,631.022911021,86.3735535,7048.810766114286,457.56419069485713,519.6649629714285,172.911817745,111.12611497728572,30.69003416128572,1774.3144925542856,1117.963056412857,355.0330040565714,4229.372506857143,471.43768899214285,22113.714167785714,61.3134996157143
9674.153763314283,847.8139012885714,3269.775880928571,280.6031459241429,86.68429710714285,229.75312105857145,816.9328784342857,146.62949777028572,3446.4305618571425,1156.3515084714286,17.733140876285713,24812.844802857144,1189.8126866714283,3505.134351428572,570.7504644850001,111.93343773628573,302.4935073228571,437.842030888,499.00935002828567,8.495478574142856,2531.1639739714287,346.5118580308571,179.32904006142854,1386.2953137828572,164.9494100977143,480.7210362265714,1051.21662696,1633.393222712857,468.2920258742857,5141.750728428572,1893.694177322857,30455.87844085714,37.22093999942857
3598.6280728714287,2068.513228160857,2310.537070927143,179.57416451657144,25.713909358857144,760.68951872,271.6147747857143,117.25637260771428,3549.963948,1355.749261603143,26.1769321,14874.373863857145,4501.108488571429,6794.737318571429,466.4734877772857,133.20544775614286,705.1047565922858,822.3711726102857,279.9259734122857,283.65689807742854,5508.459273857143,260.0165514598572,438.6578046675714,2954.9555205634283,1111.952677210857,1073.2706935152858,2986.072594500857,644.52457438,1805.010066839857,8636.112171571429,1109.472099679571,17695.269345142857,24.98359071585714
2050.2341561857143,460.1469690188571,1574.4773978435717,33.305901209714285,94.90497767742856,365.05955781185713,489.8373722577143,178.22723924314283,4059.5966013428574,343.5462364798572,17.964043677,14539.150530999996,5623.737473428571,2488.7902038,203.038291715,103.81469844014283,176.06925220785715,324.7701367957143,382.5416327407143,24.950891902142853,5305.333358685714,378.6122350837142,187.98370394228573,342.7425540315714,12.70236173142857,237.4526063044286,1202.3739909534286,677.8211708614286,268.9452058365714,7231.477448285715,244.16393548900004,12605.494166057144,46.22822235014286
5378.725367,2236.3430792557147,8876.909415578571,274.69033287342853,294.15309522100006,1175.5001188471429,985.9282957185716,374.22264190900006,4714.698124714286,2068.622803072857,171.88676308142857,27017.393836485717,3105.343060128572,7222.006999714285,1563.9329935014284,544.291201692857,1448.1600775,1494.201609757143,1139.6105053714286,178.90908221942854,3736.185594842857,987.8460466507142,757.314330267143,2250.8111008857145,1215.0925451401429,1040.1925748508572,4794.481250257143,920.210338842857,3034.7829381,5394.463248428571,2212.422444357143,23627.148236228568,83.11730998414285
2766.86641373,1106.5075810471428,5884.219398314285,90.12381281685714,303.1814805927143,1216.1133406257145,1610.9119907607144,185.44408580842855,3137.022195857143,1047.0378279632855,181.31937665671427,5685.99782269,6911.453862428572,5561.162166428571,798.50047375,542.1966150414286,1463.4446171195711,922.1742028128572,1124.7648294212856,221.84536739085715,3449.8648035257143,831.2745140404286,582.630972269,1566.3684923014284,320.5239282528572,372.83036162114286,9024.902570004286,1246.015898772857,3287.025904792857,5522.307996714286,983.5714395372858,7124.664895685714,170.94087917414285
1989.2009925142856,1030.0637177224285,2454.264974268571,410.4909998771428,28.209757863285716,217.80807684957145,166.8878985187143,19.328012484285715,143.22703538714285,1518.577531974286,27.00734105171429,8265.321382,1467.7629635857145,1140.5126786142855,949.8727914585714,211.57497698,1038.6728585057142,787.250248387,184.75899412071428,105.89167138228572,2640.389293771429,12.66826721042857,492.5587582774286,962.3518187804284,444.6563054291428,470.90312275757145,4997.303054857142,509.0076870928571,3659.561328342857,1285.155926842857,2038.3241799857144,28021.11457314286,1.2923737618571427
28.93824706571429,92.25103357271428,8555.247461314286,0.2541524884285714,0.7966634261428572,242.74599245957145,5.263336742999999,0.6573284634285714,8733.711544285714,19.481802887428568,16.037323715428574,146.74945837642858,704.8477360657143,5206.953382542857,92.81203286042856,58.20633644114286,22.51191183257143,63.49698759342857,13.526705051857144,317.50019872042856,263.72180534714283,2.0844436891428573,9.319038260857145,216.6759376962857,586.0439647174286,9.34363912357143,1629.7122793,9.074029985428572,7.677681057857143,2004.9007560714283,8.873227932428572,99.05511756285716,0.32846243
9327.385452485714,1166.813073597,13244.334728535714,83.13136499128572,119.86194531385716,918.7899737285716,476.8965875948572,223.22853282714289,4359.201838020001,858.1806069664286,197.41555818857145,6742.274586797429,3641.225032118571,6968.141113971428,1444.3729565800002,667.4119015385714,1143.194859111857,1473.9859601128571,918.2430700374288,470.569789383,6686.543507228571,397.8568775004286,530.3984634085714,1613.3252355228572,807.6468759214285,417.6477967574286,13482.873678714286,872.6536200942858,4076.889882954286,6009.535446957142,1766.3008582399998,12761.359353808572,24.220321238857142
2821.279535671428,992.3450998085716,3376.4947043214283,9.22818328957143,21.25259356514286,474.18122359028575,568.9553099061428,191.64402700128568,1161.7145146757143,501.348770084,165.2586733832857,1280.682611892857,2815.5598922857143,1919.0098711571427,858.4431488452857,445.4760057967143,1201.0394393254285,1038.6278121057144,503.79122271185713,567.3613167975715,4089.4553493142857,378.9226482352857,468.2138440814286,1050.2804232414287,747.4031971815714,254.24096677042857,3856.692128098571,802.730664736,2689.4819318217146,2709.0087749857144,372.7483998191429,4948.277785884857,29.892593624857145
1233.5814586,211.40553123485716,2487.0195373,5.816095560428572,31.672156163857142,1100.4654841657143,256.1654788957143,371.5527660284286,3657.119640542857,80.63718499571428,7.684820544285715,2092.78919,4308.5787129,4783.287204428571,24.146227533857143,20.003271281857145,39.185862576714285,9.659642568571428,77.14637061514284,24.957652815714287,7740.952323571429,367.90133980642855,2.5002401542857142,420.7337442872857,91.43481971985716,219.669722677,699.7584735585715,399.9758029542857,34.48204040457143,4898.350443714286,199.193794311,3126.3034741,43.28812406057143
954.2504645642856,0.9078165598571428,1301.291129092857,0.1972386155714285,1.585657620857143,470.7021604042857,66.60527309771427,23.026432126142858,2435.8107567314287,7.886559022999999,2.7842430654285715,1615.06886645,1570.0350133028571,1478.5968429571428,8.603025114857143,2.8802343751428574,28.32085164242857,4.662424207857143,28.160902511142854,0.0508298535714285,2264.610569485714,69.42301432042856,1.3219617174285714,28.62741839385714,4.213247518428572,0.5303533785714286,568.2583284854286,123.4615118402857,8.784947905285714,1095.208454342857,8.23986975957143,999.0230611714286,11.002294264714283
66.27612639714286,308.7533779637143,1254.6241095014286,0.6504748927142857,0.9301930991428572,46.17452590328571,5.083266376142857,24.164521352285718,3357.565603257143,224.963094346,42.38041231228572,260.77410699142854,1008.8852352142858,3380.4088415714286,45.72395796357143,128.76315730957143,499.3387839735715,116.203915768,10.418914229714286,114.16944818071428,2301.4416538857145,5.0625409612857135,2.8475693577142858,368.4538164317143,116.8568449457143,42.29768022628571,1595.3834217514286,22.868596320857144,215.92138225471427,2496.3283959,151.08087242371428,356.3665476957143,0.5095249667142857
300.9406480485714,231.95586896257143,4353.271335021428,35.20964090771429,1.8391179332857144,379.2295164717143,7.928300802142857,54.36445057457143,2730.963450242857,208.3721773528571,4.240055861285714,346.64709812,936.3497598071428,2779.4551299,25.742204722714284,3.641446175142857,2.7476077697142856,5.907721147714286,5.254998426142857,23.76253542157143,3654.555838657143,36.55970942485714,2.063771773,490.039794454,60.63139871428572,70.97202362571429,3660.2615639157143,29.25700847742857,18.30455849485714,1753.4651313,186.19036391571427,1104.7926689028573,0.3656084382857142
756.6666102457142,485.56027073514286,15334.921718471429,26.696451242,59.510137299142855,1082.2709282257142,107.55938251328573,78.107289876,8171.601003714286,333.4165361201429,59.519089642428575,1988.6989447414287,4694.328882,9202.665749285714,679.4964796957144,534.0605120757143,2012.425641806857,677.82990517,750.8827540695714,194.4619191818572,1946.5059704714283,141.56152443714285,515.87315114,863.3156504285714,479.08769085728574,77.62816519557143,9883.641635675714,95.59273424242858,591.9919753774285,9042.485777285714,198.42408796328573,1525.2041246285714,10.646881786
433.98460093428577,20.434284419,1767.8714450571426,0.0,85.41961501228572,506.87786993,322.2454370134286,104.53303978157145,1846.5081031285715,0.3734982461428571,8.526069927714286,354.2414598914285,5231.667303428571,4129.577880571428,4.266151202857143,9.259873988857144,28.13264245071429,19.057950499285717,218.7214299677143,18.25305056871429,1789.773866628571,384.43658278471423,69.79308214157143,362.1786701564286,29.926575763,0.142072973,382.8845638197143,269.6480922241429,3.402087313,5952.757029571428,0.1561581367142857,198.8188181248572,50.80240316
1899.4777122714288,110.50200192114283,3674.286823822857,0.0,13.390404018,829.1237187871428,38.80052568871429,277.6522188472857,2514.8555941672857,11.579808735142858,63.03546990628571,38.943371064857146,2511.9080919142857,3491.92347909,184.57263704485715,343.104096279,150.99781376614283,370.36940320714285,61.30867969985714,181.4477189242857,7678.615138142857,185.45114711985715,11.016177206142856,810.2286422838571,523.6293115365714,4.814988925428572,1137.8184235328572,465.9105559241429,4.364823823,3469.4163252857143,1.370211456,413.63164346285714,2.7761427895714283
3055.924386645857,0.08513992,12037.328614714284,14.441205942714284,165.12979411242856,1460.2948992771428,811.4022322085714,308.0427515301429,4875.271789428572,2.205195146571429,50.41291776414285,69.73753941014286,2938.1697509571427,7762.5796714285725,100.59349865371428,119.82723238514286,1699.0288541157145,767.9290360424285,1097.8839689885715,0.9307935325714286,3596.254938685714,1037.8569511744286,712.1435963748571,1.346751083142857,0.9304533694285716,0.2030072778571428,6886.812278994285,1277.7084188714286,4.98109952542857,6227.422622571429,31.643027151428573,1659.5081902857144,111.23051422914286
743.6044333324286,1.7732152885714287,4151.1691098857145,0.3531245135714286,87.52904548557142,751.4561326421428,468.5211862898572,187.8497415312857,2625.0598459,2.1825113174285717,28.23567470714286,13.848071912285716,2579.5937042857145,5153.175769,39.32792203614286,54.620139487857145,595.4666702559999,211.37500138514287,626.1381252468572,6.569273195714286,2282.767859052857,568.0004011837143,380.123004466,10.706302351714283,31.18500338285714,0.0480280475714285,1419.5127898727144,442.4398849342857,2.576437597428572,5718.317226285714,5.921975145428571,175.61994298942858,71.06046171428571
1010.706910293,505.80997375742857,13934.67575237143,33.856447866428574,40.314676308,583.2133554285714,212.8206326312857,56.046899907,2568.132462857143,296.4684148771429,169.25059450757144,929.5046769654284,1049.3868950042856,3286.5250802014284,591.8900908172857,456.13080044628566,2670.312128762,703.8777058964287,612.6423546325714,776.8502764142858,686.5332193142857,180.31601262714284,639.6131493129999,1486.9790567387142,1431.7192018285714,125.26002535714284,24022.512308767145,243.81941914871427,1619.1585759508573,2766.1537204714286,368.5847805728572,1237.6809381108574,14.940024800714284
1003.1548330828572,401.4717667317144,755.6941505142858,59.911685695428574,34.67166598285714,318.8766974578571,188.27579306485717,113.726602479,3874.495477142857,435.4851547902857,16.26454158357143,527.4069036994285,1576.9228318285714,4155.337847014286,143.050831606,57.416570422,95.69462723642856,155.53571877014286,133.03075770914285,26.34010871342857,1567.7526957142857,243.28713056485716,47.83519261599999,608.1721064255714,132.406372682,175.39000082857143,540.8078551044285,433.42124551,694.3172358938572,3911.893239142857,433.9188458335714,1570.1731074635711,25.920960006
290.0211340474286,0.0447114148571428,250.3371007964286,2.2160452162857145,0.0,5.061310618428571,0.5923779991428572,0.0357618924285714,772.3829137,0.8529074085714285,3.7403682787142856,4.0161323605714285,316.8136212702857,1051.98674068,0.0455148942857142,2.107423071714286,0.6565612402857143,5.879715685857143,0.6373971912857143,0.0,42.00205736471428,0.0,0.0386060791428571,0.153781324,0.0,0.0,2.1696265230000003,0.7226154235714287,0.6775126195714286,835.9412417571428,8.531171888571428,362.0415547781428,0.0
2177.6377613937143,160.77323077857142,1786.7767969,17.80208260342857,10.199555606857144,167.93148042885716,93.25064409414288,22.49409270957143,1175.0037139842857,97.19593338085714,50.54011143357143,356.05768358514285,1417.1987103105714,2227.073970517143,168.81421458,121.12575957585716,390.3375170068571,226.1528561827143,98.98823057371428,109.83880324285714,855.0200207714286,32.432700913714285,96.27761102485714,307.22749415714287,296.87010401642857,48.49391180557143,2458.1005681694287,228.88273498685712,175.574655093,1388.2866914571428,107.353769996,3432.733477733714,0.7254354351428571
469.5340965351429,0.2126823905714285,719.3022846611428,3.766476184285714,3.2206520142857147,168.07267019528572,27.548621903571423,46.929732536,41.83017482542857,0.7905852404285714,2.180140223,1503.2309404394289,16.244315656857143,888.87430156,36.000632712285714,14.75984689642857,62.61896094714286,53.58505858414286,30.03369504385714,0.1815562898571428,439.2971924698571,76.71154457742857,4.542702723142858,1.8483599707142857,1.7377317874285712,0.0,184.0770700607143,53.26842284442858,3.3342043392857144,155.33558622714287,9.621934834571428,1015.1522947794284,4.478893249428571
33.878965519000005,0.8158907852857143,1581.5818948842857,0.1600489487142857,2.0741834627142857,86.39128865742859,4.322820394857144,28.94854727442857,43.16783065514285,7.504439515142857,17.083025072714285,703.6199727282857,25.929935272714285,232.6651851457143,4.6971849131428565,18.037054349142856,204.06392348514285,50.69620871242857,71.65687788957142,0.0,244.46935124142857,22.690987876857143,84.91415844285714,7.920780411571428,0.1821891592857143,0.1041906152857142,865.5906449574286,3.949360424,71.49998098885713,318.7510249914285,31.06088372857143,187.23541172471428,2.762330374571428
330.3653541954285,209.841712919,1146.214496527143,30.765575903285715,4.230118489714286,18.672116476857145,21.36521078942857,3.154915502857143,157.43843799842855,301.1290545931428,85.82299959571428,7402.207800984285,0.5966933574285714,573.3436694439999,144.21422505857143,207.63615629242852,515.2605722767142,317.60500110142857,91.13771903457145,175.92754171314286,5.455289881142858,14.569174340714286,133.445843174,565.5282240271429,362.5105332871429,142.37464352557143,2356.042479406857,29.918988608714283,373.5522145485714,92.37521210814285,281.46423684114285,6966.820624174286,0.0
796.1084007257142,543.1401455721428,291.510667253,53.58996394371429,2.910329424,0.079718187,15.513954048,1.377167734428571,85.03181174885715,346.6263049341428,31.431854018571432,6963.586618832857,0.5316287828571429,55.10566464957143,257.1103501571429,119.627098046,292.2265723157143,305.5884926998571,19.348027148,310.5869305315714,3.585109727714286,6.361356000428572,51.94594828028572,970.9859624204285,691.8012162457143,219.0125551495714,1787.2729224717143,50.83050800028571,621.7637540628572,2.5980390507142856,414.50885903257137,5261.295886,0.0
581.6957177005714,1559.0151862185714,854.812857136,107.87881143685712,52.218355990000006,65.688770185,117.4826079175714,37.78183301214285,0.9854544057142858,1469.6725059857142,33.69492881128571,18987.29823995714,0.0551680454285714,56.60456540642857,157.37792267999998,122.70723528042856,210.22587496371423,266.77588754971424,94.156252251,165.21042711428572,34.72543479257143,136.30283916942858,5.415748891714286,2237.4528538884288,652.8997186331428,627.2565176128572,1161.70910246,187.21245969714283,1306.0067454337145,2.054071734571429,1116.6375377158572,10483.020531371429,14.46330722
203.33092439714284,305.4335481291428,69.13545224771428,1.78214866,4.7425371,11.229036357428573,23.92049084014285,22.47665439614286,0.0,139.2073055452857,0.8910171937142858,3975.6079768757145,0.0,20.08504745085714,0.0493611684285714,0.3739907331428571,17.16456890642857,4.177413535,24.773481825571427,34.98702669914286,23.78560596,36.76399175,44.26009271428571,649.9552842378572,162.35083125714286,76.57798428071429,28.420598211285714,47.98766915828571,130.58021869314285,0.0,55.994766213714286,1520.622203475143,0.8419673894285714
105.191265712,108.29943561928572,28.358795786142856,0.0,0.2717176498571428,41.105121436428576,7.393344262428571,83.05069626142857,1.114865249,5.761148077142857,1.1590542005714286,202.50933330485717,0.0691759824285714,151.27647930285713,0.0,0.6083639218571429,2.1240068435714283,15.316942857714286,2.5968591782857144,20.079079578571427,142.53714303142857,136.08675571514286,5.531549209285714,284.82667026571426,49.97240068571429,12.941881067,7.1744603495714285,84.38605799828572,0.3128786115714286,1.818682735,0.0,27.32815881557143,5.616193118
75.64607208357143,14.62622682857143,29.090430255571427,0.0,12.59023633,31.554893007857142,75.54762981542856,44.58914157971429,0.0,0.1738998418571428,0.9571308681428572,38.27713041214286,29.673087583571427,113.85680962757142,0.0,0.3258468741428571,1.0892615167142856,2.849206621857143,67.61882406142857,0.0,90.4855554,103.57237455428572,18.610621015714287,27.63664780842857,0.0646686971428571,0.5833986041428572,0.0,99.671381956,0.0,40.09919083214286,0.0,16.490605004142857,11.340194172857142
1208.6977128574283,17.262767485571427,864.1623903188572,13.495662090571429,61.71998020857143,118.23713185285716,274.390395502,26.75244719142857,128.61178024285715,47.70080151999999,14.707351117142858,1165.5077551714287,314.2516826334286,435.4668843414286,23.090308691428568,35.116314826142855,194.249976899,146.7713111287143,291.1922288692857,0.0,708.5328897119999,117.51889249857145,131.60150254142857,58.49480063128572,0.032026017,13.64781535857143,483.39411534857146,300.2744073142857,4.0046790660000005,269.609911056,74.31521870585713,3629.230408504143,25.84541933
685.4674367285714,24.18334906028571,104.569197906,3.986984057285714,12.875935095428572,41.64044477057143,100.57781249857145,40.28951266,78.097779392,31.799020160571427,3.051524488142857,87.01349420014286,21.18648501471429,120.72396410971427,9.431350357,7.449153964428571,38.919053119,71.15670948300001,95.15852811714284,0.0,349.1962007091429,99.63518613714288,74.8695507077143,39.34469366328572,0.0144255862857142,15.85210211942857,36.47951997642857,167.81502972142857,2.876895146142857,45.68910572142857,31.170009786285718,700.638886629,11.749349141857142
9.738027645714286,315.7555153194286,55.779395780142856,10.735663585714288,0.0,0.1456074615714285,0.4825720334285714,0.1274372868571428,0.0,138.40585422857143,6.991834566428572,6246.080893259999,0.2218973385714285,1.5058719772857143,107.911707716,22.135174577000004,61.860843579,63.810081506,0.0906516287142857,28.31177257514286,4.475518191,0.0212608707142857,1.6630646371428572,769.1330474107143,55.21851192571429,108.01218324285716,685.6594230935715,0.0675450301428571,255.09477524214284,0.054461045,110.99104944285716,1748.3173879397143,0.0
674.6604057571429,441.7887578652857,483.363172462,24.21689748757143,22.57339852142857,11.979902013428571,141.63763493857144,11.404213272857143,60.50717780085714,414.3049242228572,17.349622498285715,3472.1469440388573,0.0739156732857142,196.193318143,64.71788165914286,26.907479425571427,288.6947618952857,169.38006362285714,229.3871963442857,209.64585189,15.833277427571428,38.732923919857136,237.3619152422857,734.9106066044286,421.09310429742857,159.92437479999998,645.5182390257143,111.82279874714284,602.6970199035713,72.14910800657142,307.3903465244286,2706.908866943572,4.688311768142857
191.08138842357144,198.44533615771428,13.504336687142857,3.1659774541428574,0.7022999894285714,0.193838519,21.953855319857144,4.1011880267142855,56.03587080557144,137.08238523000003,0.4799516841428571,847.1805623177144,0.0,90.54090427557144,2.063929449428572,0.9386480902857144,1.3351544765714287,2.020962444,12.661203614142858,58.316513992857146,12.004501120714284,5.0946927621428575,2.7989548722857145,386.38959954557146,149.41777162671428,91.15047265714284,11.861667844714283,30.787829345,42.53823402371429,20.135176906714285,55.123613863,653.6681770334286,0.0
94.44104418771428,28.913169546142857,7.190493975714285,3.1947035542857143,0.0683410362857142,0.0567639595714285,3.9382411044285712,0.0,14.38174726,28.12474915428572,0.3234855371428571,1061.6650193682858,1.993122452857143,22.975393224285718,1.0494665537142858,1.3246229437142856,0.0608214055714285,1.7136977157142856,0.2477018021428571,0.0,3.614238129428572,0.0,0.0,45.878529261,0.0746575601428571,19.561547100428573,52.27646920914286,15.554521085,0.9885079235714286,21.79344841985714,20.10775902328572,1371.3243021312858,0.0
1102.1513906714283,392.2947933,668.2522954058571,156.9840304772857,7.209104068571428,69.02927493685715,48.54667082857144,14.846518902,68.4295583,616.48743776,14.269672434,16963.062758714288,42.55492680771429,357.1674653788572,185.7974271727143,54.58289592185714,111.239360707,230.16695422357145,32.69359994328572,197.43850502842855,19.551249613,24.257539518571427,38.334312758428574,693.9702060111429,382.37793527542857,284.29806569100003,1033.8694814858572,98.09698741557143,490.5632599297143,110.19859390142858,853.4337981528571,17959.59378014286,2.070052098142857
337.3219829857143,1390.0108603842857,852.7390327314287,52.508327377142855,28.205971215571427,40.313378204,186.3444374498572,43.38172713671429,102.77302124285714,972.6426063821428,6.894112600000001,5047.369812853571,34.10671331471429,323.91988671157145,136.18287328785715,33.129192590142864,143.6186688137143,118.251253389,255.7074766852857,314.31389532285715,47.811789520714285,72.17766994357143,144.7456842847143,2049.108418075,796.4514267389999,585.7006342482857,1711.5184601042856,201.60593632142857,899.6757634004287,72.07416136542858,593.5086873932858,2392.559780677143,8.358343500428571
1263.7206752428572,140.42430574314287,1076.4360240568571,34.53863991,20.873895419714284,226.05592284542857,145.7863235657143,55.99171959142858,143.98034423357143,119.964576309,30.28428618957143,91.91767526071428,535.5538095031428,931.1696599318572,148.18768010285712,88.78916391528571,312.8849673865715,299.22978044428567,163.55907667285717,53.385581990000006,82.407356894,163.82711351542858,125.58684179542855,271.2565061105714,135.2240856252857,42.38130252657142,1115.6542105781427,162.66946194714288,257.61504102500004,627.2249910342858,231.91700517342855,1736.8339920971428,17.91777019542857
748.5725920047142,16.30334957385714,253.06689969357143,0.2250814784285714,7.715258498571429,72.46123420714285,93.77624596071428,15.76489163142857,166.81025985557145,4.584132373428572,5.6688223262857145,160.08780997742858,108.72281321657144,624.2050605681428,6.116482862571429,8.821048146857143,77.12769513085713,44.01746256114286,89.43041125699999,0.0,215.41376536785717,53.86019582857143,89.45977896057143,25.812399579857143,0.0605400438571428,1.5041784011428572,125.45490851714284,92.06874884742857,2.7538243797142856,465.05748099485714,1.935412797857143,1978.6340070914289,7.157099971285715
1211.4547137734285,50.25129681271428,1201.404586899,12.257503639571429,11.671542055714283,118.23436838585717,115.95005245928571,42.22423448714286,390.6817541574286,95.87565667485715,38.91092584142857,324.6572799012857,85.018252454,1473.497644377143,63.91853286557142,75.54476328957142,518.2062761285714,468.5451212857143,203.14197928857143,0.0,288.02319454257145,96.42358410685716,198.02028325714284,26.51368715542857,0.4897083554285714,39.54318502414286,43.47237685385714,135.45918916,24.043527484857144,678.1339418285714,91.1457412047143,2428.953524492714,9.307556247857145
2710.8461876557144,734.9199393360001,2736.9814666708567,122.72799431442856,41.536998070428574,154.55087122585715,338.27686282100007,150.2038230582857,358.41863075528573,916.2066888194286,83.90736411857142,4495.181297959286,340.04510908000003,2210.105307692,221.48019522628573,189.53069645,488.9398370871429,367.3022865801428,350.1819797842857,124.71282912371429,784.7685865631429,252.92796936714285,198.9307039507143,1036.1572112622855,400.5002586542857,309.7968516345714,3832.7245100772857,521.7234386885715,1206.1620304792857,668.7839426842856,839.3331666497143,6536.019507357143,29.731324574285715
774.4027111300001,1209.9160349271428,4504.505478542857,261.0868630671429,27.786547421285714,376.8451064051429,80.58556380571429,11.306379390571427,1246.484435842857,1060.1769910257142,58.33565895342857,21860.79827642857,202.6979674657143,1783.9952544142857,432.4926467385714,185.351608415,437.9474739005714,572.6808382528571,200.43987176,225.472705701,28.706666852714285,75.41751428142857,147.78075696,1957.136899467143,721.7467669,632.1976482771428,2880.937449897144,83.97273927100001,660.1699545714285,518.0874712857143,1361.124295042857,20092.772942428568,9.360433360428573
929.6359558042856,16.096898305714287,823.0033540471429,2.674813528857143,42.906283343714286,224.35211603371428,280.34563624357145,86.72937178985714,586.2484517642857,24.41935168942857,18.037236057285718,9292.0360769,262.3396226128572,2579.1010391714285,26.87232452742857,37.87170706142857,68.36763749571429,35.56701455228572,176.76656347657143,0.0160250174285714,531.9472128757143,186.32438940571427,36.52248482557143,76.64067461928572,14.189238771999998,6.942797120142857,322.28594994428573,366.56588727285714,59.793257392,1038.0217537714286,28.317977975,8862.461168085714,19.32791095242857
1637.6391533685714,2510.660753667286,4038.824316619143,233.7943710822857,23.486741379285714,267.081324116,196.2933270912857,64.09264451328572,1005.14843173,2840.8885151384284,124.49914876142856,16749.230132554287,331.79072267985714,1327.5002725600002,814.9832460374286,356.0295152035714,988.1985647042856,1024.3612265392856,238.92862499642857,272.410341597,116.79253873742856,111.13785278271428,205.9501497307143,2040.2290711707144,723.6220167889999,1088.9330267785713,6775.320790298572,211.2671415292857,5216.428632091428,346.2883808752857,2432.313681558,18656.332186764284,6.5495269241428575
1549.1897143358572,429.833408758,1309.0559893214286,113.78111053342856,9.647441284857145,115.50608594285714,172.46576526200002,50.741328800000005,42.74363411157143,679.7597086354286,29.48940234571429,8096.671878833999,74.83054526157142,688.8484457285714,106.47748998428573,70.49981521871429,243.50232077714287,262.31335427557144,131.82449668914288,2.984051867142857,157.755938266,121.321629029,102.72345877285714,295.300146153,9.890362710000002,446.2567176842857,707.0562848072857,345.38062557414287,789.7069469108573,210.11279973,779.8683292472857,6674.65031324,15.176002582285712
3372.418231652572,34.38310349542857,6147.131550285,112.03181735657142,204.99419236442856,1004.9287069507144,699.3352877300001,116.93571814957144,155.56606430571426,147.4083792922857,34.51544199,12476.523951729285,179.68720952857143,3291.7016267415715,316.926950417,146.48944628185714,214.74398289657145,286.9133417628572,583.05087904,5.8382395101428575,1079.7775861657142,297.09941196514285,222.6211248757143,72.34132099642856,26.586393204857146,44.464715292,3182.4845105164286,681.0176405501427,378.8740556288572,585.4446557142857,665.3794912015713,14893.714834947712,34.20793880785714
2375.458720138572,1441.9944044485717,5080.704341689571,111.07535715642858,93.3901314827143,396.969797197,366.5966576957143,44.54997277857143,890.8121277528571,1797.2609778367143,162.3495568975714,9355.649410685714,320.65259770714283,2704.369355728571,867.4459524057144,519.2344128010001,1257.384117532857,1095.5312521277142,710.0703756714286,91.77891076885712,233.81008422014287,176.20457230542857,380.66981738857146,1589.3232867395714,314.4229581417143,1001.0284129054286,6268.246504034714,340.5237679785714,2975.9639871305712,1031.7473626285714,1328.884788212143,14387.556528064286,30.092190476428573
2441.657218857286,1245.185431116,1848.3225385704284,62.13206641800001,3.7906862172857134,207.81428738257145,194.5755439675714,53.99253234071429,1760.0616456857144,938.1381189848572,160.4137309757143,9056.884282762858,594.40380859,2856.951612492857,368.5689910337143,378.4689657235714,1132.999774489714,603.4152193374285,176.60935157971429,899.4500161642857,372.4119088542857,113.0297098537143,292.18065165714285,1482.2554368827143,1245.809381862,412.0439735001429,5536.109385510286,229.0960999131429,2765.4531197224283,1505.9946048857144,642.4294601181429,8223.346273185287,12.674692634714289
4315.6574178,592.0743131115714,4914.516897038571,114.79259812628572,80.35984522485714,923.5886798671428,620.7187528378571,132.06639090342858,1736.8703779714283,591.9517414071428,96.69755992,12928.12269989857,188.7911431742857,4746.012996428572,430.3489692057143,272.12251028428574,970.0466590557144,870.4000342557143,567.4777153028571,8.381516992,285.20832683142856,362.2073403528572,433.1174833752857,674.6676021828571,44.11717527528571,257.7031725427143,5276.941247622,885.2286815828572,533.5682286624286,1162.6028074428573,864.1315008921429,20408.211867171427,49.563537436
1705.4036665942856,984.767627949,566.3830467237143,84.22044587314285,40.41686205471428,299.8402116108572,203.617359114,130.878189902,908.5704976357144,1080.327474806,63.32888179771429,5900.973501504572,2031.277832314286,1978.2249815785715,202.5826022578571,138.11459650042858,263.31529807357146,481.1507030032857,253.3870623528572,3.1592275751428573,2268.8439991857144,259.64447526714287,278.9332252072857,1454.5146542299997,88.3855285697143,422.5350468595714,548.3219983822858,357.6089527238572,1244.8269102231427,1776.4149918,976.8718258957142,6635.773622405714,21.572375419857146
5200.476257553572,2059.0107567205714,3311.455996342857,213.4641961962857,64.56690789814286,369.4240472614286,534.5408897,78.45021141471429,2758.9220493142857,1286.5346506908572,189.9936097677143,14064.57282,396.41701776285714,3447.280842502857,1083.608518204857,510.03674358942857,1543.3519150792856,1500.8422212922856,855.3109167182857,45.59552467571428,805.959424577143,153.60539859414286,453.632319898,2244.399843480143,292.7771371427143,400.41053484628577,9895.58116362857,451.97581358614286,3811.138422155714,1416.7216472314285,1622.9003381000002,17892.208210142857,12.842377459857143
2402.106158245143,2341.6039108504287,10239.305650157145,2.213690398,111.860830462,409.92194894242857,475.1890012217143,446.3461405971429,1940.6938208585716,376.55749623042857,103.40580674142858,1227.0764008328572,26.66798498,1471.7635224742858,150.74774471142857,203.38524900857144,1790.573432539714,676.8195824938572,564.3626189714286,199.04004692,883.4331511057143,531.2973352225715,376.0610409942857,1809.387628293857,312.6011212997143,142.01319820985717,8425.538752142858,881.9376943202858,1339.266924882,197.16057526571427,38.757774684714285,2651.904523057143,56.04049953828571
5947.559241405715,230.3438586611429,5535.043450107143,4.300865053714285,95.01620433885714,124.0382654957143,542.884285714,114.519287159,4053.097160985714,140.13163481242856,201.13445013328567,12420.343886285713,1422.7546894585714,2529.107011428572,832.8123510024286,542.4786870337143,2033.9011027297145,958.0853395545716,784.4393500651429,403.3653360577143,3035.7838249500005,225.12210094471428,580.6007473635715,875.8450802628571,980.3630418342856,72.59065860785714,8465.241607317,768.1578505928572,1066.398612769,2790.7517827857146,270.3702233662857,11293.753672285717,30.17696800257143
2818.1011298542862,306.54385744014286,1724.6798119485716,117.61297700628572,29.312804613571437,388.24113213857146,201.39779707814287,133.93614653657144,4909.845695714285,345.8369160755714,177.07036896914286,2119.6204770714285,7810.236827371429,2404.064625,1272.0853789127143,619.1792209157144,689.105658355,1398.3029387085714,270.56307644299994,28.366454492,3462.3721479571427,349.8359513588572,273.83906618457144,317.5978508225714,194.4937604502857,50.29856459842858,4473.773401292857,700.71880246,388.0511301275714,6999.825325857143,720.9607667428572,7402.939225285715,43.33417040228572
8255.1109626,2152.5814024157144,3890.2701272,423.72856969714286,219.0119121725714,346.25781209285714,671.3378256071428,123.94251808,3924.5706051857146,2667.5989427142854,275.9539938787143,23642.159048428573,3278.9245937714286,4273.131310657142,1368.9819315375714,733.4450745514285,2520.703017395714,2191.0900074542856,1602.3524758547142,719.7020289514285,7866.8046083,277.8997034347143,1131.9553233268573,3334.4084583571425,3216.571615184143,845.3620556671428,10961.29578237,822.8795027142858,5729.285626517857,7874.137317714286,2849.4732570714286,30635.22030357143,38.99736592657143
2434.170610205714,2453.540943927143,6811.466634385715,239.690739632,102.52204191614284,673.3741288371428,404.676696731,35.20835835814286,5671.826810671429,2289.3834775268574,145.89555360714286,14343.959505957142,1330.466882614286,5222.1904276,272.42811084642864,249.30133698985716,1959.9913947492855,531.0431266521429,641.0150678021428,551.2932428191428,895.8182903385714,191.5801633481429,574.5509945524285,3814.027457378572,1191.3721620014285,633.9556038077143,4435.415504101428,571.6397337821428,1488.9155572061427,3111.7122601428573,2597.956659288286,14603.105050511427,28.526794511571428
4813.659127354285,865.9030418914286,12286.607517385712,33.05236937985715,278.27755015242855,607.7282820714287,1085.8445701318572,211.46125150285715,6387.432173428571,546.0167617865715,314.6816690057143,2557.418175342857,2404.972582314286,7621.251984285715,758.0074412227143,793.3125828614285,2462.111869323143,1272.99078653,1555.498219342857,2005.4681802832856,2074.9261221885718,444.45923427771424,993.139717814286,2035.2208855742856,2692.1984099171427,303.03720499957143,14783.545137314286,1539.9803587571428,2083.817286068572,6854.069010571429,253.86066843285715,4438.88802539,87.39831380614285
6713.159110242857,1732.266439988,7530.542714157143,123.86935040957142,214.6642213472857,2318.5864123844285,607.309154996,417.217372196,6562.729336714286,1943.6785924234289,97.88883545728572,1394.1192995157144,5015.102805342857,11473.595041557142,759.5389837147143,384.5348229528572,1747.4462746820002,1515.4526671571427,1056.1699465657143,336.73557978714285,4770.749938385715,575.2400838141428,952.6150841557144,1030.5144492151428,468.1294282807143,1211.7534928614289,5193.887240971429,1436.7830496401427,1775.556446993143,7072.001353057143,1673.4024668497143,4652.3920695642855,53.96841572114285
5490.926877034285,2556.236780017143,2502.4730386428573,31.88482729271428,288.5624236874286,383.3241804471428,728.8508236008571,102.65896856342856,1375.70644849,1417.4967452057142,47.71498136614287,11078.399877,4214.744136,1544.7616406,430.4714337332858,135.2567938364286,579.7753677697143,533.6435452467143,1003.5753380245716,1150.0323738042855,2957.2917541657143,382.8591672665715,626.8966452242857,4146.265712757143,2956.7522311214284,1109.093677833,3221.1604822228574,1049.5734224014286,2749.407801644142,2423.247622,603.0023539514286,11614.622673714286,90.91470462228573
6096.017381814286,1215.5235980328573,15247.7215009,267.97289309114285,419.9437686385714,3594.0089245994286,1575.007362023857,682.9863580714285,5372.781604885714,1492.424126627429,89.33134635585714,9805.145809285716,3569.482402914286,8855.88437,814.9364667842857,962.8888595788573,640.5241716198572,1563.806849509143,1007.555875078,444.0495830571429,6393.670423828572,2408.275333129429,367.4307602454286,1210.965226657143,621.2794764597141,656.8665691872858,6387.658752509999,2355.0877812057142,1214.7663441072857,7166.868203485714,2214.5478060408573,14060.731597428572,209.00146330142857
6687.967283285715,1902.1254210177144,4059.821659428572,166.22109878028573,96.72786961085714,944.0703845357142,740.7400081900001,335.96298060500004,5549.505655757143,918.3701455482858,51.33064564714287,8945.06044776,5186.047132571429,3237.199120714285,898.2333125671429,333.36413003714284,876.9321899571429,778.4552431767142,436.1454714905714,103.44596575114284,7836.929950428572,494.4641511325714,214.6359785042857,1048.429286975,275.54900529042857,478.868203898,3797.7015487428575,1058.1308205142857,1640.027159108143,5397.742784285714,1462.1532049727143,11173.780062814283,25.791444362857145
3198.2391191285715,554.2693761664286,5996.891143857143,19.441125579,43.21282342514286,1225.538699414286,549.4725649785714,203.9776831972857,5270.837959228572,400.67847199842856,118.60060212571427,6691.946202828572,5447.154308285715,8562.379239571428,179.05908595585714,377.34128042114287,1206.1656543512856,407.9132623857143,592.5317713614286,70.47432039857144,6782.422938285715,601.6310979572856,301.4670863294286,256.0239554217143,50.03714156214285,336.5262870581428,6342.417390042858,595.1143511099999,215.75344716385712,6277.601755571429,185.4454233241429,7491.948611857143,58.87680933757143
2377.088184154286,786.1681793,1965.1287247285716,28.526148819,26.81397864171428,1239.7283628988573,184.8934485292857,89.47591334571429,7104.977854471429,465.0029144657143,66.21663808642857,7121.425575428571,2722.577368714286,9100.985345142855,426.1115252261429,538.5188706122857,453.9430871017143,1108.3664960417143,233.851852297,191.9681572698572,4935.049877342857,208.046731031,173.23431446028573,1466.8942241285715,944.7524315365716,327.4167554572858,1321.00166439,324.76452569,236.29184789985715,5926.381100428572,600.6680625428571,8897.605601857143,36.27946621128572
3064.420718285714,1493.4022911642858,7775.837638442857,96.92126438285716,118.22311472271429,1312.468352899857,655.6550690664286,410.52180593,3887.201595242857,619.5460432399999,74.86173205685715,8950.064850285715,7673.189276,6664.428820585715,277.39087038142856,153.55702262,1326.2608845757145,413.5624934428571,759.1293390642857,326.3958478854285,7005.5232991428575,644.6941826035714,380.5642988412857,1296.8771951742856,1063.74257822,441.846381402,8623.0929508,640.4897478957143,1507.8466005998573,7359.567018000001,614.0410308785714,9263.028665,74.95651588385714
3647.459387669428,1635.8166068472858,8615.395949471429,99.55990305785714,60.07496222114286,918.9422828627144,201.31680153842856,125.40449222857144,3617.5015066857145,790.6057605624285,297.8289003385714,7672.686787528571,6300.355552714286,6338.504675428571,1848.3905660872856,949.5106385041428,2064.8414653604286,2008.1462938824284,662.0580716937142,674.079122805,2523.6286512,374.5687602038572,466.5813289425715,2487.396436498572,1101.471763479,813.6507917890001,15585.12123492457,427.1872192528571,2572.559033937857,7673.9385838571425,635.1411747635714,12776.66648246,20.057453987857144
186.3144558677143,135.05370925971428,352.40774791,7.837261471714285,3.446641367,31.49331268142857,1.4577177344285714,7.980923207142857,3010.9191270428573,478.1369731734285,2.146652764142857,2586.2485668714285,1080.3379834257144,978.2147214,17.331180426714287,36.047486424571424,5.017454996428572,5.937430777285714,1.722983626857143,0.2082682958571428,1398.2810454314288,19.098102724,2.1131608018571426,350.4027223605714,90.91018889528571,109.36405041428571,25.387629019,37.801928361,165.13164410871428,1206.839697257143,97.02587605514286,4712.7669492,0.4100187558571428
2797.1075689652857,1119.040343754857,11813.269651122857,91.77778813257144,307.356490282,1710.7378093514285,797.1259487392856,82.73159914657143,1998.8057314928567,1207.8399516448571,216.10965032457145,13668.993130371427,3115.2573996,8187.849392711428,879.8172789038571,573.5066879224286,1364.7771732897145,1156.7842588131427,1336.597429840714,648.6684641128571,2900.9006433185714,339.4332194301428,833.4888293808572,2512.96683698,925.1070597342858,324.7296703014286,7917.406952882571,707.1561456142857,2303.329052645572,4767.882479457143,731.8726796761429,11689.168146714286,78.18970141742857
6318.348496934287,1798.6783691752858,10345.192359314286,104.21578184628572,245.67265823428573,694.8280522071428,1097.1501741587142,144.33254831,4150.465353428571,728.7794591604286,316.9360981271429,2086.424217007143,1311.552436242857,6026.726627571429,1117.5264133695714,737.9793947614286,3024.5003418452857,2223.607261460857,891.675534867,367.6787480185715,1725.5675499214285,395.66193346914287,788.1122613418572,2499.122781972714,912.607627429,166.7442956742857,16461.58984944286,967.3363222952856,3315.6448024,3840.613650714286,920.3452444528572,6839.78531542,45.254430908857145
1905.978125057143,122.36784349657144,8358.852754285715,14.467010999857145,88.91305144142858,191.4628576257143,424.50482668,58.93051851042857,2966.488201614286,136.61700780414287,563.0001066291428,1440.6518566414286,1366.1966188285714,4571.721881,681.2420502650001,975.7605586725714,4557.357898742857,1642.1243579615714,917.6068032285714,60.676543274,970.3472721571428,232.82474785585717,1152.544491557143,547.7848998818571,263.2037945072857,5.908462059428572,19186.337488428573,306.9918232114286,892.2554279937142,2841.7690274285715,99.88498179314286,1099.630043114286,43.62246356771429
5061.788284042857,331.83828982100005,7002.985333028571,58.84696421571429,202.26027233857144,540.0037149457143,946.9404825071427,126.24254281857144,4704.1134576,217.4600434104286,404.38129406,785.0609154442857,1036.8483936885714,4522.041802,1113.7638392714289,944.6145090285714,3051.298504614286,2151.892703257143,1383.9453290842855,73.937232068,883.0113066,431.8890419938572,930.3753151571428,898.6898303757143,444.1918341128571,47.97255056014286,13637.448605857144,814.7417796985713,1840.3159184142855,2427.6262634714285,668.1590538428571,5083.394522814286,67.71601295942857
2175.529434362857,327.75123427914286,3772.087125014285,11.838597369428571,78.2987027242857,825.4608017285715,520.8879961700001,215.51695286857145,1957.6967314342855,215.93932316985715,19.389428288,2429.2909252475715,4093.9834777,4348.559130857143,70.89404622414285,58.48184884428572,232.204849306,196.00439130385712,380.42526752714286,78.07932701385714,5626.3241747428565,633.8610155542857,155.24111946757142,620.692737161857,236.79745997771428,106.32782608071427,941.321612242857,737.2205583042858,267.8828812957143,5550.962530714286,168.28285974285714,2811.098695142857,90.99200786671427
446.3742925218571,74.42854458114286,3734.3586108742857,1.8898665731428568,21.06292244057143,184.82244421857143,102.103469797,23.39549766357143,967.6638153114284,36.508251679857146,91.22134804114285,4369.696944445285,70.62534851628571,1361.8030495428573,87.61092899428571,160.68200771228572,856.3739965312856,233.4602401167143,128.08604635599997,103.22569777442858,972.739187177143,89.33372119514286,132.96351321285715,185.26989311614287,165.5743362075714,29.28130952557143,6054.896965368571,112.95290128942858,175.51985314642857,1144.460836552857,26.448320362571422,3912.6049139832858,10.618239484428573
3223.967548955857,0.4693617121428572,1329.627397232857,72.939196839,163.95536449414286,507.7209839418571,716.1105896842857,76.89856599985714,528.6744767057143,16.67483090957143,84.44761203714286,2993.8809821584287,729.4905794251429,1714.6536151562857,293.3319855311429,235.08630965742856,905.90420568,945.5575435718572,804.6846557452857,0.0,781.0666184875715,366.7018427805714,430.8151416367143,1.368342449857143,0.6527333540000001,0.7807381675714286,255.06929612642855,324.3039466285714,4.568528256714286,1136.3510192471429,160.51699612557144,10841.009413659858,56.06627171628572
505.1232906255714,37.24463437071429,881.8419452592858,0.1132165987142857,49.758499448,64.11797002028571,102.66116203285716,15.239550503285711,104.4267224682857,3.829111884,102.37339218614288,309.9771050204285,67.053218745,641.8502114332857,33.46964626114286,137.361752887,903.0030696364286,375.5184404461429,357.1950675185714,0.0,148.89067877257142,33.975122101428575,248.0033250431429,4.020556622571428,0.0,2.1184016871428573,2003.576133786857,33.00189230428571,1.7685915047142855,243.02144399628568,0.5778699925714286,671.1622354212857,3.915468983
1823.2115406612857,904.87699946,470.20626200242856,148.56843725,3.485169820142857,5.993152970428572,71.64615016928572,0.8770278349999999,216.223930151,1063.017396542857,188.73494886528573,12175.7967677,49.84878964314286,456.3471411602857,615.6865895114286,437.308153955,908.8463298548572,869.2697267627143,92.86615278314288,143.9931925915714,158.84137818814284,2.282512354285714,184.1854980382857,1262.068347527857,335.0603560624286,399.2657455895714,3593.849961734285,55.52202981785714,2310.1150316667145,385.9466771171429,1522.1373218255717,15122.690031757144,0.4243234181428571
1148.610281867143,281.78441604485715,2324.2500421244285,25.050050530714287,68.93350376342856,620.2430220752857,187.99589713742856,72.68294509928572,19.87790793657143,192.94250288257143,25.40762708614286,4378.6140009102855,80.14822667357143,1851.5664106935712,118.29082126314287,64.06243155271429,194.5667228185714,165.26334047999998,212.48265096471428,85.09274361228572,254.0517123628572,200.35880948714285,84.36140775528573,509.9938470448571,220.34881144285717,73.33021195114286,821.8309329718571,195.42149690714285,549.5407583731429,38.47794635871429,243.485011302,10208.566590973714,14.862976900142858
54.031040910142856,0.0,10.692996263571429,0.0,0.06896958,0.6990761877142857,2.0908117251428573,21.788102229,7.311890461428573,0.0,0.0,1.481773474428571,1367.075123141714,65.27107918642858,0.0,0.0,0.0347503184285714,0.0445951022857142,0.3312955308571428,0.0,778.1700490658571,6.9585624624285725,0.1833276628571428,0.0422959777142857,0.0,0.0,0.2246263381428571,33.52070574857143,0.0,507.1204586931429,0.0,1.2505845851428572,0.0
559.1156215052857,3.9801975067142856,821.8173357875714,16.796451792714286,35.28183560557143,59.00391332542857,105.29369540957144,15.732010884428572,108.22973941314284,27.676032589,42.88613075,61.06309954114285,2.110684377857143,196.46228535828573,144.49600487014283,93.62700643885714,375.1184128445714,231.39752884571428,131.8383845697143,0.0964548398571428,15.647478867714286,78.49999260814286,78.71780202785715,8.566657221571429,4.477033395857143,0.0707023574285714,789.7188973337143,110.89152584957142,188.80307285471423,94.95368795014284,134.03672163542856,389.7514711262857,12.804024108999998
136.01635197414285,0.0485412315714285,2.6363722128571427,0.0,0.6875330964285714,11.378611719857144,36.496086094714286,5.047912199571429,25.221340512857143,0.0337530458571428,1.5680036385714284,1441.217947597143,591.285402711,61.175443389142856,0.0,0.7910178920000001,1.0318169852857142,2.8207709220000003,2.8539281688571423,0.0,208.62115753914284,37.80241123728571,0.0158688558571428,0.9634526451428572,0.0,0.0,1.2729860908571429,33.82724094271428,0.0,113.27910048885714,0.0,2120.228859112143,7.129296724285715
488.29253678857145,1248.2075326757144,429.41028046771424,96.07805498042856,3.1175597105714283,3.3353866412857136,53.63603359557143,2.5442960882857144,249.6223981642857,1005.0373622757144,101.326763038,1895.2177220885717,472.3345066971429,6.933539363714287,813.6016496205715,306.319307125,548.6947032928572,1086.954963043,73.18847781528572,505.3840225374285,724.8038240854286,2.5818137437142856,136.95428272628573,1670.2027547697144,877.0030540500001,455.6117972182857,4287.569861042857,28.317367214857143,2498.327533207286,74.67299192585713,1097.771543827714,3029.2152917,0.0520408292857142
250.39717583,251.140021741,11.529074763428572,3.68974328,2.7902162235714285,0.7870832547142858,47.98199238714286,1.2908408005714287,0.0477827974285714,115.73874780142856,0.7650001111428572,2253.609723382572,0.0,0.2865502225714285,0.5535570604285714,1.042883363,9.039749053571429,4.241901531714285,35.04275155342857,86.89268422714285,12.786013056714284,9.187340903428574,36.351540356,633.3631171788572,296.4373296714286,76.27507240571428,5.632275342857143,58.73858389885714,44.70812788285714,1.1817652855714285,55.41778049314286,1906.656623474,1.364569295
137.46967417785714,0.0,0.1308962224285714,6.598353234285715,0.0221274754285714,0.0900066478571428,7.310323419,1.1843520104285712,2.838608827142857,0.4934020142857143,2.982401471142857,1.4614434709999995,4.930378507142857,0.0228956595714285,15.155036785714286,5.109901654285714,18.03566392942857,32.315543865857144,7.178333511,0.0,38.751585841428565,0.0235959172857142,10.779916447142856,0.0,0.0629005725714285,0.0,16.677955565857143,8.021697844428571,16.356615299999998,11.449688441285716,29.57029407142857,120.01014091857144,0.0
1237.51105455,256.2155882581429,283.26229186014285,41.124451817,4.617862770285714,3.545980809714285,81.32017677014287,9.246217028142857,10.719514155714288,352.0857444414286,35.291262981857145,1104.3566686567142,22.58127009314286,106.12446956342858,187.68012526942857,104.9825996732857,251.6975566801429,262.995098322,69.41327357942858,68.21162636428572,106.81332471842858,30.133442176285712,90.36935190114286,345.1353386005714,191.18816891585715,155.57628881757142,596.4775152172858,104.143372957,532.7401113984286,147.74900703285715,370.4925206185714,6500.781240604286,3.8968305342857135
629.1720683102858,5.082440909428571,42.18611396514285,0.310182399,4.526983497000001,1.2196534907142855,17.35238527157143,4.634617117,0.0,7.093247244285714,4.002294101285714,2348.2686745338574,0.169725309,46.39505188142856,22.618949627142857,10.95358312542857,10.946979607428572,38.96607413385714,26.31741216542857,0.0,14.717759545428573,10.233770626714286,7.593756945714285,2.78716314,1.4181276515714285,1.272064555,49.704833,34.58534046185714,13.04593063285714,0.0,1.899113153142857,6779.637124316571,0.0
937.4694504707144,873.917882615,1331.1210723828572,212.6336206892857,14.344109068571427,1.3497067398571427,97.052371438,0.2743738568571428,96.53918229,1069.9285135614286,94.49520541228571,2842.7830534987143,30.70813467728572,112.05114033757144,686.6453134128571,324.487646531,693.2768323295714,834.968012579,140.11905414771428,248.05431669714287,219.44288343971428,1.4671630649999998,105.88154534114288,1290.6889919471428,708.271773356,398.4261928001428,2842.290187749,26.10709538457143,2110.7283081428573,42.2103533,1364.5401867778571,11859.525094397142,0.4383869227142857
1170.1735617628572,119.62388406814286,1634.2854143985714,4.429664557142857,46.191177088428574,649.6695699055715,251.146909081,117.11641279342858,43.490053585714286,79.02695340814286,7.798677646857143,4760.696767667429,44.73069308657143,1044.0834917571428,67.261811456,44.27474894257143,153.58420377042856,150.4113789002857,295.8510290277142,36.29111224142857,824.2808923900001,327.13456786271433,118.88021042057144,288.3701608962857,103.68945741428573,50.927704755,473.33383511771433,245.09687000071432,123.05471020328572,168.8160583652857,84.18710898328571,7707.091376269428,35.96994814757143
267.1655656857143,1228.759355531143,128.8133960357143,132.61165511857143,1.2522678321428573,1.281289523857143,42.34521172485714,2.228675397714286,297.82117917742863,1176.402214758143,13.467303930142858,7481.068413414286,36.90817169585715,65.31974985314285,233.4512733902857,75.75484998071428,107.67167061228572,196.5039914827143,23.207569925571427,188.27220080257143,296.3686701442857,7.588653845714285,28.307431567142856,1830.1164095927145,738.29170344,621.0064550395715,1027.6755381985713,58.78892745171429,971.4345887454284,8.437697302857142,1007.3083366208572,7094.619024142857,0.602934332
1306.6372557914287,1311.5863733114286,373.4103012837143,214.33865525214284,12.501650417,55.37967015814286,126.60475050628573,52.58475899528572,247.49160282742852,1265.847801950857,39.16928202128572,14114.654032237142,170.4698072887143,306.98347873857136,512.3200922271428,166.5197014802857,199.43318547100003,587.7528440268571,75.54529596271428,188.6069555,271.2650413757143,201.54620886142857,55.17935587371429,1960.0928704924288,611.9836185215715,659.5565708734285,1206.3582139144285,264.513661031,1667.0270726114286,164.326877193,1480.9092977442856,15632.194445800287,26.67851276
616.5673999620001,119.20063091142858,126.5170592184286,60.04100087014286,2.10687437,7.709776496857144,6.492174816857143,0.4998513804285714,6.625423142857144,356.7279805085714,13.136510154999998,1712.8472430922857,95.817025621,322.1141677412857,25.67132709785714,19.80936334828572,137.23134883114287,150.38107232285716,71.99600609857143,32.93248671428572,7.436078874285714,0.6986215818571428,131.21592560414288,199.3443705631429,74.89436,108.73509756057145,233.65073515071427,5.789961899571429,258.6235136394285,179.7474326815714,467.455094,2937.7664869642863,0.0
108.0759145825714,2013.1355267875715,693.3581812714285,207.850421042,14.296862089142856,49.03138256985714,79.78281475000001,19.15285303857143,316.97149244357144,1392.0468183231428,60.003476934428576,10040.383055137714,650.0825057042857,301.2832498367143,417.5785805685714,123.68833806257145,190.91686330857144,279.894801758,84.27355259642857,549.5297073728572,42.61339335442857,86.54603500314286,16.077091129,3198.438707654143,1302.4058386871427,561.019287709,2640.9830170247146,93.05566781857144,2399.1712830414285,359.09268029271425,1542.128510378857,3791.36620591,10.872085745571429
308.8437424257143,394.1762170757143,595.7508661128571,26.103995374285716,5.456462669571429,93.18389671014286,98.16029837228572,9.320484823428572,394.1270199732857,526.6653655914286,2.8944814612857144,7622.654964128572,241.068761556,1058.9461901657144,13.383073190428572,10.367171186428571,24.3395125,48.20449714914285,45.72802157228572,260.0353523892857,145.75484356085715,34.400189244,23.00725901785714,710.4436078085715,374.41648272871424,353.2455492968571,670.4389064601429,143.44907054557143,160.07273333942857,284.65876751257144,272.67130550185715,5508.941818885714,13.173912105714283
274.2559284428572,537.7207616715714,176.8429965602857,23.77825176142857,4.202175280714286,10.903159227,114.99225980628572,50.52763315857143,149.67708221085715,322.62071775071433,1.659368193857143,2080.297909342857,43.62558184928572,320.25830304,1.2927435572857142,1.1967786487142855,71.81721614114285,30.912752831571428,60.93098573357143,32.6338697,69.96349044285714,63.875136513428565,52.21777537257143,758.6868515197144,125.56234006785714,212.23089639528573,67.48241111614286,185.30539236285716,74.97225035142857,129.49374687842857,229.7122195311429,754.7925905882857,3.5698794690000004
539.8013144399999,12.272945273714283,1187.0513217044286,0.4404479307142857,6.654533262857143,19.555654142,9.822579542142858,25.414479439,225.477243813,6.483637504142857,6.300551551,5513.9106994442855,56.93899854657143,740.5040701285715,9.131667592428572,8.945564475857143,57.47712645285714,36.92393462157143,15.352147687142857,7.250346361285714,63.599331116142864,43.17036959357143,6.59657944457143,21.336200593142856,15.74270925314286,2.216023883,351.2312440261429,87.62635207771429,0.4932422108571428,257.63618392514286,9.157481437142858,7631.146656582142,3.4726527285714286
455.6128729112857,229.4721892564286,1524.7107265452858,70.255900522,20.98306539842857,93.88790345742858,130.6036457777143,21.469716146,61.46460837228572,405.03271732042856,30.489910329571423,5398.685405215429,56.47701132971429,770.9164172032857,183.4564216892857,123.77868720914284,260.23685028414286,304.1175551977143,122.9830972,0.3815759352857143,101.27601427928572,58.479226115857145,94.624627997,232.03079437528567,20.944128592571428,126.54824411285716,1946.4950097895717,122.38876643357142,518.5841556921429,104.46738018614283,522.3201573582858,4131.447911598571,5.606637871285715
2309.941525785714,1342.7662508457142,1971.1613950705712,173.9622602732857,21.654955354428573,352.20453190228574,99.64696714542858,79.92300687842858,768.7334091,1761.5642189888572,148.41688745642858,5388.662619510001,307.9675748478572,2191.903943942857,859.2509836094285,380.579437909,944.3332478434286,1300.0987271442857,129.82983616585713,697.5611497922857,481.9295573202857,106.79495315842856,204.1115668077143,2155.8198059755714,1084.6027677045715,721.970937537143,5512.129555015429,141.6212761092857,3161.588975162714,899.3988797604286,1923.9490065242856,10519.096685934142,9.998885566714288
3904.2152482714287,1392.1680484085714,4740.816616637143,342.1494862058572,172.46677152085718,1219.9996736232856,1076.082552532143,97.75472846671428,451.1214319857143,1809.331906098572,93.55069136214286,33364.04100471429,910.887325514286,3286.960834,418.25806150442855,215.2997513512857,1222.6774312402856,1086.6738154557142,1095.6251999732856,119.94090055714288,388.2361764814286,689.8798597597142,706.74908427,1419.214470447714,473.40922462928575,994.9361776657142,5199.289935293428,639.2093310682858,1453.5025710857142,1184.8790481,2061.71957679,27651.86509585714,109.76876765914284
818.2802542714286,203.29147407957143,2323.2650923434285,27.56065193785714,45.971269576,675.372129878,249.59754693571423,99.4628168447143,860.0169893857144,194.56488415142857,11.486907054285712,7534.2813627,1481.0110654157145,3140.6297635614283,51.84287025,23.226890083,241.7984155988572,166.53060107142855,194.10627696528573,109.91610677,207.8545581612857,393.2636144742857,151.14336721428572,527.3461455099999,323.06472541585714,125.43701640857144,454.85087972828575,322.3244693128572,97.60598858157142,1515.5641064528572,196.14383637428568,11692.433521485716,52.61172580871429
4469.317452094,1778.8198779715713,7480.019838389571,233.0293625242857,166.54750390271428,1497.1765560714286,706.32469728,94.789191184,1058.7160781557145,1595.6082890261428,60.513101888142856,17830.514182024286,132.37900004485715,3387.508436878,437.6570877828572,210.809609539,1280.23937822,826.3251817441429,910.6539069171428,122.93044880314284,588.9048642414285,620.8059278327144,540.3025297828572,2338.2078213521427,710.8553282641429,813.6632206558571,5535.722952571428,752.7404939378572,2347.1672028158573,673.8744084944285,1977.9758594075715,22100.095754837144,81.20600459142858
3838.182087172857,157.07901333385712,2784.458592342857,32.63885866314286,105.214941923,615.5956404285714,796.5593416635713,148.950426744,1660.2819930285714,111.56808299285716,44.480061362,14860.305802771429,1432.8958841714286,5568.839904428572,57.53673281185714,82.103809122,420.75995256814286,363.012516417,604.0649546554286,49.03719235657143,1424.9677990142857,417.1137912402857,328.241275299,483.17860202214285,130.53194725385714,38.561292903,183.0259638307143,879.7339336092857,45.87002417557143,3620.755218142857,196.3589283502857,14588.982394285717,79.65422201142857
6060.932869128571,1292.773136224,6750.398521385714,394.8474944168571,97.56457808857144,804.4719757157143,931.6873354785714,345.75717621,1563.102761987143,1895.2251078642855,134.50331208171428,21918.70869128572,1205.8235105714284,3922.547256585714,775.1937028404287,409.2799569168571,1016.3099887185716,1159.4877856300002,728.4904137414286,72.51577475557143,1244.5939153142858,863.21554955,700.1209922985714,1649.7283089645714,326.912739328,844.5746822395714,7432.511363157143,1285.0318101285714,1969.904221462857,1471.493364457143,2625.900930828572,26151.604139857143,83.73968515157142
3378.7831594814284,1110.4133803395714,1997.3126160442855,66.14502133042858,23.21176654914285,310.5962153242857,157.08347148071428,148.18568287185715,1527.4216221957142,556.3474235201428,27.573606592857143,10614.063879064286,930.5578618485714,4303.94220164,91.49261677842856,47.337046787571424,749.8329519214286,109.88994299142855,205.33923132714287,175.37312297699995,2735.8231881142856,375.6732416757144,247.27897118,1234.960053291857,537.2641350334286,618.1133916341429,1509.9264576500002,530.6410167744285,493.08135528614287,2272.941049557143,475.8346482191428,10873.391871814283,19.75081673242857
4426.597852608571,588.8211220145714,313.30576821000005,19.96185388757143,32.501217038571426,347.8176595591429,493.2886028845714,203.80253817385716,3107.582993785714,477.6828098108571,39.10644030157143,4718.569631338142,1375.6736157142857,4250.760560057142,167.95868210514286,151.83889188471426,122.64094831714284,248.89897094785715,229.4558701128572,122.34866347314284,3168.5797245714284,438.1667441391429,95.51246546,1469.619938038,507.7493419342857,245.43779709014285,746.3710311145715,927.9560338285715,591.2095837507143,4701.821015742857,296.63595739871425,8057.651667742858,57.697562793428574
4194.12322977,512.4952645424286,2234.8742469342856,36.66221273842857,101.8868069094286,251.34619448542855,612.7892914707144,87.748084616,1240.4033117828571,566.1032009701429,108.82750302185715,6514.171602534286,1524.2525103142857,1243.2472827,482.5036829938571,468.2815027674286,979.9359881547144,981.7766096514284,678.8485424225715,0.6380383471428571,2757.570099784286,138.9502213927143,583.290161752,290.84884996657144,1.659258492,328.61420484100006,2327.200455464857,444.9348939742857,547.8197929522856,1670.9161189142858,307.51537423885713,10175.985290571429,15.22018007957143
5686.759856685714,2384.0145386905715,9477.169412128573,252.22055147328567,121.8965924,1453.7905099285715,823.6196937242858,548.0290482314285,4834.833722571429,1680.030389056286,64.36516930342857,12226.699202114283,1200.0338868285714,7911.646002,225.75528419371423,180.1212532637143,870.8572259045714,711.2577827157144,553.3609315360001,119.93635397242856,4007.8633241428574,892.969841975,375.65098770857145,4002.974584233428,892.0085716368573,1007.46446001,6180.911920478572,1524.386698285,1127.4255925882858,3996.495885,1284.761380354,21069.27435114286,98.28293881342856
4022.3152695585713,129.45477625585713,2631.7773978728574,79.0877511672857,87.68735246014285,626.5983383814286,856.4984149845714,240.84691940685715,4605.887896342857,361.7140772768572,27.261568095428576,9522.140439342857,544.8424811385714,5010.987363314285,167.90046630857142,75.76769036442856,322.7391975902857,256.8452583688571,354.18345432642855,57.499151614000006,3479.3165272571428,730.2364229772857,97.61024031542856,165.5007219365714,89.07666018314285,186.87316546742855,1269.6342336928572,1291.3338293185714,148.18794638757143,3694.079999428571,375.60220009414286,10448.752724942857,161.78846483742856
4146.484132257143,347.4881418904286,2219.333419717143,107.62082975371428,34.91631334385714,221.86670071371427,505.5141493724286,99.336854631,3637.829231,604.204939270857,17.490831723285716,23554.76990457143,2483.4084465714286,4503.053735857143,42.27083610471429,50.28290284957143,119.503698427,168.42059450142855,291.517068544,0.2171058708571429,9712.356200714286,305.042607165,172.50148804771428,536.2076749854285,7.292256353857143,381.08073355,510.9724708334285,845.2406098957143,140.80535476085714,7190.442776142857,664.5969223671428,21794.228427142854,51.69526325257142
8000.300129414287,2358.9816663014285,5816.8936496285705,279.4057335374286,298.8413387728571,598.3716206157143,1305.6672878295717,262.5092654742857,4887.457547714285,1489.3601338957144,109.12726352642856,23435.5173646,3650.099557657143,6404.287966428572,265.2976217345714,302.48942545142864,1269.4723431714283,1175.0677898614283,1506.852235716,334.3345432042857,5671.232951071428,580.9509449771429,709.5137955,4462.821441854287,736.5539432237143,746.95297241,6305.280085457142,1577.1458329858572,2101.6692069714286,7746.044088857142,1996.7943131664283,28977.14912971429,99.122631606
10218.288481857144,4906.3960279,1753.4298664142857,1070.39543649,198.38246512985717,955.2890017557144,1078.9062176142857,137.68851634785713,4921.865103285714,6779.2957134285725,41.28178241142857,33301.26450542857,7328.191247571428,5893.347025685714,1348.2232646314285,185.42703984942855,1232.3814851428572,2255.1636721814284,1167.6970989742856,612.3870640922858,4612.500619385714,584.1941276185714,832.1357840765714,6011.870457657143,1622.9311983057144,2685.8074295714287,2265.931436557143,1013.8743205857144,6073.022306052858,8753.427073714285,7576.161288042857,47285.35789428571,89.40107193657143
7214.944344971429,4767.557987189285,14015.192671628572,482.8728140874286,39.41217797985714,877.9098161042857,512.2015461054285,245.3294089257143,3577.088481642857,4956.21163101,296.9193600515714,13958.978161134286,4982.775556714286,4909.801139857143,1029.2457372942856,592.7980635571429,1795.2882993505716,1346.8521869057142,691.7562309224286,1381.491223348714,5226.817623757143,371.65531773214286,420.32272176214286,6163.909347167143,3308.9826224457142,2048.044747684857,13205.151103714286,1245.72443232,5322.157195172715,5591.580113285714,5139.217468165286,37245.96929088,59.08064518
2537.687137542857,869.6464332517143,19604.911198142858,4.380901317285714,91.26394153285716,2394.32786755,1037.2158440207145,225.14297004214285,9562.347869714284,575.8866982331429,395.53185000700006,564.6324489314286,5625.396877942857,9944.591748142857,613.5391185344286,892.6842149618572,3663.087272829572,1644.1414237610002,1163.6539777662856,714.2522160242858,2994.838965858572,645.3837134905715,1308.1749657688572,3605.061712134429,3341.9969451797147,340.80446429457146,14103.616068285712,1431.3301400357143,2964.013258837571,7563.362098142857,120.91095525285714,1231.4518479228573,56.066853276857145
657.7390910428572,2486.1769735544285,19023.93498485714,27.66840142485714,233.72616217157147,3344.406649128571,728.6798853647143,263.99110721114283,6468.765120142857,375.5130199338572,188.36949125257144,1141.6351224857142,5013.785978142857,12825.107829,1121.2674940914287,714.6145265028571,1430.8590055647144,1811.9707518014288,664.2448012505714,492.3052790877143,2571.5445691,785.4461054249999,248.8075996222857,3319.3415611079995,478.6479495401428,398.5429120488571,25862.136703,424.9498974361428,5264.290069548571,7258.693446142856,1260.495443620286,1815.9429525,121.40935868342856
415.1490951057143,27.42003441814285,9719.932454257145,7.718341831999999,24.77599115442857,1632.8921957399998,61.13254883014285,116.25452403485714,8352.736990571428,61.15391935014286,18.245318623142857,3553.5558422671425,5387.113663428572,13952.59880457143,116.17254535371428,57.33064739671429,118.95145567028572,49.43883749685715,180.51276971914285,132.34745072185714,3412.447143667144,59.714292234000006,68.75242560614286,238.89029081314283,105.11599807228572,2.975750211142857,2261.700806742857,11.835865701571429,31.473129055,7523.476393571429,58.71264568785715,1103.5374770875717,0.9210147365714284
11161.778971000002,668.4615424247143,2732.636140098571,208.58130802214285,124.33740908257144,269.86873605342856,1080.251969944571,195.0362357785714,2870.476759102857,920.6927102885712,96.10653857,13121.710604785714,4282.083531028572,4766.208569485714,966.3970003631428,311.6350035241429,1791.819185937143,899.8069840385714,1606.0550729347142,54.76471491214285,5880.6350393,239.8624631777143,847.4583371861429,293.00651263285715,59.013663161,447.5198333664285,9085.090003494286,1079.6117323414285,1982.644536082857,5941.747822681428,1239.613457119,39922.35060585714,14.279239556
871.9914864414286,120.837930122,9033.081389428571,0.8425275781428571,34.41124734071429,1287.330735267143,150.48534873385714,176.87151594000002,3708.327621728571,64.29317231128572,40.67973565414286,1778.9405313,2816.078531128572,7876.885005642857,202.56507704414284,205.18330534242855,805.389159986,378.9636361841429,206.9049632917143,74.14775966785714,4290.1392662,225.62636922742857,134.72222468514286,402.2377950392857,165.7752969252857,6.559852303428571,5519.671076714286,548.6314471242857,455.75331074428567,2899.7803012,18.90760888542857,666.3026938971428,25.548321014714286
2336.7823669728573,1407.5494516348572,3369.562451478572,9.57878988014286,49.41403673085714,698.12050037,271.26234845242857,398.4193218914285,1945.707493342857,434.36006462600005,43.008777896571424,9597.743890885717,4758.15737567,3985.1626473,110.20850206771428,45.838756623,134.36556227742855,139.19105134985713,220.2383610457143,162.8532300472857,3187.595130194285,576.1200915318572,235.288964303,1733.0448865142855,588.7195112395714,429.029787061,1224.0259371504285,806.1084425928572,363.7159343448572,3761.843298814285,279.1379202324286,19730.037928142858,28.221474662571428
815.2824057835714,755.4387810942857,1289.339753142857,51.69112778957143,19.720418417,75.37327716771428,111.91561553271428,15.889797477714284,1572.9078069285715,295.77982115742856,42.24120028742857,13107.572205571429,1771.7930611299998,1015.8975213571428,259.10863485528574,258.72902476714285,382.9172904882857,443.79682039,231.15390656457143,887.2842191454284,1810.4758038285715,39.815900059,91.5357175667143,2555.084925705714,1827.0020502852856,277.2665375054286,4000.70313292,151.5134134374286,639.9404240454286,1171.5886568885714,374.7173526097144,8480.427445728572,7.193131328571428
709.0211926428572,135.5103623817143,1071.5803569571428,24.334130095714283,0.3918367097142857,205.60705533714284,7.984733343571428,10.130912046428572,1071.890721757143,226.3515624235715,80.71361520028573,2015.1186799,979.3012213285714,986.0996089142856,135.2177487997143,127.541566112,292.015451146,233.48226918614287,4.131521190428572,149.27997010571428,1758.2811256999998,2.844709830142857,6.822371178428571,324.25154764971427,223.6545001282857,35.444827594,1186.6306278771428,60.32922696614286,553.0469046608572,950.8754176142858,229.82909383757143,1445.158006842857,0.7083421015714286
1145.1090506714286,25.70429729714286,2034.099464671429,1.497585322285714,51.12390705214285,673.9690530471428,192.77322082857145,195.7794879777143,4906.958591277143,93.47178401814288,15.967815407142856,1091.46869928,4313.286431571429,5773.304381,143.52243987228573,51.39239383428571,74.77053207585716,134.85926574428572,242.9775856032857,0.4942164171428572,6724.023729285715,493.0676604115714,67.58094003514286,105.77399607757144,24.824473505714288,12.027777179,915.43503014,672.1721773328572,173.5245978692857,5010.850958714285,28.130945266571427,4226.2661732,61.77073735614285
2820.994795848572,998.7610404577144,5664.954188228571,26.631375012857145,37.37225790642857,1598.5170391428571,102.88833915171428,92.228255778,6046.462524714286,564.1791712215714,22.94858043857143,2186.750888,2273.829601058572,6434.5115740142855,436.1338723658572,135.6040652342857,86.33205895271429,318.2899779642857,65.06034989528573,607.8037334857144,2669.355289642857,187.15829737185712,23.06739555157143,2295.187023013714,1483.87129712,626.8009970464285,2589.170088748572,743.9225498142857,153.5901437475714,2988.6066721285715,312.62631929,6929.359353842857,15.368989507857142
398.8113181642857,391.3538114932857,2778.369814534286,8.194170048714286,0.4834942824285714,1191.5103049751428,11.436082831714286,79.47353346385715,4865.966868857143,136.117616446,7.890589848142858,5400.458446871571,1089.609550671429,8683.12207367,11.470789305142857,12.748146644428571,12.592266333,20.220553057,8.269319456142856,828.7981347142858,3290.897928242857,11.906813051,1.281220040142857,2256.9893035185714,2460.098777614286,67.56762263099999,269.7797534685714,68.78982089971429,49.51456050057143,2720.141629942857,94.03640037228573,6577.385237494285,0.0
1613.5961853318572,165.33408662928574,579.8942127042857,0.1908716592857142,8.965219604,101.15036605842856,219.76730777185716,90.84923600714284,1317.6376952285714,33.16342670628571,20.192151714857143,2450.1487059428573,2956.2866347714285,2747.7475798230003,38.352943965142856,61.99054874857143,78.10363275185715,39.18612042228572,197.1005961112857,3.1680490178571428,2463.649401897143,125.73434485814286,418.2368826324287,914.4697755918572,191.9317547812857,14.130083905571428,215.6304111837143,810.7100255155714,4.306830498857143,3968.649263,6.410230668,3319.6992306985712,25.914968247857143
7491.932158862857,78.044620551,12219.46230503,2.047043584,201.88588812514288,1976.431947335714,1050.362403211857,448.2885638231429,1557.403444785714,4.459816361428571,121.97784555285716,147.92222632114286,2752.2433532114287,4544.146163542858,270.47221800228573,272.3538658154285,1652.1997166471428,1005.9539719384284,1303.0567319142858,306.74876726057147,2326.788272724286,1070.9583898801427,957.8861746868572,475.3628316392857,449.0243685127143,5.684390461285715,8253.872611750001,1769.9910609942858,72.19397991728572,4680.716321728572,23.249148137285715,5852.251166677143,114.30104155042856
569.3797632014285,323.1658328508571,2523.8780816,0.1747666604285714,22.892906918285718,630.3560533125714,93.01786506085716,93.10173756157144,1751.3768933142856,67.76606480342856,45.02936949928572,372.6621688072857,1939.3580336571429,4766.224696571429,38.676971213,81.06521324671428,521.7689477395714,217.3423887582857,218.58980959871428,381.68566628042856,3693.3214666,268.2136393414286,226.40854755657145,900.162646157143,788.0000734707144,26.599287018857144,509.80500858,256.44261447714285,88.45185750214286,4591.957273857143,19.338720774,212.06966639057143,18.83067827957143
6694.734358342857,907.5289626128572,3041.250664834285,180.11754196285716,74.45199441271428,930.7092952002856,481.1701372585714,163.541147155,466.7382368265714,1120.69816407,84.39631353099999,5190.245318765715,1746.0165839814283,2265.0485265042857,688.3829752444286,292.0198931391429,862.9598664464286,914.2146182031428,562.5970587162857,444.4069412795714,4478.444134414286,448.8272246567143,349.99976639428576,1491.6668089,878.7472230714286,233.480553845,4807.948886086714,870.5211181611429,1389.4188077257145,2546.677695928571,1532.7656225985716,17214.88018557143,55.84019629714286
2936.071391236572,151.62476276214286,5522.955406462286,42.628774645,31.71946839057143,748.537561741,201.23380291757144,85.10125087428571,404.8083544742857,236.42745268,171.2411996682857,1488.5367603462855,1570.7317483075717,1788.4105646842856,456.3894673924286,375.39725373314286,1343.6154004384284,725.95709988,317.84081656971426,199.8138580214286,962.9327579571428,202.9523090587143,285.00268725714284,336.895453007,347.6913150382857,49.59888031342857,2557.5663592567143,433.0036048114285,1410.7393756517142,1006.8811091957144,384.78949515342856,5008.538498638571,13.288023793285712
37.80351664657143,742.7743391442857,2566.5943616008576,0.018450999,2.352803829714286,83.96595986642856,48.562290050428565,65.287986549,74.12834263714286,215.27563838885712,1.1951491401428571,2917.105228460857,411.6200680158572,2227.5837859994285,1.0122102382857143,1.8232688118571432,52.693164231428575,2.8181603172857144,12.38825638242857,278.99948327,622.4046814811428,116.91530167914286,7.149294609571428,1887.045897428572,969.9632541142856,180.76384623285716,1377.1221271337145,112.1704370242857,76.27862081942858,936.406780364,15.253721761142858,1690.2613457717143,10.782093879
650.0994010984286,0.1182032684285714,423.2139759547143,0.1089064601428571,9.238729359857142,109.330326502,211.5337769717143,90.16657052714288,22.204246133714285,0.5381265872857143,9.178726418714286,54.888984310000005,1841.0786004042857,1392.9887561171429,1.6672719452857143,8.903329270285715,124.17618252814286,79.56684854142858,150.4976283567143,0.0225305681428571,5229.018423452857,124.965831893,119.58346101428572,4.572365014,0.1545904098571428,0.0979355367142857,42.58662429471429,270.16241866471427,1.0776529395714285,2610.9233690675715,1.0723550612857142,77.17703208014287,14.780458235285716
348.58694063600007,154.81933041257142,1444.3373018414284,0.807577779,39.57711705242857,147.35131823157144,108.80484055528572,31.04291315457143,0.3625053741428571,93.88742730742857,31.10446191357143,6445.528934933428,13.884961727,411.91227582857147,74.733088383,61.294183422285705,530.9377270264285,266.0980304485714,233.38222591185715,5.505401216428571,68.78235548385715,107.73121773257142,221.66170833128567,292.56407821514284,10.99950328342857,128.70444500000002,2222.9482587084285,57.104558786714286,149.33675270785716,17.772324301,20.73612557242857,1208.839891978,13.329695942428572
1453.7463229142857,142.1435058912857,3083.1144031457143,26.853717241285715,57.31736993557143,31.42738171842857,451.46398452,40.81670295042857,9.146666128571429,92.09170323657143,53.62114983757142,713.4385249257142,92.90614372271428,695.3024973285713,309.95953166871425,181.0558919247143,1204.77336239,459.1767282534286,593.87043904,61.25079217142856,442.31682451,87.40507655671429,528.1751694371429,478.2948789018571,135.03004617285714,14.096952454999998,5341.017040028714,427.5238064,505.2828164,85.05408337028572,191.69412786714287,2511.781463457143,13.841702301571427
1464.1615681914286,194.037694445,1013.8150303052856,33.86170070428572,32.91170612314286,194.6645411641429,251.5437752142857,71.76318681142857,78.00401708000001,159.02912239271427,26.68485096842857,2119.2324688294284,91.77394860885714,1116.2372285798572,179.0322158487143,85.64599773971428,283.03491882257146,284.825570568,218.6361603062857,70.08742134285714,497.16975815128575,152.0999343714286,143.85739694142856,252.35516293814288,141.78588689985713,95.26976950185714,1572.7558882964288,312.9425702857143,434.3764445658571,152.3020999,235.8476804645714,5119.288351569857,20.75417943571429
1328.2018964138572,137.8962279967143,599.3102987801428,30.198177631714287,41.74333196714286,7.093538428857143,175.0326644542857,4.478057165571428,0.0,182.26572074,31.180512133,478.68768117799993,0.0116593424285714,10.510441837285711,163.97046161428574,79.83841871685715,378.6188972275714,312.04524237814286,325.2760034441429,12.177245454285714,8.451282770999999,20.38196756042857,235.50831211857144,184.85508561842855,77.69511567142857,69.83698768714285,547.7578745785715,123.26447503714289,398.2268627628572,0.4132614781428571,245.53844542,3670.276034293429,4.031459446714286
788.8920655714285,301.1744181018572,1155.7306348641428,10.372883371428571,23.48348415642857,370.6015606601428,166.67221254014288,98.44134062428571,56.83917624285714,193.29013575757145,2.098252554857143,960.8853962812856,0.2010253627142857,622.8927198991429,1.287769518,2.5921944150000003,25.286188140857146,22.94722448085714,102.24820125242856,25.03746306142857,159.95670576285713,276.68841687285715,42.79458509571429,547.982810086,172.28924611842857,133.35715070914287,36.74455257314286,289.6079206857143,52.70115661742857,52.48830578071429,120.703007737,3812.1073635571424,31.58194959957143
148.21036433714286,0.0,199.4580043628571,0.0,12.058009760571428,21.62333096,47.73014206628572,41.43406384314286,3.154340607142857,0.0,1.182416554,0.9668934775714284,0.0,56.965557206857135,0.1058585962857142,1.044932549,0.9557703882857144,3.256400056142857,20.757508165714285,0.0,80.79486689728571,83.35826285414285,3.9737860734285713,0.0360653948571428,0.0,0.0,4.627954802,84.138693021,0.0,0.9925560394285714,0.0,4.199641830428571,8.551030621285713
411.065174,0.2074337006666666,451.37489446,0.051121635,0.0,108.23606051300004,3.916157749,48.26591382866667,0.0,0.8761190713333334,1.2299901463333334,1.4466141336666667,3.3872860783333336,627.1665900666667,0.0,1.251332292,12.198597655333332,3.736265577333333,0.2164360223333333,0.0,93.81678078333334,70.99333540266666,0.0,0.128060148,0.1547962013333333,0.0,18.472749170333334,85.89807336,0.0,0.0604288046666666,0.2985692179999999,6.0385373200000005,2.3385674
