BM,BTG,BWQ,CLJ,CT,DMZ,FSB,GGS,GTQ,HK,HLS,HMS,JJQ,LJG,LK,NJG,PS,QJDQ,QXC,SJY,SMZ,SPY,SWB,SXC,WC,WHK,XH,XJX,YJ,YLJK,YSG,YYL,ZT
4701.518521887142,1095.2712722857143,9839.295182755714,62.04760050071428,0.5609815547142858,533.6939060778572,76.055952799,77.85532876385714,4291.286671957143,483.1584902414285,65.07226808485714,5574.726797871429,2011.6353239,3902.5463462,360.5308309757143,268.94873328657144,374.4693495557143,337.76287480428573,28.872556070571427,365.58382498971423,3633.818678135714,64.32460463442858,76.79242618800001,3328.1504244142857,652.8640521268571,335.7004250728572,7456.327569557143,446.93384791457146,1062.9244807571429,3936.5922706,450.4865765451429,8127.294394228572,2.4678696631428574
2639.3886389,2700.3451338767145,7585.347602492858,53.68944484057143,10.415563683428571,575.4559079871428,89.16159445142857,92.55594916171428,4209.298101428572,1311.1568720574287,170.98137408714288,7669.369819785715,2706.2427735,6034.168056714286,804.7510071385714,656.2929916118571,2576.5087115908573,1423.292088275714,307.8702591982857,163.994253704,2627.026940395714,347.5632412141428,709.9013111831429,2387.4683388357143,317.55451554185714,652.9160974155714,5433.539287758571,274.12915307285715,1833.7555575014285,5977.648738285714,597.9651881807142,6133.607088857142,23.066103913142857
9705.06317997143,2104.191563713571,9290.005266714285,82.47371194442857,108.38046236285712,1625.1778636185716,438.6056343257143,658.3242888628572,5634.479509428572,1380.1571795928571,35.50540610157143,21555.95201314285,5422.4022199,6349.789941571428,776.7299980184287,326.01408837,612.376465716,971.1115554164286,1329.7249568357142,110.63988009214286,5632.335517171428,1078.698393727143,409.4677414034286,1893.7385656015715,430.3106481951429,808.9187229865714,6705.1925550000005,1733.1253667514284,2138.6401134277144,8294.576734428572,1497.4578814600002,22139.118708785714,98.94606625757142
7194.807874428571,4830.437813128571,7418.664384357143,472.5495784747142,132.04961010357144,337.10101994,1012.0292943685714,115.1275221474286,3560.572933714286,3242.5852494,318.3414003025714,11387.022709714289,5548.248619571429,3695.4492237142863,1505.9527774714286,750.2677010657143,3428.940805102857,2446.477921445715,1135.6461628714285,1309.012272569857,10396.798290714289,316.78925952385714,804.4623475999999,5522.4450757714285,1745.7934885204286,1278.970990142857,9914.644135285713,1760.985256542857,4384.19975,8183.548566857143,4012.6935847857135,23203.17941957143,43.01784310157143
1504.7689505585713,755.8198367848572,13858.275307614284,72.51962148857143,274.0909586517143,1393.61289989,272.379300587,66.53217095685714,5339.1501972285705,438.6308204390001,111.67332694957145,456.1240893228572,2990.7799876857143,7306.954649571429,515.5461413242857,413.1070956445714,2362.240508831714,1933.1093172957144,1728.8892450914284,468.4044043597143,1206.5348704285714,328.5134954814285,946.1658910842858,1900.8377318974287,1042.385968552,338.52231194200004,7336.356927857143,113.32292357228572,1386.1859782297142,5582.197451285714,498.9135142024285,1426.6329129614285,46.69792276257143
7074.916545642857,1955.2268959664289,18138.65808342857,123.29385103542856,243.4994098242857,3300.929010865714,1243.111763625,359.2271449442857,5139.124642000001,1051.907131789,139.6441736542857,7797.548197428571,3099.2882967714286,7818.835053157142,1345.2874008142858,1112.3559640571427,708.8024254000001,1837.2968343142857,1241.9260584371427,732.8345017942856,3299.946952457143,1043.719075272857,391.67493237285714,2348.0751254554284,2011.9457623085716,645.773036440143,12366.595621,1872.1430265857143,2892.7539756514284,2549.829390857143,1572.245217965714,10341.676762071427,90.06314114485714
2256.4696968714284,1857.307488988857,6778.8050727,29.163804999000003,10.508200984,1012.6988768757144,190.67119825285712,393.70807331428574,3912.814395457143,165.76259308428573,51.05143693785715,2153.125069057143,3399.893253714286,5772.428942971428,282.52075538571427,104.91216981885714,471.1895000812857,334.8360293942857,329.5252956657143,2485.3696821142853,8030.339198571428,286.8618557914286,157.22124543900003,5814.139659018571,4477.3033620080005,139.72113688142855,5054.2687059,870.9108790714284,293.3612109957143,4403.377387385714,337.03291487442857,2513.01270285,29.64033999642857
598.4866643147143,146.192841497,536.1276006908571,5.155278835428571,1.1530217874285713,37.420386018,5.954110234,0.0411014868571428,2847.5738996357145,118.957308645,23.020639554,5469.500632142857,2785.2531384242857,1133.3650402571427,143.0321462735714,126.99616945185714,419.36023370314285,303.7007556868571,4.724676635857143,118.659739692,3321.948762561429,2.3999960622857146,30.870568233857146,246.44969402314285,286.1675549992857,28.437920458714284,1343.0513967371428,5.733116498285715,77.398113975,3063.1943431,59.74019787842857,4465.729900385714,0.3696284148571429
5947.415557171428,1418.4311137377142,11697.798525214284,132.45914893085714,73.20457395742856,1711.200706882857,1018.4446692214286,182.717926946,6541.327620285714,1920.493235057143,254.13506731228568,7313.568187428572,3530.918800737142,7627.701945142857,829.94048361,584.2554207114285,2597.5634796857144,1394.203436915714,2494.8562299214286,21.467892228,4228.812001357143,349.362594101,1397.9747710185711,1436.2322376065713,368.7461609715714,979.8476610337142,11584.599899628573,2124.844896155572,2876.271715982857,6395.072915571428,1195.0344415325712,17575.265349714286,29.35144799642857
6874.938345028572,3205.699874215,9042.917551457143,178.2132282057143,217.23096906871427,2401.270986368572,832.3582395375714,563.7566461628571,3225.519000785714,2882.349224362857,144.545774902,17994.85431,7917.15126,9340.556390142858,1217.55496887,798.7189333605713,1564.4164471812855,2321.9270553285714,807.3854162595715,337.45440057285714,7964.173610857143,970.9529451842856,784.6717838075714,5126.600196852857,1384.7594536457143,1324.1939653014283,12861.902817642856,1146.5105099357145,5518.0439235,8505.57476742857,2003.9990623285717,22221.41118657143,80.28812443557142
3697.402358394286,1596.7318711494286,16339.56260557143,473.6585274772857,113.22109230985714,2763.6432344285718,344.10022306300004,250.56130833857145,3002.412323328572,1945.4817439185715,127.62632587885716,5259.756958328572,5722.428053142858,11070.76070827143,896.4933190028571,529.35762565,1489.0806064657145,1294.6957058857145,1143.0736700834284,93.37393808257144,3521.2942998857143,377.3803429294286,1191.0588258692858,2022.3972169468573,719.0276498310001,617.3591919104285,14929.956290285714,657.290771332857,3285.6237224314286,6281.923469428572,3252.523309478572,14537.923591571427,15.368260093142856
3351.1645913314287,283.1041457457143,13736.005223714286,55.900665073714286,356.0722615997143,1820.4953256285717,1220.1857971395714,268.2839714348571,5258.697641428572,133.63220313671428,285.1089761407143,3878.287772342857,4580.170441228572,8814.443610285714,796.10271683,638.4639159487143,5433.381884977857,1434.9784176561427,2326.099568441429,90.21851603414288,3989.796419671428,982.3035643888572,1421.3666256604286,769.427741006,285.9575503992857,76.08598662342857,20676.446133571422,1194.484650856714,760.5087151714287,9236.072676,285.67204840157143,3558.8753343714284,118.43250561714284
1154.4587068142855,290.5014762148571,15944.627441928573,0.5660705168571428,254.2998910732857,1847.9916505614287,297.12136740357147,355.78159458442855,3160.789141042857,350.26326231228575,87.95962554428571,3284.1474728714284,4138.777931142858,7185.882939857142,65.33012386757143,115.91023337671427,1935.1831322617145,593.6343240100001,1045.481915136857,308.34977498557146,4399.31484895,687.375040135,632.5023196288572,201.41983177557145,114.90966113242858,237.95297110257144,11068.069502901286,265.1443499652857,237.31276528742856,7020.098190857143,147.14965574771426,3999.695275871428,49.32914749414285
3525.996745542857,91.38852765685716,4893.411682091429,0.1105860871428571,152.90216931442856,1893.2483978245716,841.4377192591428,260.3634440937143,2447.1768030914286,2.1097410807142856,14.244662570428572,328.7501410871428,2603.5755300714286,3959.473490214285,8.281785628,29.334497514285715,115.6057737607143,98.21610190857142,496.390504182,35.24883020685714,2801.2950755714287,462.5932803334286,186.59629873471428,463.9112274712857,90.5391560784286,0.9840585168571429,413.3288797571428,1287.6689282714287,6.142560761142858,3531.573715428571,0.1774511004285714,493.6832757857143,64.358175685
7196.190100637143,466.7734689732857,13884.288798793428,136.833626765,324.3297843115714,1581.068870766571,1425.6210486642856,171.77113278028574,2138.084261104286,952.1281382407144,137.7720606852857,1436.7550737171427,1583.521770382857,5570.823086294001,392.0330297154286,277.9570762755714,2204.753916927857,949.0013322564286,1873.51777713,104.923535635,3251.7847493800004,598.6423756329999,813.9936997814286,684.1957048962857,265.686367774,161.92134753971428,15018.72657445643,1394.8230685572858,1985.7339634074283,3793.0853109771424,1377.755845201,9110.61132966143,61.543776104
321.73616493,687.1554487738571,18637.37838487857,68.34990285228572,6.822470150571428,2031.3856738105717,28.484158323714286,66.87702873757142,2822.5081035457147,633.0875157961428,82.90574288142857,1120.8077176371428,1312.9097450285717,6765.793653955714,624.2177767747143,455.35370210642856,358.100746707,360.8705285757143,69.81401511385715,263.72800463914285,1179.8336792085715,158.04717379742857,59.598268588,842.150619267,524.5229992608572,257.84867338214286,16709.806868985714,11.742229831714283,694.9860006887144,2625.9831622,399.1204194538572,2799.219273741429,10.055514560285715
20.84696097228571,2.2645527432857144,15383.583642062858,0.1973608271428571,1.378380527285714,1043.2028403964284,2.305399218,29.095079775571428,2665.172714794285,2.063484205428572,4.639290253285714,88.31418275028571,204.02179144571429,2774.5443214057145,6.951664245142857,12.143913761714286,40.59754540242857,15.535793960428572,3.0901859554285718,2.265604027142857,265.60326844285714,33.242294350142856,13.305840077285714,1.899845385857143,1.568207452142857,0.337627902,5241.220054422856,6.268686716428571,3.026966678428572,834.5088127128572,1.5197001927142857,485.3302343324286,0.2484460435714285
3707.508974542857,233.96149558442855,6008.959854357143,24.715709513857146,87.66989334971427,258.8385742814286,468.94237754000005,155.68323662057145,801.1116235028572,257.35690327828576,16.716741348,527.5620277971428,452.7385733,2369.6953287828574,185.6617198157143,61.44568933642858,1633.5380784944284,323.55387064542856,956.5108626928572,230.25660535814285,1935.7387969542856,432.5973437735715,572.3084155888572,613.0055451307144,281.71897363557144,12.082392853142858,3923.7585105014286,822.0410649785715,608.9620531797143,2750.363199485714,223.18996694557143,8297.061452218572,56.72801451357144
3424.8126779857143,1428.4262862502858,4461.912361671429,159.5652776847143,138.20699776785713,287.87835453714285,659.7296963415714,127.47242743285712,2011.226581637,1094.4429857687142,88.73034743714285,5319.339507,775.0770864914285,1512.5359608485712,495.1316526865714,224.2527969257143,1059.2813350128572,791.4493736100001,1012.1061034748572,490.8830622962857,1147.9152728814286,356.1499883742857,689.2775785330001,3182.146580613714,1643.0424449219995,542.4333887702858,8030.0435005928575,667.2600559971428,1785.691204036,1202.0635824028573,1340.2673265714286,12008.765916714288,55.31074732214286
1052.2336539077144,124.16090589485717,1897.05835736,2.689046215714286,32.525633447857146,320.9675002342857,248.56434702414285,118.1905545587143,433.4527018938571,67.45304393871429,6.936669959571428,1865.958486627143,1671.8484362144284,2655.8257837428573,11.314676100714284,18.44783403042857,73.90142806485714,36.573338886,113.38291658171428,0.0,2557.352176028572,279.1559868482857,32.975628200857145,227.70722126285716,4.557409761857143,36.819975375571424,600.1575226114285,468.6085616621429,31.771733891285717,2290.2992890785717,45.676062837857145,2649.381312712857,34.50191430428571
2161.942077714285,1.3058153742857144,1895.587635082857,0.1175062847142857,77.29915314928571,606.4692092714286,354.8045352862858,105.987382925,302.297440809,1.6542750937142856,6.728314660142858,3854.1962600857146,243.596656311,2285.8953578,14.184401249142857,25.18034197114286,180.251751962,158.67664177214286,351.2442006785714,0.0,422.2152843285715,404.8935491065714,135.580347453,1.4421079594285715,0.0187279561428571,1.261971644714286,161.09229700400002,459.4749809457143,5.134362463285714,744.5435882428571,2.752663782428571,18771.798927585714,45.69668344571429
917.4429328678572,601.9406655089999,673.2377231497143,154.86048559571432,2.545628312428572,65.75436549971428,79.53985182657144,68.15999580171429,15.547931951285712,998.5467838722858,67.94000959914285,10330.70095052057,0.2100259961428571,1050.0004288675714,410.4826463567143,213.63375672157144,777.8233471667143,583.3691624457143,129.90704093857144,231.1484276054286,208.72992950371432,88.46331163900001,243.09508365285717,1025.8842204402856,598.0302844005715,424.3743331447143,1946.4531240705717,104.60625724571427,773.4650812954286,40.00219777385714,1062.503563011857,11246.90767650543,2.145653097714286
561.4639763165715,0.0,309.0305711647143,0.1627808424285714,4.878111384428571,27.078031372571427,49.67446694185714,0.0,2.7386982617142857,0.6062733228571427,5.016219685857143,1998.7647283272856,3.0406831417142857,270.76155216,3.0473019315714285,6.011696746142857,102.7455575464286,27.691065865,118.92813109328571,0.2361526981428571,319.1017692757142,0.1070155265714285,87.299775731,0.2304114467142857,0.0764151351428571,0.0,106.15026063171427,36.72501864228572,1.0878778982857145,18.220814105,1.1308665085714285,5785.489133835572,0.372828343
1792.023168348143,476.2104317428571,943.6273983102856,5.231269472857143,81.96265059914286,181.90226470257144,520.693856781,73.27486251385714,5.059784090714286,375.2250094142857,15.634867375,4695.347210439,611.7733083715714,572.3944568104286,2.56177752,13.552905659714286,371.0833420471428,195.0990577898572,466.7785237381429,39.4246359,682.8965424077143,267.9213505844286,261.8462307857143,651.4661861785714,159.92830787514285,326.23388652614284,214.80620370857145,425.8803602204285,54.02630595714286,752.42898587,108.04724111857142,6806.31699639,43.51610506085715
273.93953119714286,0.6665120294285715,350.30926481999995,0.0,6.685688217142856,74.33226246185714,86.46049749357144,62.290304365714285,10.758763371,2.288547752428572,1.4757052534285715,32.07490301,37.59383352285714,232.9442542005714,0.6419508604285714,0.6948500532857143,58.34288241428572,9.107920979571428,44.137300184285714,0.0,438.9118272878572,110.85801498214286,23.58673011514286,10.683761643571428,0.662489763,0.5482697127142857,283.2539616112857,127.49327541928572,3.553763225285714,175.04458989328572,0.1444472711428571,173.7975739125714,11.529490022285716
9.076976940714284,0.0450214159999999,448.0327973668572,0.0,0.0,44.287979133,2.124409627,17.711605604285715,173.90022802428572,0.0,0.802403683,0.2924942244285714,6.955765144142858,156.00220722271428,0.0,0.6993031167142857,1.1708603314285717,2.3330536428571427,0.340776424,0.0,26.37575289728571,17.027962591285714,0.0739712627142857,0.0183392005714285,0.0,0.0,3.60151772,5.273379820000001,0.0,33.267351547,0.0,0.1658981421428571,0.2201908675714285
977.9311705288573,164.75098839599997,545.8873369494286,19.228986655714287,26.448754859857143,38.76914030542857,142.16070837642857,46.52680143442857,24.29988228285714,123.25558830757144,20.89454292585714,569.6904106824286,37.27791257371428,362.7056133785714,69.27460636585714,49.83734031,230.80451284042852,213.83276400057144,188.184399292,14.429100842857142,218.47165361885715,121.10978162614283,153.00194072514287,279.8880304672858,63.97984122957144,46.16246181285714,1172.7363094477143,163.37373651171427,260.56894605057147,143.51905062028573,126.36302321614284,1303.3224624912857,16.435748696428572
310.96993382157143,23.30709777,97.02483580085712,12.046752148571429,4.596813278857143,1.108812013857143,60.022919301,12.853089221857145,2.435698081428572,20.84317463142857,7.966336160571428,2961.779777103572,0.0,14.347648578142856,6.613936209999999,6.487459800000001,87.88727523057142,40.48982265628571,70.11780711357143,22.7313243,26.428215138571428,33.040399847,75.65095992157144,117.3561681857143,27.370112912571432,5.063765475428572,21.524158914285717,102.20759222442858,67.99819941428572,6.042095448571429,55.429642457142855,918.751252658,8.953284124285714
1350.619695167143,29.254514306,765.2473656042857,15.984787761857143,25.545466591,265.56567867228574,146.95574369485715,63.98206994971429,142.8429734342857,28.83406615971429,9.715295066285714,1232.4750578411429,69.50911660957142,478.27056071485714,38.61755409,28.457927864,104.66254114914284,209.85387209928567,128.67922121914285,1.7892981799999998,1235.408180131143,195.81436975057144,84.32658980714284,65.40328190242857,0.8005205817142856,10.092325818,299.8553167614286,245.3938929467143,17.924818688285715,163.91808988185716,62.051899572857145,6670.048141857143,21.513866559
378.4904709448571,432.01643621428576,97.25807704242858,48.56690606714285,0.733058937,8.155325254714286,23.383194899285712,0.592114937,325.023591968,356.00667122857146,9.284503268714284,540.4480046021429,32.71484208385714,84.45394535071429,114.37757135714288,42.89161255657143,49.08512901,130.62606685328572,6.373989361142857,287.7849444005714,0.1152424042857142,3.078465751428572,3.343080473,770.7366967714286,674.2474381771427,114.31389283714286,527.2440559999999,39.203689518714285,518.739060142857,89.06207914814287,332.1766288142857,2053.233499973,0.8931142307142858
985.8842844451428,110.87090870814288,48.75074285428571,5.274075132714286,1.0362180281428572,6.550483431857143,50.82779532085714,25.55787689314286,47.21708611571428,61.614975737,7.029555515571429,1894.274364357143,11.888050735285717,138.52617390714286,9.843160609,13.758769220571429,22.902071484,38.37061401842857,41.061129104428574,3.0217532742857145,34.04879592328572,48.59379971828571,16.953375130857143,160.04069237014286,16.487852792,45.51326644071428,114.93645832785715,131.00231111314287,14.399967834857144,19.688562589714284,21.662992273714284,6765.0080787087145,2.059486324285714
628.2146158595714,0.9772808891428572,119.36683706342856,0.8520676255714286,0.0778587657142857,22.80305487971429,7.380615346571429,15.257194868571428,48.88111492571429,9.75024153857143,8.936372464714285,4463.884142487143,430.08994447842855,372.14206376428575,17.21211932857143,18.324203212857142,73.69059235657143,50.10509428385715,4.516266160142857,0.0,863.1623491778572,34.428954336,11.969857968428572,3.692066106857143,0.0,0.7685343702857143,149.759769,82.59798279571429,18.90340422857143,344.75183933700004,17.843605611714285,7100.981356251572,1.2429832325714287
1298.537329142857,1714.4033440928572,815.6299257857144,255.73448779142856,17.217619794428572,122.13053786728572,100.69415455285714,56.94521475785715,49.19996667742857,1734.110131285714,75.80018326257142,6577.658707142858,171.31532728142858,252.18672176571428,738.2273215542857,298.3146056071429,574.2955535899999,965.0175761571428,217.3347164571429,253.63449153571432,390.7928583357143,170.07031276428572,272.28839204285714,2360.4997556014287,814.8083627705715,960.1621191857142,2872.2241842257145,174.75375425571428,2098.8273056142857,34.50655021785714,1770.3111844571429,14265.112934142857,20.314621406
1367.4470102857142,849.0916041718572,1313.2211844431429,117.61255188085714,50.38049189114286,379.2776588751429,235.15917946771427,117.2765294692857,243.84077273814287,896.8690225942858,20.262137515142857,9243.209061057143,300.8483580771429,1367.764556342857,166.71474222314285,60.00510602214286,218.446783376,281.276010176,246.68327070542855,41.72098870771429,1414.3914715485714,318.3543056228572,112.38620907185714,1467.427845834857,241.8021300428571,489.4413869408571,1413.4646810692857,336.00104337,507.36914344771424,500.90117802857145,861.130320887143,13864.983933285714,40.62338873314286
1542.395055997143,774.15400916,1116.169475195857,68.99296434885714,23.169811462428573,191.27787405514283,163.793373233,70.54335891557143,255.3414854385714,685.1265872077144,17.250722651857142,8212.733784614285,630.4641620252856,647.9975226285715,215.5997826842857,76.94720162085714,195.4283798297143,303.52385668728573,153.68819125328568,132.83020050542856,1237.2304992285715,135.31322538814285,113.48686299285714,1276.1060263044287,449.4940491787143,336.4534599885714,1060.2934812502856,300.56236371571424,574.5688803487143,231.77958148428573,576.6836349947142,11188.956119257717,15.561948827428573
704.1246756304284,81.78562051028571,108.40716996428571,0.6615054741428571,0.0,4.886885955142858,8.520236607285714,12.830765549285717,38.41223455485714,57.625500367142855,3.662303993,5193.878945851428,84.878191484,239.47845414314287,10.619361484285715,11.362207349,4.897910181142857,24.426426320714285,2.678203619,25.09914073571429,182.3263895517143,14.686521419714284,0.0707844861428571,296.1389310757143,132.8434618152857,32.319499457,63.23021184857142,125.32104959857143,9.56809516757143,76.30334611714285,15.830752158142856,4032.7636990785713,0.0
1152.9951389731427,413.8352865785714,1708.0148155571428,65.04509052014285,28.46842844757143,377.1064846714286,108.34031541157142,90.05096493142857,39.24929054,532.9856921657143,4.857266854857143,13719.237342142858,506.09392310757136,1301.139715157143,77.77918588157142,18.29210363657143,116.23949814557145,98.9170502822857,126.99745024371428,14.195500053999998,1946.2400262914289,177.52732752685714,51.422151254000006,663.7141033255714,90.31703336442855,287.98763889714286,709.3419777070001,318.6345056685714,335.9982795197143,843.177430076,480.7298390601428,17625.492494857142,15.435989374714286
81.705230393,13.572522641428574,35.83727086957143,0.5552899794285714,0.0,11.48200314057143,0.1768970372857143,0.9919178612857144,235.4067620142857,8.65832855057143,4.243857276571428,51.34937283114285,21.03906922042857,202.31025090314284,0.097442484,2.3144428122857144,21.912722843857143,69.93334382914286,2.444066907142857,24.4944543,15.983824073714286,0.0,8.460937424285714,43.97600218471429,39.628058371428565,3.533981261285714,0.3271040735714286,3.4668577737142856,0.599050603,88.44859529571428,3.7340466162857138,285.445865521,0.0
169.0347757627143,316.1847345442857,233.7396011807143,63.379611934,0.0,1.456870277142857,2.6354363732857142,0.0,2.6009695875714285,333.45210571714284,23.78018593042857,4570.4254332268565,0.9729240298571428,79.89033331128573,94.00084387085714,62.89196771671429,179.07490016157143,147.79806974342858,3.015424885428572,0.0,1.6323022985714286,0.0,27.09037168014285,475.6281145142857,5.393696119571429,199.6497744914286,1035.4371278957144,10.596223174142857,187.40238707142856,5.099024331571428,310.3400108214286,3579.7809999557144,0.0
921.735358747,24.868570951428573,1278.7836553388572,54.98194982857143,6.30357803,62.76949488271429,75.14167690828572,24.22839687828571,37.676259829857145,287.04512267571425,26.00871873114286,1239.5374079254286,30.25093792,350.5756117634285,646.0856463505714,160.516677201,333.8916305101429,988.2542231142858,90.15837146228571,19.058702816,154.17958163114287,98.60879344657144,222.3098327142857,46.00438161428571,9.786757322857143,46.916222661000006,2175.0130776647143,395.7711859714286,1306.7093726391429,23.542550464571427,564.6973664558571,1814.4969134714288,4.560174737142857
1010.9215885104286,4938.910444996285,2146.421572845285,300.9468933737143,40.50052172,134.78817726985716,160.94924144185714,252.34602726014285,19.59244679542857,3270.480459462143,240.035527372,10787.79869208,71.90011472142858,2012.9729593112856,1652.9423671817142,866.7886078071427,1540.773722111857,1257.5514942722857,207.21382435471423,965.911263935143,461.6027223265714,236.45752971585716,235.22811716271423,7000.89121272,2535.914073025714,2032.4279986300005,8487.434709952857,303.00559758214285,6470.166433793856,281.30848851214284,2665.1287648157145,9223.249248298573,8.773787661
2104.4692327955718,1637.923336916714,1400.3287960445716,163.97298613714287,115.90476728485714,212.93433397571428,460.91393262042857,65.13043448228571,110.234658799,1684.2690551438573,43.59051694314286,15257.45514697143,517.0709919454285,2083.3527533624283,285.27660374557144,127.6892594787143,364.9401158897143,430.5266704031429,624.1556503005714,381.46496937699993,839.0534995171429,164.03353262142855,271.3436526142857,1845.797950758,861.8141177932857,731.2175960341428,1136.8692854441429,430.9414361868571,2010.7136898814283,1010.9973045522856,1545.889280721285,13706.444513082712,23.44977891957143
3722.95011848,261.65299476014286,3749.036448975429,55.209655551857146,181.87730647414287,738.0434773157143,966.2353385221428,236.0108827142857,215.88064923142855,414.8618792424286,39.14371064642857,8100.671263880286,5517.3612861,4182.398907528572,178.00377365242858,101.51615716685714,600.9063514275714,461.51177549028574,1006.4437163462856,0.0836458534285714,3439.542664997572,583.8694375397143,378.0167493857143,280.24203330585715,14.03432232285714,180.2662851677143,816.1503561808571,889.7167241742857,284.2435470267143,5214.350632857143,460.9224224692857,10269.864696745712,83.93417435028572
2097.020378390714,1166.729938418857,3350.2669199461425,184.75033877071428,86.55091681442856,756.2943349615715,463.06032914257145,234.8289755342857,196.2026955928572,1230.4596640857144,109.186954327,7271.742952007,372.756013608,1290.6686111925717,1075.2104348101427,444.3729545038572,1362.892885589857,1324.1754370614285,674.5644088548571,111.46361748571428,735.1947561005715,676.6223220934286,550.1628504225715,1939.8288214285717,523.9454966592857,543.9288003177143,2037.406381126572,692.7221317085714,1832.7557988714289,568.5911933442857,1830.732254714285,9243.148664824572,53.70982625714286
3259.690808142857,29.51023736428571,5701.349334485714,142.43004086714285,71.6702679032857,1628.0283918471428,332.30151280857143,184.5757360014286,1064.9992335157144,305.35395758,116.22809995085716,6559.174920157143,2115.9374550285715,6153.376593749999,769.3116225988571,376.7712681072857,1003.7788670191428,1299.0268298168571,528.3029512852856,0.0,1323.2774550142858,597.7529404871428,371.634069701,30.551577975857143,2.2067316032857143,98.31162710471428,2167.056438454286,674.8193152214286,233.166387822,2781.347662,747.6740695899999,16503.142932542858,72.46110649242857
4173.609524256286,2654.175194340572,7197.914733330715,95.16271125257144,23.540084696857143,426.89988631428565,95.35196423942855,13.448253839,1106.7287309342855,1961.855613377857,88.33426147314286,17316.954920642856,385.6578548748572,1761.4835889428573,1442.1235539202858,437.2684536058572,1247.7476469904286,1189.5445802787142,457.4683543655714,321.8987060528571,719.9807509142857,47.52147386828572,492.6037155691428,3430.2670326447146,1383.389299928,1123.2494354908572,7554.212995164286,303.74530211,3273.874127075286,1227.9276473181428,2080.3739188087143,16882.81299504143,4.734294532285714
3852.9954324907135,660.5648897141429,5583.969561114143,204.88229688271431,170.02477864442858,1269.4022150404285,1157.9800325128572,203.7283939847143,189.97487029714287,707.8717323332858,124.84248896414286,9575.164551477144,1794.0142550542855,4410.813890954571,624.9103516155714,413.2433592932857,1045.3415504207144,1009.6716795947144,1106.1688315838571,155.43297472714286,1251.4984251085714,616.6327348285714,560.983682743,980.6059250507144,483.0363297188571,184.9570246431429,5487.501267538572,739.2951242861429,1137.4721764988572,1432.279411114286,1235.9242576792858,17904.239992015144,89.98012569857143
4292.463523042858,274.10085545,3870.175181436429,44.16032099071429,278.36645512857143,2151.134782842857,893.7459655085714,345.24053591028576,1968.8713371742856,144.3845825472857,11.592504700571428,12218.256608367145,1400.1001618342857,6414.357493179572,198.70344971014288,46.036639335857146,185.81622620900004,506.62805314514287,785.312241948,6.563440865714285,2689.405534642857,1063.126500277857,219.20734472542856,154.86538019857144,37.187582150857146,165.86667775942857,1170.0221646774285,1046.174928152857,64.23787177157143,2119.680618914286,235.20265338671427,21479.314698868573,139.06510858342855
3012.2317031142857,56.33055748457143,7333.5741606,30.031902669,187.4723945202857,2062.074428190572,871.2426572385714,232.1849101121429,1884.226498257143,293.3597692091428,52.45961599557143,9118.339275828572,3192.7346217571426,7384.405271901428,103.21439785671429,77.311484338,793.1511529251428,452.6445233271429,788.9652249665714,0.6042909201428571,3789.4883656714287,836.6356895775714,390.5712077002857,141.85402227614284,13.245162801571428,67.17843378,2221.843926832143,807.59618298,170.112643526,4926.091128458572,242.9164394932857,11728.732585085714,109.0514626
3339.326575742857,112.40241546371428,3271.58202417,40.69014385342857,48.26799691542857,386.4316244437143,225.51459580457143,112.67053945885714,2073.3244810714286,196.3223190857143,51.22896671985715,8547.790293114285,1974.3962305828568,3105.1664800714284,239.90474968385712,157.71404917557143,1006.2318434825712,441.2189217672857,278.66757186942857,2.9232001538571426,4711.894053728572,335.2444028227143,307.2325401714285,150.22904626314286,8.424582507285715,119.476072716,1335.7843155542855,509.5297159042857,418.93572995085714,4032.369528571429,325.1624298778571,15660.156613214283,33.63991630428571
5830.063461600001,761.2309586651428,3814.599661985714,230.17244290985715,137.45279202785713,392.3254292728572,1084.8723338914283,210.70435285171428,4543.742804857143,1130.9689920142855,36.382523564857145,20110.16598142857,1335.1454506142857,5059.034512857143,608.359109627857,160.33781471914287,589.6068805085714,980.8565557022856,860.9585854168571,92.87752525985717,4490.3331255428575,571.7324704911429,407.5936426471429,1438.3526037618572,274.6643022074286,394.5286326218571,1265.719442902857,1589.9693819557142,654.5536180228571,5658.843559857143,1260.5413843228573,25055.52605371428,81.77974593628572
7926.039690728571,2253.667654887572,3475.3981976457144,284.78470048571427,18.212659163,521.4465465485715,317.4488225142857,85.37150202628571,3563.781037285714,1493.4841646775717,32.55393940842857,19581.40795814286,3296.026747,4996.361651571428,771.8310485524287,193.42391963185716,804.7598800721429,1009.7538828317143,276.04227123514283,275.636881743,3921.052843857143,166.2058546424286,459.8114759588571,3038.3204068767145,1096.4903410398572,1160.3743241937143,3293.1318453579997,1112.702894737143,1893.6892657698568,6847.117292428571,2107.085940061,29440.26779857143,15.111925462857144
3203.1592059,461.1982332722857,1802.1348996778568,33.260026477,113.59487766657143,633.2718036561429,678.6632201062857,235.06005037742852,3533.9572104857143,393.60086442814287,19.877675133714288,15427.28359085714,6056.754984428572,4469.156397571429,245.30890575414287,113.27795179728572,177.87184061142858,332.8779593242857,487.8962504342857,32.970908236571425,6983.909475828572,512.3470418437142,207.620126805,354.41750044,28.359270624571423,252.27574531857144,1316.4507651992858,906.13600969,342.8652000494285,8904.223195142858,295.17464260914284,11556.266842771429,61.76956695471428
4971.239499285714,518.1769223912858,6017.838756332858,209.3551654741429,3.3543150498571426,386.0295089942857,119.21315562714284,115.47216263328572,5147.033672142857,1052.7699591444286,38.62842191285715,30283.044788714287,1993.4672857,3307.520051514286,1066.5422975157142,179.6063412042857,643.479035088,911.0458696214286,260.622324895,0.4730701908571428,1472.7441964142856,340.32282014642857,472.82593747028574,310.7338262811428,10.592147425857144,672.5813018574285,2930.6276900684284,591.7728251999999,1000.5856768142856,5185.095520428571,1356.7659403555715,24910.477798,5.754090341428571
2560.476493972857,2570.37369365,8033.395773249999,155.21767092899998,582.0457763412858,1944.6531384614289,2254.3609017092854,435.92339064985714,3705.397846614286,2044.093757041857,311.61993470214287,4642.904219747143,5879.799336714285,9277.501576714289,1267.3472120585714,863.6981342357142,2226.319660535285,1380.2549957985716,1942.534205935572,370.5194299868571,5881.28420394,1319.120844656143,848.0616081175715,2930.630830957143,1503.3940606028573,717.9610249932857,9611.717460147143,1357.2541414014286,5115.217067537144,5570.642081285715,1832.4281483144284,6094.720367771429,230.92334677271427
3173.962121914286,1145.213241721,3167.174467997143,328.9331830221428,40.37501919128572,278.5884931928572,412.6195849035715,48.837502127142855,384.1504804442857,1159.538851872857,30.300680570857143,8756.795284857142,4383.537902,1752.2178566714283,968.5039728485716,254.91321105285715,1078.11928599,915.9668957857144,244.24274690285716,83.82898673014286,3162.4691532428574,198.59269197114287,485.47388493000005,1407.465390889,426.40048527914286,347.236729622,6248.776152671429,881.34267769,3657.4502783557145,2931.249409142857,1799.9419641514285,27404.695403142858,19.659874603
134.78460520871428,231.41325388414288,6346.677314628571,82.10765793357143,0.121840331,149.70528984628572,6.439377380714285,7.674479763428572,6352.097235328572,397.1368490745714,12.898506815,1044.5004197642857,768.7322913214285,4575.369765514285,102.14959092357144,56.39173739714287,24.186580950857145,60.63094717899999,6.031412632571429,269.3751176908572,298.8315574428571,3.9936149687142857,30.100852259714284,343.863178757,513.9815255699999,155.72237075214284,1451.946497414286,29.512171752571422,211.5917033064285,1785.5080437142856,253.89610969585715,3355.709457262857,0.4129660274285714
9237.296747171284,953.629995437,8887.191615392858,82.11055586885713,120.4504818857143,682.6613473957142,476.2292573700001,214.0730790957143,5416.937813348572,742.3916995421429,138.62496928928573,6553.1842288240005,2652.561646734285,5644.4401008,1404.3506242897145,591.7538555025714,930.3913660935714,1361.5479588142855,919.6966441435716,514.9542330172857,6095.885995104285,383.6694125911429,522.3307998857142,1003.258879055,699.1086424314286,349.7777684428572,8898.108049071428,845.04927315,3983.686979391429,4904.601941728572,1736.3029382137142,12510.804925971428,24.220321238857142
2299.985070942857,688.0806159828571,9897.836983907142,5.14679077757143,21.00461302057143,780.5225444202858,567.2595122244286,169.2552720755714,1488.7136674185715,430.8564428497143,216.7523524318572,400.9980864498571,3113.5922382857143,3549.4965343,784.6638791667143,464.6608818967143,1399.6995963397144,1085.9483829785715,511.42556925142856,253.02044449185715,3038.661480542857,331.2186082405714,475.8467265157143,1248.9470834842857,575.3681923332857,244.75678455642856,7776.811015845715,709.9569051107143,1888.327841201714,3620.7436965571433,264.88462847414286,1973.6897683077143,29.502251567428573
1112.8610994285714,728.2745470371428,1354.306687142857,10.902244267857142,3.486102163714286,382.37118534,30.58402023114286,166.52521818557142,4080.0258551857146,261.64132632357143,17.66477012142857,2773.047538028572,4307.2822239,3546.438209428572,138.52304772671428,78.13533371857143,50.09912757814286,76.61321767128571,11.341882049428571,388.9664324242857,7621.435052057143,121.80199769871427,8.394207827142857,834.668178535,473.7843338257143,296.4601935318571,1399.14836528,168.17898038814286,931.2224165447144,4186.581674714286,337.8027038182857,4551.721413814285,1.528102885142857
1663.999789082857,1.2664568014285713,2494.357654942857,0.2437298317142857,30.140984783714288,1206.316516295714,294.63487448514286,259.59818862614287,1079.011688017143,14.563475239857144,1.287015878,1939.68458585,2299.8062359714286,2914.2416241,8.202983718142857,1.847449723142857,31.72368173657143,4.001487963857143,93.30110769628573,5.897364177142856,3942.542044042857,377.1230937692857,2.0357505535714284,30.75046215157143,13.877707865714289,0.7597610650000001,735.9255144,477.33856922,10.50313658657143,2043.136727857143,8.597935663571429,2689.7799004571425,52.960678917428574
82.93478751571429,308.2499837832857,409.1241366514286,0.6504748927142857,0.9301930991428572,45.65537270285714,5.825177509571428,18.54656756657143,4163.952332685714,210.39816017742857,44.317129673857146,204.57728329142856,571.3891174028571,1806.3413427142857,44.84984753771429,125.35104256285716,487.0315543837143,113.62278286328572,9.97300742257143,113.88604016042858,1956.472513542857,2.308865635714286,2.301987519285714,364.83085606485713,116.99426619114286,42.58996556585714,1434.8817958825714,21.226831011428573,215.72276114142852,1632.2096088142855,151.05641148457144,444.8054911285714,0.2797066305714285
128.16810114,41.86962085628572,1143.7484057357144,11.148453310571428,0.6913554478571429,75.64993643785715,3.664410207,8.323610177285714,2645.8727405285717,44.685852048142856,4.054793671428572,341.4435146628571,1062.655952021429,2644.930439471428,1.8109930290000005,8.043254407142857,13.760312978285713,10.429260051714284,4.3907285997142855,20.528924659,3148.3693907285715,4.520019888,1.7722248555714286,123.07512970114286,38.643571560714285,41.241714451,1338.4021642585717,17.072397932857143,7.132047906714285,2116.422136157143,48.67031903714286,783.8749588985714,0.7201293232857143
897.6816368671427,669.5118626142857,19184.57375285714,50.12075046728571,49.22527530971429,1314.0420841257144,103.55601413114286,129.67595125985716,7454.997965428572,504.84052826,53.68724545814285,2006.0639557571428,2825.2008232142857,10544.745407,701.0597249177143,524.4422980328571,1970.738553987143,668.9422567977143,681.064296018,197.17793838028567,2133.673103614285,167.234653265,476.7193526611428,1211.1030482242857,497.60247696928576,107.28265067942856,12328.331058857144,107.32618835485714,586.2198307485714,7466.621315142857,331.67834240714285,1835.9370674571423,10.306500858428572
366.9586315714286,27.292240768428574,1714.0749469999998,0.6368883718571429,72.24007607585715,437.08752864428567,244.60929079514287,94.26800729214288,3779.5185962714286,6.982424061571429,11.884173130714286,441.7330067085714,6307.135294857143,3836.767889857143,3.793209399428572,14.464050928857144,67.22224144042858,19.23243564071429,228.89977502771427,19.050635173714284,2164.496316017143,296.897078035,105.79253843114284,384.89996076928577,33.389509260714284,0.2599433115714286,157.20985105257142,250.9651970731429,17.57566370942857,7461.347756142857,4.503731815428571,61.36167595342857,33.40333066457143
913.4037017128572,85.84414040685714,3304.965321494285,0.0,25.551096062857145,701.0770984857143,108.627675662,21.57038360057143,891.8352678815716,11.138684050714286,62.187311720428575,54.80131479057143,2845.881957342857,3419.1122149471425,187.95498773257145,344.0315737718571,146.40293290328572,373.5975424628572,91.208033919,63.19985357585714,4214.015475325715,110.463309772,12.494082226571429,375.5328558324285,152.80620671042857,4.558308780142857,1385.9632390142856,119.136194037,7.355192545142857,2956.792900142857,1.3596730122857144,580.83019062,18.327451466714283
2380.9931077887145,24.70189062542857,11598.024330285714,1.058426717857143,116.07340122171428,926.252635592857,396.9620363957143,432.68722666542857,5248.029130000001,0.7255759862857143,46.59047211128571,47.61383673300001,2166.069884242857,5092.643072285714,76.90717905942857,108.37768309514286,1562.3869990085714,567.1028219581428,697.5314771094287,119.23290371400002,5835.936727828571,661.105941329143,491.37736982199993,435.0071422415714,371.6791770757144,0.4596874231428571,6897.919166675715,955.1139350142856,2.848107318142857,4482.545137,6.330468675428572,652.3780017571428,43.55250936342856
2518.4076063671428,1.8143260974285715,5032.0218147,13.735903738428572,149.03690974271427,1559.0116298714286,899.0422538571428,329.6422669312857,3508.4710649000003,4.387706464,34.76583891585714,42.663621060857146,3576.635272142857,8039.804134714286,63.74695104042858,69.72755359385714,739.3629197447143,417.1113784232857,1058.662105318571,6.569273195714286,3841.850414714285,1116.7129729284286,603.6487712517143,10.529569695857145,31.62141515514286,0.0480280475714285,1252.0415836312857,1133.452043077143,4.767418705285714,8115.007589285714,31.260668228285716,1184.4429262761428,140.8852993347143
58.160311544,115.1941236145714,11297.280316271428,2.772985877857143,1.8355225765714285,467.0467401564286,5.942340035428572,34.492235237,1710.2053044285713,16.227871977142858,60.14112874885715,253.3627644068572,1280.7906958614287,2175.8259772014285,149.11543557442857,162.72735118457143,1436.100271259,72.15256065828571,126.81751856085714,337.7722511142857,465.8111293814286,113.0785973067143,205.88864947014284,371.3003288504286,551.9129170214286,23.17578535714286,19323.69753186,20.20895729157143,281.9615880462857,2003.5206506142856,40.424538572857145,173.458900967,4.091128626428572
1954.7641561085716,792.0876168745715,3367.0856180857145,90.995147684,73.15081971428572,436.90868075428574,395.0319673131429,133.07536170485713,4260.706423285715,715.7256976902858,126.19524557857144,1203.3867433431428,1802.1711942714285,4853.8160813,585.7571554557143,350.85006793242854,1331.711057242,787.8120892057143,619.0064409331428,465.4181340134286,1678.0822436714284,310.36531223642857,481.538446654,1725.1951921428572,1012.231101682,277.47424082857145,5401.019915710285,653.0882879428572,2030.9860559518568,4617.387504142857,761.6445581554286,2638.113525945572,36.878444202714284
7.683300201714286,0.0447114148571428,365.771436525,0.0389999891428571,0.0,9.729630910571428,0.6508964517142858,2.2416673365714286,1212.3932934142856,0.0133426044285714,2.6186023775714284,4.2039480750000005,440.6756944142857,2208.0988725514285,0.0683313931428571,1.815695899,0.5565360914285714,4.254237333857143,0.5109578585714286,0.0,208.598507376,0.2839853327142857,0.059851884,0.1735801781428571,0.0,0.0,13.114539373,4.666034847857143,0.6489017337142856,1450.4265758,0.4345296781428571,10.437877824714286,0.0
382.88875278514286,4.356914121428572,1062.511360742857,2.9542799005714286,0.6299875888571428,53.09198036885714,1.4369658932857143,10.028909095285714,1457.318623265714,6.881547127857142,50.98111067142857,7.250867255571428,1359.7473909245714,1279.2761726457145,115.80341266571428,118.3147142324286,377.1418679744285,167.2384227877143,41.52959739371429,22.633671514285712,617.1458491172856,14.32838286942857,69.34226409,37.48856695714286,112.7032519,0.0426333341428571,1839.6675410707144,8.969787215428571,99.87116664942856,1280.8781615142857,28.95733702742857,402.3244582051428,0.0341055647142857
2551.8082059817143,156.58937256814286,1106.5231889897143,20.791324114285715,10.885486075142856,184.39102655042856,101.88521493285717,22.168377147142856,169.071055144,91.94453629757145,1.2640372725714286,550.2643771251429,72.801240452,1282.7426061314286,87.90585299085714,14.82059065642857,43.03956956571428,111.76980435314286,64.02887345985714,87.252475077,569.6914358984285,35.267961136000004,27.581378082285717,271.27626345,184.288143531,48.45127847142857,720.8600579607142,264.57393796014287,79.464619021,327.18184476999994,96.54953969171429,4214.090912779428,1.2441275008571429
31.45052035571428,0.2192926597142857,1415.195187937143,0.0,3.978917419857143,184.30022816514287,21.704379888428573,63.33681136642857,36.817082979571424,0.0705140465714285,17.201661677571426,2004.6197780028567,28.697166133857145,766.6023577542857,3.053044267428571,19.217562404571428,236.46467225657145,50.856942358000005,95.00227032414286,0.1342129414285714,337.31747317285715,81.67041208585715,88.81083001857144,1.208051268,1.6660709625714285,0.0,633.0359343841428,12.556793079714286,0.1527504468571428,366.0364228914286,0.0,363.8964441748572,6.688425993571428
282.96070134928567,121.22944383842858,1755.4841523471428,7.592463552,4.230118489714286,19.111392417285717,21.18736192957143,5.993190414,160.37943677842856,157.13867750457143,86.80479600485715,4161.970863852571,0.5966933574285714,573.5022736541429,137.84698214714285,209.1470743022857,512.0277984285714,315.86438166914286,88.03685186985716,23.31111096714286,23.559849109,15.137651617428572,132.69285142285713,276.7133007914286,43.831042851,86.221592398,2651.4843498757145,28.825189822571428,403.8731999745714,82.71374526528572,150.590288695,3661.115786724143,0.0
792.2127830357142,627.7156033257143,305.0345762915714,71.66468764714286,0.7214500694285714,0.2694025248571429,10.768666684714288,0.9828814335714288,123.17397604442858,486.1890144455714,31.256088972285717,7174.350887404286,0.5316287828571429,80.57393927157143,259.5278323157143,119.40389054542858,290.3667385338572,301.48539311742854,20.73648772642857,463.20336127757145,3.516414733571428,5.816043941428572,52.377614988285714,1265.8809125445714,1010.6132652514286,273.57563586671426,1784.8067559905714,41.72907462214285,608.47565015,40.98135005271428,548.5366398887143,7495.842742428571,0.0
556.0985298920001,1543.1772819935716,715.1006336102856,109.10194923628572,38.567951276,28.953588575571427,70.25493672071428,23.166296258,0.9854544057142858,1453.23614706,34.25638195185714,19480.86829952857,0.0363506801428571,30.65545969428572,164.1229206085714,123.12913017371427,204.6112172622857,271.9700641884286,72.17407408828572,165.21042711428572,20.453957333,87.85740476414286,4.1906204034285714,2161.9034832914285,652.8997186331428,616.0561558685714,1150.801545674143,133.41431966142858,1356.9914794180002,0.6455675340000001,1105.0475452824287,9969.526269228572,9.52438679757143
259.11467736142856,319.6210659648572,210.29711910485716,5.8174484571428575,20.581821168571427,47.669429652571424,76.24248434928572,32.94608301785714,0.0,167.50525751671427,0.7811333761428572,6444.424490475714,0.0188173652857142,45.44959016542857,0.0493611684285714,0.5785921101428572,28.342597576857145,6.579465915714286,48.72542335285714,16.769120082714288,30.33510832442857,81.74746196142857,45.80654624571429,682.2426447092857,126.89982575714284,88.70920662742856,60.75680146842857,106.36239226685714,134.06258418457145,1.5110013557142856,95.49180966571429,3101.4382502624285,5.780887811857142
113.11376290857142,16.98712044071429,12.637389789,0.0,0.0,32.48242259814286,7.038938953142856,82.35615133757142,1.114865249,0.0,0.8774845575714286,130.64582493628572,0.0691759824285714,92.68221415971428,0.0,0.3998657197142857,1.6195035767142856,14.617631335857142,0.3194358051428571,25.879310405,139.70993182142857,133.62587314857143,0.0203301035714285,62.83737465285714,42.47420291428572,0.8925758945714285,3.461944851428572,81.89566410714285,0.0,1.356889605857143,0.0,14.219245048285714,5.348583688857143
80.832394557,112.26196432857144,44.811836252714286,0.0,12.861953979857145,40.49260081928571,75.92526515557142,49.62094894842857,0.0,5.935047919,1.454169055857143,178.54269603785716,29.673087583571427,173.29592075614283,0.0,0.6744471857142857,1.6120129445714286,3.985426246142857,69.95873323728571,12.41767579,94.91214010714285,110.0405333737143,24.12184012142857,293.83167952271424,42.97020974585714,13.396004199857144,3.7125154981428574,104.92331079685714,0.3128786115714286,40.560983961285714,0.0,40.856889046,11.607803602
1144.7476108282858,14.943719298428572,843.1772723685715,13.495662090571429,59.6192758,111.45396324428572,257.44821935914285,20.09858307414285,49.75679885714286,44.78510202571429,14.643809154571429,280.0220283864286,300.9286764591429,390.5955712714286,23.090308691428568,35.06302532285714,194.22931751,146.44359876814286,288.8374012907143,0.0,609.2495131405714,92.61101035571428,131.60150254142857,40.112862578428576,0.0756882397142857,12.402646331714283,481.3106067414286,247.45495161314284,4.0046790660000005,217.88619385400003,73.98400831428572,3130.2484639094287,22.570046365714287
666.4587743562857,26.50239724742857,120.35322153485716,3.986984057285714,14.976639504,48.08549913157143,109.66842623,43.86249733,155.24089285714285,34.71471965485714,2.829937812428572,971.5136617921428,34.40947682857143,160.6134016471429,9.406669838571428,7.328311822428572,38.89728021514286,70.95012136928571,96.40678203571429,0.0,452.94788346628576,111.61085895428572,74.8695507077143,57.46894964728572,0.0,17.097271146285713,38.51301202842858,188.99010210714283,2.876895146142857,93.22366454485714,31.476765363,1194.0434827828572,14.556506010142856
93.67446168571428,0.0454666337142857,12.23704064357143,0.0,0.0,0.3645704035714286,7.851562411428572,3.4114487225714285,1.711867920571429,0.0,1.5856001708571428,2301.0609548815714,0.2759708138571429,6.251418625142857,0.0246805184285714,0.7400124195714285,0.2297544575714285,2.2480857135714283,1.1529782995714284,0.0,5.882513244285714,12.932209325714286,0.0,0.2932681795714286,0.0788766548571428,0.0,0.4073777201428571,34.50149745714286,0.068517885,4.189158378571428,0.0244548148571428,1124.9529284615714,0.4682160959999999
628.0131308742857,757.4988065509999,527.9332524051429,34.952561073285715,22.57339852142857,11.298629582142857,104.21248708342856,11.404213272857143,39.11050876571429,552.7107784514286,17.312213458142857,7416.054151266572,0.1198565584285714,133.9224457197143,172.62958937514284,43.55819147085714,346.7984830442857,211.95175541071427,222.5690986262857,237.95762446514289,14.804672542714286,38.75418479057142,238.42641982614285,1504.0080679044283,476.236428428,267.93655804285714,1328.8414662342857,98.60344143871428,857.7232772607142,62.36631102728571,418.38139596728575,3329.441518104286,4.688311768142857
226.2914175,198.424415289,17.658527622428572,3.1659774541428574,0.7022999894285714,0.9942622558571428,57.87495138985714,2.9197514467142858,77.43253984071428,137.08238523000003,6.347490507142857,847.9397993451429,0.0,152.733230522,2.063929449428572,5.895203020428572,4.627600689285714,21.22148140571429,19.482718927571423,58.316513992857146,12.776434426142858,3.304317460714286,2.7941480994285715,386.38959954557146,149.4285083532857,91.15047265714284,13.840502564714283,35.958466463571426,42.53823402371429,29.972434931,55.123613863,643.424986491,0.0
32.064809882714286,0.039181072,0.756065913857143,0.0,0.0683410362857142,0.0295534887142857,2.0517635087142856,1.18143658,10.877073218571429,0.0,0.0,2.587640541714286,0.0,0.368989543,0.0,0.0140122362857142,0.2773540525714286,0.439739164,0.0744392044285714,0.0,3.943108984142857,1.7903753014285717,0.6033668261428572,0.0,0.0,0.0,0.7076117492857142,8.11626522,0.1101234581428571,4.870526762714285,0.2994957502857143,71.09534922728571,0.0
616.6647214142857,186.68588465428573,581.4741072058571,63.28382499871428,0.0,46.82776711971428,19.136021785714288,5.076664603428571,70.45695810571428,334.9021637428571,7.771275798571429,12709.359785285716,43.3339297,202.8476136788572,112.25463976785714,29.961077743571423,77.37919663585714,98.58198198214286,4.693640820428572,99.09772695285712,10.240507275857142,4.436889795571428,3.495514615571429,343.3046671692858,171.36398850657142,183.5423810957143,895.8557261885715,56.65592090342857,206.00700962371428,113.53833833,373.3092091544286,12626.380051428572,0.0550354209999999
848.3829304,1623.183910217143,896.585637717143,149.40323641,35.41507528414286,57.938185122,219.13349309942856,50.90027830142857,104.25029547857142,1279.661169222857,13.71599477257143,10360.28761385857,12.139406275285712,498.05468796142856,207.6384299252857,56.27083218428572,175.4616722134286,245.2420814062857,283.89632821028573,410.9426466612857,55.43570839214285,86.91805472942858,179.5611585167143,2442.76565316,1005.5669283331428,706.0023098214286,1894.757867757143,246.54766655285715,1175.7150215300005,83.87312440971428,1090.740472084,9029.08951014,9.340055227142855
1093.2910552857145,3.742708498857143,1029.2161988982857,8.828772410000001,20.418380834714288,201.36779425685717,109.37247162614288,48.92554661671428,69.49957879071428,9.42122046685714,14.628994845285716,15.012572341428571,203.85294160314285,512.7456633391429,57.629949464,44.47356693542857,256.35452092928574,174.622269927,153.97346883642857,5.898550355714286,61.76674617542857,142.2867549582857,111.71540308671428,4.858307228428571,2.328430417285715,0.1606159577142857,1028.2811442981426,140.34333833428573,27.476262998714283,307.98996600428575,54.00804675414285,1100.1373529057144,14.183822707285714
591.8340908475714,154.27863911042854,294.601380365,25.93494897842857,4.705419306428571,36.72251745142857,70.70266127571429,13.430906084285713,240.80481427714287,117.63035123157144,18.27783944014286,170.27357287314288,450.0769329894286,905.3043454195714,99.54014795257142,53.723542267857134,126.36853203428572,173.90796064071426,87.21278224857143,49.19905837142858,219.172656585,29.22741135714286,103.24929477671428,295.0453885074285,134.9140507872857,43.67591350714285,199.18097878714283,64.06359347028571,242.28797904785716,706.5410252085715,182.54543879785712,1048.4053180385713,6.035903134142857
1457.5124664457144,49.89824203885714,1014.1055161697144,12.2332643,13.571430132857143,146.29694519285712,174.56877733914283,53.87569614285714,77.17372099299999,95.73438561185716,39.313651449000005,345.8027465307143,92.988160937,995.0067255971428,60.304387762,72.01872079571429,406.6907085737143,368.88137340614287,163.67980370585715,0.0,267.3996666568572,147.62304953957144,98.98454631771428,25.765342478571423,0.3675397168571429,39.284840539,60.44828448285715,197.84432551571427,23.188068288285717,395.4600821577143,89.31942319142857,3917.1108863155714,15.19600552357143
1953.7381399834287,109.022838609,573.2622262344286,15.44074158542857,42.49077995871428,189.64252237,338.534993889,149.01570421257142,435.1801521124286,112.75705168285717,26.49383107,1800.3610608055717,277.25589718128566,2607.1103296920005,23.56479772842857,57.90609233714286,253.15975791571427,319.974997823,333.6891883582857,0.1928909788571428,814.2602930545715,252.98191190014285,236.18773437071428,228.92222242585717,17.987360005142857,42.68104270514285,225.4308414197143,513.0221870271429,75.8129082472857,883.5929393557143,66.413492363,2192.1236103157144,29.731324574285715
1358.9395067157143,1738.0269253485717,4560.920884337143,333.7009830071429,5.730271107285715,134.71051681114287,9.657835918571427,3.650211420571429,1246.410615357143,1749.6389951857143,79.8426092962857,12354.77231582857,227.20703923714285,1125.0357612714286,348.2924539814286,188.642756615,504.187763772,428.7895822814286,120.96472071714284,324.602753921,24.99000377128572,5.610918724285715,118.46980356857144,2618.028963452857,1076.137019247143,830.127869942857,4450.169798468572,23.040869418142854,1575.818492757143,485.8468225142857,1920.1671565142856,12979.166385714285,0.7606286061428571
944.8818738857144,110.39784619714288,3164.3340169,37.372185657428574,63.649505510714285,460.5518041857143,330.9183929642858,81.01793819128571,810.0955763,132.122274908,56.58736738585714,21240.556179857143,287.28880027428573,3056.4489591428573,312.1088753744286,171.39546878657143,358.7905859814286,326.52882718,320.7318653114286,25.405914942285715,308.6479198328572,246.68918589714283,127.40671300457144,173.76804180985715,35.62304865342857,76.36480733128572,2362.927362878572,343.7571813442857,274.245885187,1013.4551482285714,243.3902709491429,20286.803023928573,27.80659468214285
1501.3474307042857,2381.0828717014288,3240.5974607234284,201.49054801085717,5.497268423714286,55.137827613571424,83.99741747814286,14.640333884714284,914.0809112257142,2573.759580757143,107.07141926142856,14390.029301257144,304.033067907,846.7850301885713,734.7111394955715,317.54614266214287,758.8645018471428,888.2492446515714,98.62547600514286,257.8953398797143,259.81908863857143,9.681920191285714,91.972945221,1948.1958603094288,703.7359102272857,975.5245484445712,6309.415536351428,176.37347641,4990.531105092144,474.949935141,2125.9192775358574,15486.842931042858,0.1512366372857143
648.646936433,133.67265810385717,1345.23070195,32.94156143342857,29.43281610742857,288.44557665042856,270.1204396505714,102.27056912857142,130.18821175428573,274.08836086671425,17.835114624285715,4228.954480031142,119.80618586528573,1286.0482479285715,81.79377257914284,41.081839120714285,276.24739614857145,146.39450806414283,258.8173473384286,14.515001717285712,112.489090509,224.14801802057144,157.6629405464286,142.51235772371427,26.712358820285715,113.58954742714286,472.323573963,420.1416680135714,227.5404666437143,176.10687282142857,308.26415055242853,4125.885058404286,21.695413893714285
3653.8748958382857,463.9971291668572,1568.0594168421428,225.175189528,198.40817894885717,366.8437943792857,718.852217778143,76.16890738642857,150.3225949172857,824.6828650344286,44.73640635428571,18596.71691355785,124.63297479342856,1212.857787513,331.922048511,114.82897466357144,300.0627044647144,416.98028034,505.90558387857135,8.822291377285714,848.3380330687143,237.33680601357145,239.43436075714283,366.52598173642855,35.84138003571429,490.6267930062857,1516.012150187857,692.1672956055714,1144.3549930748572,501.7578657,1443.3404622181426,19432.58996183343,27.41057561428571
2844.377177852857,1428.7197977742858,10094.391118732428,106.87889465885716,73.15377265142857,898.1302382112857,290.4948867657143,72.67093008457142,599.4839046528571,1775.721754596,160.15378464042857,6881.827634857143,233.86297131571428,3707.650904142857,927.0030040002856,563.9485724135715,1071.346674666143,1002.6677415934284,618.48520394,91.74163978714284,455.52369703428576,210.84595636542852,260.08680570714284,1536.2977864567142,314.38662932371426,997.1902233,8571.307688795143,354.33250266585713,2996.534381332572,764.2578876714285,1304.8150723417143,10914.697208792855,34.84546113857143
1909.2630713287144,237.67734204742857,1322.425030670429,19.01516329128572,28.94542565157143,288.14669845671426,239.52106801442852,78.97131017314287,1370.4111593857142,366.5599303691428,102.81968823285716,5422.368406091429,648.90343352,2947.388515828571,190.8192962022857,207.42516475785715,941.0502701311428,523.1273051088572,251.94189064714288,274.7108714317143,496.0865304472857,138.89207655085715,249.53455516571427,369.363814197,386.02462598771433,70.91386681985713,2538.178262649857,255.6528003317143,998.0634630744288,1723.5474071571427,249.48626582914287,9134.146873571,14.602143944857144
5033.185738971429,1538.388535336857,5620.897388714286,161.928509832,67.92184167914284,972.0909832972856,552.051691434,111.08007879614286,2266.6484361142857,1172.0456358507142,175.3263362257143,18559.316142212858,199.71865203571429,4889.755607107143,629.8439001285715,491.0465190928571,1451.8317475142856,1159.1816145714286,600.3581797711429,633.0652817358571,167.24457876714288,328.9966858742858,628.0204750728572,1714.181436288857,904.3645382255714,589.5368150931429,8336.9373193,803.5040847457143,2297.789816881,1019.8196796428572,1273.9978644678572,22134.638057114287,43.69606318299999
1017.1041568085714,1044.126506846143,480.4069712337143,84.39789979171428,20.027171227571426,66.25813816371428,144.78759221385715,21.16378219114285,924.13249965,1091.076742745286,30.945231765714286,5706.077043747428,1953.9169275857143,1645.5959884357144,196.0785618492857,103.178692199,160.74474084500002,389.9649985732857,208.60295351714288,3.251878545571429,1633.1738604428572,40.91886249142857,232.94724005542855,1567.5446066687143,88.54010335071429,432.1550170141428,448.5066616471428,110.65510010814286,1247.593043572,1333.5525924,983.6610883357142,7569.48822032,6.106160815571429
4508.714185682143,949.1727484838572,2369.015726528572,179.9200756705714,52.406031017,646.6570180914285,677.4598729285715,207.74102211385716,1817.3930058714288,561.0392400157142,145.9234522911429,14395.588034257144,520.3301958628571,4852.679010845714,570.6832285334286,341.2876765251429,832.8807225564286,788.323185978,626.82033383,45.04950986,1547.2432061914285,408.8231636495715,321.94509937914285,1437.8459629892857,221.38905263142857,230.5608314492857,7956.438524885714,730.1466840290001,1271.4397095325714,2190.5795978028573,924.6389819842856,16452.17368757143,33.959381202857145
2311.6075212594287,3465.006404215714,8502.515778071427,34.451995548,57.357706346,38.02285285528571,153.11242297885715,5.104572466571428,2938.723165928572,1105.3908882752858,135.63940637142858,1515.0770603757142,50.68265139142857,357.1294283028571,649.0750897414285,339.0814819271428,2207.866527589714,1339.6950464795714,687.4113266311427,199.58606173571428,98.74777914857142,34.28960731,497.7848854874285,2629.193477446143,383.9601406271428,314.0288983475715,8851.19304117143,202.6348501488572,3878.061314779429,161.91435883714286,736.4659741625716,3282.2342142,8.871577796714286
7389.875412,161.8650720362857,8347.787025171428,5.204746919999999,195.538265965,489.3438580842857,862.5127931857143,504.5456594088572,2453.5486962014284,125.04224937171428,245.34325437714284,5924.279871457143,179.37312703285716,3035.2918189714287,862.6133316947142,617.8997938917144,2436.6702016951426,1106.1758342515714,1002.4443339158572,403.237804767,1629.7954338642855,624.4249833558572,645.6905254235714,765.2983565552857,978.5803243651428,61.78590232828571,10069.796650425717,1346.6170247928571,1068.090365034,1128.8370422142857,267.4490046407143,8879.198043571429,68.30735698371429
1760.9483751171429,370.5900184897143,744.8391518842857,71.47120304428572,1.8675307902857143,37.92223690714286,102.14334660642858,87.86017901242857,5320.409989,317.82193868514287,84.12409317757144,8174.828538928571,8194.037814714286,2094.692514,693.4454348347143,259.9950987548572,162.05343750385714,465.624591583,17.343183206571428,28.493985782714283,4828.756163585715,123.21733741914286,41.875865353142856,423.3571235282857,194.903976174,54.03707667671428,2005.658504155572,397.82724983142856,275.2337312947143,7044.964233571429,483.0612032991429,9390.513037857145,9.930038148285716
8933.152617171429,1746.2816006185712,4507.734860542857,389.43214020857147,242.835716181,700.0841757428572,715.7019849114286,200.81470895,4732.466291857143,2313.75303935,349.6977135292857,12600.012962285717,3044.2931748571427,4799.360002142857,1845.2600493361429,1032.6202411642855,2975.806739322857,2825.078235568572,1814.6725954042856,719.5576584754286,6094.314638814286,568.9761867275714,1307.803602308286,2865.878232095714,3213.3334333522857,498.6596913798571,13368.72298352857,1141.5041764714283,5694.561105344,7422.825836142858,2727.8315065057145,18969.22231,77.15884467800001
961.6962916342856,1530.8002746485713,5876.605178857143,94.28529073528571,4.661540077714285,491.2452069742857,111.54077808385712,23.829019423857144,4261.616755142857,862.010449784,25.541245962857143,25511.712883885717,2119.0810139,3744.121428828571,121.166617275,65.81162676128572,244.24750192214285,319.1346077235714,84.96037926685713,190.4977266237143,3142.4650519528573,41.40532211242857,70.38012159957142,2757.388328721429,608.9240984027143,763.8332998791428,2067.1027918285718,210.43536745357144,368.9479655347142,3640.12063,534.2854915597143,25228.241827082857,5.509778154428571
6332.574099034285,1799.8263550771428,13539.023677328572,240.09323501585712,377.2266824295714,788.7970313342857,1360.3234456722855,237.12062497857144,6751.130055714287,2265.5561223637146,390.6414939771429,3321.9454458428568,2474.0832665142857,7681.074190571429,883.8744277084287,913.5287052757142,3892.901907694571,1495.3581384728573,2059.7852743942854,581.9010273832857,2405.0862337,630.1182069248572,1488.7987809714286,3202.513629158571,1448.1906908314286,485.8005211022857,16591.359904514284,1969.5772043,2153.249688132857,6750.480414714286,2642.8616016342858,7338.827860018571,114.869355117
6999.043526848572,2108.1269577485714,2426.704596257143,87.13907798742858,4.385012780714286,615.6479478772857,167.8908739127143,157.04152593314285,6184.536132285714,1950.4612179714288,73.70030910300001,967.9859724885716,2868.249061428572,7374.504383128571,302.00231812899995,275.2899544957143,513.5029711962857,965.672327542857,177.8562321142857,2114.1538358371427,3605.285032974286,119.38964742414284,204.62198771285716,1295.5946415548572,2288.213061515572,1191.190579015857,1999.1741742571428,990.4368799115716,1779.1714360717144,5531.000633199999,961.5916489817145,3823.9663939357138,2.389367866
4339.302637748571,1237.923146928,6072.468078071428,76.38076587285714,267.4058027497143,1825.1152780328573,793.6956298722856,348.33727932200003,3061.843052528572,873.3231605234287,114.45437304042856,7789.804558598572,4993.068749714285,6591.0219538857145,647.740339519,315.21797401214286,1830.3662784982855,1105.1150789324286,1193.9599479531428,714.1292733728571,1964.100887165714,672.0774282894284,1001.4090504957144,2541.3422006617143,2390.8077230437143,578.607219833,4178.78523108,1155.6513456014286,2008.802282787,4076.0233641428567,1016.8330498465714,11016.333273714286,74.01978614771429
5536.594687528572,2289.666965618572,4760.2435239,259.63887901242856,332.1914651957144,1876.563103728,939.3165035238573,456.0919912985714,4764.691583561428,2044.1434045131427,97.83069718042856,12518.755162857142,4142.3602652,7430.234905142858,1149.471952712857,985.140259616,891.6662817912857,1766.0406105377144,1343.9373264780002,785.18720691,5224.806006542857,1238.2586350065717,783.5079828154286,2652.521495942857,951.6822404454286,1205.4024499958573,4424.616924081429,967.1302361914284,2973.4319507930004,6570.5653474857145,2401.977774155143,14648.796286142857,136.68224694742858
7967.536084142856,2171.1381015524285,15397.628148714286,185.72384234585712,409.4892972455714,2690.271293278572,1806.37843599,457.3678729764286,4726.508693614285,1007.2485241888572,63.91096350257143,9934.0191859,4305.170257285715,4553.647970428571,932.44530971,363.7536748671428,918.3355097857144,841.4618765857142,829.9455630048571,205.30022585114287,8825.617637,1612.1324043468571,221.01600329,1305.3315527735715,522.0046657371429,522.6362785014286,8537.498953571429,2570.063624957143,1813.6376703885712,6081.236787857143,1610.2813396471429,12208.863416857144,161.53017964085714
3873.7124585714287,554.5370139832856,4357.637039,19.711450154857143,52.48324275171428,1175.5099599428572,596.5830167,329.887279243,5218.947696085715,402.8891177865714,118.60060212571427,4995.607418831429,6759.413270285715,6324.244972,178.89264789071427,377.1758699734286,1022.7982182142856,358.43641856242857,642.4279907057143,70.47432039857144,7341.552401714286,805.0759591287143,294.7585432642857,258.4453693988572,50.18964625828571,337.6769669548572,5984.224503171428,860.7934452285715,220.77238659814284,5892.214677714285,185.374148077,6755.402002814286,63.88441174257143
2242.0827373542857,717.5541667484285,4152.3380707,28.526148819,14.022345635857144,1534.1803468431428,62.54000645357143,45.58463315428571,7650.041981471428,431.7421678798572,66.01194986857142,8233.439946142857,2625.750793,8801.620351428572,422.1343418885714,530.0915847261429,678.6061352184286,1158.1473762245714,163.9469723784286,179.46158640842856,4528.968632057143,198.60006455100003,145.20260606114286,1225.9300904814286,718.9361066794287,302.75856898571425,1591.3509956957143,167.53936087285717,236.73849383571428,5238.362966000001,601.8730145727143,8858.483666571428,9.938410844142856
2159.6144457857145,1549.2711451542857,5269.361950385714,96.92126438285716,27.610378695857143,742.6774272555714,416.9987331921429,374.84702901857145,2951.9380798142856,652.7971321252857,70.2040962647143,8460.29048242857,5532.659019428572,7493.3525864428575,272.3713826312857,154.32117316242855,1212.6339180202856,412.02979964285714,605.5331275385714,338.9024187468571,6862.822747857143,477.3405966835714,394.630190317,1530.5386471285717,1288.3575699471428,466.3363184454286,8065.099021308571,423.5300282942857,1497.8395825747143,7514.870271857143,613.6787795084285,8520.743996571427,46.02582909657143
4913.483247014286,1646.1150534814285,10816.107301771428,99.25736333528572,163.76019756457143,1409.0565775242856,567.1930399542857,205.3001288942857,4737.352197428571,790.7955405861428,302.6912243485714,8581.098842285714,7256.214518142858,7182.379087857144,1856.5799160907145,953.3418606384286,2185.1026476640004,2007.914481124857,894.9755250199998,674.0483420172857,4559.389748842857,567.7016958671428,504.54270394700006,2488.7781802742857,1101.491448714571,813.1233731022858,16311.93243176457,819.9167521471428,2581.948935492143,8240.522509142857,635.0724010384286,14607.207700928571,75.28675207385716
68.12181598,136.6449771272857,727.7221929814285,8.139801194285713,3.621003066428572,109.26132177985714,1.3305986007142856,9.348074147142857,2925.4846041571427,446.3833638987143,0.0,1971.2589224714288,2860.84529954,2295.626288957143,2.039915084714285,6.795428843142857,4.397717788714286,4.505575342,1.9569203545714289,0.2390490835714285,802.3605122171429,19.174583627714288,1.8834594122857145,357.7639449675714,91.63608812785716,107.12050543642856,19.669233266142857,36.39058759714285,108.26435168042858,2618.5166234,93.41553523385711,3383.3514064457145,0.3714111211428572
2905.570438657143,989.4734521917144,11970.430180757145,90.62563260714286,307.31956329,1710.273159362857,797.8985289278571,82.63875172228572,3030.7456544,1201.4916715664283,218.2563030887143,6078.857246442857,3170.4491868857144,8681.464686542857,893.2672446271428,603.1742681942858,1365.5967842784285,1160.3228377257144,1335.6255056571426,634.0900864285715,3827.494221285714,340.3713591631428,833.8025561988571,1996.2552886572853,779.620852039,296.89132051542856,7932.868308284285,706.7035476667143,2354.3926288502853,5201.568848957142,713.7129387451429,9083.866885714286,78.47808576614285
949.4603717852856,1458.284617589571,9253.69467858,4.492033873142858,167.0674371262857,489.9608839642857,502.1682722594286,39.25091237285714,3134.425250092857,284.70732213314284,199.29929687,9425.794892864284,740.8640234142857,4254.478590325714,549.144041852,449.8233324852857,2327.094131322143,1312.2778568154283,453.382145868,371.30242045000006,527.7018062542858,233.18815984057144,460.6103787132857,2118.551630544143,914.6420357718572,117.23359400142856,14799.635220611144,190.9561546124286,2299.6015354867145,2138.877426214286,151.38407678614288,4895.5534879914285,26.293530194571428
6275.3848432,592.6280834938572,7759.012321671429,115.34291449842858,164.25566664157142,361.26781794,956.5973593228572,155.36775496714287,3630.017048142857,618.8261499061429,582.8252654862856,1933.550375227143,1410.9494234,5465.319811,1220.125068175,1157.7656920725717,4146.707417742858,2397.937502447286,1232.4053868,49.17735388928571,1494.518995714286,378.15708225,1187.999385942857,1384.1026088075716,400.1761563287142,86.26774630228572,15211.558625285714,1031.6768423714286,1839.029971844,4035.361488428571,890.8772287502858,6732.540867042858,60.16405157857143
2518.0021071857145,330.8421214127143,4731.1255056,48.11338793428571,72.72272133842857,91.35576974571428,399.52290645,43.120049289,3607.142423357143,212.30419734800003,370.3295785028572,1279.1278537871428,1045.9988398314283,2883.395379857143,806.1381089614285,700.5996338857142,3205.3054833285714,1545.752954442857,730.2744770842858,92.84871685985716,887.4295360142858,111.6773163997143,832.8038491,956.0784922014288,450.09342091542857,47.31532576357143,15613.372355428572,199.44163146714288,1779.5696605211429,1435.4629244714286,578.0208327142857,4127.568096457143,19.554181475714284
4788.837451362858,325.432386339,6106.896110357143,22.09772032542857,187.89473797285717,1053.4904966142856,960.7736473271428,243.40658902571428,3255.0445516471423,213.77104627457143,145.96752408799998,2489.1952925,4286.184226571429,5693.796219857143,404.47073507914286,399.1782827928572,1084.9337643235715,910.0210310695712,1021.4611902271428,81.62173685957143,4375.356649471429,782.4447082828572,512.9786624132857,620.2507230928571,236.5125835531429,106.69338173028572,3928.217135817143,1154.6666119328572,398.2736863871429,6298.420828142857,256.481868851,3858.9296892142856,118.71631044242858
1199.4614528932857,4.564867953714286,3639.453049132858,0.7428581261428572,23.24104865142857,370.66131309142855,172.219009947,69.73421206357143,760.9811418985713,7.906987171285714,18.060308672857143,18.96687726428572,403.21715470485714,1994.9333242571429,8.083844955,23.422274178571428,112.88804450942858,48.883478148142856,137.40066847314284,1.6269958987142858,2881.5391585471434,201.5669244522857,31.88091135428571,5.907809419428571,1.8823159038571429,0.4375795668571428,2635.083983994285,292.4363303752857,6.593332040714286,1732.3051061242857,2.2922857244285715,491.32467234042855,23.36332091157143
1569.8878052987145,74.05852968042858,2207.097785774286,57.70523838671429,34.61760107757143,76.22354196900001,312.56845579142856,18.802553928428573,852.8272117428571,40.09153649742858,154.09158183971428,4540.778804872714,157.83997925085714,768.8598095848572,362.00226717828576,371.1949072925714,1610.093954741429,1020.1127025175714,334.05350935671424,101.59870187571428,307.249088289,80.79144148057142,339.9188621495714,184.581135211,165.08191519514284,29.565900116,4333.364263362143,167.9455461712857,178.791726405,401.8076358185714,124.59594227557145,7369.616640802714,12.061065472
2117.350317197,37.51432893814286,1030.9269679357142,16.96863682342857,155.1746592622857,549.1326884817144,518.1075983042857,90.81935177542856,73.14745324542857,16.56578854614286,8.966619009,3119.9395345755715,684.620372632,1917.0569931475716,18.22805055542857,14.707817094142856,140.95054672214286,158.73335356042858,605.0331005185715,0.0,650.2003003884286,376.26253245857146,224.074918886,5.14899059,0.5813142774285714,2.4686388444285714,30.446684997142857,249.6171743,2.573455685,1160.8201477905716,62.76419805828572,7281.941432135572,54.818789763
778.956783947,450.31723824571424,1161.8313186831429,92.69123612857145,48.268132917,25.83397931742857,118.07192250928571,1.10002532,309.88535227442856,514.0401990714287,233.15757273957144,4733.288259716285,47.15208453185715,726.9126122917143,526.0754604242858,450.0594013607143,1515.1185139848571,1059.7888935912856,422.3762532117143,132.81781435142855,160.91016517414286,22.179501239857142,350.42173258257145,696.817803385,260.15694058385714,111.27390551814288,4927.3565240882845,18.17440122214285,1783.4795126667143,397.5852449957143,888.0926740827142,5940.4453321857145,3.637969066714286
2397.818827438572,526.4935536877143,2381.4481959714285,78.24739604785714,69.13506670942857,622.4177805301427,215.36251076885716,67.72093578642857,20.10214562742857,639.7626635825715,82.09822395328571,10373.67970087143,4.216562012142857,1871.1101675828568,238.34524316457143,187.340671484,490.6759491077143,346.13340589,232.14910379614284,56.22763111157143,198.85699448385716,198.1312977087143,164.2650053752857,746.8009257591428,166.2005183357143,298.31647083685715,1465.7276285521427,216.9664103071429,972.9698937302855,48.473535294857136,831.2765335305714,19150.58208042857,14.84297370057143
79.55156463657143,209.85062357142857,9.531080728428572,2.6798556042857142,0.0,0.7311088752857143,16.95215703057143,26.724834658571428,7.311890461428573,102.15703677142858,1.0958841585714283,1448.7053272488572,1429.893967746857,61.05577325842857,2.0185591142857144,0.8267553915714286,0.3541586135714286,3.772715578,1.8485330152857145,40.040490740857145,809.9265439187144,9.407090789857142,1.803512746714286,328.4857614062857,129.0517085857143,63.00558118571429,13.154629925571427,61.350545262857146,103.20638364285716,426.5718766022857,46.25312551428571,752.5825030421429,0.0200031995714285
399.6885119788571,1.7749672275714286,560.7229112042857,16.56453589585714,3.158155542714286,14.287199840285714,14.585567832714286,11.759705904428571,53.89428535971428,27.609305932,39.035792007285714,7.971943285571428,15.994200842714283,72.09784787985714,134.998737537,83.84884504171428,332.8334220974285,195.0282322171429,38.45506096814286,0.0964548398571428,36.25062574057143,24.75888809642857,43.643481099714286,7.413604611428572,4.460101499428572,0.0707023574285714,642.9707587194287,23.79496579242857,188.80307285471423,103.62338818057142,133.66322046042856,298.03154980014284,1.0112156108571428
288.0790203912857,2.253771510714286,273.69542035757144,0.2319158968571428,32.880182739285715,56.114830397,127.26951512328571,9.045494062857143,79.55679456628572,0.1004797028571428,5.418342381285713,1494.5262327171426,20.35798225528572,190.3643814891429,9.497267333142858,10.569179289142856,43.31680773242857,39.19006755057143,96.33407659742856,0.0,11.938354050571428,91.56304627714285,35.118371393,2.116505255285714,0.0169318964285714,0.0,148.21829153742857,120.92380099985714,0.0,123.15520723442856,0.3735011749999999,2211.2627279321428,18.92210522242857
118.89463382857144,634.35379171,380.91211916585706,78.09563983142857,1.7175570304285712,3.3020369401428566,14.699144667,0.5745133597142857,229.0363517214286,467.8240959185714,22.73696319514286,1126.4426528314286,667.9544720828571,6.605010348428572,191.80670994914288,61.763589325,202.1942570928572,271.6690436144286,36.44996488928572,174.52959810885713,573.7712578068571,1.6970204557142858,66.744095294,863.2932414268571,343.96727505,200.998044084,2596.5126743285714,3.6002275862857145,932.5398356358572,114.8671929745714,633.8265309420001,1767.84819498,0.0520408292857142
623.5091951128571,864.9937627067144,60.52092120142857,21.672158429000003,4.190218903714286,0.6186902057142857,82.61451934428571,3.144975220428571,20.633829240285717,652.9520141585715,78.74640859242857,3011.26709613,377.3856707142857,0.3554118171428571,622.3317964402858,245.1091199685714,355.44751052128566,817.6394573537143,71.33713110671428,417.7471086557143,364.7842859634285,10.093858014428571,106.56172778828572,1440.2726305217143,829.4731086714285,330.88882554,1696.6894620571427,78.97252636314285,1610.4958254542855,22.72819716342857,519.3627933788572,3169.152186277143,1.364569295
16.554109148428573,0.0,0.0493457762857142,0.0,0.0,0.2622602022857143,4.357846358428572,1.3000003191428569,2.838608827142857,0.4705899695714285,1.2356890637142857,12.417657277428573,4.930378507142857,0.2825630802857143,0.0167002915714285,0.7871979397142858,0.0926847322857142,2.6304590377142856,0.5687162491428571,0.0,33.12229144185714,0.0235959172857142,0.0,0.0,0.0629005725714285,0.0,0.0,9.563560707285715,0.0,12.174583435,0.0,1.0642610672857145,0.0
1354.3834137094286,256.20553182857145,283.39318808257144,46.46511241285714,4.639990245714286,3.575470005428571,88.52370139914285,8.841523084428571,10.719514155714288,352.10855648614285,37.15269008442857,1026.5878490412856,19.032557282857145,105.00242212471429,202.8351620551429,109.48883606971428,269.66745071071426,293.42574767785715,76.38209444885715,68.21162636428572,111.76869818585716,29.368782155714285,101.1492683482857,345.13064548728573,191.18816891585715,155.53582305571427,613.1554707831428,106.27810748028573,549.0967266984286,134.37596786271428,397.2751229428572,6340.593630952428,3.8968305342857135
433.8782136431429,5.076295105285714,42.18611396514285,1.5678750374285717,4.526983497000001,1.2196534907142855,17.220898997285715,3.094931916428571,0.0,7.093247244285714,4.204297347714285,2426.3762513954284,3.548712810285714,47.51709932014285,22.618949627142857,11.19723398142857,11.012749506285717,39.751472779,26.378953138285716,0.0,11.916887321857144,5.752756217285714,7.593756945714285,2.7918562532857143,1.4181276515714285,1.3125303168571427,49.704833,16.38052942857143,13.04593063285714,13.69089347,4.686804900285714,6630.473141945143,0.0
588.9710331392856,23.045879277285717,1071.2016127685715,29.73507486071429,8.775074568571428,0.5263444254285714,24.862776643857146,2.0831187754285714,40.70746724428572,92.25573670428572,52.67238398657143,65.79810278442856,2.6240190662857144,34.98600060614286,290.1630149842857,134.80668444471428,341.748596901,391.0800684127143,90.37868392571428,77.08891136857143,212.4821422144286,6.673377262714285,34.44234020542857,115.24169866142856,129.85313792742858,2.9802736572857143,1598.1854801775714,22.62634563742857,944.4497544285714,10.488986174285714,285.962154635,3188.5568547828566,0.3881634605714286
1701.8267624314285,970.5120896395714,1835.5793770385712,187.3282103857143,49.95022809128572,649.3299715687143,312.47309936514284,111.916386909,63.98116471714286,1056.6997302652858,49.45234808828572,7535.969638511428,30.072702820857145,1067.3084767314283,463.7441098845714,233.86331157785716,468.28380859900005,585.4311370922858,332.9112956634286,207.25651757,752.9742250257142,318.0837792992857,176.13460197657145,1463.817454182,682.1080928428572,446.3736238978572,1716.5207260277143,251.4679075711429,1289.3332639175717,160.60541664385713,1162.765141126143,16764.517783826715,35.81495667757143
147.62308700285715,317.0984901025714,70.75487959571429,32.95570386142857,2.129560563714286,1.285967331142857,32.267049895,7.476568536999999,83.853805906,396.1036443295714,3.0554675744285715,4534.000173570285,64.23631562442857,112.48682849157142,11.154818547428572,2.4357158882857144,42.34549858371428,18.076970105,14.498703968428572,80.51672801685716,377.3282788617143,16.67890264142857,15.247622971142857,583.1443347355714,376.83746205428577,209.27765906814287,235.2695285742857,59.87321382557143,284.7348408882857,42.47496982428572,256.6495869065714,4401.295398299857,0.8081492641428571
1423.9499863857145,2210.8371528300004,482.22225029571433,313.9019510257143,11.259288636857145,55.75718951257143,116.84923558857145,50.40226567085715,496.3715899171429,2045.5422881285715,49.156708287142855,16683.23428357143,178.00928375585713,280.7353862744285,731.9251111342857,233.19843261714288,299.1369099657143,768.6408351271429,90.08314543328572,296.3624282857143,261.4566358325714,192.02566767142855,81.91533042714286,3206.194142838572,973.3927018,1070.5843864457142,1993.670636370857,238.93021022857144,2353.7268204685715,106.91162543857142,2231.190562928572,17884.44500814286,23.89066751
29.96353535342857,12.680676138571428,8.93688687157143,0.0926554835714285,2.1750525457142857,0.8106759592857143,30.88188193485714,2.270260295285714,5.040281738857144,2.6173100994285714,1.4572472502857143,519.2698541865714,17.085059925285716,36.43232693842857,2.6914359357142854,7.082364298571428,3.9892525474285714,8.840509879714286,6.8745088651428565,0.0,16.41606867842857,9.546023578142856,4.4892144022857146,2.545008952714286,0.0451581072857142,2.025799599714285,48.329443600714285,42.600164183857146,0.0693922254285714,101.73659426171427,0.37748453,571.2079619502857,2.78784525
632.2612026254285,1670.181031256143,287.62593116342856,132.49164731214287,3.919203881428572,9.442267482714286,18.46254588114286,2.004901613285714,59.35703820071428,987.7849688402856,57.05143991557144,6038.896743851999,153.57356561857142,334.10025839385713,273.6457860235714,108.081620044,278.6493332628571,296.6217883337143,89.68164211285715,549.3413946,4.630084873142857,9.205694296857144,130.55094258842857,2850.1313986041428,1264.3051567,455.5680901404286,2339.8311428325715,8.824235422428572,2019.2703089697145,175.68267363557143,1038.4416119502855,4448.582744295714,1.3437685827142858
273.4736079828571,643.0044982371428,778.5528744557142,141.47384805142858,15.05399976157143,79.90480525442857,149.61866461085714,22.517661204285712,649.2025241632857,1017.1690373671428,17.814546764428574,8329.2127587,807.8267650274285,858.8444987085715,179.55091881085713,45.17680838371429,52.80087155614286,149.61809223771428,70.62646553542858,124.23452158714284,170.72297173085715,105.97905901857143,12.786786011142857,886.9206793228572,272.9324012495714,362.1596593154286,973.5425824601429,185.67064773128573,761.9201189998572,511.9487937697143,1074.2495828775714,3723.7409661714287,22.68761929057143
331.3829352142857,750.5831690385713,438.1619449602857,43.80817368428571,5.599696484428571,70.78849257714286,87.14879913128571,42.38526650485714,77.27694793371428,591.035153766,1.713304548142857,6939.109827478571,54.60908498285714,654.0070710828571,4.554195931142857,1.3834555322857145,59.61701154528571,56.44646922871429,88.40817832399999,201.5554999892857,55.364532405714286,42.198527488857145,68.93738424828571,1127.4277680142857,339.98694991057147,416.1489631014286,240.58895663,146.11013293,111.57996017671428,159.65716304985716,399.2462531644286,4731.836347028571,0.8743879902857142
456.2982003828572,5.614807401,1206.6382764044286,0.4404479307142857,8.144007544857143,12.121949041857144,51.87467193671428,37.967514265714286,277.58639997157144,5.781025386142858,6.403245125571429,3577.24851188,42.93518481585715,567.2932675142857,9.163826713857144,8.955910063714287,87.7849737487143,40.95300716085715,28.350303671714283,0.0194848441428571,90.65281972771427,71.28158874357142,12.858950940285714,12.22401993942857,0.6948565931428572,1.6014742224285714,364.2998854767144,147.16948040057144,0.409882633,185.3895321822857,7.779451523285714,4618.888783570428,6.182754185285715
601.1776884414286,236.324174815,1590.3001593858571,70.255900522,20.98306539842857,101.963553707,132.1328519632857,21.509674397857143,84.64403948942858,405.7706837487143,30.165736672142856,7335.477877673286,33.16332774114286,1091.7804401285714,183.59908621642856,123.55583685542857,261.5236315617143,303.49320007171434,124.197221244,7.612437452428571,51.69369800371429,58.44837816185714,94.53361114285714,241.03548151157145,35.994884769857144,127.19209297728572,1949.4420862677143,141.31016825285715,518.5169775834286,214.3669251232857,523.5914955781429,7126.624081502857,5.606637871285715
1857.4335706412855,706.15451456,1949.400038673714,124.68934240185716,13.846841342714283,350.87088945614283,66.1061198077143,47.486392865714286,739.6175219828572,1273.9892755272856,146.87007889457144,2287.301348152143,344.81524517571427,2184.211531369,829.8934092142857,375.4189118082857,920.115952748143,1187.5230095695715,64.48102830285714,696.2195321542857,341.91348529714287,101.21717144385715,160.23466103,1349.0655135127142,1057.1094866334286,360.9911203942857,5494.440069676,85.17850042857143,3059.8311834865717,917.0211887342856,1519.0919535135713,5806.008366065714,9.98116707142857
2577.659469528572,2005.2535048657144,2402.1270041791427,352.87135476714286,77.89370390399999,479.7580992827143,339.7859248975715,33.76374303657143,350.1697942,2174.453633003143,83.54200484928572,27068.935147042856,723.2609860864286,1680.6599820771428,381.7001164138571,177.57427259557144,1004.2025490222856,949.5732914557144,598.8530586791429,121.28251819514286,451.2289890671428,154.08081164257143,506.2913712732858,2181.6468262000003,500.9541158067144,1321.1661694,4915.913169064572,175.26552952542858,1485.4771446341426,695.2834612318571,2302.6460141385714,23154.661344821285,13.963423711571428
2467.068751957143,173.705544251,4572.070847114285,43.99880450514286,146.16891196285715,1407.1528119,1002.067816757143,195.89041628757144,926.4924491428573,156.08650435,20.68238298814286,14968.617718557143,1608.2986915285717,4564.538907714285,94.419853652,57.76494440757143,416.46781157714287,377.2796468671428,739.8841846628573,76.25198210285714,336.29196857971425,934.5050641128572,366.9004687857142,509.8249141291429,267.94414944442855,84.58478370428573,672.662430654,824.0221890428572,136.98209115085714,1946.0448854285717,194.78394055214284,18812.11951777143,148.33007848857142
2067.9809152654284,1062.0894418577143,2834.1293721901425,172.53990385285715,127.146694236,698.4646194351429,491.5891837014286,19.336693541142857,654.0435149985715,1126.5664460964283,34.292128412,15480.488772024284,129.43308894628572,1533.507985168,270.1624938962857,167.45167821914285,645.6832961845714,666.6535969484286,716.049249438143,43.06706064171429,145.68654635157142,341.5262826941429,437.3006382685715,1696.492015577857,359.70866022542856,586.7013333314286,3195.7952563428576,341.3359862221428,1099.2181940307144,312.3051987901428,1354.8477663284286,16754.45689455143,66.245897853
5434.038860757143,926.2332579881428,7377.502668528571,114.94563126142856,122.226644267,1374.252375942857,870.4959194285714,224.27597924714289,1785.3643439,739.9524867182857,72.47486189028571,14150.067104485714,1276.0464682285717,6721.642972414286,246.40085346542855,127.42435420028572,1118.2257615771427,552.3998062427144,710.8829123057142,162.56470518514286,1817.5533492571428,650.4210087142857,449.523604489,1181.6030879557145,536.799191264,339.9022055845714,2605.4631841985715,1276.5749751,1324.3594399185713,3547.885408157143,983.3514108435712,16310.012526,85.39607555142857
6095.607922601428,1216.2413290407144,5708.090875057142,162.92353483142855,117.49539499585715,694.7865600014286,1059.4344776207142,323.9859687025714,1118.5472772585715,1405.2232921157142,86.44959904928571,23491.298355857143,904.4229648857142,3331.073554728572,402.8630510421429,219.609561442,814.1907125052858,719.0072466042858,798.5877483311427,72.51577475557143,1107.1043704,844.4059536902857,649.8035048099999,1637.610403451,326.6510260171429,682.7414451271428,5998.629167189286,1157.9445915378571,1743.78439135,1234.6751236,1728.5033123837145,25949.851549285715,89.28554339242855
3853.27545571,1187.6335886395716,2150.3274940442857,298.1404673567143,22.905996411285717,449.8622945814286,181.9642813742857,160.30678094714287,1707.8882054814287,1047.3654163702856,60.69127580000001,14023.621555328573,1328.61838112,5164.078062325714,450.1123260177143,210.2268964808572,359.34282474,522.2537941357143,119.29491746857144,175.37312297699995,1938.568616157143,413.98335447142864,146.78671320714287,1253.0439607921428,537.5090875667142,780.520389571,2272.8564622500003,648.1178227458571,718.2211300704286,2518.469555128572,1372.5513425045715,16276.98001702857,22.761818914857145
4673.346970494285,588.8211220145714,1350.2681677271428,20.18595026271428,37.44881683357143,366.93384338900006,498.9201994825714,213.38224217071428,2251.474245642857,478.2074747174286,54.164222876428575,4761.549880961,1053.051304171429,3917.200374228572,183.5179596722857,183.868876129,717.3660978088571,284.7959619778572,349.53259067,121.633895295,3471.1894788714285,464.7114725368571,253.76645184,1469.6554026634287,507.4926049372857,246.08706902142856,1414.3671002435717,962.1450389157144,591.9936985448572,3589.237780742857,298.7559507178571,7884.136817371429,58.46366533157143
4333.325841828571,343.5592563124286,2205.3943434928574,36.63647958428572,101.8868069094286,251.6340222882857,613.3121233434287,87.945435191,1828.151185782857,553.1859359905715,108.29859932271428,6244.363288447144,1817.359098728572,2191.493106574286,481.8167738327143,466.01250021971424,982.5957706511427,977.7529982114286,678.8485424225715,1.0457079845714286,3305.448337498572,139.04363187071428,586.1094103228571,267.1565764508572,1.4368933614285713,314.9009100081429,2329.1086685995715,460.1592948585714,543.2255930824285,2995.3169138000003,307.5309315247142,10816.596939871428,15.22018007957143
4245.323732527143,1472.237370777714,9407.113132924287,124.38754216885717,112.32635819885716,1442.461779853,735.5118939085714,524.2328877742857,4131.827122857143,786.4054089177142,61.50239014771428,9751.862964457145,1196.8900910857142,6611.354843411428,174.63773760257143,167.69138715,842.542246421143,642.5690308657142,508.5375873048571,22.585967354,3784.9711144,845.4074984099999,339.42040675485714,2614.066886749143,547.1234079177143,600.1204789857142,6068.986031779144,1422.8776893,630.876957894,3231.4797461142857,403.8266823778571,14278.52238542857,91.52555354857144
3880.657402012857,1205.1460975087143,2544.3385856157142,206.6759459781429,69.68379433271429,322.5369683814285,524.86391268,136.193436404,5033.524785628571,1265.680024717571,30.14266671857143,12135.788256571428,535.4301499671428,4666.670075742857,206.62866289657143,85.20373677142857,350.568913883,323.2101866942857,297.9449129262857,154.66674670628572,2465.043461685714,370.4260614865714,129.4086888382857,1550.190620550143,428.7587872155714,607.8522510112858,1349.7921786642858,816.9434760021429,645.8165867885715,3670.008963571429,1247.6354793112855,16815.98963714286,79.01052863085714
5185.529748731429,344.4575879887143,2353.2172906285714,107.86497861142855,62.37834221428572,527.0783943071428,923.3605697402857,226.8056172734286,3988.184033428571,516.6853662697142,15.380482034714287,16762.9640082,1875.9056022,5497.299969857143,51.64067010857144,48.73679933585714,119.7513659307143,161.2185586217143,389.1111341647143,0.4898900668571428,9116.419406,710.7256239707142,174.90723071614283,562.2766371088571,11.895593109142856,373.0997923547143,259.82633315485714,1411.674142744286,128.89980018414286,6255.345934285715,613.86504946,17564.810856514287,141.19081442285716
5319.024172985714,898.851683236,4340.681851388572,87.00509542742857,88.95794146814285,342.38488186514286,503.48969581057145,168.65189087757145,4085.0075004285713,985.2764448847144,31.84022048185714,28531.08024428572,3981.587704714286,4737.841303142857,111.79482914642858,68.65693287385714,501.3878282417142,403.2065687028572,496.7606287408572,19.122479222285715,7201.100397285714,307.1112086128572,248.2049015501429,2577.9395874030006,293.34980627457145,390.39640159,4373.677238028571,1036.7762359815713,526.0387285328571,8534.671964,621.8543128564286,28985.323418571432,34.589539804285714
9533.216019,4036.4309259,2797.6730739857144,684.2919062614285,247.48317713557145,698.5555584699999,983.2919556714286,147.3971358278571,4996.323565428572,4820.710206428572,109.73071752428572,29345.6452286,5707.693664085715,6221.581651400001,615.5962767171429,324.8421957337143,1521.5947378142855,1199.7143898671427,1228.4440852457142,818.6520693737142,4407.559620742857,441.56513791857145,677.3747152522857,5245.739355228571,1368.4715347057142,1837.8368119,2852.7177889285717,916.5675604714286,3350.704986052857,7522.441986428572,5432.614157757143,40691.36892257143,83.43876806800002
10923.320201571429,7102.337264069999,9273.7107952,1060.111714394,178.73956552985717,1227.3368881328572,1330.155734805429,320.8743186885714,3684.1900350714286,7447.392618857143,59.56351611442857,19736.15317057143,5205.228063428572,5663.748903142857,1583.95197543,274.17674040714286,992.0898682077144,2413.2388892342856,1290.9773486795714,1429.4468480728572,2992.8958645,718.4266092321429,806.9520476335714,8809.313753514287,3957.2961717157145,3259.995141167143,7895.779855914285,1803.12150198,8642.17852703,5196.094317857142,8602.370536,48280.162012857145,118.84924158285716
723.7691017999999,227.685447371,23492.849625571427,2.381008986428572,49.437192692857145,2548.787952332857,455.8755117492857,166.71871984914284,7430.892285714285,208.680532186,539.6532470784285,165.45467006571428,4488.163203657143,10545.094832285717,864.2479680558571,1197.578045129,2821.362003443857,1426.492527861,618.5622677662858,559.0425179572858,4131.580008544285,616.004024953,423.36845995457145,1123.9544447872856,1611.9881538668571,32.80291212657143,17954.640306428573,957.57866209,2478.363596694572,7772.255903571428,199.81515637671427,483.67850823142857,55.79990788085714
2683.889936997143,3130.969621434286,16678.912465428573,30.71170094157143,296.36655697000003,3032.3243409885717,1391.580038823,299.1358008242857,7731.346523285714,801.0246690875714,290.5773376612857,1055.7510193142857,6887.9029575714285,10272.620639571427,1188.4925984857143,820.1148867442856,3495.7016824504285,2794.163724954286,1544.4633710021428,655.8553610008572,4005.3294097142857,854.7955135858572,1359.1423374142855,5805.157752692858,2214.865600069,705.1432795511429,22481.665732,983.2022481625714,6691.42189349,8247.342947714285,1293.195597000143,2467.5629747857142,132.442873648
70.96837523714287,11.95936867,13272.914600714286,0.6914670967142857,1.5759449495714288,1919.336075157143,0.9722260647142856,134.75955897185716,7547.743641714286,14.138863767857144,10.687995990142856,581.6895454957142,5542.253032285714,15461.659476571427,56.867248265142855,29.39536451242857,77.84418709600001,31.34558475114286,20.993653199,61.671522303,2261.3769989957145,84.02991003214287,10.807626611285714,10.714049171142856,49.135225523142864,4.856486805428572,7701.6419030285715,7.435044870857142,56.57750479357144,7686.111733,5.419656976571429,426.16205323042857,0.8590896912857142
10469.366883771429,627.1484682594285,2775.5086577714287,199.75499276585717,148.19071950357144,312.5187386457143,1122.8207631584287,188.72836435,4741.061630674286,803.6773416028572,106.94376327571428,16428.374961899997,5198.697880857143,6324.459810685715,1037.6083003874285,347.2647613114286,1862.2760106385715,890.2024297400001,1764.4212718585716,135.19315490357144,7108.585648285714,211.83282085714285,898.5845710204286,486.9819257742857,122.45184600557144,440.9392267427143,10095.060846271428,949.94658136,1837.3419890314287,7273.868383971429,1233.5329864332855,37911.27606871428,14.322228605857145
1906.7192506285717,174.87146232042855,5450.980568298571,16.915904349285714,34.099637813,912.6886474577142,160.9420041914286,168.42358297571428,3582.5284794428567,230.87574705657147,41.11394207271429,1909.5510641885717,2414.2085915,4526.083981728571,206.15869501,207.69214623642856,829.9449267071428,417.6697962142857,224.57261961414287,106.3774207802857,4243.635431357143,193.8448805462857,146.9786664584286,395.6045495388572,128.68345027357142,11.940416615,3957.886247222857,666.2150323428572,625.6195394522857,2159.814943195714,81.38948023114287,3714.4235244714287,22.639874495714288
2031.858587114286,1374.431588820857,5801.800938478571,1.7185423198571428,8.311522718571428,884.8581968799999,152.4644571452857,386.83020666428575,3009.963540057143,327.095596445,42.24464389742857,7950.70789554,3388.73589447,5348.826327728571,68.72571909842857,29.810997441714285,139.62435068142858,121.67988248257144,152.2339237837143,155.587494682,2980.886579108572,608.8029168964285,232.68144919442852,1684.4028491875713,616.3326914917143,365.6782022702857,1902.4933651504289,598.3670445314285,247.63715384542857,2726.790840957143,158.51979866814287,12272.818186854289,30.321376207428568
1142.6984078135715,702.8279231862858,2309.936885585714,59.50117083128572,60.82069486042857,258.76008304914285,236.7339088144286,54.985944963428565,500.2892792142857,389.90135564,39.72621479914285,14322.729010285711,3571.2417280228574,2711.3003135428576,295.5790167762857,262.8522987528572,359.2903697805714,425.8978231742857,296.99694154285714,888.7888975625713,2163.333539485714,73.23589354599999,94.22828480428572,2571.2025352914284,1752.3543994134286,338.0907318661429,4784.917604171429,373.9959816944286,749.1859947282857,3011.660161317143,490.2466123825714,15670.769691757145,7.765039350714285
243.43085242714284,186.12940858457145,1014.1213232428572,13.624456586571426,0.6048417508571429,107.28450637428573,8.035707207142858,1.6363468252857143,2347.807731314286,149.22156883385716,82.90499798314286,2180.5436600714283,445.1472047642857,926.9511668714284,139.03515297500002,135.2972650077143,312.65668870857144,265.0185872247143,7.666821202857142,162.9770154967143,1428.1604991571428,1.815644486,6.453060608714286,260.7505386068571,332.8711238311429,29.642015486142856,1286.4073384057142,37.14023392914286,538.248269825143,511.8959801285714,216.43780540185716,1404.3996420857145,0.6097187488571428
1183.2679471571428,62.22234900428571,1212.0014296571428,12.264754165285714,8.415136538571428,439.43155099,82.83552101728571,183.6911055617143,2689.652841434286,146.24272398171428,7.034886365571429,975.94225608,3677.0830041,4114.325400714286,124.45726460514284,31.915288975714283,57.78658109585715,69.38834185,34.92778168257143,3.343000401571428,5593.627992885714,247.4545179272857,33.16979875114286,244.10422048714284,36.434753659,21.25147215242857,407.4670290457143,443.4783337414286,185.16339083,4023.979216771429,43.77660924085715,1954.9591565,25.234548189857144
3061.7486049428576,733.5945549577143,5321.951224228571,16.602859175571428,79.92363201342857,1701.4110055142858,212.6278203772857,106.09476438614286,6643.296760142856,335.48053527614286,27.09174285614285,2066.1662230285715,2747.0843646299995,6941.985635442857,84.73373931442858,95.45099312571428,68.24767083228572,325.6469466985714,272.6711366024286,480.3103603174286,3970.824798,408.2119924718571,53.02521488871429,1872.7316872327144,889.410033711,478.7860383761429,2988.5969617714286,921.4121031428572,49.20110042542857,3631.404822557143,88.83697957,9306.284328,51.646172085857145
524.9194166285714,516.8355016547142,3184.49862032,12.117763101571429,0.802645536,1354.1929126208572,1.8293588892857144,87.77361374485714,5618.662211000001,346.83791781357144,11.880226325428572,3052.936361300143,1522.1460104714286,9409.24680567,384.6867564992857,75.55356385028571,50.96476880571429,80.57225209357144,6.890037879,894.1516894571429,3559.5979140357144,36.35482251385714,6.644325394428571,2455.12457199,2894.385693257143,149.5501883527143,281.23062027428574,128.413815414,160.81568683614287,3218.8818235857143,273.79827635799995,5438.864654751428,0.6132028884285715
1564.652402666143,274.3507873988572,1463.0124174371429,6.316576485,9.004457845,173.8419511142857,230.03913759957143,90.075946668,2020.1535088857145,89.33801836542857,20.82347121442857,5145.584106328571,2740.427747342857,3632.8082135,37.45224191057143,58.84936406957143,78.189641318,37.88333899014286,198.4860114587143,64.97355083014286,1785.4950526757143,127.550817861,415.7362981462858,547.5721007775713,164.70702516699998,80.52491551428571,295.40747784657145,810.928631657143,9.755152517142855,3792.7153452142857,53.60022965557143,4631.624284228572,25.914968247857143
7574.725034807142,110.57457437785716,12268.110410668573,1.9396784118571428,196.92104871,1740.919982477,993.2279365527144,429.0913425074286,1102.9243232714286,4.286385451714286,121.97131367385715,332.90922173557146,1724.0203192685717,3429.651691865857,268.5323290515715,270.5467707185714,1651.4688418544283,1001.7314309782856,1291.5917054482857,307.1842947625714,2931.3970721100004,966.10916026,958.2497375877144,1067.8505966964285,636.5024039127142,5.615808533285715,8282.106525701429,1732.3636969155716,71.97894820957143,3096.4676454428577,21.981162411000003,5866.736457927143,99.69788019471429
391.0245002642857,323.1458494935714,1194.9886908714286,0.2821318325714285,19.91815401342857,534.098207584,103.350959888,50.80092834157143,2054.658785742857,67.92715191971429,39.45695004957143,374.4839286627143,2978.830579142857,4029.087138571429,36.39081231271428,71.63755611528572,390.3256822152857,205.9708068325714,173.88909243014285,381.68566628042856,2128.3006775714284,170.4688582672857,190.292833799,900.162646157143,788.0000734707144,26.76835475242857,362.4027299085714,169.89196881428572,88.29462200557144,4981.846699142858,20.620291081571427,224.2176996928572,18.611257958142858
4472.433586671428,343.9531586022857,2956.6205455628574,57.34043465857143,53.86496508,749.3156861445715,452.67642579428576,211.3272472857143,810.8220427265715,344.71051210428567,14.524820027857144,4504.907367110142,2167.218499614285,3444.724098647144,101.54944910442858,35.08609705842857,314.1482879262857,355.5652219035714,403.3261252101429,141.24877372242855,6050.960784257142,576.8871963857143,185.9742485942857,946.2224283857142,256.15580642857145,149.4687586992857,503.9662684867144,846.3568477182858,290.7639501104286,4090.0960750857134,416.26620958685714,11166.423021932,63.49908161
5373.682838580001,715.1917393722857,6875.107821776571,165.4058819492857,60.24609004328572,1252.785326851,277.23815983142856,94.47472612214284,273.8106051457143,1012.5309595371428,247.446869552,2172.2263495942857,357.12999043185715,2327.2337271414285,1047.9860472742855,646.0987423509999,2024.4595272497145,1301.6546322695715,534.2862039044286,502.97202557857145,894.8915647714285,276.242681661,487.2809404,882.1723537232857,970.2010797908572,133.61067545914287,6969.639323379714,600.1190464685715,2509.7779887257143,660.8512827385714,1501.3097312962857,11064.0463722,20.45172015757143
4.353211146714285,226.28678954842852,1241.9268527008571,0.018450999,1.2673261302857142,45.31494826928572,4.4840165537142855,41.31252733471428,250.36707780271428,162.8369054905714,1.063035207,2440.05146257,1678.345665265,1376.878369728,0.8064406688571427,2.6440236745714287,0.347216299,3.9794139398571424,0.7859672952857143,48.10845050857143,546.9365062654285,37.20590894785715,0.0840526381428571,771.9231733694286,223.147921576,60.378298137142856,661.6364277250001,20.61321448142857,76.05835475028572,1402.5284551211428,15.184959532142855,1673.1768604245715,0.1014953247142857
471.04030516914287,516.5400777371428,1909.5128207247144,0.1089064601428571,7.744967935571429,123.13565305914288,211.7993848488572,60.60507587714286,34.06493525385714,52.482032608857146,7.183228191714286,532.6633373394286,490.32430976942857,2299.146719398572,1.2259518901428572,5.774205513,174.8701139911429,74.81360182028573,153.80837257671428,230.91356332957145,1894.96696944,131.47418985014286,125.6721067987143,1119.8029893742855,747.0316904315714,120.47563624442856,803.4283722584286,246.63630805042857,0.8351026731428571,1494.6170604675715,1.1360077835714286,93.54257948414286,17.891222911
519.474705776,34.86370974385714,1361.0128864442856,0.807577779,41.701665165142856,176.37341572142856,139.09606295714286,87.807895835,0.3625053741428571,17.274737765571427,31.203584968142856,656.5638935468571,1368.3139518698572,461.87178989,46.99810379142857,51.12430066857143,486.7634338082857,154.44296153428573,234.75778085714288,0.7021489059999999,3629.470884517143,182.2679109852857,217.089119787,35.14149224057143,10.175284492285714,19.17488784514285,1835.6723281875716,169.942558277,125.085612508,1214.8767290152855,4.849377026571429,171.71783021685715,20.899529821
1210.585309774286,262.14687921757144,3109.037333198572,26.810924875714285,49.456824218142856,37.17155505028571,405.3621430267143,39.69821407814286,0.8268742585714286,169.18840438714284,55.78086356485715,6440.568894258571,13.794605322714286,499.204098,338.9467480392857,195.11152293828573,1246.1594299392857,575.4133237641429,561.389558879,66.05404448185713,103.72089984814286,83.89538466442856,498.1589727198572,735.609805083,135.87414937085714,123.61578694314288,5729.326552585714,356.32196262400004,530.02711429,4.672497513142857,207.58598591971423,2957.5770990285714,13.283943771142855
1747.90869,194.0909539187143,1091.3449543807144,33.90449306985714,41.22694285157143,195.55543850542855,311.2281230914286,74.78977006042858,41.930703564285714,159.0399376607143,27.05494864657143,2182.1507222814284,112.35788382285716,1360.9597251714288,179.05217487385715,86.38139433871427,287.6804817268572,286.89910247014285,258.0330303891429,70.08742134285714,825.7743726,155.65176195385715,179.42277839000002,252.52240222842855,141.78588689985713,95.28833955657142,1572.7720240108572,389.1527294285714,434.3764445658571,177.75152400000002,235.8476804645714,5711.43774817,21.311937966142857
765.8036005481429,4.590789838571429,219.1026043647143,6.716134637428572,15.40069942857143,2.9113221034285712,88.99739227142857,0.3743300912857142,44.39310538571429,5.724385074285714,27.73496254671429,2.7185981074285714,58.53926252842857,11.006530551285712,112.43487344285715,68.96707928942858,294.79833727042853,232.4431705524285,149.5242722727143,7.341657482857143,15.92407055142857,6.896202547142857,153.01451378428573,46.755644471428575,46.95198838571429,0.0,496.58319327142857,69.40453974285715,244.48713476285715,55.34542323528571,51.256250557142856,867.718625979,1.7746461238571432
1288.298895557143,433.0708206374285,1465.710894799857,33.854926365714284,44.17105207071428,335.57913105114284,211.90156432585715,39.37523867,56.83917624285714,369.8162309654286,5.186246970857142,1409.3437539712857,0.2010253627142857,357.6388916364286,52.82335768942857,13.133113224571428,108.31738671714284,99.870489482,267.82238291814286,29.873051032857145,91.36711763371429,108.75620531471428,123.85669191057144,674.2327142944285,203.03237340414287,203.1717737921429,72.80663654714286,220.1384901657143,206.44088461742857,49.47269927928572,314.98520259985713,6537.437569371429,15.861881218142855
160.20588007571428,1.409035622571429,108.78042962714288,0.0,17.46446382957143,54.36195844285714,87.74406783771428,84.82853547314286,3.154340607142857,0.0152404578571428,1.1480383822857143,28.533430644714286,0.0,309.8970445714286,0.1058585962857142,1.113548836,1.0650077341428572,5.4093232545714285,29.35074970371429,0.0,129.92355166157142,222.599354267,5.298374940857143,11.849536938571427,0.0,0.0223646041428571,15.821939244714288,181.023864541,0.0,3.138862849857143,0.0,81.52536326214286,25.21800665428572
163.87124451,0.0,399.43123205666666,0.0,0.5800912956666667,16.442730586333333,2.383762362333333,48.803695752,0.0,0.0,1.5471293233333334,0.0903848583333333,3.035202887,132.00888418266666,0.0,1.13793535,1.67960552,3.497820428,3.751972246,0.0,76.41532846666667,98.945196406,0.249906188,0.0841525879999999,0.0,0.0,9.51081289,74.07279141,0.0,2.0887947503333333,0.0,1.3222731733333333,3.056446566333333
